[Licensing::Module] Trying to connect to existing licensing client channel...
Built from '6000.3/staging' branch; Version is '6000.3.23f1 (09d2ecc7fb28) revision 643820'; Using compiler version '194234433'; Build Type 'Release'
[Licensing::IpcConnector] Channel LicenseClient-Administrator doesn't exist
OS: 'Windows 11  (10.0.26200) Professional' Language: 'zh' Physical Memory: 32581 MB
BatchMode: 0, IsHumanControllingUs: 1, StartBugReporterOnCrash: 1, Is64bit: 1
System  architecture: x64
Process architecture: x64
Date: 2026-09-20T05:05:24Z
[Licensing::Module] Successfully launched the LicensingClient (PId: 41212)

COMMAND LINE ARGUMENTS:
D:\Unity\Hub\Editor\6000.3.23f1\Editor\Unity.exe
-projectPath
F:\Resonance\client
-logFile
F:\天命之子\DC_RECON_KIT\m1\REVIEW_350e3b6\artifacts\natural-play\20260920T050523-np_basic_focus\editor.log
Successfully changed project path to: F:\Resonance\client
F:/Resonance/client
[UnityMemory] Configuration Parameters - Can be set up in boot.config
    "memorysetup-temp-allocator-size-nav-mesh-worker=65536"
    "memorysetup-temp-allocator-size-audio-worker=65536"
    "memorysetup-temp-allocator-size-gfx=262144"
    "memorysetup-allocator-temp-initial-block-size-main=262144"
    "memorysetup-allocator-temp-initial-block-size-worker=262144"
    "memorysetup-temp-allocator-size-background-worker=32768"
    "memorysetup-temp-allocator-size-job-worker=262144"
    "memorysetup-temp-allocator-size-preload-manager=33554432"
    "memorysetup-remapper-allocator-initial-capacity=32768"
    "memorysetup-temp-allocator-size-gi-baking-worker=262144"
    "memorysetup-temp-allocator-size-gi-baking-worker=262144"
    "memorysetup-temp-allocator-size-gi-baking-worker=262144"
    "memorysetup-temp-allocator-size-gi-baking-worker=262144"
    "memorysetup-temp-allocator-size-gi-baking-worker=262144"
    "memorysetup-bucket-allocator-granularity=16"
    "memorysetup-bucket-allocator-bucket-count=8"
    "memorysetup-bucket-allocator-block-size=33554432"
    "memorysetup-bucket-allocator-block-count=8"
    "memorysetup-main-allocator-block-size=16777216"
    "memorysetup-thread-allocator-block-size=16777216"
    "memorysetup-gfx-main-allocator-block-size=16777216"
    "memorysetup-gfx-thread-allocator-block-size=16777216"
    "memorysetup-cache-allocator-block-size=4194304"
    "memorysetup-typetree-allocator-block-size=2097152"
    "memorysetup-profiler-bucket-allocator-granularity=16"
    "memorysetup-profiler-bucket-allocator-bucket-count=8"
    "memorysetup-profiler-bucket-allocator-block-size=33554432"
    "memorysetup-profiler-bucket-allocator-block-count=8"
    "memorysetup-profiler-allocator-block-size=16777216"
    "memorysetup-profiler-editor-allocator-block-size=1048576"
    "memorysetup-temp-allocator-size-main=16777216"
    "memorysetup-job-temp-allocator-block-size=2097152"
    "memorysetup-job-temp-allocator-block-size-background=1048576"
    "memorysetup-job-temp-allocator-reduction-small-platforms=262144"
    "memorysetup-temp-allocator-size-cloud-worker=32768"
Player connection [43600]  Target information:

Player connection [43600]  * "[IP] 192.168.1.54 [Port] 55504 [Flags] 2 [Guid] 1404567260 [EditorId] 1404567260 [Version] 1048832 [Id] WindowsEditor(7,DESKTOP-AKI3LSA) [Debug] 1 [PackageName] WindowsEditor [ProjectName] Editor" 

Player connection [43600]  * "[IP] 172.23.112.1 [Port] 55504 [Flags] 2 [Guid] 1404567260 [EditorId] 1404567260 [Version] 1048832 [Id] WindowsEditor(7,DESKTOP-AKI3LSA) [Debug] 1 [PackageName] WindowsEditor [ProjectName] Editor" 

Player connection [43600]  * "[IP] 198.18.0.1 [Port] 55504 [Flags] 2 [Guid] 1404567260 [EditorId] 1404567260 [Version] 1048832 [Id] WindowsEditor(7,DESKTOP-AKI3LSA) [Debug] 1 [PackageName] WindowsEditor [ProjectName] Editor" 

Player connection [43600] Host joined multi-casting on [225.0.0.222:54997]...
Player connection [43600] Host joined alternative multi-casting on [225.0.0.222:34997]...
Input System module state changed to: Initialized.
[Physics::Module] Initialized fallback backend.
[Physics::Module] Id: 0xdecafbad
[Licensing::IpcConnector] Successfully connected to: "LicenseClient-Administrator" at "2026-09-20T05:05:25.290613Z"
[Licensing::Client] Code 10 while verifying Licensing Client signature (process Id: 41212, path: "D:/Unity/Hub/Editor/6000.3.23f1/Editor/Data/Resources/Licensing/Client/Unity.Licensing.Client.exe")
[Licensing::Module] LicensingClient has failed validation; ignoring
[Package Manager] Connected to IPC stream "Upm-14848" after 0.5 seconds.
[Licensing::Module] Licensing is not yet initialized.
[Licensing::Client] Handshaking with LicensingClient:
  Version:                 1.18.3+d7ffd15
  Session Id:              c1d2ffda9c8d43daa79bd5bb73bf04fe
  Correlation Id:          ac245b18fb9ee65ba3092107f4a65c58
  External correlation Id: 7754242267137470424
  Machine Id:              2I/XDZsLcGAfRljEGy76IATF7BI=
[Licensing::Module] Successfully connected to LicensingClient on channel: "LicenseClient-Administrator" (connect: 0.85s, validation: 0.50s, handshake: 0.09s)
[Licensing::IpcConnector] Successfully connected to: "LicenseClient-Administrator-notifications" at "2026-09-20T05:05:25.8769319Z"
[Licensing::Module] Connected to LicensingClient (PId: 41212, launch time: 0.14, total connection time: 1.44s)
[Licensing::Module] Error: Access token is unavailable; failed to update
[Licensing::Client] Successfully resolved entitlement details
[Licensing::Module] License group:
  Id: F4-99BH-9QMP-CCW5-HN7U-XXXX
  Product: Unity Personal
  Type: ULF
  Expiration: 2026-09-28T04:51:23Z
[Licensing::Module] License group:
  Id: ewogICJzdWJzR3JvdXAiIDogInVuaXR5IGVkaXRvciIsCiAgIm5hbWVzcGFjZSIgOiAidW5pdHlfZWRpdG9yIiwKICAidHlwZSIgOiAiRURJVE9SIiwKICAidGFnIiA6ICJVbml0eVBlcnNvbmFsXXXX
  Product: Unity Personal Version
  Type: Assigned
  Expiration: Unlimited
[Licensing::Client] Successfully updated license, isAsync: True, time: 0.01
[Licensing::Client] Successfully resolved entitlement details
[Licensing::Module] License group:
  Id: F4-99BH-9QMP-CCW5-HN7U-XXXX
  Product: Unity Personal
  Type: ULF
  Expiration: 2026-09-28T04:51:23Z
[Licensing::Module] License group:
  Id: ewogICJzdWJzR3JvdXAiIDogInVuaXR5IGVkaXRvciIsCiAgIm5hbWVzcGFjZSIgOiAidW5pdHlfZWRpdG9yIiwKICAidHlwZSIgOiAiRURJVE9SIiwKICAidGFnIiA6ICJVbml0eVBlcnNvbmFsXXXX
  Product: Unity Personal Version
  Type: Assigned
  Expiration: Unlimited
[Licensing::Module] Licensing Background thread has ended after 1.63s
[Licensing::Module] Licensing is initialized (took 0.34s).
[Licensing::Client] Successfully resolved entitlement details
[Licensing::Module] License group:
  Id: F4-99BH-9QMP-CCW5-HN7U-XXXX
  Product: Unity Personal
  Type: ULF
  Expiration: 2026-09-28T04:51:23Z
[Licensing::Module] License group:
  Id: ewogICJzdWJzR3JvdXAiIDogInVuaXR5IGVkaXRvciIsCiAgIm5hbWVzcGFjZSIgOiAidW5pdHlfZWRpdG9yIiwKICAidHlwZSIgOiAiRURJVE9SIiwKICAidGFnIiA6ICJVbml0eVBlcnNvbmFsXXXX
  Product: Unity Personal Version
  Type: Assigned
  Expiration: Unlimited
Library Redirect Path: Library/
[Physics::Module] Selected backend.
[Physics::Module] Name: PhysX
[Physics::Module] Id: 0xf2b8ea05
[Physics::Module] SDK Version: 4.1.2
[Physics::Module] Integration Version: 1.0.0
[Physics::Module] Threading Mode: Multi-Threaded
Refreshing native plugins compatible for Editor in 8.24 ms, found 3 plugins.
Preloading 0 native plugins for Editor in 0.00 ms.
Initialize engine version: 6000.3.23f1 (09d2ecc7fb28)
[Subsystems] Discovering subsystems at path D:/Unity/Hub/Editor/6000.3.23f1/Editor/Data/Resources/UnitySubsystems
[Subsystems] Discovering subsystems at path F:/Resonance/client/Assets
[D3D12 Device Filter] Vendor Name: NVIDIA
[D3D12 Device Filter] Device Name: NVIDIA GeForce RTX 4060 Ti
[D3D12 Device Filter] Driver Version: 32.0.16.1047
[D3D12 Device Filter] Feature Level: 12.2
[D3D12 Device Filter] Graphics Memory: 7949 MB
[D3D12 Device Filter] Processor Count: 16
[D3D12 Device Filter] Device Type: Discrete
GfxDevice: creating device client; kGfxThreadingModeSplitJobs
d3d12: failed to query info queue interface (0x80004002).
Direct3D:
    Version:         Direct3D 12 [level 12.2]
    Renderer:        NVIDIA GeForce RTX 4060 Ti (ID=0x2803)
    Vendor:          NVIDIA
    VRAM:            7949 MB
    App VRAM Budget: 7181 MB
    Driver:          32.0.16.1047
Initialize mono
Mono path[0] = 'D:/Unity/Hub/Editor/6000.3.23f1/Editor/Data/Managed'
Mono path[1] = 'D:/Unity/Hub/Editor/6000.3.23f1/Editor/Data/MonoBleedingEdge/lib/mono/unityjit-win32'
Mono config path = 'D:/Unity/Hub/Editor/6000.3.23f1/Editor/Data/MonoBleedingEdge/etc'
Using monoOptions --debugger-agent=transport=dt_socket,embedding=1,server=y,suspend=n,address=127.0.0.1:56848
Using cacheserver namespaces - metadata:defaultmetadata, artifacts:defaultartifacts
Using cacheserver namespaces - metadata:defaultmetadata, artifacts:defaultartifacts
ImportWorker Server TCP listen port: 0
AcceleratorClientConnectionCallback - disconnected - :0
Begin MonoManager ReloadAssembly
Registering precompiled unity dll's ...
Register platform support module: D:/Unity/Hub/Editor/6000.3.23f1/Editor/Data/PlaybackEngines/WindowsStandaloneSupport/UnityEditor.WindowsStandalone.Extensions.dll
[Licensing::Client] Successfully resolved entitlement details
[Licensing::Module] License group:
  Id: F4-99BH-9QMP-CCW5-HN7U-XXXX
  Product: Unity Personal
  Type: ULF
  Expiration: 2026-09-28T04:51:23Z
[Licensing::Module] License group:
  Id: ewogICJzdWJzR3JvdXAiIDogInVuaXR5IGVkaXRvciIsCiAgIm5hbWVzcGFjZSIgOiAidW5pdHlfZWRpdG9yIiwKICAidHlwZSIgOiAiRURJVE9SIiwKICAidGFnIiA6ICJVbml0eVBlcnNvbmFsXXXX
  Product: Unity Personal Version
  Type: Assigned
  Expiration: Unlimited
Register platform support module: D:/Unity/Hub/Editor/6000.3.23f1/Editor/Data/PlaybackEngines/AndroidPlayer/UnityEditor.Android.Extensions.dll
Registered in 0.009786 seconds.
- Loaded All Assemblies, in  0.535 seconds
Native extension for Android target not found
Native extension for WindowsStandalone target not found
Package Manager log level set to [2]
ScheduleIndexationOnStartup MainProcess:False IndexOnStartup:True
Mono: successfully reloaded assembly
- Finished resetting the current domain, in  0.463 seconds
Domain Reload Profiling: 995ms
	BeginReloadAssembly (214ms)
		ExecutionOrderSort (0ms)
		DisableScriptedObjects (0ms)
		BackupInstance (0ms)
		ReleaseScriptingObjects (0ms)
		CreateAndSetChildDomain (10ms)
	RebuildCommonClasses (44ms)
	RebuildNativeTypeToScriptingClass (11ms)
	initialDomainReloadingComplete (66ms)
	LoadAllAssembliesAndSetupDomain (197ms)
		LoadAssemblies (201ms)
		RebuildTransferFunctionScriptingTraits (0ms)
		AnalyzeDomain (192ms)
			TypeCache.Refresh (189ms)
				TypeCache.ScanAssembly (172ms)
			BuildScriptInfoCaches (1ms)
			ResolveRequiredComponents (1ms)
	FinalizeReload (464ms)
		ReleaseScriptCaches (0ms)
		RebuildScriptCaches (0ms)
		SetupLoadedEditorAssemblies (425ms)
			LogAssemblyErrors (0ms)
			InitializePlatformSupportModulesInManaged (128ms)
			SetLoadedEditorAssemblies (3ms)
			BeforeProcessingInitializeOnLoad (74ms)
			ProcessInitializeOnLoadAttributes (130ms)
			ProcessInitializeOnLoadMethodAttributes (89ms)
			AfterProcessingInitializeOnLoad (0ms)
			EditorAssembliesLoaded (1ms)
		ExecutionOrderSort2 (0ms)
		AwakeInstancesAfterBackupRestoration (0ms)
[Licensing::Client] Successfully resolved entitlement details
[Licensing::Module] License group:
  Id: F4-99BH-9QMP-CCW5-HN7U-XXXX
  Product: Unity Personal
  Type: ULF
  Expiration: 2026-09-28T04:51:23Z
[Licensing::Module] License group:
  Id: ewogICJzdWJzR3JvdXAiIDogInVuaXR5IGVkaXRvciIsCiAgIm5hbWVzcGFjZSIgOiAidW5pdHlfZWRpdG9yIiwKICAidHlwZSIgOiAiRURJVE9SIiwKICAidGFnIiA6ICJVbml0eVBlcnNvbmFsXXXX
  Product: Unity Personal Version
  Type: Assigned
  Expiration: Unlimited
Application.AssetDatabase Initial Refresh Start
[Package Manager] Done resolving packages in 2.69 seconds
[Licensing::Client] Successfully resolved entitlement details
[Package Manager] Registered 51 packages:
  Packages from [https://packages.unity.com]:
    com.unity.ide.visualstudio@2.0.22 (location: F:\Resonance\client\Library\PackageCache\com.unity.ide.visualstudio@8140e851d83e)
    com.unity.inputsystem@1.14.2 (location: F:\Resonance\client\Library\PackageCache\com.unity.inputsystem@be6c4fd0abf5)
    com.unity.2d.animation@11.0.0 (location: F:\Resonance\client\Library\PackageCache\com.unity.2d.animation@a1db3619cb6f)
    com.unity.2d.common@12.0.4 (location: F:\Resonance\client\Library\PackageCache\com.unity.2d.common@3e42aeccb30d)
    com.unity.collections@2.6.8 (location: F:\Resonance\client\Library\PackageCache\com.unity.collections@84e8eb3fc12e)
    com.unity.burst@1.8.30 (location: F:\Resonance\client\Library\PackageCache\com.unity.burst@2f3d916873ea)
    com.unity.mathematics@1.3.3 (location: F:\Resonance\client\Library\PackageCache\com.unity.mathematics@19a9377c4ffa)
    com.unity.nuget.mono-cecil@1.11.6 (location: F:\Resonance\client\Library\PackageCache\com.unity.nuget.mono-cecil@ecb9724e46ff)
    com.unity.test-framework.performance@3.5.0 (location: F:\Resonance\client\Library\PackageCache\com.unity.test-framework.performance@8b56083ec0f0)
    com.unity.searcher@4.9.5 (location: F:\Resonance\client\Library\PackageCache\com.unity.searcher@a463122f2c00)
  Built-in packages:
    com.unity.render-pipelines.universal@17.3.0 (location: F:\Resonance\client\Library\PackageCache\com.unity.render-pipelines.universal@7865b6b91f8a)
    com.unity.test-framework@1.6.0 (location: F:\Resonance\client\Library\PackageCache\com.unity.test-framework@bd7f943e9647)
    com.unity.ugui@2.0.0 (location: F:\Resonance\client\Library\PackageCache\com.unity.ugui@27635d171b1a)
    com.unity.2d.sprite@1.0.0 (location: F:\Resonance\client\Library\PackageCache\com.unity.2d.sprite@5b922524bd83)
    com.unity.modules.ai@1.0.0 (location: F:\Resonance\client\Library\PackageCache\com.unity.modules.ai)
    com.unity.modules.androidjni@1.0.0 (location: F:\Resonance\client\Library\PackageCache\com.unity.modules.androidjni)
    com.unity.modules.animation@1.0.0 (location: F:\Resonance\client\Library\PackageCache\com.unity.modules.animation)
    com.unity.modules.assetbundle@1.0.0 (location: F:\Resonance\client\Library\PackageCache\com.unity.modules.assetbundle)
    com.unity.modules.audio@1.0.0 (location: F:\Resonance\client\Library\PackageCache\com.unity.modules.audio)
    com.unity.modules.cloth@1.0.0 (location: F:\Resonance\client\Library\PackageCache\com.unity.modules.cloth)
    com.unity.modules.director@1.0.0 (location: F:\Resonance\client\Library\PackageCache\com.unity.modules.director)
    com.unity.modules.imageconversion@1.0.0 (location: F:\Resonance\client\Library\PackageCache\com.unity.modules.imageconversion)
    com.unity.modules.imgui@1.0.0 (location: F:\Resonance\client\Library\PackageCache\com.unity.modules.imgui)
    com.unity.modules.jsonserialize@1.0.0 (location: F:\Resonance\client\Library\PackageCache\com.unity.modules.jsonserialize)
    com.unity.modules.particlesystem@1.0.0 (location: F:\Resonance\client\Library\PackageCache\com.unity.modules.particlesystem)
    com.unity.modules.physics@1.0.0 (location: F:\Resonance\client\Library\PackageCache\com.unity.modules.physics)
    com.unity.modules.physics2d@1.0.0 (location: F:\Resonance\client\Library\PackageCache\com.unity.modules.physics2d)
    com.unity.modules.screencapture@1.0.0 (location: F:\Resonance\client\Library\PackageCache\com.unity.modules.screencapture)
    com.unity.modules.terrain@1.0.0 (location: F:\Resonance\client\Library\PackageCache\com.unity.modules.terrain)
    com.unity.modules.terrainphysics@1.0.0 (location: F:\Resonance\client\Library\PackageCache\com.unity.modules.terrainphysics)
    com.unity.modules.tilemap@1.0.0 (location: F:\Resonance\client\Library\PackageCache\com.unity.modules.tilemap)
    com.unity.modules.ui@1.0.0 (location: F:\Resonance\client\Library\PackageCache\com.unity.modules.ui)
    com.unity.modules.uielements@1.0.0 (location: F:\Resonance\client\Library\PackageCache\com.unity.modules.uielements)
    com.unity.modules.umbra@1.0.0 (location: F:\Resonance\client\Library\PackageCache\com.unity.modules.umbra)
    com.unity.modules.unityanalytics@1.0.0 (location: F:\Resonance\client\Library\PackageCache\com.unity.modules.unityanalytics)
    com.unity.modules.unitywebrequest@1.0.0 (location: F:\Resonance\client\Library\PackageCache\com.unity.modules.unitywebrequest)
    com.unity.modules.unitywebrequestassetbundle@1.0.0 (location: F:\Resonance\client\Library\PackageCache\com.unity.modules.unitywebrequestassetbundle)
    com.unity.modules.unitywebrequestaudio@1.0.0 (location: F:\Resonance\client\Library\PackageCache\com.unity.modules.unitywebrequestaudio)
    com.unity.modules.unitywebrequesttexture@1.0.0 (location: F:\Resonance\client\Library\PackageCache\com.unity.modules.unitywebrequesttexture)
    com.unity.modules.unitywebrequestwww@1.0.0 (location: F:\Resonance\client\Library\PackageCache\com.unity.modules.unitywebrequestwww)
    com.unity.modules.vehicles@1.0.0 (location: F:\Resonance\client\Library\PackageCache\com.unity.modules.vehicles)
    com.unity.modules.video@1.0.0 (location: F:\Resonance\client\Library\PackageCache\com.unity.modules.video)
    com.unity.modules.vr@1.0.0 (location: F:\Resonance\client\Library\PackageCache\com.unity.modules.vr)
    com.unity.modules.wind@1.0.0 (location: F:\Resonance\client\Library\PackageCache\com.unity.modules.wind)
    com.unity.modules.xr@1.0.0 (location: F:\Resonance\client\Library\PackageCache\com.unity.modules.xr)
    com.unity.modules.subsystems@1.0.0 (location: F:\Resonance\client\Library\PackageCache\com.unity.modules.subsystems)
    com.unity.modules.hierarchycore@1.0.0 (location: F:\Resonance\client\Library\PackageCache\com.unity.modules.hierarchycore)
    com.unity.ext.nunit@2.0.5 (location: F:\Resonance\client\Library\PackageCache\com.unity.ext.nunit@d8c07649098d)
    com.unity.render-pipelines.core@17.3.0 (location: F:\Resonance\client\Library\PackageCache\com.unity.render-pipelines.core@0bb36005e9ba)
    com.unity.shadergraph@17.3.0 (location: F:\Resonance\client\Library\PackageCache\com.unity.shadergraph@b4b75cc00891)
    com.unity.render-pipelines.universal-config@17.0.3 (location: F:\Resonance\client\Library\PackageCache\com.unity.render-pipelines.universal-config@8dc1aab4af1d)
[Subsystems] No new subsystems found in resolved package list.
[Package Manager] Done registering packages in 0.00 seconds
[ScriptCompilation] Requested script compilation because: Assetdatabase observed changes in script compilation related files
Starting: D:\Unity\Hub\Editor\6000.3.23f1\Editor\Data\Tools\BuildPipeline\bee_backend.exe --ipc --defer-dag-verification --dagfile="Library/Bee/1900b0aE.dag" --continue-on-failure --profile="Library/Bee/backend1.traceevents" ScriptAssemblies
WorkingDir: F:/Resonance/client
ExitCode: 4 Duration: 0s233ms
Rebuilding DAG because FileSignature timestamp changed: Library/Bee/1900b0aE-inputdata.json
*** Tundra requires additional run (0.11 seconds), 0 items updated, 86 evaluated
Starting: D:\Unity\Hub\Editor\6000.3.23f1\Editor\Data\netcorerun\netcorerun.exe "D:\Unity\Hub\Editor\6000.3.23f1\Editor\Data\Tools\BuildPipeline\ScriptCompilationBuildProgram.exe" "Library/Bee/1900b0aE.dag.json" "Library/Bee/1900b0aE-inputdata.json" "Library\Bee\buildprogram0.traceevents"
WorkingDir: F:/Resonance/client
ExitCode: 0 Duration: 0s823ms
Starting: D:\Unity\Hub\Editor\6000.3.23f1\Editor\Data\Tools\BuildPipeline\bee_backend.exe --ipc --defer-dag-verification --dagfile="Library/Bee/1900b0aE.dag" --continue-on-failure --dagfilejson="Library\Bee\1900b0aE.dag.json" --profile="Library/Bee/backend2.traceevents" ScriptAssemblies
WorkingDir: F:/Resonance/client
ExitCode: 0 Duration: 10s
Finished compiling graph: 811 nodes, 14419 flattened edges (11833 ToBuild, 124 ToUse), maximum node priority 910
[ 33/808    0s] WriteText Library/Bee/artifacts/1900b0aE.dag/UnityEngine.TestRunner.rsp2
[ 51/808    0s] WriteText Library/Bee/artifacts/1900b0aE.dag/UnityEngine.TestRunner.UnityAdditionalFile.txt
[155/808    0s] WriteText Library/Bee/artifacts/1900b0aE.dag/UnityEngine.UI.rsp2
[156/808    0s] WriteText Library/Bee/artifacts/1900b0aE.dag/UnityEngine.UI.UnityAdditionalFile.txt
[166/808    0s] WriteText Library/Bee/artifacts/1900b0aE.dag/UnityEditor.UI.rsp2
[167/808    0s] WriteText Library/Bee/artifacts/1900b0aE.dag/UnityEditor.TestRunner.UnityAdditionalFile.txt
[168/808    0s] WriteText Library/Bee/artifacts/1900b0aE.dag/UnityEditor.TestRunner.rsp2
[170/808    0s] WriteText Library/Bee/artifacts/1900b0aE.dag/Unity.Burst.UnityAdditionalFile.txt
[171/808    0s] WriteText Library/Bee/artifacts/1900b0aE.dag/UnityEditor.UI.UnityAdditionalFile.txt
[172/808    0s] WriteText Library/Bee/artifacts/1900b0aE.dag/Unity.RenderPipelines.Core.Runtime.UnityAdditionalFile.txt
[173/808    0s] WriteText Library/Bee/artifacts/1900b0aE.dag/Unity.Collections.rsp2
[175/808    0s] WriteText Library/Bee/artifacts/1900b0aE.dag/Unity.InputSystem.rsp2
[176/808    0s] WriteText Library/Bee/artifacts/1900b0aE.dag/Unity.RenderPipelines.Core.Runtime.rsp2
[177/808    0s] WriteText Library/Bee/artifacts/1900b0aE.dag/Unity.Mathematics.UnityAdditionalFile.txt
[178/808    0s] WriteText Library/Bee/artifacts/1900b0aE.dag/Unity.Burst.rsp2
[179/808    0s] WriteText Library/Bee/artifacts/1900b0aE.dag/Unity.Mathematics.rsp2
[180/808    0s] WriteText Library/Bee/artifacts/1900b0aE.dag/Unity.Collections.UnityAdditionalFile.txt
[181/808    0s] WriteText Library/Bee/artifacts/1900b0aE.dag/Unity.InputSystem.UnityAdditionalFile.txt
[182/808    0s] WriteText Library/Bee/artifacts/1900b0aE.dag/Unity.Collections.CodeGen.rsp2
[188/808    0s] WriteText Library/Bee/artifacts/1900b0aE.dag/Unity.RenderPipeline.Universal.ShaderLibrary.rsp2
[189/808    0s] WriteText Library/Bee/artifacts/1900b0aE.dag/Unity.Burst.CodeGen.UnityAdditionalFile.txt
[192/808    0s] WriteText Library/Bee/artifacts/1900b0aE.dag/Unity.Burst.CodeGen.rsp2
[194/808    0s] WriteText Library/Bee/artifacts/1900b0aE.dag/Unity.RenderPipelines.GPUDriven.Runtime.UnityAdditionalFile.txt
[195/808    0s] WriteText Library/Bee/artifacts/1900b0aE.dag/Unity.RenderPipelines.GPUDriven.Runtime.rsp2
[196/808    0s] WriteText Library/Bee/artifacts/1900b0aE.dag/Unity.RenderPipelines.Core.Runtime.Shared.rsp2
[199/808    0s] WriteText Library/Bee/artifacts/1900b0aE.dag/Unity.UnifiedRayTracing.Runtime.rsp2
[207/808    0s] WriteText Library/Bee/artifacts/1900b0aE.dag/Unity.RenderPipelines.Universal.Config.Runtime.rsp2
[208/808    0s] WriteText Library/Bee/artifacts/1900b0aE.dag/Unity.UnifiedRayTracing.Runtime.UnityAdditionalFile.txt
[209/808    0s] WriteText Library/Bee/artifacts/1900b0aE.dag/Unity.Collections.CodeGen.UnityAdditionalFile.txt
[210/808    0s] WriteText Library/Bee/artifacts/1900b0aE.dag/Unity.RenderPipelines.Core.Runtime.Shared.UnityAdditionalFile.txt
[211/808    0s] WriteText Library/Bee/artifacts/1900b0aE.dag/Unity.RenderPipeline.Universal.ShaderLibrary.UnityAdditionalFile.txt
[212/808    0s] WriteText Library/Bee/artifacts/1900b0aE.dag/Unity.RenderPipelines.Universal.Config.Runtime.UnityAdditionalFile.txt
[224/808    0s] WriteText Library/Bee/artifacts/1900b0aE.dag/Unity.RenderPipelines.Universal.Runtime.rsp2
[226/808    0s] WriteText Library/Bee/artifacts/1900b0aE.dag/Unity.2D.Common.Runtime.rsp2
[228/808    0s] WriteText Library/Bee/artifacts/1900b0aE.dag/Unity.InternalAPIEngineBridge.001.UnityAdditionalFile.txt
[229/808    0s] WriteText Library/Bee/artifacts/1900b0aE.dag/Unity.RenderPipelines.Universal.Runtime.UnityAdditionalFile.txt
[231/808    0s] WriteText Library/Bee/artifacts/1900b0aE.dag/Unity.2D.Common.Runtime.UnityAdditionalFile.txt
[233/808    0s] WriteText Library/Bee/artifacts/1900b0aE.dag/Unity.2D.Animation.Runtime.UnityAdditionalFile.txt
[235/808    0s] WriteText Library/Bee/artifacts/1900b0aE.dag/Unity.RenderPipelines.Core.Editor.UnityAdditionalFile.txt
[237/808    0s] WriteText Library/Bee/artifacts/1900b0aE.dag/Unity.2D.Sprite.Editor.rsp2
[238/808    0s] WriteText Library/Bee/artifacts/1900b0aE.dag/Unity.Searcher.Editor.UnityAdditionalFile.txt
[239/808    0s] WriteText Library/Bee/artifacts/1900b0aE.dag/Unity.InternalAPIEngineBridge.001.rsp2
[240/808    0s] WriteText Library/Bee/artifacts/1900b0aE.dag/Unity.2D.Animation.Runtime.rsp2
[241/808    0s] WriteText Library/Bee/artifacts/1900b0aE.dag/Unity.RenderPipelines.Core.Editor.rsp2
[242/808    0s] WriteText Library/Bee/artifacts/1900b0aE.dag/Unity.2D.Sprite.Editor.UnityAdditionalFile.txt
[243/808    0s] WriteText Library/Bee/artifacts/1900b0aE.dag/Unity.Searcher.Editor.rsp2
[245/808    0s] WriteText Library/Bee/artifacts/1900b0aE.dag/Unity.ShaderGraph.Utilities.UnityAdditionalFile.txt
[246/808    0s] WriteResponseFile Library/Bee/artifacts/rsp/4747638433968585886.rsp
[247/808    0s] WriteText Library/Bee/artifacts/1900b0aE.dag/Unity.InternalAPIEngineBridge.004.UnityAdditionalFile.txt
[248/808    0s] WriteText Library/Bee/artifacts/1900b0aE.dag/Unity.ShaderGraph.Utilities.rsp2
[249/808    0s] WriteText Library/Bee/artifacts/1900b0aE.dag/Unity.2D.Common.Editor.rsp2
[250/808    0s] WriteText Library/Bee/artifacts/1900b0aE.dag/Unity.2D.Common.Editor.UnityAdditionalFile.txt
[251/808    0s] WriteText Library/Bee/artifacts/1900b0aE.dag/Unity.InternalAPIEditorBridge.001.UnityAdditionalFile.txt
[252/808    0s] WriteText Library/Bee/artifacts/1900b0aE.dag/Unity.InternalAPIEditorBridge.001.rsp2
[254/808    0s] WriteText Library/Bee/artifacts/1900b0aE.dag/Unity.Burst.Editor.rsp2
[255/808    0s] WriteText Library/Bee/artifacts/1900b0aE.dag/Unity.ShaderGraph.Editor.rsp2
[256/808    0s] WriteText Library/Bee/artifacts/1900b0aE.dag/Unity.InternalAPIEngineBridge.004.rsp2
[261/808    0s] WriteText Library/Bee/artifacts/1900b0aE.dag/Unity.Burst.Editor.UnityAdditionalFile.txt
[264/808    0s] WriteText Library/Bee/artifacts/1900b0aE.dag/Unity.ShaderGraph.Editor.UnityAdditionalFile.txt
[266/808    0s] WriteText Library/Bee/artifacts/1900b0aE.dag/Unity.RenderPipelines.Universal.2D.Runtime.rsp2
[279/808    0s] WriteText Library/Bee/artifacts/1900b0aE.dag/Unity.2D.Common.Path.Editor.rsp2
[280/808    0s] WriteText Library/Bee/artifacts/1900b0aE.dag/Inochi2D.Runtime.UnityAdditionalFile.txt
[281/808    0s] WriteText Library/Bee/artifacts/1900b0aE.dag/Unity.Mathematics.Editor.UnityAdditionalFile.txt
[282/808    0s] WriteText Library/Bee/artifacts/1900b0aE.dag/Unity.RenderPipelines.Core.Editor.Shared.rsp2
[283/808    0s] WriteText Library/Bee/artifacts/1900b0aE.dag/Unity.RenderPipelines.Core.Editor.Shared.UnityAdditionalFile.txt
[285/808    0s] WriteText Library/Bee/artifacts/1900b0aE.dag/Unity.Mathematics.Editor.rsp2
[286/808    0s] WriteText Library/Bee/artifacts/1900b0aE.dag/Unity.TextMeshPro.UnityAdditionalFile.txt
[288/808    0s] WriteText Library/Bee/artifacts/1900b0aE.dag/Unity.RenderPipelines.Universal.2D.Runtime.UnityAdditionalFile.txt
[291/808    0s] WriteText Library/Bee/artifacts/1900b0aE.dag/Unity.2D.IK.Runtime.UnityAdditionalFile.txt
[292/808    0s] WriteText Library/Bee/artifacts/1900b0aE.dag/Unity.2D.Animation.Editor.UnityAdditionalFile.txt
[301/808    0s] WriteText Library/Bee/artifacts/1900b0aE.dag/Unity.2D.Common.Path.Editor.UnityAdditionalFile.txt
[303/808    0s] WriteText Library/Bee/artifacts/1900b0aE.dag/Unity.TextMeshPro.rsp2
[304/808    0s] WriteText Library/Bee/artifacts/1900b0aE.dag/Unity.2D.IK.Runtime.rsp2
[305/808    0s] WriteText Library/Bee/artifacts/1900b0aE.dag/Unity.2D.Animation.Editor.rsp2
[310/808    0s] WriteText Library/Bee/artifacts/1900b0aE.dag/Unity.RenderPipelines.Universal.Editor.rsp2
[311/808    0s] WriteText Library/Bee/artifacts/1900b0aE.dag/Unity.Rendering.LightTransport.Editor.rsp2
[312/808    0s] WriteText Library/Bee/artifacts/1900b0aE.dag/EmeraldInochi.UnityAdditionalFile.txt
[313/808    0s] WriteText Library/Bee/artifacts/1900b0aE.dag/Unity.RenderPipelines.Universal.Editor.UnityAdditionalFile.txt
[314/808    0s] WriteText Library/Bee/artifacts/1900b0aE.dag/Resonance.Battle.UnityAdditionalFile.txt
[315/808    0s] WriteText Library/Bee/artifacts/1900b0aE.dag/Unity.RenderPipelines.Universal.Shaders.rsp2
[316/808    0s] WriteText Library/Bee/artifacts/1900b0aE.dag/Unity.VisualStudio.Editor.rsp2
[317/808    0s] WriteText Library/Bee/artifacts/1900b0aE.dag/Unity.VisualStudio.Editor.UnityAdditionalFile.txt
[318/808    0s] WriteText Library/Bee/artifacts/1900b0aE.dag/Resonance.App.UnityAdditionalFile.txt
[319/808    0s] WriteText Library/Bee/artifacts/1900b0aE.dag/UnityEditor.UI.Analytics.UnityAdditionalFile.txt
[320/808    0s] WriteText Library/Bee/artifacts/1900b0aE.dag/Unity.TextMeshPro.Editor.UnityAdditionalFile.txt
[321/808    0s] WriteText Library/Bee/artifacts/1900b0aE.dag/Unity.Rendering.LightTransport.Editor.UnityAdditionalFile.txt
[322/808    0s] WriteText Library/Bee/artifacts/1900b0aE.dag/Unity.RenderPipelines.Universal.Shaders.UnityAdditionalFile.txt
[323/808    0s] WriteText Library/Bee/artifacts/1900b0aE.dag/Unity.TextMeshPro.Editor.rsp2
[324/808    0s] WriteText Library/Bee/artifacts/1900b0aE.dag/UnityEditor.UI.Analytics.rsp2
[325/808    0s] WriteText Library/Bee/artifacts/1900b0aE.dag/Unity.Collections.Editor.UnityAdditionalFile.txt
[326/808    0s] WriteText Library/Bee/artifacts/1900b0aE.dag/Unity.2D.IK.Editor.UnityAdditionalFile.txt
[331/808    0s] WriteText Library/Bee/artifacts/1900b0aE.dag/Unity.InputSystem.ForUI.UnityAdditionalFile.txt
[333/808    0s] WriteText Library/Bee/artifacts/1900b0aE.dag/Unity.RenderPipelines.Core.ShaderLibrary.rsp2
[335/808    0s] WriteText Library/Bee/artifacts/1900b0aE.dag/Unity.2D.IK.Editor.rsp2
[336/808    0s] WriteText Library/Bee/artifacts/1900b0aE.dag/Unity.RenderPipelines.Core.ShaderLibrary.UnityAdditionalFile.txt
[339/808    0s] WriteText Library/Bee/artifacts/1900b0aE.dag/Unity.RenderPipelines.ShaderGraph.ShaderGraphLibrary.UnityAdditionalFile.txt
[347/808    0s] WriteText Library/Bee/artifacts/1900b0aE.dag/Unity.InputSystem.ForUI.rsp2
[355/808    0s] WriteText Library/Bee/artifacts/1900b0aE.dag/Unity.Collections.Editor.rsp2
[361/808    0s] WriteText Library/Bee/artifacts/1900b0aE.dag/Unity.RenderPipelines.Universal.2D.Editor.Overrides.rsp2
[363/808    0s] WriteText Library/Bee/artifacts/1900b0aE.dag/Unity.RenderPipelines.Universal.2D.Editor.Overrides.UnityAdditionalFile.txt
[370/808    0s] WriteText Library/Bee/artifacts/1900b0aE.dag/Unity.RenderPipelines.ShaderGraph.ShaderGraphLibrary.rsp2
[381/808    0s] WriteText Library/Bee/artifacts/1900b0aE.dag/PPv2URPConverters.rsp2
[382/808    0s] WriteText Library/Bee/artifacts/1900b0aE.dag/Inochi2D.Editor.UnityAdditionalFile.txt
[383/808    0s] WriteText Library/Bee/artifacts/1900b0aE.dag/PPv2URPConverters.UnityAdditionalFile.txt
[384/808    0s] WriteText Library/Bee/artifacts/1900b0aE.dag/Resonance.Editor.UnityAdditionalFile.txt
[385/808    0s] WriteText Library/Bee/artifacts/1900b0aE.dag/Unity.PerformanceTesting.UnityAdditionalFile.txt
[390/808    0s] WriteText Library/Bee/artifacts/1900b0aE.dag/Unity.InputSystem.TestFramework.UnityAdditionalFile.txt
[391/808    0s] WriteText Library/Bee/artifacts/1900b0aE.dag/Unity.PerformanceTesting.rsp2
[392/808    0s] WriteText Library/Bee/artifacts/1900b0aE.dag/Unity.InputSystem.TestFramework.rsp2
[393/808    0s] WriteText Library/Bee/artifacts/1900b0aE.dag/Unity.PerformanceTesting.Editor.rsp2
[394/808    0s] WriteText Library/Bee/artifacts/1900b0aE.dag/Assembly-CSharp-Editor.UnityAdditionalFile.txt
[395/808    0s] WriteText Library/Bee/artifacts/1900b0aE.dag/Assembly-CSharp.UnityAdditionalFile.txt
[396/808    0s] WriteText Library/Bee/artifacts/1900b0aE.dag/ScriptablePacker.UnityAdditionalFile.txt
[397/808    0s] WriteText Library/Bee/artifacts/1900b0aE.dag/Unity.PerformanceTesting.Editor.UnityAdditionalFile.txt
[398/808    0s] WriteText Library/Bee/artifacts/1900b0aE.dag/ScriptablePacker.rsp2
[399/808    0s] WriteText Library/Bee/artifacts/1900b0aE.dag/Unity.InputSystem.DocCodeSamples.rsp2
[400/808    0s] WriteText Library/Bee/artifacts/1900b0aE.dag/Unity.InputSystem.DocCodeSamples.UnityAdditionalFile.txt
[401/808    0s] WriteResponseFile Library/Bee/artifacts/rsp/10010842633742469623.rsp
[402/808    0s] WriteResponseFile Library/Bee/artifacts/rsp/3017500980452056072.rsp
[403/808    0s] WriteResponseFile Library/Bee/artifacts/rsp/4069271949019831330.rsp
[404/808    0s] WriteResponseFile Library/Bee/artifacts/rsp/10981558929649667050.rsp
[405/808    0s] WriteResponseFile Library/Bee/artifacts/rsp/13686715218353603589.rsp
[406/808    0s] WriteResponseFile Library/Bee/artifacts/rsp/11932646040550446581.rsp
[407/808    0s] WriteResponseFile Library/Bee/artifacts/rsp/7038082120299526273.rsp
[408/808    0s] WriteResponseFile Library/Bee/artifacts/rsp/10678863128556690338.rsp
[409/808    0s] WriteResponseFile Library/Bee/artifacts/rsp/2897256077774953845.rsp
[410/808    0s] WriteResponseFile Library/Bee/artifacts/rsp/5546506141355401238.rsp
[411/808    0s] WriteResponseFile Library/Bee/artifacts/rsp/13909235412005675431.rsp
[412/808    0s] WriteResponseFile Library/Bee/artifacts/rsp/11294775302662683298.rsp
[413/808    0s] WriteResponseFile Library/Bee/artifacts/rsp/3064155424177982801.rsp
[414/808    0s] WriteResponseFile Library/Bee/artifacts/rsp/5916180605834378387.rsp
[415/808    0s] WriteResponseFile Library/Bee/artifacts/rsp/7606483801609891643.rsp
[416/808    0s] WriteResponseFile Library/Bee/artifacts/rsp/11344994280883157806.rsp
[417/808    0s] WriteResponseFile Library/Bee/artifacts/rsp/3258459190130463912.rsp
[418/808    0s] WriteResponseFile Library/Bee/artifacts/rsp/4014436084419441659.rsp
[419/808    0s] WriteResponseFile Library/Bee/artifacts/rsp/13038698873768269471.rsp
[420/808    0s] WriteResponseFile Library/Bee/artifacts/rsp/17346584914308636752.rsp
[421/808    0s] WriteResponseFile Library/Bee/artifacts/rsp/1418726328684876121.rsp
[423/808    0s] WriteResponseFile Library/Bee/artifacts/rsp/5803490648119114145.rsp
[425/808    0s] WriteResponseFile Library/Bee/artifacts/rsp/1237274906319909237.rsp
[426/808    0s] WriteResponseFile Library/Bee/artifacts/rsp/17525389461119239690.rsp
[427/808    0s] WriteResponseFile Library/Bee/artifacts/rsp/18218310762646611085.rsp
[428/808    0s] WriteResponseFile Library/Bee/artifacts/rsp/9870516708743257357.rsp
[429/808    0s] WriteResponseFile Library/Bee/artifacts/rsp/2157608619508796868.rsp
[430/808    0s] WriteResponseFile Library/Bee/artifacts/rsp/10411718816959651794.rsp
[431/808    0s] WriteResponseFile Library/Bee/artifacts/rsp/10397561839769426034.rsp
[432/808    0s] WriteResponseFile Library/Bee/artifacts/rsp/2781082588993088484.rsp
[433/808    0s] WriteResponseFile Library/Bee/artifacts/rsp/15085861467720516389.rsp
[434/808    0s] WriteResponseFile Library/Bee/artifacts/rsp/12812556936427222528.rsp
[435/808    0s] WriteResponseFile Library/Bee/artifacts/rsp/14814235663552238418.rsp
[436/808    0s] WriteResponseFile Library/Bee/artifacts/rsp/8863518860715653438.rsp
[437/808    0s] WriteResponseFile Library/Bee/artifacts/rsp/10443302872624432577.rsp
[438/808    0s] WriteResponseFile Library/Bee/artifacts/rsp/11295897478892413411.rsp
[439/808    0s] WriteResponseFile Library/Bee/artifacts/rsp/6262281476893245489.rsp
[440/808    0s] WriteResponseFile Library/Bee/artifacts/rsp/9675442845102135732.rsp
[441/808    0s] WriteResponseFile Library/Bee/artifacts/rsp/1488387367365330867.rsp
[442/808    0s] WriteResponseFile Library/Bee/artifacts/rsp/15394042617203071315.rsp
[443/808    0s] WriteResponseFile Library/Bee/artifacts/rsp/3011263512217790771.rsp
[444/808    0s] WriteResponseFile Library/Bee/artifacts/rsp/12900333509587573630.rsp
[445/808    0s] WriteResponseFile Library/Bee/artifacts/rsp/1000725841676588325.rsp
[446/808    0s] WriteResponseFile Library/Bee/artifacts/rsp/14566447020836459352.rsp
[447/808    0s] WriteResponseFile Library/Bee/artifacts/rsp/13445476680238899994.rsp
[448/808    0s] WriteResponseFile Library/Bee/artifacts/rsp/10292501669419677951.rsp
[449/808    0s] WriteResponseFile Library/Bee/artifacts/rsp/11820488456832421373.rsp
[450/808    0s] WriteResponseFile Library/Bee/artifacts/rsp/15183149355271759364.rsp
[451/808    0s] WriteResponseFile Library/Bee/artifacts/rsp/6947401630772442630.rsp
[452/808    0s] WriteResponseFile Library/Bee/artifacts/rsp/3648465134513896125.rsp
[453/808    0s] WriteResponseFile Library/Bee/artifacts/rsp/6841316898876630997.rsp
[454/808    0s] WriteResponseFile Library/Bee/artifacts/rsp/17296387151066238333.rsp
[455/808    0s] WriteResponseFile Library/Bee/artifacts/rsp/9703144790800738880.rsp
[456/808    0s] WriteResponseFile Library/Bee/artifacts/rsp/8336928665352126947.rsp
[457/808    0s] WriteResponseFile Library/Bee/artifacts/rsp/12248871281822510316.rsp
[458/808    0s] WriteResponseFile Library/Bee/artifacts/rsp/12697856024727907050.rsp
[459/808    0s] WriteResponseFile Library/Bee/artifacts/rsp/13439087796855272166.rsp
[631/808    0s] ILPP-Configuration Library/ilpp-configuration.nevergeneratedoutput
[632/808    0s] ILPostProcess Library/Bee/artifacts/1900b0aE.dag/post-processed/Unity.InputSystem.ForUI.dll (+pdb)
Processing assembly Library/Bee/artifacts/1900b0aE.dag/Unity.InputSystem.ForUI.dll, with 140 defines and 263 references

processors: Unity.Jobs.CodeGen.JobsILPostProcessor, zzzUnity.Burst.CodeGen.BurstILPostProcessor

running Unity.Jobs.CodeGen.JobsILPostProcessor

running zzzUnity.Burst.CodeGen.BurstILPostProcessor
[633/808    0s] ILPostProcess Library/Bee/artifacts/1900b0aE.dag/post-processed/Unity.InternalAPIEngineBridge.001.dll (+pdb)
Processing assembly Library/Bee/artifacts/1900b0aE.dag/Unity.InternalAPIEngineBridge.001.dll, with 140 defines and 262 references

processors: Unity.Jobs.CodeGen.JobsILPostProcessor, zzzUnity.Burst.CodeGen.BurstILPostProcessor

running Unity.Jobs.CodeGen.JobsILPostProcessor

running zzzUnity.Burst.CodeGen.BurstILPostProcessor
[634/808    0s] ILPostProcess Library/Bee/artifacts/1900b0aE.dag/post-processed/UnityEngine.UI.dll (+pdb)
Processing assembly Library/Bee/artifacts/1900b0aE.dag/UnityEngine.UI.dll, with 146 defines and 260 references

processors: Unity.Jobs.CodeGen.JobsILPostProcessor, zzzUnity.Burst.CodeGen.BurstILPostProcessor

running Unity.Jobs.CodeGen.JobsILPostProcessor

running zzzUnity.Burst.CodeGen.BurstILPostProcessor
[635/808    0s] ILPostProcess Library/Bee/artifacts/1900b0aE.dag/post-processed/Unity.InputSystem.TestFramework.dll (+pdb)
Processing assembly Library/Bee/artifacts/1900b0aE.dag/Unity.InputSystem.TestFramework.dll, with 141 defines and 260 references

processors: Unity.Jobs.CodeGen.JobsILPostProcessor, zzzUnity.Burst.CodeGen.BurstILPostProcessor

running Unity.Jobs.CodeGen.JobsILPostProcessor

running zzzUnity.Burst.CodeGen.BurstILPostProcessor
[636/808    0s] ILPostProcess Library/Bee/artifacts/1900b0aE.dag/post-processed/Unity.PerformanceTesting.dll (+pdb)
Processing assembly Library/Bee/artifacts/1900b0aE.dag/Unity.PerformanceTesting.dll, with 141 defines and 258 references

processors: Unity.Jobs.CodeGen.JobsILPostProcessor, zzzUnity.Burst.CodeGen.BurstILPostProcessor

running Unity.Jobs.CodeGen.JobsILPostProcessor

running zzzUnity.Burst.CodeGen.BurstILPostProcessor
[637/808    0s] ILPostProcess Library/Bee/artifacts/1900b0aE.dag/post-processed/Inochi2D.Runtime.dll (+pdb)
Processing assembly Library/Bee/artifacts/1900b0aE.dag/Inochi2D.Runtime.dll, with 140 defines and 262 references

processors: Unity.Jobs.CodeGen.JobsILPostProcessor, zzzUnity.Burst.CodeGen.BurstILPostProcessor

running Unity.Jobs.CodeGen.JobsILPostProcessor

running zzzUnity.Burst.CodeGen.BurstILPostProcessor
[638/808    1s] ILPostProcess Library/Bee/artifacts/1900b0aE.dag/post-processed/EmeraldInochi.dll (+pdb)
Processing assembly Library/Bee/artifacts/1900b0aE.dag/EmeraldInochi.dll, with 140 defines and 263 references

processors: Unity.Jobs.CodeGen.JobsILPostProcessor, zzzUnity.Burst.CodeGen.BurstILPostProcessor

running Unity.Jobs.CodeGen.JobsILPostProcessor

running zzzUnity.Burst.CodeGen.BurstILPostProcessor
[639/808    1s] ILPostProcess Library/Bee/artifacts/1900b0aE.dag/post-processed/Unity.2D.IK.Runtime.dll (+pdb)
Processing assembly Library/Bee/artifacts/1900b0aE.dag/Unity.2D.IK.Runtime.dll, with 140 defines and 264 references

processors: Unity.Jobs.CodeGen.JobsILPostProcessor, zzzUnity.Burst.CodeGen.BurstILPostProcessor

running Unity.Jobs.CodeGen.JobsILPostProcessor

running zzzUnity.Burst.CodeGen.BurstILPostProcessor
[640/808    0s] ILPostProcess Library/Bee/artifacts/1900b0aE.dag/post-processed/Unity.RenderPipelines.Universal.Shaders.dll (+pdb)
Processing assembly Library/Bee/artifacts/1900b0aE.dag/Unity.RenderPipelines.Universal.Shaders.dll, with 140 defines and 262 references

processors: Unity.Jobs.CodeGen.JobsILPostProcessor, zzzUnity.Burst.CodeGen.BurstILPostProcessor

running Unity.Jobs.CodeGen.JobsILPostProcessor

running zzzUnity.Burst.CodeGen.BurstILPostProcessor
[641/808    1s] ILPostProcess Library/Bee/artifacts/1900b0aE.dag/post-processed/Unity.TextMeshPro.dll (+pdb)
Processing assembly Library/Bee/artifacts/1900b0aE.dag/Unity.TextMeshPro.dll, with 141 defines and 263 references

processors: Unity.Jobs.CodeGen.JobsILPostProcessor, zzzUnity.Burst.CodeGen.BurstILPostProcessor

running Unity.Jobs.CodeGen.JobsILPostProcessor

running zzzUnity.Burst.CodeGen.BurstILPostProcessor
[642/808    0s] ILPostProcess Library/Bee/artifacts/1900b0aE.dag/post-processed/Unity.RenderPipelines.ShaderGraph.ShaderGraphLibrary.dll (+pdb)
Processing assembly Library/Bee/artifacts/1900b0aE.dag/Unity.RenderPipelines.ShaderGraph.ShaderGraphLibrary.dll, with 140 defines and 262 references

processors: Unity.Jobs.CodeGen.JobsILPostProcessor, zzzUnity.Burst.CodeGen.BurstILPostProcessor

running Unity.Jobs.CodeGen.JobsILPostProcessor

running zzzUnity.Burst.CodeGen.BurstILPostProcessor
[643/808    1s] ILPostProcess Library/Bee/artifacts/1900b0aE.dag/post-processed/Unity.Mathematics.dll (+pdb)
Processing assembly Library/Bee/artifacts/1900b0aE.dag/Unity.Mathematics.dll, with 140 defines and 262 references

processors: Unity.Jobs.CodeGen.JobsILPostProcessor, zzzUnity.Burst.CodeGen.BurstILPostProcessor

running Unity.Jobs.CodeGen.JobsILPostProcessor

running zzzUnity.Burst.CodeGen.BurstILPostProcessor
[644/808    0s] ILPostProcess Library/Bee/artifacts/1900b0aE.dag/post-processed/Unity.RenderPipeline.Universal.ShaderLibrary.dll (+pdb)
Processing assembly Library/Bee/artifacts/1900b0aE.dag/Unity.RenderPipeline.Universal.ShaderLibrary.dll, with 140 defines and 263 references

processors: Unity.Jobs.CodeGen.JobsILPostProcessor, zzzUnity.Burst.CodeGen.BurstILPostProcessor

running Unity.Jobs.CodeGen.JobsILPostProcessor

running zzzUnity.Burst.CodeGen.BurstILPostProcessor
[645/808    0s] ILPostProcess Library/Bee/artifacts/1900b0aE.dag/post-processed/Unity.InternalAPIEngineBridge.004.dll (+pdb)
Processing assembly Library/Bee/artifacts/1900b0aE.dag/Unity.InternalAPIEngineBridge.004.dll, with 140 defines and 262 references

processors: Unity.Jobs.CodeGen.JobsILPostProcessor, zzzUnity.Burst.CodeGen.BurstILPostProcessor

running Unity.Jobs.CodeGen.JobsILPostProcessor

running zzzUnity.Burst.CodeGen.BurstILPostProcessor
[646/808    0s] ILPostProcess Library/Bee/artifacts/1900b0aE.dag/post-processed/Unity.RenderPipelines.Core.ShaderLibrary.dll (+pdb)
Processing assembly Library/Bee/artifacts/1900b0aE.dag/Unity.RenderPipelines.Core.ShaderLibrary.dll, with 140 defines and 262 references

processors: Unity.Jobs.CodeGen.JobsILPostProcessor, zzzUnity.Burst.CodeGen.BurstILPostProcessor

running Unity.Jobs.CodeGen.JobsILPostProcessor

running zzzUnity.Burst.CodeGen.BurstILPostProcessor
[647/808    0s] ILPostProcess Library/Bee/artifacts/1900b0aE.dag/post-processed/Unity.RenderPipelines.Core.Runtime.Shared.dll (+pdb)
Processing assembly Library/Bee/artifacts/1900b0aE.dag/Unity.RenderPipelines.Core.Runtime.Shared.dll, with 140 defines and 263 references

processors: Unity.Jobs.CodeGen.JobsILPostProcessor, zzzUnity.Burst.CodeGen.BurstILPostProcessor

running Unity.Jobs.CodeGen.JobsILPostProcessor

running zzzUnity.Burst.CodeGen.BurstILPostProcessor
[648/808    0s] ILPostProcess Library/Bee/artifacts/1900b0aE.dag/post-processed/Unity.InputSystem.DocCodeSamples.dll (+pdb)
Processing assembly Library/Bee/artifacts/1900b0aE.dag/Unity.InputSystem.DocCodeSamples.dll, with 138 defines and 272 references

processors: Unity.Jobs.CodeGen.JobsILPostProcessor, zzzUnity.Burst.CodeGen.BurstILPostProcessor

running Unity.Jobs.CodeGen.JobsILPostProcessor

running zzzUnity.Burst.CodeGen.BurstILPostProcessor
[649/808    0s] ILPostProcess Library/Bee/artifacts/1900b0aE.dag/post-processed/Unity.Mathematics.Editor.dll (+pdb)
Processing assembly Library/Bee/artifacts/1900b0aE.dag/Unity.Mathematics.Editor.dll, with 138 defines and 275 references

processors: Unity.Jobs.CodeGen.JobsILPostProcessor, zzzUnity.Burst.CodeGen.BurstILPostProcessor

running Unity.Jobs.CodeGen.JobsILPostProcessor

running zzzUnity.Burst.CodeGen.BurstILPostProcessor
[650/808    0s] ILPostProcess Library/Bee/artifacts/1900b0aE.dag/post-processed/Unity.RenderPipelines.Universal.Config.Runtime.dll (+pdb)
Processing assembly Library/Bee/artifacts/1900b0aE.dag/Unity.RenderPipelines.Universal.Config.Runtime.dll, with 140 defines and 263 references

processors: Unity.Jobs.CodeGen.JobsILPostProcessor, zzzUnity.Burst.CodeGen.BurstILPostProcessor

running Unity.Jobs.CodeGen.JobsILPostProcessor

running zzzUnity.Burst.CodeGen.BurstILPostProcessor
[651/808    0s] ILPostProcess Library/Bee/artifacts/1900b0aE.dag/post-processed/Unity.TextMeshPro.Editor.dll (+pdb)
Processing assembly Library/Bee/artifacts/1900b0aE.dag/Unity.TextMeshPro.Editor.dll, with 138 defines and 276 references

processors: Unity.Jobs.CodeGen.JobsILPostProcessor, zzzUnity.Burst.CodeGen.BurstILPostProcessor

running Unity.Jobs.CodeGen.JobsILPostProcessor

running zzzUnity.Burst.CodeGen.BurstILPostProcessor
[652/808    0s] ILPostProcess Library/Bee/artifacts/1900b0aE.dag/post-processed/Unity.InputSystem.dll (+pdb)
Processing assembly Library/Bee/artifacts/1900b0aE.dag/Unity.InputSystem.dll, with 154 defines and 262 references

processors: Unity.Jobs.CodeGen.JobsILPostProcessor, zzzUnity.Burst.CodeGen.BurstILPostProcessor

running Unity.Jobs.CodeGen.JobsILPostProcessor

running zzzUnity.Burst.CodeGen.BurstILPostProcessor
[653/808    2s] Csc Library/Bee/artifacts/1900b0aE.dag/Resonance.Battle.dll (+2 others)
[654/808    0s] ILPostProcess Library/Bee/artifacts/1900b0aE.dag/post-processed/Unity.RenderPipelines.Core.Editor.Shared.dll (+pdb)
Processing assembly Library/Bee/artifacts/1900b0aE.dag/Unity.RenderPipelines.Core.Editor.Shared.dll, with 138 defines and 275 references

processors: Unity.Jobs.CodeGen.JobsILPostProcessor, zzzUnity.Burst.CodeGen.BurstILPostProcessor

running Unity.Jobs.CodeGen.JobsILPostProcessor

running zzzUnity.Burst.CodeGen.BurstILPostProcessor
[655/808    0s] ILPostProcess Library/Bee/artifacts/1900b0aE.dag/post-processed/Unity.ShaderGraph.Editor.dll (+pdb)
Processing assembly Library/Bee/artifacts/1900b0aE.dag/Unity.ShaderGraph.Editor.dll, with 138 defines and 278 references

processors: Unity.Jobs.CodeGen.JobsILPostProcessor, zzzUnity.Burst.CodeGen.BurstILPostProcessor

running Unity.Jobs.CodeGen.JobsILPostProcessor

running zzzUnity.Burst.CodeGen.BurstILPostProcessor
[656/808    0s] ILPostProcess Library/Bee/artifacts/1900b0aE.dag/post-processed/Unity.2D.Sprite.Editor.dll (+pdb)
Processing assembly Library/Bee/artifacts/1900b0aE.dag/Unity.2D.Sprite.Editor.dll, with 138 defines and 274 references

processors: Unity.Jobs.CodeGen.JobsILPostProcessor, zzzUnity.Burst.CodeGen.BurstILPostProcessor

running Unity.Jobs.CodeGen.JobsILPostProcessor

running zzzUnity.Burst.CodeGen.BurstILPostProcessor
[657/808    0s] ILPostProcess Library/Bee/artifacts/1900b0aE.dag/post-processed/Unity.Searcher.Editor.dll (+pdb)
Processing assembly Library/Bee/artifacts/1900b0aE.dag/Unity.Searcher.Editor.dll, with 138 defines and 274 references

processors: Unity.Jobs.CodeGen.JobsILPostProcessor, zzzUnity.Burst.CodeGen.BurstILPostProcessor

running Unity.Jobs.CodeGen.JobsILPostProcessor

running zzzUnity.Burst.CodeGen.BurstILPostProcessor
[658/808    0s] ILPostProcess Library/Bee/artifacts/1900b0aE.dag/post-processed/Resonance.Battle.dll (+pdb)
Processing assembly Library/Bee/artifacts/1900b0aE.dag/Resonance.Battle.dll, with 140 defines and 127 references

processors: Unity.Jobs.CodeGen.JobsILPostProcessor, zzzUnity.Burst.CodeGen.BurstILPostProcessor

running Unity.Jobs.CodeGen.JobsILPostProcessor

running zzzUnity.Burst.CodeGen.BurstILPostProcessor
[659/808    0s] ILPostProcess Library/Bee/artifacts/1900b0aE.dag/post-processed/UnityEditor.UI.Analytics.dll (+pdb)
Processing assembly Library/Bee/artifacts/1900b0aE.dag/UnityEditor.UI.Analytics.dll, with 138 defines and 275 references

processors: Unity.Jobs.CodeGen.JobsILPostProcessor, zzzUnity.Burst.CodeGen.BurstILPostProcessor

running Unity.Jobs.CodeGen.JobsILPostProcessor

running zzzUnity.Burst.CodeGen.BurstILPostProcessor
[660/808    2s] ILPostProcess Library/Bee/artifacts/1900b0aE.dag/post-processed/Unity.2D.Common.Runtime.dll (+pdb)
Processing assembly Library/Bee/artifacts/1900b0aE.dag/Unity.2D.Common.Runtime.dll, with 140 defines and 264 references

processors: Unity.Jobs.CodeGen.JobsILPostProcessor, zzzUnity.Burst.CodeGen.BurstILPostProcessor

running Unity.Jobs.CodeGen.JobsILPostProcessor

running zzzUnity.Burst.CodeGen.BurstILPostProcessor
[661/808    0s] ILPostProcess Library/Bee/artifacts/1900b0aE.dag/post-processed/Unity.PerformanceTesting.Editor.dll (+pdb)
Processing assembly Library/Bee/artifacts/1900b0aE.dag/Unity.PerformanceTesting.Editor.dll, with 139 defines and 272 references

processors: Unity.Jobs.CodeGen.JobsILPostProcessor, zzzUnity.Burst.CodeGen.BurstILPostProcessor

running Unity.Jobs.CodeGen.JobsILPostProcessor

running zzzUnity.Burst.CodeGen.BurstILPostProcessor
[662/808    0s] ILPostProcess Library/Bee/artifacts/1900b0aE.dag/post-processed/Unity.Collections.Editor.dll (+pdb)
Processing assembly Library/Bee/artifacts/1900b0aE.dag/Unity.Collections.Editor.dll, with 139 defines and 275 references

processors: Unity.Jobs.CodeGen.JobsILPostProcessor, zzzUnity.Burst.CodeGen.BurstILPostProcessor

running Unity.Jobs.CodeGen.JobsILPostProcessor

running zzzUnity.Burst.CodeGen.BurstILPostProcessor
[663/808    0s] Csc Library/Bee/artifacts/1900b0aE.dag/Resonance.App.dll (+2 others)
Assets\Scripts\Resonance.App\Characters\PuppetRig.cs(77,14): warning CS0414: The field 'PuppetRig._hasHand' is assigned but its value is never used

Assets\Scripts\Resonance.App\Characters\PuppetRig.cs(78,14): warning CS0414: The field 'PuppetRig._hasFoot' is assigned but its value is never used

Assets\Scripts\Resonance.App\Characters\PuppetRig.cs(75,14): warning CS0414: The field 'PuppetRig._hasHead' is assigned but its value is never used

Assets\Scripts\Resonance.App\Debug\VerticalSliceSmokeRuntime.cs(55,14): warning CS0414: The field 'VerticalSliceSmokeRuntime._loseShot' is assigned but its value is never used

Assets\Scripts\Resonance.App\Characters\PuppetRig.cs(76,14): warning CS0414: The field 'PuppetRig._hasHair' is assigned but its value is never used
[664/808    0s] ILPostProcess Library/Bee/artifacts/1900b0aE.dag/post-processed/Unity.ShaderGraph.Utilities.dll (+pdb)
Processing assembly Library/Bee/artifacts/1900b0aE.dag/Unity.ShaderGraph.Utilities.dll, with 138 defines and 274 references

processors: Unity.Jobs.CodeGen.JobsILPostProcessor, zzzUnity.Burst.CodeGen.BurstILPostProcessor

running Unity.Jobs.CodeGen.JobsILPostProcessor

running zzzUnity.Burst.CodeGen.BurstILPostProcessor
[665/808    0s] ILPostProcess Library/Bee/artifacts/1900b0aE.dag/post-processed/Unity.InternalAPIEditorBridge.001.dll (+pdb)
Processing assembly Library/Bee/artifacts/1900b0aE.dag/Unity.InternalAPIEditorBridge.001.dll, with 139 defines and 275 references

processors: Unity.Jobs.CodeGen.JobsILPostProcessor, zzzUnity.Burst.CodeGen.BurstILPostProcessor

running Unity.Jobs.CodeGen.JobsILPostProcessor

running zzzUnity.Burst.CodeGen.BurstILPostProcessor
[666/808    0s] ILPostProcess Library/Bee/artifacts/1900b0aE.dag/post-processed/Resonance.App.dll (+pdb)
Processing assembly Library/Bee/artifacts/1900b0aE.dag/Resonance.App.dll, with 140 defines and 264 references

processors: Unity.Jobs.CodeGen.JobsILPostProcessor, zzzUnity.Burst.CodeGen.BurstILPostProcessor

running Unity.Jobs.CodeGen.JobsILPostProcessor

running zzzUnity.Burst.CodeGen.BurstILPostProcessor
[667/808    0s] Csc Library/Bee/artifacts/1900b0aE.dag/Resonance.Editor.dll (+2 others)
[668/808    0s] ILPostProcess Library/Bee/artifacts/1900b0aE.dag/post-processed/Inochi2D.Editor.dll (+pdb)
Processing assembly Library/Bee/artifacts/1900b0aE.dag/Inochi2D.Editor.dll, with 138 defines and 275 references

processors: Unity.Jobs.CodeGen.JobsILPostProcessor, zzzUnity.Burst.CodeGen.BurstILPostProcessor

running Unity.Jobs.CodeGen.JobsILPostProcessor

running zzzUnity.Burst.CodeGen.BurstILPostProcessor
[669/808    1s] ILPostProcess Library/Bee/artifacts/1900b0aE.dag/post-processed/UnityEditor.UI.dll (+pdb)
Processing assembly Library/Bee/artifacts/1900b0aE.dag/UnityEditor.UI.dll, with 141 defines and 273 references

processors: Unity.Jobs.CodeGen.JobsILPostProcessor, zzzUnity.Burst.CodeGen.BurstILPostProcessor

running Unity.Jobs.CodeGen.JobsILPostProcessor

running zzzUnity.Burst.CodeGen.BurstILPostProcessor
[670/808    0s] ILPostProcess Library/Bee/artifacts/1900b0aE.dag/post-processed/Unity.2D.IK.Editor.dll (+pdb)
Processing assembly Library/Bee/artifacts/1900b0aE.dag/Unity.2D.IK.Editor.dll, with 138 defines and 281 references

processors: Unity.Jobs.CodeGen.JobsILPostProcessor, zzzUnity.Burst.CodeGen.BurstILPostProcessor

running Unity.Jobs.CodeGen.JobsILPostProcessor

running zzzUnity.Burst.CodeGen.BurstILPostProcessor
[671/808    0s] ILPostProcess Library/Bee/artifacts/1900b0aE.dag/post-processed/PPv2URPConverters.dll (+pdb)
Processing assembly Library/Bee/artifacts/1900b0aE.dag/PPv2URPConverters.dll, with 138 defines and 278 references

processors: Unity.Jobs.CodeGen.JobsILPostProcessor, zzzUnity.Burst.CodeGen.BurstILPostProcessor

running Unity.Jobs.CodeGen.JobsILPostProcessor

running zzzUnity.Burst.CodeGen.BurstILPostProcessor
[672/808    0s] ILPostProcess Library/Bee/artifacts/1900b0aE.dag/post-processed/Resonance.Editor.dll (+pdb)
Processing assembly Library/Bee/artifacts/1900b0aE.dag/Resonance.Editor.dll, with 138 defines and 276 references

processors: Unity.Jobs.CodeGen.JobsILPostProcessor, zzzUnity.Burst.CodeGen.BurstILPostProcessor

running Unity.Jobs.CodeGen.JobsILPostProcessor

running zzzUnity.Burst.CodeGen.BurstILPostProcessor
[673/808    0s] Csc Library/Bee/artifacts/1900b0aE.dag/Assembly-CSharp.dll (+2 others)
[674/808    0s] Csc Library/Bee/artifacts/1900b0aE.dag/Assembly-CSharp-Editor.dll (+2 others)
[675/808    0s] ILPostProcess Library/Bee/artifacts/1900b0aE.dag/post-processed/Unity.RenderPipelines.Universal.2D.Editor.Overrides.dll (+pdb)
Processing assembly Library/Bee/artifacts/1900b0aE.dag/Unity.RenderPipelines.Universal.2D.Editor.Overrides.dll, with 140 defines and 285 references

processors: Unity.Jobs.CodeGen.JobsILPostProcessor, zzzUnity.Burst.CodeGen.BurstILPostProcessor

running Unity.Jobs.CodeGen.JobsILPostProcessor

running zzzUnity.Burst.CodeGen.BurstILPostProcessor
[676/808    4s] ILPostProcess Library/Bee/artifacts/1900b0aE.dag/post-processed/Unity.RenderPipelines.Universal.Runtime.dll (+pdb)
Processing assembly Library/Bee/artifacts/1900b0aE.dag/Unity.RenderPipelines.Universal.Runtime.dll, with 146 defines and 270 references

processors: Unity.Jobs.CodeGen.JobsILPostProcessor, zzzUnity.Burst.CodeGen.BurstILPostProcessor

running Unity.Jobs.CodeGen.JobsILPostProcessor

running zzzUnity.Burst.CodeGen.BurstILPostProcessor
[677/808    2s] ILPostProcess Library/Bee/artifacts/1900b0aE.dag/post-processed/Unity.2D.Common.Path.Editor.dll (+pdb)
Processing assembly Library/Bee/artifacts/1900b0aE.dag/Unity.2D.Common.Path.Editor.dll, with 138 defines and 274 references

processors: Unity.Jobs.CodeGen.JobsILPostProcessor, zzzUnity.Burst.CodeGen.BurstILPostProcessor

running Unity.Jobs.CodeGen.JobsILPostProcessor

running zzzUnity.Burst.CodeGen.BurstILPostProcessor
[678/808    0s] ILPostProcess Library/Bee/artifacts/1900b0aE.dag/post-processed/Unity.Rendering.LightTransport.Editor.dll (+pdb)
Processing assembly Library/Bee/artifacts/1900b0aE.dag/Unity.Rendering.LightTransport.Editor.dll, with 138 defines and 274 references

processors: Unity.Jobs.CodeGen.JobsILPostProcessor, zzzUnity.Burst.CodeGen.BurstILPostProcessor

running Unity.Jobs.CodeGen.JobsILPostProcessor

running zzzUnity.Burst.CodeGen.BurstILPostProcessor
[685/808    0s] CopyFiles Library/ScriptAssemblies/Resonance.Battle.dll
[689/808    0s] CopyFiles Library/ScriptAssemblies/Resonance.App.dll
[708/808    0s] CopyFiles Library/ScriptAssemblies/Resonance.Editor.pdb
[709/808    0s] CopyFiles Library/ScriptAssemblies/Resonance.Editor.dll
[720/808    0s] CopyFiles Library/ScriptAssemblies/Resonance.App.pdb
[730/808    0s] CopyFiles Library/ScriptAssemblies/Resonance.Battle.pdb
[763/808    1s] ILPostProcess Library/Bee/artifacts/1900b0aE.dag/post-processed/Assembly-CSharp.dll (+pdb)
Processing assembly Library/Bee/artifacts/1900b0aE.dag/Assembly-CSharp.dll, with 140 defines and 307 references

processors: Unity.Jobs.CodeGen.JobsILPostProcessor, zzzUnity.Burst.CodeGen.BurstILPostProcessor

running Unity.Jobs.CodeGen.JobsILPostProcessor

running zzzUnity.Burst.CodeGen.BurstILPostProcessor
[764/808    4s] ILPostProcess Library/Bee/artifacts/1900b0aE.dag/post-processed/Unity.Burst.Editor.dll (+pdb)
Processing assembly Library/Bee/artifacts/1900b0aE.dag/Unity.Burst.Editor.dll, with 138 defines and 275 references

processors: Unity.Jobs.CodeGen.JobsILPostProcessor, zzzUnity.Burst.CodeGen.BurstILPostProcessor

running Unity.Jobs.CodeGen.JobsILPostProcessor

running zzzUnity.Burst.CodeGen.BurstILPostProcessor
[765/808    0s] CopyFiles Library/ScriptAssemblies/Assembly-CSharp.pdb
[766/808    0s] CopyFiles Library/ScriptAssemblies/Assembly-CSharp.dll
[769/808    1s] ILPostProcess Library/Bee/artifacts/1900b0aE.dag/post-processed/Assembly-CSharp-Editor.dll (+pdb)
Processing assembly Library/Bee/artifacts/1900b0aE.dag/Assembly-CSharp-Editor.dll, with 138 defines and 323 references

processors: Unity.Jobs.CodeGen.JobsILPostProcessor, zzzUnity.Burst.CodeGen.BurstILPostProcessor

running Unity.Jobs.CodeGen.JobsILPostProcessor

running zzzUnity.Burst.CodeGen.BurstILPostProcessor
[770/808    0s] ILPostProcess Library/Bee/artifacts/1900b0aE.dag/post-processed/Unity.RenderPipelines.Universal.Editor.dll (+pdb)
Processing assembly Library/Bee/artifacts/1900b0aE.dag/Unity.RenderPipelines.Universal.Editor.dll, with 141 defines and 286 references

processors: Unity.Jobs.CodeGen.JobsILPostProcessor, zzzUnity.Burst.CodeGen.BurstILPostProcessor

running Unity.Jobs.CodeGen.JobsILPostProcessor

running zzzUnity.Burst.CodeGen.BurstILPostProcessor
[771/808    0s] CopyFiles Library/ScriptAssemblies/Assembly-CSharp-Editor.dll
[772/808    0s] CopyFiles Library/ScriptAssemblies/Assembly-CSharp-Editor.pdb
[775/808    7s] ILPostProcess Library/Bee/artifacts/1900b0aE.dag/post-processed/Unity.UnifiedRayTracing.Runtime.dll (+pdb)
Processing assembly Library/Bee/artifacts/1900b0aE.dag/Unity.UnifiedRayTracing.Runtime.dll, with 141 defines and 265 references

processors: Unity.Jobs.CodeGen.JobsILPostProcessor, zzzUnity.Burst.CodeGen.BurstILPostProcessor

running Unity.Jobs.CodeGen.JobsILPostProcessor

running zzzUnity.Burst.CodeGen.BurstILPostProcessor
[778/808    7s] ILPostProcess Library/Bee/artifacts/1900b0aE.dag/post-processed/Unity.RenderPipelines.Core.Runtime.dll (+pdb)
Processing assembly Library/Bee/artifacts/1900b0aE.dag/Unity.RenderPipelines.Core.Runtime.dll, with 143 defines and 266 references

processors: Unity.Jobs.CodeGen.JobsILPostProcessor, zzzUnity.Burst.CodeGen.BurstILPostProcessor

running Unity.Jobs.CodeGen.JobsILPostProcessor

running zzzUnity.Burst.CodeGen.BurstILPostProcessor
[781/808    8s] ILPostProcess Library/Bee/artifacts/1900b0aE.dag/post-processed/Unity.RenderPipelines.GPUDriven.Runtime.dll (+pdb)
Processing assembly Library/Bee/artifacts/1900b0aE.dag/Unity.RenderPipelines.GPUDriven.Runtime.dll, with 140 defines and 266 references

processors: Unity.Jobs.CodeGen.JobsILPostProcessor, zzzUnity.Burst.CodeGen.BurstILPostProcessor

running Unity.Jobs.CodeGen.JobsILPostProcessor

running zzzUnity.Burst.CodeGen.BurstILPostProcessor
[782/808    4s] ILPostProcess Library/Bee/artifacts/1900b0aE.dag/post-processed/Unity.2D.Common.Editor.dll (+pdb)
Processing assembly Library/Bee/artifacts/1900b0aE.dag/Unity.2D.Common.Editor.dll, with 138 defines and 278 references

processors: Unity.Jobs.CodeGen.JobsILPostProcessor, zzzUnity.Burst.CodeGen.BurstILPostProcessor

running Unity.Jobs.CodeGen.JobsILPostProcessor

running zzzUnity.Burst.CodeGen.BurstILPostProcessor
[783/808    8s] ILPostProcess Library/Bee/artifacts/1900b0aE.dag/post-processed/Unity.Burst.dll (+pdb)
Processing assembly Library/Bee/artifacts/1900b0aE.dag/Unity.Burst.dll, with 140 defines and 260 references

processors: Unity.Jobs.CodeGen.JobsILPostProcessor, zzzUnity.Burst.CodeGen.BurstILPostProcessor

running Unity.Jobs.CodeGen.JobsILPostProcessor

running zzzUnity.Burst.CodeGen.BurstILPostProcessor
[790/808    4s] ILPostProcess Library/Bee/artifacts/1900b0aE.dag/post-processed/ScriptablePacker.dll (+pdb)
Processing assembly Library/Bee/artifacts/1900b0aE.dag/ScriptablePacker.dll, with 138 defines and 275 references

processors: Unity.Jobs.CodeGen.JobsILPostProcessor, zzzUnity.Burst.CodeGen.BurstILPostProcessor

running Unity.Jobs.CodeGen.JobsILPostProcessor

running zzzUnity.Burst.CodeGen.BurstILPostProcessor
[791/808    7s] ILPostProcess Library/Bee/artifacts/1900b0aE.dag/post-processed/Unity.2D.Animation.Runtime.dll (+pdb)
Processing assembly Library/Bee/artifacts/1900b0aE.dag/Unity.2D.Animation.Runtime.dll, with 142 defines and 268 references

processors: Unity.Jobs.CodeGen.JobsILPostProcessor, zzzUnity.Burst.CodeGen.BurstILPostProcessor

running Unity.Jobs.CodeGen.JobsILPostProcessor

running zzzUnity.Burst.CodeGen.BurstILPostProcessor
[792/808    8s] ILPostProcess Library/Bee/artifacts/1900b0aE.dag/post-processed/Unity.RenderPipelines.Universal.2D.Runtime.dll (+pdb)
Processing assembly Library/Bee/artifacts/1900b0aE.dag/Unity.RenderPipelines.Universal.2D.Runtime.dll, with 144 defines and 268 references

processors: Unity.Jobs.CodeGen.JobsILPostProcessor, zzzUnity.Burst.CodeGen.BurstILPostProcessor

running Unity.Jobs.CodeGen.JobsILPostProcessor

running zzzUnity.Burst.CodeGen.BurstILPostProcessor
[797/808    6s] ILPostProcess Library/Bee/artifacts/1900b0aE.dag/post-processed/Unity.RenderPipelines.Core.Editor.dll (+pdb)
Processing assembly Library/Bee/artifacts/1900b0aE.dag/Unity.RenderPipelines.Core.Editor.dll, with 139 defines and 280 references

processors: Unity.Jobs.CodeGen.JobsILPostProcessor, zzzUnity.Burst.CodeGen.BurstILPostProcessor

running Unity.Jobs.CodeGen.JobsILPostProcessor

running zzzUnity.Burst.CodeGen.BurstILPostProcessor
[802/808    9s] ILPostProcess Library/Bee/artifacts/1900b0aE.dag/post-processed/Unity.Collections.dll (+pdb)
Processing assembly Library/Bee/artifacts/1900b0aE.dag/Unity.Collections.dll, with 142 defines and 264 references

processors: Unity.Jobs.CodeGen.JobsILPostProcessor, zzzUnity.Burst.CodeGen.BurstILPostProcessor

running Unity.Jobs.CodeGen.JobsILPostProcessor

running zzzUnity.Burst.CodeGen.BurstILPostProcessor
[805/808    4s] ILPostProcess Library/Bee/artifacts/1900b0aE.dag/post-processed/Unity.2D.Animation.Editor.dll (+pdb)
Processing assembly Library/Bee/artifacts/1900b0aE.dag/Unity.2D.Animation.Editor.dll, with 142 defines and 283 references

processors: Unity.Jobs.CodeGen.JobsILPostProcessor, zzzUnity.Burst.CodeGen.BurstILPostProcessor

running Unity.Jobs.CodeGen.JobsILPostProcessor

running zzzUnity.Burst.CodeGen.BurstILPostProcessor
*** Tundra build success (10.44 seconds), 247 items updated, 808 evaluated
Assets\Scripts\Resonance.App\Characters\PuppetRig.cs(77,14): warning CS0414: The field 'PuppetRig._hasHand' is assigned but its value is never used
Assets\Scripts\Resonance.App\Characters\PuppetRig.cs(78,14): warning CS0414: The field 'PuppetRig._hasFoot' is assigned but its value is never used
Assets\Scripts\Resonance.App\Characters\PuppetRig.cs(75,14): warning CS0414: The field 'PuppetRig._hasHead' is assigned but its value is never used
Assets\Scripts\Resonance.App\Debug\VerticalSliceSmokeRuntime.cs(55,14): warning CS0414: The field 'VerticalSliceSmokeRuntime._loseShot' is assigned but its value is never used
Assets\Scripts\Resonance.App\Characters\PuppetRig.cs(76,14): warning CS0414: The field 'PuppetRig._hasHair' is assigned but its value is never used
AssetDatabase: script compilation time: 12.601998s
Begin MonoManager ReloadAssembly
- Loaded All Assemblies, in  0.795 seconds
Refreshing native plugins compatible for Editor in 2.69 ms, found 4 plugins.
Missing types referenced from component UniversalRenderPipelineGlobalSettings on game object UniversalRenderPipelineGlobalSettings:
	UnityEngine.PathTracing.Core.WorldRenderPipelineResources, Unity.PathTracing.Runtime (1 object)
Native extension for Android target not found
Native extension for WindowsStandalone target not found
ScheduleIndexationOnStartup MainProcess:True IndexOnStartup:True
Mono: successfully reloaded assembly
- Finished resetting the current domain, in  2.589 seconds
Domain Reload Profiling: 3380ms
	BeginReloadAssembly (317ms)
		ExecutionOrderSort (0ms)
		DisableScriptedObjects (28ms)
		BackupInstance (0ms)
		ReleaseScriptingObjects (0ms)
		CreateAndSetChildDomain (151ms)
	RebuildCommonClasses (38ms)
	RebuildNativeTypeToScriptingClass (11ms)
	initialDomainReloadingComplete (29ms)
	LoadAllAssembliesAndSetupDomain (395ms)
		LoadAssemblies (352ms)
		RebuildTransferFunctionScriptingTraits (0ms)
		AnalyzeDomain (143ms)
			TypeCache.Refresh (100ms)
				TypeCache.ScanAssembly (91ms)
			BuildScriptInfoCaches (31ms)
			ResolveRequiredComponents (9ms)
	FinalizeReload (2590ms)
		ReleaseScriptCaches (0ms)
		RebuildScriptCaches (0ms)
		SetupLoadedEditorAssemblies (2223ms)
			LogAssemblyErrors (0ms)
			InitializePlatformSupportModulesInManaged (37ms)
			SetLoadedEditorAssemblies (3ms)
			BeforeProcessingInitializeOnLoad (132ms)
			ProcessInitializeOnLoadAttributes (1979ms)
			ProcessInitializeOnLoadMethodAttributes (65ms)
			AfterProcessingInitializeOnLoad (8ms)
			EditorAssembliesLoaded (0ms)
		ExecutionOrderSort2 (0ms)
		AwakeInstancesAfterBackupRestoration (27ms)
Refreshing native plugins compatible for Editor in 0.83 ms, found 4 plugins.
Preloading 0 native plugins for Editor in 0.00 ms.
Asset Pipeline Refresh (id=fc10bf6fa6b10b242a7c7cc382749a0c): Total: 19.437 seconds - Initiated by InitialRefreshV2(ForceSynchronousImport)
	Summary:
		Imports: total=0 (actual=0, local cache=0, cache server=0)
		Asset DB Process Time: managed=0 ms, native=3072 ms
		Asset DB Callback time: managed=167 ms, native=2763 ms
		Scripting: domain reloads=1, domain reload time=795 ms, compile time=12603 ms, other=33 ms
		Project Asset Count: scripts=1008, non-scripts=2764
		Asset File Changes: new=0, changed=2, moved=0, deleted=0
		Scan Filter Count: 0
	InvokeCustomDependenciesCallbacks: 0.001ms
	InvokePackagesCallback: 2751.056ms
	ApplyChangesToAssetFolders: 0.916ms
	Scan: 170.630ms
	OnSourceAssetsModified: 1.281ms
	CategorizeAssetsWithTransientArtifact: 31.842ms
	ProcessAssetsWithTransientArtifactChanges: 45.221ms
	CategorizeAssets: 80.770ms
	ImportOutOfDateAssets: 2600.578ms (-10005.365ms without children)
		CompileScripts: 12603.493ms
		ReloadNativeAssets: 0.038ms
		UnloadImportedAssets: 0.531ms
		EnsureUptoDateAssetsAreRegisteredWithGuidPM: 0.432ms
		InitializingProgressBar: 0.001ms
		PostProcessAllAssetNotificationsAddChangedAssets: 0.001ms
		OnDemandSchedulerStart: 1.448ms
	PostProcessAllAssets: 174.474ms
	Hotreload: 5.600ms
	GatherAllCurrentPrimaryArtifactRevisions: 0.155ms
	UnloadStreamsBegin: 1.992ms
	PersistCurrentRevisions: 0.113ms
	UnloadStreamsEnd: 0.002ms
	GenerateScriptTypeHashes: 3.776ms
	Untracked: 13572.572ms

Application.AssetDatabase Initial Refresh End
Launched and connected shader compiler UnityShaderCompiler.exe after 0.03 seconds
Scanning for USB devices : 2.339ms
Initializing Unity extensions:
[MODES] ModeService[none].Initialize
[MODES] ModeService[none].LoadModes
[MODES] Loading mode Default (0) for mode-current-id-契灵回响
Unloading 19 Unused Serialized files (Serialized files now loaded: 0)
Unloading 4211 unused Assets / (4.5 MB). Loaded Objects now: 5101.
Memory consumption went from 202.9 MB to 198.4 MB.
Total: 8.440800 ms (FindLiveObjects: 0.282100 ms CreateObjectMapping: 0.228300 ms MarkObjects: 6.308100 ms  DeleteObjects: 1.621000 ms)

[LAYOUT] About to load UserSettings\Layouts\default-6000.dwlt, keepMainWindow=False
[LAYOUT] About to save layout F:\Resonance\client\UserSettings\Layouts\default-6000.dwlt
[LAYOUT] About to save layout C:/Users/Administrator/AppData/Roaming/Unity/Editor-5.x/Preferences\Layouts\current\default-6000.dwlt
[MODES] ModeService[default].InitializeCurrentMode
[MODES] ModeService[default].RaiseModeChanged(default, default)
This project uses Input Manager, which is marked for deprecation. To manage input in your project, use the <a href="https://docs.unity3d.com/Packages/com.unity.inputsystem@latest">Input System package</a> instead.
<RI> Initializing input.
Using Windows.Gaming.Input
<RI> Input initialized.
[Project] Loading completed in 27.190 seconds
	Project init time: 				23.478 seconds
		Template init time: 		0.000 seconds
		Package Manager init time: 		0.852 seconds
		Asset Database init time: 		0.227 seconds
		Global illumination init time: 	0.018 seconds
		Assemblies load time: 			1.040 seconds
		Unity extensions init time: 	0.005 seconds
		Asset Database refresh time: 	19.438 seconds
	Scene opening time: 			2.992 seconds
##utp:{"type":"ProjectInfo","version":2,"phase":"Immediate","time":1789880751380,"processId":14848,"projectLoad":27.190151,"projectInit":23.4776972,"templateInit":0.0,"packageManagerInit":0.852035,"assetDatabaseInit":0.226547,"globalIlluminationInit":0.0178946,"assembliesLoad":1.0400484,"unityExtensionsInit":0.0053297,"assetDatabaseRefresh":19.4378743,"sceneOpening":2.9920533}
##utp:{"type":"EditorInfo","version":2,"phase":"Immediate","time":1789880751380,"processId":14848,"editorVersion":"6000.3.23f1 (09d2ecc7fb28)","branch":"6000.3/staging","buildType":"Release","platform":"Windows"}
Asset Pipeline Refresh (id=93723f1acab57b048b7d4eba6d81a150): Total: 0.039 seconds - Initiated by RefreshV2(AllowForceSynchronousImport)
[MODES] ModeService[default].LoadModes
[Licensing::Client] Successfully resolved entitlement details
Failed to create GICache directory at the default location: C:/Users/Administrator/AppData/LocalLow/Unity/Caches/GiCache.
[Licensing::Client] Successfully resolved entitlement details
Failed to create GICache directory at the default location: C:/Users/Administrator/AppData/LocalLow/Unity/Caches/GiCache.
Failed to create GICache directory at the default location: C:/Users/Administrator/AppData/LocalLow/Unity/Caches/GiCache.
[NATURAL-PLAY] game view portrait index=7
UnityEngine.Debug:ExtractStackTraceNoAlloc (byte*,int,string)
UnityEngine.StackTraceUtility:ExtractStackTrace ()
UnityEngine.DebugLogHandler:Internal_Log (UnityEngine.LogType,UnityEngine.LogOption,string,UnityEngine.Object)
UnityEngine.DebugLogHandler:LogFormat (UnityEngine.LogType,UnityEngine.Object,string,object[])
UnityEngine.Logger:Log (UnityEngine.LogType,object)
UnityEngine.Debug:Log (object)
Resonance.EditorTools.NaturalPlaySmoke:FocusPortraitGameView () (at Assets/Editor/Smoke/NaturalPlaySmoke.cs:247)
Resonance.EditorTools.NaturalPlaySmoke:TryEnterPlay () (at Assets/Editor/Smoke/NaturalPlaySmoke.cs:196)
Resonance.EditorTools.NaturalPlaySmoke:Poll () (at Assets/Editor/Smoke/NaturalPlaySmoke.cs:175)
UnityEditor.EditorApplication:Internal_CallUpdateFunctions ()

(Filename: Assets/Editor/Smoke/NaturalPlaySmoke.cs Line: 247)

[NATURAL-PLAY] entering play mode
UnityEngine.Debug:ExtractStackTraceNoAlloc (byte*,int,string)
UnityEngine.StackTraceUtility:ExtractStackTrace ()
UnityEngine.DebugLogHandler:Internal_Log (UnityEngine.LogType,UnityEngine.LogOption,string,UnityEngine.Object)
UnityEngine.DebugLogHandler:LogFormat (UnityEngine.LogType,UnityEngine.Object,string,object[])
UnityEngine.Logger:Log (UnityEngine.LogType,object)
UnityEngine.Debug:Log (object)
Resonance.EditorTools.NaturalPlaySmoke:TryEnterPlay () (at Assets/Editor/Smoke/NaturalPlaySmoke.cs:197)
Resonance.EditorTools.NaturalPlaySmoke:Poll () (at Assets/Editor/Smoke/NaturalPlaySmoke.cs:175)
UnityEditor.EditorApplication:Internal_CallUpdateFunctions ()

(Filename: Assets/Editor/Smoke/NaturalPlaySmoke.cs Line: 197)

Reloading assemblies for play mode.
Reloading assemblies after forced synchronous recompile.
[Licensing::Client] Successfully resolved entitlement details
[Licensing::Module] License group:
  Id: F4-99BH-9QMP-CCW5-HN7U-XXXX
  Product: Unity Personal
  Type: ULF
  Expiration: 2026-09-28T04:51:23Z
[Licensing::Module] License group:
  Id: ewogICJzdWJzR3JvdXAiIDogInVuaXR5IGVkaXRvciIsCiAgIm5hbWVzcGFjZSIgOiAidW5pdHlfZWRpdG9yIiwKICAidHlwZSIgOiAiRURJVE9SIiwKICAidGFnIiA6ICJVbml0eVBlcnNvbmFsXXXX
  Product: Unity Personal Version
  Type: Assigned
  Expiration: Unlimited
Begin MonoManager ReloadAssembly
- Loaded All Assemblies, in  0.804 seconds
Refreshing native plugins compatible for Editor in 0.77 ms, found 4 plugins.
Missing types referenced from component UniversalRenderPipelineGlobalSettings on game object UniversalRenderPipelineGlobalSettings:
	UnityEngine.PathTracing.Core.WorldRenderPipelineResources, Unity.PathTracing.Runtime (1 object)
Native extension for Android target not found
Native extension for WindowsStandalone target not found
ScheduleIndexationOnStartup MainProcess:True IndexOnStartup:True
[MODES] ModeService[none].Initialize
[MODES] ModeService[none].LoadModes
[Licensing::Client] Successfully resolved entitlement details
[Licensing::Module] License group:
  Id: F4-99BH-9QMP-CCW5-HN7U-XXXX
  Product: Unity Personal
  Type: ULF
  Expiration: 2026-09-28T04:51:23Z
[Licensing::Module] License group:
  Id: ewogICJzdWJzR3JvdXAiIDogInVuaXR5IGVkaXRvciIsCiAgIm5hbWVzcGFjZSIgOiAidW5pdHlfZWRpdG9yIiwKICAidHlwZSIgOiAiRURJVE9SIiwKICAidGFnIiA6ICJVbml0eVBlcnNvbmFsXXXX
  Product: Unity Personal Version
  Type: Assigned
  Expiration: Unlimited
Mono: successfully reloaded assembly
- Finished resetting the current domain, in  1.522 seconds
Domain Reload Profiling: 2325ms
	BeginReloadAssembly (578ms)
		ExecutionOrderSort (0ms)
		DisableScriptedObjects (108ms)
		BackupInstance (0ms)
		ReleaseScriptingObjects (0ms)
		CreateAndSetChildDomain (314ms)
	RebuildCommonClasses (34ms)
	RebuildNativeTypeToScriptingClass (12ms)
	initialDomainReloadingComplete (29ms)
	LoadAllAssembliesAndSetupDomain (149ms)
		LoadAssemblies (129ms)
		RebuildTransferFunctionScriptingTraits (0ms)
		AnalyzeDomain (120ms)
			TypeCache.Refresh (5ms)
				TypeCache.ScanAssembly (0ms)
			BuildScriptInfoCaches (88ms)
			ResolveRequiredComponents (24ms)
	FinalizeReload (1523ms)
		ReleaseScriptCaches (0ms)
		RebuildScriptCaches (0ms)
		SetupLoadedEditorAssemblies (622ms)
			LogAssemblyErrors (0ms)
			InitializePlatformSupportModulesInManaged (34ms)
			SetLoadedEditorAssemblies (3ms)
			BeforeProcessingInitializeOnLoad (124ms)
			ProcessInitializeOnLoadAttributes (386ms)
			ProcessInitializeOnLoadMethodAttributes (66ms)
			AfterProcessingInitializeOnLoad (9ms)
			EditorAssembliesLoaded (0ms)
		ExecutionOrderSort2 (0ms)
		AwakeInstancesAfterBackupRestoration (548ms)
Asset Pipeline Refresh (id=cc093e88838660749b17734d7c32099f): Total: 2.454 seconds - Initiated by StopAssetImportingV2(ForceSynchronousImport | ForceDomainReload)
	Summary:
		Imports: total=0 (actual=0, local cache=0, cache server=0)
		Asset DB Process Time: managed=0 ms, native=1598 ms
		Asset DB Callback time: managed=28 ms, native=0 ms
		Scripting: domain reloads=1, domain reload time=825 ms, compile time=1 ms, other=0 ms
		Project Asset Count: scripts=1008, non-scripts=2764
		Asset File Changes: new=0, changed=0, moved=0, deleted=0
		Scan Filter Count: 0
	InvokeCustomDependenciesCallbacks: 0.001ms
	InvokePackagesCallback: 1.338ms
	ApplyChangesToAssetFolders: 0.214ms
	Scan: 0.001ms
	OnSourceAssetsModified: 0.002ms
	CategorizeAssetsWithTransientArtifact: 0.003ms
	ProcessAssetsWithTransientArtifactChanges: 2.095ms
	CategorizeAssets: 41.047ms
	ImportOutOfDateAssets: 1529.332ms (1524.392ms without children)
		CompileScripts: 1.375ms
		CollectScriptTypesHashes: 1.174ms
		ReloadNativeAssets: 0.643ms
		UnloadImportedAssets: 1.052ms
		EnsureUptoDateAssetsAreRegisteredWithGuidPM: 0.447ms
		InitializingProgressBar: 0.000ms
		PostProcessAllAssetNotificationsAddChangedAssets: 0.000ms
		OnDemandSchedulerStart: 0.249ms
	PostProcessAllAssets: 28.637ms
	GatherAllCurrentPrimaryArtifactRevisions: 0.151ms
	UnloadStreamsBegin: 1.075ms
	PersistCurrentRevisions: 0.111ms
	UnloadStreamsEnd: 0.001ms
	GenerateScriptTypeHashes: 3.490ms
	Untracked: 850.451ms

Loaded scene 'Temp/__Backupscenes/0.backup'
	Deserialize:            1.307 ms
	Integration:            244.546 ms
	Integration of assets:  0.002 ms
	Thread Wait Time:       0.017 ms
	Total Operation Time:   245.872 ms
EMERALD_LOADED parts=4 vertices=11873 parameters=6
UnityEngine.Debug:ExtractStackTraceNoAlloc (byte*,int,string)
UnityEngine.StackTraceUtility:ExtractStackTrace ()
UnityEngine.DebugLogHandler:Internal_Log (UnityEngine.LogType,UnityEngine.LogOption,string,UnityEngine.Object)
UnityEngine.DebugLogHandler:LogFormat (UnityEngine.LogType,UnityEngine.Object,string,object[])
UnityEngine.Logger:Log (UnityEngine.LogType,object)
UnityEngine.Debug:Log (object)
EmeraldInochi.InochiStandee:Initialize () (at F:/天命之子/client/Assets/EmeraldInochi/InochiStandee.cs:94)
EmeraldInochi.InochiStandee:Attach (UnityEngine.Transform) (at F:/天命之子/client/Assets/EmeraldInochi/InochiStandee.cs:51)
Resonance.App.EmeraldLobby:TryAttach (UnityEngine.Transform,System.Collections.Generic.List`1<UnityEngine.GameObject>) (at Assets/Scripts/Resonance.App/UI/EmeraldLobby.cs:16)
Resonance.App.GameRoot:DrawHome () (at Assets/Scripts/Resonance.App/Core/GameRoot.cs:446)
Resonance.App.GameRoot:Show (Resonance.App.GameRoot/ScreenId) (at Assets/Scripts/Resonance.App/Core/GameRoot.cs:406)
Resonance.App.GameRoot:<DrawBoot>b__80_0 () (at Assets/Scripts/Resonance.App/Core/GameRoot.cs:436)
Resonance.App.BootSplash/Hold:Update () (at Assets/Scripts/Resonance.App/UI/BootSplash.cs:83)

(Filename: F:/天命之子/client/Assets/EmeraldInochi/InochiStandee.cs Line: 94)

[NATURAL-PLAY] game view portrait index=7
UnityEngine.Debug:ExtractStackTraceNoAlloc (byte*,int,string)
UnityEngine.StackTraceUtility:ExtractStackTrace ()
UnityEngine.DebugLogHandler:Internal_Log (UnityEngine.LogType,UnityEngine.LogOption,string,UnityEngine.Object)
UnityEngine.DebugLogHandler:LogFormat (UnityEngine.LogType,UnityEngine.Object,string,object[])
UnityEngine.Logger:Log (UnityEngine.LogType,object)
UnityEngine.Debug:Log (object)
Resonance.EditorTools.NaturalPlaySmoke:FocusPortraitGameView () (at Assets/Editor/Smoke/NaturalPlaySmoke.cs:247)
Resonance.EditorTools.NaturalPlaySmoke:OnPlayMode (UnityEditor.PlayModeStateChange) (at Assets/Editor/Smoke/NaturalPlaySmoke.cs:141)
UnityEditor.EditorApplication:Internal_PlayModeStateChanged (UnityEditor.PlayModeStateChange)

(Filename: Assets/Editor/Smoke/NaturalPlaySmoke.cs Line: 247)

Failed to create GICache directory at the default location: C:/Users/Administrator/AppData/LocalLow/Unity/Caches/GiCache.
[Licensing::Client] Successfully resolved entitlement details
Start Indexing on Editor startup
[Indexing] Starting Initial Indexing for Assets
Failed to create GICache directory at the default location: C:/Users/Administrator/AppData/LocalLow/Unity/Caches/GiCache.
Failed to create GICache directory at the default location: C:/Users/Administrator/AppData/LocalLow/Unity/Caches/GiCache.
Failed to create GICache directory at the default location: C:/Users/Administrator/AppData/LocalLow/Unity/Caches/GiCache.
Failed to create GICache directory at the default location: C:/Users/Administrator/AppData/LocalLow/Unity/Caches/GiCache.
Failed to create GICache directory at the default location: C:/Users/Administrator/AppData/LocalLow/Unity/Caches/GiCache.
Failed to create GICache directory at the default location: C:/Users/Administrator/AppData/LocalLow/Unity/Caches/GiCache.
Failed to create GICache directory at the default location: C:/Users/Administrator/AppData/LocalLow/Unity/Caches/GiCache.
Failed to create GICache directory at the default location: C:/Users/Administrator/AppData/LocalLow/Unity/Caches/GiCache.
Failed to create GICache directory at the default location: C:/Users/Administrator/AppData/LocalLow/Unity/Caches/GiCache.
Failed to create GICache directory at the default location: C:/Users/Administrator/AppData/LocalLow/Unity/Caches/GiCache.
Failed to create GICache directory at the default location: C:/Users/Administrator/AppData/LocalLow/Unity/Caches/GiCache.
Failed to create GICache directory at the default location: C:/Users/Administrator/AppData/LocalLow/Unity/Caches/GiCache.
Failed to create GICache directory at the default location: C:/Users/Administrator/AppData/LocalLow/Unity/Caches/GiCache.
Failed to create GICache directory at the default location: C:/Users/Administrator/AppData/LocalLow/Unity/Caches/GiCache.
Failed to create GICache directory at the default location: C:/Users/Administrator/AppData/LocalLow/Unity/Caches/GiCache.
Failed to create GICache directory at the default location: C:/Users/Administrator/AppData/LocalLow/Unity/Caches/GiCache.
Failed to create GICache directory at the default location: C:/Users/Administrator/AppData/LocalLow/Unity/Caches/GiCache.
Failed to create GICache directory at the default location: C:/Users/Administrator/AppData/LocalLow/Unity/Caches/GiCache.
Failed to create GICache directory at the default location: C:/Users/Administrator/AppData/LocalLow/Unity/Caches/GiCache.
Failed to create GICache directory at the default location: C:/Users/Administrator/AppData/LocalLow/Unity/Caches/GiCache.
Failed to create GICache directory at the default location: C:/Users/Administrator/AppData/LocalLow/Unity/Caches/GiCache.
Failed to create GICache directory at the default location: C:/Users/Administrator/AppData/LocalLow/Unity/Caches/GiCache.
Failed to create GICache directory at the default location: C:/Users/Administrator/AppData/LocalLow/Unity/Caches/GiCache.
Failed to create GICache directory at the default location: C:/Users/Administrator/AppData/LocalLow/Unity/Caches/GiCache.
Failed to create GICache directory at the default location: C:/Users/Administrator/AppData/LocalLow/Unity/Caches/GiCache.
Failed to create GICache directory at the default location: C:/Users/Administrator/AppData/LocalLow/Unity/Caches/GiCache.
Failed to create GICache directory at the default location: C:/Users/Administrator/AppData/LocalLow/Unity/Caches/GiCache.
Failed to create GICache directory at the default location: C:/Users/Administrator/AppData/LocalLow/Unity/Caches/GiCache.
Failed to create GICache directory at the default location: C:/Users/Administrator/AppData/LocalLow/Unity/Caches/GiCache.
Failed to create GICache directory at the default location: C:/Users/Administrator/AppData/LocalLow/Unity/Caches/GiCache.
Failed to create GICache directory at the default location: C:/Users/Administrator/AppData/LocalLow/Unity/Caches/GiCache.
Failed to create GICache directory at the default location: C:/Users/Administrator/AppData/LocalLow/Unity/Caches/GiCache.
Failed to create GICache directory at the default location: C:/Users/Administrator/AppData/LocalLow/Unity/Caches/GiCache.
Failed to create GICache directory at the default location: C:/Users/Administrator/AppData/LocalLow/Unity/Caches/GiCache.
Failed to create GICache directory at the default location: C:/Users/Administrator/AppData/LocalLow/Unity/Caches/GiCache.
Failed to create GICache directory at the default location: C:/Users/Administrator/AppData/LocalLow/Unity/Caches/GiCache.
Failed to create GICache directory at the default location: C:/Users/Administrator/AppData/LocalLow/Unity/Caches/GiCache.
Failed to create GICache directory at the default location: C:/Users/Administrator/AppData/LocalLow/Unity/Caches/GiCache.
Failed to create GICache directory at the default location: C:/Users/Administrator/AppData/LocalLow/Unity/Caches/GiCache.
Failed to create GICache directory at the default location: C:/Users/Administrator/AppData/LocalLow/Unity/Caches/GiCache.
Failed to create GICache directory at the default location: C:/Users/Administrator/AppData/LocalLow/Unity/Caches/GiCache.
Failed to create GICache directory at the default location: C:/Users/Administrator/AppData/LocalLow/Unity/Caches/GiCache.
Failed to create GICache directory at the default location: C:/Users/Administrator/AppData/LocalLow/Unity/Caches/GiCache.
Failed to create GICache directory at the default location: C:/Users/Administrator/AppData/LocalLow/Unity/Caches/GiCache.
Failed to create GICache directory at the default location: C:/Users/Administrator/AppData/LocalLow/Unity/Caches/GiCache.
Failed to create GICache directory at the default location: C:/Users/Administrator/AppData/LocalLow/Unity/Caches/GiCache.
Failed to create GICache directory at the default location: C:/Users/Administrator/AppData/LocalLow/Unity/Caches/GiCache.
Failed to create GICache directory at the default location: C:/Users/Administrator/AppData/LocalLow/Unity/Caches/GiCache.
Failed to create GICache directory at the default location: C:/Users/Administrator/AppData/LocalLow/Unity/Caches/GiCache.
Failed to create GICache directory at the default location: C:/Users/Administrator/AppData/LocalLow/Unity/Caches/GiCache.
Failed to create GICache directory at the default location: C:/Users/Administrator/AppData/LocalLow/Unity/Caches/GiCache.
Failed to create GICache directory at the default location: C:/Users/Administrator/AppData/LocalLow/Unity/Caches/GiCache.
Failed to create GICache directory at the default location: C:/Users/Administrator/AppData/LocalLow/Unity/Caches/GiCache.
Failed to create GICache directory at the default location: C:/Users/Administrator/AppData/LocalLow/Unity/Caches/GiCache.
Failed to create GICache directory at the default location: C:/Users/Administrator/AppData/LocalLow/Unity/Caches/GiCache.
Failed to create GICache directory at the default location: C:/Users/Administrator/AppData/LocalLow/Unity/Caches/GiCache.
Failed to create GICache directory at the default location: C:/Users/Administrator/AppData/LocalLow/Unity/Caches/GiCache.
Failed to create GICache directory at the default location: C:/Users/Administrator/AppData/LocalLow/Unity/Caches/GiCache.
Failed to create GICache directory at the default location: C:/Users/Administrator/AppData/LocalLow/Unity/Caches/GiCache.
Failed to create GICache directory at the default location: C:/Users/Administrator/AppData/LocalLow/Unity/Caches/GiCache.
Failed to create GICache directory at the default location: C:/Users/Administrator/AppData/LocalLow/Unity/Caches/GiCache.
Failed to create GICache directory at the default location: C:/Users/Administrator/AppData/LocalLow/Unity/Caches/GiCache.
Failed to create GICache directory at the default location: C:/Users/Administrator/AppData/LocalLow/Unity/Caches/GiCache.
Failed to create GICache directory at the default location: C:/Users/Administrator/AppData/LocalLow/Unity/Caches/GiCache.
Failed to create GICache directory at the default location: C:/Users/Administrator/AppData/LocalLow/Unity/Caches/GiCache.
Failed to create GICache directory at the default location: C:/Users/Administrator/AppData/LocalLow/Unity/Caches/GiCache.
Failed to create GICache directory at the default location: C:/Users/Administrator/AppData/LocalLow/Unity/Caches/GiCache.
Failed to create GICache directory at the default location: C:/Users/Administrator/AppData/LocalLow/Unity/Caches/GiCache.
Failed to create GICache directory at the default location: C:/Users/Administrator/AppData/LocalLow/Unity/Caches/GiCache.
Failed to create GICache directory at the default location: C:/Users/Administrator/AppData/LocalLow/Unity/Caches/GiCache.
Failed to create GICache directory at the default location: C:/Users/Administrator/AppData/LocalLow/Unity/Caches/GiCache.
Failed to create GICache directory at the default location: C:/Users/Administrator/AppData/LocalLow/Unity/Caches/GiCache.
Failed to create GICache directory at the default location: C:/Users/Administrator/AppData/LocalLow/Unity/Caches/GiCache.
Failed to create GICache directory at the default location: C:/Users/Administrator/AppData/LocalLow/Unity/Caches/GiCache.
Failed to create GICache directory at the default location: C:/Users/Administrator/AppData/LocalLow/Unity/Caches/GiCache.
Failed to create GICache directory at the default location: C:/Users/Administrator/AppData/LocalLow/Unity/Caches/GiCache.
Failed to create GICache directory at the default location: C:/Users/Administrator/AppData/LocalLow/Unity/Caches/GiCache.
Failed to create GICache directory at the default location: C:/Users/Administrator/AppData/LocalLow/Unity/Caches/GiCache.
Failed to create GICache directory at the default location: C:/Users/Administrator/AppData/LocalLow/Unity/Caches/GiCache.
Failed to create GICache directory at the default location: C:/Users/Administrator/AppData/LocalLow/Unity/Caches/GiCache.
Failed to create GICache directory at the default location: C:/Users/Administrator/AppData/LocalLow/Unity/Caches/GiCache.
Failed to create GICache directory at the default location: C:/Users/Administrator/AppData/LocalLow/Unity/Caches/GiCache.
Failed to create GICache directory at the default location: C:/Users/Administrator/AppData/LocalLow/Unity/Caches/GiCache.
Failed to create GICache directory at the default location: C:/Users/Administrator/AppData/LocalLow/Unity/Caches/GiCache.
Failed to create GICache directory at the default location: C:/Users/Administrator/AppData/LocalLow/Unity/Caches/GiCache.
Failed to create GICache directory at the default location: C:/Users/Administrator/AppData/LocalLow/Unity/Caches/GiCache.
Failed to create GICache directory at the default location: C:/Users/Administrator/AppData/LocalLow/Unity/Caches/GiCache.
Failed to create GICache directory at the default location: C:/Users/Administrator/AppData/LocalLow/Unity/Caches/GiCache.
Failed to create GICache directory at the default location: C:/Users/Administrator/AppData/LocalLow/Unity/Caches/GiCache.
Failed to create GICache directory at the default location: C:/Users/Administrator/AppData/LocalLow/Unity/Caches/GiCache.
Failed to create GICache directory at the default location: C:/Users/Administrator/AppData/LocalLow/Unity/Caches/GiCache.
Failed to create GICache directory at the default location: C:/Users/Administrator/AppData/LocalLow/Unity/Caches/GiCache.
Failed to create GICache directory at the default location: C:/Users/Administrator/AppData/LocalLow/Unity/Caches/GiCache.
Failed to create GICache directory at the default location: C:/Users/Administrator/AppData/LocalLow/Unity/Caches/GiCache.
Failed to create GICache directory at the default location: C:/Users/Administrator/AppData/LocalLow/Unity/Caches/GiCache.
Failed to create GICache directory at the default location: C:/Users/Administrator/AppData/LocalLow/Unity/Caches/GiCache.
Failed to create GICache directory at the default location: C:/Users/Administrator/AppData/LocalLow/Unity/Caches/GiCache.
Failed to create GICache directory at the default location: C:/Users/Administrator/AppData/LocalLow/Unity/Caches/GiCache.
Failed to create GICache directory at the default location: C:/Users/Administrator/AppData/LocalLow/Unity/Caches/GiCache.
Failed to create GICache directory at the default location: C:/Users/Administrator/AppData/LocalLow/Unity/Caches/GiCache.
Failed to create GICache directory at the default location: C:/Users/Administrator/AppData/LocalLow/Unity/Caches/GiCache.
Failed to create GICache directory at the default location: C:/Users/Administrator/AppData/LocalLow/Unity/Caches/GiCache.
Failed to create GICache directory at the default location: C:/Users/Administrator/AppData/LocalLow/Unity/Caches/GiCache.
Failed to create GICache directory at the default location: C:/Users/Administrator/AppData/LocalLow/Unity/Caches/GiCache.
Failed to create GICache directory at the default location: C:/Users/Administrator/AppData/LocalLow/Unity/Caches/GiCache.
Failed to create GICache directory at the default location: C:/Users/Administrator/AppData/LocalLow/Unity/Caches/GiCache.
Failed to create GICache directory at the default location: C:/Users/Administrator/AppData/LocalLow/Unity/Caches/GiCache.
Failed to create GICache directory at the default location: C:/Users/Administrator/AppData/LocalLow/Unity/Caches/GiCache.
Failed to create GICache directory at the default location: C:/Users/Administrator/AppData/LocalLow/Unity/Caches/GiCache.
Failed to create GICache directory at the default location: C:/Users/Administrator/AppData/LocalLow/Unity/Caches/GiCache.
Failed to create GICache directory at the default location: C:/Users/Administrator/AppData/LocalLow/Unity/Caches/GiCache.
Failed to create GICache directory at the default location: C:/Users/Administrator/AppData/LocalLow/Unity/Caches/GiCache.
Failed to create GICache directory at the default location: C:/Users/Administrator/AppData/LocalLow/Unity/Caches/GiCache.
Failed to create GICache directory at the default location: C:/Users/Administrator/AppData/LocalLow/Unity/Caches/GiCache.
Failed to create GICache directory at the default location: C:/Users/Administrator/AppData/LocalLow/Unity/Caches/GiCache.
Failed to create GICache directory at the default location: C:/Users/Administrator/AppData/LocalLow/Unity/Caches/GiCache.
Failed to create GICache directory at the default location: C:/Users/Administrator/AppData/LocalLow/Unity/Caches/GiCache.
Failed to create GICache directory at the default location: C:/Users/Administrator/AppData/LocalLow/Unity/Caches/GiCache.
Failed to create GICache directory at the default location: C:/Users/Administrator/AppData/LocalLow/Unity/Caches/GiCache.
Failed to create GICache directory at the default location: C:/Users/Administrator/AppData/LocalLow/Unity/Caches/GiCache.
Failed to create GICache directory at the default location: C:/Users/Administrator/AppData/LocalLow/Unity/Caches/GiCache.
Failed to create GICache directory at the default location: C:/Users/Administrator/AppData/LocalLow/Unity/Caches/GiCache.
Failed to create GICache directory at the default location: C:/Users/Administrator/AppData/LocalLow/Unity/Caches/GiCache.
Failed to create GICache directory at the default location: C:/Users/Administrator/AppData/LocalLow/Unity/Caches/GiCache.
Failed to create GICache directory at the default location: C:/Users/Administrator/AppData/LocalLow/Unity/Caches/GiCache.
Failed to create GICache directory at the default location: C:/Users/Administrator/AppData/LocalLow/Unity/Caches/GiCache.
Failed to create GICache directory at the default location: C:/Users/Administrator/AppData/LocalLow/Unity/Caches/GiCache.
Failed to create GICache directory at the default location: C:/Users/Administrator/AppData/LocalLow/Unity/Caches/GiCache.
Failed to create GICache directory at the default location: C:/Users/Administrator/AppData/LocalLow/Unity/Caches/GiCache.
Failed to create GICache directory at the default location: C:/Users/Administrator/AppData/LocalLow/Unity/Caches/GiCache.
Failed to create GICache directory at the default location: C:/Users/Administrator/AppData/LocalLow/Unity/Caches/GiCache.
Failed to create GICache directory at the default location: C:/Users/Administrator/AppData/LocalLow/Unity/Caches/GiCache.
Failed to create GICache directory at the default location: C:/Users/Administrator/AppData/LocalLow/Unity/Caches/GiCache.
Failed to create GICache directory at the default location: C:/Users/Administrator/AppData/LocalLow/Unity/Caches/GiCache.
Failed to create GICache directory at the default location: C:/Users/Administrator/AppData/LocalLow/Unity/Caches/GiCache.
Failed to create GICache directory at the default location: C:/Users/Administrator/AppData/LocalLow/Unity/Caches/GiCache.
Failed to create GICache directory at the default location: C:/Users/Administrator/AppData/LocalLow/Unity/Caches/GiCache.
Failed to create GICache directory at the default location: C:/Users/Administrator/AppData/LocalLow/Unity/Caches/GiCache.
Failed to create GICache directory at the default location: C:/Users/Administrator/AppData/LocalLow/Unity/Caches/GiCache.
Failed to create GICache directory at the default location: C:/Users/Administrator/AppData/LocalLow/Unity/Caches/GiCache.
Failed to create GICache directory at the default location: C:/Users/Administrator/AppData/LocalLow/Unity/Caches/GiCache.
Failed to create GICache directory at the default location: C:/Users/Administrator/AppData/LocalLow/Unity/Caches/GiCache.
Failed to create GICache directory at the default location: C:/Users/Administrator/AppData/LocalLow/Unity/Caches/GiCache.
Failed to create GICache directory at the default location: C:/Users/Administrator/AppData/LocalLow/Unity/Caches/GiCache.
Failed to create GICache directory at the default location: C:/Users/Administrator/AppData/LocalLow/Unity/Caches/GiCache.
Failed to create GICache directory at the default location: C:/Users/Administrator/AppData/LocalLow/Unity/Caches/GiCache.
Failed to create GICache directory at the default location: C:/Users/Administrator/AppData/LocalLow/Unity/Caches/GiCache.
Failed to create GICache directory at the default location: C:/Users/Administrator/AppData/LocalLow/Unity/Caches/GiCache.
Failed to create GICache directory at the default location: C:/Users/Administrator/AppData/LocalLow/Unity/Caches/GiCache.
Failed to create GICache directory at the default location: C:/Users/Administrator/AppData/LocalLow/Unity/Caches/GiCache.
Failed to create GICache directory at the default location: C:/Users/Administrator/AppData/LocalLow/Unity/Caches/GiCache.
Failed to create GICache directory at the default location: C:/Users/Administrator/AppData/LocalLow/Unity/Caches/GiCache.
Failed to create GICache directory at the default location: C:/Users/Administrator/AppData/LocalLow/Unity/Caches/GiCache.
Failed to create GICache directory at the default location: C:/Users/Administrator/AppData/LocalLow/Unity/Caches/GiCache.
Failed to create GICache directory at the default location: C:/Users/Administrator/AppData/LocalLow/Unity/Caches/GiCache.
Failed to create GICache directory at the default location: C:/Users/Administrator/AppData/LocalLow/Unity/Caches/GiCache.
Failed to create GICache directory at the default location: C:/Users/Administrator/AppData/LocalLow/Unity/Caches/GiCache.
Failed to create GICache directory at the default location: C:/Users/Administrator/AppData/LocalLow/Unity/Caches/GiCache.
Failed to create GICache directory at the default location: C:/Users/Administrator/AppData/LocalLow/Unity/Caches/GiCache.
Failed to create GICache directory at the default location: C:/Users/Administrator/AppData/LocalLow/Unity/Caches/GiCache.
Failed to create GICache directory at the default location: C:/Users/Administrator/AppData/LocalLow/Unity/Caches/GiCache.
Failed to create GICache directory at the default location: C:/Users/Administrator/AppData/LocalLow/Unity/Caches/GiCache.
Failed to create GICache directory at the default location: C:/Users/Administrator/AppData/LocalLow/Unity/Caches/GiCache.
Failed to create GICache directory at the default location: C:/Users/Administrator/AppData/LocalLow/Unity/Caches/GiCache.
Failed to create GICache directory at the default location: C:/Users/Administrator/AppData/LocalLow/Unity/Caches/GiCache.
Failed to create GICache directory at the default location: C:/Users/Administrator/AppData/LocalLow/Unity/Caches/GiCache.
Failed to create GICache directory at the default location: C:/Users/Administrator/AppData/LocalLow/Unity/Caches/GiCache.
Failed to create GICache directory at the default location: C:/Users/Administrator/AppData/LocalLow/Unity/Caches/GiCache.
Failed to create GICache directory at the default location: C:/Users/Administrator/AppData/LocalLow/Unity/Caches/GiCache.
Failed to create GICache directory at the default location: C:/Users/Administrator/AppData/LocalLow/Unity/Caches/GiCache.
Failed to create GICache directory at the default location: C:/Users/Administrator/AppData/LocalLow/Unity/Caches/GiCache.
Failed to create GICache directory at the default location: C:/Users/Administrator/AppData/LocalLow/Unity/Caches/GiCache.
Failed to create GICache directory at the default location: C:/Users/Administrator/AppData/LocalLow/Unity/Caches/GiCache.
Failed to create GICache directory at the default location: C:/Users/Administrator/AppData/LocalLow/Unity/Caches/GiCache.
Failed to create GICache directory at the default location: C:/Users/Administrator/AppData/LocalLow/Unity/Caches/GiCache.
Failed to create GICache directory at the default location: C:/Users/Administrator/AppData/LocalLow/Unity/Caches/GiCache.
Failed to create GICache directory at the default location: C:/Users/Administrator/AppData/LocalLow/Unity/Caches/GiCache.
Failed to create GICache directory at the default location: C:/Users/Administrator/AppData/LocalLow/Unity/Caches/GiCache.
Failed to create GICache directory at the default location: C:/Users/Administrator/AppData/LocalLow/Unity/Caches/GiCache.
Failed to create GICache directory at the default location: C:/Users/Administrator/AppData/LocalLow/Unity/Caches/GiCache.
Failed to create GICache directory at the default location: C:/Users/Administrator/AppData/LocalLow/Unity/Caches/GiCache.
Failed to create GICache directory at the default location: C:/Users/Administrator/AppData/LocalLow/Unity/Caches/GiCache.
Failed to create GICache directory at the default location: C:/Users/Administrator/AppData/LocalLow/Unity/Caches/GiCache.
Failed to create GICache directory at the default location: C:/Users/Administrator/AppData/LocalLow/Unity/Caches/GiCache.
Failed to create GICache directory at the default location: C:/Users/Administrator/AppData/LocalLow/Unity/Caches/GiCache.
Failed to create GICache directory at the default location: C:/Users/Administrator/AppData/LocalLow/Unity/Caches/GiCache.
Failed to create GICache directory at the default location: C:/Users/Administrator/AppData/LocalLow/Unity/Caches/GiCache.
Failed to create GICache directory at the default location: C:/Users/Administrator/AppData/LocalLow/Unity/Caches/GiCache.
Failed to create GICache directory at the default location: C:/Users/Administrator/AppData/LocalLow/Unity/Caches/GiCache.
Failed to create GICache directory at the default location: C:/Users/Administrator/AppData/LocalLow/Unity/Caches/GiCache.
Failed to create GICache directory at the default location: C:/Users/Administrator/AppData/LocalLow/Unity/Caches/GiCache.
Failed to create GICache directory at the default location: C:/Users/Administrator/AppData/LocalLow/Unity/Caches/GiCache.
Failed to create GICache directory at the default location: C:/Users/Administrator/AppData/LocalLow/Unity/Caches/GiCache.
Failed to create GICache directory at the default location: C:/Users/Administrator/AppData/LocalLow/Unity/Caches/GiCache.
Failed to create GICache directory at the default location: C:/Users/Administrator/AppData/LocalLow/Unity/Caches/GiCache.
Failed to create GICache directory at the default location: C:/Users/Administrator/AppData/LocalLow/Unity/Caches/GiCache.
Failed to create GICache directory at the default location: C:/Users/Administrator/AppData/LocalLow/Unity/Caches/GiCache.
Failed to create GICache directory at the default location: C:/Users/Administrator/AppData/LocalLow/Unity/Caches/GiCache.
Failed to create GICache directory at the default location: C:/Users/Administrator/AppData/LocalLow/Unity/Caches/GiCache.
Failed to create GICache directory at the default location: C:/Users/Administrator/AppData/LocalLow/Unity/Caches/GiCache.
Failed to create GICache directory at the default location: C:/Users/Administrator/AppData/LocalLow/Unity/Caches/GiCache.
Failed to create GICache directory at the default location: C:/Users/Administrator/AppData/LocalLow/Unity/Caches/GiCache.
Failed to create GICache directory at the default location: C:/Users/Administrator/AppData/LocalLow/Unity/Caches/GiCache.
Failed to create GICache directory at the default location: C:/Users/Administrator/AppData/LocalLow/Unity/Caches/GiCache.
Failed to create GICache directory at the default location: C:/Users/Administrator/AppData/LocalLow/Unity/Caches/GiCache.
Failed to create GICache directory at the default location: C:/Users/Administrator/AppData/LocalLow/Unity/Caches/GiCache.
Failed to create GICache directory at the default location: C:/Users/Administrator/AppData/LocalLow/Unity/Caches/GiCache.
Failed to create GICache directory at the default location: C:/Users/Administrator/AppData/LocalLow/Unity/Caches/GiCache.
Failed to create GICache directory at the default location: C:/Users/Administrator/AppData/LocalLow/Unity/Caches/GiCache.
Failed to create GICache directory at the default location: C:/Users/Administrator/AppData/LocalLow/Unity/Caches/GiCache.
Failed to create GICache directory at the default location: C:/Users/Administrator/AppData/LocalLow/Unity/Caches/GiCache.
Failed to create GICache directory at the default location: C:/Users/Administrator/AppData/LocalLow/Unity/Caches/GiCache.
Failed to create GICache directory at the default location: C:/Users/Administrator/AppData/LocalLow/Unity/Caches/GiCache.
Failed to create GICache directory at the default location: C:/Users/Administrator/AppData/LocalLow/Unity/Caches/GiCache.
Failed to create GICache directory at the default location: C:/Users/Administrator/AppData/LocalLow/Unity/Caches/GiCache.
Failed to create GICache directory at the default location: C:/Users/Administrator/AppData/LocalLow/Unity/Caches/GiCache.
Failed to create GICache directory at the default location: C:/Users/Administrator/AppData/LocalLow/Unity/Caches/GiCache.
Failed to create GICache directory at the default location: C:/Users/Administrator/AppData/LocalLow/Unity/Caches/GiCache.
Failed to create GICache directory at the default location: C:/Users/Administrator/AppData/LocalLow/Unity/Caches/GiCache.
Failed to create GICache directory at the default location: C:/Users/Administrator/AppData/LocalLow/Unity/Caches/GiCache.
Failed to create GICache directory at the default location: C:/Users/Administrator/AppData/LocalLow/Unity/Caches/GiCache.
Failed to create GICache directory at the default location: C:/Users/Administrator/AppData/LocalLow/Unity/Caches/GiCache.
Failed to create GICache directory at the default location: C:/Users/Administrator/AppData/LocalLow/Unity/Caches/GiCache.
Failed to create GICache directory at the default location: C:/Users/Administrator/AppData/LocalLow/Unity/Caches/GiCache.
Failed to create GICache directory at the default location: C:/Users/Administrator/AppData/LocalLow/Unity/Caches/GiCache.
Failed to create GICache directory at the default location: C:/Users/Administrator/AppData/LocalLow/Unity/Caches/GiCache.
Failed to create GICache directory at the default location: C:/Users/Administrator/AppData/LocalLow/Unity/Caches/GiCache.
Failed to create GICache directory at the default location: C:/Users/Administrator/AppData/LocalLow/Unity/Caches/GiCache.
Failed to create GICache directory at the default location: C:/Users/Administrator/AppData/LocalLow/Unity/Caches/GiCache.
Failed to create GICache directory at the default location: C:/Users/Administrator/AppData/LocalLow/Unity/Caches/GiCache.
Failed to create GICache directory at the default location: C:/Users/Administrator/AppData/LocalLow/Unity/Caches/GiCache.
Failed to create GICache directory at the default location: C:/Users/Administrator/AppData/LocalLow/Unity/Caches/GiCache.
Failed to create GICache directory at the default location: C:/Users/Administrator/AppData/LocalLow/Unity/Caches/GiCache.
Failed to create GICache directory at the default location: C:/Users/Administrator/AppData/LocalLow/Unity/Caches/GiCache.
Failed to create GICache directory at the default location: C:/Users/Administrator/AppData/LocalLow/Unity/Caches/GiCache.
Failed to create GICache directory at the default location: C:/Users/Administrator/AppData/LocalLow/Unity/Caches/GiCache.
Failed to create GICache directory at the default location: C:/Users/Administrator/AppData/LocalLow/Unity/Caches/GiCache.
Failed to create GICache directory at the default location: C:/Users/Administrator/AppData/LocalLow/Unity/Caches/GiCache.
Failed to create GICache directory at the default location: C:/Users/Administrator/AppData/LocalLow/Unity/Caches/GiCache.
Failed to create GICache directory at the default location: C:/Users/Administrator/AppData/LocalLow/Unity/Caches/GiCache.
Failed to create GICache directory at the default location: C:/Users/Administrator/AppData/LocalLow/Unity/Caches/GiCache.
Failed to create GICache directory at the default location: C:/Users/Administrator/AppData/LocalLow/Unity/Caches/GiCache.
Failed to create GICache directory at the default location: C:/Users/Administrator/AppData/LocalLow/Unity/Caches/GiCache.
Failed to create GICache directory at the default location: C:/Users/Administrator/AppData/LocalLow/Unity/Caches/GiCache.
Failed to create GICache directory at the default location: C:/Users/Administrator/AppData/LocalLow/Unity/Caches/GiCache.
Failed to create GICache directory at the default location: C:/Users/Administrator/AppData/LocalLow/Unity/Caches/GiCache.
Failed to create GICache directory at the default location: C:/Users/Administrator/AppData/LocalLow/Unity/Caches/GiCache.
Failed to create GICache directory at the default location: C:/Users/Administrator/AppData/LocalLow/Unity/Caches/GiCache.
Failed to create GICache directory at the default location: C:/Users/Administrator/AppData/LocalLow/Unity/Caches/GiCache.
Failed to create GICache directory at the default location: C:/Users/Administrator/AppData/LocalLow/Unity/Caches/GiCache.
Failed to create GICache directory at the default location: C:/Users/Administrator/AppData/LocalLow/Unity/Caches/GiCache.
Failed to create GICache directory at the default location: C:/Users/Administrator/AppData/LocalLow/Unity/Caches/GiCache.
Failed to create GICache directory at the default location: C:/Users/Administrator/AppData/LocalLow/Unity/Caches/GiCache.
Failed to create GICache directory at the default location: C:/Users/Administrator/AppData/LocalLow/Unity/Caches/GiCache.
Failed to create GICache directory at the default location: C:/Users/Administrator/AppData/LocalLow/Unity/Caches/GiCache.
Failed to create GICache directory at the default location: C:/Users/Administrator/AppData/LocalLow/Unity/Caches/GiCache.
Failed to create GICache directory at the default location: C:/Users/Administrator/AppData/LocalLow/Unity/Caches/GiCache.
Failed to create GICache directory at the default location: C:/Users/Administrator/AppData/LocalLow/Unity/Caches/GiCache.
Failed to create GICache directory at the default location: C:/Users/Administrator/AppData/LocalLow/Unity/Caches/GiCache.
Failed to create GICache directory at the default location: C:/Users/Administrator/AppData/LocalLow/Unity/Caches/GiCache.
Failed to create GICache directory at the default location: C:/Users/Administrator/AppData/LocalLow/Unity/Caches/GiCache.
Failed to create GICache directory at the default location: C:/Users/Administrator/AppData/LocalLow/Unity/Caches/GiCache.
Failed to create GICache directory at the default location: C:/Users/Administrator/AppData/LocalLow/Unity/Caches/GiCache.
Failed to create GICache directory at the default location: C:/Users/Administrator/AppData/LocalLow/Unity/Caches/GiCache.
Failed to create GICache directory at the default location: C:/Users/Administrator/AppData/LocalLow/Unity/Caches/GiCache.
Failed to create GICache directory at the default location: C:/Users/Administrator/AppData/LocalLow/Unity/Caches/GiCache.
Failed to create GICache directory at the default location: C:/Users/Administrator/AppData/LocalLow/Unity/Caches/GiCache.
Failed to create GICache directory at the default location: C:/Users/Administrator/AppData/LocalLow/Unity/Caches/GiCache.
Failed to create GICache directory at the default location: C:/Users/Administrator/AppData/LocalLow/Unity/Caches/GiCache.
Failed to create GICache directory at the default location: C:/Users/Administrator/AppData/LocalLow/Unity/Caches/GiCache.
Failed to create GICache directory at the default location: C:/Users/Administrator/AppData/LocalLow/Unity/Caches/GiCache.
Failed to create GICache directory at the default location: C:/Users/Administrator/AppData/LocalLow/Unity/Caches/GiCache.
Failed to create GICache directory at the default location: C:/Users/Administrator/AppData/LocalLow/Unity/Caches/GiCache.
Failed to create GICache directory at the default location: C:/Users/Administrator/AppData/LocalLow/Unity/Caches/GiCache.
Failed to create GICache directory at the default location: C:/Users/Administrator/AppData/LocalLow/Unity/Caches/GiCache.
Failed to create GICache directory at the default location: C:/Users/Administrator/AppData/LocalLow/Unity/Caches/GiCache.
Failed to create GICache directory at the default location: C:/Users/Administrator/AppData/LocalLow/Unity/Caches/GiCache.
Failed to create GICache directory at the default location: C:/Users/Administrator/AppData/LocalLow/Unity/Caches/GiCache.
Failed to create GICache directory at the default location: C:/Users/Administrator/AppData/LocalLow/Unity/Caches/GiCache.
Failed to create GICache directory at the default location: C:/Users/Administrator/AppData/LocalLow/Unity/Caches/GiCache.
Failed to create GICache directory at the default location: C:/Users/Administrator/AppData/LocalLow/Unity/Caches/GiCache.
Failed to create GICache directory at the default location: C:/Users/Administrator/AppData/LocalLow/Unity/Caches/GiCache.
Failed to create GICache directory at the default location: C:/Users/Administrator/AppData/LocalLow/Unity/Caches/GiCache.
Failed to create GICache directory at the default location: C:/Users/Administrator/AppData/LocalLow/Unity/Caches/GiCache.
Failed to create GICache directory at the default location: C:/Users/Administrator/AppData/LocalLow/Unity/Caches/GiCache.
Failed to create GICache directory at the default location: C:/Users/Administrator/AppData/LocalLow/Unity/Caches/GiCache.
Failed to create GICache directory at the default location: C:/Users/Administrator/AppData/LocalLow/Unity/Caches/GiCache.
Failed to create GICache directory at the default location: C:/Users/Administrator/AppData/LocalLow/Unity/Caches/GiCache.
Failed to create GICache directory at the default location: C:/Users/Administrator/AppData/LocalLow/Unity/Caches/GiCache.
Failed to create GICache directory at the default location: C:/Users/Administrator/AppData/LocalLow/Unity/Caches/GiCache.
Failed to create GICache directory at the default location: C:/Users/Administrator/AppData/LocalLow/Unity/Caches/GiCache.
Failed to create GICache directory at the default location: C:/Users/Administrator/AppData/LocalLow/Unity/Caches/GiCache.
Failed to create GICache directory at the default location: C:/Users/Administrator/AppData/LocalLow/Unity/Caches/GiCache.
Failed to create GICache directory at the default location: C:/Users/Administrator/AppData/LocalLow/Unity/Caches/GiCache.
Failed to create GICache directory at the default location: C:/Users/Administrator/AppData/LocalLow/Unity/Caches/GiCache.
Failed to create GICache directory at the default location: C:/Users/Administrator/AppData/LocalLow/Unity/Caches/GiCache.
Failed to create GICache directory at the default location: C:/Users/Administrator/AppData/LocalLow/Unity/Caches/GiCache.
Failed to create GICache directory at the default location: C:/Users/Administrator/AppData/LocalLow/Unity/Caches/GiCache.
Failed to create GICache directory at the default location: C:/Users/Administrator/AppData/LocalLow/Unity/Caches/GiCache.
Failed to create GICache directory at the default location: C:/Users/Administrator/AppData/LocalLow/Unity/Caches/GiCache.
Failed to create GICache directory at the default location: C:/Users/Administrator/AppData/LocalLow/Unity/Caches/GiCache.
Failed to create GICache directory at the default location: C:/Users/Administrator/AppData/LocalLow/Unity/Caches/GiCache.
Failed to create GICache directory at the default location: C:/Users/Administrator/AppData/LocalLow/Unity/Caches/GiCache.
Failed to create GICache directory at the default location: C:/Users/Administrator/AppData/LocalLow/Unity/Caches/GiCache.
Failed to create GICache directory at the default location: C:/Users/Administrator/AppData/LocalLow/Unity/Caches/GiCache.
Failed to create GICache directory at the default location: C:/Users/Administrator/AppData/LocalLow/Unity/Caches/GiCache.
Failed to create GICache directory at the default location: C:/Users/Administrator/AppData/LocalLow/Unity/Caches/GiCache.
Failed to create GICache directory at the default location: C:/Users/Administrator/AppData/LocalLow/Unity/Caches/GiCache.
Failed to create GICache directory at the default location: C:/Users/Administrator/AppData/LocalLow/Unity/Caches/GiCache.
Failed to create GICache directory at the default location: C:/Users/Administrator/AppData/LocalLow/Unity/Caches/GiCache.
Failed to create GICache directory at the default location: C:/Users/Administrator/AppData/LocalLow/Unity/Caches/GiCache.
Failed to create GICache directory at the default location: C:/Users/Administrator/AppData/LocalLow/Unity/Caches/GiCache.
Failed to create GICache directory at the default location: C:/Users/Administrator/AppData/LocalLow/Unity/Caches/GiCache.
Failed to create GICache directory at the default location: C:/Users/Administrator/AppData/LocalLow/Unity/Caches/GiCache.
Failed to create GICache directory at the default location: C:/Users/Administrator/AppData/LocalLow/Unity/Caches/GiCache.
Failed to create GICache directory at the default location: C:/Users/Administrator/AppData/LocalLow/Unity/Caches/GiCache.
Failed to create GICache directory at the default location: C:/Users/Administrator/AppData/LocalLow/Unity/Caches/GiCache.
Failed to create GICache directory at the default location: C:/Users/Administrator/AppData/LocalLow/Unity/Caches/GiCache.
Failed to create GICache directory at the default location: C:/Users/Administrator/AppData/LocalLow/Unity/Caches/GiCache.
Failed to create GICache directory at the default location: C:/Users/Administrator/AppData/LocalLow/Unity/Caches/GiCache.
Failed to create GICache directory at the default location: C:/Users/Administrator/AppData/LocalLow/Unity/Caches/GiCache.
Failed to create GICache directory at the default location: C:/Users/Administrator/AppData/LocalLow/Unity/Caches/GiCache.
Failed to create GICache directory at the default location: C:/Users/Administrator/AppData/LocalLow/Unity/Caches/GiCache.
Failed to create GICache directory at the default location: C:/Users/Administrator/AppData/LocalLow/Unity/Caches/GiCache.
Failed to create GICache directory at the default location: C:/Users/Administrator/AppData/LocalLow/Unity/Caches/GiCache.
Failed to create GICache directory at the default location: C:/Users/Administrator/AppData/LocalLow/Unity/Caches/GiCache.
Failed to create GICache directory at the default location: C:/Users/Administrator/AppData/LocalLow/Unity/Caches/GiCache.
Failed to create GICache directory at the default location: C:/Users/Administrator/AppData/LocalLow/Unity/Caches/GiCache.
Failed to create GICache directory at the default location: C:/Users/Administrator/AppData/LocalLow/Unity/Caches/GiCache.
Failed to create GICache directory at the default location: C:/Users/Administrator/AppData/LocalLow/Unity/Caches/GiCache.
Failed to create GICache directory at the default location: C:/Users/Administrator/AppData/LocalLow/Unity/Caches/GiCache.
Failed to create GICache directory at the default location: C:/Users/Administrator/AppData/LocalLow/Unity/Caches/GiCache.
Failed to create GICache directory at the default location: C:/Users/Administrator/AppData/LocalLow/Unity/Caches/GiCache.
Failed to create GICache directory at the default location: C:/Users/Administrator/AppData/LocalLow/Unity/Caches/GiCache.
Failed to create GICache directory at the default location: C:/Users/Administrator/AppData/LocalLow/Unity/Caches/GiCache.
Failed to create GICache directory at the default location: C:/Users/Administrator/AppData/LocalLow/Unity/Caches/GiCache.
Failed to create GICache directory at the default location: C:/Users/Administrator/AppData/LocalLow/Unity/Caches/GiCache.
Failed to create GICache directory at the default location: C:/Users/Administrator/AppData/LocalLow/Unity/Caches/GiCache.
Failed to create GICache directory at the default location: C:/Users/Administrator/AppData/LocalLow/Unity/Caches/GiCache.
Failed to create GICache directory at the default location: C:/Users/Administrator/AppData/LocalLow/Unity/Caches/GiCache.
Failed to create GICache directory at the default location: C:/Users/Administrator/AppData/LocalLow/Unity/Caches/GiCache.
Failed to create GICache directory at the default location: C:/Users/Administrator/AppData/LocalLow/Unity/Caches/GiCache.
Failed to create GICache directory at the default location: C:/Users/Administrator/AppData/LocalLow/Unity/Caches/GiCache.
Failed to create GICache directory at the default location: C:/Users/Administrator/AppData/LocalLow/Unity/Caches/GiCache.
Failed to create GICache directory at the default location: C:/Users/Administrator/AppData/LocalLow/Unity/Caches/GiCache.
Failed to create GICache directory at the default location: C:/Users/Administrator/AppData/LocalLow/Unity/Caches/GiCache.
Failed to create GICache directory at the default location: C:/Users/Administrator/AppData/LocalLow/Unity/Caches/GiCache.
Failed to create GICache directory at the default location: C:/Users/Administrator/AppData/LocalLow/Unity/Caches/GiCache.
Failed to create GICache directory at the default location: C:/Users/Administrator/AppData/LocalLow/Unity/Caches/GiCache.
Failed to create GICache directory at the default location: C:/Users/Administrator/AppData/LocalLow/Unity/Caches/GiCache.
Failed to create GICache directory at the default location: C:/Users/Administrator/AppData/LocalLow/Unity/Caches/GiCache.
Failed to create GICache directory at the default location: C:/Users/Administrator/AppData/LocalLow/Unity/Caches/GiCache.
Failed to create GICache directory at the default location: C:/Users/Administrator/AppData/LocalLow/Unity/Caches/GiCache.
Failed to create GICache directory at the default location: C:/Users/Administrator/AppData/LocalLow/Unity/Caches/GiCache.
Failed to create GICache directory at the default location: C:/Users/Administrator/AppData/LocalLow/Unity/Caches/GiCache.
Failed to create GICache directory at the default location: C:/Users/Administrator/AppData/LocalLow/Unity/Caches/GiCache.
Failed to create GICache directory at the default location: C:/Users/Administrator/AppData/LocalLow/Unity/Caches/GiCache.
Failed to create GICache directory at the default location: C:/Users/Administrator/AppData/LocalLow/Unity/Caches/GiCache.
Failed to create GICache directory at the default location: C:/Users/Administrator/AppData/LocalLow/Unity/Caches/GiCache.
Failed to create GICache directory at the default location: C:/Users/Administrator/AppData/LocalLow/Unity/Caches/GiCache.
Failed to create GICache directory at the default location: C:/Users/Administrator/AppData/LocalLow/Unity/Caches/GiCache.
Failed to create GICache directory at the default location: C:/Users/Administrator/AppData/LocalLow/Unity/Caches/GiCache.
Failed to create GICache directory at the default location: C:/Users/Administrator/AppData/LocalLow/Unity/Caches/GiCache.
Failed to create GICache directory at the default location: C:/Users/Administrator/AppData/LocalLow/Unity/Caches/GiCache.
Failed to create GICache directory at the default location: C:/Users/Administrator/AppData/LocalLow/Unity/Caches/GiCache.
Failed to create GICache directory at the default location: C:/Users/Administrator/AppData/LocalLow/Unity/Caches/GiCache.
Failed to create GICache directory at the default location: C:/Users/Administrator/AppData/LocalLow/Unity/Caches/GiCache.
Failed to create GICache directory at the default location: C:/Users/Administrator/AppData/LocalLow/Unity/Caches/GiCache.
Failed to create GICache directory at the default location: C:/Users/Administrator/AppData/LocalLow/Unity/Caches/GiCache.
Failed to create GICache directory at the default location: C:/Users/Administrator/AppData/LocalLow/Unity/Caches/GiCache.
Failed to create GICache directory at the default location: C:/Users/Administrator/AppData/LocalLow/Unity/Caches/GiCache.
Failed to create GICache directory at the default location: C:/Users/Administrator/AppData/LocalLow/Unity/Caches/GiCache.
Failed to create GICache directory at the default location: C:/Users/Administrator/AppData/LocalLow/Unity/Caches/GiCache.
Failed to create GICache directory at the default location: C:/Users/Administrator/AppData/LocalLow/Unity/Caches/GiCache.
Failed to create GICache directory at the default location: C:/Users/Administrator/AppData/LocalLow/Unity/Caches/GiCache.
Failed to create GICache directory at the default location: C:/Users/Administrator/AppData/LocalLow/Unity/Caches/GiCache.
Failed to create GICache directory at the default location: C:/Users/Administrator/AppData/LocalLow/Unity/Caches/GiCache.
Failed to create GICache directory at the default location: C:/Users/Administrator/AppData/LocalLow/Unity/Caches/GiCache.
Failed to create GICache directory at the default location: C:/Users/Administrator/AppData/LocalLow/Unity/Caches/GiCache.
Failed to create GICache directory at the default location: C:/Users/Administrator/AppData/LocalLow/Unity/Caches/GiCache.
Failed to create GICache directory at the default location: C:/Users/Administrator/AppData/LocalLow/Unity/Caches/GiCache.
Failed to create GICache directory at the default location: C:/Users/Administrator/AppData/LocalLow/Unity/Caches/GiCache.
Failed to create GICache directory at the default location: C:/Users/Administrator/AppData/LocalLow/Unity/Caches/GiCache.
Failed to create GICache directory at the default location: C:/Users/Administrator/AppData/LocalLow/Unity/Caches/GiCache.
Failed to create GICache directory at the default location: C:/Users/Administrator/AppData/LocalLow/Unity/Caches/GiCache.
Failed to create GICache directory at the default location: C:/Users/Administrator/AppData/LocalLow/Unity/Caches/GiCache.
Failed to create GICache directory at the default location: C:/Users/Administrator/AppData/LocalLow/Unity/Caches/GiCache.
Failed to create GICache directory at the default location: C:/Users/Administrator/AppData/LocalLow/Unity/Caches/GiCache.
Failed to create GICache directory at the default location: C:/Users/Administrator/AppData/LocalLow/Unity/Caches/GiCache.
Failed to create GICache directory at the default location: C:/Users/Administrator/AppData/LocalLow/Unity/Caches/GiCache.
Failed to create GICache directory at the default location: C:/Users/Administrator/AppData/LocalLow/Unity/Caches/GiCache.
Failed to create GICache directory at the default location: C:/Users/Administrator/AppData/LocalLow/Unity/Caches/GiCache.
Failed to create GICache directory at the default location: C:/Users/Administrator/AppData/LocalLow/Unity/Caches/GiCache.
Failed to create GICache directory at the default location: C:/Users/Administrator/AppData/LocalLow/Unity/Caches/GiCache.
Failed to create GICache directory at the default location: C:/Users/Administrator/AppData/LocalLow/Unity/Caches/GiCache.
Failed to create GICache directory at the default location: C:/Users/Administrator/AppData/LocalLow/Unity/Caches/GiCache.
Failed to create GICache directory at the default location: C:/Users/Administrator/AppData/LocalLow/Unity/Caches/GiCache.
Failed to create GICache directory at the default location: C:/Users/Administrator/AppData/LocalLow/Unity/Caches/GiCache.
Failed to create GICache directory at the default location: C:/Users/Administrator/AppData/LocalLow/Unity/Caches/GiCache.
Failed to create GICache directory at the default location: C:/Users/Administrator/AppData/LocalLow/Unity/Caches/GiCache.
Failed to create GICache directory at the default location: C:/Users/Administrator/AppData/LocalLow/Unity/Caches/GiCache.
Failed to create GICache directory at the default location: C:/Users/Administrator/AppData/LocalLow/Unity/Caches/GiCache.
Failed to create GICache directory at the default location: C:/Users/Administrator/AppData/LocalLow/Unity/Caches/GiCache.
Failed to create GICache directory at the default location: C:/Users/Administrator/AppData/LocalLow/Unity/Caches/GiCache.
Failed to create GICache directory at the default location: C:/Users/Administrator/AppData/LocalLow/Unity/Caches/GiCache.
Failed to create GICache directory at the default location: C:/Users/Administrator/AppData/LocalLow/Unity/Caches/GiCache.
Failed to create GICache directory at the default location: C:/Users/Administrator/AppData/LocalLow/Unity/Caches/GiCache.
Failed to create GICache directory at the default location: C:/Users/Administrator/AppData/LocalLow/Unity/Caches/GiCache.
Failed to create GICache directory at the default location: C:/Users/Administrator/AppData/LocalLow/Unity/Caches/GiCache.
Failed to create GICache directory at the default location: C:/Users/Administrator/AppData/LocalLow/Unity/Caches/GiCache.
Failed to create GICache directory at the default location: C:/Users/Administrator/AppData/LocalLow/Unity/Caches/GiCache.
Failed to create GICache directory at the default location: C:/Users/Administrator/AppData/LocalLow/Unity/Caches/GiCache.
Failed to create GICache directory at the default location: C:/Users/Administrator/AppData/LocalLow/Unity/Caches/GiCache.
Failed to create GICache directory at the default location: C:/Users/Administrator/AppData/LocalLow/Unity/Caches/GiCache.
Failed to create GICache directory at the default location: C:/Users/Administrator/AppData/LocalLow/Unity/Caches/GiCache.
Failed to create GICache directory at the default location: C:/Users/Administrator/AppData/LocalLow/Unity/Caches/GiCache.
Failed to create GICache directory at the default location: C:/Users/Administrator/AppData/LocalLow/Unity/Caches/GiCache.
Failed to create GICache directory at the default location: C:/Users/Administrator/AppData/LocalLow/Unity/Caches/GiCache.
Failed to create GICache directory at the default location: C:/Users/Administrator/AppData/LocalLow/Unity/Caches/GiCache.
Failed to create GICache directory at the default location: C:/Users/Administrator/AppData/LocalLow/Unity/Caches/GiCache.
Failed to create GICache directory at the default location: C:/Users/Administrator/AppData/LocalLow/Unity/Caches/GiCache.
Failed to create GICache directory at the default location: C:/Users/Administrator/AppData/LocalLow/Unity/Caches/GiCache.
Failed to create GICache directory at the default location: C:/Users/Administrator/AppData/LocalLow/Unity/Caches/GiCache.
Failed to create GICache directory at the default location: C:/Users/Administrator/AppData/LocalLow/Unity/Caches/GiCache.
Failed to create GICache directory at the default location: C:/Users/Administrator/AppData/LocalLow/Unity/Caches/GiCache.
Failed to create GICache directory at the default location: C:/Users/Administrator/AppData/LocalLow/Unity/Caches/GiCache.
Failed to create GICache directory at the default location: C:/Users/Administrator/AppData/LocalLow/Unity/Caches/GiCache.
Failed to create GICache directory at the default location: C:/Users/Administrator/AppData/LocalLow/Unity/Caches/GiCache.
Failed to create GICache directory at the default location: C:/Users/Administrator/AppData/LocalLow/Unity/Caches/GiCache.
Failed to create GICache directory at the default location: C:/Users/Administrator/AppData/LocalLow/Unity/Caches/GiCache.
Failed to create GICache directory at the default location: C:/Users/Administrator/AppData/LocalLow/Unity/Caches/GiCache.
Failed to create GICache directory at the default location: C:/Users/Administrator/AppData/LocalLow/Unity/Caches/GiCache.
Failed to create GICache directory at the default location: C:/Users/Administrator/AppData/LocalLow/Unity/Caches/GiCache.
Failed to create GICache directory at the default location: C:/Users/Administrator/AppData/LocalLow/Unity/Caches/GiCache.
Failed to create GICache directory at the default location: C:/Users/Administrator/AppData/LocalLow/Unity/Caches/GiCache.
Failed to create GICache directory at the default location: C:/Users/Administrator/AppData/LocalLow/Unity/Caches/GiCache.
Failed to create GICache directory at the default location: C:/Users/Administrator/AppData/LocalLow/Unity/Caches/GiCache.
Failed to create GICache directory at the default location: C:/Users/Administrator/AppData/LocalLow/Unity/Caches/GiCache.
Failed to create GICache directory at the default location: C:/Users/Administrator/AppData/LocalLow/Unity/Caches/GiCache.
Failed to create GICache directory at the default location: C:/Users/Administrator/AppData/LocalLow/Unity/Caches/GiCache.
Failed to create GICache directory at the default location: C:/Users/Administrator/AppData/LocalLow/Unity/Caches/GiCache.
Failed to create GICache directory at the default location: C:/Users/Administrator/AppData/LocalLow/Unity/Caches/GiCache.
Failed to create GICache directory at the default location: C:/Users/Administrator/AppData/LocalLow/Unity/Caches/GiCache.
Failed to create GICache directory at the default location: C:/Users/Administrator/AppData/LocalLow/Unity/Caches/GiCache.
Failed to create GICache directory at the default location: C:/Users/Administrator/AppData/LocalLow/Unity/Caches/GiCache.
Failed to create GICache directory at the default location: C:/Users/Administrator/AppData/LocalLow/Unity/Caches/GiCache.
Failed to create GICache directory at the default location: C:/Users/Administrator/AppData/LocalLow/Unity/Caches/GiCache.
Failed to create GICache directory at the default location: C:/Users/Administrator/AppData/LocalLow/Unity/Caches/GiCache.
Failed to create GICache directory at the default location: C:/Users/Administrator/AppData/LocalLow/Unity/Caches/GiCache.
Failed to create GICache directory at the default location: C:/Users/Administrator/AppData/LocalLow/Unity/Caches/GiCache.
Failed to create GICache directory at the default location: C:/Users/Administrator/AppData/LocalLow/Unity/Caches/GiCache.
Failed to create GICache directory at the default location: C:/Users/Administrator/AppData/LocalLow/Unity/Caches/GiCache.
Failed to create GICache directory at the default location: C:/Users/Administrator/AppData/LocalLow/Unity/Caches/GiCache.
Failed to create GICache directory at the default location: C:/Users/Administrator/AppData/LocalLow/Unity/Caches/GiCache.
Failed to create GICache directory at the default location: C:/Users/Administrator/AppData/LocalLow/Unity/Caches/GiCache.
Failed to create GICache directory at the default location: C:/Users/Administrator/AppData/LocalLow/Unity/Caches/GiCache.
Failed to create GICache directory at the default location: C:/Users/Administrator/AppData/LocalLow/Unity/Caches/GiCache.
Failed to create GICache directory at the default location: C:/Users/Administrator/AppData/LocalLow/Unity/Caches/GiCache.
Failed to create GICache directory at the default location: C:/Users/Administrator/AppData/LocalLow/Unity/Caches/GiCache.
Failed to create GICache directory at the default location: C:/Users/Administrator/AppData/LocalLow/Unity/Caches/GiCache.
Failed to create GICache directory at the default location: C:/Users/Administrator/AppData/LocalLow/Unity/Caches/GiCache.
Failed to create GICache directory at the default location: C:/Users/Administrator/AppData/LocalLow/Unity/Caches/GiCache.
Failed to create GICache directory at the default location: C:/Users/Administrator/AppData/LocalLow/Unity/Caches/GiCache.
Failed to create GICache directory at the default location: C:/Users/Administrator/AppData/LocalLow/Unity/Caches/GiCache.
Failed to create GICache directory at the default location: C:/Users/Administrator/AppData/LocalLow/Unity/Caches/GiCache.
Failed to create GICache directory at the default location: C:/Users/Administrator/AppData/LocalLow/Unity/Caches/GiCache.
Failed to create GICache directory at the default location: C:/Users/Administrator/AppData/LocalLow/Unity/Caches/GiCache.
Failed to create GICache directory at the default location: C:/Users/Administrator/AppData/LocalLow/Unity/Caches/GiCache.
Failed to create GICache directory at the default location: C:/Users/Administrator/AppData/LocalLow/Unity/Caches/GiCache.
Failed to create GICache directory at the default location: C:/Users/Administrator/AppData/LocalLow/Unity/Caches/GiCache.
Failed to create GICache directory at the default location: C:/Users/Administrator/AppData/LocalLow/Unity/Caches/GiCache.
Failed to create GICache directory at the default location: C:/Users/Administrator/AppData/LocalLow/Unity/Caches/GiCache.
Failed to create GICache directory at the default location: C:/Users/Administrator/AppData/LocalLow/Unity/Caches/GiCache.
Failed to create GICache directory at the default location: C:/Users/Administrator/AppData/LocalLow/Unity/Caches/GiCache.
Failed to create GICache directory at the default location: C:/Users/Administrator/AppData/LocalLow/Unity/Caches/GiCache.
Failed to create GICache directory at the default location: C:/Users/Administrator/AppData/LocalLow/Unity/Caches/GiCache.
Failed to create GICache directory at the default location: C:/Users/Administrator/AppData/LocalLow/Unity/Caches/GiCache.
Failed to create GICache directory at the default location: C:/Users/Administrator/AppData/LocalLow/Unity/Caches/GiCache.
Failed to create GICache directory at the default location: C:/Users/Administrator/AppData/LocalLow/Unity/Caches/GiCache.
Failed to create GICache directory at the default location: C:/Users/Administrator/AppData/LocalLow/Unity/Caches/GiCache.
Failed to create GICache directory at the default location: C:/Users/Administrator/AppData/LocalLow/Unity/Caches/GiCache.
Failed to create GICache directory at the default location: C:/Users/Administrator/AppData/LocalLow/Unity/Caches/GiCache.
Failed to create GICache directory at the default location: C:/Users/Administrator/AppData/LocalLow/Unity/Caches/GiCache.
Failed to create GICache directory at the default location: C:/Users/Administrator/AppData/LocalLow/Unity/Caches/GiCache.
Failed to create GICache directory at the default location: C:/Users/Administrator/AppData/LocalLow/Unity/Caches/GiCache.
Failed to create GICache directory at the default location: C:/Users/Administrator/AppData/LocalLow/Unity/Caches/GiCache.
Failed to create GICache directory at the default location: C:/Users/Administrator/AppData/LocalLow/Unity/Caches/GiCache.
Failed to create GICache directory at the default location: C:/Users/Administrator/AppData/LocalLow/Unity/Caches/GiCache.
Failed to create GICache directory at the default location: C:/Users/Administrator/AppData/LocalLow/Unity/Caches/GiCache.
Failed to create GICache directory at the default location: C:/Users/Administrator/AppData/LocalLow/Unity/Caches/GiCache.
Failed to create GICache directory at the default location: C:/Users/Administrator/AppData/LocalLow/Unity/Caches/GiCache.
Failed to create GICache directory at the default location: C:/Users/Administrator/AppData/LocalLow/Unity/Caches/GiCache.
Failed to create GICache directory at the default location: C:/Users/Administrator/AppData/LocalLow/Unity/Caches/GiCache.
Failed to create GICache directory at the default location: C:/Users/Administrator/AppData/LocalLow/Unity/Caches/GiCache.
Failed to create GICache directory at the default location: C:/Users/Administrator/AppData/LocalLow/Unity/Caches/GiCache.
Failed to create GICache directory at the default location: C:/Users/Administrator/AppData/LocalLow/Unity/Caches/GiCache.
Failed to create GICache directory at the default location: C:/Users/Administrator/AppData/LocalLow/Unity/Caches/GiCache.
Failed to create GICache directory at the default location: C:/Users/Administrator/AppData/LocalLow/Unity/Caches/GiCache.
Failed to create GICache directory at the default location: C:/Users/Administrator/AppData/LocalLow/Unity/Caches/GiCache.
Failed to create GICache directory at the default location: C:/Users/Administrator/AppData/LocalLow/Unity/Caches/GiCache.
Failed to create GICache directory at the default location: C:/Users/Administrator/AppData/LocalLow/Unity/Caches/GiCache.
Failed to create GICache directory at the default location: C:/Users/Administrator/AppData/LocalLow/Unity/Caches/GiCache.
Failed to create GICache directory at the default location: C:/Users/Administrator/AppData/LocalLow/Unity/Caches/GiCache.
Failed to create GICache directory at the default location: C:/Users/Administrator/AppData/LocalLow/Unity/Caches/GiCache.
Failed to create GICache directory at the default location: C:/Users/Administrator/AppData/LocalLow/Unity/Caches/GiCache.
Failed to create GICache directory at the default location: C:/Users/Administrator/AppData/LocalLow/Unity/Caches/GiCache.
Failed to create GICache directory at the default location: C:/Users/Administrator/AppData/LocalLow/Unity/Caches/GiCache.
Failed to create GICache directory at the default location: C:/Users/Administrator/AppData/LocalLow/Unity/Caches/GiCache.
Failed to create GICache directory at the default location: C:/Users/Administrator/AppData/LocalLow/Unity/Caches/GiCache.
Failed to create GICache directory at the default location: C:/Users/Administrator/AppData/LocalLow/Unity/Caches/GiCache.
Failed to create GICache directory at the default location: C:/Users/Administrator/AppData/LocalLow/Unity/Caches/GiCache.
Failed to create GICache directory at the default location: C:/Users/Administrator/AppData/LocalLow/Unity/Caches/GiCache.
Failed to create GICache directory at the default location: C:/Users/Administrator/AppData/LocalLow/Unity/Caches/GiCache.
Failed to create GICache directory at the default location: C:/Users/Administrator/AppData/LocalLow/Unity/Caches/GiCache.
Failed to create GICache directory at the default location: C:/Users/Administrator/AppData/LocalLow/Unity/Caches/GiCache.
Failed to create GICache directory at the default location: C:/Users/Administrator/AppData/LocalLow/Unity/Caches/GiCache.
Failed to create GICache directory at the default location: C:/Users/Administrator/AppData/LocalLow/Unity/Caches/GiCache.
Failed to create GICache directory at the default location: C:/Users/Administrator/AppData/LocalLow/Unity/Caches/GiCache.
Failed to create GICache directory at the default location: C:/Users/Administrator/AppData/LocalLow/Unity/Caches/GiCache.
Failed to create GICache directory at the default location: C:/Users/Administrator/AppData/LocalLow/Unity/Caches/GiCache.
Failed to create GICache directory at the default location: C:/Users/Administrator/AppData/LocalLow/Unity/Caches/GiCache.
Failed to create GICache directory at the default location: C:/Users/Administrator/AppData/LocalLow/Unity/Caches/GiCache.
Failed to create GICache directory at the default location: C:/Users/Administrator/AppData/LocalLow/Unity/Caches/GiCache.
Failed to create GICache directory at the default location: C:/Users/Administrator/AppData/LocalLow/Unity/Caches/GiCache.
Failed to create GICache directory at the default location: C:/Users/Administrator/AppData/LocalLow/Unity/Caches/GiCache.
Failed to create GICache directory at the default location: C:/Users/Administrator/AppData/LocalLow/Unity/Caches/GiCache.
Failed to create GICache directory at the default location: C:/Users/Administrator/AppData/LocalLow/Unity/Caches/GiCache.
Failed to create GICache directory at the default location: C:/Users/Administrator/AppData/LocalLow/Unity/Caches/GiCache.
Failed to create GICache directory at the default location: C:/Users/Administrator/AppData/LocalLow/Unity/Caches/GiCache.
Failed to create GICache directory at the default location: C:/Users/Administrator/AppData/LocalLow/Unity/Caches/GiCache.
Failed to create GICache directory at the default location: C:/Users/Administrator/AppData/LocalLow/Unity/Caches/GiCache.
Failed to create GICache directory at the default location: C:/Users/Administrator/AppData/LocalLow/Unity/Caches/GiCache.
Failed to create GICache directory at the default location: C:/Users/Administrator/AppData/LocalLow/Unity/Caches/GiCache.
Failed to create GICache directory at the default location: C:/Users/Administrator/AppData/LocalLow/Unity/Caches/GiCache.
Failed to create GICache directory at the default location: C:/Users/Administrator/AppData/LocalLow/Unity/Caches/GiCache.
Failed to create GICache directory at the default location: C:/Users/Administrator/AppData/LocalLow/Unity/Caches/GiCache.
Failed to create GICache directory at the default location: C:/Users/Administrator/AppData/LocalLow/Unity/Caches/GiCache.
Failed to create GICache directory at the default location: C:/Users/Administrator/AppData/LocalLow/Unity/Caches/GiCache.
Failed to create GICache directory at the default location: C:/Users/Administrator/AppData/LocalLow/Unity/Caches/GiCache.
Failed to create GICache directory at the default location: C:/Users/Administrator/AppData/LocalLow/Unity/Caches/GiCache.
Failed to create GICache directory at the default location: C:/Users/Administrator/AppData/LocalLow/Unity/Caches/GiCache.
Failed to create GICache directory at the default location: C:/Users/Administrator/AppData/LocalLow/Unity/Caches/GiCache.
Failed to create GICache directory at the default location: C:/Users/Administrator/AppData/LocalLow/Unity/Caches/GiCache.
Failed to create GICache directory at the default location: C:/Users/Administrator/AppData/LocalLow/Unity/Caches/GiCache.
Failed to create GICache directory at the default location: C:/Users/Administrator/AppData/LocalLow/Unity/Caches/GiCache.
Failed to create GICache directory at the default location: C:/Users/Administrator/AppData/LocalLow/Unity/Caches/GiCache.
Failed to create GICache directory at the default location: C:/Users/Administrator/AppData/LocalLow/Unity/Caches/GiCache.
Failed to create GICache directory at the default location: C:/Users/Administrator/AppData/LocalLow/Unity/Caches/GiCache.
Failed to create GICache directory at the default location: C:/Users/Administrator/AppData/LocalLow/Unity/Caches/GiCache.
Failed to create GICache directory at the default location: C:/Users/Administrator/AppData/LocalLow/Unity/Caches/GiCache.
Failed to create GICache directory at the default location: C:/Users/Administrator/AppData/LocalLow/Unity/Caches/GiCache.
Failed to create GICache directory at the default location: C:/Users/Administrator/AppData/LocalLow/Unity/Caches/GiCache.
Failed to create GICache directory at the default location: C:/Users/Administrator/AppData/LocalLow/Unity/Caches/GiCache.
Failed to create GICache directory at the default location: C:/Users/Administrator/AppData/LocalLow/Unity/Caches/GiCache.
Failed to create GICache directory at the default location: C:/Users/Administrator/AppData/LocalLow/Unity/Caches/GiCache.
Failed to create GICache directory at the default location: C:/Users/Administrator/AppData/LocalLow/Unity/Caches/GiCache.
Failed to create GICache directory at the default location: C:/Users/Administrator/AppData/LocalLow/Unity/Caches/GiCache.
Failed to create GICache directory at the default location: C:/Users/Administrator/AppData/LocalLow/Unity/Caches/GiCache.
Failed to create GICache directory at the default location: C:/Users/Administrator/AppData/LocalLow/Unity/Caches/GiCache.
Failed to create GICache directory at the default location: C:/Users/Administrator/AppData/LocalLow/Unity/Caches/GiCache.
Failed to create GICache directory at the default location: C:/Users/Administrator/AppData/LocalLow/Unity/Caches/GiCache.
Failed to create GICache directory at the default location: C:/Users/Administrator/AppData/LocalLow/Unity/Caches/GiCache.
Failed to create GICache directory at the default location: C:/Users/Administrator/AppData/LocalLow/Unity/Caches/GiCache.
Failed to create GICache directory at the default location: C:/Users/Administrator/AppData/LocalLow/Unity/Caches/GiCache.
Failed to create GICache directory at the default location: C:/Users/Administrator/AppData/LocalLow/Unity/Caches/GiCache.
Failed to create GICache directory at the default location: C:/Users/Administrator/AppData/LocalLow/Unity/Caches/GiCache.
Failed to create GICache directory at the default location: C:/Users/Administrator/AppData/LocalLow/Unity/Caches/GiCache.
Failed to create GICache directory at the default location: C:/Users/Administrator/AppData/LocalLow/Unity/Caches/GiCache.
Failed to create GICache directory at the default location: C:/Users/Administrator/AppData/LocalLow/Unity/Caches/GiCache.
Failed to create GICache directory at the default location: C:/Users/Administrator/AppData/LocalLow/Unity/Caches/GiCache.
Failed to create GICache directory at the default location: C:/Users/Administrator/AppData/LocalLow/Unity/Caches/GiCache.
Failed to create GICache directory at the default location: C:/Users/Administrator/AppData/LocalLow/Unity/Caches/GiCache.
Failed to create GICache directory at the default location: C:/Users/Administrator/AppData/LocalLow/Unity/Caches/GiCache.
Failed to create GICache directory at the default location: C:/Users/Administrator/AppData/LocalLow/Unity/Caches/GiCache.
Failed to create GICache directory at the default location: C:/Users/Administrator/AppData/LocalLow/Unity/Caches/GiCache.
Failed to create GICache directory at the default location: C:/Users/Administrator/AppData/LocalLow/Unity/Caches/GiCache.
Failed to create GICache directory at the default location: C:/Users/Administrator/AppData/LocalLow/Unity/Caches/GiCache.
Failed to create GICache directory at the default location: C:/Users/Administrator/AppData/LocalLow/Unity/Caches/GiCache.
Failed to create GICache directory at the default location: C:/Users/Administrator/AppData/LocalLow/Unity/Caches/GiCache.
Failed to create GICache directory at the default location: C:/Users/Administrator/AppData/LocalLow/Unity/Caches/GiCache.
Failed to create GICache directory at the default location: C:/Users/Administrator/AppData/LocalLow/Unity/Caches/GiCache.
Failed to create GICache directory at the default location: C:/Users/Administrator/AppData/LocalLow/Unity/Caches/GiCache.
Failed to create GICache directory at the default location: C:/Users/Administrator/AppData/LocalLow/Unity/Caches/GiCache.
Failed to create GICache directory at the default location: C:/Users/Administrator/AppData/LocalLow/Unity/Caches/GiCache.
Failed to create GICache directory at the default location: C:/Users/Administrator/AppData/LocalLow/Unity/Caches/GiCache.
Failed to create GICache directory at the default location: C:/Users/Administrator/AppData/LocalLow/Unity/Caches/GiCache.
Failed to create GICache directory at the default location: C:/Users/Administrator/AppData/LocalLow/Unity/Caches/GiCache.
Failed to create GICache directory at the default location: C:/Users/Administrator/AppData/LocalLow/Unity/Caches/GiCache.
Failed to create GICache directory at the default location: C:/Users/Administrator/AppData/LocalLow/Unity/Caches/GiCache.
Failed to create GICache directory at the default location: C:/Users/Administrator/AppData/LocalLow/Unity/Caches/GiCache.
Failed to create GICache directory at the default location: C:/Users/Administrator/AppData/LocalLow/Unity/Caches/GiCache.
Failed to create GICache directory at the default location: C:/Users/Administrator/AppData/LocalLow/Unity/Caches/GiCache.
Failed to create GICache directory at the default location: C:/Users/Administrator/AppData/LocalLow/Unity/Caches/GiCache.
Failed to create GICache directory at the default location: C:/Users/Administrator/AppData/LocalLow/Unity/Caches/GiCache.
Failed to create GICache directory at the default location: C:/Users/Administrator/AppData/LocalLow/Unity/Caches/GiCache.
Failed to create GICache directory at the default location: C:/Users/Administrator/AppData/LocalLow/Unity/Caches/GiCache.
Failed to create GICache directory at the default location: C:/Users/Administrator/AppData/LocalLow/Unity/Caches/GiCache.
Failed to create GICache directory at the default location: C:/Users/Administrator/AppData/LocalLow/Unity/Caches/GiCache.
Failed to create GICache directory at the default location: C:/Users/Administrator/AppData/LocalLow/Unity/Caches/GiCache.
Failed to create GICache directory at the default location: C:/Users/Administrator/AppData/LocalLow/Unity/Caches/GiCache.
Failed to create GICache directory at the default location: C:/Users/Administrator/AppData/LocalLow/Unity/Caches/GiCache.
Failed to create GICache directory at the default location: C:/Users/Administrator/AppData/LocalLow/Unity/Caches/GiCache.
Failed to create GICache directory at the default location: C:/Users/Administrator/AppData/LocalLow/Unity/Caches/GiCache.
Failed to create GICache directory at the default location: C:/Users/Administrator/AppData/LocalLow/Unity/Caches/GiCache.
Failed to create GICache directory at the default location: C:/Users/Administrator/AppData/LocalLow/Unity/Caches/GiCache.
Failed to create GICache directory at the default location: C:/Users/Administrator/AppData/LocalLow/Unity/Caches/GiCache.
Failed to create GICache directory at the default location: C:/Users/Administrator/AppData/LocalLow/Unity/Caches/GiCache.
Failed to create GICache directory at the default location: C:/Users/Administrator/AppData/LocalLow/Unity/Caches/GiCache.
Failed to create GICache directory at the default location: C:/Users/Administrator/AppData/LocalLow/Unity/Caches/GiCache.
Failed to create GICache directory at the default location: C:/Users/Administrator/AppData/LocalLow/Unity/Caches/GiCache.
Failed to create GICache directory at the default location: C:/Users/Administrator/AppData/LocalLow/Unity/Caches/GiCache.
Failed to create GICache directory at the default location: C:/Users/Administrator/AppData/LocalLow/Unity/Caches/GiCache.
Failed to create GICache directory at the default location: C:/Users/Administrator/AppData/LocalLow/Unity/Caches/GiCache.
Failed to create GICache directory at the default location: C:/Users/Administrator/AppData/LocalLow/Unity/Caches/GiCache.
Failed to create GICache directory at the default location: C:/Users/Administrator/AppData/LocalLow/Unity/Caches/GiCache.
Failed to create GICache directory at the default location: C:/Users/Administrator/AppData/LocalLow/Unity/Caches/GiCache.
Failed to create GICache directory at the default location: C:/Users/Administrator/AppData/LocalLow/Unity/Caches/GiCache.
Failed to create GICache directory at the default location: C:/Users/Administrator/AppData/LocalLow/Unity/Caches/GiCache.
Failed to create GICache directory at the default location: C:/Users/Administrator/AppData/LocalLow/Unity/Caches/GiCache.
Failed to create GICache directory at the default location: C:/Users/Administrator/AppData/LocalLow/Unity/Caches/GiCache.
Failed to create GICache directory at the default location: C:/Users/Administrator/AppData/LocalLow/Unity/Caches/GiCache.
Failed to create GICache directory at the default location: C:/Users/Administrator/AppData/LocalLow/Unity/Caches/GiCache.
Failed to create GICache directory at the default location: C:/Users/Administrator/AppData/LocalLow/Unity/Caches/GiCache.
Failed to create GICache directory at the default location: C:/Users/Administrator/AppData/LocalLow/Unity/Caches/GiCache.
Failed to create GICache directory at the default location: C:/Users/Administrator/AppData/LocalLow/Unity/Caches/GiCache.
Failed to create GICache directory at the default location: C:/Users/Administrator/AppData/LocalLow/Unity/Caches/GiCache.
Failed to create GICache directory at the default location: C:/Users/Administrator/AppData/LocalLow/Unity/Caches/GiCache.
Failed to create GICache directory at the default location: C:/Users/Administrator/AppData/LocalLow/Unity/Caches/GiCache.
Failed to create GICache directory at the default location: C:/Users/Administrator/AppData/LocalLow/Unity/Caches/GiCache.
Failed to create GICache directory at the default location: C:/Users/Administrator/AppData/LocalLow/Unity/Caches/GiCache.
Failed to create GICache directory at the default location: C:/Users/Administrator/AppData/LocalLow/Unity/Caches/GiCache.
Failed to create GICache directory at the default location: C:/Users/Administrator/AppData/LocalLow/Unity/Caches/GiCache.
Failed to create GICache directory at the default location: C:/Users/Administrator/AppData/LocalLow/Unity/Caches/GiCache.
Failed to create GICache directory at the default location: C:/Users/Administrator/AppData/LocalLow/Unity/Caches/GiCache.
Failed to create GICache directory at the default location: C:/Users/Administrator/AppData/LocalLow/Unity/Caches/GiCache.
Failed to create GICache directory at the default location: C:/Users/Administrator/AppData/LocalLow/Unity/Caches/GiCache.
Failed to create GICache directory at the default location: C:/Users/Administrator/AppData/LocalLow/Unity/Caches/GiCache.
Failed to create GICache directory at the default location: C:/Users/Administrator/AppData/LocalLow/Unity/Caches/GiCache.
Failed to create GICache directory at the default location: C:/Users/Administrator/AppData/LocalLow/Unity/Caches/GiCache.
Failed to create GICache directory at the default location: C:/Users/Administrator/AppData/LocalLow/Unity/Caches/GiCache.
Failed to create GICache directory at the default location: C:/Users/Administrator/AppData/LocalLow/Unity/Caches/GiCache.
Failed to create GICache directory at the default location: C:/Users/Administrator/AppData/LocalLow/Unity/Caches/GiCache.
Failed to create GICache directory at the default location: C:/Users/Administrator/AppData/LocalLow/Unity/Caches/GiCache.
Failed to create GICache directory at the default location: C:/Users/Administrator/AppData/LocalLow/Unity/Caches/GiCache.
Failed to create GICache directory at the default location: C:/Users/Administrator/AppData/LocalLow/Unity/Caches/GiCache.
Failed to create GICache directory at the default location: C:/Users/Administrator/AppData/LocalLow/Unity/Caches/GiCache.
Failed to create GICache directory at the default location: C:/Users/Administrator/AppData/LocalLow/Unity/Caches/GiCache.
Failed to create GICache directory at the default location: C:/Users/Administrator/AppData/LocalLow/Unity/Caches/GiCache.
Failed to create GICache directory at the default location: C:/Users/Administrator/AppData/LocalLow/Unity/Caches/GiCache.
Failed to create GICache directory at the default location: C:/Users/Administrator/AppData/LocalLow/Unity/Caches/GiCache.
Failed to create GICache directory at the default location: C:/Users/Administrator/AppData/LocalLow/Unity/Caches/GiCache.
Failed to create GICache directory at the default location: C:/Users/Administrator/AppData/LocalLow/Unity/Caches/GiCache.
Failed to create GICache directory at the default location: C:/Users/Administrator/AppData/LocalLow/Unity/Caches/GiCache.
Failed to create GICache directory at the default location: C:/Users/Administrator/AppData/LocalLow/Unity/Caches/GiCache.
Failed to create GICache directory at the default location: C:/Users/Administrator/AppData/LocalLow/Unity/Caches/GiCache.
Failed to create GICache directory at the default location: C:/Users/Administrator/AppData/LocalLow/Unity/Caches/GiCache.
Failed to create GICache directory at the default location: C:/Users/Administrator/AppData/LocalLow/Unity/Caches/GiCache.
Failed to create GICache directory at the default location: C:/Users/Administrator/AppData/LocalLow/Unity/Caches/GiCache.
Failed to create GICache directory at the default location: C:/Users/Administrator/AppData/LocalLow/Unity/Caches/GiCache.
Failed to create GICache directory at the default location: C:/Users/Administrator/AppData/LocalLow/Unity/Caches/GiCache.
Failed to create GICache directory at the default location: C:/Users/Administrator/AppData/LocalLow/Unity/Caches/GiCache.
Failed to create GICache directory at the default location: C:/Users/Administrator/AppData/LocalLow/Unity/Caches/GiCache.
Failed to create GICache directory at the default location: C:/Users/Administrator/AppData/LocalLow/Unity/Caches/GiCache.
Failed to create GICache directory at the default location: C:/Users/Administrator/AppData/LocalLow/Unity/Caches/GiCache.
Failed to create GICache directory at the default location: C:/Users/Administrator/AppData/LocalLow/Unity/Caches/GiCache.
Failed to create GICache directory at the default location: C:/Users/Administrator/AppData/LocalLow/Unity/Caches/GiCache.
Failed to create GICache directory at the default location: C:/Users/Administrator/AppData/LocalLow/Unity/Caches/GiCache.
Failed to create GICache directory at the default location: C:/Users/Administrator/AppData/LocalLow/Unity/Caches/GiCache.
Failed to create GICache directory at the default location: C:/Users/Administrator/AppData/LocalLow/Unity/Caches/GiCache.
Failed to create GICache directory at the default location: C:/Users/Administrator/AppData/LocalLow/Unity/Caches/GiCache.
Failed to create GICache directory at the default location: C:/Users/Administrator/AppData/LocalLow/Unity/Caches/GiCache.
Failed to create GICache directory at the default location: C:/Users/Administrator/AppData/LocalLow/Unity/Caches/GiCache.
Failed to create GICache directory at the default location: C:/Users/Administrator/AppData/LocalLow/Unity/Caches/GiCache.
Failed to create GICache directory at the default location: C:/Users/Administrator/AppData/LocalLow/Unity/Caches/GiCache.
Failed to create GICache directory at the default location: C:/Users/Administrator/AppData/LocalLow/Unity/Caches/GiCache.
Failed to create GICache directory at the default location: C:/Users/Administrator/AppData/LocalLow/Unity/Caches/GiCache.
Failed to create GICache directory at the default location: C:/Users/Administrator/AppData/LocalLow/Unity/Caches/GiCache.
Failed to create GICache directory at the default location: C:/Users/Administrator/AppData/LocalLow/Unity/Caches/GiCache.
Failed to create GICache directory at the default location: C:/Users/Administrator/AppData/LocalLow/Unity/Caches/GiCache.
Failed to create GICache directory at the default location: C:/Users/Administrator/AppData/LocalLow/Unity/Caches/GiCache.
Failed to create GICache directory at the default location: C:/Users/Administrator/AppData/LocalLow/Unity/Caches/GiCache.
Failed to create GICache directory at the default location: C:/Users/Administrator/AppData/LocalLow/Unity/Caches/GiCache.
Failed to create GICache directory at the default location: C:/Users/Administrator/AppData/LocalLow/Unity/Caches/GiCache.
Failed to create GICache directory at the default location: C:/Users/Administrator/AppData/LocalLow/Unity/Caches/GiCache.
Failed to create GICache directory at the default location: C:/Users/Administrator/AppData/LocalLow/Unity/Caches/GiCache.
Failed to create GICache directory at the default location: C:/Users/Administrator/AppData/LocalLow/Unity/Caches/GiCache.
Failed to create GICache directory at the default location: C:/Users/Administrator/AppData/LocalLow/Unity/Caches/GiCache.
Failed to create GICache directory at the default location: C:/Users/Administrator/AppData/LocalLow/Unity/Caches/GiCache.
Failed to create GICache directory at the default location: C:/Users/Administrator/AppData/LocalLow/Unity/Caches/GiCache.
Failed to create GICache directory at the default location: C:/Users/Administrator/AppData/LocalLow/Unity/Caches/GiCache.
Failed to create GICache directory at the default location: C:/Users/Administrator/AppData/LocalLow/Unity/Caches/GiCache.
Failed to create GICache directory at the default location: C:/Users/Administrator/AppData/LocalLow/Unity/Caches/GiCache.
Failed to create GICache directory at the default location: C:/Users/Administrator/AppData/LocalLow/Unity/Caches/GiCache.
Failed to create GICache directory at the default location: C:/Users/Administrator/AppData/LocalLow/Unity/Caches/GiCache.
Failed to create GICache directory at the default location: C:/Users/Administrator/AppData/LocalLow/Unity/Caches/GiCache.
Failed to create GICache directory at the default location: C:/Users/Administrator/AppData/LocalLow/Unity/Caches/GiCache.
Failed to create GICache directory at the default location: C:/Users/Administrator/AppData/LocalLow/Unity/Caches/GiCache.
Failed to create GICache directory at the default location: C:/Users/Administrator/AppData/LocalLow/Unity/Caches/GiCache.
Failed to create GICache directory at the default location: C:/Users/Administrator/AppData/LocalLow/Unity/Caches/GiCache.
Failed to create GICache directory at the default location: C:/Users/Administrator/AppData/LocalLow/Unity/Caches/GiCache.
Failed to create GICache directory at the default location: C:/Users/Administrator/AppData/LocalLow/Unity/Caches/GiCache.
Failed to create GICache directory at the default location: C:/Users/Administrator/AppData/LocalLow/Unity/Caches/GiCache.
Failed to create GICache directory at the default location: C:/Users/Administrator/AppData/LocalLow/Unity/Caches/GiCache.
Failed to create GICache directory at the default location: C:/Users/Administrator/AppData/LocalLow/Unity/Caches/GiCache.
Failed to create GICache directory at the default location: C:/Users/Administrator/AppData/LocalLow/Unity/Caches/GiCache.
Failed to create GICache directory at the default location: C:/Users/Administrator/AppData/LocalLow/Unity/Caches/GiCache.
Failed to create GICache directory at the default location: C:/Users/Administrator/AppData/LocalLow/Unity/Caches/GiCache.
Failed to create GICache directory at the default location: C:/Users/Administrator/AppData/LocalLow/Unity/Caches/GiCache.
Failed to create GICache directory at the default location: C:/Users/Administrator/AppData/LocalLow/Unity/Caches/GiCache.
Failed to create GICache directory at the default location: C:/Users/Administrator/AppData/LocalLow/Unity/Caches/GiCache.
Failed to create GICache directory at the default location: C:/Users/Administrator/AppData/LocalLow/Unity/Caches/GiCache.
Failed to create GICache directory at the default location: C:/Users/Administrator/AppData/LocalLow/Unity/Caches/GiCache.
Failed to create GICache directory at the default location: C:/Users/Administrator/AppData/LocalLow/Unity/Caches/GiCache.
Failed to create GICache directory at the default location: C:/Users/Administrator/AppData/LocalLow/Unity/Caches/GiCache.
Failed to create GICache directory at the default location: C:/Users/Administrator/AppData/LocalLow/Unity/Caches/GiCache.
Failed to create GICache directory at the default location: C:/Users/Administrator/AppData/LocalLow/Unity/Caches/GiCache.
Failed to create GICache directory at the default location: C:/Users/Administrator/AppData/LocalLow/Unity/Caches/GiCache.
Failed to create GICache directory at the default location: C:/Users/Administrator/AppData/LocalLow/Unity/Caches/GiCache.
Failed to create GICache directory at the default location: C:/Users/Administrator/AppData/LocalLow/Unity/Caches/GiCache.
Failed to create GICache directory at the default location: C:/Users/Administrator/AppData/LocalLow/Unity/Caches/GiCache.
Failed to create GICache directory at the default location: C:/Users/Administrator/AppData/LocalLow/Unity/Caches/GiCache.
Failed to create GICache directory at the default location: C:/Users/Administrator/AppData/LocalLow/Unity/Caches/GiCache.
Failed to create GICache directory at the default location: C:/Users/Administrator/AppData/LocalLow/Unity/Caches/GiCache.
Failed to create GICache directory at the default location: C:/Users/Administrator/AppData/LocalLow/Unity/Caches/GiCache.
Failed to create GICache directory at the default location: C:/Users/Administrator/AppData/LocalLow/Unity/Caches/GiCache.
Failed to create GICache directory at the default location: C:/Users/Administrator/AppData/LocalLow/Unity/Caches/GiCache.
Failed to create GICache directory at the default location: C:/Users/Administrator/AppData/LocalLow/Unity/Caches/GiCache.
Failed to create GICache directory at the default location: C:/Users/Administrator/AppData/LocalLow/Unity/Caches/GiCache.
Failed to create GICache directory at the default location: C:/Users/Administrator/AppData/LocalLow/Unity/Caches/GiCache.
Failed to create GICache directory at the default location: C:/Users/Administrator/AppData/LocalLow/Unity/Caches/GiCache.
Failed to create GICache directory at the default location: C:/Users/Administrator/AppData/LocalLow/Unity/Caches/GiCache.
Failed to create GICache directory at the default location: C:/Users/Administrator/AppData/LocalLow/Unity/Caches/GiCache.
Failed to create GICache directory at the default location: C:/Users/Administrator/AppData/LocalLow/Unity/Caches/GiCache.
Failed to create GICache directory at the default location: C:/Users/Administrator/AppData/LocalLow/Unity/Caches/GiCache.
Failed to create GICache directory at the default location: C:/Users/Administrator/AppData/LocalLow/Unity/Caches/GiCache.
Failed to create GICache directory at the default location: C:/Users/Administrator/AppData/LocalLow/Unity/Caches/GiCache.
Failed to create GICache directory at the default location: C:/Users/Administrator/AppData/LocalLow/Unity/Caches/GiCache.
Failed to create GICache directory at the default location: C:/Users/Administrator/AppData/LocalLow/Unity/Caches/GiCache.
Failed to create GICache directory at the default location: C:/Users/Administrator/AppData/LocalLow/Unity/Caches/GiCache.
Failed to create GICache directory at the default location: C:/Users/Administrator/AppData/LocalLow/Unity/Caches/GiCache.
Failed to create GICache directory at the default location: C:/Users/Administrator/AppData/LocalLow/Unity/Caches/GiCache.
Failed to create GICache directory at the default location: C:/Users/Administrator/AppData/LocalLow/Unity/Caches/GiCache.
Failed to create GICache directory at the default location: C:/Users/Administrator/AppData/LocalLow/Unity/Caches/GiCache.
Failed to create GICache directory at the default location: C:/Users/Administrator/AppData/LocalLow/Unity/Caches/GiCache.
Failed to create GICache directory at the default location: C:/Users/Administrator/AppData/LocalLow/Unity/Caches/GiCache.
Failed to create GICache directory at the default location: C:/Users/Administrator/AppData/LocalLow/Unity/Caches/GiCache.
Failed to create GICache directory at the default location: C:/Users/Administrator/AppData/LocalLow/Unity/Caches/GiCache.
Failed to create GICache directory at the default location: C:/Users/Administrator/AppData/LocalLow/Unity/Caches/GiCache.
Failed to create GICache directory at the default location: C:/Users/Administrator/AppData/LocalLow/Unity/Caches/GiCache.
Failed to create GICache directory at the default location: C:/Users/Administrator/AppData/LocalLow/Unity/Caches/GiCache.
Failed to create GICache directory at the default location: C:/Users/Administrator/AppData/LocalLow/Unity/Caches/GiCache.
Failed to create GICache directory at the default location: C:/Users/Administrator/AppData/LocalLow/Unity/Caches/GiCache.
Failed to create GICache directory at the default location: C:/Users/Administrator/AppData/LocalLow/Unity/Caches/GiCache.
Failed to create GICache directory at the default location: C:/Users/Administrator/AppData/LocalLow/Unity/Caches/GiCache.
Failed to create GICache directory at the default location: C:/Users/Administrator/AppData/LocalLow/Unity/Caches/GiCache.
Failed to create GICache directory at the default location: C:/Users/Administrator/AppData/LocalLow/Unity/Caches/GiCache.
Failed to create GICache directory at the default location: C:/Users/Administrator/AppData/LocalLow/Unity/Caches/GiCache.
Failed to create GICache directory at the default location: C:/Users/Administrator/AppData/LocalLow/Unity/Caches/GiCache.
Failed to create GICache directory at the default location: C:/Users/Administrator/AppData/LocalLow/Unity/Caches/GiCache.
Failed to create GICache directory at the default location: C:/Users/Administrator/AppData/LocalLow/Unity/Caches/GiCache.
Failed to create GICache directory at the default location: C:/Users/Administrator/AppData/LocalLow/Unity/Caches/GiCache.
Failed to create GICache directory at the default location: C:/Users/Administrator/AppData/LocalLow/Unity/Caches/GiCache.
Failed to create GICache directory at the default location: C:/Users/Administrator/AppData/LocalLow/Unity/Caches/GiCache.
Failed to create GICache directory at the default location: C:/Users/Administrator/AppData/LocalLow/Unity/Caches/GiCache.
Failed to create GICache directory at the default location: C:/Users/Administrator/AppData/LocalLow/Unity/Caches/GiCache.
Failed to create GICache directory at the default location: C:/Users/Administrator/AppData/LocalLow/Unity/Caches/GiCache.
Failed to create GICache directory at the default location: C:/Users/Administrator/AppData/LocalLow/Unity/Caches/GiCache.
Failed to create GICache directory at the default location: C:/Users/Administrator/AppData/LocalLow/Unity/Caches/GiCache.
Failed to create GICache directory at the default location: C:/Users/Administrator/AppData/LocalLow/Unity/Caches/GiCache.
Failed to create GICache directory at the default location: C:/Users/Administrator/AppData/LocalLow/Unity/Caches/GiCache.
Failed to create GICache directory at the default location: C:/Users/Administrator/AppData/LocalLow/Unity/Caches/GiCache.
Failed to create GICache directory at the default location: C:/Users/Administrator/AppData/LocalLow/Unity/Caches/GiCache.
Failed to create GICache directory at the default location: C:/Users/Administrator/AppData/LocalLow/Unity/Caches/GiCache.
Failed to create GICache directory at the default location: C:/Users/Administrator/AppData/LocalLow/Unity/Caches/GiCache.
Failed to create GICache directory at the default location: C:/Users/Administrator/AppData/LocalLow/Unity/Caches/GiCache.
Failed to create GICache directory at the default location: C:/Users/Administrator/AppData/LocalLow/Unity/Caches/GiCache.
Failed to create GICache directory at the default location: C:/Users/Administrator/AppData/LocalLow/Unity/Caches/GiCache.
Failed to create GICache directory at the default location: C:/Users/Administrator/AppData/LocalLow/Unity/Caches/GiCache.
Failed to create GICache directory at the default location: C:/Users/Administrator/AppData/LocalLow/Unity/Caches/GiCache.
Failed to create GICache directory at the default location: C:/Users/Administrator/AppData/LocalLow/Unity/Caches/GiCache.
Failed to create GICache directory at the default location: C:/Users/Administrator/AppData/LocalLow/Unity/Caches/GiCache.
Failed to create GICache directory at the default location: C:/Users/Administrator/AppData/LocalLow/Unity/Caches/GiCache.
Failed to create GICache directory at the default location: C:/Users/Administrator/AppData/LocalLow/Unity/Caches/GiCache.
Failed to create GICache directory at the default location: C:/Users/Administrator/AppData/LocalLow/Unity/Caches/GiCache.
Failed to create GICache directory at the default location: C:/Users/Administrator/AppData/LocalLow/Unity/Caches/GiCache.
Failed to create GICache directory at the default location: C:/Users/Administrator/AppData/LocalLow/Unity/Caches/GiCache.
Failed to create GICache directory at the default location: C:/Users/Administrator/AppData/LocalLow/Unity/Caches/GiCache.
Failed to create GICache directory at the default location: C:/Users/Administrator/AppData/LocalLow/Unity/Caches/GiCache.
Failed to create GICache directory at the default location: C:/Users/Administrator/AppData/LocalLow/Unity/Caches/GiCache.
Failed to create GICache directory at the default location: C:/Users/Administrator/AppData/LocalLow/Unity/Caches/GiCache.
Failed to create GICache directory at the default location: C:/Users/Administrator/AppData/LocalLow/Unity/Caches/GiCache.
Failed to create GICache directory at the default location: C:/Users/Administrator/AppData/LocalLow/Unity/Caches/GiCache.
Failed to create GICache directory at the default location: C:/Users/Administrator/AppData/LocalLow/Unity/Caches/GiCache.
Failed to create GICache directory at the default location: C:/Users/Administrator/AppData/LocalLow/Unity/Caches/GiCache.
Failed to create GICache directory at the default location: C:/Users/Administrator/AppData/LocalLow/Unity/Caches/GiCache.
Failed to create GICache directory at the default location: C:/Users/Administrator/AppData/LocalLow/Unity/Caches/GiCache.
Failed to create GICache directory at the default location: C:/Users/Administrator/AppData/LocalLow/Unity/Caches/GiCache.
Failed to create GICache directory at the default location: C:/Users/Administrator/AppData/LocalLow/Unity/Caches/GiCache.
Failed to create GICache directory at the default location: C:/Users/Administrator/AppData/LocalLow/Unity/Caches/GiCache.
Failed to create GICache directory at the default location: C:/Users/Administrator/AppData/LocalLow/Unity/Caches/GiCache.
Failed to create GICache directory at the default location: C:/Users/Administrator/AppData/LocalLow/Unity/Caches/GiCache.
Failed to create GICache directory at the default location: C:/Users/Administrator/AppData/LocalLow/Unity/Caches/GiCache.
Failed to create GICache directory at the default location: C:/Users/Administrator/AppData/LocalLow/Unity/Caches/GiCache.
Failed to create GICache directory at the default location: C:/Users/Administrator/AppData/LocalLow/Unity/Caches/GiCache.
Failed to create GICache directory at the default location: C:/Users/Administrator/AppData/LocalLow/Unity/Caches/GiCache.
Failed to create GICache directory at the default location: C:/Users/Administrator/AppData/LocalLow/Unity/Caches/GiCache.
Failed to create GICache directory at the default location: C:/Users/Administrator/AppData/LocalLow/Unity/Caches/GiCache.
Failed to create GICache directory at the default location: C:/Users/Administrator/AppData/LocalLow/Unity/Caches/GiCache.
Failed to create GICache directory at the default location: C:/Users/Administrator/AppData/LocalLow/Unity/Caches/GiCache.
Failed to create GICache directory at the default location: C:/Users/Administrator/AppData/LocalLow/Unity/Caches/GiCache.
Failed to create GICache directory at the default location: C:/Users/Administrator/AppData/LocalLow/Unity/Caches/GiCache.
Failed to create GICache directory at the default location: C:/Users/Administrator/AppData/LocalLow/Unity/Caches/GiCache.
Failed to create GICache directory at the default location: C:/Users/Administrator/AppData/LocalLow/Unity/Caches/GiCache.
Failed to create GICache directory at the default location: C:/Users/Administrator/AppData/LocalLow/Unity/Caches/GiCache.
Failed to create GICache directory at the default location: C:/Users/Administrator/AppData/LocalLow/Unity/Caches/GiCache.
Failed to create GICache directory at the default location: C:/Users/Administrator/AppData/LocalLow/Unity/Caches/GiCache.
Failed to create GICache directory at the default location: C:/Users/Administrator/AppData/LocalLow/Unity/Caches/GiCache.
Failed to create GICache directory at the default location: C:/Users/Administrator/AppData/LocalLow/Unity/Caches/GiCache.
Failed to create GICache directory at the default location: C:/Users/Administrator/AppData/LocalLow/Unity/Caches/GiCache.
Failed to create GICache directory at the default location: C:/Users/Administrator/AppData/LocalLow/Unity/Caches/GiCache.
Failed to create GICache directory at the default location: C:/Users/Administrator/AppData/LocalLow/Unity/Caches/GiCache.
Failed to create GICache directory at the default location: C:/Users/Administrator/AppData/LocalLow/Unity/Caches/GiCache.
Failed to create GICache directory at the default location: C:/Users/Administrator/AppData/LocalLow/Unity/Caches/GiCache.
Failed to create GICache directory at the default location: C:/Users/Administrator/AppData/LocalLow/Unity/Caches/GiCache.
Failed to create GICache directory at the default location: C:/Users/Administrator/AppData/LocalLow/Unity/Caches/GiCache.
Failed to create GICache directory at the default location: C:/Users/Administrator/AppData/LocalLow/Unity/Caches/GiCache.
Failed to create GICache directory at the default location: C:/Users/Administrator/AppData/LocalLow/Unity/Caches/GiCache.
Failed to create GICache directory at the default location: C:/Users/Administrator/AppData/LocalLow/Unity/Caches/GiCache.
Failed to create GICache directory at the default location: C:/Users/Administrator/AppData/LocalLow/Unity/Caches/GiCache.
Failed to create GICache directory at the default location: C:/Users/Administrator/AppData/LocalLow/Unity/Caches/GiCache.
Failed to create GICache directory at the default location: C:/Users/Administrator/AppData/LocalLow/Unity/Caches/GiCache.
Failed to create GICache directory at the default location: C:/Users/Administrator/AppData/LocalLow/Unity/Caches/GiCache.
Failed to create GICache directory at the default location: C:/Users/Administrator/AppData/LocalLow/Unity/Caches/GiCache.
Failed to create GICache directory at the default location: C:/Users/Administrator/AppData/LocalLow/Unity/Caches/GiCache.
Failed to create GICache directory at the default location: C:/Users/Administrator/AppData/LocalLow/Unity/Caches/GiCache.
Failed to create GICache directory at the default location: C:/Users/Administrator/AppData/LocalLow/Unity/Caches/GiCache.
Failed to create GICache directory at the default location: C:/Users/Administrator/AppData/LocalLow/Unity/Caches/GiCache.
Failed to create GICache directory at the default location: C:/Users/Administrator/AppData/LocalLow/Unity/Caches/GiCache.
Failed to create GICache directory at the default location: C:/Users/Administrator/AppData/LocalLow/Unity/Caches/GiCache.
Failed to create GICache directory at the default location: C:/Users/Administrator/AppData/LocalLow/Unity/Caches/GiCache.
Failed to create GICache directory at the default location: C:/Users/Administrator/AppData/LocalLow/Unity/Caches/GiCache.
Failed to create GICache directory at the default location: C:/Users/Administrator/AppData/LocalLow/Unity/Caches/GiCache.
Failed to create GICache directory at the default location: C:/Users/Administrator/AppData/LocalLow/Unity/Caches/GiCache.
Failed to create GICache directory at the default location: C:/Users/Administrator/AppData/LocalLow/Unity/Caches/GiCache.
Failed to create GICache directory at the default location: C:/Users/Administrator/AppData/LocalLow/Unity/Caches/GiCache.
Failed to create GICache directory at the default location: C:/Users/Administrator/AppData/LocalLow/Unity/Caches/GiCache.
Failed to create GICache directory at the default location: C:/Users/Administrator/AppData/LocalLow/Unity/Caches/GiCache.
Failed to create GICache directory at the default location: C:/Users/Administrator/AppData/LocalLow/Unity/Caches/GiCache.
Failed to create GICache directory at the default location: C:/Users/Administrator/AppData/LocalLow/Unity/Caches/GiCache.
Failed to create GICache directory at the default location: C:/Users/Administrator/AppData/LocalLow/Unity/Caches/GiCache.
Failed to create GICache directory at the default location: C:/Users/Administrator/AppData/LocalLow/Unity/Caches/GiCache.
Failed to create GICache directory at the default location: C:/Users/Administrator/AppData/LocalLow/Unity/Caches/GiCache.
Failed to create GICache directory at the default location: C:/Users/Administrator/AppData/LocalLow/Unity/Caches/GiCache.
Failed to create GICache directory at the default location: C:/Users/Administrator/AppData/LocalLow/Unity/Caches/GiCache.
Failed to create GICache directory at the default location: C:/Users/Administrator/AppData/LocalLow/Unity/Caches/GiCache.
Failed to create GICache directory at the default location: C:/Users/Administrator/AppData/LocalLow/Unity/Caches/GiCache.
Failed to create GICache directory at the default location: C:/Users/Administrator/AppData/LocalLow/Unity/Caches/GiCache.
Failed to create GICache directory at the default location: C:/Users/Administrator/AppData/LocalLow/Unity/Caches/GiCache.
Failed to create GICache directory at the default location: C:/Users/Administrator/AppData/LocalLow/Unity/Caches/GiCache.
Failed to create GICache directory at the default location: C:/Users/Administrator/AppData/LocalLow/Unity/Caches/GiCache.
Failed to create GICache directory at the default location: C:/Users/Administrator/AppData/LocalLow/Unity/Caches/GiCache.
Failed to create GICache directory at the default location: C:/Users/Administrator/AppData/LocalLow/Unity/Caches/GiCache.
Failed to create GICache directory at the default location: C:/Users/Administrator/AppData/LocalLow/Unity/Caches/GiCache.
Failed to create GICache directory at the default location: C:/Users/Administrator/AppData/LocalLow/Unity/Caches/GiCache.
Failed to create GICache directory at the default location: C:/Users/Administrator/AppData/LocalLow/Unity/Caches/GiCache.
Failed to create GICache directory at the default location: C:/Users/Administrator/AppData/LocalLow/Unity/Caches/GiCache.
Failed to create GICache directory at the default location: C:/Users/Administrator/AppData/LocalLow/Unity/Caches/GiCache.
Failed to create GICache directory at the default location: C:/Users/Administrator/AppData/LocalLow/Unity/Caches/GiCache.
Failed to create GICache directory at the default location: C:/Users/Administrator/AppData/LocalLow/Unity/Caches/GiCache.
Failed to create GICache directory at the default location: C:/Users/Administrator/AppData/LocalLow/Unity/Caches/GiCache.
Failed to create GICache directory at the default location: C:/Users/Administrator/AppData/LocalLow/Unity/Caches/GiCache.
Failed to create GICache directory at the default location: C:/Users/Administrator/AppData/LocalLow/Unity/Caches/GiCache.
Failed to create GICache directory at the default location: C:/Users/Administrator/AppData/LocalLow/Unity/Caches/GiCache.
Failed to create GICache directory at the default location: C:/Users/Administrator/AppData/LocalLow/Unity/Caches/GiCache.
Failed to create GICache directory at the default location: C:/Users/Administrator/AppData/LocalLow/Unity/Caches/GiCache.
Failed to create GICache directory at the default location: C:/Users/Administrator/AppData/LocalLow/Unity/Caches/GiCache.
Failed to create GICache directory at the default location: C:/Users/Administrator/AppData/LocalLow/Unity/Caches/GiCache.
Failed to create GICache directory at the default location: C:/Users/Administrator/AppData/LocalLow/Unity/Caches/GiCache.
Failed to create GICache directory at the default location: C:/Users/Administrator/AppData/LocalLow/Unity/Caches/GiCache.
Failed to create GICache directory at the default location: C:/Users/Administrator/AppData/LocalLow/Unity/Caches/GiCache.
Failed to create GICache directory at the default location: C:/Users/Administrator/AppData/LocalLow/Unity/Caches/GiCache.
Failed to create GICache directory at the default location: C:/Users/Administrator/AppData/LocalLow/Unity/Caches/GiCache.
Failed to create GICache directory at the default location: C:/Users/Administrator/AppData/LocalLow/Unity/Caches/GiCache.
Failed to create GICache directory at the default location: C:/Users/Administrator/AppData/LocalLow/Unity/Caches/GiCache.
Failed to create GICache directory at the default location: C:/Users/Administrator/AppData/LocalLow/Unity/Caches/GiCache.
Failed to create GICache directory at the default location: C:/Users/Administrator/AppData/LocalLow/Unity/Caches/GiCache.
Failed to create GICache directory at the default location: C:/Users/Administrator/AppData/LocalLow/Unity/Caches/GiCache.
Failed to create GICache directory at the default location: C:/Users/Administrator/AppData/LocalLow/Unity/Caches/GiCache.
Failed to create GICache directory at the default location: C:/Users/Administrator/AppData/LocalLow/Unity/Caches/GiCache.
Failed to create GICache directory at the default location: C:/Users/Administrator/AppData/LocalLow/Unity/Caches/GiCache.
Failed to create GICache directory at the default location: C:/Users/Administrator/AppData/LocalLow/Unity/Caches/GiCache.
Failed to create GICache directory at the default location: C:/Users/Administrator/AppData/LocalLow/Unity/Caches/GiCache.
Failed to create GICache directory at the default location: C:/Users/Administrator/AppData/LocalLow/Unity/Caches/GiCache.
Failed to create GICache directory at the default location: C:/Users/Administrator/AppData/LocalLow/Unity/Caches/GiCache.
Failed to create GICache directory at the default location: C:/Users/Administrator/AppData/LocalLow/Unity/Caches/GiCache.
Failed to create GICache directory at the default location: C:/Users/Administrator/AppData/LocalLow/Unity/Caches/GiCache.
Failed to create GICache directory at the default location: C:/Users/Administrator/AppData/LocalLow/Unity/Caches/GiCache.
Failed to create GICache directory at the default location: C:/Users/Administrator/AppData/LocalLow/Unity/Caches/GiCache.
Failed to create GICache directory at the default location: C:/Users/Administrator/AppData/LocalLow/Unity/Caches/GiCache.
Failed to create GICache directory at the default location: C:/Users/Administrator/AppData/LocalLow/Unity/Caches/GiCache.
Failed to create GICache directory at the default location: C:/Users/Administrator/AppData/LocalLow/Unity/Caches/GiCache.
Failed to create GICache directory at the default location: C:/Users/Administrator/AppData/LocalLow/Unity/Caches/GiCache.
Failed to create GICache directory at the default location: C:/Users/Administrator/AppData/LocalLow/Unity/Caches/GiCache.
Failed to create GICache directory at the default location: C:/Users/Administrator/AppData/LocalLow/Unity/Caches/GiCache.
Failed to create GICache directory at the default location: C:/Users/Administrator/AppData/LocalLow/Unity/Caches/GiCache.
Failed to create GICache directory at the default location: C:/Users/Administrator/AppData/LocalLow/Unity/Caches/GiCache.
Failed to create GICache directory at the default location: C:/Users/Administrator/AppData/LocalLow/Unity/Caches/GiCache.
Failed to create GICache directory at the default location: C:/Users/Administrator/AppData/LocalLow/Unity/Caches/GiCache.
Failed to create GICache directory at the default location: C:/Users/Administrator/AppData/LocalLow/Unity/Caches/GiCache.
Failed to create GICache directory at the default location: C:/Users/Administrator/AppData/LocalLow/Unity/Caches/GiCache.
Failed to create GICache directory at the default location: C:/Users/Administrator/AppData/LocalLow/Unity/Caches/GiCache.
Failed to create GICache directory at the default location: C:/Users/Administrator/AppData/LocalLow/Unity/Caches/GiCache.
Failed to create GICache directory at the default location: C:/Users/Administrator/AppData/LocalLow/Unity/Caches/GiCache.
Failed to create GICache directory at the default location: C:/Users/Administrator/AppData/LocalLow/Unity/Caches/GiCache.
Failed to create GICache directory at the default location: C:/Users/Administrator/AppData/LocalLow/Unity/Caches/GiCache.
Failed to create GICache directory at the default location: C:/Users/Administrator/AppData/LocalLow/Unity/Caches/GiCache.
Failed to create GICache directory at the default location: C:/Users/Administrator/AppData/LocalLow/Unity/Caches/GiCache.
Failed to create GICache directory at the default location: C:/Users/Administrator/AppData/LocalLow/Unity/Caches/GiCache.
Failed to create GICache directory at the default location: C:/Users/Administrator/AppData/LocalLow/Unity/Caches/GiCache.
Failed to create GICache directory at the default location: C:/Users/Administrator/AppData/LocalLow/Unity/Caches/GiCache.
Failed to create GICache directory at the default location: C:/Users/Administrator/AppData/LocalLow/Unity/Caches/GiCache.
Failed to create GICache directory at the default location: C:/Users/Administrator/AppData/LocalLow/Unity/Caches/GiCache.
Failed to create GICache directory at the default location: C:/Users/Administrator/AppData/LocalLow/Unity/Caches/GiCache.
Failed to create GICache directory at the default location: C:/Users/Administrator/AppData/LocalLow/Unity/Caches/GiCache.
Failed to create GICache directory at the default location: C:/Users/Administrator/AppData/LocalLow/Unity/Caches/GiCache.
Failed to create GICache directory at the default location: C:/Users/Administrator/AppData/LocalLow/Unity/Caches/GiCache.
Failed to create GICache directory at the default location: C:/Users/Administrator/AppData/LocalLow/Unity/Caches/GiCache.
Failed to create GICache directory at the default location: C:/Users/Administrator/AppData/LocalLow/Unity/Caches/GiCache.
Failed to create GICache directory at the default location: C:/Users/Administrator/AppData/LocalLow/Unity/Caches/GiCache.
Failed to create GICache directory at the default location: C:/Users/Administrator/AppData/LocalLow/Unity/Caches/GiCache.
Failed to create GICache directory at the default location: C:/Users/Administrator/AppData/LocalLow/Unity/Caches/GiCache.
Failed to create GICache directory at the default location: C:/Users/Administrator/AppData/LocalLow/Unity/Caches/GiCache.
Failed to create GICache directory at the default location: C:/Users/Administrator/AppData/LocalLow/Unity/Caches/GiCache.
Failed to create GICache directory at the default location: C:/Users/Administrator/AppData/LocalLow/Unity/Caches/GiCache.
Failed to create GICache directory at the default location: C:/Users/Administrator/AppData/LocalLow/Unity/Caches/GiCache.
Failed to create GICache directory at the default location: C:/Users/Administrator/AppData/LocalLow/Unity/Caches/GiCache.
Failed to create GICache directory at the default location: C:/Users/Administrator/AppData/LocalLow/Unity/Caches/GiCache.
Failed to create GICache directory at the default location: C:/Users/Administrator/AppData/LocalLow/Unity/Caches/GiCache.
Failed to create GICache directory at the default location: C:/Users/Administrator/AppData/LocalLow/Unity/Caches/GiCache.
Failed to create GICache directory at the default location: C:/Users/Administrator/AppData/LocalLow/Unity/Caches/GiCache.
Failed to create GICache directory at the default location: C:/Users/Administrator/AppData/LocalLow/Unity/Caches/GiCache.
Failed to create GICache directory at the default location: C:/Users/Administrator/AppData/LocalLow/Unity/Caches/GiCache.
Failed to create GICache directory at the default location: C:/Users/Administrator/AppData/LocalLow/Unity/Caches/GiCache.
Failed to create GICache directory at the default location: C:/Users/Administrator/AppData/LocalLow/Unity/Caches/GiCache.
Failed to create GICache directory at the default location: C:/Users/Administrator/AppData/LocalLow/Unity/Caches/GiCache.
Failed to create GICache directory at the default location: C:/Users/Administrator/AppData/LocalLow/Unity/Caches/GiCache.
Failed to create GICache directory at the default location: C:/Users/Administrator/AppData/LocalLow/Unity/Caches/GiCache.
Failed to create GICache directory at the default location: C:/Users/Administrator/AppData/LocalLow/Unity/Caches/GiCache.
Failed to create GICache directory at the default location: C:/Users/Administrator/AppData/LocalLow/Unity/Caches/GiCache.
Failed to create GICache directory at the default location: C:/Users/Administrator/AppData/LocalLow/Unity/Caches/GiCache.
Failed to create GICache directory at the default location: C:/Users/Administrator/AppData/LocalLow/Unity/Caches/GiCache.
Failed to create GICache directory at the default location: C:/Users/Administrator/AppData/LocalLow/Unity/Caches/GiCache.
Failed to create GICache directory at the default location: C:/Users/Administrator/AppData/LocalLow/Unity/Caches/GiCache.
Failed to create GICache directory at the default location: C:/Users/Administrator/AppData/LocalLow/Unity/Caches/GiCache.
Failed to create GICache directory at the default location: C:/Users/Administrator/AppData/LocalLow/Unity/Caches/GiCache.
Failed to create GICache directory at the default location: C:/Users/Administrator/AppData/LocalLow/Unity/Caches/GiCache.
Failed to create GICache directory at the default location: C:/Users/Administrator/AppData/LocalLow/Unity/Caches/GiCache.
Failed to create GICache directory at the default location: C:/Users/Administrator/AppData/LocalLow/Unity/Caches/GiCache.
Failed to create GICache directory at the default location: C:/Users/Administrator/AppData/LocalLow/Unity/Caches/GiCache.
Failed to create GICache directory at the default location: C:/Users/Administrator/AppData/LocalLow/Unity/Caches/GiCache.
Failed to create GICache directory at the default location: C:/Users/Administrator/AppData/LocalLow/Unity/Caches/GiCache.
Failed to create GICache directory at the default location: C:/Users/Administrator/AppData/LocalLow/Unity/Caches/GiCache.
Failed to create GICache directory at the default location: C:/Users/Administrator/AppData/LocalLow/Unity/Caches/GiCache.
Failed to create GICache directory at the default location: C:/Users/Administrator/AppData/LocalLow/Unity/Caches/GiCache.
Failed to create GICache directory at the default location: C:/Users/Administrator/AppData/LocalLow/Unity/Caches/GiCache.
Failed to create GICache directory at the default location: C:/Users/Administrator/AppData/LocalLow/Unity/Caches/GiCache.
Failed to create GICache directory at the default location: C:/Users/Administrator/AppData/LocalLow/Unity/Caches/GiCache.
Failed to create GICache directory at the default location: C:/Users/Administrator/AppData/LocalLow/Unity/Caches/GiCache.
Failed to create GICache directory at the default location: C:/Users/Administrator/AppData/LocalLow/Unity/Caches/GiCache.
Failed to create GICache directory at the default location: C:/Users/Administrator/AppData/LocalLow/Unity/Caches/GiCache.
Failed to create GICache directory at the default location: C:/Users/Administrator/AppData/LocalLow/Unity/Caches/GiCache.
Failed to create GICache directory at the default location: C:/Users/Administrator/AppData/LocalLow/Unity/Caches/GiCache.
Failed to create GICache directory at the default location: C:/Users/Administrator/AppData/LocalLow/Unity/Caches/GiCache.
Failed to create GICache directory at the default location: C:/Users/Administrator/AppData/LocalLow/Unity/Caches/GiCache.
Failed to create GICache directory at the default location: C:/Users/Administrator/AppData/LocalLow/Unity/Caches/GiCache.
Failed to create GICache directory at the default location: C:/Users/Administrator/AppData/LocalLow/Unity/Caches/GiCache.
Failed to create GICache directory at the default location: C:/Users/Administrator/AppData/LocalLow/Unity/Caches/GiCache.
Failed to create GICache directory at the default location: C:/Users/Administrator/AppData/LocalLow/Unity/Caches/GiCache.
Failed to create GICache directory at the default location: C:/Users/Administrator/AppData/LocalLow/Unity/Caches/GiCache.
Failed to create GICache directory at the default location: C:/Users/Administrator/AppData/LocalLow/Unity/Caches/GiCache.
Failed to create GICache directory at the default location: C:/Users/Administrator/AppData/LocalLow/Unity/Caches/GiCache.
Failed to create GICache directory at the default location: C:/Users/Administrator/AppData/LocalLow/Unity/Caches/GiCache.
Failed to create GICache directory at the default location: C:/Users/Administrator/AppData/LocalLow/Unity/Caches/GiCache.
Failed to create GICache directory at the default location: C:/Users/Administrator/AppData/LocalLow/Unity/Caches/GiCache.
Failed to create GICache directory at the default location: C:/Users/Administrator/AppData/LocalLow/Unity/Caches/GiCache.
Failed to create GICache directory at the default location: C:/Users/Administrator/AppData/LocalLow/Unity/Caches/GiCache.
Failed to create GICache directory at the default location: C:/Users/Administrator/AppData/LocalLow/Unity/Caches/GiCache.
Failed to create GICache directory at the default location: C:/Users/Administrator/AppData/LocalLow/Unity/Caches/GiCache.
Failed to create GICache directory at the default location: C:/Users/Administrator/AppData/LocalLow/Unity/Caches/GiCache.
Failed to create GICache directory at the default location: C:/Users/Administrator/AppData/LocalLow/Unity/Caches/GiCache.
Failed to create GICache directory at the default location: C:/Users/Administrator/AppData/LocalLow/Unity/Caches/GiCache.
Failed to create GICache directory at the default location: C:/Users/Administrator/AppData/LocalLow/Unity/Caches/GiCache.
Failed to create GICache directory at the default location: C:/Users/Administrator/AppData/LocalLow/Unity/Caches/GiCache.
Failed to create GICache directory at the default location: C:/Users/Administrator/AppData/LocalLow/Unity/Caches/GiCache.
Failed to create GICache directory at the default location: C:/Users/Administrator/AppData/LocalLow/Unity/Caches/GiCache.
Failed to create GICache directory at the default location: C:/Users/Administrator/AppData/LocalLow/Unity/Caches/GiCache.
Failed to create GICache directory at the default location: C:/Users/Administrator/AppData/LocalLow/Unity/Caches/GiCache.
Failed to create GICache directory at the default location: C:/Users/Administrator/AppData/LocalLow/Unity/Caches/GiCache.
Failed to create GICache directory at the default location: C:/Users/Administrator/AppData/LocalLow/Unity/Caches/GiCache.
Failed to create GICache directory at the default location: C:/Users/Administrator/AppData/LocalLow/Unity/Caches/GiCache.
Failed to create GICache directory at the default location: C:/Users/Administrator/AppData/LocalLow/Unity/Caches/GiCache.
Failed to create GICache directory at the default location: C:/Users/Administrator/AppData/LocalLow/Unity/Caches/GiCache.
Failed to create GICache directory at the default location: C:/Users/Administrator/AppData/LocalLow/Unity/Caches/GiCache.
Failed to create GICache directory at the default location: C:/Users/Administrator/AppData/LocalLow/Unity/Caches/GiCache.
Failed to create GICache directory at the default location: C:/Users/Administrator/AppData/LocalLow/Unity/Caches/GiCache.
Failed to create GICache directory at the default location: C:/Users/Administrator/AppData/LocalLow/Unity/Caches/GiCache.
Failed to create GICache directory at the default location: C:/Users/Administrator/AppData/LocalLow/Unity/Caches/GiCache.
Failed to create GICache directory at the default location: C:/Users/Administrator/AppData/LocalLow/Unity/Caches/GiCache.
Failed to create GICache directory at the default location: C:/Users/Administrator/AppData/LocalLow/Unity/Caches/GiCache.
Failed to create GICache directory at the default location: C:/Users/Administrator/AppData/LocalLow/Unity/Caches/GiCache.
Failed to create GICache directory at the default location: C:/Users/Administrator/AppData/LocalLow/Unity/Caches/GiCache.
Failed to create GICache directory at the default location: C:/Users/Administrator/AppData/LocalLow/Unity/Caches/GiCache.
Failed to create GICache directory at the default location: C:/Users/Administrator/AppData/LocalLow/Unity/Caches/GiCache.
Failed to create GICache directory at the default location: C:/Users/Administrator/AppData/LocalLow/Unity/Caches/GiCache.
Failed to create GICache directory at the default location: C:/Users/Administrator/AppData/LocalLow/Unity/Caches/GiCache.
Failed to create GICache directory at the default location: C:/Users/Administrator/AppData/LocalLow/Unity/Caches/GiCache.
Failed to create GICache directory at the default location: C:/Users/Administrator/AppData/LocalLow/Unity/Caches/GiCache.
Failed to create GICache directory at the default location: C:/Users/Administrator/AppData/LocalLow/Unity/Caches/GiCache.
Failed to create GICache directory at the default location: C:/Users/Administrator/AppData/LocalLow/Unity/Caches/GiCache.
Failed to create GICache directory at the default location: C:/Users/Administrator/AppData/LocalLow/Unity/Caches/GiCache.
Failed to create GICache directory at the default location: C:/Users/Administrator/AppData/LocalLow/Unity/Caches/GiCache.
Failed to create GICache directory at the default location: C:/Users/Administrator/AppData/LocalLow/Unity/Caches/GiCache.
Failed to create GICache directory at the default location: C:/Users/Administrator/AppData/LocalLow/Unity/Caches/GiCache.
Failed to create GICache directory at the default location: C:/Users/Administrator/AppData/LocalLow/Unity/Caches/GiCache.
Failed to create GICache directory at the default location: C:/Users/Administrator/AppData/LocalLow/Unity/Caches/GiCache.
Failed to create GICache directory at the default location: C:/Users/Administrator/AppData/LocalLow/Unity/Caches/GiCache.
Failed to create GICache directory at the default location: C:/Users/Administrator/AppData/LocalLow/Unity/Caches/GiCache.
Failed to create GICache directory at the default location: C:/Users/Administrator/AppData/LocalLow/Unity/Caches/GiCache.
Failed to create GICache directory at the default location: C:/Users/Administrator/AppData/LocalLow/Unity/Caches/GiCache.
Failed to create GICache directory at the default location: C:/Users/Administrator/AppData/LocalLow/Unity/Caches/GiCache.
Failed to create GICache directory at the default location: C:/Users/Administrator/AppData/LocalLow/Unity/Caches/GiCache.
Failed to create GICache directory at the default location: C:/Users/Administrator/AppData/LocalLow/Unity/Caches/GiCache.
Failed to create GICache directory at the default location: C:/Users/Administrator/AppData/LocalLow/Unity/Caches/GiCache.
Failed to create GICache directory at the default location: C:/Users/Administrator/AppData/LocalLow/Unity/Caches/GiCache.
Failed to create GICache directory at the default location: C:/Users/Administrator/AppData/LocalLow/Unity/Caches/GiCache.
Failed to create GICache directory at the default location: C:/Users/Administrator/AppData/LocalLow/Unity/Caches/GiCache.
Failed to create GICache directory at the default location: C:/Users/Administrator/AppData/LocalLow/Unity/Caches/GiCache.
Failed to create GICache directory at the default location: C:/Users/Administrator/AppData/LocalLow/Unity/Caches/GiCache.
Failed to create GICache directory at the default location: C:/Users/Administrator/AppData/LocalLow/Unity/Caches/GiCache.
Failed to create GICache directory at the default location: C:/Users/Administrator/AppData/LocalLow/Unity/Caches/GiCache.
Failed to create GICache directory at the default location: C:/Users/Administrator/AppData/LocalLow/Unity/Caches/GiCache.
Failed to create GICache directory at the default location: C:/Users/Administrator/AppData/LocalLow/Unity/Caches/GiCache.
Failed to create GICache directory at the default location: C:/Users/Administrator/AppData/LocalLow/Unity/Caches/GiCache.
Failed to create GICache directory at the default location: C:/Users/Administrator/AppData/LocalLow/Unity/Caches/GiCache.
Failed to create GICache directory at the default location: C:/Users/Administrator/AppData/LocalLow/Unity/Caches/GiCache.
Failed to create GICache directory at the default location: C:/Users/Administrator/AppData/LocalLow/Unity/Caches/GiCache.
Failed to create GICache directory at the default location: C:/Users/Administrator/AppData/LocalLow/Unity/Caches/GiCache.
Failed to create GICache directory at the default location: C:/Users/Administrator/AppData/LocalLow/Unity/Caches/GiCache.
Failed to create GICache directory at the default location: C:/Users/Administrator/AppData/LocalLow/Unity/Caches/GiCache.
Failed to create GICache directory at the default location: C:/Users/Administrator/AppData/LocalLow/Unity/Caches/GiCache.
Failed to create GICache directory at the default location: C:/Users/Administrator/AppData/LocalLow/Unity/Caches/GiCache.
Failed to create GICache directory at the default location: C:/Users/Administrator/AppData/LocalLow/Unity/Caches/GiCache.
Failed to create GICache directory at the default location: C:/Users/Administrator/AppData/LocalLow/Unity/Caches/GiCache.
Failed to create GICache directory at the default location: C:/Users/Administrator/AppData/LocalLow/Unity/Caches/GiCache.
Failed to create GICache directory at the default location: C:/Users/Administrator/AppData/LocalLow/Unity/Caches/GiCache.
Failed to create GICache directory at the default location: C:/Users/Administrator/AppData/LocalLow/Unity/Caches/GiCache.
Failed to create GICache directory at the default location: C:/Users/Administrator/AppData/LocalLow/Unity/Caches/GiCache.
Failed to create GICache directory at the default location: C:/Users/Administrator/AppData/LocalLow/Unity/Caches/GiCache.
Failed to create GICache directory at the default location: C:/Users/Administrator/AppData/LocalLow/Unity/Caches/GiCache.
Failed to create GICache directory at the default location: C:/Users/Administrator/AppData/LocalLow/Unity/Caches/GiCache.
Failed to create GICache directory at the default location: C:/Users/Administrator/AppData/LocalLow/Unity/Caches/GiCache.
Failed to create GICache directory at the default location: C:/Users/Administrator/AppData/LocalLow/Unity/Caches/GiCache.
Failed to create GICache directory at the default location: C:/Users/Administrator/AppData/LocalLow/Unity/Caches/GiCache.
Failed to create GICache directory at the default location: C:/Users/Administrator/AppData/LocalLow/Unity/Caches/GiCache.
Failed to create GICache directory at the default location: C:/Users/Administrator/AppData/LocalLow/Unity/Caches/GiCache.
Failed to create GICache directory at the default location: C:/Users/Administrator/AppData/LocalLow/Unity/Caches/GiCache.
Failed to create GICache directory at the default location: C:/Users/Administrator/AppData/LocalLow/Unity/Caches/GiCache.
Failed to create GICache directory at the default location: C:/Users/Administrator/AppData/LocalLow/Unity/Caches/GiCache.
Failed to create GICache directory at the default location: C:/Users/Administrator/AppData/LocalLow/Unity/Caches/GiCache.
Failed to create GICache directory at the default location: C:/Users/Administrator/AppData/LocalLow/Unity/Caches/GiCache.
Failed to create GICache directory at the default location: C:/Users/Administrator/AppData/LocalLow/Unity/Caches/GiCache.
Failed to create GICache directory at the default location: C:/Users/Administrator/AppData/LocalLow/Unity/Caches/GiCache.
Failed to create GICache directory at the default location: C:/Users/Administrator/AppData/LocalLow/Unity/Caches/GiCache.
Failed to create GICache directory at the default location: C:/Users/Administrator/AppData/LocalLow/Unity/Caches/GiCache.
Failed to create GICache directory at the default location: C:/Users/Administrator/AppData/LocalLow/Unity/Caches/GiCache.
Failed to create GICache directory at the default location: C:/Users/Administrator/AppData/LocalLow/Unity/Caches/GiCache.
Failed to create GICache directory at the default location: C:/Users/Administrator/AppData/LocalLow/Unity/Caches/GiCache.
Failed to create GICache directory at the default location: C:/Users/Administrator/AppData/LocalLow/Unity/Caches/GiCache.
Failed to create GICache directory at the default location: C:/Users/Administrator/AppData/LocalLow/Unity/Caches/GiCache.
Failed to create GICache directory at the default location: C:/Users/Administrator/AppData/LocalLow/Unity/Caches/GiCache.
Failed to create GICache directory at the default location: C:/Users/Administrator/AppData/LocalLow/Unity/Caches/GiCache.
Failed to create GICache directory at the default location: C:/Users/Administrator/AppData/LocalLow/Unity/Caches/GiCache.
Failed to create GICache directory at the default location: C:/Users/Administrator/AppData/LocalLow/Unity/Caches/GiCache.
Failed to create GICache directory at the default location: C:/Users/Administrator/AppData/LocalLow/Unity/Caches/GiCache.
Failed to create GICache directory at the default location: C:/Users/Administrator/AppData/LocalLow/Unity/Caches/GiCache.
Failed to create GICache directory at the default location: C:/Users/Administrator/AppData/LocalLow/Unity/Caches/GiCache.
Failed to create GICache directory at the default location: C:/Users/Administrator/AppData/LocalLow/Unity/Caches/GiCache.
Failed to create GICache directory at the default location: C:/Users/Administrator/AppData/LocalLow/Unity/Caches/GiCache.
Failed to create GICache directory at the default location: C:/Users/Administrator/AppData/LocalLow/Unity/Caches/GiCache.
Failed to create GICache directory at the default location: C:/Users/Administrator/AppData/LocalLow/Unity/Caches/GiCache.
Failed to create GICache directory at the default location: C:/Users/Administrator/AppData/LocalLow/Unity/Caches/GiCache.
Failed to create GICache directory at the default location: C:/Users/Administrator/AppData/LocalLow/Unity/Caches/GiCache.
Failed to create GICache directory at the default location: C:/Users/Administrator/AppData/LocalLow/Unity/Caches/GiCache.
Failed to create GICache directory at the default location: C:/Users/Administrator/AppData/LocalLow/Unity/Caches/GiCache.
Failed to create GICache directory at the default location: C:/Users/Administrator/AppData/LocalLow/Unity/Caches/GiCache.
Failed to create GICache directory at the default location: C:/Users/Administrator/AppData/LocalLow/Unity/Caches/GiCache.
Failed to create GICache directory at the default location: C:/Users/Administrator/AppData/LocalLow/Unity/Caches/GiCache.
Failed to create GICache directory at the default location: C:/Users/Administrator/AppData/LocalLow/Unity/Caches/GiCache.
Failed to create GICache directory at the default location: C:/Users/Administrator/AppData/LocalLow/Unity/Caches/GiCache.
Failed to create GICache directory at the default location: C:/Users/Administrator/AppData/LocalLow/Unity/Caches/GiCache.
Failed to create GICache directory at the default location: C:/Users/Administrator/AppData/LocalLow/Unity/Caches/GiCache.
Failed to create GICache directory at the default location: C:/Users/Administrator/AppData/LocalLow/Unity/Caches/GiCache.
Failed to create GICache directory at the default location: C:/Users/Administrator/AppData/LocalLow/Unity/Caches/GiCache.
Failed to create GICache directory at the default location: C:/Users/Administrator/AppData/LocalLow/Unity/Caches/GiCache.
Failed to create GICache directory at the default location: C:/Users/Administrator/AppData/LocalLow/Unity/Caches/GiCache.
Failed to create GICache directory at the default location: C:/Users/Administrator/AppData/LocalLow/Unity/Caches/GiCache.
Failed to create GICache directory at the default location: C:/Users/Administrator/AppData/LocalLow/Unity/Caches/GiCache.
Failed to create GICache directory at the default location: C:/Users/Administrator/AppData/LocalLow/Unity/Caches/GiCache.
Failed to create GICache directory at the default location: C:/Users/Administrator/AppData/LocalLow/Unity/Caches/GiCache.
Failed to create GICache directory at the default location: C:/Users/Administrator/AppData/LocalLow/Unity/Caches/GiCache.
Failed to create GICache directory at the default location: C:/Users/Administrator/AppData/LocalLow/Unity/Caches/GiCache.
Failed to create GICache directory at the default location: C:/Users/Administrator/AppData/LocalLow/Unity/Caches/GiCache.
Failed to create GICache directory at the default location: C:/Users/Administrator/AppData/LocalLow/Unity/Caches/GiCache.
Failed to create GICache directory at the default location: C:/Users/Administrator/AppData/LocalLow/Unity/Caches/GiCache.
Failed to create GICache directory at the default location: C:/Users/Administrator/AppData/LocalLow/Unity/Caches/GiCache.
Failed to create GICache directory at the default location: C:/Users/Administrator/AppData/LocalLow/Unity/Caches/GiCache.
Failed to create GICache directory at the default location: C:/Users/Administrator/AppData/LocalLow/Unity/Caches/GiCache.
Failed to create GICache directory at the default location: C:/Users/Administrator/AppData/LocalLow/Unity/Caches/GiCache.
Failed to create GICache directory at the default location: C:/Users/Administrator/AppData/LocalLow/Unity/Caches/GiCache.
Failed to create GICache directory at the default location: C:/Users/Administrator/AppData/LocalLow/Unity/Caches/GiCache.
Failed to create GICache directory at the default location: C:/Users/Administrator/AppData/LocalLow/Unity/Caches/GiCache.
Failed to create GICache directory at the default location: C:/Users/Administrator/AppData/LocalLow/Unity/Caches/GiCache.
Failed to create GICache directory at the default location: C:/Users/Administrator/AppData/LocalLow/Unity/Caches/GiCache.
Failed to create GICache directory at the default location: C:/Users/Administrator/AppData/LocalLow/Unity/Caches/GiCache.
Failed to create GICache directory at the default location: C:/Users/Administrator/AppData/LocalLow/Unity/Caches/GiCache.
Failed to create GICache directory at the default location: C:/Users/Administrator/AppData/LocalLow/Unity/Caches/GiCache.
Failed to create GICache directory at the default location: C:/Users/Administrator/AppData/LocalLow/Unity/Caches/GiCache.
Failed to create GICache directory at the default location: C:/Users/Administrator/AppData/LocalLow/Unity/Caches/GiCache.
Failed to create GICache directory at the default location: C:/Users/Administrator/AppData/LocalLow/Unity/Caches/GiCache.
Failed to create GICache directory at the default location: C:/Users/Administrator/AppData/LocalLow/Unity/Caches/GiCache.
Failed to create GICache directory at the default location: C:/Users/Administrator/AppData/LocalLow/Unity/Caches/GiCache.
Failed to create GICache directory at the default location: C:/Users/Administrator/AppData/LocalLow/Unity/Caches/GiCache.
Failed to create GICache directory at the default location: C:/Users/Administrator/AppData/LocalLow/Unity/Caches/GiCache.
Failed to create GICache directory at the default location: C:/Users/Administrator/AppData/LocalLow/Unity/Caches/GiCache.
Failed to create GICache directory at the default location: C:/Users/Administrator/AppData/LocalLow/Unity/Caches/GiCache.
Failed to create GICache directory at the default location: C:/Users/Administrator/AppData/LocalLow/Unity/Caches/GiCache.
Failed to create GICache directory at the default location: C:/Users/Administrator/AppData/LocalLow/Unity/Caches/GiCache.
Failed to create GICache directory at the default location: C:/Users/Administrator/AppData/LocalLow/Unity/Caches/GiCache.
Failed to create GICache directory at the default location: C:/Users/Administrator/AppData/LocalLow/Unity/Caches/GiCache.
Failed to create GICache directory at the default location: C:/Users/Administrator/AppData/LocalLow/Unity/Caches/GiCache.
Failed to create GICache directory at the default location: C:/Users/Administrator/AppData/LocalLow/Unity/Caches/GiCache.
Failed to create GICache directory at the default location: C:/Users/Administrator/AppData/LocalLow/Unity/Caches/GiCache.
Failed to create GICache directory at the default location: C:/Users/Administrator/AppData/LocalLow/Unity/Caches/GiCache.
Failed to create GICache directory at the default location: C:/Users/Administrator/AppData/LocalLow/Unity/Caches/GiCache.
Failed to create GICache directory at the default location: C:/Users/Administrator/AppData/LocalLow/Unity/Caches/GiCache.
Failed to create GICache directory at the default location: C:/Users/Administrator/AppData/LocalLow/Unity/Caches/GiCache.
Failed to create GICache directory at the default location: C:/Users/Administrator/AppData/LocalLow/Unity/Caches/GiCache.
Failed to create GICache directory at the default location: C:/Users/Administrator/AppData/LocalLow/Unity/Caches/GiCache.
Failed to create GICache directory at the default location: C:/Users/Administrator/AppData/LocalLow/Unity/Caches/GiCache.
Failed to create GICache directory at the default location: C:/Users/Administrator/AppData/LocalLow/Unity/Caches/GiCache.
Failed to create GICache directory at the default location: C:/Users/Administrator/AppData/LocalLow/Unity/Caches/GiCache.
Failed to create GICache directory at the default location: C:/Users/Administrator/AppData/LocalLow/Unity/Caches/GiCache.
Failed to create GICache directory at the default location: C:/Users/Administrator/AppData/LocalLow/Unity/Caches/GiCache.
Failed to create GICache directory at the default location: C:/Users/Administrator/AppData/LocalLow/Unity/Caches/GiCache.
Failed to create GICache directory at the default location: C:/Users/Administrator/AppData/LocalLow/Unity/Caches/GiCache.
Failed to create GICache directory at the default location: C:/Users/Administrator/AppData/LocalLow/Unity/Caches/GiCache.
Failed to create GICache directory at the default location: C:/Users/Administrator/AppData/LocalLow/Unity/Caches/GiCache.
Failed to create GICache directory at the default location: C:/Users/Administrator/AppData/LocalLow/Unity/Caches/GiCache.
Failed to create GICache directory at the default location: C:/Users/Administrator/AppData/LocalLow/Unity/Caches/GiCache.
Failed to create GICache directory at the default location: C:/Users/Administrator/AppData/LocalLow/Unity/Caches/GiCache.
Failed to create GICache directory at the default location: C:/Users/Administrator/AppData/LocalLow/Unity/Caches/GiCache.
Failed to create GICache directory at the default location: C:/Users/Administrator/AppData/LocalLow/Unity/Caches/GiCache.
Failed to create GICache directory at the default location: C:/Users/Administrator/AppData/LocalLow/Unity/Caches/GiCache.
Failed to create GICache directory at the default location: C:/Users/Administrator/AppData/LocalLow/Unity/Caches/GiCache.
Failed to create GICache directory at the default location: C:/Users/Administrator/AppData/LocalLow/Unity/Caches/GiCache.
Failed to create GICache directory at the default location: C:/Users/Administrator/AppData/LocalLow/Unity/Caches/GiCache.
Failed to create GICache directory at the default location: C:/Users/Administrator/AppData/LocalLow/Unity/Caches/GiCache.
Failed to create GICache directory at the default location: C:/Users/Administrator/AppData/LocalLow/Unity/Caches/GiCache.
Failed to create GICache directory at the default location: C:/Users/Administrator/AppData/LocalLow/Unity/Caches/GiCache.
Failed to create GICache directory at the default location: C:/Users/Administrator/AppData/LocalLow/Unity/Caches/GiCache.
Failed to create GICache directory at the default location: C:/Users/Administrator/AppData/LocalLow/Unity/Caches/GiCache.
Failed to create GICache directory at the default location: C:/Users/Administrator/AppData/LocalLow/Unity/Caches/GiCache.
Failed to create GICache directory at the default location: C:/Users/Administrator/AppData/LocalLow/Unity/Caches/GiCache.
Failed to create GICache directory at the default location: C:/Users/Administrator/AppData/LocalLow/Unity/Caches/GiCache.
Failed to create GICache directory at the default location: C:/Users/Administrator/AppData/LocalLow/Unity/Caches/GiCache.
Failed to create GICache directory at the default location: C:/Users/Administrator/AppData/LocalLow/Unity/Caches/GiCache.
Failed to create GICache directory at the default location: C:/Users/Administrator/AppData/LocalLow/Unity/Caches/GiCache.
Failed to create GICache directory at the default location: C:/Users/Administrator/AppData/LocalLow/Unity/Caches/GiCache.
Failed to create GICache directory at the default location: C:/Users/Administrator/AppData/LocalLow/Unity/Caches/GiCache.
Failed to create GICache directory at the default location: C:/Users/Administrator/AppData/LocalLow/Unity/Caches/GiCache.
Failed to create GICache directory at the default location: C:/Users/Administrator/AppData/LocalLow/Unity/Caches/GiCache.
Failed to create GICache directory at the default location: C:/Users/Administrator/AppData/LocalLow/Unity/Caches/GiCache.
Failed to create GICache directory at the default location: C:/Users/Administrator/AppData/LocalLow/Unity/Caches/GiCache.
Failed to create GICache directory at the default location: C:/Users/Administrator/AppData/LocalLow/Unity/Caches/GiCache.
Failed to create GICache directory at the default location: C:/Users/Administrator/AppData/LocalLow/Unity/Caches/GiCache.
Failed to create GICache directory at the default location: C:/Users/Administrator/AppData/LocalLow/Unity/Caches/GiCache.
Failed to create GICache directory at the default location: C:/Users/Administrator/AppData/LocalLow/Unity/Caches/GiCache.
Failed to create GICache directory at the default location: C:/Users/Administrator/AppData/LocalLow/Unity/Caches/GiCache.
Failed to create GICache directory at the default location: C:/Users/Administrator/AppData/LocalLow/Unity/Caches/GiCache.
Failed to create GICache directory at the default location: C:/Users/Administrator/AppData/LocalLow/Unity/Caches/GiCache.
Failed to create GICache directory at the default location: C:/Users/Administrator/AppData/LocalLow/Unity/Caches/GiCache.
Failed to create GICache directory at the default location: C:/Users/Administrator/AppData/LocalLow/Unity/Caches/GiCache.
Failed to create GICache directory at the default location: C:/Users/Administrator/AppData/LocalLow/Unity/Caches/GiCache.
Failed to create GICache directory at the default location: C:/Users/Administrator/AppData/LocalLow/Unity/Caches/GiCache.
Failed to create GICache directory at the default location: C:/Users/Administrator/AppData/LocalLow/Unity/Caches/GiCache.
Failed to create GICache directory at the default location: C:/Users/Administrator/AppData/LocalLow/Unity/Caches/GiCache.
Failed to create GICache directory at the default location: C:/Users/Administrator/AppData/LocalLow/Unity/Caches/GiCache.
Failed to create GICache directory at the default location: C:/Users/Administrator/AppData/LocalLow/Unity/Caches/GiCache.
Failed to create GICache directory at the default location: C:/Users/Administrator/AppData/LocalLow/Unity/Caches/GiCache.
Failed to create GICache directory at the default location: C:/Users/Administrator/AppData/LocalLow/Unity/Caches/GiCache.
Failed to create GICache directory at the default location: C:/Users/Administrator/AppData/LocalLow/Unity/Caches/GiCache.
Failed to create GICache directory at the default location: C:/Users/Administrator/AppData/LocalLow/Unity/Caches/GiCache.
Failed to create GICache directory at the default location: C:/Users/Administrator/AppData/LocalLow/Unity/Caches/GiCache.
Failed to create GICache directory at the default location: C:/Users/Administrator/AppData/LocalLow/Unity/Caches/GiCache.
Failed to create GICache directory at the default location: C:/Users/Administrator/AppData/LocalLow/Unity/Caches/GiCache.
Failed to create GICache directory at the default location: C:/Users/Administrator/AppData/LocalLow/Unity/Caches/GiCache.
Failed to create GICache directory at the default location: C:/Users/Administrator/AppData/LocalLow/Unity/Caches/GiCache.
Failed to create GICache directory at the default location: C:/Users/Administrator/AppData/LocalLow/Unity/Caches/GiCache.
Failed to create GICache directory at the default location: C:/Users/Administrator/AppData/LocalLow/Unity/Caches/GiCache.
Failed to create GICache directory at the default location: C:/Users/Administrator/AppData/LocalLow/Unity/Caches/GiCache.
Failed to create GICache directory at the default location: C:/Users/Administrator/AppData/LocalLow/Unity/Caches/GiCache.
Failed to create GICache directory at the default location: C:/Users/Administrator/AppData/LocalLow/Unity/Caches/GiCache.
Failed to create GICache directory at the default location: C:/Users/Administrator/AppData/LocalLow/Unity/Caches/GiCache.
Failed to create GICache directory at the default location: C:/Users/Administrator/AppData/LocalLow/Unity/Caches/GiCache.
Failed to create GICache directory at the default location: C:/Users/Administrator/AppData/LocalLow/Unity/Caches/GiCache.
Failed to create GICache directory at the default location: C:/Users/Administrator/AppData/LocalLow/Unity/Caches/GiCache.
Failed to create GICache directory at the default location: C:/Users/Administrator/AppData/LocalLow/Unity/Caches/GiCache.
Failed to create GICache directory at the default location: C:/Users/Administrator/AppData/LocalLow/Unity/Caches/GiCache.
Failed to create GICache directory at the default location: C:/Users/Administrator/AppData/LocalLow/Unity/Caches/GiCache.
Failed to create GICache directory at the default location: C:/Users/Administrator/AppData/LocalLow/Unity/Caches/GiCache.
Failed to create GICache directory at the default location: C:/Users/Administrator/AppData/LocalLow/Unity/Caches/GiCache.
Failed to create GICache directory at the default location: C:/Users/Administrator/AppData/LocalLow/Unity/Caches/GiCache.
Failed to create GICache directory at the default location: C:/Users/Administrator/AppData/LocalLow/Unity/Caches/GiCache.
Failed to create GICache directory at the default location: C:/Users/Administrator/AppData/LocalLow/Unity/Caches/GiCache.
Failed to create GICache directory at the default location: C:/Users/Administrator/AppData/LocalLow/Unity/Caches/GiCache.
Failed to create GICache directory at the default location: C:/Users/Administrator/AppData/LocalLow/Unity/Caches/GiCache.
Failed to create GICache directory at the default location: C:/Users/Administrator/AppData/LocalLow/Unity/Caches/GiCache.
Failed to create GICache directory at the default location: C:/Users/Administrator/AppData/LocalLow/Unity/Caches/GiCache.
Failed to create GICache directory at the default location: C:/Users/Administrator/AppData/LocalLow/Unity/Caches/GiCache.
Failed to create GICache directory at the default location: C:/Users/Administrator/AppData/LocalLow/Unity/Caches/GiCache.
Failed to create GICache directory at the default location: C:/Users/Administrator/AppData/LocalLow/Unity/Caches/GiCache.
Failed to create GICache directory at the default location: C:/Users/Administrator/AppData/LocalLow/Unity/Caches/GiCache.
Failed to create GICache directory at the default location: C:/Users/Administrator/AppData/LocalLow/Unity/Caches/GiCache.
Failed to create GICache directory at the default location: C:/Users/Administrator/AppData/LocalLow/Unity/Caches/GiCache.
Failed to create GICache directory at the default location: C:/Users/Administrator/AppData/LocalLow/Unity/Caches/GiCache.
Failed to create GICache directory at the default location: C:/Users/Administrator/AppData/LocalLow/Unity/Caches/GiCache.
Failed to create GICache directory at the default location: C:/Users/Administrator/AppData/LocalLow/Unity/Caches/GiCache.
Failed to create GICache directory at the default location: C:/Users/Administrator/AppData/LocalLow/Unity/Caches/GiCache.
Failed to create GICache directory at the default location: C:/Users/Administrator/AppData/LocalLow/Unity/Caches/GiCache.
Failed to create GICache directory at the default location: C:/Users/Administrator/AppData/LocalLow/Unity/Caches/GiCache.
Failed to create GICache directory at the default location: C:/Users/Administrator/AppData/LocalLow/Unity/Caches/GiCache.
Failed to create GICache directory at the default location: C:/Users/Administrator/AppData/LocalLow/Unity/Caches/GiCache.
Failed to create GICache directory at the default location: C:/Users/Administrator/AppData/LocalLow/Unity/Caches/GiCache.
Failed to create GICache directory at the default location: C:/Users/Administrator/AppData/LocalLow/Unity/Caches/GiCache.
Failed to create GICache directory at the default location: C:/Users/Administrator/AppData/LocalLow/Unity/Caches/GiCache.
Failed to create GICache directory at the default location: C:/Users/Administrator/AppData/LocalLow/Unity/Caches/GiCache.
Failed to create GICache directory at the default location: C:/Users/Administrator/AppData/LocalLow/Unity/Caches/GiCache.
Failed to create GICache directory at the default location: C:/Users/Administrator/AppData/LocalLow/Unity/Caches/GiCache.
Failed to create GICache directory at the default location: C:/Users/Administrator/AppData/LocalLow/Unity/Caches/GiCache.
Failed to create GICache directory at the default location: C:/Users/Administrator/AppData/LocalLow/Unity/Caches/GiCache.
Failed to create GICache directory at the default location: C:/Users/Administrator/AppData/LocalLow/Unity/Caches/GiCache.
Failed to create GICache directory at the default location: C:/Users/Administrator/AppData/LocalLow/Unity/Caches/GiCache.
Failed to create GICache directory at the default location: C:/Users/Administrator/AppData/LocalLow/Unity/Caches/GiCache.
Failed to create GICache directory at the default location: C:/Users/Administrator/AppData/LocalLow/Unity/Caches/GiCache.
Failed to create GICache directory at the default location: C:/Users/Administrator/AppData/LocalLow/Unity/Caches/GiCache.
Failed to create GICache directory at the default location: C:/Users/Administrator/AppData/LocalLow/Unity/Caches/GiCache.
Failed to create GICache directory at the default location: C:/Users/Administrator/AppData/LocalLow/Unity/Caches/GiCache.
EMERALD_LOADED parts=4 vertices=11873 parameters=6
UnityEngine.Debug:ExtractStackTraceNoAlloc (byte*,int,string)
UnityEngine.StackTraceUtility:ExtractStackTrace ()
UnityEngine.DebugLogHandler:Internal_Log (UnityEngine.LogType,UnityEngine.LogOption,string,UnityEngine.Object)
UnityEngine.DebugLogHandler:LogFormat (UnityEngine.LogType,UnityEngine.Object,string,object[])
UnityEngine.Logger:Log (UnityEngine.LogType,object)
UnityEngine.Debug:Log (object)
EmeraldInochi.InochiStandee:Initialize () (at F:/天命之子/client/Assets/EmeraldInochi/InochiStandee.cs:94)
EmeraldInochi.InochiStandee:Attach (UnityEngine.Transform) (at F:/天命之子/client/Assets/EmeraldInochi/InochiStandee.cs:51)
Resonance.App.EmeraldLobby:TryAttach (UnityEngine.Transform,System.Collections.Generic.List`1<UnityEngine.GameObject>) (at Assets/Scripts/Resonance.App/UI/EmeraldLobby.cs:16)
Resonance.App.GameRoot:DrawHome () (at Assets/Scripts/Resonance.App/Core/GameRoot.cs:446)
Resonance.App.GameRoot:Show (Resonance.App.GameRoot/ScreenId) (at Assets/Scripts/Resonance.App/Core/GameRoot.cs:406)
Resonance.App.GameRoot:<ToggleBattlePause>b__67_0 () (at Assets/Scripts/Resonance.App/Core/GameRoot.cs:212)
Resonance.App.UiChrome/<>c__DisplayClass18_0:<Hit>b__0 () (at Assets/Scripts/Resonance.App/UI/UiChrome.cs:554)
UnityEngine.Events.InvokableCall:Invoke ()
UnityEngine.Events.UnityEvent:Invoke ()
UnityEngine.UI.Button:Press () (at ./Library/PackageCache/com.unity.ugui@27635d171b1a/Runtime/UGUI/UI/Core/Button.cs:71)
UnityEngine.UI.Button:OnPointerClick (UnityEngine.EventSystems.PointerEventData) (at ./Library/PackageCache/com.unity.ugui@27635d171b1a/Runtime/UGUI/UI/Core/Button.cs:115)
UnityEngine.EventSystems.ExecuteEvents:Execute (UnityEngine.EventSystems.IPointerClickHandler,UnityEngine.EventSystems.BaseEventData) (at ./Library/PackageCache/com.unity.ugui@27635d171b1a/Runtime/UGUI/EventSystem/ExecuteEvents.cs:57)
UnityEngine.EventSystems.ExecuteEvents:Execute<UnityEngine.EventSystems.IPointerClickHandler> (UnityEngine.GameObject,UnityEngine.EventSystems.BaseEventData,UnityEngine.EventSystems.ExecuteEvents/EventFunction`1<UnityEngine.EventSystems.IPointerClickHandler>) (at ./Library/PackageCache/com.unity.ugui@27635d171b1a/Runtime/UGUI/EventSystem/ExecuteEvents.cs:272)
Resonance.App.NaturalPlayRuntime/<PointerAt>d__81:MoveNext () (at Assets/Scripts/Resonance.App/Debug/NaturalPlayRuntime.cs:1478)
UnityEngine.SetupCoroutine:InvokeMoveNext (System.Collections.IEnumerator,intptr)

(Filename: F:/天命之子/client/Assets/EmeraldInochi/InochiStandee.cs Line: 94)

Failed to create GICache directory at the default location: C:/Users/Administrator/AppData/LocalLow/Unity/Caches/GiCache.
Failed to create GICache directory at the default location: C:/Users/Administrator/AppData/LocalLow/Unity/Caches/GiCache.
Failed to create GICache directory at the default location: C:/Users/Administrator/AppData/LocalLow/Unity/Caches/GiCache.
Failed to create GICache directory at the default location: C:/Users/Administrator/AppData/LocalLow/Unity/Caches/GiCache.
Failed to create GICache directory at the default location: C:/Users/Administrator/AppData/LocalLow/Unity/Caches/GiCache.
Failed to create GICache directory at the default location: C:/Users/Administrator/AppData/LocalLow/Unity/Caches/GiCache.
Failed to create GICache directory at the default location: C:/Users/Administrator/AppData/LocalLow/Unity/Caches/GiCache.
Failed to create GICache directory at the default location: C:/Users/Administrator/AppData/LocalLow/Unity/Caches/GiCache.
Failed to create GICache directory at the default location: C:/Users/Administrator/AppData/LocalLow/Unity/Caches/GiCache.
Failed to create GICache directory at the default location: C:/Users/Administrator/AppData/LocalLow/Unity/Caches/GiCache.
Failed to create GICache directory at the default location: C:/Users/Administrator/AppData/LocalLow/Unity/Caches/GiCache.
Failed to create GICache directory at the default location: C:/Users/Administrator/AppData/LocalLow/Unity/Caches/GiCache.
Failed to create GICache directory at the default location: C:/Users/Administrator/AppData/LocalLow/Unity/Caches/GiCache.
Failed to create GICache directory at the default location: C:/Users/Administrator/AppData/LocalLow/Unity/Caches/GiCache.
Failed to create GICache directory at the default location: C:/Users/Administrator/AppData/LocalLow/Unity/Caches/GiCache.
Failed to create GICache directory at the default location: C:/Users/Administrator/AppData/LocalLow/Unity/Caches/GiCache.
Failed to create GICache directory at the default location: C:/Users/Administrator/AppData/LocalLow/Unity/Caches/GiCache.
Failed to create GICache directory at the default location: C:/Users/Administrator/AppData/LocalLow/Unity/Caches/GiCache.
Failed to create GICache directory at the default location: C:/Users/Administrator/AppData/LocalLow/Unity/Caches/GiCache.
Failed to create GICache directory at the default location: C:/Users/Administrator/AppData/LocalLow/Unity/Caches/GiCache.
Failed to create GICache directory at the default location: C:/Users/Administrator/AppData/LocalLow/Unity/Caches/GiCache.
Failed to create GICache directory at the default location: C:/Users/Administrator/AppData/LocalLow/Unity/Caches/GiCache.
Failed to create GICache directory at the default location: C:/Users/Administrator/AppData/LocalLow/Unity/Caches/GiCache.
Failed to create GICache directory at the default location: C:/Users/Administrator/AppData/LocalLow/Unity/Caches/GiCache.
Failed to create GICache directory at the default location: C:/Users/Administrator/AppData/LocalLow/Unity/Caches/GiCache.
[NATURAL-PLAY]
PASS
historical_baseline=DC_RECON_KIT/m1/G2_REVIEW_20260913/artifacts/natural-play/run7
historical_verdict=FAIL BattlePlay missing=Tap,Slide
historical_note=run7 kept as FAIL; this session does not rewrite it to PASS
pointer=UnityEngine.EventSystem
os_touch=NOT_CLAIMED
provenance=DESIGN_PLACEHOLDER
schema=G2R14-NP-1
plan=np.basic.v1
session=np-20260920T050557
battle_ids=np-20260920T050557-001,np-20260920T050557-002
battle_1=np-20260920T050557-001 scenario=np.basic.v1 stage=NP-BASIC persisted=1 outcome=Victory digest=a7d8a5a0a0bfac90e6693ceea0214a06fb22108fc8ee4e2f42baffc6182851c0 dir=F:\Resonance\client\captures\natural-play\battles\np-20260920T050557-001
battle_2=np-20260920T050557-002 scenario=np.basic.v1 stage=NP-BASIC persisted=1 outcome=InProgress digest=a06e83cda8d3747025de734d9f1225d2f8d67d1ed1f982c41728a2e097a1dde8 dir=F:\Resonance\client\captures\natural-play\battles\np-20260920T050557-002
catalog=DESIGN_PLACEHOLDER G2R14-NP-1 mode=np.basic.v1+A53_SUB_STRIP_DOT_FLAME sub=A53_SUB_STRIP_DOT_FLAME fights=1 chargeSec=1.25 declaredAutoDriveGain=2 honorDeclared=True tickUnitFloor=Math.Max(14f,DriveGain) until integrator hunk roster=ok
captures=np_01_battle.png,np_04_focus.png,np_06_pause.png,np_07_speed.png,np_03_slide.png,np_02_tap.png,np_09_result.png,np_10_rematch.png,np_11_home.png
screen=Home
title=CLEAR!!
drive=0 fever=False ever=False speed=2 auto=Manual outcome=InProgress wave=0

phase	expected	observed	frame	ms
VerificationCatalog	DESIGN_PLACEHOLDER before FIGHT	DESIGN_PLACEHOLDER G2R14-NP-1 mode=np.basic.v1+A53_SUB_STRIP_DOT_FLAME sub=A53_SUB_STRIP_DOT_FLAME fights=1 chargeSec=1.25 declaredAutoDriveGain=2 honorDeclared=True tickUnitFloor=Math.Max(14f,DriveGain) until integrator hunk roster=ok	1	0
HomeVisible	screen=Home	screen=Home	2	4230
TapToStage	tap 关卡	tapped GameRoot/Canvas/首页/关卡	3	4429
StageVisible	screen=Stage	screen=Stage	39	4552
TapStart	tap FIGHT	tapped GameRoot/Canvas/StageBoard/WavePreview/FIGHT	41	5203
BattleVisible	screen=Battle hud=p0	screen=Battle hud=p0 wave=0	65	5331
BattleId	unique battle_id + frozen BattleInitialHeader + RunHeader	id=np-20260920T050557-001 scenario=np.basic.v1 frozen=True header=seed=8497640;rules=g2-patha-2026-09-13;profile=JP_LEGACY_EMPIRICAL;auto=Manual;speed=1;forceNoCrit=0;stage=NP-BASIC;data=g2id1-c99b2d37d756087b199c7f5f9d7ecbd099de010140483cde37e8736584802cb9;party=C001,C007,C010,C003,C005	66	5336
FocusEnemy	EventSystem click on non-first live enemy changes focus	battle_id=np-20260920T050557-001 target=GameRoot/Canvas/field/foe/focusHit focus=-1->1 seq=1 tick=17 kind=FocusEnemy slot=1 source=Player accepted=True reason=None timing=Bad value=0	68	5463
FocusEnemyPersist	same Player FocusEnemy in commands.txt + parsed replay.jsonl	battle_id=np-20260920T050557-001 seq=1 tick=17 slot=1 commands=True replay=True dir=F:\Resonance\client\captures\natural-play\battles\np-20260920T050557-001	68	5463
TapPause	tap || PAUSE	tapped GameRoot/Canvas/|| PAUSE	70	5627
PauseVisible	PauseBoard + Paused	PauseBoard Paused=true	90	5749
Resume	tap CONTINUE	tapped GameRoot/Canvas/PauseBoard/CONTINUE	93	5842
Resume	no PauseBoard + !Paused	resumed	120	5963
SpeedToggle	tap >> X1 SPEED	tapped GameRoot/Canvas/>> X1 SPEED	122	5979
SpeedToggle	Speed!=1	Speed=2	150	6103
SlidePortrait	slideUp p0 dy>80	SlideCd=8	175	6447
TapPortrait	tap p0	tapped GameRoot/Canvas/p0	443	8365
TapSkill	p0 Tap Submit + Charge consumed	charge 100->26.7	453	8518
BattlePlay	Tap+Slide via pointer before Drive remap	reached screen=Battle last=TAP  冰刃  直斩 drive=30 qte=-1 fever=False feverEver=False feverGauge=0 paused=False speed=2 auto=Manual focus=1 wave=0 outcome=InProgress cmd=seq=6 tick=97 kind=Tap slot=0 source=Player accepted=True reason=None timing=Bad value=0	454	8637
ResultVisible	screen=Result	screen=Result title=CLEAR!!	1199	13840
ResultVisible	ResultBoard interactable	board=True interactable=True	1203	13891
Rematch	tap NEXT	tapped GameRoot/Canvas/ResultBoard/NEXT	1205	14023
RematchBattle	screen=Battle hud=p0	screen=Battle hud=p0 wave=0	1230	14146
BattleId	unique battle_id + frozen BattleInitialHeader + RunHeader	id=np-20260920T050557-002 scenario=np.basic.v1 frozen=True header=seed=8507046;rules=g2-patha-2026-09-13;profile=JP_LEGACY_EMPIRICAL;auto=Manual;speed=2;forceNoCrit=0;stage=NP-BASIC;data=g2id1-c99b2d37d756087b199c7f5f9d7ecbd099de010140483cde37e8736584802cb9;party=C001,C007,C010,C003,C005	1231	14151
ExitPause	tap || PAUSE	tapped GameRoot/Canvas/|| PAUSE	1233	14270
ExitPause	PauseBoard + Paused	PauseBoard Paused=true	1258	14391
ExitHome	tap HOME	tapped GameRoot/Canvas/PauseBoard/HOME	1260	14586
HomeReturn	screen=Home	screen=Home	1282	14706

--- inputs ---
note natural-play start
note historical_baseline=DC_RECON_KIT/m1/G2_REVIEW_20260913/artifacts/natural-play/run7 verdict=FAIL BattlePlay missing=Tap,Slide (kept; not rewritten)
note pointer=UnityEngine.EventSystem os_touch=NOT_CLAIMED
note plan mode=np.basic.v1 fights=1 provenance=DESIGN_PLACEHOLDER schema=G2R14-NP-1
note catalog DESIGN_PLACEHOLDER G2R14-NP-1 mode=np.basic.v1+A53_SUB_STRIP_DOT_FLAME sub=A53_SUB_STRIP_DOT_FLAME fights=1 chargeSec=1.25 declaredAutoDriveGain=2 honorDeclared=True tickUnitFloor=Math.Max(14f,DriveGain) until integrator hunk roster=ok
note ok VerificationCatalog DESIGN_PLACEHOLDER G2R14-NP-1 mode=np.basic.v1+A53_SUB_STRIP_DOT_FLAME sub=A53_SUB_STRIP_DOT_FLAME fights=1 chargeSec=1.25 declaredAutoDriveGain=2 honorDeclared=True tickUnitFloor=Math.Max(14f,DriveGain) until integrator hunk roster=ok
note ok HomeVisible screen=Home
frame=2 t=4.230 kind=tap pos=289,438 target=none after=battle=null screen=Stage
note ok TapToStage tapped GameRoot/Canvas/首页/关卡
note ok StageVisible screen=Stage
frame=40 t=4.555 kind=tap pos=540,250 target=none after=screen=Battle last=第一波 drive=0 qte=-1 fever=False feverEver=False feverGauge=0 paused=False speed=1 auto=Manual focus=-1 wave=0 outcome=InProgress
note ok TapStart tapped GameRoot/Canvas/StageBoard/WavePreview/FIGHT
note ok BattleVisible screen=Battle hud=p0 wave=0
note ok BattleId id=np-20260920T050557-001 scenario=np.basic.v1 frozen=True header=seed=8497640;rules=g2-patha-2026-09-13;profile=JP_LEGACY_EMPIRICAL;auto=Manual;speed=1;forceNoCrit=0;stage=NP-BASIC;data=g2id1-c99b2d37d756087b199c7f5f9d7ecbd099de010140483cde37e8736584802cb9;party=C001,C007,C010,C003,C005
note shot np_01_battle.png
frame=67 t=5.447 kind=tap pos=540,1382 target=GameRoot/Canvas/field/foe/focusHit after=screen=Battle last=第一波 drive=0 qte=-1 fever=False feverEver=False feverGauge=0 paused=False speed=1 auto=Manual focus=1 wave=0 outcome=InProgress cmd=seq=1 tick=17 kind=FocusEnemy slot=1 source=Player accepted=True reason=None timing=Bad value=0
note ok FocusEnemy battle_id=np-20260920T050557-001 target=GameRoot/Canvas/field/foe/focusHit focus=-1->1 seq=1 tick=17 kind=FocusEnemy slot=1 source=Player accepted=True reason=None timing=Bad value=0
note persist np-20260920T050557-001 why=focus-click status=F:\Resonance\client\captures\natural-play\battles\np-20260920T050557-001 outcome=InProgress digest=6dd1f3e81e03795702954668d48cdc95b4b0613f31efc6a6dceb0e0fb8ef0cf7 replay=F:\Resonance\client\captures\natural-play\battles\np-20260920T050557-001\replay.jsonl
note ok FocusEnemyPersist battle_id=np-20260920T050557-001 seq=1 tick=17 slot=1 commands=True replay=True dir=F:\Resonance\client\captures\natural-play\battles\np-20260920T050557-001
note shot np_04_focus.png
frame=69 t=5.586 kind=tap pos=97,1824 target=GameRoot/Canvas/|| PAUSE after=screen=Battle last=第一波 drive=0 qte=-1 fever=False feverEver=False feverGauge=0 paused=True speed=1 auto=Manual focus=1 wave=0 outcome=InProgress cmd=seq=2 tick=21 kind=Pause slot=0 source=Player accepted=True reason=None timing=Bad value=0
note ok TapPause tapped GameRoot/Canvas/|| PAUSE
note ok PauseVisible PauseBoard Paused=true
note shot np_06_pause.png
frame=92 t=5.836 kind=tap pos=540,538 target=none after=screen=Battle last=第一波 drive=0 qte=-1 fever=False feverEver=False feverGauge=0 paused=False speed=1 auto=Manual focus=1 wave=0 outcome=InProgress cmd=seq=3 tick=21 kind=Resume slot=0 source=Player accepted=True reason=None timing=Bad value=0
note ok Resume tapped GameRoot/Canvas/PauseBoard/CONTINUE
note ok Resume resumed
frame=121 t=5.968 kind=tap pos=119,1747 target=GameRoot/Canvas/>> X1 SPEED after=screen=Battle last=第一波 drive=0 qte=-1 fever=False feverEver=False feverGauge=0 paused=False speed=2 auto=Manual focus=1 wave=0 outcome=InProgress cmd=seq=4 tick=25 kind=SetSpeed slot=0 source=Player accepted=True reason=None timing=Bad value=2
note ok SpeedToggle tapped GameRoot/Canvas/>> X1 SPEED
note ok SpeedToggle Speed=2
note shot np_07_speed.png
frame=158 t=6.238 kind=slide pos=119,307 target=GameRoot/Canvas/p0 after=screen=Battle last=SLIDE  冰刃  裂空 drive=14 qte=-1 fever=False feverEver=False feverGauge=0 paused=False speed=2 auto=Manual focus=1 wave=0 outcome=InProgress cmd=seq=5 tick=34 kind=Slide slot=0 source=Player accepted=True reason=None timing=Bad value=0
note ok SlidePortrait SlideCd=8
note shot np_03_slide.png
frame=442 t=8.347 kind=tap pos=119,307 target=GameRoot/Canvas/p0 after=screen=Battle last=TAP  冰刃  直斩 drive=30 qte=-1 fever=False feverEver=False feverGauge=0 paused=False speed=2 auto=Manual focus=1 wave=0 outcome=InProgress cmd=seq=6 tick=97 kind=Tap slot=0 source=Player accepted=True reason=None timing=Bad value=0
note ok TapPortrait tapped GameRoot/Canvas/p0
note ok TapSkill charge 100->26.7
note shot np_02_tap.png
note ok BattlePlay reached screen=Battle last=TAP  冰刃  直斩 drive=30 qte=-1 fever=False feverEver=False feverGauge=0 paused=False speed=2 auto=Manual focus=1 wave=0 outcome=InProgress cmd=seq=6 tick=97 kind=Tap slot=0 source=Player accepted=True reason=None timing=Bad value=0
note ok ResultVisible screen=Result title=CLEAR!!
note persist np-20260920T050557-001 why=pre-next status=F:\Resonance\client\captures\natural-play\battles\np-20260920T050557-001 outcome=Victory digest=a7d8a5a0a0bfac90e6693ceea0214a06fb22108fc8ee4e2f42baffc6182851c0 replay=F:\Resonance\client\captures\natural-play\battles\np-20260920T050557-001\replay.jsonl
frame=1199 t=13.840 kind=tap pos=540,960 target=none after=screen=Result last=胜利 drive=64 qte=-1 fever=False feverEver=False feverGauge=0 paused=False speed=2 auto=Manual focus=-1 wave=1 outcome=Victory cmd=seq=6 tick=97 kind=Tap slot=0 source=Player accepted=True reason=None timing=Bad value=0
frame=1201 t=13.878 kind=tap pos=540,960 target=GameRoot/Canvas/vfxStageClear/veil after=screen=Result last=胜利 drive=64 qte=-1 fever=False feverEver=False feverGauge=0 paused=False speed=2 auto=Manual focus=-1 wave=1 outcome=Victory cmd=seq=6 tick=97 kind=Tap slot=0 source=Player accepted=True reason=None timing=Bad value=0
note ok ResultVisible board=True interactable=True
note shot np_09_result.png
frame=1204 t=13.956 kind=tap pos=756,576 target=none after=screen=Battle last=第一波 drive=0 qte=-1 fever=False feverEver=False feverGauge=0 paused=False speed=2 auto=Manual focus=-1 wave=0 outcome=InProgress
note ok Rematch tapped GameRoot/Canvas/ResultBoard/NEXT
note ok RematchBattle screen=Battle hud=p0 wave=0
note ok BattleId id=np-20260920T050557-002 scenario=np.basic.v1 frozen=True header=seed=8507046;rules=g2-patha-2026-09-13;profile=JP_LEGACY_EMPIRICAL;auto=Manual;speed=2;forceNoCrit=0;stage=NP-BASIC;data=g2id1-c99b2d37d756087b199c7f5f9d7ecbd099de010140483cde37e8736584802cb9;party=C001,C007,C010,C003,C005
note shot np_10_rematch.png
note persist np-20260920T050557-002 why=rematch-enter status=F:\Resonance\client\captures\natural-play\battles\np-20260920T050557-002 outcome=InProgress digest=666ef24cf84c1721a6ade5ab4a4628d50d4f653125bfa506aa1638ce8d9071b4 replay=F:\Resonance\client\captures\natural-play\battles\np-20260920T050557-002\replay.jsonl
frame=1232 t=14.252 kind=tap pos=97,1824 target=GameRoot/Canvas/|| PAUSE after=screen=Battle last=第一波 drive=0 qte=-1 fever=False feverEver=False feverGauge=0 paused=True speed=2 auto=Manual focus=-1 wave=0 outcome=InProgress cmd=seq=1 tick=8 kind=Pause slot=0 source=Player accepted=True reason=None timing=Bad value=0
note ok ExitPause tapped GameRoot/Canvas/|| PAUSE
note ok ExitPause PauseBoard Paused=true
note persist np-20260920T050557-002 why=pre-home status=F:\Resonance\client\captures\natural-play\battles\np-20260920T050557-002 outcome=InProgress digest=a06e83cda8d3747025de734d9f1225d2f8d67d1ed1f982c41728a2e097a1dde8 replay=F:\Resonance\client\captures\natural-play\battles\np-20260920T050557-002\replay.jsonl
frame=1259 t=14.396 kind=tap pos=238,538 target=none after=screen=Home last=第一波 drive=0 qte=-1 fever=False feverEver=False feverGauge=0 paused=True speed=2 auto=Manual focus=-1 wave=0 outcome=InProgress cmd=seq=1 tick=8 kind=Pause slot=0 source=Player accepted=True reason=None timing=Bad value=0
note ok ExitHome tapped GameRoot/Canvas/PauseBoard/HOME
note ok HomeReturn screen=Home
note shot np_11_home.png
note persist np-20260920T050557-002 why=quit status=F:\Resonance\client\captures\natural-play\battles\np-20260920T050557-002 outcome=InProgress digest=a06e83cda8d3747025de734d9f1225d2f8d67d1ed1f982c41728a2e097a1dde8 replay=F:\Resonance\client\captures\natural-play\battles\np-20260920T050557-002\replay.jsonl

--- frozen battle headers (authoritative) ---
np-20260920T050557-001	seed=8497640;rules=g2-patha-2026-09-13;profile=JP_LEGACY_EMPIRICAL;auto=Manual;speed=1;forceNoCrit=0;stage=NP-BASIC;data=g2id1-c99b2d37d756087b199c7f5f9d7ecbd099de010140483cde37e8736584802cb9;party=C001,C007,C010,C003,C005
np-20260920T050557-002	seed=8507046;rules=g2-patha-2026-09-13;profile=JP_LEGACY_EMPIRICAL;auto=Manual;speed=2;forceNoCrit=0;stage=NP-BASIC;data=g2id1-c99b2d37d756087b199c7f5f9d7ecbd099de010140483cde37e8736584802cb9;party=C001,C007,C010,C003,C005

--- live RunHeader (current GameRoot.Battle; may be fight 2) ---
seed=8507046;rules=g2-patha-2026-09-13;profile=JP_LEGACY_EMPIRICAL;auto=Manual;speed=2;forceNoCrit=0;stage=NP-BASIC;data=g2id1-739d8b44874327aba5cc7bbf1de521bdd7e524983b1452f749fcacbf4d40f054;party=C001,C007,C010,C003,C005

--- live CommandLog (current GameRoot.Battle; per-fight files are authoritative) ---
seq=1 tick=8 kind=Pause slot=0 source=Player accepted=True reason=None timing=Bad value=0

--- reflection (read-only) ---
BattleSim.CommandLog (public, read-only)
BattleSim.RunHeader() (read-only)
UnityEngine.Debug:ExtractStackTraceNoAlloc (byte*,int,string)
UnityEngine.StackTraceUtility:ExtractStackTrace ()
UnityEngine.DebugLogHandler:Internal_Log (UnityEngine.LogType,UnityEngine.LogOption,string,UnityEngine.Object)
UnityEngine.DebugLogHandler:LogFormat (UnityEngine.LogType,UnityEngine.Object,string,object[])
UnityEngine.Logger:Log (UnityEngine.LogType,object)
UnityEngine.Debug:Log (object)
Resonance.App.NaturalPlayRuntime:WriteAndQuit (bool) (at Assets/Scripts/Resonance.App/Debug/NaturalPlayRuntime.cs:1831)
Resonance.App.NaturalPlayRuntime:Pass () (at Assets/Scripts/Resonance.App/Debug/NaturalPlayRuntime.cs:1752)
Resonance.App.NaturalPlayRuntime/<Run>d__43:MoveNext () (at Assets/Scripts/Resonance.App/Debug/NaturalPlayRuntime.cs:277)
UnityEngine.SetupCoroutine:InvokeMoveNext (System.Collections.IEnumerator,intptr)

(Filename: Assets/Scripts/Resonance.App/Debug/NaturalPlayRuntime.cs Line: 1831)

Failed to create GICache directory at the default location: C:/Users/Administrator/AppData/LocalLow/Unity/Caches/GiCache.
Unloading 25 Unused Serialized files (Serialized files now loaded: 0)
Loaded scene 'Temp/__Backupscenes/0.backup'
	Deserialize:            0.538 ms
	Integration:            135.213 ms
	Integration of assets:  0.001 ms
	Thread Wait Time:       0.012 ms
	Total Operation Time:   135.765 ms
Unloading 73 unused Assets / (17.7 MB). Loaded Objects now: 6048.
Memory consumption went from 349.1 MB to 331.4 MB.
Total: 16.282700 ms (FindLiveObjects: 0.258200 ms CreateObjectMapping: 0.196600 ms MarkObjects: 12.136100 ms  DeleteObjects: 3.690700 ms)

[Licensing::Client] Successfully resolved entitlement details
[Licensing::Module] License group:
  Id: F4-99BH-9QMP-CCW5-HN7U-XXXX
  Product: Unity Personal
  Type: ULF
  Expiration: 2026-09-28T04:51:23Z
[Licensing::Module] License group:
  Id: ewogICJzdWJzR3JvdXAiIDogInVuaXR5IGVkaXRvciIsCiAgIm5hbWVzcGFjZSIgOiAidW5pdHlfZWRpdG9yIiwKICAidHlwZSIgOiAiRURJVE9SIiwKICAidGFnIiA6ICJVbml0eVBlcnNvbmFsXXXX
  Product: Unity Personal Version
  Type: Assigned
  Expiration: Unlimited
Starting new worker id: 0 with log in F:/Resonance/client/Logs/AssetImportWorker0.log
Starting new worker id: 1 with log in F:/Resonance/client/Logs/AssetImportWorker1.log
Starting new worker id: 2 with log in F:/Resonance/client/Logs/AssetImportWorker2.log
Starting new worker id: 3 with log in F:/Resonance/client/Logs/AssetImportWorker3.log
Failed to create GICache directory at the default location: C:/Users/Administrator/AppData/LocalLow/Unity/Caches/GiCache.
[NATURAL-PLAY] quitting editor after result pass=True
UnityEngine.Debug:ExtractStackTraceNoAlloc (byte*,int,string)
UnityEngine.StackTraceUtility:ExtractStackTrace ()
UnityEngine.DebugLogHandler:Internal_Log (UnityEngine.LogType,UnityEngine.LogOption,string,UnityEngine.Object)
UnityEngine.DebugLogHandler:LogFormat (UnityEngine.LogType,UnityEngine.Object,string,object[])
UnityEngine.Logger:Log (UnityEngine.LogType,object)
UnityEngine.Debug:Log (object)
Resonance.EditorTools.NaturalPlaySmoke:QuitIfDone () (at Assets/Editor/Smoke/NaturalPlaySmoke.cs:226)
Resonance.EditorTools.NaturalPlaySmoke:Poll () (at Assets/Editor/Smoke/NaturalPlaySmoke.cs:171)
UnityEditor.EditorApplication:Internal_CallUpdateFunctions ()

(Filename: Assets/Editor/Smoke/NaturalPlaySmoke.cs Line: 226)

[Licensing::Client] Successfully resolved entitlement details
[Licensing::Module] License group:
  Id: F4-99BH-9QMP-CCW5-HN7U-XXXX
  Product: Unity Personal
  Type: ULF
  Expiration: 2026-09-28T04:51:23Z
[Licensing::Module] License group:
  Id: ewogICJzdWJzR3JvdXAiIDogInVuaXR5IGVkaXRvciIsCiAgIm5hbWVzcGFjZSIgOiAidW5pdHlfZWRpdG9yIiwKICAidHlwZSIgOiAiRURJVE9SIiwKICAidGFnIiA6ICJVbml0eVBlcnNvbmFsXXXX
  Product: Unity Personal Version
  Type: Assigned
  Expiration: Unlimited
[LAYOUT] About to save layout F:\Resonance\client\UserSettings\Layouts\default-6000.dwlt
[LAYOUT] About to save layout C:/Users/Administrator/AppData/Roaming/Unity/Editor-5.x/Preferences\Layouts\current\default-6000.dwlt
Killing ADB server in 2.8453481 seconds.
Worker ready: AssetImportWorker0 0
Input System module state changed to: ShutdownInProgress.
Input System polling thread exited.
Input System module state changed to: Shutdown.
[Physics::Module] Cleanup current backend.
[Physics::Module] Id: 0xf2b8ea05
[Licensing::IpcConnector] LicenseClient-Administrator-notifications channel disconnected successfully.
[Licensing::IpcConnector] LicenseClient-Administrator channel disconnected successfully.
AcceleratorClientConnectionCallback - disconnected - :0
Cleanup mono
Checking for leaked weakptr:
  Found no leaked weakptrs.
[Package Manager] Server process was shutdown
Internal: There are remaining Allocations on the JobTempAlloc. This is a leak, and will impact performance
To Debug, run app with -diag-job-temp-memory-leak-validation cmd line argument. This will output the callstacks of the leaked allocations.
Internal: There are remaining Allocations on the JobTempAlloc. This is a leak, and will impact performance
To Debug, run app with -diag-job-temp-memory-leak-validation cmd line argument. This will output the callstacks of the leaked allocations.
##utp:{"type":"MemoryLeaks","version":2,"phase":"Immediate","time":1789880774304,"processId":14848,"allocatedMemory":16362610,"memoryLabels":[{"Default":29313},{"Permanent":15236},{"NewDelete":443281},{"Thread":4238000},{"Manager":821632},{"VertexData":8},{"Geometry":816},{"Texture":296},{"Shader":89593},{"Material":24},{"GfxDevice":57928},{"Animation":392},{"Audio":2664},{"FreeType":8},{"FontEngine":736},{"Physics":2146},{"Physics2D":16},{"Serialization":223679},{"Input":14984},{"JobScheduler":33024},{"TextLib":16120},{"Mono":32},{"MonoCode":184},{"ScriptingNativeRuntime":155060},{"BaseObject":1640688},{"Resource":1336},{"Renderer":3000},{"Transform":4685},{"File":33167},{"WebCam":616},{"Culling":32},{"Terrain":11394},{"Wind":24},{"STL":40},{"String":33666},{"DynamicArray":109937},{"HashMap":130493},{"Utility":2660866},{"Curl":48},{"PoolAlloc":2296},{"AI":80},{"TypeTree":13861},{"ScriptManager":512},{"RuntimeInitializeOnLoadManager":64},{"SpriteAtlas":112},{"GI":7792},{"Director":8240},{"CloudService":11920},{"WebRequest":589},{"VR":47994},{"SceneManager":504},{"Video":208},{"LazyScriptCache":32},{"NativeArray":9768},{"Camera":17},{"Secure":2377},{"SerializationCache":1576},{"APIUpdating":10320},{"Subsystems":336},{"VirtualTexturing":57888},{"StaticSafetyDebugInfo":278528},{"Analytics":464},{"Hierarchy":608},{"CoreStats":13112},{"Identifiers":6480},{"Gui":237},{"EditorUtility":187572},{"VersionControl":4},{"Undo":947},{"AssetDatabase":4876611},{"EditorGi":328},{"UnityConnect":29344},{"Upm":1896},{"AssetCompliance":64},{"DrivenProperties":72},{"LocalIPC":219},{"ProfilerEditor":9746},{"CoreBusinessMetrics":3504},{"Licensing":1264},{"AssetReference":32},{"IPCStream":32}]}
