id,idx,name,name_ocr,wiki_name,wiki_id,rarity,element,role,avatar_file,cp,hp,atk,def_,agl,crt,hp_init,atk_init,def_init,agl_init,crt_init,hp_max,atk_max,def_max,agl_max,crt_max,auto_text,tap_text,tap_ignited,slide_text,slide_ignited,drive_text,drive_ignited,leader_text,cv,source,avatar_source
M5-000,0,黑暗塞勒涅,,黑暗塞勒涅,595271,5星,水,辅助型,icons/C5f_000.png,,,,,,,,,,,,,,,,,对目标造成102（690）自动攻击伤害,对1名水属性敌人优先造成399（2575）伤害1次完全充能：1名盟友（随机）60（90.4）%概率,对1名水属性敌人优先造成2600伤害1次 完全充能：2名盟友（随机）90.4%概率,对2名水属性敌人优先造成725（4036）伤害1次skill充能加速：16秒内，3名盟友（低攻击力）+50（93.5）%忍耐：20秒内3次，3名盟友（低攻击力）100%概率弱化减益无效：16秒内，3名木属性盟友（PVP）70（90.1）%概率,对2名水属性敌人优先造成4136伤害1次 skill充能加速：2回合内，3名盟友（低攻击力）+93.5% 忍耐：20秒内4次，3名盟友（低攻击力）100%概率 弱化减益无效：16秒内，3名木属性盟友（PVP）90.1%概率,对3名敌人（随机）造成1976（7039）伤害1次忍耐：20秒内4次，4名盟友（低攻击力）100%概率 弱化减益无效：4名盟友（低攻击力）100%概率,对3名敌人（随机）造成7369伤害1次 忍耐：20秒内4次，4名盟友（低攻击力）100%概率 弱化减益无效：20秒内，4名盟友（低攻击力）100%概率,skill充能加速：永远套用所有木属性盟友+20%skill充能加速：永远套用所有木属性盟友（PVP）+20%,本泉莉奈,memorial+wiki,cn
M5-001,1,忍者琪隆,,忍者琪隆,,5星,木,辅助型,icons/C5f_001.png,2267,2275,1054,848,788,907,2275,1054,848,788,907,,,,,,,,,,,,,,本泉莉奈,memorial,cn
M5-002,2,哀悲的索卡,,哀悲的索卡,595262,5星,水,辅助型,icons/C5f_002.png,,,,,,,,,,,,,,,,,对目标造成102（691）自动攻击伤害,对目标造成401（2588）伤害1次觉醒：15秒内，1名水属性攻击型70（90.1）%几率,对目标造成2613伤害1次 觉醒：2回合内，1名水属性攻击型95.1%几率,对2名敌人（随机）造成727（4047）伤害1次skill充能加速：16秒内，3名水属性盟友（高攻击力）+40（83.5）%弱点攻击力↑：16秒内，3名水属性盟友（高攻击力）+50（115）%drive充能↑：16秒内，1名水属性攻击力盟友（5人巨型BOSS）+15（59.3）%,对2名敌人（随机）造成4147伤害1次 skill充能加速：2回合内，3名水属性盟友（高攻击力）+93.5% 弱点攻击力↑：2回合内，3名水属性盟友（高攻击力）+130% drive充能↑：2回合内，1名水属性攻击力盟友（5人巨型BOSS）+64.3%,对3名敌人（随机）造成1881（6955）伤害1次drive skill量表：5名水属性盟友+150drive充能↑：20秒内，5名水属性盟友（5人巨型BOSS）+30%,对3名敌人（随机）造成7285伤害1次 drive skill量表：5名水属性盟友+150 drive充能↑：20秒内，5名水属性盟友（5人巨型BOSS）+45%,弱点攻击力↑：永远套用所有水属性盟友+20%drive充能↑：永远套用所有水属性盟友（5人巨型BOSS）+10%,岩村彩良,memorial+wiki,cn
M5-003,3,助手红莲,,助手红莲,593135,5星,水,辅助型,icons/C5f_003.png,2242,2262,1048,828,776,892,2262,1048,828,776,892,,,,,,对目标造成101（689）自动攻击伤害,对1名敌人（随机）造成398（2567）伤害1次移除并无效化诱惑：2名盟友（魅惑中）60（85.6）%几率,对1名敌人（随机）造成2592伤害1次 移除并无效化诱惑：3名盟友（魅惑中）90.6%几率,对2名敌人（随机）造成735（4035）伤害1次支援：16秒，5名水属性盟友（高攻击力）70（90.1）%几率弱点攻击力↑：16秒内，5名水属性盟友（20人巨型BOSS，高攻击力）+50（115）%,对2名敌人（随机）造成4135伤害1次 支援：2回合内，5名水属性盟友（高攻击力）90.1%几率 弱点攻击力↑：2回合内，5名水属性盟友（20人巨型BOSS，高攻击力）+130%,对3名敌人（随机）造成1892（6902）伤害1次移除并无效化诱惑：16秒内，5名（魅惑中）优先100%几率Skill充能加速：2回合内，所有持续伤害状态+70%,对3名敌人（随机）造成7232伤害1次 移除并无效化诱惑：16秒内，5名盟友（魅惑中）优先100%几率 Skill充能加速：3回合内，所有持续伤害状态+70%,弱点攻击力↑：永远套用所有水属性盟友+18%弱点攻击力↑：永远套用所有持续伤害状态+20%,山田麻莉奈,memorial+wiki,cn
M5-004,4,全面的俄涅洛伊,,全面的俄涅洛伊,593138,5星,火,治疗型,icons/C5f_004.png,,,,,,,,,,,,,,,,,对目标造成96（662）自动攻击伤害,对目标造成342（2347）伤害1次及时回复量↑：20秒内，2名盟友（低HP）+30（52.1）%持续回复量↑：20秒内，2名盟友（低HP）+30（52.1）%,对目标造成2347伤害1次 及时回复量↑：20秒内，3名盟友（低HP）+57.1% 持续回复量↑：20秒内，3名盟友（低HP）+57.1%,治愈：3名盟友（低HP）回复1353（3227）持续回复：14秒内，3名盟友（受到减益）回复122（290）弱化减益无效：14秒内，3名火属性盟友（高攻击力）70（90.1）%几率,治愈：3名盟友（低HP）回复3727持续回复：14秒内，3名盟友（受到减益）回复340弱化减益无效：16秒内，3名火属性盟友（高攻击力）90.1%几率,复活：1名火属性盟友（死亡）20%重生：16秒内，2名盟友（PVP、低HP）100%几率攻击力叠加：40秒内5次，对自身+200,复活：1名火属性盟友（死亡）20% 重生：20秒内，2名盟友（PVP、低HP）100%几率 攻击力叠加：40秒内5次，对自身+200,及时回复量↑：永远套用所有盟友+15%持续回复量↑：永远套用所有盟友+15%,李知惠,memorial+wiki,cn
M5-005,5,纠缠的薇薇安,,纠缠的薇薇安,593122,5星,水,辅助型,icons/C5f_005.png,2274,2275,1062,848,788,913,2275,1062,848,788,913,,,,,,对目标造成102（691）自动攻击伤害,对目标造成401（2588）伤害1次移除灼烧和热伤：2名盟友（受灼烧/灼伤）70（90.1）%几率,对目标造成2613伤害1次 移除灼烧和热伤：8秒内，3名盟友（受灼烧/灼伤）优先95.1%几率,对2名敌人（随机）造成727（4048）伤害1次暴击攻击力↑：16秒内，3名水属性盟友（高攻击力）+50（105）%专注：16秒内，1名水属性盟友（5人巨型BOSS，高攻击力）45（85.2）%几率,对2名敌人（随机）造成4148伤害1次 暴击攻击力↑：2回合内，3名水属性盟友（高攻击力）+110% 专注：2回合内，1名水属性盟友（5人巨型BOSS，高攻击力）90.2%几率,对3名敌人（随机）造成1883（6966）伤害1次Drive Skill增幅：5名水属性盟友+150,对3名敌人（随机）造成7296伤害1次 Drive Skill增幅：5名水属性盟友+150Skill强化Ⅱ：3回合内，1名水属性攻击型+80%,暴击攻击力↑：永远套用所有水属性盟友+20%弱点攻击力↑：永远套用所有水属性盟友（5人巨型BOSS）+20%,谷口萝奈,memorial+wiki,cn
M5-006,6,北国俱毗罗,,北国俱毗罗,591546,5星,光,辅助型,icons/C5f_006.png,,,,,,,,,,,,,,,,,对目标造成102（691）自动攻击伤害,对目标造成403（2589）伤害1次完全充能：1名盟友（高攻击力）优先60（90.4）%概率减益效果时间缩短：14秒内，1名盟友（高攻击力）优先-20（42.8）%,对目标造成2614伤害1次 完全充能：2名盟友（高攻击力）优先90.4%概率 减益效果时间缩短：14秒内，2名盟友（高攻击力）优先-47.8%,对2名暗属性敌人优先造成740（4061）伤害1次skill充能加速：16秒内，3名光属性盟友（高攻击力）+45（88.5）%弱化减益无效：14秒内，3名光属性盟友（高攻击力）70（90.1）%概率暴击率↑：16秒内，1名光属性盟友（PVP、攻击型）+50（72.1）%,对2名暗属性敌人优先造成4161伤害1次 skill充能加速：2回合内，3名光属性盟友（高攻击力）+88.5% 弱化减益无效：14秒内，3名光属性盟友（高攻击力）90.1%概率 暴击率↑：16秒内，2名光属性盟友（PVP、攻击型）+72.1%,对3名暗属性敌人优先造成1907（6987）伤害1次完全充能：3名盟友（skill充能忠）优先80%概率,对3名暗属性敌人优先造成7317伤害1次 完全充能：3名盟友（skill充能忠）优先80%概率移除减益效果：3名盟友（skill充能中）优先100%概率,skill充能加速：永远套用所有光属性盟友20%减益效果时间缩短：永远套用所有光属性盟友（PVP）-15%,蓝谷早,memorial+wiki,cn
M5-007,7,北国俱毗罗,,北国俱毗罗,591542,5星,暗,辅助型,icons/C5f_007.png,2275,2275,1062,758,788,907,2275,1062,758,788,907,,,,,,对目标造成102（691）自动攻击伤害,对目标造成401（2588）伤害1次移除致命回复：4秒内，2名盟友（低HP）优先70（90.1）%概率治疗：2名盟友（低HP）优先回复384（821）,对目标造成2613伤害1次 移除致命回复：8秒内，3名盟友（低HP）优先95.1%概率 治疗：3名盟友（低HP）优先回复971,对2名敌人（随机）造成727（4048）伤害1次暴击攻击力↑：16秒内，3名暗属性盟友（高攻击力）+50（105）%时间扭曲：16秒内，3名暗属性盟友（5人巨型BOSS，高攻击力）70（90.1）%概率,对2名敌人（随机）造成4148伤害1次 暴击攻击力↑：2回合内，3名暗属性盟友（高攻击力）+110% 时间扭曲：2回合内，3名暗属性盟友（5人巨型BOSS，高攻击力）95.1%概率,对3名敌人（随机）造成1882（6959）伤害1次屏障：20秒内，5名暗属性盟友+2000专注：2回合内，1名暗属性盟友（高攻击力）100%概率,对3名敌人（随机）造成7289伤害1次 屏障：20秒内，5名暗属性盟友+2500 专注：3回合内，1名暗属性盟友（高攻击力）100%概率,暴击攻击力↑：永远套用所有暗属性盟友+20%暴击攻击力↑：永远套用所有暗属性盟友（5人巨型BOSS）+20%,桃圆元,memorial+wiki,cn
M5-008,8,混沌的彼列,,混沌的彼列,591541,5星,光,治疗型,icons/C5f_008.png,,,,,,,,,,,,,,,,,对目标造成97（664）自动攻击伤害,对2名敌人（低HP）造成345（2360）伤害1次最大HP↑：10秒内，2名盟友（低HP）+1200（1960）,对2名敌人（低HP）造成2360伤害1次 最大HP↑：14秒内，3名盟友（低HP）+2160,不死：14秒内，3名盟友（低HP）56（95）%概率生命连接：14秒内，3名盟友（低HP）优先+20（50.5）%减益效果无效：14秒内1次，3名盟友（PVP、低HP）100%概率,不死：14秒内，3名盟友（低HP）100%概率 生命连接：14秒内，3名盟友（低HP）优先+55.5% 减益效果无效：14秒内2次，3名盟友（PVP、低HP）100%概率,对2名敌人（低HP）优先造成1619（6159）伤害1次最大HP↑：20秒内，3名盟友（低HP）+1800生命连接：20秒内，3名盟友（低HP）+50%,对3名敌人（低HP）优先造成6159伤害1次 最大HP↑：20秒内，4名盟友（低HP）+2000生命连接：20秒内，4名盟友（低HP）+50%,最大HP↑：永远套用所有光属性盟友+1000起始效果：对自身100%概率减益效果无效：500秒内1次，2名光属性盟友（低HP）100%概率,若樱有理,memorial+wiki,cn
M5-009,9,领主卡那罗,,领主卡那罗,589619,5星,水,辅助型,icons/C5f_009.png,2267,2275,1054,848,784,913,2275,1054,848,784,913,,,,,,对目标造成102（690）伤害1次,对目标造成399（2575）伤害1次skill充能增幅：2名水属性攻击型优先+18%（40.8%）,对目标造成2600伤害1次 skill充能增幅：3名水属性攻击型优先+45.8%,对2名敌人（随机）造成725（4035）伤害1次冷却时间减少：16秒内，5名水属性盟友（高攻击力）-2秒免疫：所有盟友（受燃烧/灼伤）100%概率,对2名敌人（随机）造成4135伤害1次 冷却时间减少：16秒内，5名水属性盟友（高攻击力）-2秒 免疫：所有盟友（受燃烧/灼伤）100%概率,对3名敌人（随机）造成1877（6931）伤害1次狂暴：24秒内，3名水属性盟友（20人巨型Boss，高攻击力）+120%眩晕：对自身100%概率5秒内,对3名敌人（随机）造成7261伤害1次 狂暴：24秒内，3名水属性盟友（20人巨型Boss，高攻击力）+120% 眩晕：对自身100%概率5秒内,攻击力↑：永远套用所有水属性盟友+20%冷却时间减少：永远套用所有持续伤害状态-1秒,新田上,memorial+wiki,cn
M5-010,10,大力无双哈索尔,,大力无双哈索尔,589618,5星,光,攻击型,icons/C5f_010.png,,,,,,,,,,,,,,,,,对目标造成114（754）伤害1次,对目标造成449（105%）（3399（155.6%））伤害1次伤害加成：1名暗属性敌人350（855）伤害量,对目标造成3509（160.6%）伤害1次 伤害加成：1名暗属性敌人350（855）伤害量,对1名暗属性敌人优先造成967（3005）伤害3次，仅限于攻击目标无视防御伤害：对攻击对象680（1496）伤害量依据每个增益造成加成伤害：1名暗属性敌人（5人巨型Boss）500（1053）伤害量,对1名暗属性敌人优先造成3205伤害4次，仅限于攻击目标 无视防御伤害：对攻击对象1516伤害量 依据每个增益造成加成伤害：1名暗属性敌人（5人巨型Boss）1103伤害量,对4名敌人（低HP）造成2772（8797）伤害1次双刃剑：对自身+80%20秒内,对4名敌人（低HP）造成9457伤害1次 双刃剑：对自身+95%2回合内,攻击力：永远套用所有光属性盟友+15%冷却时间减少：永远套用所有光属性盟友（5人巨型Boss）-1秒,藤田,memorial+wiki,cn
M5-011,11,大力无双哈索尔,大力无双哈索尔·光,大力无双哈索尔,,5星,光,,icons/C5f_011.png,2272,1792,1369,691,758,812,1792,1369,691,758,812,,,,,,,,,,,,,,藤田联,memorial,dcj
M5-012,12,控制者厄芮玻丝,,控制者厄芮玻丝,587020,5星,火,辅助型,icons/C5f_012.png,,,,,,,,,,,,,,,,,对目标造成101（689）自动攻击伤害,对1名敌人造成398（2567）伤害，2名盟友（最低HP）减益回避率+20%（41.4%），持续10秒,对1名敌人造成2592伤害，2名盟友（最低HP）减益回避率+41.4%，持续12秒,对随机2名敌人造成735（4035）伤害，赋予5名火属性盟友（最高攻击力）Skill伤害+50%（115%），持续16秒，有75%（90.2%）的几率赋予所有流血的盟友净化（将流血转为持续回复）,对随机2名敌人造成4135伤害，赋予5名火属性盟友（最高攻击力）Skill伤害+140%，持续2h，有75%（90.2%）的几率赋予所有流血的盟友净化（将流血转为持续回复）,对随机3名敌人造成1894（6916）伤害，赋予3名火属性盟友（最高攻击力）攻击态势（只有拥有次此增益的Child能在Fever模式中使用Fever攻击）。在20人巨型Boss中，赋予3名火属性盟友（最高攻击力）狂暴（攻击力+90%且无敌，但效果结束时有100%的几率眩晕目标5秒），持续20秒,对随机3名敌人造成7246伤害，赋予3名火属性盟友（最高攻击力）攻击态势（只有拥有次此增益的Child能在Fever模式中使用Fever攻击）。在20人巨型Boss中，赋予3名火属性盟友（最高攻击力）狂暴（攻击力+110%且无敌，但效果结束时有100%的几率眩晕目标5秒），持续20秒,赋予火属性盟友Skill伤害+18%（在20人巨型Boss中，追加Skill伤害+20%）,田为纱兰,memorial+wiki,cn
M5-013,13,守护者荷莫妮雅,,守护者荷莫妮雅,587017,5星,木,防御型,icons/C5f_013.png,8,2491,828,6131,624,676,2491,828,6131,624,676,,,,,,对目标造成93（644）自动攻击伤害,对目标造成325（2211）伤害，并赋予3名盟友屏障+1100（1708）（在HP受影响前，吸收所有敌方攻击伤害，无法与减益屏障同时启用）（优先：木属性），持续10秒,对目标造成2236伤害，并赋予3名盟友屏障+2008（在HP受影响前，吸收所有敌方攻击伤害，无法与减益屏障同时启用）（优先：木属性），持续12秒,对目标造成620（3608）伤害，赋予3名盟友荆棘之盾（目标防御力+35%（51.6%），并在8秒内对攻击者造成流血【每2秒200（801）持续伤害。不可叠加】伤害）（优先：木属性），持续14秒，并有56%（95%）的几率赋予3名盟友（最低HP）不死（HP不会低于1），持续14秒。,对目标造成3702伤害，赋予3名盟友荆棘之盾（目标防御力+56.6%，并在8秒内对攻击者造成流血【每2秒801持续伤害。不可叠加】伤害）（优先：木属性），持续16秒，并有100%的几率赋予3名盟友（最低HP）不死（HP不会低于1），持续16秒。,对随机2名敌人造成1564(5514）伤害，赋予3名盟友荆棘之盾（目标防御力+45%，并在8秒内对攻击者造成流血【每2秒800持续伤害。不可叠加】伤害）（优先：最低HP），持续16秒，及屏障+2200（在HP受影响前，吸收所有敌方攻击伤害，无法与减益屏障同时启用）,对随机2名敌人造成5844伤害，赋予3名盟友荆棘之盾（目标防御力+50%，并在8秒内对攻击者造成流血【每2秒800持续伤害。不可叠加】伤害）（优先：最低HP），持续16秒，及屏障+2500（在HP受影响前，吸收所有敌方攻击伤害，无法与减益屏障同时启用）,增加全体盟友的防御力+15%,佐盒薰,memorial+wiki,cn
M5-014,14,狡猾的列那,狡猬的列那,狡猾的列那,,5星,,,icons/C5f_014.png,,,,,,,,,,,,,,,,,,,,,,,,,铃代弓,memorial,
M5-015,15,严谨的拉尼,殿护的拉尼,严谨的拉尼,,5星,木,防御型,icons/C5f_015.png,2274,2504,848,1243,632,691,2504,848,1243,632,691,,,,,,,,,,,,,,野田真理爱,memorial,
M5-016,16,泽卡提,泽卡提,抵抗的泽卡提,,5星,,,icons/C5f_016.png,,,,,,,,,,,,,,,,,,,,,,,,,真野方中,memorial,dcj
M5-017,17,疾走的达利亚,,疾走的达利亚,584750,5星,水,辅助型,icons/C5f_017.png,2274,2275,1062,848,788,913,2275,1062,848,788,913,,,,,,对目标造成102（691）自动攻击伤害,造成401（2588）伤害，为2名有持续伤害减益的盟友持续回复104（274）HP（2秒1次），持续14秒。在5人巨型Boss中，有60%（90.4%）的几率为1名水属性盟友（最高攻击力）充能Skill量表。,造成2613伤害，为3名有持续伤害减益的盟友持续回复294HP（2秒1次），持续14秒。在5人巨型Boss中，有95.4%的几率为1名水属性盟友（最高攻击力）充能Skill量表。,对随机2名敌人造成727（4048）伤害，3名水属性盟友的Skill量表充能速度+50%（80.4%）（优先∶最高攻击力），持续16秒，并有70%（90.1%）几率赋予时间扭曲（移除目标全部的时间系减益，Skill量表充能速度+40%），在5人巨型Boss中skill冷却时间-2，持续16秒。,对随机2名敌人造成4148伤害，3名水属性盟友的Skill量表充能速度+85.4%（优先∶最高攻击力），持续2回合，并有95.1%几率赋予时间扭曲（移除目标全部的时间系减益，Skill量表充能速度+40%），在5人巨型Boss中skill冷却时间-2，持续2回合。,对随机3名敌人造成1883（6966）伤害，为5名有持续伤害减益的盟友持续回复285（303）HP（2秒1次）。在5人巨型Boss中赋予1名水属性盟友（最高攻击力）呐喊（攻击力+55%，最多叠加3次），持续2回合。,对随机3名敌人造成7296伤害，为5名有持续伤害减益的盟友持续回复303HP（2秒1次）。在5人巨型Boss中赋予1名水属性盟友（最高攻击力）呐喊（攻击力+55%，最多叠加3次），持续3回合。,水属性盟友Skill量表充能速度+20%（在5人巨型Boss中水属性盟友冷却时间-2秒）。,多田二の,memorial+wiki,cn
M5-018,18,抵抗的泽卡提,,抵抗的泽卡提,584749,5星,火,干扰型,icons/C5f_018.png,,,,,,,,,,,,,,,,,对目标造成103（696）自动攻击伤害,对随机1名敌人造成406（2621）伤害，2名干扰型盟友持续伤害+100（308），持续，12秒。,对随机2名敌人造成2646伤害，3名干扰型盟友持续伤害+328，持续12秒。,对2名敌人造成711（4066）伤害（优先：受减益），造成乱舞之刃（防御力下降20%，且每2秒造成250（706）持续伤害），及增益吸取（从目标移除1个增益，盟友的Drⅳe量表+50（63）），持续14秒。,对3名敌人造成4166伤害（优先：受减益），造成乱舞之刃（防御力下降20%，且每2秒造成706持续伤害），及增益吸取（从目标移除1个增益，盟友的Drⅳe量表+63）两次，持续14秒,对3名敌人造成2114（7360）伤害（优先：受减益），造成乱舞之刃（防御力下降20%，且每2秒造成300持续伤害），持续16秒，3名干扰型盟友持续伤害+700，持续16秒。,对3名敌人造成7690伤害（优先：受减益），造成乱舞之刃（防御力下降20%，且每2秒造成500持续伤害），持续16秒，3名干扰型盟友持续伤害+700，持续16秒。,火属性盟友造成+200持续伤害（在PvP中，全体敌人减益持续时间+20%）,阿部寿世,memorial+wiki,cn
M5-019,19,将成神的马尔杜克,,将成神的马尔杜克,582291,5星,光,攻击型,icons/C5f_019.png,2270,1792,1363,691,758,819,1792,1363,691,758,819,,,,,,对目标造成114（753）自动攻击伤害,对1名敌人（最高HP）造成503（3076）伤害，在20人巨型Boss中赋予自身反击姿态（无视敌人的反射及Skill伤害+13%（+40.6%）。最多叠加3次）持续15秒,对2名敌人（最高HP）造成3136伤害，在20人巨型Boss中赋予自身反击姿态（无视敌人的反射及Skill伤害+40.6%。最多叠加3次）持续2回合,对2名敌人（最高HP）造成605（130%）【4214（177.2%）】伤害，在20人巨型Boss中；对光属性敌人造成800（1905）无视防御伤害,对2名敌人（最高HP）造成4808（202.2%）伤害的2连击，对光属性敌人造成2205无视防御伤害,对4名敌人（最高HP）造成2719（8725）伤害，分解（600持续伤害，无法缩短或延长减益），持续14秒,对4名敌人（最高HP）造成9385伤害，分解（800持续伤害，无法缩短或延长减益），持续14秒,暗属性盟友SildeSkill伤害+18%（在20人巨型Boss战中，暗属性盟友+20%攻击力）,桐村b,memorial+wiki,cn
M5-020,20,石见,石见,螭龙石见,,5星,,,icons/C5f_020.png,,,,,,,,,,,,,,,,,,,,,,,,,访彩花,memorial,cn
M5-021,21,光巴里、服从边界,,光巴里、服从边界,,5星,光,辅助型,icons/C5f_021.png,2249,2262,1048,846,769,892,2262,1048,846,769,892,,,,,,,,,,,,,,访彩花,memorial,
M5-022,22,天堂莎莱斯,,天堂莎莱斯,582280,5星,木,辅助型,icons/C5f_022.png,,,,,,,,,,,,,,,,,对目标造成102（691）自动攻击伤害,对随机1名敌人造成401（2588）伤害。有65%（90.6%）的概率为2名有著持续伤害减益的盟友移除持续伤害减益，及充能Skill中的2名盟友的Skill量表+20%（+52.5%）,对随机1名敌人造成2600伤害。有90.6%的概率为2名有著持续伤害减益的盟友移除持续伤害减益，持续8秒，及充能Skill中的2名盟友的Skill量表+57.5%,对2名敌人造成727(4047)伤害（优先：最低HP），并赋予3名木属性盟友（最高攻击力）的Skill量表充能量+45%(+83%)，持续16秒。在5人巨型boss中，赋予3名木属性盟友（最高攻击力）的Tap Skill伤害+40%(+93.2%)，持续16秒,对2名敌人造成4147伤害（优先：最低HP），并赋予3名木属性盟友（最高攻击力）的Skill量表充能量+88%，持续2回合。在5人巨型boss中，赋予3名木属性盟友（最高攻击力）的Tap Skill伤害+113.2%，持续2回合,对3名随即随机敌人造成1956(7037)伤害，并对1名木属性盟友（最高攻击力）狂暴（攻击力+110%且无敌20秒。效果结束时一律对目标造成5秒晕眩）,对3名随机敌人造成7697伤害，并对3名木属性盟友（最高攻击力）狂暴（攻击力+120%且无敌20秒。效果结束时一律对目标造成5秒晕眩）,木属性队友的Tap Skill伤害+18%（在5人巨型boss中，木属性盟友的Tap Skill伤害+20%）,佐勺木未来,memorial+wiki,cn
M5-023,23,螭龙石见,,螭龙石见,582278,5星,水,干扰型,icons/C5f_023.png,2269,680,60,848,812,963,680,60,848,812,963,,,,,,对目标造成103（698）自动攻击伤害,对1名敌人造成410（2635）伤害（优先：受到减益），及减益持续时间+30%（+65.4%），持续8秒,对2名敌人造成2660伤害（优先：受到减益），及减益持续时间+65.4%，持续10秒,对2名敌人造成726（4091）伤害（优先：最低HP），造成中毒（每当目标行动造成400（1344）伤害，且再受到伤害时造成加成伤害），持续2回合。PVP中，有70%（85.2%）的概率对2名敌人造成诱惑（目标增益效果无效。除特定技能外无法移动），持续12秒,对3名敌人造成4191伤害（优先：最低HP），造成中毒（每当目标行动造成1544伤害，且再受到伤害时造成加成伤害），持续2回合。PVP中，有85.2%的概率对3名敌人造成诱惑（目标增益效果无效。除特定技能外无法移动），持续12秒,对3名敌人造成2144（7415）伤害（优先：有增益），并造成增益吸取（从目标移除1个增益，盟友的Drive量表+150），Drive量表-15%,对3名敌人造成7745伤害（优先：有增益），并造成增益吸取（从目标移除1个增益，盟友的Drive量表+150），Drive量表-20%,全体敌人的Drive量表充能量-15%,依田菜津,memorial+wiki,cn
M5-024,24,反击者格琳戴儿,反擎者格琳戴儿,反击者格琳戴儿,20745,5星,水,,icons/C5f_024.png,,,,,,,2200,892,1038,860,644,,,,,,对目标造成95自动攻击伤害,造成328伤害，2名队友（最低HP优先）回复量+30%，持续20秒,造成X伤害，3名盟友（优先：最低HP）回复量+X%，持续20秒,造成482伤害，2名队友回复1211HP（最低HP优先），减益持续时间-20%，持续14秒,造成X伤害，3名盟友回复XHP（优先：最低HP），且减益持续时间-X%，减益效果回避率+X%，持续16秒,对随机2名敌人造成1475伤害，3名队友回复1089HP（最低HP优先），如果被回复的队友有减益，最大HP+1200，持续16秒,对随机2名敌人造成X伤害，4名盟友回复XHP（优先：最低HP），如果目标有减益，最大HP+X，持续16秒,为水属性盟友回复+15%,堀龙沙耶,memorial+wiki,cn
M5-025,25,夜之狄雅努斯,,夜之狄雅努斯,580152,5星,暗,攻击型,icons/C5f_025.png,2245,1774,1353,678,745,806,1774,1353,678,745,806,,,,,,对目标造成114（751）自动攻击伤害,对2名敌人造成497（3057）伤害（优先：攻击型），伤害共振（对最多2名目标外最低HP的敌人造成对目标所造成的13%（33%）伤害），持结16秒,对2名敌人造成3117伤害（优先：攻击型），伤害共振（对最多2名目标外最低HP的敌人造成对目标所造成的38%伤害），持续16秒，并在PVP中有95.1%的机率赋予自身时间扭曲（移除目标全部的时间系减益，Skill量表充能速度+40%）持续16秒,对2名敌人造成986（4653）伤害的2连击（优先：伤害共振），对2名敌人（优先：在PvP中最低HP）造成480（1296）加成伤害，和800（1980）魔力伤害（对目标造成加成伤害。增加暴击和弱点伤害）,对2名敌人造成4853伤害的3连击（优先：伤害共振），对2名敌人（优先：在PvP中最低HP）造成1296加成伤害，和2980魔力伤害（对目标造成加成伤害。增加暴击和弱点伤害）,对4名敌人造成2657（8602）伤害（优先：光属性）,对全体敌人造成9262伤害,暗属性盟友SildeSkill伤害+20%（在PvP中自身Skill冷却时间-2秒）,筏井女元,memorial+wiki,cn
M5-026,26,诈欺师杜莎,,诈欺师杜莎,580148,5星,光,辅助型,icons/C5f_026.png,,,,,,,,,,,,,,,,,对目标造成102（691）自动攻击伤害,对1名敌人造成405（2592）伤害（优先：光属性），有60%（90.4%）的机率充满1名暗属性盟友（自身除外）的Skill量表（优先：高攻击力）,对1名敌人造成2614伤害（优先：光属性），有95.4%的机率充满2名暗属性盟友（自身除外）的Skill量表（优先：高攻击力）,对2名敌人造成764（4084）伤害（优先：光属性），增加3名暗属性盟友（高攻击力）的Skill量表充能速度+50%（80.4%），持续16秒，且Slide Skill伤害+55%（95.1%）,对2名敌人造成4184伤害（优先：光属性），增加3名暗属性盟友（高攻击力）的Skill量表充能速度+85.4%，持续2回合，且Side Sill伤害+105.1%,对3名敌人造成1957（7044）伤害（优先：光属性），有80%的机率充满3名暗属性盟友（自身除外）的Skill量表并在5人巨型Boss中，赋予1名暗属性盟友（高攻击力）呐喊（攻击力+55%，最多叠加3次），持续2回合,对3名敌人造成7374伤害（优先：光属性），有90%的机率充满3名暗属性盟友（自身除外）的Skill量表并在5人巨型Boss中，赋予1名暗属性盟友（高攻击力）呐喊（攻击力+55%，最多叠加3次），持续3回合,暗属性盟友Skill量表充能速度+20%（在5人巨型Boss中，暗属性盟友冷却时间- 1秒）,野水伊织,memorial+wiki,cn
M5-027,27,偶像阿克拉西亚,,偶像阿克拉西亚,580147,5星,光,防御型,icons/C5f_027.png,2270,2496,846,1243,635,686,2496,846,1243,635,686,,,,,,对目标造成93(647）自动攻击伤害,造成333（2242）伤害，2名盟友（最低HP）防御力+50%(+66.6%)，持续12秒,造成2267伤害，3名盟友（最低HP）防御力+66.6%，持续14秒,对随机两名敌人造成651(3659)伤害，赋予3名盟友（优先：攻击性）光之盾（目标防御力+35%(+51.6%)并在受到攻击时对攻击者造成失明，持续8秒。减少攻击命中率45%(67.8%) ），持续14秒，并在PvP中对3名光属性盟友造成回避率+20%(+51.8%)，持续14秒,对随机2名敌人造成3759伤害，赋予3名盟友（优先：攻击型）光之盾（目标防御力+56.6%并在受到攻击时对攻击者造成失明，持续8秒。减少攻击命中率67.8%），持续14秒，并在PvP中对3名盟友造成回避率+56.89%，持续14秒,对随机两名敌人造成1631(5662)伤害，赋予3名盟友（优先：最低HP）光之盾（目标防御力+45%并在受到攻击时对攻击者造成失明，持续8秒。减少攻击命中率70%），持续16秒，且防御力+35%,对随机2名敌人造成5992伤害，赋予3名盟友（优先：最低HP）光之盾（目标防御力+ 50%并在受到攻击时对攻击者造成失明，持续8秒。减少攻击命中率70%），持续16秒，且防御力+40%,全体盟友的防御力+20%,惠美,memorial+wiki,cn
M5-028,28,看守者艾芮儿,,看守者艾芮儿,577974,5星,水,攻击型,icons/C5f_028.png,,,,,,,,,,,,,,,,,对目标造成114（753）自动攻击伤害（自动）,对1名敌人造成508（3081）伤害与200（1305）加成伤害（优先：最低HP），有65%（87.8%）的机率赋予自身远距离攻击（无视敌人的挑衅、反射），持续13秒。,对2名敌人造成3141伤害与1305加成伤害（优先：最低HP），有92.8%的机率赋予自身远距离攻击（无视敌人的挑衅、反射），持续20秒。,造成558/120% （3972/167.2%）伤害的2连击，可被缩短的增益持续时间-26%（48.8%），持续10秒，对2名敌人（优先：较多增益）造成保护增益爆发（移除一个保护增益，并以×300（701）系数造成基于该效果的伤害），并在PvP中对2名敌人（优先：较多增益）造成时间系增益爆发（移除一个时间系增益，并以×300（701）的系数造成基于该种类的伤害）,造成4162/175.2%伤害的3连击，可被缩短的增益持续时间-48.8%，持续10秒，对2名敌人（优先：较多增益）造成保护增益爆发（移除一个保护增益，并以×1001系数造成基于该效果的伤害），并对2名敌人（优先：较多增益）造成时间系增益爆发（移除一个时间系增益，并以×1001的系数造成基于该种类的伤害）,对4名敌人造成2716（8709）伤害（优先：最低HP），赋予自身狂暴（20秒间攻击力+50%且无敌，但效果结束时有100%机率造成5秒晕眩）,对4名敌人造成9369伤害（优先：最低HP），赋予自身狂暴（20秒间攻击力+60%且无敌，但效果结束时有100%机率造成5秒晕眩）,水属性盟友Slide Skill伤害+20%（在PvP中自身Skill冷却时间-2秒）,小林中弓,memorial+wiki,cn
M5-029,29,黑兔奥弗伊斯,,黑兔奥弗伊斯,577973,5星,光,干扰型,icons/C5f_029.png,2275,2089,1097,848,819,966,2089,1097,848,819,966,,,,,,对目标造成103（699）自动攻击伤害（自动）,对随机1名敌人造成409（2640）伤害，并在20人巨型Boss中，赋予自身减益命中率+15%（35.1%），持续16秒，和有70%（90.1%）的机率对暗属性敌人造成时间窜改（移除目标所有时间系增益，并减少Skill量表充能速度40%），持续8秒。,对随机1名敌人造成2665伤害，并在20人巨型Boss中，赋予自身减益命中率+40.1%，持续2回合，和有95.1%的机率对暗属性敌人造成时间窜改（移除目标所有时间系增益，并减少Skill量表充能速度40%），持续12秒。,对2名敌人（优先：暗属性）造成703（4076）伤害，并对暗属性敌人造成减益回避率-20%（35.9%），持续14秒。在20人巨型Boss中，对暗属性敌人造成Slide Skill防御力-35%（66.8%），持续14秒。,对2名敌人（优先：暗属性）造成4176伤害，并对暗属性敌人造成减益回避率-40.9%和减益持续时间+58.6%，持续14秒。在20人巨型Boss中，对暗属性敌人造成Slide Skill防御力-81.8%，持续14秒。,对3名敌人（最低HP）造成2099（7391）伤害，在20人巨型Boss中，暗属性敌人Skill防御力-40%，持续2回合。,对3名敌人（最低HP）造成7721伤害，在20人巨型Boss中，暗属性敌人Skill防御力-50%，持续2回合。,暗属性敌人Slide Skill防御力-15%（在20人巨型Boss中，暗属性敌人Skill防御力-15%）,奈波果林,memorial+wiki,cn
M5-030,30,德拉,德拉,祝福的史古基,577975,5星,木,辅助型,icons/C5f_030.png,,,,,,,,,,,,,,,,,对目标造成102（691）自动攻击伤害,对目标造成404（2590）伤害，有60（80.1）%的机率移除2名诱惑中盟友的诱惑，且有70（90.1）%的机率赋予2名木属性盟友（最高攻击力）支援（弱点Skill最终伤害+15%、依目前增益数量的比例增加攻击力），持续16秒,对目标造成2615伤害，有85.1%的机率使2名诱惑中的盟友诱惑无效，持续8秒，且有95.1%的机率赋予2名木属性盟友（最高攻击力）支援（弱点Skill最终伤害+15%、依目前增益数量的比例增加攻击力），持续2回合,对2名敌人（最低HP）造成727（4048）伤害，3名木属性盟友（最高攻击力）Skill量表充能速度+45（88.5）%，持续16秒，及在5人巨型Boss中弱点Skill最终伤害+50（129.5）%,对2名敌人（最低HP）造成4148伤害，3名木属性盟友（最高攻击力）Skill量表充能速度+93.5%，持续2回合，及在5人巨型Boss中弱点Skill最终伤害+144.5%,对随机3名敌人造成1933（7021）伤害，有90%机率赋予3名木属性盟友（最高攻击力）觉醒（暴击伤害增加30%，依目前增益数增加SS伤害），持续20秒，及最多5名木属性盟友Drive量表+150,对随机3名敌人造成7351伤害，有90%机率赋予3名木属性盟友（最高攻击力）觉醒（暴击伤害增加30%，依目前增益数增加SS伤害），持续3回合，及最多5名木属性盟友Drive量表+150,木靥属性盟友的弱点Skill最终伤害+18%（5人巨型Boss中追加+20%）,厚木那奈美,memorial+wiki,cn
M5-031,31,重斯,,,,5星,木,辅助型,icons/C5f_031.png,2274,2275,1062,848,788,913,2275,1062,848,788,913,,,,,,,,,,,,,,厚木那奈美,memorial,dcj
M5-032,32,自信的图兰,,自信的图兰,171922,5星,水,治疗型,icons/C5f_032.png,,,,,,,,,,,,,,,,,对目标造成96（663）自动攻击伤害,造成343（2351）伤害，为2名水属性盟友回复553（1620）HP,造成2351伤害，为3名水属性盟友回复1720HP,对目标造成543（3725）伤害，赋予3名盟友（高攻击力）忍耐（20秒后或是受到3次攻击后移除），并赋予他们秘愈【每次单位行动或受到攻击时，对自我回复400（1007）HP】，持续14秒，及在PvP中，为2名盟友（HP比自身还低）治疗253（2129）HP,对目标造成3725伤害，赋予3名盟友（高攻击力）忍耐（20秒后或是受到4次攻击后移除），并赋予他们秘愈（每次单位行动或受到攻击时，对自我回复1157HP），持续14秒，及在PvP中，为3名盟友（HP比自身还低）治疗2129HP,复活1名水属性盟友至20%HP，并赋予3名水属性盟友（优先：最低HP）最大HP+2500，持续20秒,复活1名水属性盟友至20%HP，并赋予5名水属性盟友（优先：最低HP）最大HP+2500，持续20秒,为水属性盟友回复+20%（在PVP中，全体盟友最大HP+30%）,田茉优,memorial+wiki,cn
M5-033,33,优柔寡断的菲罗忒斯,,优柔寡断的菲罗忒斯,171919,5星,暗,辅助型,icons/C5f_033.png,2241,2259,1048,828,776,892,2259,1048,828,776,892,,,,,,对目标造成101（689）自动攻击伤害,造成398（2567）伤害，有60（85.6）%的机率为3名盟友（优先：受到减益）移除所有减益,造成2590伤害，有90.6%的机率为3名盟友（优先：受到减益）的减益无效，持续5秒,对2名随机敌人造成735（4035）伤害，有70（92.8）%的机率对2名暗属性盟友（优先∶高攻击力）赋予远距离攻击（无视敌人的挑衅、反射），持续16秒，并在PVP中，有45（85.2）%的机率对1名暗属性盟友（高攻击力）赋予专注（命中率↑及100%暴击），持续20秒,对2名随机敌人造成4135伤害，有97.8%的机率对3名暗属性盟友（优先∶高攻击力）赋予远距离攻击（无视敌人的挑衅、反射），持续16秒，及减益无效（在14秒或受到1次减益攻击后取消），并在PVP中，有90.2%的机率对1名暗属性盟友（高攻击力）赋予专注（命中率↑及100%暴击），持续20秒,对随机3名敌人造成1892（6902）伤害，对5名暗属性盟友（优先：最高攻击力）赋予减益无效（14秒后或是受到1次减益攻击后取消）,对随机3名敌人造成7232伤害，对5名暗属性盟友（优先：最高攻击力）赋予减益无效（14秒后或是受到2次减益攻击后取消）,暗属性盟友减益回避率+18%（在PVP中，暗属性盟友减益回避率+12%）,今野千聪,memorial+wiki,cn
M5-034,34,米莉雅,,米莉雅,,5星,,,icons/C5f_034.png,,,,,,,,,,,,,,,,,,,,,,,,,风花L3,memorial,
M5-035,35,替身巫女福耳库斯,,替身巫女福耳库斯,171894,5星,光,防御型,icons/C5f_035.png,2236,2491,825,1219,624,676,2491,825,1219,624,676,,,,,,对目标造成93（643）自动攻击伤害,对1名敌人（优先：光属性）造成324（2206）伤害，赋予自身在内最多2名最低HP的盟友（如果自身的HP是最低的，将只赋予自身及1名盟友）减益屏障【在HP受影响前，吸收+1200（1808）减益伤害，无法与屏障同时启用】，持10秒,对1名敌人（优先：光属性）造成2231伤害，赋予自身在内最多3名最低HP的盟友（如果自身的HP是最低的，将只赋予自身及2名盟友）减益屏障【在HP受影响前，吸收+2108减益伤害，无法与屏障同时启用】，持10秒,对1名敌人（优先：光属性）造成619（3597）伤害，赋予自身挑衅（有90%的几率启动），持续12秒，在PVP中赋予自身无敌（无视所有攻击与减益效果），持续4秒,对1名敌人（优先：光属性）造成3697伤害，赋予自身挑衅（有90%的几率启动），持续14秒，在PVP中赋予自身无敌（无视所有攻击与减益效果），持续5秒,对2名敌人（优先：最低HP）造成1562（5501）伤害，并为2名盟友（最高攻量力）赋予升华痛苦【攻击力+200，所有盟友每损失2%HP，则额外提升攻击力60%（最高2400%）】，持续20秒，并赋予减益屏障（在HP受影响前，吸收+2800减益伤害，无法与屏障同时启用）,对2名敌人（优先：最低HP）造成5831伤害，并为3名盟友（最高攻量力）赋予升华痛苦【攻击力+200，所有盟友每损失2%HP，则额外提升攻击力60%（最高2400%）】，持续20秒，并赋予减益屏障（在HP受影响前，吸收+2800减益伤害，无法与屏障同时启用）,全体盟友减益持续时同-16%（在PvP中：全体盟友减益持续时同-16%）,伊勺崎统香,memorial+wiki,cn
M5-036,36,敌对者克雷斯尼克,,敌对者克雷斯尼克,169027,5星,火,辅助型,icons/C5f_036.png,,,,,,,,,,,,,,,,,对目标造成102（691）自动攻击伤害,对目标造成405（2592）伤害，并有65（80.2）%机率为3名流血中的盟友净化（将流血转为持持续回复），并为他们持续回复104（274）HP，持续8秒,对目标造成2604伤害，并有80.2%机率为3名流血中的盟友净化（将流血转为持持续回复），并为他们持续回复294HP，持续8秒,对2名随机敌人造成764（4084）伤害，并对3名火属性盟友（高攻击力）赋予攻击力+40（80.1）%，持续16秒，以及对3名火属性盟友（最低HP）赋予减益屏障+1800（2249）（不能与吸收减益伤害的护盾共用），持续16秒,对2名随机敌人造成4184伤害，并对3名火属性盟友（高攻击力）赋予攻击力+95.1%，持续2回合，以及对3名火属性盟友（最低HP）赋予减益屏障+2549（不能与吸收减益伤害的护盾共用），持续2回合,对3名随机敌人造成1956（7037）伤害，并到5名火属性盟友赋予减益屏障+2500（不能与吸收减益伤害的护盾共用），持续20秒，以及对1名火属性盟友（高攻击力）赋予狂暴（攻击力+110%且无敌20秒。效果结束时一律对目标造成5秒晕眩）,对3名随机敌人造成7697伤害，并到5名火属性盟友赋予减益屏障+2500（不能与吸收减益伤害的护盾共用），持续20秒，以及对3名火属性盟友（高攻击力）赋予狂暴（攻击力+120%且无敌26秒。效果结束时一律对目标造成5秒晕眩）,火属性盟友攻击力+20%（在副本中，火属性盟友攻击型攻击力+20%）,中川亜纪子,memorial+wiki,cn
M5-037,37,艾雅,艾雅,川流艾雅,169028,5星,木,干扰型,icons/C5f_037.png,2263,2089,1084,848,812,966,2089,1084,848,812,966,,,,,,对目标造成103（696）自动攻击伤害,对1名敌人（优先：水属性）造成408（2623）伤害，依所造成伤害的200（352）持续恢复HP，并对目标造成流血【每2秒140（603）持续伤害】，持续14秒,对2名敌人（优先：水属性）造成2648伤害，依所造成伤害的352持续恢复HP，并对目标造成流血（每2秒753持续伤害），持续14秒,对2名敌人（优先∶攻击型）造成736（4091）伤害，造成血之诅咒【回敬150（1094）伤害，并依攻击次数回复HP】，持续2回合，有70（85.2）%的机率造成诱惑（目标增益效果无效。除特定移除技能外无法移除），持续12秒,对3名敌人（优先∶攻击型）造成4191伤害，造成血之诅咒（回敬1294伤害，并依攻击次数回复HP），持续2回合，有85.2%的机率造成诱惑（目标增益效果无效。除特定移除技能外无法移除），持续12秒,对3名敌人（优先：水属性）造成2164（7415）伤害，造成流血（每2秒800持续伤害），并有70%的机率造成禁止回复（吸血、HP吸取除外），持续14秒，造成血之诅咒（回敬900伤害，并依攻击次数回复HP），持续2回合,对3名敌人（优先：水属性）造成7745伤害，造成流血（每2秒800持续伤害），并有70%的机率造成禁止回复（吸血、HP吸取除外），持续14秒，造成血之诅咒（回敬1100伤害，并依攻击次数回复HP），持续2回合,全体敌人减益持续时间+15%（在PvP中，盟友流血伤害+200）,爸岛力沃名,memorial+wiki,cn
M5-038,38,自睛妃,,米莉雅,168976,5星,光,辅助型,icons/C5f_038.png,,,,,,,,,,,,,,,,,对目标造成102（690）自动攻击伤害,对目标造成400（2577）伤害，有60（90.4）%的机率充满随机1名盟友的Skill量表,对目标造成2602伤害，有90.4%的机率充满自身以外2名盟友（正在充能skill）的Skill量表,对2名随机敌人造成737（4047）伤害，并赋予3名盟友（最低攻击力）skill量表充能速度+50（80.4）%，持续16秒，赋予3名光属性盟友（最低HP）减益回避率+15（45.5）%，持续16秒，在PVP中赋予3名光属性盟友（最低HP）回避率+30（46.6）%，持续16秒,对2名随机敌人造成4147伤害，并赋予3名盟友（最低攻击力）skill量表充能速度+80.4%，持续2回合，赋予4名光属性盟友（最低HP）减益回避率+50.5%，持续2回合，在PVP中赋予4名光属性盟友（最低HP）回避率+51.6%，持续2回合,对随机3名敌人造成1901（6952）伤害，并赋予5名光属性盟友（最低HP）无效化（14秒后或是受到1次减益攻击后取消），有100%的机率立即重置冷却时间,对随机3名敌人造成7282伤害，并赋予5名光属性盟友（最低HP）无效化（14秒后或是受到2次减益攻击后取消），有100%的机率立即重置冷却时间,光属性盟友减益回避率+18%（在PvP中，光属性盟友諴益回避率+12%）,住友优子,memorial+wiki,cn
M5-039,39,拉姆蕾萨尔,,拉姆蕾萨尔,168974,5星,水,干扰型,icons/C5f_039.png,2277,2089,1097,848,812,980,2089,1097,848,812,980,,,,,,对目标造成103（699）自动攻击伤害,对随机1名敌人造成411（2643）伤害，减益回避率-20（35.9）%，持续12秒,对随机2名敌人造成2668伤害，减益回避率-40.9%，持续14秒,对2名敌人（优先∶火属性）造成727（4099）伤害，并造成攻击力窃取【目标的攻击力-10（25.2）%，而全体盟友攻击型Child的攻击力+20（50.4）%】，持续12秒，且在面对世界王时，火属性敌人的防御力-1500（2295），持续12秒,对2名敌人（优先∶火属性）造成4199伤害，并造成攻击力窃取（目标的攻击力-30.2%，而全体盟友攻击型Child的攻击力+60.4%），持续16秒，且在面对20人巨型boss时，敌人的防御力-2895，持续16秒,对3名敌人（优先：火属性）造成2101（7399）伤害，并造成减益回避率-25%，及攻击力窃取-20%，持续16秒,对3名敌人（优先：火属性）造成7729伤害，并造成减益回避率-30%，及攻击力窃取-22%，持续16秒,全体敌人防御力-15%（火属性敌人再-15%）,潘<,memorial+wiki,cn
M5-040,40,塞列欧斯,塞列欧斯,贤明的塞列欧斯,168972,5星,火,防御型,icons/C5f_040.png,,,,,,,,,,,,,,,,,对目标造成93（648）自动攻击伤害,对目标造成331（2243）伤害，有60（80.7）%的机率对2名敌人（受燃烧或热伤）造成重击（晕眩且Skill伤害防御力-15%），持续4秒,对目标造成2268伤害，有80.7%的机率对3名敌人（受燃烧或热伤）造成重击（晕眩且Skill伤害防御力-15%），持续6秒,对目标造成627（3637）伤害，并有56（95）%的机率赋予不死（HP不会低于1），赋予挑衅（发动机率：90%），并赋予自身炎之盾{目标防御力+45（61.6）%，且在遭受攻击时造成防御力-50%及热伤【200（587）持续伤害】，持续12秒}，持续12秒,对目标造成3737伤害，并有100%的机率赋予不死（HP不会低于1），赋予挑衅（发动机率：90%），并赋予自身炎之盾【目标防御力+71.6%，且在遭受攻击时造成防御力-50%及热伤（587持续伤害），持续14秒】，持续14秒,对3名敌人（优先：最低HP）造成1582（5616）伤害，有70%的机率造成重击（晕眩且Skill伤害防御力-15），持续5秒，并且有100%的机率赋予3名火属性盟友（优先∶最低HP）不死（HP不会低于1），持续12秒,对3名敌人（优先：最低HP）造成5946伤害，有75%的机率造成重击（晕眩且Skill伤害防御力-15），持续5秒，并且有100%的机率赋予3名盟友（优先∶最低HP）不死（HP不会低于1），持续16秒,在战门开始时，赋予5名火属性盟友忍耐（受到2次物理攻击后移除）,中田护治,memorial+wiki,cn
M5-041,41,艾莉希恩,,索尔,,5星,火,防御型,icons/C5f_041.png,2271,2496,848,1243,635,686,2496,848,1243,635,686,,,,,,,,,,,,,,中田镶治,memorial,
M5-042,42,希妮,希妮,水中的希妮,167085,5星,水,攻击型,icons/C5f_042.png,,,,,,,,,,,,,,,,,对目标造成114（753）自动攻击伤害,对1名敌人（最低HP）造成503（3076）伤害，赋予自身反击姿态【无视敌人的反射与+13（40.6）%Skill伤害，最多叠加3次】，持续15秒,对2名敌人（最低HP）造成3136伤害，赋予自身反击姿态（无视敌人的反射与+40.6%Skill伤害，最多叠加3次），持续2回合,对2名敌人（优先∶最高攻击力）造成1015（4696）伤害的2连击，600（1360）加成伤害,对3名敌人（优先∶最高攻击力）造成4896伤害的2连击，1360加成伤害。PVP中，造成浪潮【依水属性盟友的数量（最多10名）造成703加成伤害】,对4名敌人（优先：有增益）造成2716（8709）伤害，对1名随机敌人造成潮浪【依水属性盟友的数量（最多10名）造成500加成伤害】,对4名敌人（优先：有增益）造成9369伤害，对2名随机敌人造成潮浪【依水属性盟友的数量（最多10名）造成500加成伤害】,水属性盟友的Skill最终伤害+1000（在PVP中，Skill量表充能速度+18%）,原由美,memorial+wiki,cn
M5-043,43,艾莉希恩,,,,5星,光,辅助型,icons/C5f_043.png,2236,2259,1041,828,776,892,2259,1041,828,776,892,,,,,,,,,,,,,,,memorial,cn
M5-044,44,诺特斯,诺特斯,独自跑的诺特斯,167086,5星,木,治疗型,icons/C5f_044.png,,,,,,,,,,,,,,,,,对目标造成97（667）自动攻击伤害,造成366（2396）伤害，赋予2名盟友（最低HP）持续回复量+35（57.1）%，持续14秒，及有100%的机率赋予1名盟友（最低HP）不死（HP不会低于1），持续10秒,造成2421伤害，赋予3名盟友（最低HP）持续回复量+62.1%，持续20秒，及有100%的机率赋予1名盟友（最低HP）不死（HP不会低于1），持续14秒,全体盟友持续回复158（388）HP，持续20秒，及3名盟友（最低HP）减益回避率+20（50.5）%,全体盟友持续回复408HP，持续24秒，及3名盟友（最低HP）减益回避率+56.5%,为2名队友（最低HP）回复60%+156（800）HP,为3名队友（最低HP）回复100%+800HP,全体盟友HP+30%及在战斗开始时赋予回复型盟友Skill量表+50%,小泽亜李,memorial+wiki,cn
M5-045,45,波利亚斯,,贤明的塞列欧斯,167075,5星,光,辅助型,icons/C5f_045.png,2274,2275,1062,852,784,907,2275,1062,852,784,907,,,,,,对目标造成102（691）自动攻击伤害,造成403（2589）伤害，有75（95.1）%的机率使2名盟友（优先：沉默中）的沉默无效，持续10秒。在副本中，有45（85.2）%的机率赋予1名光属性盟友（最高攻击力）专注（命中率↑与100%暴击），持续16秒,对随机1名敌人造成2614伤害，有95.1%概率赋予（优先：沉默中）我方3名队友10s内沉默无效。5人B0ss战限定：有90.2%概率赋予光属性（优先：攻击力最高）1名队友2回合集中(攻击必定暴击且不会被闪避）,对2名敌人（优先：暗属性）造成739（4059）伤害，赋予3名光属性盟友（最低HP）屏障（在HP受影响前，吸收+1800（2249）所有敌方攻击伤害，无法与减益屏障同时启用），持续16秒，并赋予3名光属性盟友（最高攻击力）Slide Skill伤害+30（55.6）%，持续16秒。在副本中，3名光属性盟友（最高攻击力）有70（90.1）%机率获得觉醒（暴击伤害增加30%，并根据增益数增加Slide Skill伤害），持续16秒,对2名敌人(优先:暗属性)造成4159伤害，赋予光属性(优先:HP最低)的3名队友护盾+2549点，持续16秒。赋予光属性（优先：攻击力最高）的3名队友SlideSkill伤害+80.6%，持续2回合。5人B055战限定：有95.1%概率赋予光属性（优先：攻击力最高）的3名队友2回合觉醒(暴击伤害+30%&根据自身增益数量增加 SlideSkill最终伤害，最大60%),对3名敌人（优先：暗属性）造成1906（6982）伤害，有100%的机率无效沉默，持续10秒，并赋予5名光属性盟友屏障（在HP受影响前，吸收+2500所有敌方攻击伤害，无法与减益屏障同时启用），持续20秒,对3名敌人（优先：暗属性）造成7312伤害，赋予5名光属性队友14s内100%沉默无效&20s内护盾+2500点,光属性盟友的暴击伤害+20%（副本中追加+20%）,风间万裕子,memorial+wiki,cn
M5-046,46,都桂花,都桂花,通灵师都桂花,,5星,,,icons/C5f_046.png,,,,,,,,,,,,,,,,,,,,,,,,,三上由理惠,memorial,
M5-047,47,希妮,水中的希妮,水中的希妮,165126,5星,木,干扰型,icons/C5f_047.png,2262,6807,1084,846,812,963,6807,1084,846,812,963,,,,,,对目标造成103（696）自动攻击伤害,对1名敌人（最少减益）造成408（2623）伤害，减益迥避率-10（19）%，持续10秒,对2名敌人（最少减益）造成2648伤害，减益迥避率-27.5%，持续12秒,对2名敌人（最多减益）造成736（4091）伤害，有60（80.7）%的机率造成重击（晕眩且Skill伤害防御力-15%），持续5秒，并造成侵食【依目标减益数+1（最多4）的比例，每2秒受到100（190）持续伤害】，持续20秒,对3名敌人（最多减益）造成4191伤害，有80.7%的机率造成重击（晕眩且Skill伤害防御力-15%），持续5秒，并造成侵食【依目标减益数+1（最多4）的比例，每2秒受到240持续伤害】，持续20秒,对3名敌人（最低HP）造成2163（7411）伤害，有70%的机率造成重击（晕昡且Skill伤害防御力-15%），持续5秒。pvp中，有80%的机率对3名敌人（最低HP）造成诱惑（目标增益效果无效。除特定技能外无法移除），持续16秒,对3名敌人（最低HP）造成7741伤害，有70（75）%的机率造成重击（晕昡且Skill伤害防御力-15%），持续5秒。pvp中，有80（85）%的机率对3名敌人（最低HP）造成诱惑（目标增益效果无效。除特定技能外无法移除），持续16秒,全体敌人防御力-10%（在PvP中，全体敌人减益持续时间+15%）,吉国茉祐,memorial+wiki,cn
M5-048,48,船长艾莉希恩,,船长艾莉希恩,165106,5星,木,辅助型,icons/C5f_048.png,,,,,,,,,,,,,,,,,对目标造成102（690）自动攻击伤害,造成401（2578）伤害。在副本中，有60（85）%的机率结束2名冷却中盟友的冷却时间,造成2603伤害。在副本中，有90%的机率结束3名冷却中盟友的冷却时间,对2名敌人（最低HP）造成725（4036）伤害，赋予3名木属性盟友（最高攻击力）skill冷却时间-2秒，持续16秒，并赋予1名盟友（优先：最高攻击力）双刃剑【攻击力上升/防御力下降62（135.7）%】，持续16秒,对2名敌人（最低HP）造成4136伤害，赋予3名木属性盟友（最高攻击力）skill冷却时间-2秒，持续2回合，并赋予1名盟友（优先：最高攻击力）双刃剑（攻击力上升/防御力下降160.7%），持续2回合,对随机3名敌人造成1928（6990）伤害，有80%的机率结束5名冷却中盟友的冷却时间。副本中，赋予1名木属性盟友（最高攻击力）呐喊（攻击力+55%，最多叠加3次），持续2回合,对随机3名敌人造成7320伤害，有80%的机率结束5名冷却中盟友的冷却时间。副本中，赋予1名木属性盟友（最高攻击力）呐喊（攻击力+55%，最多叠加3次），持续3回合,赋予木层性盟友Skill量表充能量+20%（在副本中，赋予木属性盟友Skill冷却时间-2秒）,森优花,memorial+wiki,cn
M5-049,49,诺特斯,独自跑的诺特斯,独自跑的诺特斯,162573,5星,暗,干扰型,icons/C5f_049.png,2240,2078,1076,828,811,947,2078,1076,828,811,947,,,,,,对目标造成103（694）自动攻击伤害,对随机1名敌人造成405（2609）伤害，有70（85.2）%的机率重设Skill量表,对随机2名敌人造成2634伤害，有90.2%的机率重设Skill量表,对2名敌人（优先：最高防力）造成721（4066）伤害，有60（82.8）%的机率造成晕眩（在晕眩时受到攻击，则持续时间多1秒，最多5秒），持续4秒。在PVP中，对2名敌人（最高防御力）造成Skill量表充能速度-35（65.4）%，持续12秒,对3名敌人（优先：最高防力）造成4166伤害，有82.8%的机率造成晕眩（在晕眩时受到攻击，则持续时间多1秒，最多5秒），持续4秒。在PVP中，对3名敌人（最高防御力）造成Skill量表充能速度-70.4%，持续12秒,对3名敌人（最低HP）造成2129（7333）伤害，有80%的机率造成晕眩（在晕眩时受到攻击，则持续时间多1秒，最多5秒），持续12秒。在PVP中，有80%的机率赋予1名敌人（最高攻击力）标记（盟友会专注攻击被标记的敌人。但挑衅效果优先），持续12秒,对3名敌人（最低HP）造成7663伤害，有90%的机率造成晕眩（在晕眩时受到攻击，则持续时间多1秒，最多5秒），持续12秒。在PVP中，有90%的机率赋予1名敌人（最高攻击力）标记（盟友会专注攻击被标记的敌人。但挑衅效果优先），持续12秒,全体敌人的减益回避率-18%,近藤唯,memorial+wiki,cn
M5-050,50,急驰的波利亚斯,,急驰的波利亚斯,162570,5星,光,防御型,icons/C5f_050.png,,,,,,,,,,,,,,,,,对目标造成93（643）自动攻击伤害,造成324（2206）伤害，赋予3名光属性盟友所有Skill伤害防御力+30（44.5）%（在经过12秒或受到3次攻击后移除）,造成2231伤害，赋予3名光属性盟友所有Skill伤害防御力+44.5%（在经过12秒或受到5次攻击后移除）,造成618（3595）伤害，有56（95）%的机率赋予自身不死（HP不会低于1）与石化之触【有75（97.8）%机率对一名攻击自己的敌人造成石化（10秒内或受到一次攻击前无法行动）】，持续12秒。PvP中，赋予自身挑衅（有90%的机率发动），持续12秒,造成3695伤害，有95%的机率赋予自身不死（HP不会低于1）与石化之触【有97.8%机率对一名攻击自己的敌人造成石化（10秒内或受到一次攻击前无法行动）】，持续14秒。PvP中，赋予自身挑衅（有90%的机率发动），持续14秒,对随机3名敌人造成1561（5495）伤害，赋予全体盟友所有skill伤害防力+40%（在经过24秒或受到5次攻击后移除）,对随机3名敌人造成5825伤害，赋予全体盟友所有skill伤害防力+50%（在经过24秒或受到5次攻击后移除）,光属性盟友Skill伤害防御力+15%（在PvP中，盟友Skill伤害防御力+10%）,武田华,memorial+wiki,cn
M5-051,51,急驰的波利亚斯,急的波利亚斯,急驰的波利亚斯,,5星,光,防御型,icons/C5f_051.png,2234,2488,825,619,676,,2488,825,619,676,,,,,,,,,,,,,,,武田华,memorial,
M5-052,52,都桂花,通灵师都桂花,通灵师都桂花,162565,5星,火,攻击型,icons/C5f_052.png,,,,,,,,,,,,,,,,,对目标造成114（752）自动攻击伤害,对1名敌人（优先：火属性）造成506（3070）伤害和500（1032）无视防御伤害。在副本中，赋予自身穿透【无视20（50.4）%敌人防御力】，持15秒,对2名敌人（优先：火属性）造成3130伤害和1032无视防御伤害。赋予自身攻击力+60.4%，持续2回合。在副本中，赋予自身穿透（无视50.4%敌人防御力），持2回合,对4名敌人（优先：火属性）造成1063（4735）伤害，造成中毒【每当目标行动时，造成400（1344）伤害，并且目标在受到伤害时遭到加成伤害】，持续2回合,对5名敌人（优先：火属性）造成4935伤害，造成中毒（每当目标行动时，造成1544伤害，并且目标在受到伤害时遭到加成伤害），持续2回合,对4名敌人造成2711（8683）伤害（优先：最低HP）,对全体敌人造成9343伤害,水属性盟友攻击力+20%秒（在副本中，水属性盟友冷却时间-2秒）,樱幼,memorial+wiki,cn
M5-053,53,激情的爱染明王,,激情的爱染明王,162564,5星,火,干扰型,icons/C5f_053.png,2240,2083,1076,828,806,947,2083,1076,828,806,947,,,,,,对目标造成103（694）自动攻击伤害,对1名敌人（优先：攻击型）造成405（2609）伤害，减益持续时间+30（65.4）%，持续8秒,对2名敌人（优先：攻击型）造成2634伤害，减益持续时间+70.4%，持续8秒,对2名敌人（优先∶攻击型）造成720（4064）伤害，有60（80.7）%的机率造成重击（晕眩及skill伤害防御力-15%），持续5秒，以及持续伤害+100（308），持续14秒,对3名敌人（优先∶攻击型）造成4164伤害，有80.7%的机率造成重击（晕眩及skill伤害防御力-15%），持续5秒，以及持续伤害+358，持续14秒,对3名敌人（优先：有增益）造成2128（7328）伤害，有70%的机率造成重击（量眩及skill伤害防御力-15%），持续5秒，并移除1个增益,对3名敌人（优先：有增益）造成7658伤害，有75%的机率造成重击（量眩及skill伤害防御力-15%），持续5秒，并移除1个增益,对全体敌人造成+300持续伤害,上间江挚,memorial+wiki,cn
M5-054,54,仁慈的罗莎娜,,仁慈的罗莎娜,160172,5星,水,辅助型,avatars/160172.png,,,,,,,,,,,,,,,,,对目标造成101（689）自动攻击伤害,造成398（2567）伤害，有70（90.1）%的几率为3名有着水球效果的盟友移除水球,造成2592伤害，有95.1%的几率无效化3名盟友的水球（优先：具有水球效果），持续8秒,造成735（4035）伤害，赋予5名木属性盟友（最高攻击力）57（120.9）%的双刃剑（攻击力上升与防力下降），持续16秒。封象为世界王时，5名木属性盟友（最高攻击力）SS冷却时间-2秒，持续16秒,造成4135伤害，赋予5名木属性盟友（最高攻击力）145.9%的双刃剑（攻击力上升与防力下降），持续2回合。封象为世界王时，5名木属性盟友（最高攻击力）SS冷却时间-2秒，持续2回合,对随机3名敌人造成1894（6916）伤害，3名木属性盟友（攻击型）的TS最终伤害+80%，持续20秒。对象为世界王时，赋予3名木属性盟友（攻击型）攻击态势（只有拥有此增益的child能在Fever模式中使用Fever攻击）,对随机3名敌人造成7246伤害，3名木属性盟友（攻击型）的TS最终伤害+90%，持续20秒。对象为世界王时，赋予3名木属性盟友（攻击型）攻击态势（只有拥有此增益的child能在Fever模式中使用Fever攻击）,木属性盟友的攻击力+18%（若对象为世界王，则木属性盟友攻击力+22%）,三宅麻理惠,memorial+wiki,cn
M5-055,55,荣光的梅西耶,,荣光的梅西耶,160173,5星,水,治疗型,avatars/160173.png,2239,2232,923,1076,888,678,2232,923,1076,888,678,,,,,,对目标造成96（663）自动攻击伤害,造成343（2351）伤害，为2名水属性队友回复553（1620）HP,造成2351伤害，为3名水属性队友回复1720HP,赋予3名盟友（最低HP）屏障（在HP受影响前，吸收+1800（2560）所有敌方攻击伤害，无法与减益屏障同时启用），持16秒，并为3名盟友持续回复192（436）HP（每2秒1次）。在PvP，让2名盟友（最高HP）获得生命连接【将受到的20（50.5）%伤害转化为回复2名盟友（最低HP）】，持14秒,赋予3名盟友（最低HP）屏障（在HP受影响前，吸收+2860所有敌方攻击伤害，无法与减益屏障同时启用），持16秒，并为3名盟友持续回复486HP（每2秒1次）。在PvP，让2名盟友（最高HP）获得生命连接【将受到的55.5%伤害转化为回复2名盟友（最低HP）】，持14秒,对随机2名敌人造成1609（6103）伤害，为3名盟友回复1953（2585）HP（最低HP）,对随机2名敌人造成6103伤害，为3名盟友回复2585HP（最低HP）,为水属性盟友回复+20%,壹岐绍未,memorial+wiki,cn
M5-056,56,回归的沃丹,,回归的沃丹,160153,5星,光,辅助型,avatars/160153.png,,,,,,,,,,,,,,,,,对目标造成102（690）自动攻击伤害（自动）,造成401（2578）伤害。在副本中，有60（85）%的机率结束2名冷却中盟友的冷却时间,造成2603伤害。在副本中，有90%的机率结束3名冷却中盟友的冷却时间,对随机2名敌人造成749（4057）伤害，赋予3名光属性盟友（最高攻击力）Skill量表充能速度+45（75.4）%及Skill冷却时间-2秒，持续2回合。在副本中，3名光属性盟友（最高攻击力）的Slide Skill最终伤害+75（115.1）%,对随机2名敌人造成4157伤害，赋予3名光属性盟友（最高攻击力）Skill量表充能速度+85.4%及Skill冷却时间-2秒，持续2回合。在副本中，3名光属性盟友（最高攻击力）的Slide Skill最终伤害+130.1%,对随机3名敌人造成1924（6970）伤害，有90%的机率结束3名冷却中盟友的冷却时间。在副本中，有90%的机率充满3名盟友正在充能的Skill量表（自身除外）,对随机3名敌人造成7300伤害，有95%的机率结束3名冷却中盟友的冷却时间。在副本中，有90%的机率充满3名盟友正在充能的Skill量表（自身除外）,赋予光属性盟友Skill量表充能速度+20%（在副本中，光属性盟友Skill冷却时间-1秒）,小见川千明,memorial+wiki,cn
M5-057,57,徽的赛特,,,,5星,,防御型,avatars_wiki/dcj_83672.png,2244,2496,828,1227,624,678,2496,828,1227,624,678,,,,,,,,,,,,,,寺岛太,memorial,dcj
M5-058,58,苛刻的姬瓦,,苛刻的姬瓦,157045,5星,火,干扰型,avatars/157045.png,,,,,,,,,,,,,,,,,对目标造成103（694）自动攻击伤害（自动）,对1名敌人造成405（2609）伤害，有75（80.5）%的机率移除1个增益，并有70（92.8）%的机率造成冰冻（Skill量表充能量减少，持续伤害减益伤害增加），持续8秒,对2名敌人造成2634伤害，有80.5%的机率移除2个增益，并有92.8%的机率造成冰冻（Skill量表充能量减少，持续伤害减益伤害增加），持续10秒,对2名敌人（最低HP）造成720（4064）伤害，造成永炎【每2秒造成200（652）持续伤害，如果目标死亡，减益会转移到另一个敌人身 上（最多1次），无法移除、缩减或延长减益效果】，及保护增益爆发（移除最后施加的保护增益，并以x400（801）系数造成基于该效果的伤害），持续12秒。Pvp中，对2名敌人（最低HP）造成增益爆发（移除最后施加的增益，并以x400（ 801）系数造成基于该效果的伤害）,对3名敌人（最低HP）造成4164伤害，造成永炎【每2秒造成802持续伤害，如果目标死亡，减益会转移到另一个敌人身 上（最多1次），无法移除、缩减或延长减益效果】，及保护 增益爆发（移除最后施加的保护增益，并以x801系数造成 基于该效果的伤害），持续12秒。Pvp中，对3名敌人（最低 HP）造成增益爆发（移除最后施加的增益，并以x 801系数造成基于该效果的伤害）,对3名敌人造成2128（7328）伤害（优先：最高攻击力），造成永炎【每2秒造成600持续伤害，如果目标死亡，减益会转移到 另一个敌人身上（最多1次），无法移除、缩减或延长减益效 果】，持续14秒，及有90%的机率造成冰冻（Skill量表充能 量减少，持续伤害减益伤害增加），持续16秒,对3名敌人造成7658伤害（优先：最高攻击力），造成永炎（ 每2秒造成600持续伤害，如果目标死亡，减益会转移到另一个敌人身上（最多1次），无法移除、缩减或延长减益效果），持续14秒，及有95%的机率造成冰冻（Skill量表充能 量减少，持续伤害减益伤害增加），持续16秒,全体敌人增益效果时间缩减-10%（在pvp中，增加-10%）,东城日沙子,memorial+wiki,cn
M5-059,59,梦想狗狗拉西,,梦想狗狗拉西,157043,5星,光,攻击型,avatars/157043.png,2248,1774,1353,678,752,811,1774,1353,678,752,811,,,,,,对目标造成114（751）自动攻击伤害（自动）,对1名敌人造成502（3062）伤害（优先：最低HP），有70（92.8）%的机率赋予自身无视反射，持续20秒。PVP中，有55（75）%的机率赋予自身专注（命中率↑与100%暴击率），持续20秒,对2名敌人造成3122伤害（优先：最低HP），有92.8%的机率赋予自身无视反射，持续20秒.PVP中，有85%的机率赋予自身专注（命中率↑与100%暴击率），持续20秒,对2名敌人造成1037（4705）伤害的2连击（优先：最低HP），造成800（1980）魔力伤害（加成伤害，增加暴击和弱点攻击时的伤害）。Pvp中，对增益的敌人造成增益爆发【移除最后施加的增益，并以x 300（701）系数造成基于该效果的伤害】,对3名敌人造成4905伤害的2连击（优先：最低HP），造成2980魔力伤害（加成伤害，增加暴击和弱点攻击时的伤害）。Pvp中，对增益的敌人造成增益爆发（移除最后施加的增益，并以x 801系数造成基于该效果的伤害）,对4名敌人造成2659（8615）伤害（优先：最低HP），对暗属性敌人造成350魔力伤害（加成伤害，增加暴击和弱点攻击时的伤害）,对全体敌人造成9275伤害，对暗属性敌人造成350魔力伤害（加成伤害，增加暴击和弱点攻击时的伤害）,赋予光属性盟友drive Skill最终伤害+15%（在PvP中，光属性盟友的Drive量表充能量+15%）,余原有,memorial+wiki,cn
M5-060,60,问题猫猫凯西,,问题猫猫凯西,157038,5星,木,干扰型,avatars/157038.png,,,,,,,,,,,,,,,,,对目标造成103（696）自动攻击伤害（自动）,对1名敌人造成407（2622）伤害（优先：辅助型），减益持续时间+30（65.4）%，持续8秒,对2名敌人造成2647伤害（优先：辅助型），减益持续时间+65.4%，持续10秒,对2名敌人造成723（4077）伤害（优先：辅助型），有60（82.8）%的机率造成沉默（无法使用技能并重设Skill量表），持续5秒。Pvp中，辅助型敌人ss冷却时间+2，持续12秒,对3名敌人造成4177伤害（优先：辅助型），有87.8%的机率造成沉默（无法使用技能并重设Skill量表），持续5秒。Pvp中，辅助型敌人ss冷却时间+2，持续12秒,对3名敌人造成2134（7359）伤害（优先：辅助型），并有80%的机率造成沉默（无法使用技能并重设Skill量表），持续5秒，且减益持续时间+40%，持续16秒,对3名敌人造成7689伤害（优先：辅助型），并有85%的机率造成沉默（无法使用技能并重设Skill量表），持续5秒，且减益持续时间+40%，持续16秒,全体敌人Skill量表充能速度-18%（在PVP中，辅助型敌人Skill量表充能速度-10%）,长方,memorial+wiki,cn
M5-061,61,问题猫猫凯西,问题猫猫凯西·木,问题猫猫凯西,,5星,木,干扰型,avatars/157038.png,2246,2083,1084,806,947,,2083,1084,806,947,,,,,,,,,,,,,,,长方,memorial,
M5-062,62,漆黑之影尤娜,,漆黑之影尤娜,157028,5星,木,辅助型,avatars/157028.png,,,,,,,,,,,,,,,,,对目标造成101（687）自动攻击伤害（自动）,对一个目标造成391（2550）伤害，并赋予1名盟友（优先：最高攻击力）暴击伤害+30（52.8）%，持续14秒,对一个目标造成2575伤害，并赋予1名盟友（优先：最高攻击力）暴击伤害+62.8%，持续2回合,对一个目标造成708（3999）伤害，并赋予3名木属性盟友（优先：最低HP）无效化（16秒后或是受到1次减益攻击后解除），赋）予屏障+1600（2049）（在HP受影响前，吸收所有敞方攻击伤害，无法与减益屏障同时启用），持续16秒，和副本中赋予1名木属性盟友（优先：最高攻击力）专注（增加命中率与100%暴击率），持续2回合,对一个目标造成4099伤害，并赋予3名木属性盟友（优先：最低HP）无效化（16秒后或是受到1次减益攻击后解除），赋）予屏障+2249（在HP受影响前，吸收所有敞方攻击伤害，无法与减益屏障同时启用），持续16秒，和副本中赋予1名木属性盟友（优先：最高攻击力）专注（增加命中率与100% 暴击率），持续3回合,对3名随机敌人造成1837（6819）伤害，并赋予3名木属性盟友（优先：最低HP）无效化（20秒后或是受到1次减益攻击后解除），和在副本中赋予1名木属性盟友（优先：最高攻击力）Skill最终伤害+120%，持续20秒,对3名随机敌人造成7149伤害，并赋予3名木属性盟友（优先：最低HP）无效化（20秒后或是受到1次减益攻击后解除），和在副本中赋予1名木属性盟友（优先：最高攻击力）Skill最终伤害+120%，持续3回合,木属性盟友暴击伤害+15%（副本期间：暴击伤害追加+30%）,海保?力,memorial+wiki,cn
M5-063,63,追击者库巴巴,,追击者库巴巴,157025,5星,水,干扰型,avatars/157025.png,2249,2078,1076,846,811,947,2078,1076,846,811,947,,,,,,对目标造成103（694）自动攻击伤害（自动）,对1名敌人造成405（2609）伤害（优先：最低HP），Skill量表-30%（-61.1％）,对2名敌人造成2634伤害（优先：最低HP），Skill量表-66.1%,对2名敌人造成721（4066）伤害（优先：充能skill中），造成腐败（每次目标收到时间系增益时造成1500（1854）伤害），持续20秒。PvP中，敌人的skill量表-35%（66.1%）,对3名敌人造成4166伤害（优先：充能skill中），造成腐败（每次目标收到时间系增益时造成2854伤害），持续20秒。PvP中，敌人的skill量表-66.1%,对3名敌人造成2129（7333）伤害（优先：最低HP），造成腐败（每次目标收到时间系增益时造成1800伤害），持续20秒，且有90%的机率重置Skill量表,对3名敌人造成7663伤害（优先：最低HP），造成腐败（每次目标收到时间系增益时造成2800伤害），持续20秒，且有90%的机率重置Skill量表,全体敌人的Skill量表充能量-18%,清水彩香,memorial+wiki,cn
M5-064,64,赫克特,赫克特,魅惑的赫克特,,5星,,,avatars/155211.png,,,,,,,,,,,,,,,,,,,,,,,,,长谷川玲奈,memorial,
M5-065,65,指挥官阿提蜜西亚,,指挥官阿提蜜西亚,155213,5星,火,辅助型,avatars/155213.png,2245,2259,1041,846,776,892,2259,1041,846,776,892,,,,,,对目标造成101（687）自动攻击伤害（自动）,对1名敌人(最低HP)造成396（2555）伤害，造成流血【每2秒100（204）持续伤害】，持续12秒。Pvp中，赋予2名火属性盟友skill量表充能速度+45% （75.4％），持续16秒,对2名敌人(最低HP)造成2580伤害，造成流血(每2秒204持续伤害)，持续12秒。Pvp中，赋予3名火属性盟友量（最高攻击力）skill量表充能速度+75.4%，持续16秒,对随机2名敌人(优先：流血中)造成733（4024）伤害，并有56%（95％）机率赋予自身以外的3名火属性盟友不死(HP不会低于1)，持续14秒，及Skill冷却时间-2秒，持续2回合,对随机2名敌人(优先:流血中)造成4124伤害，有82.8% 机率对流血的目标造成晕眩(受到攻击时量眩1秒， 以5秒为上限)，持续4秒，并有100%机率赋予自身以外的3名火属性盟友不死(HP不会低于1)，持续14秒，及Skill冷却时间-2秒，持续2回合,对3名敌人(优先:流血中)造成1887（6874）伤害，流血(每2秒300 持续伤害)，持续14秒，并赋予3名有减益的盟友狂暴(攻击力+50%且无敌，但效果结束时， 有100%机率造成5秒晕眩)，持续8秒,对3名敌人(优先:流血中)造成7149伤害，流血(每2秒300 持续伤害)，持续14秒，并赋予3名有减益的盟友狂暴(攻击力+50%且无敌，但效果结束时，有100%机率造成5秒晕眩)，持续10秒,赋予火属性盟友Skill量表充能速度+18%(在PvP中，Skill冷却时间-1),桥本结,memorial+wiki,cn
M5-066,66,天真的赛奥法诺,,天真的赛奥法诺,155214,5星,水,辅助型,avatars/155214.png,,,,,,,,,,,,,,,,,对目标造成101（687）自动攻击伤害,对目标造成396（2555）伤害1次减少持续伤害：12秒内，3名盟友（低HP）前排优先-17（39.8）%完全充能：1名水属性盟友（20人巨型BOSS，高攻击力）60（90.4）%几率,对目标造成2580伤害1次 减少持续伤害：12秒内，4名盟友（低HP）前排优先-44.8% 完全充能：2名水属性盟友（20人巨型BOSS，高攻击力）95.4%几率,对目标造成732（4021）伤害1次skill充能加速：2回合内，3名水属性盟友+45（83）%drive充能↑：2回合内，3名水属性盟友（20人巨型BOSS）+10（62.1）%,对目标造成4121伤害1次 skill充能加速：3回合内，3名水属性盟友+83% drive充能↑：3回合内，5名水属性盟友（20人巨型BOSS）+62.1%drive skill量表：3名水属性盟友（20人巨型BOSS）+125,对3名敌人（随机）造成1888（6879）伤害1次drive skill量表：3名水属性盟友+150专注：2回合内，3名水属性盟友（20人巨型BOSS，高攻击力）100%几率,对3名敌人（随机）造成7209伤害1次 drive skill量表：3名水属性盟友+150 专注：3回合内，3名水属性盟友（20人巨型BOSS，高攻击力）100%几率,drive充能↑：永远套用所有水属性盟友+12%drive充能↑：永远套用所有水属性盟友（20人巨型BOSS）+8%,古谷静佳,memorial+wiki,cn
M5-067,67,榴弹怀特,榴弹特,榴弹怀特,,5星,火,干扰型,avatars/155215.png,2235,2073,1076,828,796,947,2073,1076,828,796,947,,,,,,,,,,,,,,浅井清己,memorial,cn
M5-068,68,可爱的布拉达曼特,,可爱的布拉达曼特,152938,5星,光,干扰型,avatars/152938.png,,,,,,,,,,,,,,,,,对目标造成102（629）自动攻击伤害(自动),对1名敌人造成400（2590）伤害(优先: Skill量表充能中)，Skill量表-30%（-61.1%）,对2名敌人造成2615伤害(优先: Skil呈表充能中)，Skill 量表-66.1%,对2名敌人造成704（4031）伤害(优先:防御型)，Sill量表充能量-35%（-55%），持续12秒，及Skill量表-35%（-55%），在PvP中，敌人的防御力-35%（-55%），持续12秒,对3名敌人造成4131伤害(优先:防御型)，Skill量表充能 量-60%，持续12秒，及Skill量表-60%，在PvP中，敌人 的防御力-60%，持续12秒,对3名敌人(优先:最高防御力)造成2093（7243）伤害，有80%的机率造成睡眠(无法行动且防御力降为0 ;效果会在受到技能攻击时移除(除自动攻击和含有自动攻击的技能))，持续8秒，及感电(650持续伤害，受到攻击时，对1名随机盟友造成20%加成伤害，且有机会降低Skill量表)，持续12秒,对3名敌人(优先:最高防御力)造成7573伤害，有85%的 机率造成睡眠(无法行动且防御力降为0 ;效果会在受到技 能攻击时移除(除自动攻击和含有自动攻击的技能))，持结 8秒，及感电(650持伤害，受到攻击时，对1名随机盟友 造成20%加成伤害，且有机会降低Skill量表)，持续12秒,防御型敌人的Skil量表充能量18%(PvP中追加-10%),吉国麻耶,memorial+wiki,cn
M5-069,69,顽强的莫平,,顽强的莫平,152939,5星,火,防御型,avatars/152939.png,2234,2488,825,1219,619,676,2488,825,1219,619,676,,,,,,对目标造成93（643）自动攻击伤害（自动）,造成324（2206）伤害，2名盟友（最低HP）防御力+45%（+61.6%），持续12秒,"造成2231伤害，3名盟友(最低HP)防御力+68.6% ,持续12秒",对1名随机敌人造成618（3395）伤害，有90%的几率赋予自身减益挑衅（代替盟友承受2个减益），持续12秒，及5名火属性盟友的回避率+25%（+41.6%），持续12秒。PvP中，5名火属性盟友的减益回避率+15%（45.5%），持续12秒,对1名随机敌人造成3695伤害，有90%的机率赋予自身减益挑衅(代替盟友承受2个减益)，持续12秒，及5名火属性盟友迥避率+41.6%， 持续16秒。PvP中， 5名火属性盟友的减益回避率+50.5%，持续16秒,对2名随机敌人造成1561（5495）伤害，有98%的概率赋予减益挑衅（代替盟友承受2个减益），持续15秒，及自身减益无效，持续5秒,对2名随机敌人造成5825伤害，有98%的机率赋予减益挑衅(代替盟友承受2个减益)，持续15秒，及自身减益无效，持续7秒,火属性盟友减益回避率+18%（PvP中，火属性盟友减益回避率+10%）,都丸专上,memorial+wiki,cn
M5-070,70,失乐园夏娃,,失乐园夏娃,153064,5星,光,攻击型,avatars/153064.png,,,,,,,,,,,,,,,,,对目标造成114（753）自动攻击伤害（自动）,对1名敌人（优先：干扰型）造成503（3076）伤害，对光属性目标造成430（935）加成伤害。,对2名敌人（优先：干扰型）造成3136伤害，对光属性目标造成1235加成伤害。,对随机2名敌人造成1015（4696）伤害的2连击，及480（1296）无视防御伤害，并对光属性敌人造成650（1106）加成伤害。于副本时，自身获得沉默减益回避率+60%（91.8%），持续14秒。,对随机3名敌人造成4896伤害的2连击，及1496无视防御伤害，并对光属性敌人造成1306加成伤害。于副本时，自身获得沉默减益回避率+96.8%，持续14秒。,对随机4名敌人造成2718（8711）伤害，自身攻击力+50%（70%），持续2回合,对随机4名敌人造成9371伤害，自身攻击力+70%，持续2回合,暗属性盟友的攻击力+20%（副本中追加+20%攻击力）,石川由依,memorial+wiki,cn
M5-071,71,失乐园夏娃,失乐园夏娃·71,失乐园夏娃,,5星,,,avatars/153064.png,2263,1777,1363,691,752,812,1777,1363,691,752,812,,,,,,,,,,,,,,石川由依,memorial,
M5-072,72,洛基,,洛基,153058,5星,光,干扰型,avatars/153058.png,,,,,,,,,,,,,,,,,对目标造成103（696）自动攻击伤害（自动）,对1名敌人（优先：最低HP）造成407（2622）伤害，有70%（95.6%）机率造成禁止回复（特定效果除外），持续12秒,对2名敌人（优先：最低HP）造成2647伤害，有95.6%机率造成禁止回复（特定效果除外），持续14秒,对随机3名敌人造成723（2898）伤害，造成伤害共振（对最多2名目标为最低HP的敌人造成对目标所造成的13%（33%）伤害），持续12秒，及撕裂（500（800）伤害，对有持续伤害减益的目标造成加成伤害），2次,对全体敌人造成2948伤害，造成伤害共振（对最多2名目标为最低HP的敌人造成对目标所造成的33%伤害），持续12秒，及撕裂（980伤害，对有持续伤害减益的目标造成加成伤害），2次,有100%的机率对3名敌人（优先：最低HP）造成禁止回复（特定效果除外），持续18秒，并依目标上的每个减益造成500加成伤害（最多4）,有100%的机率对3名敌人（优先：最低HP）造成禁止回复（特定效果除外），持续18秒，并依目标上的每个减益造成600加成伤害（最多4）,全体敌人的防御力-18%,绪方惠美,memorial+wiki,cn
M5-073,73,奇幻之梦丽莎,奇幻之萝丽莎,奇幻之梦丽莎,,5星,,干扰型,avatars/151949.png,2237,2073,1076,828,806,945,2073,1076,828,806,945,,,,,,,,,,,,,,饭田里穗,memorial,cn
M5-074,74,完美的莫娜,,完美的莫娜,151945,5星,木,治疗型,avatars/151945.png,,,,,,,,,,,,,,,,,对目标造成96（662）自动攻击伤害,为2名盟友（最低HP）回复403（1468）HP，如果目标受到减益，赋予屏障【在HP受影前，吸收+950（1558）所有敌方攻击伤害，无法与减益屏障同时启用】，持10秒,为2名盟友（最低HP）回复1568HP，如果目标受到减益，赋予屏障（在HP受影前，吸收+1858所有敌方攻击伤害，无法与减益屏障同时启用），持10秒,赋予3名盟友（最低HP）忍耐（在经过14秒，或受到4次攻击后栘除），如果目标为防御型，赋予秘愈【每次单位行动或受到攻击时，回复自身600（1207）HP】，持续14秒,赋予3名盟友（最低HP）忍耐（在经过14秒，或受到4次攻击后栘除），赋予秘愈（每次单位行动或受到攻击时，回复自身1207HP），持续16秒,对2名随机敌人造成1607（6094）伤害，赋予4名盟友（最低HP）忍耐（在经过15秒，或受到3次攻击后移除），并回复1953（2583）HP,对2名随机敌人造成6094伤害，赋予5名盟友（最低HP）忍耐（在经过15秒，或受到3次攻击后移除），并为4名盟友回复2583HP,木属性队友的回复量+18%,,memorial+wiki,cn
M5-075,75,满盈的艾芙,,满盈的艾芙,151630,5星,光,治疗型,avatars/151630.png,8,2232,920,1076,892,678,2232,920,1076,892,678,,,,,,对目标造成96（662）自动攻击伤害,造成342（2347）伤害，所有光属性盟友的回复量+30（52.1）%，持续20秒,造成2347伤害，所有盟友的回复量+57.1%，持续20秒,回复全体盟友1261（2757）HP。在PVP中，赋予2名光属性盟友无敌（无视所有攻击和减益效果，14秒后或是受到2次攻击后消失）,回复全体盟友2757HP。赋予2名光属性盟友无敌（无视所有攻击和减益效果，14秒后或是受到3次攻击后消失）,为3名盟友回复2253（2883）HP（优先：最低HP）。在PvP中，3名光属性盟友持续回复322（414）HP，持续16秒,为3名盟友回复2883HP（优先：最低HP）。在PvP中，3名盟友（优先：最低HP）持续回复414HP，持续16秒,自身以外的所有盟友获得起死回生（复活，仅限一次，第一个阵亡的盟友，并回复50%HP）。在PvP中：盟友的回复量+15%,井泽美香子,memorial+wiki,cn
M5-076,76,低语的梅提斯,,低语的梅提斯,151213,5星,火,攻击型,avatars/151213.png,,,,,,,,,,,,,,,,,对目标造成114（752）自动攻击伤害,造成498（3063）伤害。对象为世界王时，增加自身Skill伤害+65（90.6）%，持续2回合,造成3123伤害。对象为世界王时，增加自身Skill伤害+95.6%，持续3回合,对3名敌人（优先：木属性）造成832（180%)/5368(227.2%)伤害。对象为世界王时，对木属性敌人造成2200（3305）无视防御伤害,对3名敌人（优先：木属性）造成5558(235.2%)伤害。对木属性敌人造成3905无视防御伤害,对全体敌人造成2660（8620）伤害,对全体敌人造成9280伤害，对木属性敌人造成1300无视防御伤害,火属性盟友的攻击力+18%（若对象为世界王，则火属性盟友攻击力+22%）,田村帅力,memorial+wiki,cn
M5-077,77,平静的奈芙蒂斯,,平静的奈芙蒂斯,151211,5星,木,防御型,avatars/151211.png,2230,2488,825,1216,619,667,2488,825,1216,619,667,,,,,,对目标造成93（643）自动攻击伤害,造成32（2205）伤害，有60（85.6）%的机率为2名有着持续伤害减益的盟友移除持续伤害,造成2230伤害，有90.6%的机率为3名有着持续伤害减益的盟友移除持续伤害,造成593（3570）伤害，赋予全体盟友屏障【在HP受影响前，从所有敌方攻击吸收+1600（2360）伤害，无法与减益屏障同时启用】，并赋予5名木属性盟友适应痛苦【防御力+20（36.6）%，随着盟友失去HP而额外提升防御力】，持续14秒,造成3670伤害，赋予全体盟友屏障【在HP受影响前，从所有敌方攻击吸收+2660伤害，无法与减益屏障同时启用】，并赋予5名木属性盟友适应痛苦（防御力+41.6%，随着盟友失去HP而额外提升防御力），持续14秒,对随机2名敌人造成1509（5430）伤害，’赋予5名木属性盟友所有Skill防御力+40%，持续20秒,对随机2名敌人造成5760伤害，’赋予5名木属性盟友所有Skill防御力+50%，持续20秒,木属性队友的防御力+20%,柴田芽衣,memorial+wiki,cn
M5-078,78,仪式之剑罗宾,机式之剑罹宾,仪式之剑罗宾,,5星,,,avatars/96760.png,,,,,,,,,,,,,,,,,,,,,,,,,桑原由気,memorial,
M5-079,79,诱惑的雷亚西尔维亚,,诱惑的雷亚西尔维亚,96759,5星,暗,干扰型,avatars/96759.png,2220,2073,1062,825,788,945,2073,1062,825,788,945,,,,,,对目标造成102（691）自动攻击伤害,对1名敌人（最低HP）造成398（2584）伤害，有74（99.6）%的机率赋予标记（队友会集中攻击被标记的敌人。但挑衅优先），持12秒，并有75（95.1）%的机率移除1个增益,对1名敌人（最低HP）造成2609伤害，有104.6%的机率赋予标记（队友会集中攻击被标记的敌人。但挑衅优先），持12秒，并有95.1%的机率移除增益（最多2个）,对2名敌人（优先：受到减益）造成690（4011）伤害，增加+23（46.6）%减益持时间（根据目前剩余的持续时间），持续12秒，造成分解【每2秒造成210（800）持续伤害，无法缩减或延长减益效果】，持续14秒,对3名敌人（优先：受到减益）造成4111伤害，增加+46.6%减益持时间（根据目前剩余的持续时间），持续12秒，造成分解（每2秒造成950持续伤害，无法缩减或延长减益效果），持续14秒,对3名敌人（最高攻击力）造成2065（7194）伤害，造成分解（每2秒造成600持续伤害，无法缩减或延长减益效果），持续14秒，并有80%的机率造成混乱，持续10秒,对3名敌人（最高攻击力）造成7524伤害，造成分解（每2秒造成800持续伤害，无法缩减或延长减益效果），持续14秒，并有80%的机率造成混乱，持续10秒,全体敌人减益持续时间+12%（在PvP中增加+15%减益持续时间）,禹中贵子,memorial+wiki,cn
M5-080,80,壮丽的阿罗汉,,壮丽的阿罗汉,96276,5星,水,辅助型,avatars/96276.png,,,,,,,,,,,,,,,,,对目标造成101（687）自动攻击伤害,对一名目标造成396（2555）伤害，且2名盟友（优先：攻击型）Skill量表充能速度+30（60.4）%，持续16秒,对一名目标造成2580伤害，且2名盟友（优先：攻击型）Skill量表充能速度+75.4%，持续2回合,成733（4024）伤害，3名水属性盟友（最高攻击力）的Skill最终伤害+35（100）%，持续16秒。在副本中，有70（90.1）%的机率赋予支援（弱点Skill伤害+15%，依目前增益数量的比例增加攻击力）,成4124伤害，3名水属性盟友（最高攻击力）的Skill最终伤害+125%，持续2回合。在副本中，有95.1%的机率赋予支援（弱点Skill伤害+15%，依目前增益数量的比例增加攻击力）,对随机3名敌人造成1889（6887）伤害，最多5名水属性盟友的Drive量表+150,对随机3名敌人造成7217伤害，最多5名水属性盟友的Drive量表+150，和3名辅助型盟友Skill量表充能量+80%，持3回合,水属性盟友的Skill量表充能量+18%（副本中：追加+20%）,南条爱乃,memorial+wiki,cn
M5-081,81,驱魔师阿罗汉,,驱魔师阿罗汉,78340,5星,水,辅助型,avatars/78340.png,2249,2262,1041,846,776,904,2262,1041,846,776,904,,,,,,对目标造成114（751）自动攻击伤害,对1名敌人(优先:光属性)造成500（3060）伤害，对光属性敌人造成400（905）加成伤害,对2名敌人(优先:光属性)造成3120伤害，对光属性敌人造成1005加成伤害,对1名敌人造成1011（4675）伤害的3连击，和400（1603）加成伤害(优先：光属性)。在PvP中，有65（87.8）%的机率造成石化(10秒内无法行动，除非受到2次攻击）,对1名敌人造成4875伤害的4连击，和1753加成伤害(优先：光属性)。在PvP中，有92.8%的机率造成石化(10秒内无法行动，除非受到2次攻击）,对全体敌人(优先:最高攻击力)造成2606（8540）伤害，有80%的机率对2名敌人(优先:光属性)造成石化(15秒内无法行动，除非受到2次攻击）,对全体敌人(优先:最高攻击力)造成9200伤害，有80%的机率对2名敌人(优先:光属性)造成石化(15秒内无法行动，除非受到3次攻击）,暗属性队友的暴击率+20%,南条爱乃,memorial+wiki,cn
M5-082,82,吞噬的使者之杖,,吞噬的使者之杖,96275,5星,火,攻击型,avatars/96275.png,,,,,,,,,,,,,,,,,对目标造成114（752）自动攻击伤害,对1名人（优先：木属性）成498（3063）害，有70（90.1）%的几率赋予自身无视反射，持续15秒,对3名人（优先：木属性）成3123伤害，有90.1%的几率赋予自身无视反射，持续2回合,对3名敌人（优先：受到减益）造成988（4660）伤害，如果目标有减益，造成1200（3003）固定伤害，并造成减益爆发（移除第1个减益，并以x400（704）的系数造成与该效果相关的伤害）,对4名敌人（优先：受到减益）造成4860伤害，如果目标有减益，造成3003固定伤害，并造成减益爆发（移除第1个减益，并以x904的系数造成与该效果相关的伤害）,对随机4名敌人造成2661（8628）伤害，对2名敌人造成1500固定伤害（优先：最低HP）,对全体敌人造成9288伤害，对2名敌人（优先：最低HP）造成1500固定伤害,火属性队友的SS最终伤害+18%,水漱郁,memorial+wiki,cn
M5-083,83,掠夺者格莉拉,,掠夺者格莉拉,94889,5星,木,辅助型,avatars/94889.png,2272,2270,1062,848,784,913,2270,1062,848,784,913,,,,,,对目标造成102（691）自动攻击伤害,对1名目标造成401（2588）伤害，并有60（85.6）%的机率为2名盟友（优先：受到时间系减益）移除时间系减益,对1名目标造成2613伤害，并有90.6%的机率为3名盟友（优先：受到时间系减益）移除时间系减益,对随机2名敌人造成727（4047）伤害，5名木属性盟友（优先：最高攻击力）skill伤害+35（100）%，持续16秒，对象为世界王时，有75（95.1）%的机率对5名木属性盟友（优先：最高攻击力）造成时间扭曲（移除目标全部的时间系减益，Skill量表充能速度+40%，持续16秒,对随机2名敌人造成4147伤害，5名木属性盟友（优先：最高攻击力）skill伤害+125%，持续2回合，对象为世界王时，有95.1%的机率对5名木属性盟友（优先：最高攻击力）造成时间扭曲（移除目标全部的时间系减益，Skill量表充能速度+40%，持续2回合,对随机3名敌人造成1882（6962）伤害及攻击力+70%，持续2回合，并赋予5名木属性盟友（优先：最高攻击力）无效效果，持续5秒,对随机3名敌人造成7292伤害及攻击力+70%，持续3回合，并赋予5名木属性盟友（优先：最高攻击力）无效效果，持续5秒,木属性盟友的攻击力+20%（对象为世界王时，木性盟友的冷却时间-1秒,牧野天音,memorial+wiki,cn
M5-084,84,极地的珀皮塔,,极地的珀皮塔,94888,5星,水,攻击型,avatars/94888.png,,,,,,,,,,,,,,,,,对目标造成114（754）自动攻击伤害（自动）,对1名敌人（优先：水属性）造成510（3091）伤害，200（1305）加成伤害，赋予自身反击姿态【无视敌人的反射与+13（40.6）%Skill伤害。最大叠加：3】，持续16秒，及在PvE中，赋予自身无效化（10秒后或是受到1次减益攻击后解除）。,对2名敌人（优先：水属性）造成3151伤害，1305加成伤害，赋予自身反击姿态（无视敌人的反射与+40.6%Skill伤害。最大叠加：3），持续20秒，及在PvE中，赋予自身无效化（10秒后或是受到1次减益攻击后解除）。,对2名敌人（优先：最低HP）造成561/3992（120%/167.2%）伤害的2连击，800（1905）加成伤害，及增益爆发【移除1个增益，并以x300（701）的系数造成基于该效果种类的伤害】。PvP中，对1名干扰型敌人造成突围【依木属性盟友的数量（最多10名）造成250（803）加成伤害】,对2名敌人（优先：最低HP）造成4183（175.2%）伤害的3连击，1905加成伤害，及增益爆发【移除1个增益，并以x801的系数造成基于该效果种类的伤害】。PvP中，对1名干扰型敌人造成突围【依木属性盟友的数量（最多10名）造成803加成伤害】,对4名敌人（优先：最低HP）造成2823（8860）伤害，及700加成伤害。,对全体敌人造成9520伤害，及700加成伤害。,全体攻击型盟友攻击力+20%（在PVE中，全体攻击型盟友Skill伤害+20%，在PvP中，木属性盟友Skill充能量+20%）。,野口璃子,memorial+wiki,cn
M5-085,85,顿悟的妮可,,顿悟的妮可,94887,5星,水,干扰型,avatars/94887.png,2262,680,1084,846,812,963,680,1084,846,812,963,,,,,,对目标造成103（696）自动攻击伤害,对1名敌人造成407（2622）伤害（攻击型优先），并造成skill量表爆发【重置skill量表，并依删除的skill量表比例，造成500（1500）加成伤害】,对2名敌人造成2647伤害（攻击型优先），并造成skill量表爆发（重置skill量表，并依删除的skill量表比例，造成1105加成伤害）,对2名敌人造成723（4079）伤害（优先：skill量表充能中）和雪球炸弹【700（1700）伤害及在10秒内重置skill】，有70（92.8）%的概率造成冰冻（skill量表冲能量减少，持续伤害减益伤害增加），持续14秒，并在PVP中对2名敌人造成中毒【每当目标行动时，附加500（1444）伤害，并在受到伤害时附加加成伤害】，持续2回合,对3名敌人造成4179伤害（优先：skill量表充能中）和雪球炸弹（2200伤害及在10秒内重置skill），有92.8%的概率造成冰冻（skill量表冲能量减少，持续伤害减益伤害增加），持续14秒，并在PVP中对3名敌人造成中毒（每当目标行动时，附加1444伤害，并在受到伤害时附加加成伤害），持续2回合,对3名敌人造成2138（7384）伤害（优先：攻击型），skill量表爆发（重置skill量表，并依删除的skill量表比例，造成1500加成伤害），和雪球炸弹（1500伤害及在10秒内重置技能）,对3名敌人造成7714伤害（优先：攻击型），skill量表爆发（重置skill量表，并依删除的skill量表比例，造成2500加成伤害），和雪球炸弹（2000伤害及在10秒内重置技能）,全体敌人的SS冷却时间+1秒,小松未可子,memorial+wiki,cn
M5-086,86,无忧无虑的哪咤,无蔓无的哪咤,无忧无虑的哪咤,,5星,,,avatars/93898.png,,,,,,,,,,,,,,,,,,,,,,,,,森干早都,memorial,
M5-087,87,忠诚的仙娥,,忠诚的仙娥,93897,5星,光,防御型,avatars/93897.png,2230,2488,825,1216,619,667,2488,825,1216,619,667,,,,,,对目标造成93（643）自动攻击伤害,造成322（2205）伤害，赋予自身在内最多2名最低HP的盟友（如果自身的HP是最低的，将只赋予自身及1名盟友）屏障（在HP受影响前，吸收+1000（1608）所有敌方攻击伤害，无法与减益屏障同时启用），持续10秒,造成2230伤害，赋予自身在内最多3名最低HP的盟友（如果自身的HP是最低的，将只赋予自身及2名盟友）屏障（在HP受影响前，吸收+1908所有敌方攻击伤害，无法与减益屏障同时启用），持续10秒,造成606（3583）伤害，赋予自身挑衅（有90%的机率发动），持续12秒，且根据光属性盟友数量（最多10名），赋予自身在内最多2名最低HP的盟友（如果自身的HP是最低的，将只赋予自身及1名盟友）防御力增加11（17.2）%，持续12秒,造成3683伤害，赋予自身挑衅（有90%的机率发动），持续12秒，且根据光属性盟友数量（最多10名），赋予自身在内最多3名最低HP的盟友（如果自身的HP是最低的，将只赋予自身及2名盟友）防御力增加20.2%，持续12秒,对随机2名敌人造成1534（5457）伤害，赋予自身挑衅（有98%的机率发动），持16秒，5名光属性盟友防御力+50%，持续20秒,对随机2名敌人造成5787伤害，赋予自身挑衅（有98%的机率发动），持16秒，随机5名属性盟友防御力+50%，持续20秒,光属性队友的防御力+20%,井柚佳,memorial+wiki,cn
M5-088,88,誓言特蕾莎,,誓言特蕾莎,92652,5星,火,辅助型,avatars/92652.png,,,,,,,,,,,,,,,,,对目标造成101（689）自动攻击伤害,造成398（2567）伤害，有60（90.4）%的机率充满1名火性盟友的SkiIl量表（自身除外）,造成2592伤害，有90.4%的机率充满2名火性盟友的SkiIl量表（最高攻击力，自身除外）,对随机2名敌人造成735(4035)伤害，赋予3名火属性盟友（最高攻击力）Skill量表充能速度+45(75.4)%及弱点Skill最终伤害+50(115)%，持续2回合,对随机2名敌人造成4135伤害，赋予3名火属性盟友（最高攻击力）Skill量表充能速度+75.4%及弱点Skill最终伤害+130%，持续3回合。在副本中，盟友drive量表+62,对随机3名敌人造成1892（6902）伤害，赋予3名火属性盟友（最高攻击力）支援（弱点Skill伤害+15%，依目前增益数量的比例增加攻击力），持续3回合，并有80%的机率充满Skill量表（自身除外）,对随机3名敌人造成7177伤害，赋予3名火属性盟友（最高攻击力）支援（弱点Skill伤害+15%，依目前增益数量的比例增加攻击力），持续4回合，并有80%的机率充满Skill量表（自身除外）,火属性盟友的弱点Skill最终伤害+18%(副本期间：追加+20%）,代安梨,memorial+wiki,cn
M5-089,89,驱魔师米丽安,,驱魔师米丽安,92653,5星,木,攻击型,avatars/92653.png,2252,1777,1356,686,745,806,1777,1356,686,745,806,,,,,,对目标造成114（752）自动攻击伤害,对2名敌人（最低HP）造成498（3063）伤害，造成侵食【依目标减益数+1（最多4）的比例，每2秒受到30（120）持续伤害】，持续20秒。PVP中，有60（85.6）%的机率造成禁止回复,对3名敌人（最低HP）造成3123伤害，造成侵食【依目标减益数+1（最多4）的比例，每2秒受到220持续伤害】，持续20秒。PVP中，有85.6%的机率造成禁止回复,对1名敌人（优先：受到减益）造成987（4658）伤害的3连击，如果受到减益则造成400（1603）加成伤害，并依目标减益数+1（最多4）的比例造成375（1000）伤害,对1名敌人（优先：受到减益）造成4858伤害的4连击，1603加成伤害，对2名受到减益的敌人依目标减益数+1（最多4）的比例造成1000伤害,对随机4名敌人造成2659（8615）伤害，依目标减益数+1（最多4）的比例造成700伤害,对4名敌人（最低HP）造成9275伤害，依目标减益数+1（最多4）的比例造成700伤害,全体敌人受到持续伤害减益伤害+200,植田佳奈,memorial+wiki,cn
M5-090,90,开战娜塔莉丝,,开战娜塔莉丝,91784,5星,光,干扰型,avatars/91784.png,,,,,,,,,,,,,,,,,对目标造成103（694）自动攻击伤害,对随机2名敌人造成405（2609）伤害，有75（80.5）%的机率移除1个增益在PvP中，对随机2名敌人造成增益吸取【每吸取目标1个增益，盟友drive量表增加+50（63）】,对随机2名敌人（优先：最高攻击力）造成2634伤害，有80.5%的机率移除1个增益。在PvP中，对2名敌人（最高攻击力）造成增益吸取（每吸取目标1个增益，盟友drive量表增加+83）,对2名敌人（优先：最低HP）造成721（4066）伤害，造成保护增益爆发【移除最后施加的保护增益，并以x300（701）的系数造成基于该效果的伤害】，并有60（80.7）%的机率造成重击（晕眩且Skill伤害防御力-15%），持续5秒。在PvP中，对2名敌人（最低HP）造成乱舞之刃效果【防御力下降20%，且每2秒造成250（706）持续伤害】，持续14秒,对3名敌人（优先：最低HP）造成4166伤害，造成保护增益爆发（移除最后施加的保护增益，并以x701的系数造成基于该效果的伤害），并有80.7%的机率造成重击（晕眩且Skill伤害防御力-15%），持续6秒。 在PvP中，对3名敌人（最低HP）造成乱舞之刃效果(防御力下降20%，且每2秒造成706持续伤害)，持续14秒,对3名敌人（优先：最低HP）造成2133（7351）伤害，对敌人（优先：有增益）造成增益爆发（移除最后施加的增益，并以x650系数造成基于该效果的伤害），并有80%的机率造成诱惑（目标增益效果无效，除特定移除技能外无法移除），持续16秒,对3名敌人（优先：最低HP）造成7681伤害，对敌人（优先：有增益）造成增益爆发（移除最后施加的增益，并以x650系数造成基于该效果的伤害），并有80%的机率造成诱惑（目标增益效果无效，除特定移除技能外无法移除），持续16秒,在PVP忠，讲敌方队长增益无效化,平田真菜,memorial+wiki,cn
M5-091,91,开战娜塔莉丝,关戟娜塔莉丝,开战娜塔莉丝,,5星,光,干扰型,avatars_wiki/dcj_81036.png,2254,2083,1076,846,811,963,2083,1076,846,811,963,,,,,,,,,,,,,,平田真菜,memorial,dcj
M5-092,92,逆转提泰妮亚,,逆转提泰妮亚,90645,5星,光,攻击型,avatars/90645.png,,,,,,,,,,,,,,,,,对目标造成114（753）自动攻击伤害,对1名敌人（优先：暗属性）造成508（3081）伤害，对暗属性敌人造成430（935）加成伤害。在副本中，对敌人造成1200（2098）无视防御伤害,对1名敌人（优先：暗属性）造成3141伤害，对暗属性敌人造成1235加成伤害。在副本中，对敌人造成2098无视防御伤害,对2名敌人（优先∶辅助型）造成1065（4746）伤害的2连击，对辅助型敌人造成480（1296）无视防御伤害，及对暗属性敌人造成650（1106）加成伤害,对3名敌人（优先∶辅助型）造成4946伤害的2连击，对辅助型敌人造成1296无视防御伤害，及对暗属性敌人造成1256加成伤害,对随机1名敌人造成3674/20639(290%）伤害，赋予自身+80% TS最终伤害，持续20秒,对随机1名敌人造成22062(310%)伤害，赋予自身+90% TS最终伤害，持续20秒,光属性盟友的skill最终伤害+18%（在副本中：光属性盟友的Skill最终伤害+20%）,本多真梨子,memorial+wiki,cn
M5-093,93,铁匠赫菲斯托斯,,铁匠赫菲斯托斯,90646,5星,暗,辅助型,avatars/90646.png,2231,2259,1038,825,769,892,2259,1038,825,769,892,,,,,,对目标造成101（687）自动攻击伤害,造成391（2547）伤害，赋予2名盟友（优先：攻击型）减益回避率+15（28.8）%，持续10秒。在PVP中，使2名攻击型盟友Skill量表获得+18（40.8）%充能量,造成2572伤害，赋予2名盟友（优先：攻击型）减益回避率+373%，持续10秒。在PVP中，使2名攻击型盟友Skill量表获得+45.8%充能量,对随机2名敌人造成719（4004）伤害，赋予5名暗属性盟友屏障【在HP受影响前，吸收+1800（2249）所有敌方攻击伤害，无法与减益屏障同时启用】，持续16秒。在PVP中，无效化3名暗属性盟友的减益（14秒后或是受到1次减益攻击后消失）,对随机2名敌人造成4104伤害，赋予5名暗属性盟友屏障【在HP受影响前，吸收+2249所有敌方攻击伤害，无法与减益屏障同时启用】，持续16秒，并无效化3名暗属性盟友（最低HP）的减益（14秒后或是受到1次减益攻击后消失）,对随机3名敌人造成1858（6827）伤害，为3名暗属性盟友（自身除外）移除减益，且有80%的机率充满Skill量表,对随机3名敌人造成7157伤害，为3名暗属性盟友（最高攻击力，自身除外）移除减益，且有80%的机率充满Skill量表,暗属性队友的减益回避率+15%,大津爱理,memorial+wiki,cn
M5-094,94,迅速的莱玛,迅捷的莱玛,迅速的莱玛,,5星,,,avatars_wiki/dcj_81024.png,,,,,,,,,,,,,,,,,,,,,,,,,又吉爱,memorial,dcj
M5-095,95,追击者卡西亚,,追击者卡西亚,89315,5星,水,攻击型,avatars/89315.png,2252,1774,1353,686,752,811,1774,1353,686,752,811,,,,,,造成114（751）自动攻击伤害,造成497（3057）伤害。对象为世界王时，自身获得呐喊【攻击力+15（35.1）%，最多量加3次】，持续2回合,对随机2名敌人造成3117伤害。对象为世界王时，自身获得呐喊（攻击力+45.1%，最多量加3次），持续3回合,对随机3名敌人造成716/155%（4773/202.2%）伤害。对象为世界王时，对火属性敌人造成1900（3005）无视防御伤害,对随机3名敌人造成4962/210.2%伤害。若目标为火属性则造成3305无视防御伤害,对随机4名敌人造成2659（8615）伤害，若目标为火属性则造成800无视防御伤害,对随机4名敌人造成9275伤害，若目标为火属性则造成1300无视防御伤害,水属性盟友的SS伤害+15%（对象为世界王时，水属性盟友的SS冷却时间-1秒）,川崎芽衣子,memorial+wiki,cn
M5-096,96,掠夺者卡库斯,,掠夺者卡库斯,89314,5星,火,治疗型,avatars/89314.png,,,,,,,,,,,,,,,,,对目标造成96（661）自动攻击伤害,造成340（2335）伤害，2名盟友防御力+27（43.6）%（优先盟友：最低HP），持20秒,造成2335伤害，3名盟友防御力+43.6%（优先盟友：最低HP），持20秒,造成540（3707）伤害，回复1352（3221）HP，赋予3名盟友所有Skill伤害防御力+18（33.2）%（优先：最低HP），持续14秒,造成3707伤害，回复3221HP，赋予4名盟友所有Skill伤害防御力+33.2%（优先：最低HP），持续16秒,对随机2名敌人造成1601（6059）伤害，对3名盟友（优先：最低HP）回复1852（2477）HP，若有Skill防御力减益时16秒内持续回复322（413）HP,对随机2名敌人造成6059伤害，对4名盟友（优先：最低HP）回复2777HP，为3名有着skill防御力减益的盟友（最低HP）持续回复413HP，持续16秒,火属性队友的skill伤害防御力+15%,香坂去,memorial+wiki,cn
M5-097,97,回忆的欧洛拉,,回忆的欧洛拉,87904,5星,木,辅助型,avatars/87904.png,2259,1041,825,769,888,,1041,825,769,888,,,,,,,对目标造成101(687)自动攻击伤害,造成395（2554）伤害，有60（80.1）%的机率为2名有减益的盟友移除1项减益，及SS冷却时间-1秒。在副本中，2名盟友（最低攻击力）的Skill量表充能速度+30（60.4）%，持续10秒,造成2579伤害，有85.1%的机率为3名有减益的盟友移除1项减益，及SS冷却时间-1秒。在副本中，2名盟友（最低攻击力）的Skill量表充能速度+75.4%，持续10秒,造成719（4009）伤害，给予2名木属性盟友（最高攻击力）Skill量表充能速度+45（83）%，并有70（92.8）%的机率无视反射，持续16秒。在副本中，有70（90.1）%的机率赋予2名木属性盟友（最高攻击力）支持（弱点Skill伤害+15%，依目前增益数量的比例增加攻击力），持续16秒,造成4109伤害，给予3名木属性盟友（最高攻击力）Skill量表充能速度+88%，并有97.8%的机率无视反射，持续16秒。在副本中，有95.1%的机率赋予3名木属性盟友（最高攻击力）支持（弱点Skill伤害+15%，依目前增益数量的比例增加攻击力），持续16秒,对随机3名敌人造成1860（6834）伤害，有80%的机率让3名充能Skill中的盟友（自身除外）充满Skill量表，及最多5名木属性盟友的Drive量表+150,对随机3名敌人造成7164伤害，有80%的机率让5名充能Skill中的盟友（自身除外）充满Skill量表，及最多5名木属性盟友的Drive量表+150,木属性盟友的Skill量表充能速度+15%（在副本中：追加Skill表充能速度+20%）,尾崎禹香,memorial+wiki,cn
M5-098,98,吞食的普洛瑟罗,,吞食的普洛瑟罗,87905,5星,火,攻击型,avatars/87905.png,,,,,,,,,,,,,,,,,对目标造成114（751）自动攻击伤害,对1名敌人造成495（3055）伤害（最低HP），有75（95.8）%的机率赋予自身直击（无视目标的忍耐状态），持续15秒,对1名敌人造成3155伤害（最低HP），有95.8%的机率赋予自身直击（无视目标的忍耐状态），持续2回合,对1名敌人造成961（4625）伤害的3连击（优先：有保护增益），对火属性目标造成400（1603）加成伤害。PvP中，对敌人造成水球效果【被攻击时造成300（1300）伤害，如果被攻击2次或经过10秒钟，则移除效果并重置Skill量表】,对1名敌人造成4825伤害的4连击（优先：有保护增益），对火属性目标造成1603加成伤害。PvP中，对敌人造成水球效果（被攻击时造成1500伤害，如果被攻击2次或经过10秒钟，则移除效果并重置Skill量表）,对4名敌人造成2604（8529）伤害（最低HP）,对4名敌人造成9189伤害，并对有减益的敌人造成500加成伤害,水属性队友的攻击力+18%,真田书三,memorial+wiki,cn
M5-099,99,守护者米拉,,守护者米拉,86651,5星,火,攻击型,avatars/86651.png,2263,1787,1363,686,753,812,1787,1363,686,753,812,,,,,,对目标造成114（753）自动攻击伤害,对1名敌人（优先：受到减益）造成503（3076）伤害的3连击，如果受到减益，造成550（1055）加成伤害。在PVP中，对1名敌人（优先：受到减益）造成撕裂【若目标有持缯伤害减益则造成500（880）伤害与加成伤害】2次,对1名敌人（优先：受到减益）造成3136伤害的4连击，如果受到减益，造成1055加成伤害。在PVP中，自身获得吸血（攻击时回复239HP），持续16秒，对1名敌人（优先：受到减益）造成撕裂（若目标有持缯伤害减益则造成880伤害与加成伤害）3次,对3名敌人（优先∶最低HP）造成1015（4696）伤害，900（2703）加成伤害及900（2303）无视防御伤害。在PVP中，对3名敌人（优先：最低HP）造成流血【每2秒100（563）持续伤害】，持续16秒,对4名敌人（优先∶最低HP）造成4896伤害，2703加成伤害及2303无视防御伤害。在PVP中，对4名敌人（优先：最低HP）造成流血（每2秒713持续伤害），持续16秒,对全体敌人造成2717（8712）伤害，并对3名敌人（优先：最低HP）造成流血（每2秒造成600伤害），持续16秒,对全体敌人造成9372伤害，并对5名敌人（优先：最低HP）造成流血（每2秒造成600伤害），持续16秒,对全体敌人造成目标即将受到之持续伤害减益的+200伤害（在PVP中火属性盟友的技能冷却时间-1）,吉麻弥,memorial+wiki,cn
M5-100,100,亡命者哈比,,亡命者哈比,86650,5星,水,干扰型,avatars/86650.png,,,,,,,,,,,,,,,,,对目标造成102（691）自动攻击伤害,对随机1名敌人造成398（2584）伤害，2名敌人（最高攻击力）的skill量表-18（40.8）%,对随机2名敌人（最高攻击力优先）造成2609伤害，2名敌人（最高攻击力）的skill量表-40.8%，及如果目标在冷却，冷却时间+1,对2名敌人（最低HP）造成690（4011）伤害，造成烙印【每4秒造成（目标增益数+1）*105（250）的持续伤害，最多6个增益（最终倍数为7）】及增益吸取【从目标吸取1个增益，队友的drive量表增加+50（63）】，持续20秒,对3名敌人（最低HP）造成4111伤害，造成烙印【每4秒造成（目标增益数+1）*300的持续伤害，最多6个增益（最终倍数为7）】及增益吸取（从目标吸取1个增益，队友的drive量表增加+63），持续20秒,对随机3名敌人造成2065（7194）伤害，有80%的几率造成沉默（无法使用技能并重设skill量表），持续5秒,对随机3名敌人造成7524伤害，有85%的几率造成沉默（无法使用技能并重设skill量表），持续5秒,全体敌人的skill量表充能量-15%（PVP中，敌人的SS冷却时间+1）,吉田仁美,memorial+wiki,cn
M5-101,101,无法无天哈比,无法无天 哈比,亡命者哈比,,5星,水,干扰型,avatars_wiki/dcj_81206.png,2218,2065,1062,825,788,945,2065,1062,825,788,945,,,,,,,,,,,,,,吉田仁美,memorial,
M5-102,102,灭谛尼尔提,,灭谛尼尔提,85353,5星,水,辅助型,avatars/85353.png,,,,,,,,,,,,,,,,,对目标造成101（687）自动攻击伤害,造成394（2550）伤害，有80.1%的机率移除2名盟友（最高攻击力）的诱惑,造成2575伤害，有85.1%的几率使2名盟友（最高攻力）的诱惑无效，持续8秒,对随机2名敌人造成718（4003）伤害，2名水属性盟友（最高攻力）减益无效（14秒后或是受到1次减益后取消），并且2名盟友（最低HP）最大HP+1600（2360），持续16秒。在副本中，赋予2名水性盟友（最高攻击力）双刃剑【攻撃力上升和防御力下降80（125.2）%】,对随机2名敌人造成4053伤害，2名水属性盟友（最高攻击力）减益无效（14秒后或是受到1次减益后取消），并且2名盟友（最低HP）最大HP+2360，持续16秒。在副本中，赋予3名水属性盟友（最高攻击力）双刃剑（攻击力上升和防御力下降140.2%）,对随机3名敌人造成1858（6824）伤害，无效化5名随机盟友的减益（14秒后或是受到1次减益攻击后取消）,对随机3名敌人造成7154伤害，无效化5名随机盟友的减益（14秒后或是受到2次减益攻击后取消）,水属性盟友的攻击力+18%（副本中追加攻击力+20%）,井人上奈勺,memorial+wiki,cn
M5-103,103,漆夜卡拉拉特里,,漆夜卡拉拉特里,85354,5星,火,干扰型,avatars/85354.png,078,1065,828,806,945,,1065,828,806,945,,,,,,,对目标造成102（692）自动攻击伤害,对2名敌人（受到减益）优先造成400（2590）伤害1次，仅限于攻击目标减益加成伤害：对攻击对象375（1000）伤害量流血：14秒内，2名敌人（受到减益）140（603）伤害量,对2名敌人（受到减益）优先造成2615伤害1次，仅限于攻击目标 减益加成伤害：对攻击对象1000伤害量 流血：14秒内，对攻击对象753伤害量,对2名敌人（低HP）造成704（4035）伤害1次诱惑：12秒内，对攻击对象70（85.2）%几率延长减益效果：12秒内，2名敌人（受到减益）+17（40.6）%,对3名敌人（低HP）造成4135伤害1次 诱惑：12秒内，对攻击对象90.2%几率 延长减益效果：12秒内，3名敌人（受到减益）+46.6%,对3名敌人（随机）造成2095（7254）伤害1次，仅限于攻击目标流血：14秒内，对攻击对象600伤害量,对3名敌人（随机）造成7584伤害1次，仅限于攻击目标 流血：14秒内，对攻击对象800伤害量,减益效果回避率↓：永远套用所有敌人-15%,樱庭有,memorial+wiki,cn
M5-104,104,吉祥物克洛托,,吉祥物克洛托,83952,5星,暗,防御型,avatars/83952.png,,,,,,,,,,,,,,,,,对目标造成92（642）自动攻击伤害,造成320（2195）伤害，5名暗属性盟友防御力+45（61.6）%，持续12秒,造成2208伤害，5名暗属性盟友防御力+68.6%，持续12秒,对1名随机敌人造成603（3570）伤害，赋予3名盟友（最高HP）反射【反射15（30）%受到的伤害】，持续15秒，和赋予2名盟友（优先：最低HP）忍耐（在经过20秒或受到3次攻击后移除）,对1名随机敌人造成3670伤害，赋予3名盟友（最高HP）反射（反射40%受到的伤害），持续15秒，和赋予3名盟友（优先：最低HP）忍耐（在经过20秒或受到4次攻击后移除）。PVP中，赋予5名队友屏障（在HP受影响前，吸收所有敌方攻击+2360伤害），持续15秒,对随机2名敌人造成1530（5433）伤害，赋予5名暗属性盟友反射（反射35%受到的伤害），持续20秒,对随机2名敌人造成5763伤害，赋予5名暗属性盟友反射（反射35%受到的伤害），持续20秒，及有100%概率获得不死（HP不会低于1），持续14秒,暗属性队友的防御力+20%和反射（反射5%受到的伤害）,田口宏子,memorial+wiki,cn
M5-105,105,竞速泽菲罗斯,,竞速泽菲罗斯,83953,5星,暗,攻击型,avatars/83953.png,2242,1774,1353,678,745,796,1774,1353,678,745,796,,,,,,对目标造成114(751)自动攻击伤害,对1名敌人（优先：最高攻力）造成495（3055）伤害，赋予自身连击【如果攻击的敌人死亡或HP降到0，则对随机1名敌人造成2000（3125）固定加成伤害】，持20秒，及在PvP中有70（92.8）%的机率赋予自身无视反射,对2名敌人（优先：最高攻力）造成3115伤害，赋予自身连击（如果攻击的敌人死亡或HP降到0，则对随机1名敌人造成4125固定加成伤害），持2回合，及在PvP中有92.8%的机率赋予自身无视反射,对1名敌人（优先：最低HP）造成961（4628）伤害的3连击，400（1603）加成伤害。PVP限定，及在PvP中对1名敌人（优先：最高攻击力）造成2000（3180）固定伤害,对1名敌人（优先：最低HP）造成4828伤害的4连击，1753加成伤害。PVP限定，及在PvP中对1名敌人（优先：最高攻击力）造成4180固定伤害,对全体敌人造成2605（8536）伤害,对全体敌人造成9196伤害，并对1名比自身还高HP的敌人造成4500固定伤害,赋予暗属性盟友SS最终伤害+15%（在PVP中，暗属性盟友的Skill量表充能速度追加+15%）,河村梨惠,memorial+wiki,cn
M5-106,106,淑女帝瓦兹,,淑女帝瓦兹,82898,5星,暗,辅助型,avatars/82898.png,,,,,,,,,,,,,,,,,对目标造成101（687）自动攻击伤害,造成391（2547）伤害，2名盟友（最高攻撃力）的Skill量表+18（40.8）%。在副本中，有70（95）%的机率赋予1名暗属性盟友（最高攻击力）直击（无视目标的忍耐状态），持12秒,造成2572伤害，2名盟友（最高攻撃力）的Skill量表+45.8%。且有95%的机率赋予2名暗属性盟友（最高攻击力）直击（无视目标的忍耐状态），持12秒,造成719（4004）伤害，3名暗属性盟友(最高攻力)的Skill量表充能量+40（78）%及Slide SkiIl却时间-2秒，持16秒。在副本中，3名暗属性盟友(最高攻力)的弱点SkiIl最终伤害+35（100）%,造成4104伤害，3名暗属性盟友(最高攻力)的Skill量表充能量+83%及Slide SkiIl却时间-2秒，持2回合。在副本中，3名暗属性盟友(最高攻力)的弱点SkiIl最终伤害+115%,对随机3名敌人造成1858（6827）伤害，最多5名暗属性队友的drive量表+150,对随机3名敌人造成7157伤害，最多5名暗属性队友的drive量表+150，及3名充能skill中盟友的skill量表+35%,暗属性队友的skill量表充能量+15%（副本中：追加暗属性队友drive量表充能量+20%）,山村磐,memorial+wiki,cn
M5-107,107,主人朱诺,,主人朱诺,82897,5星,光,干扰型,avatars/82897.png,2222,2073,1065,825,788,945,2073,1065,825,788,945,,,,,,对目标造成102（692）自动攻击伤害,对1名敌人(优先∶受感电)造成399（2589）伤害的2连击，Skill量表充能量-20（42.1）%，持续10秒,对1名敌人(优先∶受感电)造成2614伤害的2连击，Skill量表充能量-47.1%，持续12秒,对2名敌人(优先:有增益)造成691（4015）伤害和600（1056）无视防御伤害，造成感电160（540）持续伤害，受到攻击时对1名随机盟友造成20%加成伤害，且有机会降低Skill量表，持续12秒,对3名敌人(优先:有增益)造成4115伤害和1056无视防御伤害，造成感电690持续伤害，受到攻击时对1名随机盟友造成20%加成伤害，且有机会降低Skill量表，持续12秒,对3名敌人造成2067（7206）伤害（优先：暗属性)，Skill量表-45%和Skill量表充能量-40%，持续16秒,对3名敌人造成7536伤害（优先：暗属性)，Skill量表-45%和Skill量表充能量-45%，持续16秒,暗属性敌人的skill量表充能速度-18%,中泽匕屯,memorial+wiki,cn
M5-108,108,热忱墨丘利,,热忱墨丘利,81550,5星,火,干扰型,avatars/81550.png,,,,,,,,,,,,,,,,,对目标造成103（694）自动攻击伤害,造成403（2608）伤害，减益回避率-10（19）%，持续10秒,对随机2名敌人造成2633伤害，减益回避率-27.5%，持续12秒,对随机2名敌人造成708（4052）伤害，回避率-15（30.6）%和攻击力-25（40.9）%，持续12秒。对象为世界王时，火属性敌人的弱点防御力-50（100.4）%，持续12秒,对随机3名敌人造成4152伤害，回避率-30.6%和攻击力-40.9%，持续12秒。对象为世界王时，弱点防御力-125.4%，持续16秒,对随机3名敌人造成2103（7298）伤害，所有skill防御力-50%，持续16秒。对象为世界王时，攻击力-40%，持续16秒,对随机3名敌人造成7628伤害，所有skill防御力-50%及攻击力-40%，持续16秒,火属性敌人的回避率-15%（若对象为世界王，则追加弱点防御力-20%）,高桥未奈美,memorial+wiki,cn
M5-109,109,凶恶的阿尔葛斯,兜恶的阿葛斯,凶恶的阿尔葛斯,,5星,火,防御型,avatars/81551.png,2229,2488,618,1219,619,676,2488,618,1219,619,676,,,,,,,,,,,,,,村中知,memorial,
M5-110,110,伴侣塞美勒,,伴侣塞美勒,78339,5星,光,辅助型,avatars/78339.png,,,,,,,,,,,,,,,,,对目标造成101（687）自动攻击伤害,造成391（2547）伤害，SkiI量表+18（40.8）%，并有70（90.1）%的机率无效2名光属性盟友(优先:最高攻击力)的石化，持续8秒,造成2572伤害，SkiI量表+45.8%，并有90.1%的机率无效3名光属性盟友(优先:最高攻击力)的石化，持续8秒,对随机2名敌人造成719（4004）伤害，有70（90.1）%的机率赋予支援(弱点Skill最终伤害+15%，依目前增益数量的比例增加攻击力)，即有70（90.1）%的机率赋予2名光属性盟友(优先:最高攻击力)时间扭曲(移除目标全部的时间系减益，Skill量表充能速度+40%)，持续16秒。在副本中，2名充能Skill中盟友Skill量表+35（66.1）%,对随机2名敌人造成4104伤害，有95.1%的机率赋予支援(弱点Skill最终伤害+15%，依目前增益数量的比例增加攻击力)，即有95.1%的机率赋予3名光属性盟友(优先:最高攻击力)时间扭曲(移除目标全部的时间系减益，Skill量表充能速度+40%)，持续16秒。在副本中，3名充能Skill中盟友Skill量表+66.1%,对随机3名敌人造成1858（6827）伤害，5名光属性盟友Drive量表+150及Skill冷却时间-2秒，持续20秒,对随机3名敌人造成7157伤害，5名光属性盟友Drive量表+150及Skill冷却时间-2秒，持续2回合,光属性盟友的Skill量表充能速度+15%(副本中:追加Skill量表充能速度+20%),上田丽奈,memorial+wiki,cn
M5-111,111,伴侣塞美勒,伴侣塞美勒·光,伴侣塞美勒,,5星,光,辅助型,avatars/78339.png,2229,2251,1038,578,769,892,2251,1038,578,769,892,,,,,,,,,,,,,,上田丽奈,memorial,
M5-112,112,暗罗汉,魔师阿汉,暗罗汉,,5星,,,avatars_wiki/destinychild_581881.png,,,,,,,,,,,,,,,,,,,,,,,,,南条爱乃,memorial,
M5-113,113,怪盗罗苹,,怪盗罗苹,77369,5星,暗,辅助型,avatars/77369.png,2259,1038,828,769,892,,1038,828,769,892,,,,,,,对目标造成101（687）自动攻击伤害,造成391（2547）伤害，有70（90.1）%机率让2名盟友（攻击型）获得觉醒（暴击伤害增加30%，并根据增益数增加SS伤害），持续15秒，并且有70（90.1）%机率让2名盟友（最高HP）的晕眩和重击无效，持续8秒,造成2572伤害，有95.1%机率让2名盟友（攻击型）获得觉醒（暴击伤害增加30%，并根据增益数增加SS伤害），持续2回合，并且有95.1%机率让2名盟友（最高HP）的晕眩和重击无效，持续8秒,对随机2名敌人造成719（4004）伤害，3名盟友（攻击型）的暴击率+48（70.1）%和暴击伤害+45（100）%，持续2回合。对象为世界王时，5名暗属性盟友（攻击型）自身SS最终伤害增加+50（90.1）%,对随机2名敌人造成4104伤害，3名盟友（攻击型）的暴击率+75.1%和暴击伤害+100%，持续3回合。对象为世界王时，5名暗属性盟友（攻击型）自身SS最终伤害增加+105.1%,对随机3名敌人造成1858（6827）伤害，5名盟友（攻击型）的TS最终伤害+80%，持续20秒。对象为世界王时，赋予最多5名暗属性盟友（攻击型）攻击态势（只有具此增益的Child能在Fever模式中使用Fever攻击）,对随机3名敌人造成7157伤害，5名盟友（攻击型）的TS最终伤害+80%，持续20秒。对象为世界王时，赋予最多3名暗属性盟友（最高攻击力）攻击态势（只有具此增益的Child能在Fever模式中使用Fever攻击）,暗属性盟友的暴击率+20%（若对象为世界王，则追加暴击伤害+40%）,大地叶,memorial+wiki,cn
M5-114,114,驱魔师黛波拉,,驱魔师黛波拉,77368,5星,光,攻击型,avatars/77368.png,,,,,,,,,,,,,,,,,对目标造成113（749）自动攻击伤害,造成497（3047）伤害，65（85.1）%的机率赋予自身支援(弱点SkiI伤害+15%，依目前增益数量的比例增加攻击力），持续15秒,对随机2名敌人造成3107伤害，90.1%的机率赋予自身支援(弱点SkiI伤害+15%，依目前增益数量的比例增加攻击力），持续2回合,对2名敌人（最低HP）造成1008（4663）伤害，和1300（2405）无视防御伤害。对象为世界王时，造成光芒【根据光属性盟友数量造成6000（12047）加成伤害，最多10名】,对3名敌人（最低HP）造成4863伤害，和2405无视防御伤害。对象为世界王时，造成光芒【根据光属性盟友数量造成21047加成伤害，最多10名】,对全体敌人造成2598（8498）伤害,对全体敌人造成9158伤害，对暗属性敌人造成700加成伤害,盟友（攻击型）的SS冷却时间-1秒,立花芽惠萝,memorial+wiki,cn
M5-115,115,魅影怪盗拉弗斯,,魅影怪盗拉弗斯,76462,5星,木,防御型,avatars/76462.png,2224,2488,618,609,667,,2488,618,609,667,,,,,,,对目标造成92（642）自动攻击伤害,造成320（2195）伤害，赋予1名木属性队友（最高攻击力）不死（HP不会低于1），持续10秒,造成2220伤害，赋予2名木属性队友（最高攻击力）不死（HP不会低于1），持续12秒,造成603（3570）伤害，有56（95）%的机率赋予3名盟友(最低HP)不死（HP不会低于1)，持绩14秒，及3名木性盟友(最低HP)最大HP+1800（2560），持綪14秒,造成3670伤害，有100%的机率赋予3名盟友(最低HP)不死（HP不会低于1)，持绩16秒，及3名木性盟友(最低HP)最大HP+2760，持綪16秒,对随机2名敌人造成1528（5423）伤害，有95%的机率赋予不死(HP不会低于1)，续16秒，及挑衅(有98%的机率启动)，持续16秒，及70%有机率赋予自身减益挑衅(代替盟友承受2个减益),对随机2名敌人造成5753伤害，有100%的机率赋予不死(HP不会低于1)，续16秒，及挑衅(有98%的机率启动)，持续16秒，及80%有机率赋予自身减益挑衅(代替盟友承受2个减益),木属性队友的DS伤害防御力+15%（PVP中追加+20%）,工藤晴香,memorial+wiki,cn
M5-116,116,狡猾的蜜卡拉,,狡猾的蜜卡拉,75601,5星,暗,治疗型,avatars/75601.png,,,,,,,,,,,,,,,,,对目标造成96（662）自动攻击伤害（自动）,对2名敌人造成342（2347）伤害（优先：最低HP），有60%（80.1%）机率造成致命回复（目标回复的生命值会转换为等量的伤害，特定效果除外），持续20秒，并为1名盟友回复403（1468）HP（优先：最低HP）,对2名敌人造成2347伤害（优先：最低HP），有85.1%机率造成致命回复（目标回复的生命值会转换为等量的伤害，特定效果除外），持续20秒，并为2名盟友回复1568HP（优先：最低HP）,对2名敌人造成542（3719）伤害（优先：有致命回复），治疗有致命回复的敌人1653（3527）HP，并治疗2名盟友1853（3727）HP（优先：最低HP）,对3名敌人造成3719伤害（优先：有致命回复），治疗有致命回复的敌人3927HP，并治疗3名盟友3927HP（优先：最低HP）,对2名敌人造成1604（6078）伤害（优先：最低HP），有80%机率造成致命回复（目标回复的生命值会转换为等量的伤害，特定效果除外），持续20秒，并为3名盟友回复1953（2583）HP（优先：最低HP）,对3名敌人造成6078伤害（优先：最低HP），有80%机率造成致命回复（目标回复的生命值会转换为等量的伤害，特定效果除外），持续20秒，并为3名盟友回复2583HP（优先：最低HP）,全体盟友回复量+15%，（PVP中，全体敌人回复量+15%）,山本亜衣,memorial+wiki,cn
M5-117,117,决意的劳拉,,决意的劳拉,75600,5星,光,攻击型,avatars/75600.png,2249,1777,1353,686,745,806,1777,1353,686,745,806,,,,,,对目标造成114（751）自动攻击伤害（自动）,造成502（3062）伤害，对暗属性目标造成600（1174）无视防御伤害。对象为世界王时，赋予呐喊，持续16秒。（攻击力+15%（35.1%），最多叠加3次）,对随机2名敌人造成3122伤害，对暗属性目标造成1174无视防御伤害。对象为世界王时，赋予呐喊，持续2回合。（攻击力+40.1%，最多叠加3次）,对随机3名敌人造成669（4532）（145%）（192.2%）伤害，对暗属性敌人造成400（1803）无视防御伤害，并造成防御力增益爆发（移除最新的防御力增益，并以x300（701）的系数造成基于该种类的伤害）,对随机3名敌人造成4720（200.2%）伤害，对暗属性敌人造成1903无视防御伤害，并造成防御力增益爆发（移除最新的防御力增益，并以x801的系数造成基于该种类的伤害）,对全体敌人造成2657（8602）伤害,对全体敌人造成9262伤害，对暗属性敌人造成700无视防御伤害,光属性盟友的攻击力+18%（若对象为世界王，则全体盟友攻击力+20%）,纺木更佐,memorial+wiki,cn
M5-118,118,破晓塞美勒,,破晓塞美勒,74429,5星,暗,辅助型,avatars/74429.png,,,,,,,,,,,,,,,,,对目标造成101（687）自动攻击伤害,造成391（2547）伤害，有60（80.1）%的几率为2名有减益的盟友移除减益,造成2572伤害，有85.1%的几率为3名有减益的盟友移除减益,对随机2名敌人造成719（4004）伤害，并有70（90.1）%的几率赋予2名盟友（暗/最高攻击力优先）支援（弱点skill伤害+15%，依目前增益数量的比例增加攻击力），持续16秒，及TS最终伤害+40（75.2）%，持续16秒在副本中，赋予3名队友（最低HP优先）吸血【攻击时回复15（34）%HP】,对随机2名敌人造成4104伤害，并有95.1%的几率赋予3名盟友（暗/最高攻击力优先）支援（弱点skill伤害+15%，依目前增益数量的比例增加攻击力），持续16秒，及TS最终伤害+90.2%，持续16秒在副本中，赋予3名队友（最低HP优先）吸血【攻击时回复34%HP】,对随机3名敌人造成1858（6827）伤害，无效化5名队友的减益（14秒后或是受到1次减益攻击后取消）,对随机3名敌人造成7157伤害，无效化5名队友的减益（14秒后或是受到2次减益攻击后取消）,暗属性队友的弱点skill最终伤害+15%,上田丽奈,memorial+wiki,cn
M5-119,119,月光阿提蜜丝,,月光阿提蜜丝,74428,5星,光,攻击型,avatars/74428.png,2251,1774,1356,686,745,806,1774,1356,686,745,806,,,,,,对目标造成114（752）自动攻击伤害,对1名敌人（受到减益）优先造成466（3030）伤害3次，仅限于攻击目标无视防御伤害：1名敌人（受到减益）优先800（1332）伤害量加成伤害：1名光属性敌人550（1055）伤害量魔力伤害：1名光属性敌人（5人巨型BOSS）50000（51180）伤害量,对1名敌人（受到减益）优先造成3090伤害4次，仅限于攻击目标 无视防御伤害：1名敌人（受到减益）优先1332伤害量 加成伤害：1名光属性敌人1155伤害量 魔力伤害：1名光属性敌人（5人巨型BOSS）51180伤害量,对3名光属性敌人优先造成1037（4708）伤害1次，仅限于攻击目标魔力伤害：对攻击对象1000（2180）伤害量时间系增益爆发：3名光属性敌人700（1101）伤害量,对4名光属性敌人优先造成4908伤害1次，仅限于攻击目标 魔力伤害：对攻击对象3180伤害量 时间系增益爆发：4名光属性敌人1501伤害量,对5名敌人造成2659（8615）伤害1次狂暴：20秒内，对自身+100%晕眩：5秒内，对自身100%几率,对5名敌人造成9275伤害1次 狂暴：20秒内，对自身+110% 晕眩：5秒内，对自身100%几率,Tap Skill强化Ⅱ：永远套用所有暗属性盟友+15%Tap Skill强化Ⅱ：永远套用所有暗属性盟友（5人巨型BOSS）+20%,近藤玲奈,memorial+wiki,cn
M5-120,120,替身塞特,,替身塞特,74427,5星,光,干扰型,avatars/74427.png,,,,,,,,,,,,,,,,,对目标造成102（691）自动攻击伤害,对1名敌人（受到减益优先）造成398（2584）伤害，对1名有减益敌人造成减益持续时间+30（65.4）%，持续8秒,对2名敌人（受到减益优先）造成2609伤害，对1名有减益敌人造成减益持续时间+73.4%，持续8秒,对1名敌人（最高HP优先）造成690（4014）伤害的2连击，造成伤害共振【对最多2名目标外最低HP的敌人造成25（45）%对目标所造成的伤害】，并有70（90.1）%几率造成标记（盟友会集中攻击被标记的敌人，但挑衅优先），持续12秒,对1名敌人（最高HP优先）造成4114伤害的2连击，造成伤害共振【对最多2名目标外最低HP的敌人造成50%对目标所造成的伤害】，并有90.1%几率造成标记（盟友会集中攻击被标记的敌人，但挑衅优先），持续12秒，并造成保护增益爆发（移除最后施加的保护增益，并以*701的系数造成基于该效果种类的伤害）,对3名敌人（最低HP优先）造成2065（7198）伤害，对3名敌人（有增益优先）造成增益爆发（移除最后施加的增益，并以*600的系数造成基于该种类的伤害）,对3名敌人（最低HP优先）造成7528伤害，对3名敌人（有增益优先）造成害共振【对最多2名目标外最低HP的敌人造成40%对目标所造成的伤害】，持续18秒，及增益爆发（最后赋予的增益移除，并依一个*600系数造成伤害）,暗属性敌人的减益持续时间+15%,寺岛停太,memorial+wiki,cn
M5-121,121,塞特,塞特,替身塞特,,5星,光,干扰型,avatars_wiki/destinychild_50506.png,2219,2065,1062,825,796,940,2065,1062,825,796,940,,,,,,,,,,,,,,寺岛太,memorial,
M5-122,122,匆忙的奥弗伊斯,,匆忙的奥弗伊斯,73725,5星,光,攻击型,avatars/73725.png,,,,,,,,,,,,,,,,,对目标造成113（749）自动攻击伤害,对2名敌人（最低HP优先）造成462（3012）伤害，造成屏障反制【移除屏障并造成登坛宫剩余屏障HP70（120）%的伤害】,对3名敌人（最低HP优先）造成3072伤害，造成屏障反制【移除屏障并造成登坛宫剩余屏障HP120%的伤害】及不死持续时间-60.1%,对2名敌人（光属性优先）个别造成每次958（4613）伤害的2连击，造成保护增益爆发（移除最后施加的保护增益，并以*300（700）的系数造成基于该效果种类的伤害）。PVP中，600（1808）加成伤害,对3名敌人（光属性优先）个别造成每次4813伤害的2连击，造成保护增益爆发（移除最后施加的保护增益，并以*701的系数造成基于该效果种类的伤害），及1808加成伤害,对4名敌人（有保护增益优先）造成2600（8509）伤害，造成保护增益爆发（移除最后施加的保护增益，并以*600的系数造成基于该效果种类的伤害）,对所有敌人造成9169伤害，造成保护增益爆发（移除最后施加的保护增益，并以*600的系数造成基于该效果种类的伤害）,暗属性队友的SS最终伤害+18%,奈波果林,memorial+wiki,cn
M5-123,123,量身订做赫尔,,量身订做赫尔,72728,5星,木,攻击型,avatars/72728.png,2252,1774,1356,686,745,811,1774,1356,686,745,811,,,,,,对目标造成114（752）自动攻击伤害,造成503（3068）伤害，及500（1074）无视防御伤害。对象为世界王时，自身造成skill伤害+35（65.4）%，持续2回合。,造成3128伤害，及1074无视防御伤害。对象为世界王时，自身造成skill伤害+70.4%，持续3回合。,对随机3名敌人造成694（4660）【150（197.2）%】伤害，对象为世界王时，造成3000（4105）无视防御伤害,对随机3名敌人造成4849（205.2%）伤害，对象为世界王时，造成4705无视防御伤害,对随机4名敌人造成2660（8620）伤害，赋予自身吸血（攻击时回复20%HP），持续20秒,对随机4名敌人造成9280伤害，赋予自身吸血（攻击时回复20%HP），持续3回合。,木属性队友的攻击力+15%（若对象为世界王，则追加攻击力+20%）,道井悠,memorial+wiki,cn
M5-124,124,炼金术师玛土撒拉,,炼金术师玛土撒拉,72729,5星,水,干扰型,avatars/72729.png,,,,,,,,,,,,,,,,,对目标造成102（691）自动攻击伤害,造成398(2584)伤害， DS伤害防御力-20(58)%，持续10秒,对随机2名敌人造成2609伤害， DS伤害防御力-63%，持续12秒,对随机2名敌人（防御型优先）造成690（4014）伤害，skill量表-35（66.1）%，并造成雪球炸弹【700（1700）伤害，并在10秒后重置skill量表】,对随机3名敌人（防御型优先）造成4114伤害，skill量表-66.1%，并造成雪球炸弹（2200伤害，并在10秒后重置skill量表）。在PVP中，skill量表充能速度-50.4%，持续12秒,对随机3名敌人造成2065（7198）伤害，drive量表-15%，并有80%的几率造成晕眩（受到攻击时晕眩1秒，5秒为上限），持续4秒,对3名敌人（防御型优先）造成7528伤害，drive量表-15%，并有85%的几率造成晕眩（受到攻击时晕眩1秒，5秒为上限），持续4秒,火属性敌人的drive量表充能量-15%,福岛润,memorial+wiki,cn
M5-125,125,量身订做劳菲,,量身订做劳菲,71696,5星,火,治疗型,avatars/71696.png,2223,2224,913,1065,886,676,2224,913,1065,886,676,,,,,,对目标造成96（661）自动攻击伤害,造成340（2335）伤害，并赋予2名盟友（最低HP）屏障【在HP受影响前，吸收所有敌方攻击+950（1558）伤害】，持续10秒,造成2335伤害，并赋予3名盟友（最低HP）屏障【在HP受影响前，吸收所有敌方攻击+1858伤害】，持续12秒,为2名盟友（优先：最低HP）持续回复192（435）HP（每2秒1次），生命连接【将受到的20（50.5）%伤害转化为回复2名盟友（最低HP）】，持14秒,造成2761伤害，为3名队友（最低HP优先）持续回复435HP（每2秒1次），生命连接【将受到的55.5%的伤害转化为回复2名盟友（最低HP）】，持14秒,对随机2名敌人造成1601（6059）伤害，赋予5名盟友（最低HP）屏障（在HP受影响前吸收+2500所有敌方攻撃伤害），并赋予3名盟友（最低HP）生命连接【将受到的50%伤害转化为回复2名盟友（最低HP）】，持20秒,对随机2名敌人造成6059伤害，赋予5名盟友（最低HP）屏障（在HP受影响前吸收+2500所有敌方攻撃伤害），并赋予4名盟友（最低HP）生命连接【将受到的50%伤害转化为回复2名盟友（最低HP）】，持20秒,火属性队友的持续回复量+20%,朝比奈幸,memorial+wiki,cn
M5-126,126,驱魔师毗卢婆,魔师毗虚婆,驱魔师毗卢婆,,5星,,,avatars/71695.png,,,,,,,,,,,,,,,,,,,,,,,,,古贺葵,memorial,
M5-127,127,冰刃尤弥尔,冰刃尤尔,冰刃尤弥尔,,5星,水,防御型,avatars/70401.png,2246,2496,828,1227,632,678,2496,828,1227,632,678,,,,,,,,,,,,,,渡边拓海,memorial,cn
M5-128,128,可爱的欧洛斯,,可爱的欧洛斯,70400,5星,水,治疗型,avatars/70400.png,,,,,,,,,,,,,,,,,对目标造成96（662）自动攻击伤害,造成342（2347）伤害，并赋予2名盟友（优先：最低HP）屏障【在HP受影响前，吸收+900（1508）所有敌方攻击伤害】，持续10秒，及持续回复量+35（57.1）%，持续20秒,造成2347伤害，并赋予3名盟友（优先：最低HP）屏障+1508，持续10秒，及持续回复量+57.1%，持续20秒,造成542（3719）伤害，2名盟友（优先：最低HP）持续回复3.1（4.3）%+22（114）HP，持续14秒，并有70（90.1）%机率使3名水属性盟友（最低HP）的弱化减益无效,造成3719伤害，3名盟友（优先：最低HP）持续回复4.8%+114HP（每2秒1次），持续14秒，并有95.1%机率使3名水属性盟友（最低HP）的弱化减益无效,对随机2名敌人造成1604（6078）伤害，为3名盟友（优先：最低HP）回复1953（2583）HP，移除减益,对随机2名敌人造成6078伤害，为4名盟友（优先：最低HP）回复2583HP，移除减益,水属性盟友SS冷却时间-1秒（在PvP中，全体盟友减益持续时间-40%）,大西望,memorial+wiki,cn
M5-129,129,奢华的希特莉,,奢华的希特莉,69333,5星,木,辅助型,avatars/69333.png,2222,2251,1038,819,758,888,2251,1038,819,758,888,,,,,,对目标造成101（687）自动攻击伤害,造成390（2546）伤害，2名队友（最高攻击力）的skill量表+18（40.8）%,造成2571伤害，3名队友（最高攻击力）的skill量表+45.8%,造成705（3988）伤害，3名木属性盟友（最高攻击力）的SS最终伤害+40（75.2）%及Skill量表充能量45（83）%，持续16秒。在副本中∶有70（90.1）%几率赋予3名盟友（拥有时间系减益）时间扭曲（移除目标全部的时间系减益，Skill量表充能速度+40%）。,造成4088伤害，3名木属性盟友（最高攻击力）的SS最终伤害+90.2%及Skill量表充能量83%，持续2回合。在副本中∶有95.1%几率赋予3名盟友（拥有时间系减益）时间扭曲（移除目标全部的时间系减益，Skill量表充能速度+40%）。,对随机3名敌人造成1830（6783）伤害，3名木属性盟友（最高攻击力）的SS冷却时间-2，持续3回合，及最多5名木属性盟友的Drive量表+150。,对随机3名敌人造成7113伤害，4名木属性盟友（最高攻击力）的SS冷却时间-2，持续3回合，及最多5名木属性盟友的Drive量表+150。,木属性队友的skill量表充能量+15%（副本中，skill量表充能量+10%）,夏川椎菜,memorial+wiki,cn
M5-130,130,不安的塞尔凯特,,不安的塞尔凯特,69334,5星,水,攻击型,avatars/69334.png,,,,,,,,,,,,,,,,,对目标造成113（747）自动攻击伤害,对1名敌人（优先：最低HP）造成492（3030）伤害，如果目标有保护增益，有70（90.1）%机率无效化保护增益，持续8秒,对1名敌人（优先：最低HP）造成3090伤害，如果目标有保护增益，有90.1%机率无效化保护增益，持续10秒,对1名敌人（优先：受到减益）造成981（4624）伤害的3连击和400（1603）加成伤害，对2名敌人（优先：最低HP）造成中毒【每当目标行动时，造成700（1644）伤害，并在受到伤害时获得加成伤害】，持续3回,对1名敌人（优先：受到减益）造成4824伤害的4连击和1753加成伤害，对2名敌人（优先：最低HP）造成中毒【每当目标行动时，造成1644伤害，并在受到伤害时获得加成伤害】，持续3回,对随机4名敌人造成2540（8399）伤害，有80%的几率移除1个增益,对全体敌人造成9059伤害，有80%的几率移除1个增益,水属性队友的SS最终伤害+18%,山下七海,memorial+wiki,cn
M5-131,131,不安的塞尔凯特,不安的塞尔凯特·水,不安的塞尔凯特,,5星,水,,avatars/69334.png,2221,1760,1336,676,739,788,1760,1336,676,739,788,,,,,,,,,,,,,,山下七海,memorial,
M5-132,132,活泼的帕赫特,,活泼的帕赫特,68053,5星,水,防御型,avatars/68053.png,,,,,,,,,,,,,,,,,对目标造成93（643）自动攻击伤害,造成322（2205）伤害，赋予3名水属性队友（最低HP优先）秘疗【每次单位行动或收到攻击时，自身回复200（807）HP】，持续12秒,造成2230伤害，赋予5名水属性队友（最低HP优先）秘疗（每次单位行动或收到攻击时，自身回复907HP），持续16秒,造成605（3579）伤害，赋予3名水属性盟友(最低HP)冰盾【受到攻击时，防御力+35（51.6）%且攻击者的Skill量表充能速度-20（50.4）%，持续8秒】，持续14秒，且3名队友（最高HP）最大HP+1400（2160），持14秒,造成3679伤害，赋予5名水属性盟友(最低HP)冰盾（受到攻击时，防御力+51.6%且攻击者的Skill量表充能速度-50.4%，持续8秒），持续14秒，且3名队友（最高HP）最大HP+2160），持14秒。在PVP中，赋予3名队友（最低HP）忍耐（在经过20秒或受到4次攻击后移除）,对随机3名敌人造成1532（5446）伤害，赋予自身挑衅(有98%的机率发动)和冰盾(受到攻击时，防御力+45%且攻击者的Skill量表充能速度-40%，持续8秒) ，持续16秒,对随机3名敌人造成5776伤害，赋予自身挑衅(有98%的机率发动)和冰盾(受到攻击时，防御力+45%且攻击者的Skill量表充能速度-40%，持续8秒) ，持续16秒。在PVP中，赋予自身秘疗（每次单位行动或收到攻击时，自身回复500HP）,水属性队友的SS伤害防御力+20%,武石中美,memorial+wiki,cn
M5-133,133,甜美的勒达,,甜美的勒达,68054,5星,火,攻击型,avatars/68054.png,2244,1774,1353,806,,,1774,1353,806,,,,,,,,对目标造成114（751）自动攻击伤害,造成500（3060）伤害。对象为世界王时，自身SS最终伤害增加+35（65.4）%，持续2回合,对随机2名敌人造成3120。对象为世界王时，自身SS最终伤害增加+75.4%，持续3回合,"对随机2名敌人造成1011（4678）伤害的2连击,及400（1216）无视防御伤害，并对木属性敌人造成350（806）加成伤害。对象为世界王时，造成保护增益爆发(移除最后施加的保护增益’并以X700（1502）系数造成基于该效果的伤害","对随机3名敌人造成4878伤害的2连击,及1366无视防御伤害，并对木属性敌人造成956加成伤害。对象为世界王时，造成保护增益爆发(移除最后施加的保护增益’并以X1502系数造成基于该效果的伤害",对全体敌人造成2607（8547）伤害。对象为世界王时，造成保护增益爆发(移除最后施加的保护增益，并以X1200系数造成基于该效果的伤害,对全体敌人造成9207伤害。造成保护增益爆发(移除最后施加的保护增益，并以X1200系数造成基于该效果的伤害,火属性队友的SS最终伤害+15%（对象为世界王时，追加SS最终伤害+20%）,伊月LI,memorial+wiki,cn
M5-134,134,魅惑的赫克特,,魅惑的赫克特,68055,5星,木,治疗型,avatars/68055.png,,,,,,,,,,,,,,,,,对目标造成96（662）自动攻击伤害,造成342（2347）伤害’有60（80.1）%的机率为3名木图性的盟友移除1个减益,造成2347伤害，有85.1%的机率为3名木图性的盟友移除最多2个减益,"造成542（3719）伤害，2名盟友(优先:最低HP)各持续回复3.1（4.3）%+22（114）HP,持续14秒,及5名木属性盟友减益回避率+15（25.5）%","造成3719伤害，3名盟友(优先:最低HP)各持续回复5.3%+114HP,持续14秒,及5名木属性盟友减益回避率+35.5%",对随机2名敌人造成1606（6088）伤害，3名盟友(优先:最低HP）回复1853（2483）HP，对具有减益的盟友则各追加持续回复322（414），持续16秒,对随机2名敌人造成6088伤害，4名盟友(优先:最低HP）回复2483HP，对具有减益的盟友则各追加持续回复414，持续16秒,木属性队友的减益回避率+15%,山国中h,memorial+wiki,cn
M5-135,135,亮眼维纳斯,,亮眼维纳斯,66527,5星,木,辅助型,avatars/66527.png,2253,2259,1048,846,776,904,2259,1048,846,776,904,,,,,,对目标造成101（689）自动攻击伤害,造成396（2565）伤害，有70（82.5）%的几率使1名队友（最高攻击力）无视反射，持续15秒,造成2590伤害，有87.5%的几率使1名队友（最高攻击力）无视反射，持续18秒,造成735（4035）伤害，3名木属性队友（最高攻击力）skill量表充能+40（78）%，持续16秒，并有70（90.1）%几率赋予时间扭曲（移除目标全部的时间系减益，skill量表充能速度+40%）。PVP中，有70（90.1）%几率使3名木属性队友的持续伤害减益无效，持续14秒,造成4135伤害，3名木属性队友（最高攻击力）skill量表充能+83%，持续2回合，并有95.1%几率赋予时间扭曲（移除目标全部的时间系减益，skill量表充能速度+40%）。PVP中，有90.1%几率使3名木属性队友的持续伤害减益无效，持续14秒,对随机3名敌人造成1894（6916）伤害，赋予3名木属性队友时间扭曲（移除目标全部的时间系减益，skill量表充能速度+40%），持续20秒。PVP中，3名木属性队友的skill冷却时间-2秒，持续20秒,对随机3名敌人造成7246伤害，赋予5名木属性队友时间扭曲（移除目标全部的时间系减益，skill量表充能速度+40%），持续20秒。PVP中，3名木属性队友的skill冷却时间-2秒，持续20秒,木属性队友的skill量表充能+15%（PVP中追加10%）,楠木屯勺,memorial+wiki,cn
M5-136,136,闪亮娜普图,,闪亮娜普图,66528,5星,水,防御型,avatars/66528.png,,,,,,,,,,,,,,,,,对目标造成93（643）自动攻击伤害,造成324（2206）伤害，有70（90.1）%的几率使1名队友（最高防御力）的弱化减益无效，持续8秒,造成2231伤害，有90.1%的几率使2名队友（最高防御力）的弱化减益无效，持续10秒,造成619（3597）伤害，赋予自身挑衅（有90%的几率发动）和冰盾（受到攻击时，防御力+40（56.6）%且攻击者的skill量表充能速度-20（50.4）%，持续8秒），持续12秒。PVP中，有70（90.1）%几率使3名水属性盟友的弱化减益无效，持续14秒,造成3697伤害，赋予自身挑衅（有90%的几率发动），持续12秒，和冰盾（受到攻击时，防御力+61.6%且攻击者的skill量表充能速度-50.4%，持续8秒），持续14秒。PVP中，有90.1%几率使3名水属性盟友的弱化减益无效，持续14秒,对随机3名敌人造成1562（5503）伤害，赋予3名水属性队友冰盾（受到攻击时，防御力+40%且攻击者的skill量表充能速度-40%，持续8秒），持续16秒。PVP中，有100%几率使5名水属性盟友的弱化减益无效，持续16秒,对随机3名敌人造成5833伤害，赋予5名水属性队友冰盾（受到攻击时，防御力+40%且攻击者的skill量表充能速度-40%，持续8秒），持续16秒。PVP中，有100%几率使5名水属性盟友的弱化减益无效，持续16秒,水属性盟友的防御力+15%,伊藤彩沙,memorial+wiki,cn
M5-137,137,黎明萨图恩,黎明麓图恩,黎明萨图恩,,5星,光,辅助型,avatars/65272.png,2259,1041,825,769,892,,1041,825,769,892,,,,,,,,,,,,,,,千本木彩花,memorial,cn
M5-138,138,绚烂亚莉亚,,绚烂亚莉亚,65271,5星,光,攻击型,avatars/65271.png,,,,,,,,,,,,,,,,,对目标造成337（752）自动攻击伤害,造成503（3068）伤害，对攻击型目标造成500（1074）无视防御伤害。对抗世界王时，增加自身skill伤害+20（40.1）%（持续16秒）,造成3128伤害，对攻击型目标造成1074无视防御伤害。对抗世界王时，增加自身skill伤害+55.1%（持续2回合）,对随机3名敌人造成3308（4423）【140%（187.2%）】伤害。对世界王限定，对暗属性敌人造成3000（4105）无视防御伤害,对随机3名敌人造成4612（195.2%）伤害。对世界王限定，对暗属性敌人造成4705无视防御伤害,对随机4名敌人造成8620伤害，对暗属性敌人造成700加成伤害,对随机4名敌人造成9280伤害与700加成伤害,光属性队友的SS伤害+15%（对世界王限定，光属性队友的SS伤害+20%）,高桥李依,memorial+wiki,cn
M5-139,139,闪耀玛尔斯,,闪耀玛尔斯,65273,5星,火,攻击型,avatars/65273.png,2247,1774,1356,678,745,806,1774,1356,678,745,806,,,,,,对目标造成114（752）自动攻击伤害,对1名敌人造成503（3068）伤害（最高攻击力优先）。PVP限定：对1名敌人造成500（1074）加成伤害（最高攻击力）,对1名敌人造成3128伤害（最高攻击力优先）。PVP限定：对1名敌人造成1174加成伤害（最高攻击力）,对3名敌人造成1037（4708）伤害与450（900）加成伤害（最高攻击力优先），并造成分解【造成150（600）持续伤害，无法缩减或延长减益效果】，持续14秒,对4名敌人造成4908伤害与900加成伤害（最高攻击力优先），并造成分解（造成750持续伤害，无法缩减或延长减益效果），持续14秒,对4名敌人造成2659（8615）伤害（最高攻击力优先），并造成分解（造成500持续伤害，无法缩减或延长减益效果），持续14秒,对4名敌人造成9275伤害（最高攻击力优先），并造成分解（造成700持续伤害，无法缩减或延长减益效果），持续14秒,暗属性队友的SS最终伤害+18%,和气方克未,memorial+wiki,cn
M5-140,140,孤剑提亚玛特,,孤剑提亚玛特,63849,5星,火,攻击型,avatars/63849.png,,,,,,,,,,,,,,,,,对目标造成113（749）自动攻击伤害,造成497（3047）伤害，并有70（92.8）%几率无视反射，持续15秒,对随机2名敌人造成3107伤害，有92.8%的几率无视反射，持续2回合。PVP限定，自身skill量表充能速度+69.5%，持续2回合,对2名敌人造成1009（4666）伤害的2连击，并造成600（1498）无视防御伤害（最低HP优先）。PVP限定，对有保护增益的敌人造成1500（2814）加成伤害,对3名敌人造成4866伤害的2连击，并造成1648无视防御伤害（最低HP优先）。PVP限定，对有保护增益的敌人造成3314加成伤害,对全体敌人造成2601（8516）伤害,对全体敌人造成9176伤害，并对有保护增益的敌人造成1000加成伤害,增加火属性队友skill量表充能速度+15%（PVP限定，火属性队友SS冷却时间-1秒）,大久保蓝子,memorial+wiki,cn
M5-141,141,孤剑提亚玛特,孤提亚玛特,孤剑提亚玛特,,5星,火,,avatars_wiki/dcj_579009.png,8,1774,1345,806,,,1774,1345,806,,,,,,,,,,,,,,,,大久保蓝子,memorial,
M5-142,142,滑雪艾修,,滑雪艾修,63848,5星,光,辅助型,avatars/63848.png,,,,,,,,,,,,,,,,,队目标造成101（687）自动攻击伤害,造成390（2546）伤害，2名队友（最高攻击力优先）睡眠无效化，持续5秒,造成2560伤害，2名队友（最高攻击力优先）睡眠无效化，持续5秒,造成705（3988）伤害，减益持续时间-30（52.8）%，且2名队友（受到减益优先）的skill量表充能速度+40（74.5）%，持续16秒,造成4063伤害，减益持续时间-52.8%，且3名队友的skill量表充能速度+74.5%（最低HP优先），持续16秒,对随机3名敌人造成1830（6781）伤害，3名队友睡眠无效化（睡眠中优先），持续20秒,对随机3名敌人造成7111伤害，3名队友（睡眠中优先）睡眠无效化，持续25秒,光属性队友的减益持续时间-12%（PVP期间，追加-10%）,牧野由依,memorial+wiki,cn
M5-143,143,驱魔师该隐,躯魔师该,驱魔师该隐,,5星,火,,avatars/62505.png,2240,1766,1353,678,745,796,1766,1353,678,745,796,,,,,,,,,,,,,,土田玲央,memorial,
M5-144,144,善良的里欧,,善良的里欧,62507,5星,水,辅助型,avatars/62507.png,,,,,,,,,,,,,,,,,对目标造成101（687）自动攻击伤害,造成392（2552）伤害，自身除外的2名水属性队友skill量表+18（40.8）%，并有60（75.2）%几率为2名流血中的盟友净化（将流血转为持续回复）,造成2577伤害，自身除外的3名水属性队友skill量表+40.8%，并有80.2%几率为3名流血中的盟友净化（将流血转为持续回复）,造成719（4007）伤害，3名水属性盟友（最高攻击力）的skill量表充能量+40（74.5）%及弱点skill最终伤害+25（60.3）%，持续2回合。在副本中，赋予3名盟友（最低HP优先）屏障+1800（2249），持续16秒,对随机2名敌人造成4107伤害，3名水属性盟友（最高攻击力）的skill量表充能量+79.5%及弱点skill最终伤害+75.3%，持续3回合。在副本中，赋予3名盟友（最低HP优先）屏障+2549，持续16秒,对随机3名敌人造成1859（6830）伤害，赋予3名盟友屏障（最低HP）+2000，持续16秒。在副本中，1名水属性盟友（最高攻击力）的TS最终伤害+80%，持续20秒,对随机3名敌人造成7160伤害，赋予4名盟友屏障（最低HP）+2000，持续16秒。在副本中，1名水属性盟友（最高攻击力）的TS最终伤害+80%，持续20秒,水属性盟友的弱点SKill最终伤害+15%（副本中：追加弱点skill最终伤害+15%）,神原优希,memorial+wiki,cn
M5-145,145,悲恸的报丧女妖,悲的报衷女妖,悲恸的报丧女妖,,5星,,干扰型,avatars/62508.png,2201,2062,1054,812,788,931,2062,1054,812,788,931,,,,,,,,,,,,,,春野杏,memorial,
M5-146,146,平静的姬瓦,,平静的姬瓦,61199,5星,火,攻击型,avatars/61199.png,,,,,,,,,,,,,,,,,对目标造成113（749）自动攻击伤害,造成495（3045）伤害，自身增加敏捷度20（40）%，持续14秒,,对3名敌人(优先最低HP）造成983（4636）伤害，依据自身每个增益(最多8个増益)造成148（700）伤害，并造成回复增益爆发【移除最后拥有的回复増益，并以x300（701）的系数造成基于该效果的伤害】,,射所有敌人运成2545（8428）伤害，并赋予回复增益爆发(移除最后拥有的回复增益，并以x600系数造成基于该效果的伤害),,增加火属性队友的敏捷度+15%,东城日沙子,memorial+wiki,cn
M5-147,147,冻原吉尔丁,,冻原吉尔丁,61198,5星,水,辅助型,avatars/61198.png,2223,2251,1033,825,766,888,2251,1033,825,766,888,,,,,,对目标造成101（686）自动攻击伤害,造成389（2538）伤害，有70（90.1）%机率使2名盟友(优先:晕眩中或重击中)的晕眩或重击无效,"造成X伤害，有95.1%机率无效2名盟友(优先:晕眩中或重击中)的晕眩或重击,持续10秒",造成704（3983）伤害，3名水性盟友(最高攻击力）的Skill量表充能量+40（74.5）%和攻击力+15（45.4）%，持续16秒。对象为世界王时：后排的5名水靥性盟友(优先:最高攻击力)Skill伤害+20（34.5）%,造成X伤害，5名水性盟友(最高攻击力）的Skill量表充能量+74.5%和攻击力+60.4%，持续16秒。对象为世界王时：后排的5名水靥性盟友(优先:最高攻击力)Skill伤害+49.5%,对随机3名敌人造成1828（6772）伤害，5名水属性盟友(优先最高攻击力)的Tap Skill伤害+50%，持续20秒。对象为世界王时：赋予后排的5名水属性盟友攻击态势(优先:最高攻击力)(只有此状态的Child能在Fever模式中使用Fever攻击),对随机3名敌人造成X伤害，5名水属性盟友(优先最高攻击力)的Tap Skill伤害+50%，持续20秒。对象为世界王时：赋予后排的3名水属性盟友攻击态势(优先:最高攻击力)(只有此状态的Child能在Fever模式中使用Fever攻击),水属性队友的tap skill最终伤害+12%（对象为世界王时，追加水属性盟友的skill量表充能量+15%）,阿部玲子,memorial+wiki,cn
M5-148,148,勇气带给我希望,,梦想家萨图恩,,5星,,,avatars/60168.png,,,,,,,,,,,,,,,,,,,,,,,,,千本木彩花,memorial,
M5-149,149,悲剧的鲁萨尔卡,悲的鲁槿尔卡,悲剧的鲁萨尔卡,,5星,火,辅助型,avatars/60169.png,2248,2259,1041,846,776,904,2259,1041,846,776,904,,,,,,,,,,,,,,明坂聪美,memorial,
M5-150,150,喜剧的阿尔蒂斯,,喜剧的阿尔蒂斯,60167,5星,水,干扰型,avatars/60167.png,,,,,,,,,,,,,,,,,对目标造成102（691）自动攻击伤害,对1名敌人（最高攻击力优先）造成398（2584）伤害，减少skill量表-30（60.4）%,,对2名敌人（优先：水属性）造成690（4014）伤害，Skill量表充能速度-35（65.4）%，且Slide Skill冷却时间+2秒，持续12秒,,对3名敌人(最高攻击力)造成2066（7204）个伤害，Skill量表充能速度-100%，持续12秒，PvP中：有70%机率使敌人的时间系增益无效，持续12秒,,水属性敌人skill量表充能速度-12%（PVP中：水属性敌人SS技能冷却时间+1秒）,村田太志,memorial+wiki,cn
M5-151,151,喜剧的阿尔蒂斯,喜剧的阿尔蒂斯·木,喜剧的阿尔蒂斯,,5星,木,干扰型,avatars_wiki/dcj_578960.png,2217,2065,1062,819,796,945,2065,1062,819,796,945,,,,,,,,,,,,,,村田太志,memorial,dcj
M5-152,152,紫星,,丽凤,,5星,,,avatars/58477.png,,,,,,,,,,,,,,,,,,,,,,,,,冬马由美,memorial,
M5-153,153,珂丝敏,,绫音,,5星,木,,avatars/58476.png,2242,1774,1353,678,745,796,1774,1353,678,745,796,,,,,,,,,,,,,,山崎和佳奈,memorial,
M5-154,154,爱恨交织妲比,爱恨交织姐比,爱恨交织妲比,,5星,,,avatars/57134.png,,,,,,,,,,,,,,,,,,,,,,,,,黑迟屯上,memorial,cn
M5-155,155,自傲的菲尔纳多,,自傲的菲尔纳多,57135,5星,火,辅助型,avatars/57135.png,612,2248,1033,819,766,888,2248,1033,819,766,888,,,,,,对目标造成101（686）自动攻击伤害,造成389（2538）伤害，有60（85.6）%机率移除2名队友的持续伤害减益,造成2563伤害，有90.6%的机率移除3名盟友的持续伤害减益,对随机2名敌人造成704（3983）伤害，并赋予2名火属性队友（最高攻击）双刃剑65（110.2）%（攻击力上升/防御力下降），持续16秒，以及skill量表+20（40.1）%。在副本中：增加TS伤害+25（50.6）%,对随机2名敌人造成4083伤害，并赋予3名火属性盟友（最高攻击力）双刃剑120.2%（攻击力上升/防御力下降），持续16秒，及SKILL量表+45.1%（在副本中，增加TS伤害+50.6%）,对随机3名敌人造成1828（6772）伤害，3名火属性队友（最高攻击力）的skill量表充能速度+60%，持续20秒。在副本中：增加TS最终伤害+30%,对随机3名敌人造成7102伤害，并赋予3名火属性盟友（最高攻击力）SKILL量表充能速度+70%，持续20秒（在副本中，增加TS最终伤害+50%）,火属性队友的skill量表充能速度+15%,中岛由贵,memorial+wiki,cn
M5-156,156,贯刺的卢茵,贵刺的虚茵,贯刺的卢茵,,5星,,,avatars/57133.png,,,,,,,,,,,,,,,,,,,,,,,,,甲斐田中去,memorial,
M5-157,157,君临梅杜莎,,君临梅杜莎,54442,5星,暗,干扰型,avatars/54442.png,2206,2065,1054,819,788,931,2065,1054,819,788,931,,,,,,对目标造成102（690）自动攻击伤害,造成394（2570）伤害，目标的攻击力-15（25.4）%，持续10秒,,对随机2名敌人造成675（3986）伤害，挑衅【有20（6.01）%的几率发动】且自身获得石化之殇【有70（92.8）%几率对1名攻击你的敌人造成石化（10秒内或受到一次攻击前无法行动）】，持续12秒,,对随机3名敌人造成2031（7120）伤害，对石化的敌人造成500加成伤害，且有90%几率造成石化（15秒内或受到2次攻击前无法行动）,,光属性敌人的减益回避率-15%,口,memorial+wiki,cn
M5-158,158,新月露娜,,新月露娜,54443,5星,光,辅助型,avatars/54443.png,,,,,,,,,,,,,,,,,对目标造成101（686）自动攻击伤害,造成387（2537）伤害，有70（90.1）%的几率为2名石化中的盟友移除石化,造成X伤害，有X%几率为2名石化中的盟友移除石化,造成691（3965）伤害，随机3名队友的skill量表充能速度+40（74.5）%，持续16秒。对象为世界王时，赋予5名最高攻击力的光属性队友锐利之刃（依光属性队友的数量增加弱点skill最终伤害3（5.4）%，最多10名），持续2回合,造成X伤害，随机3名盟友的SKILL量表充能速度+X%，持续2回合。对象为世界王时，赋予所有光属性盟友锐利之刃（依光属性盟友的数量增加弱点SKILL最终伤害X%，最多10名）持续2回合,对随机2名敌人造成1798（6712）伤害，无效所有盟友的石化，持续10秒，且最多5名光属性队友弱点skill最终伤害+25%，持续22秒。对世界王限定，后排的攻击力+30%,对随机2名敌人造成X伤害，无效所有盟友的石化，持续10秒，且5名光属性盟友（最高攻击力）弱点SKILL最终伤害+X%，持续22秒。对象为世界王时，后排的攻击力+30%,光属性盟友的SKILL量表充能量+12%（若对象为世界王，则追加12%）,育藤朱夏,memorial+wiki,cn
M5-159,159,逃亡缇丝贝,逃亡缇丝具,逃亡缇丝贝,,5星,水,辅助型,avatars/52603.png,2219,2248,1033,819,766,888,2248,1033,819,766,888,,,,,,,,,,,,,,伊藤美来,memorial,cn
M5-160,160,正义之花玛弗德特,,正义之花玛弗德特,50291,5星,火,,avatars/50291.png,,,,,,,1766,1353,676,739,806,,,,,,对目标造成114（751）自动攻击伤害,对随机2名敌人造成500（3060）伤害，有70（95.6）%机率造成禁止回复(特定效果除外)，持8秒。对象为世界王时，自身有70（90.1）%机率获得觉醒(暴击伤害增加30%，并根据增益数增加Slide Skill伤害)，持续15秒,对随机2名敌人造成3115伤害，有95.6%机率造成禁止回复(特定效果除外)，持8秒。对象为世界王时，自身有95.1%机率获得觉醒(暴击伤害增加30%，并根据增益数增加Slide Skill伤害)，持续2回合,对2名敌人(优先：受到减益)造成1011（4675）伤害的2连击，以及305（806）加成伤害，对火属性敌人造成600（1505）无视防御伤害,对2名敌人(优先：受到减益)造成4875伤害的3连击，以及956加成伤害，对火属性敌人造成1655无视防御伤害,对随机4名敌人造成2606（8540）伤害,对随机4名敌人造成9200伤害，有80%机率造成禁止回复(吸血/HP吸收除外)，持16秒,队长技 U,行成右,memorial+wiki,cn
M5-161,161,正义的马弗德特,,正义的马弗德特,20420,5星,水,,avatars/20420.png,2240,1766,1353,676,739,806,1739,1313,657,718,769,8881,6705,3354,3667,3927,对目标造成112自动攻击伤害,对1名敌人造成477伤害（最低HP优先），对暗属性目标造成150加成伤害,对2名敌人（优先最低hP)造成X伤害，对暗属性目标造成X加成伤害,对3名敌人造成797（4406）伤害与350（696）加成伤害（最低HP优先），禁止回复（吸血/HP吸取除外），持续16秒,对3名敌人（优先最低HP）造成4606伤害及1858加成伤害，造成禁止回复（特定效果除外），持续16秒,对全体敌人造成2341（8071）伤害，对3名敌人造成禁止回复（吸血/HP吸取除外），持续25秒,对全体敌人造成8731伤害，有几率造成禁止回复（吸血/HP吸血除外）持续25秒,光属性盟友的DS最终伤害+15%,行成坊,memorial+wiki,cn
M5-162,162,九尾狐玉藻前,,九尾狐玉藻前,50290,5星,火,攻击型,avatars/50290.png,,,,,,,2065,1054,819,788,931,,,,,,对目标造成102（690）自动攻击伤害,对1名敌人造成394（2570）伤害(优先：流血)，有65（85.1）%机率造成擦伤(增加流血的持续伤害和持续时间)，持续12秒,,到2名敌人(优先：辅助型）造成675（3986）伤害，600（1056）无视防御伤害，并造成流血【每2秒200（801）持续伤害】，持绩12秒,,对3名敌人(优先：攻击型）造成2031（7120）伤害，移除1个增益，并有80%的机率造成诱惑(日标增益效果无效，无法移驸)，持续16秒,,木属性敌人的减益命中率-15%,福原统香,memorial+wiki,cn
M5-163,163,魔姬凯诺,,魔姬庆野,,5星,火,防御型,avatars/47608.png,2212,2476,812,1216,600,667,2476,812,1216,600,667,,,,,,,,,,,,,,田女,memorial,
M5-164,164,决战安妮,决戟安妮,决战安妮,,5星,,,avatars_wiki/destinychild_51433.png,,,,,,,,,,,,,,,,,,,,,,,,,黑濑Φ,memorial,destinychild
M5-165,165,神射手比利,,神射手比利,45490,5星,水,干扰型,avatars/45490.jpg,2212,2062,1062,819,784,940,2062,1062,819,784,940,,,,,,对目标造成102（691）自动攻击伤害,造成396（2583）伤害，skill量表-30（60.4）%,对2名敌人(优先：Skill充能中)造成0000伤害，skill量表-60.4%,对2名敌人造成677（3997）伤害(优先：最低HP)，600（1056）无视防御防害，并造成水蛇(Skil量表充能量-40%，并在受水属性敌人攻击时，500（1605）伤害(伤害量依减益目标类型变化)，持续12秒,对3名敌人(优先：最低HP)造成0000伤害，1056无视防御防害，并造成水蛇(Skill量表充能量-40%，并在受水属性敌人攻击时，0000伤害(伤害量依减益目标类型变化))，敏捷-22%，持续12秒,提升点火等级LV8（DS）,对3名敌人(优先：最低HP)造成0000伤害，禁止回复和潮浪(每有一个水属性盟友，增加800加成伤害，最多10名)，持续16秒,火属性敌人的skill量表充能量-15%,佳穗成美,memorial+wiki,cn
M5-166,166,脸红心跳希特莉,,脸红心跳希特莉,42014,5星,木,攻击型,avatars/42014.png,,,,,,,,,,,,,,,,,对目标造成102（691）自动攻击伤害,对1名敌人造成396（2583）伤害（优先：高攻击力），及Skill量表爆发（重置Skill量表，并依Skill量表比例，造成600（1105）加成伤害）,对2名敌人造成2608伤害（优先：高攻击力），及Skill量表爆发（重置Skill量表，并依Skill量表比例，造成1205加成伤害）,对2名敌人造成677（3998）伤害（优先：攻击型），Skill量表充能度-30%（60.4%），持续12秒，并有70%（90.1%）的几率造成诱惑（目标增益效果无效），及70%（86%）的几率移除1个增益,对3名敌人造成4098伤害（优先：攻击型），Skill量表充能度-65.4%，持续12秒，并有95.1%的几率造成诱惑（目标增益效果无效），及86%的几率移除所有增益,对3名敌人（优先：干扰性）造成2040（7167）伤害，Skill量表充能量-40%，持续16秒，并有80%的几率造成晕眩（在晕眩时受到攻击则多1秒，最多5秒），持续4秒,对3名敌人（优先：干扰性）造成7442伤害，Skill量表充能量-45%，持续16秒，并有85%的几率造成晕眩（在晕眩时受到攻击则多1秒，最多5秒），持续4秒,干扰型敌人的Skill量表充能量-15%（在PvP中，追加全体敌人的Skill量表充能量-10%）,夏川椎菜,memorial+wiki,cn
M5-167,167,自嘲的娜薇,,自嘲的娜薇,42013,5星,木,干扰型,avatars/42013.png,2210,2062,1062,812,788,940,2062,1062,812,788,940,,,,,,对目标造成102（691）自动攻击伤害,造成396（2583）伤害，弱点防御力-13（30.3）%，持续10秒,造成X伤害，弱点防御力-30.3%，持续10秒,对2名敌人造成677（3998）伤害(优先:水属性)，减益回避率-15（27.5）%和减益持时间+23（46.6）%，持续12秒，对世界王限定，造成蔓生物效果【依木属性盟友的数量(最多10名)造成弱点防御力-1.5（5）%】，持12秒,对2名敌人（优先：水属性）造成4098伤害，减益回避率-35.9%，及减益持续时间+51.6%，持续12秒。对世界王限定，造成曼生物效果（依木属性盟友的数量造成弱点防御力-7%（最多10名）），持续12秒,对随机3名敌人造成2039（7162）伤害，弱点防御力-30%和减益持续时间+40%，持16秒,对随机3名敌人造成7492伤害，弱点防御力-50%和减益持续时间+40%，持续16秒,木属性队友的回复量+18%,市濑加那,memorial+wiki,cn
M5-168,168,舞者莎乐美,,舞者莎乐美,42012,5星,水,,avatars/42012.png,,,,,,,1760,1334,667,726,784,6813,3406,3708,4004,,对目标造成113（747）自动攻击伤害,对1名敌人造成456（2992）伤害的2连击（中毒优先）,对1名敌人（中毒优先）造成000伤害的3连击，对中毒的敌人造成000加成伤害,对3名敌人造成954（4592）伤害(优先：最低HP)，和700（1612）无视防御伤害，造成中毒【每当目标行动或受到伤害时，附加400（1344）伤害】，持续2回合,对4名敌人(优先：最低HP)造成000伤害，和000无视防御伤害，造成中毒（每当目标行动或受到伤害时，附加000伤害），持续2回合,提升点火等级LV8（DS）,对4名敌人(优先：最低HP)造成0000伤害，如果目标中毒，则会另外造成500加成伤害,水属性队友的中毒伤害+200,铃代纱弓,memorial+wiki,cn
M5-169,169,光芒莫娜,,光芒莫娜,39101,5星,光,辅助型,avatars/39101.png,2219,2248,1033,618,766,888,2248,1033,819,766,888,,,,,,对目标造成101（686）自动攻击伤害,造成389（2538）伤害，并赋予2名盟友(最低HP)屏障【在HP受影响前，吸收所有敌方攻击900（1508）伤害】，持续10秒,造成X伤害，并赋予3名盟友（最低HP）屏障（在HP受影响前，吸收所有敌方攻击+X伤害），持续12秒,造成704（3983）伤害，3名光属性盟友(最高攻击力)的Skill表充能量+40（74.5）%及弱点Skill最终伤害+20（50.4）%，持16秒。副本中：赋予3名盟友(最低HP)吸血【攻击时回复15（34）%HP】,造成X伤害，3名光属性盟友（最高攻击力）的SKILL量表充能量+X%及弱点SKILL最终伤害+X%，持续2回合。在副本中，赋予3名盟友（最低HP）吸血（攻击时恢复X%HP）,对随机3名敌人造成1828（6772）伤害，并财予5名盟友屏障(在HP受影前吸收所有敌方攻击+2500伤害)，并根据光性盟友数量(最多5名）Drive量表+120，持20秒,对随机3名敌人造成X伤害，并财予5名盟友屏障(在HP受影前吸收所有敌方攻击+X伤害)，并根据光性盟友数量(最多5名）Drive量表+150，持20秒,光属性队友的skill量表充能量+12%（副本中：追加skill量表充能量+8%）,小清水亚美,memorial+wiki,cn
M5-170,170,蜕变妲比,,蜕变妲比,,5星,,,avatars/39102.png,,,,,,,,,,,,,,,,,,,,,,,,,黑沉屯上,memorial,
M5-171,171,蜕变妲比,蛇燮姐比,蜕变妲比,,5星,,,avatars/39102.png,2213,2065,1062,819,784,940,2065,1062,819,784,940,,,,,,,,,,,,,,黑泥屯上,memorial,
M5-172,172,饥饿的丽莫斯,,饥饿的丽莫斯,37415,5星,火,,avatars/37415.png,,,,,,,2065,1062,812,788,940,,,,,,对目标造成102（691）自动攻击伤害,造成396（2583）伤害，60（80.1）%机率增益夺取（移除目标身上的增益效果移到自身）,,对2名敌人(优先：最高防御力）造成677（3998）伤害，75（90.2）%机率造成攻守互换(互换攻力与防御力数值)，持缩20秒，且有75（90.2）%机率造成混乱，持续10秒,,对3名敌人(优先：有增益)造成2039（7162）伤害，70%机率增益夺取(移除目标身上的增益效果移到自身)，和Ski‖量表充能量-35%，持绩16秒,,全体敌人的防御力-15%,,memorial+wiki,cn
M5-173,173,骑士库巴巴,士巴巴,骑士库巴巴,,5星,,,avatars/35221.png,2216,1760,1336,667,734,788,1760,1336,667,734,788,,,,,,,,,,,,,,高乃丽,memorial,
M5-174,174,情热王欧洛拉王,,情热王欧洛拉王,35222,5星,光,防御型,avatars/35222.png,,,,,,,2468,811,1209,596,657,,,,,,对目标造成92（640）自动攻击伤害,造成315（2180）伤害・并赋予2名盟友(优先:最低HP)屏障【在HP受影响前吸收所有敌方攻击+800（1187）伤害】，持续10秒,造成X伤害・并赋予2名盟友(优先:最低HP)屏障【在HP受影响前吸收所有敌方攻击+X伤害】，持续10秒,造成575（3527）伤害，自身获得激怒(累积最多350（502）%所受伤害并一次回击)与所有盟友防御力+35（51.6）%，持续14秒,造成X伤害，自身获得激怒(累积最多X%所受伤害并一次回击)与所有盟友防御力+X%，持续16秒,"对随机2名敌人造成1468（5310）伤害，并赋予最多5名盟友(优先最低HP）屏障【在HP受影响前吸收所有敌方攻撃+2500伤害】，及敌人 Drive Skill伤害防御力+30%,持续15秒","对随机2名敌人造成X伤害，并赋予最多5名盟友(优先最低HP）屏障【在HP受影响前吸收所有敌方攻撃+3000伤害】，及敌人 Drive Skill伤害防御力+30%,持续20秒",全体队友的防御力+15%（若对象为世界王，则追加+15%）,神田瑞贵,memorial+wiki,cn
M5-175,175,炼金术师沃丹,,炼金术师沃丹,33152,5星,木,辅助型,avatars/33152.png,2197,2235,1022,812,753,873,2235,1022,812,753,873,,,,,,对目标造成100（683）自动攻击伤害,造成383（2518）伤害，有70（90.1）%的几率为2名有着skill防御力减益的队友移除skill防御力减益,造成X伤害，有70%的几率为2名有着减益的盟友移除1个减益,造成675（3936）伤害，2名队友（最低HP）最大HP+1600（2360），持续16秒。并有70（90.1）%的几率赋予2名队友（拥有时间系减益优先）时间扭曲（移除目标全部的时间系减益，skiill量表充能速度+40%）。地下迷宫限定，2名队友（最高攻击力）攻击力+15（45.4）%,,对随机3名敌人造成1765（6642）伤害，赋予1名盟友(最高攻击力)狂暴(攻击力+90%且无敌，但效果结束时有100%机率造成5秒量眩)，持续20秒，并且3名盟友(木属性优先)的Skill量表充能量+50%,,木属性队友的skill量表充能速度+12%（地下迷宫期间：全体队友增加攻击力+15%）,小见川千明,memorial+wiki,cn
M5-176,176,浪漫的伊菲斯,,浪漫的伊菲斯,29501,5星,暗,,avatars/29501.jpg,,,,,,,2062,1054,812,784,928,10531,5383,4146,4004,4740,对目标造成102（690）自动攻击伤害,造成393（2569）伤害，减益回避率-15（27.5）%，持续10秒,,对2名最低HP的敌人造成662（3972）伤害，伤害共振（对最多2名目标外最低HP的敌人造成20（40）%对目标所造成的伤害），持续12秒，并有70（90.1）%几率移除一个增益,,对3名随机敌人造成2005（7086）伤害，伤害共振（对最多2名目标外最低HP的敌人造成35%对目标所造成的伤害），持续16秒,,全体敌人的减益回避率-12%,喜多村英梨,memorial+wiki,cn
M5-177,177,纯白的波摩纳,,纯白的波摩纳,29503,5星,光,治疗型,avatars/29503.png,2209,2219,907,1062,873,659,2219,907,1062,873,659,,,,,,对目标造成96（660）自动攻击伤害,造成335（2323）伤害，2名队友（最低HP优先）减益回避率+15（28.8）%，持续10秒,造成2323伤害，3名队友（最低HP优先）减益回避率+37.3%，持续10秒,持续回复191（429）HP（每2秒一次），赋予2名队友（最低HP优先）减益无效（14秒后或是受到1次减益攻击后取消），持续14秒,持续回复484HP（每2秒一次），赋予3名队友（最低HP优先）减益无效（14秒后或是受到1次减益攻击后取消），持续14秒,复活1名已死亡队友至1000HP，并回复3名队友（最低HP优先）1790（2163）HP,复活1名已死亡队友至1000HP，并回复3名队友（最低HP优先）2771HP,光属性队友的回复量（回复、持续回复）+15%,津久井彩文,memorial+wiki,cn
M5-178,178,新娘希尔德,,新娘希尔德,29502,5星,光,,avatars/29502.png,,,,,,,1760,1345,676,734,796,8990,6869,3452,3748,4065,对目标造成113（749）自动攻击伤害,造成495（3045）伤害，对暗属性敌人造成250（755）加成伤害,造成3105伤害，对暗属性敌人造成1055加成伤害及1458无视防御伤害,对3名敌人（优先：最低HP）造成983（4636）伤害以及480（1254）无视防御伤害，对暗属性敌人造成800（2008）加成伤害,对4名敌人（优先最低HP）造成4836伤害，对暗属性敌人造成1554无视防御伤害以及2308加成伤害,对所有敌人造成2547（8437）伤害，赋予自身专注（100%命中率与暴击率），持续20秒,对所有敌人造成9097伤害，赋予自身专注（100%命中与暴击率），持续25秒,光属性队友的攻击力+15%（副本期间：追加弱点skill最终伤害10%）,,memorial+wiki,cn
M5-179,179,先知黛娜,,先知黛娜,28505,5星,火,治疗型,avatars/28505.png,2207,2209,913,1054,873,659,2209,913,1054,873,659,,,,,,对目标造成96（661）自动攻击伤害,造成337（2333）伤害，3名队友（最低HP）的回复量（回复、持续回复）+30（52.1）%，持续20秒,,为3名队友（最低HP优先）回复1291（2910）HP，并赋予屏障（在HP受影响前吸收所有敌方攻击+1400（2160）伤害），持续14秒,,对随机2名敌人造成1545（5970）伤害，为3名队友（最低HP优先）回复1791（2166）HP，并持续回复220（303）HP（每2秒1次），持续16秒,,自身以外的所有队友获得起死回生（复活，仅限一次，第一个阵亡的队友，并回复50%HP）,种田梨沙,memorial+wiki,cn
M5-180,180,神枪手希尔德,,神枪手希尔德,28506,5星,光,,avatars/28506.png,,,,,,,1766,1353,678,739,806,6909,3463,3773,4116,,对目标造成114（751）自动攻击伤害,造成495（3055）伤害，有70（90）%概率自身获得远距离攻击（无视敌人的挑衅、反射），持续18秒，PVP限定，有70（90）%概率自身获得专注（命中率↑并100%暴击）持续18秒,对随机2名敌人造成3115伤害，有95%概率自身获得远距离攻击（无视敌人的挑衅、反射），持续20秒，PVP限定，有95%概率自身获得专注（命中率↑并100%暴击）持续20秒,对2名敌人（优先：最低HP）造成961（4625）伤害的2连击，并造成150（530）加成伤害，PVP限定，对2名敌人造成600（1505）无视防御伤害（最低HP优先）,对2名敌人（优先：最低HP）造成4825伤害的3连击，并造成680加成伤害，PVP限定，对3名敌人造成1655无视防御伤害（最低HP优先）,对全体敌人造成2506（8430）伤害,对全体敌人造成9090伤害。PVP中，对敌人造成700加成伤害,赋予攻击型队友大招最终伤害+20%（在PVP中，全体队友的drive量表充能量追加10%）,,memorial+wiki,cn
M5-181,181,神枪手希尔德,神枪手希尔德·光,神枪手希尔德,,5星,光,,avatars/28506.png,2241,1766,1353,678,739,806,1766,1353,678,739,806,,,,,,,,,,,,,,,memorial,
M5-182,182,骑士达芙妮,,骑士达芙妮,27463,5星,木,防御型,avatars/27463.png,,,,,,,1753,1334,667,734,788,,,,,,对目标造成113（747）自动攻击伤害,造成489（3025）伤害，对防御型目标造成250（686）加成伤害,,对2名敌人（优先：防御型）造成955（4595）伤害的2连击，如果目标为防御型，增加400（1160）加成伤害并吸收350（558）的伤害转成HP,,对所有敌人造成2488（8330）伤害，有70%几率对2名随机敌人造成晕眩（受到攻击时晕眩1秒，5秒为上限），持续4秒,,木属性队友的攻击力+15%,潘幼子,memorial+wiki,cn
M5-183,183,特立独行伽那莎,,特立独行伽那莎,27464,5星,火,辅助型,avatars/27464.png,2195,2235,1022,811,752,868,2235,1022,811,752,868,,,,,,对目标造成100（683）自动攻击伤害,造成383（2518）伤害，2名队友回避率+15（32.3）%（最低HP优先），持续10秒,,造成675（3936）伤害，前排所有child防御力+1000（1732），并赋予2名队友暴击率+43（65.1）%（最高攻击力优先），持续16秒，若对象为世界王，5名火属性队友（最高攻击力优先）暴击率+43（65.1）%及暴击伤害+25（50.6）%，持续16秒,,对随机3名敌人造成1764（6636）伤害，最多5名火属性队友（最高攻击力优先）攻击力+40%，持续20秒，若对象为世界王，赋予最多5名火属性队友（最高攻击力优先）攻击状态（只有此状态的child能在fever模式中使用fever攻击）,,火属性队友的暴击率+15%（若对象为世界王，则追加暴击伤害30%）,新田?,memorial+wiki,cn
M5-184,184,帕拉斯,,帕拉斯,26563,5星,暗,,avatars/26563.png,,,,,,,2235,1022,811,752,868,5219,4140,3840,4433,,对目标造成100（683）自动攻击伤害,造成379（2514）伤害，有70（85.2）%的几率造成标记（队友会集中攻击被标记的敌人，但挑衅优先），持续12秒,,造成657（3923）伤害，为2名队友持续回复104（349）HP（最低HP的队友优先，持续16秒，且有75（90.2）%的几率移除2名队友的持续伤害减益）,,对3名随机敌人造成1739（6608）伤害，3名队友（最低HP优先）skill伤害防御力30%（在经过32秒或是受到4次攻击后移除）与不死（HP不会低于1），持续14秒,,暗属性队友减益持续时间-10%（PVP中，所有队友追加-10%）,≠力,memorial+wiki,cn
M5-185,185,雅典娜,,雅典娜,26562,5星,光,防御型,avatars/26562.png,2216,2476,618,1216,600,659,2476,819,1216,600,659,12647,4182,6210,3064,3365,对目标造成92（642）自动攻击伤害,造成318（2191）伤害，有70（90.7）%的几率赋予自身减益挑衅（代替队友承受1个减益），持续20秒，减益持续时间-20（40.7）%（特定效果除外），持续20秒,造成2216伤害，有90.7%的几率赋予自身减益挑衅（代替队友承受2个减益），持续20秒，减益持续时间-56.7%（特定效果除外），持续20秒,造成540（3504）伤害，赋予自身反射（反射25（40）%受到的伤害）与挑衅（有90%的几率发动），持续12秒,造成3604伤害，赋予自身反射（反射50%受到的伤害）与挑衅（有90%的几率发动）与屏障（在HP受影响前吸收+2160伤害，持续12秒,对随机2名敌人造成1450（5322）伤害，赋予3名队友（最高攻击力优先）反射（反射35%受到的伤害），持续20秒,对随机2名敌人造成5652伤害，赋予4名队友（最高攻击力优先）反射（反射35%受到的伤害），持续20秒,全体队友的最大HP+1500（恶斗擂台中追加+2000）,牛力,memorial+wiki,cn
M5-186,186,净火的狄蜜特,,净火的狄蜜特,25575,5星,火,,avatars/25575.png,,,,,,,2046,1041,811,769,923,10450,5315,4140,3927,4713,对目标造成101（687）自动攻击伤害,造成387（2547）伤害，有75%（95.1%）的几率移除1个增益,,对随机2名敌人造成644（3934）伤害（最低HP优先），造成猛毒【每2秒造成200（904）持续伤害，回复量（回复、持续回复）-50%，无法缩减或延长减益效果】，持续10秒,,对3名敌人造成1967（6983）伤害（有猛毒的敌人优先），防御力-30%，持续16秒，有90%几率造成猛毒增幅（增加猛毒持续伤害，减少更多回复量），持续16秒,,木属性敌人的防御力-15%,达L智秋,memorial+wiki,cn
M5-187,187,勤勉的迪诺,,勤勉的迪诺,25577,5星,水,,avatars/25577.png,1766,1345,676,739,796,,1766,1345,676,739,796,,,,,,对目标造成113（749）自动攻击伤害,提升点火等级LV11（TS）,对随机2名敌人造成3054伤害，对火属性敌人造成1232无视防御伤害。副本中：对火属性敌人造成1205加成伤害造成3024伤害，对火属性敌人造成1232无视防御伤害。副本中：对火属性敌人造成1205加成伤害,对3名敌人造成983（4583）伤害（火属性优先），以及800（1905）无视防御伤害，对火属性敌人造成600（1808）加成伤害,对4名敌人造成4783伤害（火属性优先），以及2205无视防御伤害，对火属性敌人造成2108加成伤害,提升点火等级LV8（DS）,对随机4名敌人造成8993伤害，赋予自身狂暴（攻击力+100%且无敌，但效果结束时有100%几率造成5秒晕眩），持续20秒,水属性队友的弱点技能最终伤害+10%（副本期间：自身追加40%暴击伤害）,椿木味石,memorial+wiki,cn
M5-188,188,伪君子巴贝尔,,伪君子巴贝尔,24594,5星,水,,avatars/24594.png,,,,,,,2065,1054,812,788,931,,,,,,对目标造成102（690）自动攻击伤害,对1名敌人（优先：最高攻击力）造成394（2570）伤害，有75%（95.1%）的概率移除1个增益,对2名敌人（优先：最高攻击力）造成X伤害，有95.1%的概率移除2个增益,对2名敌人造成675（3986）伤害（优先：回复型），skill量表充能量-30%（52.1%），持续12秒，敌人drive量表-8%（19.8%）,对3名敌人造成X伤害（优先：回复型），skill量表充能量-52.1%，持续12秒，敌人drive量表-19.8%。PvP中：减益效果回避率-30.9%，持续12秒,对随机3名敌人造成2031（7120）伤害，移除1个增益，并有80%的机率造成沉默（无法使用技能并重置skill量表），持续5秒,对3名敌人（优先：最高攻击力）造成X伤害，移除1个增益，并有85%的机率造成沉默（无法使用技能并重置skill量表），持续5秒,火属性敌人减益回避率-15%,原岳人,memorial+wiki,cn
M5-189,189,春之贝丝,,春之贝丝,24595,5星,水,防御型,avatars/24595.png,2203,2464,811,6071,600,657,2464,811,1209,600,657,,,,,,对目标造成92（640）自动攻击伤害,造成315（640）伤害，赋予自身和1名盟友（最低hp）最大hp+700(1149)，持续8秒（如果使用者的hp是最低的，将只给予自身）,造成X伤害，赋予自身和2名盟友（最低hp）最大hp+1149&防御力+51.6%，持续8秒（如果使用者的hp是最低的，将只给予自身和1名盟友）,造成575（3529）伤害，赋予自身及最多2名盟友（最低hp）持续伤害减益回避率+25.4%（60%），持续14秒（如果使用者的hp是最低的，将只给予自身及1名盟友），赋予最多5名盟友（优先：最低hp）+1600（2360）屏障（在hp受影响前吸收伤害）,造成X伤害，赋予自身及最多3名盟友（最低hp）持续伤害减益回避率+65%，持续14秒（如果使用者的hp是最低的，将只给予自身及2名盟友），赋予最多5名盟友（优先：最低hp）+2660屏障（在hp受影响前吸收伤害）,赋予2名50%以下的盟友（自身除外）紧急输血（与目标盟友均分40%使用者hp，不受禁止恢复或致命回复影响），赋予自身与最多3名盟友（最低hp）最大hp+2000，持续20秒（如果使用者的hp是最低的，将只给予自身及2名盟友）,赋予2名50%以下的盟友（自身除外）紧急输血（与目标盟友均分45%使用者hp，不受禁止恢复或致命回复影响），赋予自身与最多3名盟友（最低hp）最大hp+2500，持续20秒（如果使用者的hp是最低的，将只给予自身及2名盟友）,水属性盟友的最大hp+2000，自身最大hp+1000,白石晴香,memorial+wiki,cn
M5-190,190,花魁巴托里,,花魁巴托里,23840,5星,火,,avatars/23840.png,,,,,,,1774,1345,676,745,806,,,,,,对目标造成113（749）自动攻击伤害,造成497（3047）伤害，赋予自身呐喊（攻击力+15%（30%），最多叠加3次，持续15秒，有75%（95.8%）的概率直击（无视目标的忍耐状态）,,对2名敌人（优先：最高攻击力）造成每次1009（4666）伤害的2连击和480（1254）无视防御伤害，以及300（1060）加成伤害,,对4名敌人造成2601（8516）伤害（优先：最低hp),,火属性盟友的slide skill最终伤害+15%（在pvp中，自身追加+30%暴击率）,雨宫天,memorial+wiki,cn
M5-191,191,血腥的巴托里,,血腥的巴托里,20740,5星,火,干扰型,avatars/20740.png,2238,1774,1345,806,,,2073,1062,825,788,945,11167,5741,4459,4260,5108,对目标造成102（691）自动攻击伤害,对1名敌人造成398（2584）伤害（最高增益优先），建议回避率-10%（19%），持续20秒，防御力-10%（18.6%），持续8秒,对2名敌人造成2609伤害（优先：最多增益），减益回避率-27.5%，持续20秒，及防御力-28。6%，持续12秒,对2名敌人造成690（4011）伤害（最低HP优先），造成乱舞之刃（防御力下降20%，且每2秒造成200（656）伤害），持续14秒，防御力-700（1495）,对3名敌人（优先：最低HP）造成4111伤害，造成乱舞之刃（防御力下降20%，且每2秒造成806伤害）及防御力-1995，持续14秒,2065（7194）伤害（最高增益优先），造成烙印（每4秒造成【目标增益+1】*250的持续伤害，最多6个增益【最终倍数为7】），持续20秒,对3名敌人（优先：最多增益）造成7524伤害，造成烙印（每4秒造成【目标增益数+1】*350的持续伤害，最多6个增益【最终倍数为7】），持续20秒,全体敌人的大招最终伤害-25%（PVP期间，全体敌人的持续伤害-50%）,雨宫天,memorial+wiki,cn
M5-192,192,嘲笑的提尔峰,嘲笑的提尔锋,嘲笑的提尔峰,,5星,,,avatars/23842.png,,,,,,,,,,,,,,,,,,,,,,,,,德井青空,memorial,cn
M5-193,193,荷米斯,荷米斯,浪费家荷米斯,,5星,木,干扰型,icons/C5f_193.png,2200,2062,1054,812,784,928,2062,1054,812,784,928,,,,,,,,,,,,,,佐藤利奈,memorial,
M5-194,194,神秘的转学生夏娃,,神秘的转学生夏娃,22727,5星,火,干扰型,avatars/22727.png,,,,,,,2062,1054,811,776,928,,,,,,对目标造成102（690）自动攻击伤害,对2名敌人造成393（2569）伤害（优先：有忍耐的敌人），有75（90.2）%的机会移除忍耐,,对2名敌人（优先：干扰型）造成661（3969）伤害，有60（82.8）%的机率造成晕眩（在晕眩时收到攻击，则持续时间多1秒，最多5秒），持续4秒，-800（-1940）敏捷度，持续12秒,,对随机3名敌人造成2003（7077）伤害，赋予slideskil冷却时间+2秒，持续2回合，敌人drive量表-12%,,木属性敌人的减益i 回避率-15%,石川由依,memorial+wiki,cn
M5-195,195,魅力的布丽姬,,魅力的布丽姬,22717,5星,火,防御型,avatars/22717.png,2185,2460,806,1195,584,651,2460,806,1195,584,651,12565,4116,6102,2982,3323,对目标造成92（639）自动攻击伤害,对1名敌人造成313（2171）伤害（有屏障的敌人优先），屏障反制【移除屏障并造成等同剩余屏障HP50%（100%）的伤害】,,对随机2名敌人造成560（3503）伤害，赋予前排5名火属性队友适应痛苦【+850（1328）防御力，全体队友每失去2%HP就提升4%防御力（最多160%）】，持续14秒，伤害反射【反射20%（35%）受到的伤害，在经过14秒或受到3次伤害后移除】,,对随机2名敌人造成1436（5243）伤害，赋予5名火属性队友（最低HP）+2000屏障（在HP受影响前吸收敌人给的伤害），持续20秒，赋予5名火属性队友（最高攻击力）升华痛苦【+200攻击力，全体队友每失去2%HP就提升60%攻击力（最多2400%）】,,火属性队友的防御力+10%,椎名人走名,memorial+wiki,cn
M5-196,196,招揽客人的艾修,,招揽客人的艾修,21666,5星,水,,avatars/21666.png,,,,,,,2452,788,1184,582,641,,,,,,对目标造成91（635）自动攻击伤害,造成305（2140）伤害，赋予自身防御力+25%（41.6%），并获得挑衅（有88%的几率发动），持续10秒,对随机2名敌人造成2165伤害，赋予自身防御力+41.6%，与挑衅（有88%的几率发动），持续10秒。PVP中：自身最大HP+1949，持续10秒,造成530（3450）伤害，5名水属性队友的减益屏障+1400（2160）（施放一个吸收减益伤害的独立护盾），持续14秒，增加回避率+20%,对随机2名敌人造成3550伤害，赋予5名水属性盟友的减益屏障+2160（释放一个吸收减益伤害的独立护盾），并增加回避率+51.6%，持续16秒。PVP中：防御力+40.1%，持续16秒,对随机2名敌人造成1371（5104）伤害，5名水属性队友的最大HP增加+2000，持续16秒,对随机3名敌人造成5434伤害，5名水属性盟友最大HP+2000，持续16秒，并且减益无效（20秒后或是受到1次减益后取消）,水属性队友的最大HP+1200（在PVP中增加自身最大HP+2000）,牧野由依,memorial+wiki,cn
M5-197,197,双面摩亚,,双面摩亚,21860,5星,暗,防御型,avatars/21860.png,2204,2468,811,1211,596,657,2468,811,1211,596,657,12606,4140,6184,3043,3354,对目标造成92（640）自动攻击伤害,造成315（2180）伤害，赋予自身反射【反射15%（22%）受到的伤害】，持续10秒,,造成538（3490）伤害，获得激怒【累积最多350%（502%）所受伤害并一次回击】与挑衅（有90%几率发动），持续12秒,,对随机2名敌人造成1468（5310）伤害，赋予自身技能伤害防御力+35%，持续16秒，与挑衅（有98%的几率发动），持续16秒,,暗属性队友的防御力+12%,5,memorial+wiki,cn
M5-198,198,神乐狼人,,神乐狼人,21861,5星,光,,avatars/21861.png,,,,,,,2057,1048,812,784,931,,,,,,对目标造成101（689）自动攻击伤害,造成391伤害，TS防御力-400（815），持续8秒，对世界王限定，有75%（90.2%）的几率移除激怒增益,造成2585伤害，TS伤害防御力-61.8%，持续12秒，对世界王限定，有90.2%的几率移除激怒增益,对随机2名敌人造成660（3963）伤害，造成600（1056）无视防御伤害，SS防御力-500（1260），持续12秒，对世界王限定，技能伤害防御力-500（1122），持续12秒,对随机3名敌人造成4063伤害，造成1056无视防御伤害，SS防御力-61.8%，持续12秒，对世界王限定，技能伤害防御力-48.9%，持续12秒,对随机3名敌人造成2001（7065）伤害，减益回避率-30%，持续16秒，技能伤害防御力-30%,对随机3名敌人造成7395伤害，减益回避率-35%，持续16秒，技能伤害防御力-40%,暗属性敌人的防御力-15%（若对象为世界王，则追加弱点防御力-10%）,花守子,memorial+wiki,cn
M5-199,199,圣诞勒达,,圣诞勒达,20755,5星,火,辅助型,avatars/20755.png,2197,2235,1022,811,753,873,2235,1022,811,753,873,,,,,,对目标造成100自动攻击伤害,造成383（2518）伤害，1名队友（最高攻击力）的TS伤害+800（1360），持续20秒，并有70%（90.1%）的几率为2名队友移除雪球炸弹,,造成765（3936）伤害，赋予3名队友（最低HP优先）屏障（在HP受影响前吸收+1800（2249）伤害），持续16秒，3名火属性队友（最高攻击力）的攻击力+15%（45.4%），持续16秒。仅限副本：SS伤害+1200（1808）,,对随机2名敌人造成1765（6642）伤害，赋予5名队友（最低HP优先）屏障（在HP受影响前吸收+2000伤害），持续20秒，为3名队友（最低HP优先）持续回复254（271）HP，持续18秒,,火属性队友的TS最终伤害+10%（副本中追加+8%）,伊月LI,memorial+wiki,cn
M5-200,200,神圣的妮可,,神圣的妮可,20754,5星,木,,avatars/20754.png,,,,,,,1752,1334,657,726,784,,,,,,对目标造成113（747）自动攻击伤害,给目标455（2608）伤害的3连击，吸收200（352）伤害并转换为HP,,对2名敌人（最低HP优先）造成929（4567）伤害、800（1905）无视防御伤害，并依据自身每个增益给予148（700）伤害（最多8个增益）,,对随机4名敌人造成2435（8262）伤害，对随机1名敌人造成雪球炸弹（1500伤害，并在10秒后重置技能量表）,,木属性队友的SS最终伤害+10%,小松未可子,memorial+wiki,cn
M5-201,201,神圣的妮可,神圣的妮可·木,神圣的妮可,,5星,木,,avatars_wiki/dcj_579116.png,2204,1752,1334,657,726,784,1752,1334,657,726,784,,,,,,,,,,,,,,小松未可子,memorial,dcj
M5-202,202,漂亮玛尔斯,,漂亮玛尔斯,20753,5星,火,,avatars/20753.png,,,,,,,1753,1334,657,718,776,6813,3554,3667,3963,,对目标造成113自动攻击伤害,造成484伤害，并赋予自身暴击率+45%，持续12秒,,对1名敌人（光属性优先）造成904伤害和470无视防御伤害的3连击，如果目标为光属性，则造成400加成伤害,,对4名敌人（最低HP优先）造成2382伤害,,暗属性队友的攻击力+15%,和气右未,memorial+wiki,cn
M5-203,203,天真维纳斯,,天真维纳斯,20752,5星,光,治疗型,avatars/20752.png,2211,2219,913,1054,873,667,2219,913,1054,873,667,,,,,,对目标造成96自动攻击伤害,为2名队友回复314HP（最低HP优先）,,赋予除了自身以外的4名队友不死（HP不会低于1），持续8秒，并为2名队友（最低HP优先）持续回复231HP（每2秒1次），持续12秒,,对随机2名敌人造成1547伤害，3名队友（最低HP优先）的减益无效（20秒后或是受到2减益攻击后取消），并回复1691HP,,所有队友的回复量（回复、持续回复）+10%,楠木之电?,memorial+wiki,cn
M5-204,204,神秘萨图恩,,神秘萨图恩,20751,5星,光,辅助型,avatars/20751.png,,,,,,,1760,1345,667,739,796,,,,,,对目标造成113自动攻击伤害,造成495（3045）伤害，对光属性目标造成250（686）加成伤害,,对3名敌人（辅助型优先）造成983（4638）伤害和800（1905）无视防御伤害。如果目标为光属性，则造成600（1808）加成伤害,,对随机4名敌人造成2548（8443）伤害，赋予自身弱点技能最终伤害+50%，持续20秒,,暗属性队友的弱点技能最终伤害+10%（副本期间：追加+10%）,千本木彩花,memorial+wiki,cn
M5-205,205,努力派对娜普图,,努力派对娜普图,20750,5星,光,辅助型,avatars/20750.png,2199,2240,1025,811,752,868,2240,1025,811,752,868,,,,,,对目标造成101（684）自动攻击伤害,造成384（2523）伤害，赋予2名队友（最低HP优先）回复量+30%（52.1%），持续20秒。仅限于副本：移除目标的成长增益（攻击力/防御力叠加）5次,造成2525伤害，2名盟友（优先最低hP)回复量+57.1%，持续20秒。在副本中，移除目标的成长增益（攻击力.防御力叠加）5次,造成676（3940）伤害，2名队友（最低HP优先）的技能量表充能速度+30%（64.5%），持续16秒，并且回复1251（2194）HP。仅限副本：赋予1名队友（最高攻击力）双刃剑30%（75.2%）（攻击力上升/防御力下降），持续16秒,造成4040伤害，3名盟友（优先最低HP）的SKILL量表充能速度+69.5%，持续16秒，并且回复2354HP。在副本中，赋予1名盟友（最高攻击了）双刃剑+80.2%（攻击力上上/防御力下降），持续16秒,对随机3名敌人造成1766（6647）伤害，让最多5名队友获得生命连结（将会受到的50%伤害转化为回复2名队友（最低HP）），持续20秒,对随机3名敌人造成6977伤害，让最多5名友军获得生命链接（将受到的50%伤害转化为回复2名友军（最低HP）），持续25秒,所有盟友的SKILL量表充能速度+12%（副本期间追加回复量+15%）,伊藤彩沙,memorial+wiki,cn
M5-206,206,流氓迈达斯,流氓达斯,流氓迈达斯,,5星,,,avatars/20749.png,,,,,,,,,,,,,,,,,,,,,,,,,增田俊树,memorial,cn
M5-207,207,魔术师艾丽,,魔术师艾丽,20748,5星,火,,avatars/20748.png,2210,1760,1334,659,734,788,1760,1334,659,734,788,,,,,,对目标造成113自动攻击伤害,造成489伤害，对世界王造成500加成伤害,,对3名敌人（木属性优先）造成955伤害与850无视防御伤害，对木属性敌人造成600加成伤害。对世界王造成地狱火（每有一名火属性队友就造成1500加成伤害，最多10名）,,对全体敌人造成2488伤害,,火属性队友的SS最终伤害+10%,种崎敦美,memorial+wiki,cn
M5-208,208,派对巨星梅芙,,派对巨星梅芙,20747,5星,火,攻击型,avatars/20747.png,,,,,,,2232,1022,806,752,864,5219,4116,3840,4412,,对目标造成100自动攻击伤害,造成381伤害，2名火属性队友（攻击型）的技能量表+15%,,造成663伤害，3名火属性队友（最高攻击力）的技能量表充能+35%，持续16秒，SS伤害+1400。世界王限定，5名火属性队友（最高攻击力）的弱点技能最终伤害+20%，持续20秒,,对随机3名敌人造成1738伤害，为5名队友回复1525HP（最低HP优先）。世界王限定，后排的所有队友TS伤害+1500，持续20秒,,火属性队友的技能量表充能量+10%（仅限世界王，弱点技能最终伤害+10%）,内田彩,memorial+wiki,cn
M5-209,209,女巫奥凯德,,女巫奥凯德,20746,5星,木,,avatars/20746.png,2195,1752,1329,657,718,769,1752,1329,657,718,769,,,,,,对目标造成113自动攻击伤害,造成482伤害，获得吸血（攻击时回复15%HP），持续20秒,,对3名敌人造成902伤害（水属性优先），对水属性目标造成800无视防御伤害，对随机2名敌人造成烙印（每4秒造成【目标增益数+1】*50的持续伤害，最多6个增益（总共7个）），持续20秒,,对随机4名敌人造成2377伤害，如果目标遭到烙印，则会造成500加成伤害,,木属性队友的攻击力+12%,园崎未惠,memorial+wiki,cn
M5-210,210,夏娃,,琳,,5星,,,avatars_wiki/destinychild_50877.png,,,,,,,,,,,,,,,,,,,,,,,,,平野线,memorial,
M5-211,211,摩亚,摩亚,双面摩亚,,5星,水,治疗型,avatars_wiki/dcj_81474.png,2174,2200,892,1038,860,644,2200,892,1038,860,644,,,,,,,,,,,,,,平野线,memorial,
M5-212,212,女朋友凯萨琳,,女朋友凯萨琳,20744,5星,木,,avatars/20744.png,,,,,,,2046,1041,806,766,920,,,,,,对目标造成101自动攻击伤害,造成386伤害，防御力-350，持续8秒,,对随机2名敌人造成632伤害，有60%的几率造成诱惑（目标增益效果无效，无法移除），持续12秒，有70%的几率可赋予1名敌人标记（队友会集中攻击被标记的敌人，但挑衅优先），持续12秒,,对随机3名敌人造成1940伤害，并造成失明（减少攻击命中率60%），持续14秒，敌人大招量表-10%,,水属性敌人的攻击力-15%,三石琴乃,memorial+wiki,cn
M5-213,213,劈腿的凯萨琳,,劈腿的凯萨琳,20743,5星,火,防御型,avatars/20743.png,2177,2460,796,1195,582,651,2460,796,1195,582,651,,,,,,对目标造成91自动攻击伤害,造成308伤害，并赋予2名队友（最低HP优先）屏障（在HP受影响前吸收+600伤害），持续10秒。副本中，回复自身9%+25HP,,造成544伤害，赋予自身挑衅（有90%几率触发），持续10秒，并获得不死（HP不会低于1），持续10秒。副本中，赋予自身生命连结（将受到的30%伤害转化为回复2名队友（最低HP）），持续12秒,,对随机2名敌人造成1403伤害，赋予5名队友（最低HP优先）反射（反射25%受到的伤害），持续20秒,,全体队友的防御力+8%（在副本中，火属性队友的弱点技能最终伤害+8%）,城中,memorial+wiki,cn
M5-214,214,悲恸的忒提斯,,悲恸的忒提斯,20742,5星,水,,avatars/20742.png,,,,,,,2030,1038,796,758,913,10369,5301,4065,3871,4662,对目标造成101自动攻击伤害,造成384伤害，造成中毒（每当目标行动或受到伤害时造成200伤害），持续2回合，减益回避率-10%，持续8秒,对2名敌人（优先：受到减益）造成2409伤害，造成中毒（每当目标行动或受到伤害时，造成829伤害，且在受到伤害时造成额外伤害），持续2回合，减益效果回避率-22.5%，持续10秒,对2名敌人（受到减益优先）造成618伤害，造成减益爆发（移除1个减益，并以*300的系数造成与该效果相关的伤害），减益持续时间增加+30%，持续12秒,对3名敌人（受到减益优先）造成4000伤害，造成减益爆发（移除1个减益，并以*702的系数造成与该效果相关的伤害），减益持续时间增加+65.4%，持续16秒,对随机3名敌人造成1910伤害，造成中毒（每当目标行动与受到伤害时造成800伤害），持续3回合,对随机3名敌人造成7224伤害，造成中毒（每当目标行动与受到伤害时造成800伤害），持续3回合，且禁止回复，持续16秒,敌人的减益命中率-10%,五十岚丽,memorial+wiki,cn
M5-215,215,新人莫娜,,木莫娜,,5星,木,辅助型,avatars_wiki/destinychild_50584.png,2220,2251,1033,819,766,886,2251,1033,819,766,886,,,,,,,,,,,,,,小清水亜美,memorial,
M5-216,216,淑女巴托里,,,,5星,,,avatars_wiki/dcj_81069.png,,,,,,,,,,,,,,,,,,,,,,,,,雨宫天,memorial,dcj
M5-217,217,复的弗雷,,,,5星,光,,avatars_wiki/dcj_80999.png,2214,1753,1336,667,734,788,1753,1336,667,734,788,,,,,,,,,,,,,,KENN,memorial,dcj
M5-218,218,猫耳尼曼,,猫耳尼曼,20738,5星,光,辅助型,avatars/20738.png,,,,,,,2235,1022,806,752,864,11415,5219,4116,3840,4412,对目标造成100（683）自动攻击伤害,造成381（2517）伤害，有70（90.1）%的几率为2名带有致命回复的队友移除致命回复，且有60（90.4）%的几率充满1名光属性队友（最高攻击力）的skill量表,造成2529伤害，有95.1%的几率为2名带有致命回复的队友移除致命回复，且有95.4%的几率充满2名光属性队友（最高攻击力）的skill量表,造成663（3923）伤害，赋予3名光属性队友（最高攻击力）攻击力+40（80.1）%，持续16秒。副本中，赋予3名光属性队友（最高攻击力）skill伤害+35（100）%，持续16秒。,造成4023伤害，赋予3名光属性队友（最高攻击力）攻击力+95.1%，持续2回合。 副本中，赋予3名光属性队友（最高攻击力）skill伤害+125%，持续2回合。,对随机3名敌人造成1763（6631）伤害，2名队友（最高攻击力）的攻击力+110%，持续20秒，并赋予沉默无效化，持续10秒,对随机3名敌人造成6961伤害，2名队友（最高攻击力）的攻击力+110%，持续33秒，并赋予沉默无效化，持续14秒,光属性队友的减益回避率+15%（副本中追加+15%）,名缘佳织,memorial+wiki,cn
M5-219,219,指引者丽塔,,指引者丽塔,20737,5星,暗,干扰型,avatars/20737.png,2179,2046,1041,806,769,928,2046,1041,806,769,928,10450,5315,4116,3927,4740,对目标造成101（687） 自动攻击伤害,对1名敌人（最高攻击力）造成387（2547）伤害，攻击力-15%（25.4%），持续10秒,,对2名敌人造成644（3934）伤害（最低HP优先），有70%（90.1%）几率造成致命回复（目标回复的生命值会转换为等量的伤害，特定效果除外），持续14秒，技能量表-35%（66.1%）,,对随机3名敌人造成1968（6989）伤害，造成分解（每2秒造成500持续伤害，无法缩短或延长减益效果），持续14秒,,全体敌人的减益回避率-10%,石原夏织,memorial+wiki,cn
M5-220,220,学校泳装妲比,学校泳装姐比,学校泳装妲比,,5星,,,avatars/20736.png,,,,,,,,,,,,,,,,,,,,,,,,,黑沉屯上,memorial,cn
M5-221,221,学校泳装妲比,学校泳装姐比·水,学校泳装妲比,,5星,水,辅助型,avatars/20736.png,2171,2224,1008,796,745,860,2224,1008,796,745,860,,,,,,,,,,,,,,黑沉屯上,memorial,
M5-222,222,烈日沙滩莫娜,烈日沙灌莫娜,烈日沙滩莫娜,,5星,,,avatars/20657.png,,,,,,,,,,,,,,,,,,,,,,,,,小清水亜美,memorial,cn
M5-223,223,仲夏秋牡丹,,仲夏秋牡丹,20656,5星,水,辅助型,avatars/20656.png,2186,2235,1017,806,745,864,2235,1017,806,745,864,,,,,,对目标造成100（682）自动攻击伤害,造成387（2516）伤害，并为2名盟友（最低HP）回复382（814）HP，并赋予2名友军（优先：受到减益）减益无效（10秒后或是受到1次减益攻击后取消）,造成2541伤害，并为3名盟友（最低HP）回复964HP，并赋予3名友军（优先：受到减益）减益无效（20秒后或是受到1次减益攻击后取消）,造成660（3913）伤害，赋予2名队友（最高攻击力）skill量表充能+36.5（74.5）%和攻击力+25（55.4）%，及无敌（无视所有攻击和减益效果，16秒后或是受到1次攻击后消失），持续14秒,造成4013伤害，赋予3名队友（最高攻击力）skill量表充能+74.5%和攻击力+55.4%，及赋予2名盟友（最高攻击力）无敌（无视所有攻击和减益效果，16秒后或是受到2次攻击后消失），持续2回合,对随机3名敌人造成1733（6576）伤害，为2名盟友回复1432（1567）HP（优先：最低HP），2名盟友的skill量表充能速度+45%（优先：最高攻击力），持续20秒,对随机3名敌人造成6906伤害，3名盟友（优先：最低HP），回复1867HP，3名盟友（优先：最高攻击力）skill量表充能速度+60%，持续20秒,水属性盟友的skill量表充能量+20%,,memorial+wiki,cn
M5-224,224,比基尼丽莎,,比基尼丽莎,20655,5星,水,,avatars/20655.png,,,,,,,2232,1017,806,745,864,5193,4116,3804,4412,,对目标造成100自动攻击伤害,造成380伤害，为2名队友持续回复104HP（2秒1次，最低HP优先），持续8秒，并有70%的几率为2名队友移除水球,,造成660伤害，3名木属性队友（最高攻击力）的防御力+25%，持续16秒，弱点技能最终伤害+20%，和70%的几率为2名队友移除冰冻,,对随机3名敌人造成1733伤害，赋予2名队友攻击力+30%（最高攻击力优先），持续20秒，和TS伤害+1600,,木属性队友的弱点技能最终伤害+8%（副本中追加+8%）,饭田里穗,memorial+wiki,cn
M5-225,225,白手伊索德,,白手伊索德,20654,5星,水,干扰型,avatars/20654.png,2185,2057,1041,811,776,923,2057,1041,881,776,923,10506,5315,4140,3963,4713,对目标造成101（687）自动攻击伤害,对随机1名敌人造成387（2547）伤害，有60（82.8）%的几率造成冰冻（skill量表充能减少，持续伤害减益伤害增加），持续8秒。pvp中，1名敌人的skill量表-17（39.8）%,对随机2名敌人造成2572伤害，有87.8%的几率造成冰冻（skill量表充能减少，持续伤害减益伤害增加），持续10秒。pvp中，2名敌人的skill量表-40.8）%,对2名敌人（最高攻击力）造成645（3936）伤害，skill量表充能速度-20（42.8）%，造成水球【被攻击时造成300（1300）加成伤害，如果被攻击2次或经过10秒后，skill量表则会重置】，持续14秒。pvp中，对2名敌人（最高攻击力）造成skill量表爆发【重置skill量表，并skill量表比列，造成400（905）加成伤害】,对3名敌人（最高攻击力）造成4136伤害，skill量表充能速度-47.8%，造成水球（被攻击时造成1700加成伤害，如果被攻击2次或经过10秒后，skill量表则会重置），持续14秒。pvp中，对3名敌人（最高攻击力）造成skill量表爆发（重置skill量表，并skill量表比列，造成1005加成伤害）,提升点火等级LV8（DS）,对3名敌人（优先：回复型）造成7348伤害，有95%的几率造成冰冻（skill量表充能量减少，持续伤害减益伤害增加），持续16秒，及skill量表充能量-45%，持续16秒,火属性敌人的攻击力-15%（PVP中，追加-15%）,M:A: O,memorial+wiki,cn
M5-226,226,奈茵,,奈茵,20653,5星,火,干扰型,avatars/20653.png,,,,,,,2030,1033,796,766,920,,,,,,对目标造成101自动攻击伤害,造成387伤害，技能量表充能-20%，持续10秒,,对2名敌人造成667伤害（干扰型优先），有70%几率重设技能量表，且禁止回复（特定效果除外），持续12秒,,对3名敌人造成2010伤害（受到减益优先），造成减益爆发（移除第一个减益，并根据其效果造成伤害），灼烧（目标的技能伤害防御力-10%）和热伤（受到攻击时，每2秒造成500伤害，持续8秒），持续16秒（当受到灼烧时，在fever time外受到攻击，会再度给予热伤效果）,,干扰型敌人的技能量表充能量-7%（在PVP，全体敌人的技能量表充能量-3%）,藤村步,memorial+wiki,cn
M5-227,227,诺爱儿,,诺爱儿,20652,5星,水,,avatars/20652.png,2203,1753,1334,659,718,784,1753,1334,659,718,784,,,,,,对目标造成113自动攻击伤害,造成485伤害，获得技能量表充能速度+25%，持续12秒,对随机2名敌人造成x伤害，赋予自身SKILL量表充能速度+x%，持续2回合,对1名敌人造成729伤害的2连击，并造成400无视防御伤害（火属性优先），若自己拥有时间系增益时，对目标造成1100固定伤害,对1名敌人（优先火属性）造成x伤害的3连击，x无视防御伤害且对火属性敌人造成x加成伤害，如果自身有时间系增益则对目标造成x固定伤害,对全体敌人造成2284伤害，并对随机1名敌人造成500加成伤害,对全体敌人造成x伤害，并对随机2名敌人造成x固定伤害,水属性盟友的SKILL量表充能量+12%（在PVP中，自身SKILL量表充能量+8%）,近藤佳奈子,memorial+wiki,cn
M5-228,228,我可是完全不知道·228,,,,5星,,,icons/C5f_228.png,,,,,,,,,,,,,,,,,,,,,,,,,磁村知美,memorial,
M5-229,229,星夜阿斯特莉亚,,星夜阿斯特莉亚,20650,5星,木,治疗型,avatars/20650.png,2215,2219,913,1062,873,667,2219,913,1062,873,667,11333,4662,5423,4457,3406,对目标造成96自动攻击伤害,造成337伤害，为2名队友回复214HP（最低HP优先），且赋予秘愈（每次单位行动或受到攻击时，回复200HP），持续12秒,,造成514伤害，有75%的几率移除3名队友的禁止回复（最低HP优先），并回复1091HP,,对随机2名敌人造成1547伤害，为3名队友持续回复300HP（最低HP优先），持续16秒，赋予2名队友秘愈（中毒优先，每次单位行动或受到攻击时，回复1000HP）,,木属性队友的回复量+8%,池上千,memorial+wiki,cn
M5-230,230,甜美的希特莉,,甜美的希特莉,20649,5星,光,,avatars/20649.png,,,,,,,2232,1008,796,745,860,,,,,,对目标造成100自动攻击伤害,造成382伤害，移除世界王的增幅增益（攻击力、防御力叠加）5层消除,造成X伤害，并赋予2名队友（优先最低HP）屏障（在HP受影响前，吸收所有敌方攻击+X伤害），持续10秒。对象为世界王时，移除目标的成长增益（攻击力/防御力叠加）5次,造成658（3899）伤害，9名队友攻击力+1600（2208）（光属性优先），持续14秒，在与世界王战斗期间，SS冷却-2秒，持续2回合，且后排5名队友的SS伤害+1000（1795）（最高攻击力优先），持续20秒,造成3999伤害，9名队友（光属性优先）攻击力+50.4%，持续20秒，在与世界王战斗期间，SS冷却-2秒，持续2回合，且后排5名队友的SS伤害+60.3%（最高攻击力优先），持续20秒,对随机2名敌人造成1751（6564）伤害，赋予前排9名队友（最低HP优先）+2000屏障（在HP受影响前吸收伤害），且后排的9名队友（最高攻击力优先）在对抗世界王期间TS伤害+1500，持续14秒,对随机2名敌人造成6894伤害，赋予前排全体队友（最低HP优先）屏障（在HP受影响前吸收所有地方攻击+2000伤害）持续14秒。对象为世界王时，后排的所有盟友TS伤害+50%,光属性队友的最大HP+2000（若对象为世界王，则追加+3000）,夏川椎菜,memorial+wiki,cn
M5-231,231,甜美的希特莉,甜美的希特莉·光,甜美的希特莉,,5星,光,辅助型,avatars_wiki/destinychild_50631.png,2173,2232,1008,796,745,860,2232,1008,796,745,860,,,,,,,,,,,,,,夏川椎菜,memorial,destinychild
M5-232,232,暗光的凯布利,,暗光的凯布利,20648,5星,光,攻击型,avatars/20648.png,,,,,,,,,,,,,,,,,对目标造成113（747）自动攻击伤害,造成486（3022）伤害，以及100（321）的无视防御伤害，并对干扰型目标造成100（328）加成伤害，并赋予自身减益回避率+20（37.3）％，持续14秒,对随机两名敌人造成3052伤害，以及521的无视防御伤害，并对干扰型目标造成528加成伤害，并赋予自身减益回避+37.3％，持续20秒,对2名敌人造成954（4592）伤害的2连击（优先：干扰型），造成失明（减少攻击命中率20（35.9）%），持续6秒。PvP中，对2名干扰型敌人造成Skill量表爆发（重置Skill量表，并依删除的Skill量表比例，造成500（1005）加成伤害）,对2名敌人造成4642伤害的3连击（优先：干扰型），756加成伤害，造成失明（减少攻击命中率40.9%），持续6秒。PvP中，对2名干扰型敌人造成Skill量表爆发（重置Skill量表，并依删除的Skill量表比例，造成1105加成伤害）,对随机4名敌人造成2585（8427）伤害，有80%的机率对随机2名敌人造成混乱，持续10秒,对随机4名敌人造成9087伤害，有80%的机率对随机2名敌人造成混乱，持续10秒,暗属性盟友的ss最终伤害+15%（在PvP中，自身减益迥避率+15%）,大原节力,memorial+wiki,cn
M5-233,233,转世的柳道士,,转世的柳道士,20647,5星,木,辅助型,avatars/20647.png,2148,2209,866,784,734,848,2209,998,784,734,848,5097,4004,3748,4331,,对目标造成99自动攻击伤害,为2名队友回复330HP（最低HP优先）,,造成579伤害，2名队友持续回复79HP（2秒1次）且+700防御力（最低HP优先），持续14秒，且有70%的几率赋予2名中毒队友解毒（移除中毒并回复中毒在1回合所造成的的伤害）,,为全体队友回复1224HP，且有90%的几率赋予3名中毒盟友解读（移除中毒并回复中毒在1回合所造成的的伤害）,,全体队友的技能量表充能速度+8%,下野然,memorial+wiki,cn
M5-234,234,祈祷的钵里,祈的钵里,祈祷的钵里,,5星,,,avatars/20646.png,,,,,,,,,,,,,,,,,,,,,,,,,访彩花,memorial,cn
M5-235,235,不屈的自请妃,不屈的自妃,不屈的自请妃,,5星,木,,avatars/20621.png,2210,1753,1336,659,734,788,1753,1336,659,734,788,,,,,,,,,,,,,,立花理香,memorial,cn
M5-236,236,盲信的卢茵,盲信的虚茵,盲信的卢茵,,5星,,,avatars/20410.png,,,,,,,,,,,,,,,,,,,,,,,,,甲斐田中去,memorial,cn
M5-237,237,虚幻的迪朗达尔,,虚幻的迪朗达尔,20619,5星,光,辅助型,avatars/20619.png,2180,2232,1017,860,,,2232,1017,796,745,860,5193,4065,3804,4392,,对目标造成100自动攻击伤害,造成380伤害，自身和1名攻击型队友暴击率+30%，持续10秒,,对随机2名敌人造成860（4113）伤害，3名队友的技能量表充能量+35%（69.5%）且SS伤害+1200（1808）（暗属性攻击型队友优先），持续15秒,,对3名敌人造成2032（6901）伤害（光属性优先），造成失明（减少攻击命中率60%），持续25秒，且3名队友的攻击力+30%（最高攻击力的队友优先），持续25秒,,队友的暴击率+15%（恶斗擂台期间，暴击伤害+20%）,竹内良太,memorial+wiki,cn
M5-238,238,白阿斯塔蒂,,白阿斯塔蒂,20618,5星,光,,avatars/20618.png,,,,,,,1752,1334,659,726,776,8948,6813,3365,3708,3963,对目标造成113(747)自动攻击伤害,对1名敌人造成504(3274)伤害（最高攻击力优先），有65%(87.8%)的几率获得直击（无视目标的忍耐状态），持续13秒,对2名敌人造成X伤害（最高攻击力优先），有X%的几率获得直击（无视目标的忍耐状态），持续20秒,以3次攻击造成829(4467)伤害，对1名敌人造成120(500)无视防御伤害（有混乱状态优先），对有混乱或忍耐效果的目标造成175(556)加成伤害,对1名敌人（优先：有混乱的敌人）造成X伤害的3连击，造成X无视防御伤害。对由忍耐或混乱的敌人造成X加成伤害,对4名敌人造成2334(8143)伤害（最高攻击力优先），有70%的几率随机对1名敌人造成混乱，持续10秒，有90%的几率直击（无视目标的忍耐状态），持续18秒,对4名敌人造成7785伤害（最高攻击力优先），有70%的几率随机对2名敌人造成混乱，持续10秒，有90%的几率直击（无视目标的忍耐状态），持续25秒,光属性队友的TS伤害+15%,堀江由衣,memorial+wiki,cn
M5-239,239,穗香,,穗香,20617,5星,火,治疗型,avatars/20617.png,2182,2203,892,1048,864,651,2203,892,1048,864,651,,,,,,对目标造成95自动攻击伤害,造成331伤害，为1名队友回复318HP（最低HP优先）,,为2名队友持续回复150HP（最低HP优先），持续14秒，暴击伤害时获得技能量表+35%,,对随机2名敌人造成1527伤害，对最多5名队友（最低HP优先）持续回复267HP，持续16秒以及+2000暴击，持续20秒,,火属性队友的暴击率+15%（在恶斗擂台中，自身获得+15%暴击率）,野中蓝,memorial+wiki,cn
M5-240,240,玛亚特,,霞,,5星,,,avatars_wiki/destinychild_50866.png,,,,,,,,,,,,,,,,,,,,,,,,,桑岛法子,memorial,
M5-241,241,米里娜,米里娜,荣耀的米里娜,,5星,水,,avatars_wiki/dcj_579110.png,2155,1734,1304,641,694,758,1734,1304,641,694,758,,,,,,,,,,,,,,桑岛法子,memorial,
M5-242,242,玛莉·萝丝,玛莉·丝,玛莉·萝丝,,5星,,,avatars/20615.png,,,,,,,,,,,,,,,,,,,,,,,,,相舞,memorial,cn
M5-243,243,法老克丽欧佩特拉,,法老克丽欧佩特拉,20614,5星,光,,avatars/20614.png,2181,1752,1313,657,712,769,1752,1313,657,712,769,6705,3354,3636,3927,,对目标造成112自动攻击伤害,造成472伤害，对暗属性目标造成209加成伤害且有55%的几率获得专注（100%命中率与暴击率），持续13秒,造成X伤害，对暗属性目标造成X加成伤害且有X%的几率获得专注（100%命中率与暴击率），持续13秒,对2名敌人造成922伤害（最低HP优先），造成800无视防御伤害，并造成诅咒（每秒造成80持续伤害，并在效果结束或移除时造成加成伤害），持续8秒,对3名敌人造成4729伤害（最低HP优先），造成2205无视防御伤害，并造成诅咒（每2秒造成686持续伤害，并在效果结束或移除时造成加成伤害），持续8秒,对4名敌人造成2315伤害（最低HP优先），对有诅咒效果的目标造成500加成伤害,对4名敌人造成8696伤害（最低HP优先），对有诅咒效果的目标造成1000加成伤害,光属性队友的攻击力+15%,麻盒七屯,memorial+wiki,cn
M5-244,244,沙漠的荷鲁斯,,沙漠的荷鲁斯,20613,5星,光,,avatars/20613.png,,,,,,,2030,1033,788,766,920,10369,5275,4024,3912,4699,对目标造成101自动攻击伤害,造成386伤害，目标的攻击力-700，持续8秒，且有60%的几率对一名敌人（有诅咒效果优先）造成诅咒增幅（诅咒持续伤害与持续时间增加），持续8秒,对1名敌人（优先被诅咒）造成X伤害，攻击力-X%，持续10秒，且有X%的几率造成诅咒增幅（诅咒持续伤害和持续时间增加）,对2名敌人（最高攻击力）造成604伤害，造成500无视防御伤害，并造成失明（攻击命中率减少40%），持续12秒,对3名敌人（最高攻击力）造成X伤害及X无视防御伤害，造成失明（攻击命中率减少40%），持续12秒。PVP中，造成诅咒（每2秒造成X持续伤害，并在效果结束或者移除时造成加成伤害），持续8秒,对随机3名敌人造成1885伤害，使3名敌人的持续伤害减益（石化、水球、分解除外）持续时间增加50%，持续6秒，并造成失明（攻击命中率减少60%），持续14秒,对随机3名敌人造成7193伤害，增加减益持续时间50%并造成失明（攻击命中率减少60%），持续14秒,暗属性敌人的攻击力-15%,吉野裕行,memorial+wiki,cn
M5-245,245,月光狼人,,月光狼人,20612,5星,光,辅助型,avatars/20612.png,2149,2219,866,784,852,,2219,998,784,726,852,11333,5097,4004,3708,4351,对目标造成99自动攻击伤害,造成374伤害，1名队友（最高攻击力）攻击力+12%，持续10秒，并有70%的几率为1名队友移除诅咒（诅咒移除时不会受到加成伤害）,,对随机2名敌人造成653伤害，3名暗属性攻击型child攻击力+1200，持续16秒，且有70%的几率赋予觉醒（暴击伤害增加30%，并根据增益数增加SS伤害）,,对随机3名敌人造成1764伤害，并赋予3名队友攻击力+30%和暴击率+50%（暗属性攻击型队友优先），持续20秒,,暗属性队友的攻击力+10%（诸神强袭时追加+5%）,花守中,memorial+wiki,cn
M5-246,246,耳廓狐,,耳廓狐,20611,5星,火,,avatars/20611.png,,,,,,,2209,998,784,726,848,,,,,,对目标造成99自动攻击伤害,造成378伤害，1名队友（最高攻击力）暴击+30%，持续10秒,,造成666伤害，2名队友（最高攻击力）攻击力+1420与防御力+850，持续16秒,,对随机3名敌人造成1738伤害，3名队友的最高HP+1200与敏捷度+1500（最高攻击力优先），持续20秒,,火属性队友的回避率+12%,本宫佳奈,memorial+wiki,cn
M5-247,247,浣熊,,浣熊,20610,5星,水,防御型,avatars/20610.png,2158,2444,788,1184,577,641,2444,788,1184,577,641,,,,,,对目标造成91（635）自动攻击伤害,造成308伤害，获得屏障（在HP受影响前吸收+600伤害），持续10秒,造成2156伤害，获得屏障（在HP受影响前吸收+1604伤害），持续10秒,造成567伤害，获得回避率+25%和挑衅（有88%的几率发动），持续12秒,造成3585伤害，赋予自身回避率+65.6%和挑衅（有90%的几率发动），持续12秒。PVP中：自身防御力+51.6%,对随机2名敌人造成1445伤害，全体队友的回避率+50%，持续15秒,对随机2名敌人造成5511伤害，赋予全体盟友回避率+50%及屏障（在HP受影响前吸收+2500伤害），持续15秒,水属性盟友的防御力+15%,小野早稀,memorial+wiki,cn
M5-248,248,薮猫（限定）,,薮猫（限定）,,5星,,,avatars_wiki/dcj_579113.png,,,,,,,,,,,,,,,,,,,,,,,,,尾崎由香,memorial,
M5-249,249,魔王妲比,魔王姐比,魔王妲比,,5星,火,,avatars_wiki/dcj_579233.png,2209,1760,1334,659,734,784,1760,1334,659,734,784,,,,,,,,,,,,,,小清水亚美,memorial,dcj
M5-250,250,恶毒的卡莉普索,,恶毒的卡莉普索,20577,5星,水,干扰型,avatars/20577.png,,,,,,,1760,1336,667,726,788,,,,,,对目标造成113自动攻击伤害,造成530伤害，对干扰型目标造成350加成伤害,对随机2名敌人造成X伤害，对干扰型目标造成1005加成伤害,对1名敌人造成805伤害3次（干扰型优先），对有中毒效果的目标造成500无视防御伤害，并在世界王战发动潮浪（伤害会依每一水属性队友增加700，最多10名队友）,对1名敌人造成4645伤害4次（干扰型优先），756加成伤害，对有中毒效果的目标造成880无视防御伤害，并在世界王战发动潮浪（伤害会依每一水属性队友增加3555加成伤害，最多10名队友）,对3名敌人造成2588伤害（最低HP优先）,对4名敌人造成9099伤害（最低HP优先）,人物评价：队长全体10%攻击，WB水刀，伤害爆炸！水队必上,佐盒统音,memorial+wiki,cn
M5-251,251,恶毒的卡莉普索,恶毒的卡莉普索·水,恶毒的卡莉普索,,5星,水,,avatars/20577.png,2214,1760,1336,667,726,788,1760,1336,667,726,788,,,,,,,,,,,,,,佐统音,memorial,
M5-252,252,暗黑克星丽莎,,暗黑克星丽莎,20576,5星,水,,avatars/20576.png,,,,,,,1760,1336,676,739,788,,,,,,对目标造成113自动攻击伤害,造成476伤害3次，造成中毒（每当目标行动或受到伤害时造成100伤害），持续2回合,造成X伤害3次，造成中毒（每当目标行动或受到伤害时造成1077伤害），持续2回合,对3名敌人造成881伤害（最低HP优先）与500无视防御伤害，有66%几率赋予自己超载（除了大招，所有技能伤害+30%，增加技能冷却时间，减少技能充能速度），持续23秒,对4名敌人造成X伤害（最低HP优先）与1698无视防御伤害，有91.2%几率赋予自己超载（除了大招，所有技能伤害+30%，增加技能冷却时间，减少技能充能速度），持续2回合,对4名敌人造成2490伤害（最低HP优先），对有持续伤害减益的目标造成减益爆发（取消第一个减益，并造成与该效果相关的伤害）,对4名敌人造成X伤害（最低HP优先），对有持续伤害减益的目标造成减益爆发（取消第一个减益，并造成与该效果相关的伤害）,水属性队友的自动攻击伤害+50,饭田里穗,memorial+wiki,cn
M5-253,253,情报员布朗尼,,情报员布朗尼,20575,5星,木,辅助型,avatars/20575.png,2153,2219,866,788,734,852,2219,998,788,734,852,5097,4024,3748,4351,,对目标造成99自动攻击伤害,造成368伤害，2名木属性队友（攻击型）的技能量表+150,U,造成579伤害，3名木属性队友的减益持续时间-20%（石化除外）且技能量表充能量+30%，持续15秒,U,对随机3名敌人造成1675伤害，有70%的几率造成晕眩14秒（受到攻击时增加晕眩1秒，上限为5秒），并赋予3名队友（最低HP优先）吸血（攻击时回复25%HP）,U,木属性队友的技能量表充能量+8%,二一,memorial+wiki,cn
M5-254,254,解放的玛亚特,,解放的玛亚特,20574,5星,暗,,avatars/20574.png,,,,,,,1739,1313,657,718,776,,,,,,对目标造成112自动攻击伤害,对2名敌人造成447伤害的2连击（有增益优先）,,对全体敌人造成872伤害与500无视防御伤害，有70%几率获得重劈（如果敌人死亡，则随机1名敌人会受到1500加成伤害），持续14秒,,对全体敌人造成2267伤害，获得重生（死亡时：以50%HP复活，拥有充满的技能量表，5倍攻击力叠加），持续10秒,,暗属性队友的SS伤害+5%,伊濑茉莉也,memorial+wiki,cn
M5-255,255,渴望的维尔德,,渴望的维尔德,20573,5星,火,辅助型,avatars/20573.png,2160,2224,1003,788,739,852,2224,1003,788,739,852,,,,,,对目标造成100自动攻击伤害,造成370伤害，2名队友的暴击伤害+20%（最高攻击力优先），持续8秒,,对2名敌人造成568伤害（流血优先），有70%概率造成擦伤（增加流血的持续伤害和持续时间），持续14秒，并使最多5名火属性队友攻击力+1200，持续18秒,,对3个目标造成1670伤害（有擦伤效果的敌人优先），造成流血（每2秒造成120点伤害），且2名队友（最高攻击力优先）的技能量表+35%，持续6秒,,对敌人造成的流血伤害增加+50（恶斗擂台中追加+200）,市来光弘,memorial+wiki,cn
M5-256,256,女仆摩根,女摩根,女仆摩根,,5星,,,avatars/20572.png,,,,,,,,,,,,,,,,,,,,,,,,,上坂机,memorial,cn
M5-257,257,荣耀的米里娜,,荣耀的米里娜,20571,5星,水,辅助型,avatars/20571.png,2178,2224,1017,796,860,,2224,1017,796,745,860,5193,4065,3804,4392,,对目标造成100自动攻击伤害,造成385伤害，1名水属性队友（最高攻击力）的TS伤害+250，持续8秒,造成X伤害，1名水属性队友（最高攻击力）的TS伤害+55.3%，持续8秒,造成660伤害，赋予攻击力最高的3名水属性队友+1500攻击力，持续14秒，以及技能量表充能+30%，持续16秒,造成X伤害，赋予攻击力最高的5名水属性队友+50.4%攻击力，持续16秒，以及技能量表充能量+54.4%，持续16秒,对随机3名敌人造成1982伤害，3名队友（最高攻击力优先）弱点技能最终伤害+20%，持续18秒（在副本中，对随机3名敌人造成1982伤害，最多5名水属性队友的最终弱点技能伤害+30%，持续18秒）,对随机3名敌人造成X伤害，3名队友（最高攻击力优先）弱点技能最终伤害+30%，持续20秒（在副本中，最多5名水属性队友的最终弱点技能伤害+50%，持续20秒）,水属性队友的弱点最终伤害+8%（副本中追加+8%）,庐麻沙美,memorial+wiki,cn
M5-258,258,和洁的雪,,公主初音,,5星,,,avatars_wiki/destinychild_50867.png,,,,,,,,,,,,,,,,,,,,,,,,,雪三勺,memorial,
M5-259,259,SNOW MIKU,,雪初音,,5星,水,治疗型,avatars_wiki/destinychild_50862.png,81,2200,892,1048,864,657,2200,892,1048,864,657,,,,,,,,,,,,,,雪三勺,memorial,
M5-260,260,初音,,初音,20568,5星,水,,avatars/20568.png,,,,,,,2209,1003,784,734,852,,,,,,对目标造成100自动攻击伤害,造成369伤害，3名水属性队友的回复量（持续回复，回复）+30%，持续10秒,造成X伤害，5名水属性盟友的回复量（持续恢复，回复）+X%，持续2回合,对敌人造成605伤害，并赋予3名队友攻击力+1200（最高攻击力优先），持续16秒，并有70%的几率赋予最多5名水属性队友支援（弱点技能伤害+15%，依目前增益数量的比列增加攻击力），持续14秒,对敌人造成X伤害，并赋予3名盟友攻击力+X%（优先最高攻击力），持续16秒，并有X的概率赋予最多5名水属性盟友支援（弱点SKILL伤害+15%，依目前增益数量的比列增加攻击力），持续14秒,对随机2名敌人造成1719伤害，最多5名水属性队友的大招伤害+50%，且1名队友的大招量表+300，持续33秒,对随机3名敌人造成X伤害，最多5名水属性队友的DS伤害+X，持续3回合，且盟友的DRIVE量表+400,水属性盟友的TS最终伤害+15%（副本中追加10%）,初音三久,memorial+wiki,cn
M5-261,261,迪娜希,迪娜希,小不点迪娜希,,5星,水,辅助型,avatars_wiki/dcj_579257.png,2153,2209,1003,784,734,852,2209,1003,784,734,852,,,,,,,,,,,,,,初音三久,memorial,
M5-262,262,夏洛特,,夏洛特,20451,5星,光,,avatars/20451.png,,,,,,,1739,1329,651,718,776,8881,6787,3323,3667,3963,对目标造成113自动攻击伤害,造成465伤害3次,给目标X伤害的3连击,对2名敌人造成952伤害（最低HP优先）与1000无视防御伤害，如果遭屏蔽阻挡会造成1800加成伤害,对2名敌人（优先最低HP）造成X伤害的2连击，对有保护增益敌人造成X无视防御伤害以及X加成伤害,对4名敌人造成2529伤害（最低HP优先）,对全体敌人造成X伤害,光属性盟友的SS最终伤害+15%,平山笑美,memorial+wiki,cn
M5-263,263,魔方魔亚,魔方摩亚,魔方魔亚,,5星,光,干扰型,avatars_wiki/destinychild_50022.png,2022,1022,784,752,907,,1022,784,752,907,,,,,,,,,,,,,,,,memorial,destinychild
M5-264,264,守护神嫦娥,,守护神嫦娥,20449,5星,水,攻击型,avatars/20449.png,,,,,,,1752,1329,659,726,776,,,,,,对目标造成113自动攻击伤害,造成527伤害，对冰冻或石化的目标造成300加成伤害，对水属性目标造成200无视防御伤害,,对1名敌人造成778伤害3次（攻击型优先），吸收200所造成的伤害转换为自己的HP,,对3名敌人造成2330伤害（最低HP优先）,,全体队友的TS伤害+5%,花泽香菜,memorial+wiki,cn
M5-265,265,回忆中的圣诞老人,,回忆中的圣诞老人,20448,5星,水,干扰型,avatars/20448.png,2194,2062,1048,812,776,931,2062,1048,812,776,931,10531,5352,4146,3963,4753,对目标造成101自动攻击伤害,造成385伤害（对木属性造成150加成伤害）,对随机2名敌人造成X伤害，对木属性敌人造成Y额外伤害,对随机2名敌人造成672伤害，有70%的几率造成冰冻（技能量表充能速度与充能量减少，并附加流血或中毒等减益），持续10秒,对2名敌人造成X伤害（优先：最高攻击力）的2连击，有92.8%的几率造成冰冻（技能量表充能速度与充能量减少，并附加流血或中毒等减益），持续10秒，及雪球炸弹,对随机2名敌人造成1875伤害，有90%的几率造成冰冻（技能量表充能速度与充能量减少，并附加流血或中毒等减益），持续16秒,对随机3名敌人造成X伤害，有90%的几率造成冰冻（技能量表充能速度与充能量减少，并附加流血或中毒等减益），持续16秒，且skill量表-45%,水属性敌人的技能量表充能速度-10%,山下大辉,memorial+wiki,cn
M5-266,266,欺瞒的坎普斯,,欺瞒的坎普斯,20447,5星,水,,avatars/20447.png,,,,,,,1766,1336,667,739,788,,,,,,人物评价：靠SS打伤害，对策刀 WB伤害较高（自动机制在哪里）竞技场算了，主活动对策刀,造成483（3022）伤害，对水属性目标造成150（441）加成伤害,,对随机2名敌人造成706（3526）伤害的2连击，吸收20%所造成的伤害转换为自己的HP,,对全体敌人造成2290（8124）伤害,,木属性队友的TS伤害+5%,三森寸寸,memorial+wiki,cn
M5-267,267,驱魔师尼尔提,,驱魔师尼尔提,20446,5星,光,干扰型,avatars/20446.png,2192,2057,1048,811,776,931,2057,1048,811,776,931,10506,5352,4140,3963,4753,对目标造成101自动攻击伤害,造成391伤害，移除1个增益,对随机2名敌人造成X伤害，移除1个增益,对2名敌人造成610（3910）伤害（最高攻击力优先），有75%（90.2%）的几率对敌人造成混乱，持续10秒（最高攻击力优先）,对2名敌人造成4010伤害（最高攻击力优先），有90.2%的几率对敌人造成混乱，持续10秒，及减益效果回避率-27.5%，持续12秒,对3名攻击力最高的敌人造成2017（7075）伤害，移除1个增益，且敌人的大招量表-10%,对3名攻击力最高的敌人造成7405伤害，移除1个增益，且敌人的大招量表-15%,全体敌人的减益回避率-15%,井人上奈勺,memorial+wiki,cn
M5-268,268,禁忌的夏娃,,禁忌的夏娃,20445,5星,火,,avatars/20445.png,,,,,,,1753,1334,659,734,784,8952,6813,3365,3748,4004,对目标造成113（747）自动攻击伤害,对1名敌人（最低防御力）造成485（3021）伤害，对火属性目标造成250（755）加成伤害,对2名敌人（最低防御力）造成3051伤害，对火属性敌人造成905加成伤害,对2名敌人造成4495伤害（优先：最低HP），并造成900加成伤害，造成中毒（每当目标行动或受到伤害时造成1532伤害），持续3回合,伊芙对3名敌人造成4695伤害（优先：最低HP）的2连击，并造成900加成伤害，造成中毒（每当目标行动或受到伤害时造成1244伤害，并在受到伤害时获得额外伤害），持续3回合,【强化前】水属性队友的大招伤害+10%【强化后】水属性队友的大招最终伤害+15%,对全体敌人造成8931伤害，并赋予回复增益爆发（移除最后拥有的增益，并以X600系数造成基于该效果的伤害,水属性队友的大招最终伤害+15%,石川由依,memorial+wiki,cn
M5-269,269,兰菲,,兰菲,20444,5星,暗,干扰型,avatars/20444.png,2184,2057,1041,806,776,928,2057,1041,806,776,928,10506,5315,4116,3963,4740,对目标造成101（687）自动攻击伤害,造成387（2547）伤害，攻击力-15（30.2）%，持续10秒，并有65（85.1）%的几率移除1个增益,对2名敌人（优先：最高攻击力）造成2572伤害，攻击力-35.2%，持续12秒，并有86%的几率移除所有增益,对2名敌人（最高攻击力优先）造成608（3899）伤害和600（1174）无视防御伤害，2名敌人的大招量表-10（21.8）%,对3名敌人（最高攻击力优先）造成3999伤害和1224无视防御伤害，3名敌人的大招量表-21.8%与大招量表充能量-19.8%，持续12秒,对3名敌人造成2012（7043）伤害（最高防御力优先），有70%的概率移除全部增益，且3名敌人的大招量表-10%,对3名敌人造成7373伤害（最高防御力优先），有70%的概率移除全部增益，且3名敌人的大招量表-15%,全体敌人攻击力-15%（在PVP中，光属性敌人攻击力-25%）,水桥力书,memorial+wiki,cn
M5-270,270,弗雷,,弗雷,20443,5星,暗,,avatars/20443.png,,,,,,,1752,1334,657,718,784,8948,6813,3354,3667,4004,对目标造成113自动攻击伤害,对1名敌人造成485伤害（最低HP优先），获得暴击率+40%，持续12秒,,对3名敌人造成612（4225）（135%（182.2%））伤害（最低HP优先）,,对全体敌人造成2484（8308）伤害，对有减益的敌人造成减益爆发（移除第一个减益，并造成与该效果相关的伤害）,,暗属性队友的大招伤害+1000,KENN,memorial+wiki,cn
M5-271,271,复苏的弗雷,,复苏的弗雷,20739,5星,光,干扰型,avatars/20739.png,2202,1752,1334,657,718,784,1753,1336,667,734,788,,,,,,对目标造成113自动攻击伤害,造成438（105%）伤害，对暗属性目标造成300无视防御伤害,造成X（152.4%）伤害，对暗属性目标造成X无视防御伤害级X加成伤害,对2名敌人造成955伤害的2连击（干扰型优先）与150无视防御伤害。仅限于副本：对暗属性敌人造成300加成伤害,造成4698的2连击，以及对2名敌人（优先干扰性）680无视防御伤害，对暗属性敌人造成906加成伤害,造成18105（260%）伤害，对随机2名敌人造成诅咒（每2秒造成300持续伤害，并在效果结束或移除时造成加成伤害），持续8秒,造成19497（280%）伤害，对随机2名敌人造成诅咒（每2秒造成500持续伤害，并在效果结束或移除时造成加成伤害），持续8秒,光属性队友的SS伤害+12%（副本期间：弱点技能伤害+12%）,KENN,memorial+wiki,cn
M5-272,272,沉着的达斯,,审美的万达斯,,5星,,,avatars/20442.png,,,,,,,,,,,,,,,,,,,,,,,,,增田俊树,memorial,
M5-273,273,傅教的黛娜,,宣言的黛娜,,5星,光,防御型,avatars/20441.png,2216,2476,618,1216,600,659,2476,618,1216,600,659,,,,,,,,,,,,,,种田梨沙,memorial,
M5-274,274,迟疑的梅提斯,,迟疑的梅提斯,20440,5星,暗,,avatars/20440.png,,,,,,,2219,907,1062,873,659,11333,4631,5423,4457,3365,对目标造成96自动攻击伤害,造成335伤害，为1名队友回复201HP（最低HP优先）,,赋予2名队友不死（HP不会低于1）与持续回复3%+21HP（每2秒1次，最低HP优先），持续10秒,,赋予2名队友（最低HP优先）狂暴（14秒开放攻击力+70%且无敌，但效果结束时有100%几率造成5秒晕眩）,,暗属性队友的回复量（持续回复、回复）+5%,田村帅加?,memorial+wiki,cn
M5-275,275,正义的马弗德特,正义的马弗德特·光,正义的马弗德特,,5星,光,,avatars/20420.png,2179,1739,1313,657,,,1739,1313,657,,,,,,,,,,,,,,,,行成之友,memorial,
M5-276,276,迪娜希,小不点迪娜希,小不点迪娜希,20419,5星,火,,avatars/20419.png,,,,,,,2452,806,1192,582,644,12524,4116,6087,2972,3288,对目标造成92自动攻击伤害,造成326伤害，赋予最多5名火属性队友屏障（在HP受影响前吸收+500伤害），持续8秒,,造成572（3515）伤害，赋予最多5名火属性队友变双刃剑（攻击力上升/防御力下降70%（115.2%）），持续16秒,,对随机2名敌人造成1474（5278）伤害，并赋予对敌人大招伤害的防御力+30%，持续15秒,,敌人对火属性队友的TS伤害防御力+10%,访力,memorial+wiki,cn
M5-277,277,阳光的嫦娥,,阳光的嫦娥,20418,5星,水,辅助型,avatars/20418.png,2192,2232,1022,806,752,868,2232,1022,806,752,868,11400,5219,4116,3840,4433,对目标造成100（683）自动攻击伤害,造成381（2517）伤害，有57.5%（87.9%）的几率充满随机1名队友的技能量表（自身除外）,造成2529伤害，有90.4%的几率充满自身以外2名盟友（正在充能skill）的skill的量表,对敌人造成663（3923）伤害，并使2名队友（最高攻击力优先）的技能量表充能量+40%（78%）且SS冷却-2秒，持续2回合,对随机2名敌人造成4023伤害，并使3名队友（最高攻击力优先）的技能量表充能量+83%，且SS冷却-2秒，持续2回合,【强化前】对随机3名敌人造成6663伤害，有80%的几率造成晕眩（受到攻击时晕眩1秒，5秒为上限），持续12秒，且1名队友的大招量表+400，持续12秒【强化后】对随机3名敌人（优先：充能skill）造成6993伤害，有80%的几率造成晕眩（受到攻击时晕眩1秒，5秒为上限），持续12秒，队友的大招量表+400,对3名敌人（优先：充能skill中）造成6993伤害，有80%的几率造成晕眩（受到攻击时晕眩1秒，5秒为上限），持续12秒，且1名队友的大招量表+400,水属性队友的技能量表充能量+15%,花泽香菜,memorial+wiki,cn
M5-278,278,优柔寡断的鲁薩尔卡,,优柔寡断的鲁薩尔卡,20417,5星,水,,avatars/20417.png,,,,,,,2209,907,1054,873,657,11282,4631,5383,4457,3354,对目标造成96自动攻击伤害,为2名队友回复233HP（最低HP优先）,造成X伤害，为3名盟友回复XHP（优先最低HP）,赋予2名队友不死（HP不会低于1），持续10秒，与持续回复4%+21HP（每秒1次，最低HP优先），持续8秒,赋予3名盟友不死（HP不会低于1）持续10秒，与持续恢复X%+XHP（每2秒1次）（优先最低HP），持续12秒,为3名队友回复20%+90HP（最低HP优先），赋予不死（HP不会低于1），持续14秒,"为4名盟友（优先最低HP）回复X%+XHP,并赋予不死（HP不会低于1），持续14秒",水属性盟友逇回复量（持续恢复、回复）+15%,明坂美,memorial+wiki,cn
M5-279,279,赞美的绪林克斯,,赞美的绪林克斯,20416,5星,木,治疗型,avatars/20416.png,2197,2209,904,1048,873,659,2209,904,1048,873,659,11282,4617,5352,4457,3365,对目标造成96自动攻击伤害,造成335伤害，赋予1名队友忍耐（在经过10秒或受到2次物理攻击后移除，最高攻击力优先）,,赋予2名队友忍耐（在经过20秒或受到3次物理攻击后移除），并持续回复141（379）HP（2秒1次，最低HP优先），持续14秒,,赋予3名队友忍耐（在经过15秒或受到3次物理攻击后移除），并持续回复199（281）HP（2秒1次，最低HP优先），持续16秒,,木属性队友的回复量（持续回复、回复）+5%,大龟克力,memorial+wiki,cn
M5-280,280,白炎的赫斯提亚,,白炎的赫斯提亚,20415,5星,火,干扰型,avatars/20415.png,,,,,,,1752,1313,657,718,776,,,,,,对目标造成112自动攻击伤害,对1名敌人造成477（2986）伤害（最低HP优先），对木属性目标造成150（586）加成伤害,,对2名敌人造成797（4406）伤害（最低HP优先），造成流血（每2秒造成1次100（563）持续伤害），持续12秒，若目标为干扰型则造成120（363）加成伤害,,对全体敌人造成2317（8051）伤害,,火属性队友的大招伤害+10%,田村睦心,memorial+wiki,cn
M5-281,281,黑炎的赫斯提亚,黑炎的赫斯提亚,,,5星,火,,avatars/20415.png,2184,1752,1313,657,776,,1752,1313,657,776,,,,,,,,,,,,,,,田村睦心,memorial,
M4-000,0,暗夜祭泰风,,暗夜祭泰风,89791,4星,暗,辅助型,avatars/89791.png,1304,1316,508,,,,1316,508,,,,,,,,,对目标造成73（566）自动攻击伤害,造成233（2161）伤害，1名队友（最高攻击力优先）暴击率+30（41）%，持续10秒,造成2169伤害，2名队友（最高攻击力优先）暴击率+41%，持续10秒,对随机2名敌人造成448（3134）伤害，赋予2名盟友（优先：最低HP）敏捷度+800（1215），及屏障【在HP受影响前，吸收+1000（1608）所有敌方攻击伤害，无法与减益屏障同时启用】，持续14秒,对随机2名敌人造成3184伤害，赋予3名盟友（优先：最低HP）敏捷度+35.8%，及屏障（在HP受影响前，吸收+1808所有敌方攻击伤害，无法与减益屏障同时启用），持续14秒,对随机3名敌人造成1120（5846）伤害，赋予3名盟友（优先：最低HP）屏障（在HP受影响前，吸收+1500所有敌方攻击伤害，无法与减益屏障同时启用），持续16秒,对随机3名敌人造成6066伤害，赋予3名盟友（优先：最低HP）屏障（在HP受影响前，吸收+1500所有敌方攻击伤害，无法与减益屏障同时启用），及3名队友（最高攻击力优先）暴击率+50%，持续16秒,暗属性队友的最大HP+1500,小田久史,memorial+wiki,cn
M4-001,1,歌唱的艾蔻,,歌唱的艾蔻,86652,4星,火,防御型,avatars/86652.png,,,,,,,,,,,,,,,,,对目标造成69（530）自动攻击伤害,造成197（1883）伤害，赋予自身防御力+15（28.1）%，持续10秒,造成1890伤害，赋予自身防御力+33.1%，持续10秒,造成395（2805）伤害，自身获得生命连接【将受到的11（39.3）%伤害转化为回复2名队友（最低HP）】，持续10秒，并赋予自身挑衅（有85%的几率启动），持续10秒,造成2855伤害，2名盟友（最低HP）获得生命连结【将受到的48.3%伤害转化为回复2名盟友（最低HP）】，持续12秒，并赋予自身挑衅（有85%的几率启动），持续12秒,对随机2名敌人造成883（4650）伤害，赋予5名火性盟友的防御力20，持续+30%秒,对随机2名敌人造成4870伤害，赋予5名火性盟友防御力+30%，持续20秒及屏障（在HP受影前，吸收+2000所有敌方攻击伤害，无法与减益屏障同时启用），持续16秒,火属性队友的防御力+12%,石井麻美,memorial+wiki,cn
M4-002,2,赛车手妲比,赛车手姐比,赛车手妲比,,4星,火,干扰型,avatars/83951.png,1326,1219,624,480,462,553,1219,624,480,462,553,,,,,,,,,,,,,,黑沉电上,memorial,cn
M4-003,3,旁观者奥德修斯,,旁观者奥德修斯,82899,4星,木,辅助型,avatars/82899.png,,,,,,,,,,,,,,,,,造成73（566）自动攻击伤害,造成234（2167）伤害，赋予2名盟友(最高攻击力)吸血【攻击时回复10（17.6）%HP】，持续10秒,造成2175伤害，赋予2名盟友(最高攻击力)吸血（攻击时回复17.6%HP），持续12秒,造成449（3143）伤害，3名队友（最低HP）回避率+15（40.6）%，持续16秒,造成3193）伤害，并赋予3名队友（最低HP）回避率+45.6%和屏障（在HP受影响前，吸收所有敌方攻击+1608伤害），持续16秒,对随机3名敌人造成1087（5834）伤害，赋予3名盟友(优先:最低HP)回避率+32%和吸血(攻击时回复25%HP)，持续18秒,对随机3名敌人造成6054伤害，赋予3名盟友(优先:最低HP)回避率+36%和吸血(攻击时回复25%HP)，持续20秒,木属性队友的回避率+12%,山口智,memorial+wiki,cn
M4-004,4,固执的弗林斯,,固执的弗林斯,63850,4星,火,干扰型,avatars/63850.png,1219,620,480,462,550,,620,480,462,550,,,,,,,对目标造成118（573）自动攻击伤害,造成305（2224）伤害，防御力-455（1145），持续8秒,造成2231伤害，防御力-1145，持续8秒,对随机2名敌人造成556（3197）伤害，有45（64.8）%的几率造成晕眩（受到攻击时晕眩1秒，5秒为上限），持续4秒,对随机2名敌人造成3247伤害，并造成435无视防御伤害（木属性优先），有68.8%的几率造成晕眩（在晕眩时受到攻击，则持续时间多1秒，最多5秒），持续4秒,对3名敌人（晕眩中优先）造成1112（6072）伤害，如果目标晕眩中则造成500无视防御伤害,对3名敌人造成6292伤害（晕眩中优先），如果目标晕眩中则造成500无视防御伤害，及skill量表充能速度-30%，持续12秒,木属性敌人的防御力-10%,演敬祐,memorial+wiki,cn
M4-005,5,暗永恒之枪,暗永恒之檐,暗永恒之枪,,4星,,,avatars/26566.png,,,,,,,,,,,,,,,,,,,,,,,,,の,memorial,cn
M4-006,6,批判的哥摩拉,,批判的哥摩拉,26565,4星,光,防御型,avatars/26565.png,1325,1465,480,712,347,384,1465,480,712,347,384,,,,,,对目标造成69（530）自动攻击伤害,造成192（1530）伤害的2连击，并对1名敌人（最高攻击力优先）造成失明（减少攻击命中率20（35.9）%），持续6秒,,造成407（2818）伤害，赋予自身反射（反射12（19.4）%受到的伤害），持续14秒，且3名友军（自身除外）获得skill伤害防御力+12（23.7）%（在经过14秒或受到2次攻击后移除）,,对随机2名敌人造成906（4677）伤害，赋予随机5名队友反射（反射10%受到的伤害，持续15秒）,,所有光属性队友的skill伤害防御力+10%,平囤歌恋,memorial+wiki,cn
M4-007,7,浑沌的海卓拉,,浑沌的海卓拉,26564,4星,暗,,avatars/26564.png,,,,,,,1219,619,475,457,550,,,,,,对目标造成74（573）自动攻击伤害,造成244（2222）伤害，目标的攻击力-10（19.7）%，持续10秒,,对随机2名敌人造成519（3266）伤害，减益回避率-10（19）%，持续12秒,,对随机2名敌人造成1201（6166）伤害，攻击力-30%和减益回避率-20%，持续16秒,,全体敌人的减益回避率-8%,小川子,memorial+wiki,cn
M4-008,8,被遗弃的生物,被遗栾的生物,被遗弃的生物,,4星,火,辅助型,avatars/24596.png,1304,1316,505,,,,1316,505,,,,,,,,,,,,,,,,,声田雏,memorial,cn
M4-009,9,做梦的未知者,,做梦的未知者,22728,4星,暗,,avatars/22728.png,,,,,,,1304,529,616,513,384,,,,,,对目标造成71（545）自动攻击伤害,造成206（1995）伤害，为1名最低HP的队友回复218（1039）HP,,造成379（2972）伤害，为2名最低HP的队友回复866（1934）HP，减益回避率+15%（+21.9%），持续12秒,,对随机2名敌人造成854（5112）伤害，有80%的几率为3名队友移除1项减益，为3名最低HP的队友回复1102（1458）HP,,暗属性队友的减益回避率+8%,田代安梨,memorial+wiki,cn
M4-010,10,拦网崔斯坦,,拦网崔斯坦,21406,4星,木,攻击型,avatars/21406.png,80,1032,777,382,,,1032,777,382,,,,,,,,,,,,,,,,高坂黛志,memorial+wiki,cn
M4-011,11,热血的阿伽门农,,热血的阿伽门农,21407,4星,木,,avatars/21407.png,,,,,,,1209,616,467,452,540,,,,,,对目标造成74自动攻击伤害,造成242伤害，攻击力-400，持续8秒，并有40%的几率移除1个增益,,对2名敌人造成456伤害（优先：技能充能加速增益）和300无视防御伤害，有40%的几率造成时间窜改（移除目标所有时间系增益，并减少技能量表充能速度40%），持续12秒,,对随机3名敌人造成1196伤害，技能量表充能量-30%，持续16秒,,水属性敌人的技能充能速度-10%,长井新,memorial+wiki,cn
M4-012,12,守护安卡,守安卡,守护安卡,,4星,木,防御型,avatars/21408.png,60,1456,705,342,379,,1456,705,342,379,,,,,,,,,,,,,,,志村贵博,memorial,cn
M4-013,13,唱歌的芭丝特,,唱歌的芭丝特,21409,4星,光,,avatars/21409.png,,,,,,,1312,590,462,433,505,10143,4562,3570,3345,3905,对目标造成73自动攻击伤害,造成233伤害，有60%的几率为1名队友移除混乱,,造成446伤害，为2名队友持续回复67HP（最低HP优先），持续16秒，且有70%几率移除2名队友的持续伤害减益,,对随机3名敌人造成1098伤害，为3名队友回复516HP（最低HP队友优先）,,光属性队友的弱点防御力+5%,樱千依,memorial+wiki,cn
M4-014,14,敬爱皮耶塔丝,,敬爱皮耶塔丝,21410,4星,暗,,avatars/21410.png,1036,792,392,428,459,,1036,792,392,428,459,,,,,,对目标造成81自动攻击伤害,造成297伤害，获得暴击率+20%，持续12秒,,对2名敌人攻击2次（最低HP优先），每次为附带220加成伤害的394伤害,,对随机4名敌人造成1108伤害,,全体队友的暴击+10%,俊藤沙绪里,memorial+wiki,cn
M4-015,15,不请自来的鲁道夫,,不请自来的鲁道夫,21411,4星,火,,avatars/21411.png,,,,,,,1316,598,470,438,505,,,,,,对目标造成73自动攻击伤害,造成234伤害，有70%的几率为1名队友移除冰冻,,造成449伤害，并有80&的几率赋予2名队友攻守转换（攻击力和防御力互换），持续20秒（最低HP优先）,,对随机3名敌人造成1086伤害，3名队友的攻击力+25%（最高攻击力优先），持续25秒,,全体队友的攻击力+8%,上村祐翔,memorial+wiki,cn
M4-016,16,沉默的妖精,,沉默的妖精,21412,4星,火,防御型,avatars/21412.png,1256,1427,348,,,,1427,448,676,316,348,,,,,,对目标造成67自动攻击伤害,造成187伤害，获得防御力+580，持续10秒,,造成383伤害，获得屏障（在HP受影响前吸收+1200伤害）与挑衅（有85%的几率发动），持续10秒,,对随机2名敌人造成851伤害，并赋予2名队友屏障（在HP受影响前吸收+2000伤害），持续20秒（最低HP优先）,,火属性队友的最大HP+800,浅科准平,memorial+wiki,cn
M4-017,17,沉默的红鼻子,,沉默的红鼻子,21413,4星,木,,avatars/21413.png,,,,,,,1305,585,457,417,494,,,,,,对目标造成73自动攻击伤害,造成229伤害，随机1名队友防御力+10%，持续10秒,,造成419伤害，并有50%的几率为2名队友移除持续伤害，例如：流血或中毒,,对随机3名敌人造成1072伤害，并赋予3名队友屏障（HP受影响前吸收+1200伤害，最低HP优先），持续18秒,,全体队友的防御力+7%,须藤翔,memorial+wiki,cn
M4-018,18,异界的梅林,,异界的梅林,21414,4星,光,治疗型,avatars/21414.png,1304,382,,,,,1304,529,616,513,382,,,,,,对目标造成71自动攻击伤害,造成210伤害，回复量（持续回复、回复）-40%，持续12秒,,造成372伤害，2名队友回复516HP，并持续回复140HP（2秒1次，最低HP优先），持续12秒,,对随机2名敌人造成854伤害，为3名队友持续回复110HP（每2秒1次，最低HP优先），持续18秒，若目标有会造成伤害的减益，额外回复50HP,,全体队友的持续回复量+40,藤田彩,memorial+wiki,cn
M4-019,19,镜之维多莉丝,,镜之维多莉丝,21415,4星,光,,avatars/21415.png,,,,,,,1028,772,379,412,452,7946,5968,2929,3184,3493,对目标造成80自动攻击伤害,造成298伤害，回复量（持续回复、回复）-25%，持续8秒,对2名敌人造成2618伤害（最低HP优先），回复量（持续回复、回复）-67%，持续8秒,对3名敌人造成587伤害（暗属性优先）与300无视防御伤害，获得反射（反射9%受到的伤害），持续15秒,对3名敌人造成3720伤害（暗属性优先）与880无视防御伤害，对暗属性敌人造成577额外伤害，获得反射（反射20.6%受到的伤害），持续15秒,对3名敌人造成1460伤害（最低HP优先），造成流血（每2秒造成200伤害），持续10秒，有90%的几率禁止回复（吸血/HP吸收除外），持续14秒,对4名敌人造成7395伤害（最低HP优先），造成流血（每2秒造成200伤害），持续10秒，有90%的几率禁止回复（吸血/HP吸收除外），持续14秒,光属性队友的TS最终伤害+10%,永野希,memorial+wiki,cn
M4-020,20,沉默的厄洛斯,,沉默的厄洛斯,21416,4星,暗,治疗型,avatars/21416.png,66,528,611,505,382,,1299,528,611,505,382,,,,,,对目标造成71自动攻击伤害,造成206伤害，有50%的机会移除敌人的回复增益（持续回复、吸血、增加的回复量）,,对随机2名敌人造成378伤害，2名队友（最低HP优先），每个持续回复167HP（每2秒1次）,,3名队友（最低HP优先）回复1000HP，如果是暗属性则额外回复200HP,,暗属性队友的持续回复量+50,Lynn,memorial+wiki,cn
M4-021,21,无聊的墨尔波墨涅,,无聊的墨尔波墨涅,21417,4星,暗,,avatars/21417.png,,,,,,,1312,595,462,433,505,,,,,,对目标造成73自动攻击伤害,造成233伤害，随机1名队友暴击率+30%，持续10秒,造成X伤害，随机1名队友（最高攻击力优先）暴击率+X%，持续10秒,2名队友的暴击率+30%与暴击伤害+25%（最高攻击力优先），持续16秒,造成2557伤害，2名队友的暴击率+59.4%与暴击伤害+68.7%（最高攻击力优先），持续16秒,对随机2名敌人造成1119伤害，2名队友（最高攻击力优先）+25%技能伤害，持续16秒，有75%几率随机造成1名敌人混乱，持续10秒,对随机2名敌人造成6061伤害，2名队友（最高攻击力优先）+25%技能伤害，持续16秒，有75%几率随机造成混乱，持续10秒,全体队友的暴击率+12%,羽饲丰b,memorial+wiki,cn
M4-022,22,战场的涅伊特,,战场的涅伊特,21418,4星,火,,avatars/21418.png,1305,1032,777,379,412,449,1032,777,379,412,449,,,,,,对目标造成81自动攻击伤害,造成300伤害，造成流血（每2秒造成45伤害），持续6秒,,给目标439伤害的3连击（300无视防御伤害）,,对3名敌人造成1454伤害（最低HP优先），以及500无视防御伤害，有90%的几率禁止回复（吸血/HP吸取除外），持续10秒,,火属性队友的TS伤害+80,松田水,memorial+wiki,cn
M4-023,23,芬芳的欧罗巴,芬芳的欧巴,芬芳的欧罗巴,,4星,,,avatars/21419.png,,,,,,,,,,,,,,,,,,,,,,,,,下田麻美,memorial,cn
M4-024,24,忧郁的尼曼,,忧郁的尼曼,21420,4星,暗,干扰型,avatars/21420.png,6071,548,,,,,548,,,,,,,,,,,,,,,,,,名嫁佳织,memorial+wiki,cn
M4-025,25,暗夜塞勒涅,,暗夜塞勒涅,21421,4星,木,,avatars/21421.png,,,,,,,1289,515,609,494,377,,,,,,对目标造成70自动攻击伤害,为2名队友回复184HP（最低HP优先）,,为3名队友回复381HP（最低HP优先），并持续回复110HP（每2秒1次），持续10秒,,对随机2名敌人造成841伤害，3名队友（最低HP优先）则各持续回复110HP（每2秒1次），且如果状态不正常则额外回复60HP,,木属性队友的回复量+8%,本泉莉奈,memorial+wiki,cn
M4-026,26,懒散的玛雅乌尔,懒散的玛雅扁尔,懒散的玛雅乌尔,,4星,水,辅助型,avatars/21422.png,1305,1316,508,,,,1316,508,,,,,,,,,,,,,,,,,佐勺木未来,memorial,cn
M4-027,27,一触即发的达奴,,一触即发的达奴,21423,4星,水,,avatars/21423.png,,,,,,,1032,777,382,414,449,,,,,,对目标造成81自动攻击伤害,造成300伤害，造成中毒（每当目标行动与受到伤害时造成150伤害），持续3回合,,给目标439伤害的3年级（300无视防御伤害）,,对随机4名敌人造成1319伤害,,水属性队友的暴击+400,前田佳织里,memorial+wiki,cn
M4-028,28,小公主希栢利,,小公主希栢利,21424,4星,暗,防御型,avatars/21424.png,1460,470,705,347,382,,1460,470,705,347,382,,,,,,对目标造成68自动攻击伤害,造成195伤害，2名队友防御力+500（暗属性优先），持续12秒,,造成379伤害，赋予最多5名暗属性队友反射（反射9%受到的伤害）与屏障（在HP受到影响前吸收+900伤害），持续14秒,,对随机2名敌人造成823伤害，并赋予3名队友+1500屏障（在HP受影响前吸收+1500伤害），持续16秒（最低HP优先）,,赋予暗属性队友反射（反射3%受到的伤害，副本中追加3%）,荒浪和沙,memorial+wiki,cn
M4-029,29,沉默的奇美拉,,沉默的奇美拉,21425,4星,火,,avatars/21425.png,,,,,,,1448,459,699,332,372,,,,,,对目标造成68自动攻击伤害,造成192伤害，2名火属性队友防御力+480，持续12秒,,造成337伤害，赋予3名火属性队友屏障（在HP受影响前吸收+900伤害）和防御力+500，持续12秒,,对随机1名敌人造成897伤害，获得防御力+30%与挑衅（有95%的几率发动），持续15秒,,火属性队友的反射+50,成泽卓,memorial+wiki,cn
M4-030,30,闪耀的尤娜,,闪耀的尤娜,21426,4星,火,,avatars/21426.png,1292,1024,766,377,404,448,1024,766,377,404,448,,,,,,对目标造成80自动攻击伤害,对1名敌人造成295伤害（最低HP优先），对木属性目标造成100加成伤害,对3名敌人造成2622伤害（最低HP优先），对木属性目标造成591加成伤害,对3名敌人造成560伤害（木属性优先），如果目标为木属性则造成200加成伤害,对3名敌人造成3626伤害（木属性优先），756无视防御伤害，如果目标为木属性则造成677加成伤害,对随机4名敌人造成1310伤害,"对随机4名敌人造成7162伤害,对木属性敌人造成500无视防御伤害",火属性队友的暴击+12%,海保h力,memorial+wiki,cn
M4-031,31,决战的提泰妮亚,,决战的提泰妮亚,21427,4星,光,,avatars/21427.png,,,,,,,1036,782,384,417,457,,,,,,对目标造成81自动攻击伤害,对1名敌人造成300伤害（最低HP优先），对暗属性目标造成100加成伤害,,对1名敌人造成440加成航海的3连击（暗属性优先），获得反射（反射7%受到的伤害），持续15秒,,对随机4名敌人造成1324伤害，有90%的机会禁止回复（吸血/HP吸收除外），持续10秒,,光属性队友的敏捷度+400,本多真梨子,memorial+wiki,cn
M4-032,32,流浪的少女侦探,,流浪的少女侦探,21428,4星,光,,avatars/21428.png,1285,1019,404,444,,,1019,766,369,404,444,,,,,,对目标造成80自动攻击伤害,对1名敌人造成295伤害（最低HP优先），对暗属性目标造成100加成伤害,,对3名敌人造成572伤害（最低HP优先），回复量（持续回复、回复）-25%，持续12秒,,对随机4名敌人造成1409伤害，并造成流血（每2秒造成160伤害），持续10秒,,光属性队友的攻击力+500,仲谷明香,memorial+wiki,cn
M4-033,33,暗夜的阿提蜜丝,,暗夜的阿提蜜丝,21429,4星,暗,,avatars/21429.png,,,,,,,1032,777,382,417,452,7978,6006,2952,3223,3493,对目标造成81自动攻击伤害,造成300伤害，获得暴击率+25%，持续10秒,,给目标439伤害的3连击（500无视防御伤害）,,对随机3名敌人造成1433伤害，造成流血（每2秒造成160伤害），持续8秒,,暗属性队友的攻击力+500,近藤玲奈,memorial+wiki,cn
M4-034,34,战士芙丽嘉,,战士芙丽嘉,21430,4星,光,防御型,avatars/21430.png,1306,1457,467,700,344,382,1457,467,700,344,382,,,,,,对目标造成68自动攻击伤害,造成194伤害，获得防御力+530，持续10秒,,造成357伤害，获得屏障（在HP受影响前吸收+1000伤害）与挑衅（有84%的几率发动），持续10秒,,对随机2名敌人造成820伤害，获得激怒（累积最多100%所受伤害并一次回击）,,光属性队友的回避率+10%,小池克,memorial+wiki,cn
M4-035,35,幻想的达芙妮,,幻想的达芙妮,21431,4星,火,,avatars/21431.png,,,,,,,1296,518,609,494,372,,,,,,对目标造成70自动攻击伤害,造成206伤害，为2名队友回复189HP（最低HP优先）,,持续回复3名队友120HP（2秒1次），并赋予3名队友屏障（在HP受影响前吸收+500伤害，最低HP优先），持续14秒,,为3名队友回复1040HP（最低HP优先），对火属性目标额外回复240HP,,火属性队友持续回复量+50,高糊力己,memorial+wiki,cn
M4-036,36,模仿的伊西斯,,模仿的伊西斯,21432,4星,水,治疗型,avatars/21432.png,1298,6671,518,609,504,379,1299,518,609,504,379,,,,,,对目标造成70自动攻击伤害,造成209伤害，为1名队友回复181HP（最低HP优先）,,为3名队友的每1位持续回复111HP（每2秒1次，最低HP优先），若收到伤害减益则额外回复41HP，持续12秒,,为3名队友回复1100HP（最低HP优先）,,水属性队友的回复量+50,石飞惠里花,memorial+wiki,cn
M4-037,37,厉害的托特,,厉害的托特,21433,4星,水,防御型,avatars/21433.png,,,,,,,,,,,,,,,,,,,,,,,,,演野大辉,memorial+wiki,cn
M4-038,38,花园的波摩纳,,花园的波摩纳,21434,4星,光,治疗型,avatars/21434.png,1286,1286,515,606,492,372,1286,515,606,492,372,,,,,,对目标造成70自动攻击伤害,造成205伤害，2名队友的回复量（持续回复、回复）+30%（最低HP优先），持续12秒,,3名队友回复291HP，并持续回复101HP（2秒1次，最低HP优先），持续10秒,,为3名队友回复1100HP（最低HP优先）,,光属性队友的持续回复量+50,津久井彩文,memorial+wiki,cn
M4-039,39,忠诚的雅加,,忠诚的雅加,21435,4星,水,,avatars/21435.png,,,,,,,1200,606,462,444,539,,,,,,对目标造成74自动攻击伤害（自动）,造成238伤害，移除目标Skill量表的30%,,对2名敌人造成427伤害（优先：最高攻击力），且Skill量表充能速度-25%，持续12秒,,对随机3名敌人造成1157伤害，Skill量表充能速度-40%，持续16秒,,火属性敌人的Skill量表充能速度-8%,河濑茉希,memorial+wiki,cn
M4-040,40,巧手的卡尔克斯,,巧手的卡尔克斯,21436,4星,光,,avatars/21436.png,1299,772,377,412,448,,1028,772,377,412,448,,,,,,造成80自动攻击伤害,改目标278伤害的3连击,,对2名敌人造成507伤害（优先：最低HP），回复量（持续回复、回复）-25%，持续14秒,,对随机3名敌人造成1406伤害，造成流血（每2秒造成160伤害），持续8秒,,光属性盟友的自动攻击伤害+40,小林裕介,memorial+wiki,cn
M4-041,41,愤怒的摩莉甘,,愤怒的摩莉甘,21437,4星,光,,avatars/21437.png,,,,,,,1014,761,363,398,438,,,,,,对目标造成80自动攻击伤害（自动）,对1名敌人造成294伤害（优先：最低HP），对光属性目标造成100加成伤害,,对3名敌人造成271（105%）伤害（优先：光属性）,,对3名敌人造成1417伤害（优先：最低HP）,,暗属性盟友的自动攻击伤害+40,相坂优歌,memorial+wiki,cn
M4-042,42,黎明普西芬尼,,黎明普西芬尼,21440,4星,光,干扰型,avatars/21440.png,20,1204,611,,,,1204,611,470,449,544,,,,,,对目标造成74自动攻击伤害（自动）,造成240伤害，目标的暴击率-25%，持续9秒,,对2名敌人造成441伤害（优先：最高攻击力），攻击力-800和弱点防御力-3%，持续12秒,,对随机2名敌人造成1162伤害，随机2名敌人的攻击力-30%与弱点防御力-20%（优先：光属性），持续16秒,,全体敌人的攻击力-10%,相羽,memorial+wiki,cn
M4-043,43,欣喜的厄俄斯,,欣喜的厄俄斯,21441,4星,光,,avatars/21441.png,,,,,,,1014,760,369,403,438,,,,,,造成80自动攻击伤害,对1名敌人造成293伤害（优先：最低HP），对暗属性目标造成100加成伤害,,对1名敌人造成483加成伤害的2连击（优先：暗属性），获得反射（反射7%受到的伤害），持续15秒,,对3名敌人造成1417伤害（优先：最低HP）,,光属性盟友的敏捷度+400,伊达朱里纱,memorial+wiki,cn
M4-044,44,斗志高昂的海克力士,,斗志高昂的海克力士,21442,4星,光,防御型,avatars/21442.png,1298,1456,462,699,337,377,1456,462,699,337,377,,,,,,造成68自动攻击伤害,造成206伤害，获得激怒效果（雷击最多250%所受伤害并一次回击）,,造成388伤害，全体盟友Drive Skill伤害防御力+15%，并获得挑拨（有84%的几率发动），持续10秒,,对随机2名敌人造成797伤害，赋予包含自身在内的最多3名盟友（优先：最低HP）Skill伤害防御力+20%，持续16秒，若施法者的HP最低，只会赋予2名盟友Skill伤害防御力,,光属性盟友的最大HP+800,藤沼建人,memorial+wiki,cn
M4-045,45,电光阿尔戈斯,,电光阿尔戈斯,21443,4星,水,,avatars/21443.png,,,,,,,1200,600,459,444,529,,,,,,对目标造成74自动攻击伤害（自动）,造成237伤害，移除目标Skill量表的30%,,对随机2名敌人造成438伤害，Skill量表充能量-20%，持续12秒,,对随机3名敌人造成1151伤害，Skill量表充能量-30%，持续16秒,,火属性敌人的攻击力-10%,佐藤舞,memorial+wiki,cn
M4-046,46,恍惚的艾德拉多,,恍惚的艾德拉多,21444,4星,火,防御型,avatars/21444.png,1304,1457,467,700,342,379,1457,467,700,342,379,,,,,,对目标造成68自动攻击伤害（自动）,造成193伤害，获得Skill伤害防御力+45，持续10秒,,造成340伤害，获得防御力+680与挑拨（有84%的几率发动），持续10秒,,赋予最多3名盟友屏障（在HP受影响前吸收+2500伤害）（优先：最低HP），持续20秒。若施法者的HP最低即赋予2名盟友屏障,,火属性盟友的防御力+300,青木志贵,memorial+wiki,cn
M4-047,47,独白的阿莫尔,,独白的阿莫尔,21445,4星,水,,avatars/21445.png,,,,,,,1028,769,377,412,448,,,,,,造成80自动攻击伤害,造成297伤害，获得吸血（攻击时回复3%HP），持续16秒,对3名敌人造成2631伤害（优先：水属性），获得吸血（攻击时回复16.6%%HP），持续16秒,对3名敌人造成574伤害（优先：水属性），如果目标为水属性则造成200额外伤害,对3名敌人造成3650伤害（优先：水属性），如果目标为水属性则造成677额外伤害,对随机4名敌人造成1314伤害,对随机4名敌人造成7193伤害，对水属性敌人造成500额外伤害,木属性盟友所有Skill最终伤害+7.5%,土师亜文,memorial+wiki,cn
M4-048,48,暗夜的繆思,,暗夜的繆思,21446,4星,木,干扰型,avatars/21446.png,1285,1195,529,,,,1195,606,459,440,529,,,,,,造成74自动攻击伤害,造成239伤害，若目标为水属性，则弱点防御力-3%，持续6秒,,对2名敌人造成439伤害（优先：最高攻击力），且Skill量表充能速度-22.5%，持续14秒,,对随机3名敌人造成1154伤害，水属性目标的弱点防御力-15%，持续16秒,,水属性敌人的攻击力-10%,逢坂力,memorial+wiki,cn
M4-049,49,羞怯的弗雷西亚,羞怯的弗雷希亚,羞怯的弗雷西亚,,4星,,,avatars/20443.png,,,,,,,,,,,,,,,,,,,,,,,,,白城女书,memorial,cn
M4-050,50,格蕾,小不点格蕾,小不点格蕾,21448,4星,木,,avatars/21448.png,1294,1024,769,377,404,448,1024,796,377,404,448,,,,,,造成80自动攻击伤害,对1名敌人造成296伤害（优先：最低HP），对水属性目标造成100加成伤害,,对1名敌人造成486伤害的2连击（优先：水属性），如果目标为水属性责成150额外伤害,,对3名敌人造成1425伤害（优先：最低HP）,,木属性盟友的攻击力+500,出美彩希,memorial+wiki,cn
M4-051,51,流浪的艾莉希恩,,流浪的艾莉希恩,21449,4星,火,,avatars/21449.png,,,,,,,1019,766,372,404,444,7878,5921,2875,3122,3431,对目标造成80自动攻击伤害（自动）,对1名敌人造成295伤害（优先：最低HP），对火属性目标造成100加成伤害,,对3名敌人造成560伤害（优先：最低HP），持续3回合，造成中毒（每当目标行动或受到伤害时附加300伤害）,,对3名敌人造成1422伤害（优先：最低HP）,,水属性盟友的Tap Skill伤害+80,春野女女,memorial+wiki,cn
M4-052,52,束缚的伊丝塔,,束缚的伊丝塔,21450,4星,光,,avatars/21450.png,1275,1195,529,,,,1135,598,452,438,529,,,,,,造成73自动攻击伤害,造成236伤害，若目标为暗属性，则弱点防御力-3%，持续6秒,,对2名敌人（最高攻击力）造成437伤害，敏捷度-700，持续12秒,,对随机3名敌人遭横1149伤害，造成失明（攻击命中率35%减少），持续10秒,,暗属性敌人的暴击率-20%,渡谷美帆,memorial+wiki,cn
M4-053,53,小丑伊南娜,,小丑伊南娜,21451,4星,光,,avatars/21451.png,,,,,,,,,,,,,,,,,对目标造成80自动攻击伤害（自动）,对1名敌人造成296伤害（优先：最低HP），对光属性目标造成100加成伤害,,给目标486伤害的2连击（450无视防御伤害）,,给随机4名敌人造成1313伤害,,暗属性盟友的Tap Skill伤害+80,山本希挚,memorial+wiki,cn
M4-054,54,挑战者安布罗西亚,,挑战者安布罗西亚,21452,4星,木,,avatars/21452.png,1270,1014,393,438,,,1014,760,358,393,438,,,,,,造成80自动攻击伤害,对1名敌人造成293伤害（优先：最低HP），对水属性目标造成100加成伤害,,对随机2名敌人造成278（108%）伤害,,对随机3名敌人造成1393伤害,,木属性盟友的暴击+400,锦铁幼<,memorial+wiki,cn
M4-055,55,独善其身的阿顿,,独善其身的阿顿,21453,4星,暗,,avatars/21453.png,,,,,,,1441,449,686,323,358,,,,,,对目标造成67自动攻击伤害（自动）,造成187伤害，获得Skill伤害防御力+45，持续10秒,,造成371伤害，获得反射（反射11%受到的伤害）与挑拨（有84%的几率发动），持续10秒,,赋予最多2名盟友（最低HP）反射（反射21%受到的伤害），持续20秒（若施法者的HP最低，只会赋予施法者反射）,,暗属性盟友的防御力+300,,memorial+wiki,cn
M4-056,56,逆袭的提西福涅,,逆袭的提西福涅,21454,4星,木,,avatars/21454.png,1305,1028,777,379,412,452,1028,777,379,412,452,,,,,,造成81自动攻击伤害,给目标280伤害的3连击，获得吸血（攻击时回复40HP），持续20秒,,对随机3名敌人造成589伤害，吸收8%所造成的伤害转换为自己的HP,,对3名敌人造成1432伤害（优先：最低HP）,,木属性盟友的Tap Skill伤害+80,,memorial+wiki,cn
M4-057,57,黎明的断头台,,黎明的断头台,21455,4星,暗,,avatars/21455.png,,,,,,,1019,766,372,404,440,,,,,,对目标造成80自动攻击伤害（自动）,给目标276伤害的3连击,,对随机2名敌人造成286（110%）伤害,,对随机3名敌人造成1399伤害,,暗属性盟友的暴击+400,手嫁匕口三于,memorial+wiki,cn
M4-058,58,成功的勒达,,成功的勒达,21456,4星,光,辅助型,avatars/21456.png,1281,1305,417,492,,,1305,585,459,417,492,10091,4523,3547,3223,3802,造成73自动攻击伤害,造成229伤害，赋予随机1名盟友屏障（在HP受影响前吸收+250伤害），持续8秒,造成X伤害，赋予随机2名盟友屏障（在HP受影响前吸收+X伤害），持续8秒,全体盟友持续回复量+30%，2名盟友持续回复60HP（2秒1次）（优先：最低HP），持续16秒,全体盟友持续回复量+56.8%，3名盟友持续回复324HP（2秒1次）（优先：最低HP），持续16秒,对随机2名敌人造成1108伤害，赋予2名盟友吸血（攻击时回复20%HP）（优先：最低HP），持续20秒,对随机3名敌人造成5952伤害，赋予3名盟友吸血（攻击时回复20%HP）（优先：最低HP），持续20秒,全体盟友的回复量（持续回复、回复）+10%,伊月中LI,memorial+wiki,cn
M4-059,59,危险的福尔图娜,,危险的福尔图娜,21457,4星,火,,avatars/21457.png,,,,,,,1304,585,457,414,492,,,,,,对目标造成73自动攻击伤害（自动）,造成229伤害，随机1名盟友攻击力+200，持续8秒,,造成431伤害，2名盟友（最高攻击力）攻击力+700，持续22秒，并有70%的几率为2名盟友移除混乱,,对随机2名敌人造成1058伤害，随机3名盟友的Skill伤害+25%，持续16秒,,全体盟友的攻击力+8%,北川里奈,memorial+wiki,cn
M4-060,60,佣兵赫克特,,佣兵赫克特,21458,4星,火,,avatars/21458.png,1276,1019,761,363,398,438,1019,761,363,398,438,,,,,,对目标造成80自动攻击伤害（自动）,对1名敌人造成294伤害（优先：最低HP），对木属性目标造成100加成伤害,,对2名敌人造成470伤害（优先：木属性），造成流血（每2秒造成120伤害），持续8秒,,对3名敌人造成1417伤害（优先：最低HP）,,火属性盟友的自动攻击伤害+40,八宁·T,memorial+wiki,cn
M4-061,61,虚假的海翠克,,虚假的海翠克,21459,4星,木,,avatars/21459.png,,,,,,,1446,459,694,332,372,,,,,,造成68自动攻击伤害,造成189伤害，获得吸血（攻击时回复6%HP），持续12秒,,赋予盟友屏障（在HP受影响前吸收+1100伤害）与挑拨（有84%的几率发动），持续10秒,,造成897伤害，赋予包含自身在内的最多3名盟友屏障（在HP受影响前吸收+2500伤害）（优先：最低HP），持续20秒（若施法者的HP最低则仅赋予2名盟友）,,木属性盟友的最大HP+800,藤野裕规,memorial+wiki,cn
M4-062,62,束缚的蕾蒂,束的蕾蒂,束缚的蕾蒂,,4星,火,,avatars/21460.png,1289,1448,459,694,331,372,1448,459,694,331,372,,,,,,,,,,,,,,田野廿三,memorial,cn
M4-063,63,探险家芬里尔,,探险家芬里尔,21461,4星,火,,avatars/21461.png,,,,,,,1019,760,369,403,440,,,,,,对目标造成80自动攻击伤害（自动）,给目标275伤害的3连击,,对随机2名敌人造成458伤害，造成流血（每2秒造成60伤害），持续10秒，如果目标为木属性则造成80加成伤害,,对随机3名敌人造成1395伤害，造成流血（每2秒造成200伤害），持续8秒,,火属性盟友的攻击力+500,千一伸,memorial+wiki,cn
M4-064,64,盛开的艾拉托,,盛开的艾拉托,21462,4星,光,辅助型,avatars/21462.png,1272,6671,584,,,,1299,584,449,414,488,,,,,,造成73自动攻击伤害,造成230伤害，有50%的几率为1名盟友移除沉默,,为2名盟友持续回复60HP（每2秒1次）（优先：最低HP），持续16秒，并有70%的几率为2名盟友移除持续伤害，例如：流血或中毒,,对随机2名敌人造成1070伤害，赋予2名盟友反射（反射10%受到的伤害）（优先：最低HP），持续20秒,,全体盟友的最大HP+500,木野双叶,memorial+wiki,cn
M4-065,65,古老的骷髅,古老的船腰,古老的骷髅,,4星,,,avatars/21463.png,,,,,,,,,,,,,,,,,,,,,,,,,藤原祐规,memorial,cn
M4-066,66,梦幻的万圣节,,梦幻的万圣节,21464,4星,水,防御型,avatars/21464.png,1279,1446,363,,,,1446,452,691,331,363,,,,,,对目标造成68自动攻击伤害,造成187伤害，获得防御力+500，持续10秒,,造成372伤害，获得防御力+600与挑拨（有84%的几率发动），持续10秒,,最多5名盟友的防御力+30%，持续20秒,,水属性盟友的防御力+300,森秀太,memorial+wiki,cn
M4-067,67,草原的芙萝拉,草原的芙蘸拉,草原的芙萝拉,,4星,,,avatars/21465.png,,,,,,,,,,,,,,,,,,,,,,,,,爱美,memorial,cn
M4-068,68,悲伤的商籁,,悲伤的商籁,21466,4星,水,,avatars/21466.png,1266,1014,433,,,,1014,756,358,393,433,,,,,,对目标造成80自动攻击伤害,给目标273伤害3连击,,对2名敌人造成531伤害（优先：火属性），造成中毒（每当目标行动或受到伤害时附加300伤害），持续3回合，如果目标为火属性则造成150伤害加成,,对随机3名敌人造成1389伤害,,水属性盟友的自动攻击伤害+40,雨宫夕夏,memorial+wiki,cn
M4-069,69,努力的奎里努斯,,努力的奎里努斯,21467,4星,水,,avatars/21467.png,,,,,,,1310,588,459,424,494,,,,,,对目标造成自动攻击伤害,造成231伤害两名盟友（最高伤害）敏捷度+300，持续8回合,,造成408伤害，且两名盟友的skill量表充能速度+20%（优先：最高攻击力），持续16秒,,对随机2名敌人造成1075伤害，2名盟友的攻击力+1000（优先：最高伤害），持续18秒,,全体盟友的skill充能速度+5%,山本彩乃,memorial+wiki,cn
M4-070,70,小进化星,,,,4星,火,,icons/F4_slime_star.png,1225,1172,409,504,,,1172,409,504,,,,,,,,,,,,,,,,,memorial,catalog
M4-071,71,Super 珂丝敏,,,,4星,,,icons/F4_slime_cosmine.png,,,,,,,,,,,,,,,,,,,,,,,,,,memorial,catalog
M4-072,72,小紫爱心,,,,4星,,,icons/F4_slime_purple.png,1222,1169,574,428,409,494,1169,574,428,409,494,,,,,,,,,,,,,,,memorial,catalog
M4-073,73,小黄爱心,,,,4星,,,icons/F4_slime_yellow.png,,,,,,,,,,,,,,,,,,,,,,,,,,memorial,catalog
M4-074,74,小绿爱心,小缘爱心,,,4星,木,,icons/F4_slime_green.png,1214,1168,564,424,404,504,1168,564,424,404,504,,,,,,,,,,,,,,,memorial,catalog
M4-075,75,小红爱心,,,,4星,,,icons/F4_slime_red.png,,,,,,,,,,,,,,,,,,,,,,,,,,memorial,catalog
M4-076,76,小蓝爱心,,,,4星,水,,icons/F4_slime_blue.png,1215,1169,564,424,409,504,1169,564,424,409,504,,,,,,,,,,,,,,,memorial,catalog
M3-000,0,弓箭手天使洛特,,,,3星,光,治疗型,icons/F3_000.png,806,367,303,228,,,367,303,228,,,,,,,,,,,,,,,,植田理沙,memorial,catalog
M3-001,1,玩具安,,,,3星,火,辅助型,icons/F3_001.png,,,,,,,,,,,,,,,,,,,,,,,,,铃木南名子,memorial,catalog
M3-002,2,天真无邪堤喀,,,,3星,火,干扰型,icons/F3_002.png,177,256,310,,,,256,310,,,,,,,,,,,,,,,,,大森日雅,memorial,catalog
M3-003,3,无情的猪老大,,,,3星,火,,icons/F3_003.png,,,,,,,,,,,,,,,,,,,,,,,,,稻叶和彦,memorial,catalog
M3-004,4,旋不来梅,,,,3星,光,干扰型,icons/F3_004.png,765,700,349,261,249,303,700,349,261,249,303,,,,,,,,,,,,,,日野沃の力,memorial,catalog
M3-005,5,武装机甲士兵,,,,3星,木,,icons/F3_005.png,,,,,,,,,,,,,,,,,,,,,,,,,木内太郎,memorial,catalog
M3-006,6,炮击机甲指挥官,炮擎机甲指掉官,,,3星,木,,icons/F3_006.png,179,603,234,259,,,603,234,259,,,,,,,,,,,,,,,,松久博记,memorial,catalog
M3-007,7,绿宝石虚恩,缘宝石虚恩,,,3星,火,,icons/F3_007.png,,,,,,,,,,,,,,,,,,,,,,,,,二宫子,memorial,catalog
M3-008,8,好孩子的礼物袋,,好孩子的礼物袋,169382,3星,暗,,avatars/169382.png,176,232,256,,,,232,256,,,,,,,,,,,,,,,,,井田真仁,memorial,catalog
M3-009,9,妲比,姐比,妲比,,3星,火,,icons/F3_009.png,,,,,,,,,,,,,,,,,,,,,,,,,黑迟屯,memorial,catalog
M3-010,10,丽莎,,丽莎,169376,3星,水,辅助型,avatars/169376.png,814,792,286,262,307,,792,286,262,307,,,,,,,,,,,,,,,饭田里穗,memorial,destinychild
M3-011,11,莫娜,,莫娜,169377,3星,暗,,avatars/169377.png,,,,,,,,,,,,,,,,,,,,,,,,,小清水亜美,memorial,destinychild
M3-012,12,猫大,,,,3星,火,防御型,icons/F3_012.png,807,870,280,205,228,,870,280,205,228,,,,,,,,,,,,,,,锅田匠,memorial,catalog
M3-013,13,满月亚娜,,满月亚娜,169294,3星,光,,avatars/169294.png,,,,,,,,,,,,,,,,,,,,,,,,,大步夕,memorial,catalog
M3-014,14,深渊的塔丽塔洛斯,深渊的塔塔洛斯,深渊的塔丽塔洛斯,169298,3星,火,防御型,avatars/169298.png,818,874,288,234,,,874,288,234,,,,,,,,,,,,,,,,木村优纪,memorial,catalog
M3-015,15,梦想的黑卡蒂,,梦想的黑卡蒂,169333,3星,火,,avatars/169333.png,,,,,,,,,,,,,,,,,,,,,,,,,藤田联,memorial,destinychild
M3-016,16,战士瓦尔基丽,,战士瓦尔基丽,169341,3星,暗,,avatars/169341.png,804,463,228,247,270,,463,228,247,270,,,,,,,,,,,,,,隧长增益 || BUF,高田菜万美,memorial,catalog
M3-017,17,再生的兀儿肯,再生的元儿肯,再生的兀儿肯,169315,3星,火,,avatars/169315.png,,,,,,,,,,,,,,,,,,,,,,,,,永嫁拓马,memorial,catalog
M3-018,18,暗夜的提亚玛特,,暗夜的提亚玛特,169328,3星,火,干扰型,avatars/169328.png,811,726,370,283,274,328,726,370,283,274,328,,,,,,,,,,,,,,大久保蓝子,memorial,catalog
M3-019,19,静谧的戴安娜,静证的戴安娜,静谧的戴安娜,169367,3星,木,,avatars/169367.png,,,,,,,,,,,,,,,,,,,,,,,,,沼盒爱美,memorial,catalog
M3-020,20,活跃的阿莱克托,活罐的阿莱克托,活跃的阿莱克托,169368,3星,暗,治疗型,avatars/169368.png,808,778,367,303,229,,778,367,303,229,,,,,,,,,,,,,,,,memorial,catalog
M3-021,21,吵杂的毛球毛球,吵的毛球毛球,吵杂的毛球毛球,169397,3星,木,,avatars/169397.png,,,,,,,,,,,,,,,,,,,,,,,,,佐勺木李子,memorial,destinychild
M3-022,22,捕捉的克拉托斯,,捕捉的克拉托斯,169337,3星,暗,,avatars/169337.png,799,613,460,226,244,268,613,460,226,244,268,,,,,,,,,,,,,,船本深文,memorial,catalog
M3-023,23,狂暴的巴耳,,狂暴的巴耳,169308,3星,暗,,avatars/169308.png,,,,,,,,,,,,,,,,,,,,,,,,,真田有,memorial,catalog
M3-024,24,闪耀的阿波罗,,闪耀的阿波罗,169349,3星,木,治疗型,avatars/169349.png,799,300,226,,,,300,226,,,,,,,,,,,,,,,,,杉田智和,memorial,catalog
M3-025,25,报复的美狄亚,,报复的美狄亚,169350,3星,暗,,avatars/169350.png,,,,,,,,,,,,,,,,,,,,,,,,,高沪柚衣,memorial,catalog
M3-026,26,牺牲的贞德,牲的真德,牺牲的贞德,,3星,水,,icons/F3_026.png,798,246,268,,,,246,268,,,,,,,,,,,,,,,,封3名散人（随机）造成931伤害1次 || 啄长增益,加限亜衣,memorial,catalog
M3-027,27,激情的厄里丝,,激情的厄里丝,169371,3星,水,,avatars/169371.png,,,,,,,,,,,,,,,,,,,,,,,,,春川翔,memorial,catalog
M3-028,28,看门犬库西,,看门犬库西,169372,3星,光,防御型,avatars/169372.png,805,868,280,420,228,,868,280,420,228,,,,,,,,,,,,,,,野水伊织,memorial,catalog
M3-029,29,诅咒的斯库尔德,祖咒的斯尔德,,,3星,暗,,icons/F3_029.png,,,,,,,,,,,,,,,,,,,,,,,,,南云希美,memorial,catalog
M3-030,30,疾走的阿特丽波斯,疾走的阿特罹波斯,疾走的阿特丽波斯,169296,3星,木,,avatars/169296.png,796,609,244,267,,,609,244,267,,,,,,,,,,,,,,,,沃,memorial,catalog
M3-031,31,冰王苍龙,冰王菅龙,冰王苍龙,,3星,水,,icons/F3_031.png,,,,,,,,,,,,,,,,,,,,,,,,,野坂尚也,memorial,catalog
M3-032,32,花园的伊登,,花园的伊登,169301,3星,暗,,avatars/169301.png,797,,,,,,,,,,,,,,,,,,,,,,,,真菜穗,memorial,catalog
M3-033,33,炎王血龙,,,,3星,火,,icons/F3_033.png,,,,,,,,,,,,,,,,,,,,,,,,,野坂尚也,memorial,catalog
M3-034,34,突击阿塔兰塔,突擎阿塔兰塔,突击阿塔兰塔,169303,3星,水,,avatars/169303.png,609,457,222,244,265,,457,222,244,265,,,,,,,,,,,,,,,富田美蔓,memorial,catalog
M3-035,35,创造的巴风特,,创造的巴风特,169346,3星,水,,avatars/169346.png,,,,,,,,,,,,,,,,,,,,,,,,,结城光,memorial,catalog
M3-036,36,守序的沙玛什,,守序的沙玛什,169362,3星,火,,avatars/169362.png,208,613,463,226,247,268,613,463,226,247,268,,,,,,,,,,,,,,木下铃奈,memorial,catalog
M3-037,37,虚张声势的狄蜜特,,虚张声势的狄蜜特,169374,3星,火,治疗型,avatars/169374.png,,,,,,,,,,,,,,,,,,,,,,,,,力达L智秋,memorial,catalog
M3-038,38,破坏的塞赫麦特,破壤的塞赫特,,,3星,火,,icons/F3_038.png,785,607,453,217,238,262,607,453,217,238,262,,,,,,,,,,,,,,西尾美香,memorial,catalog
M3-039,39,开心的欧洛斯,,开心的欧洛斯,169306,3星,水,,avatars/169306.png,,,,,,,,,,,,,,,,,,,,,,,,,大西挚,memorial,catalog
M3-040,40,夜下少女许普诺斯,夜下少女普诺斯,夜下少女许普诺斯,169340,3星,火,辅助型,avatars/169340.png,789,780,349,273,249,295,780,349,273,249,295,,,,,,,,,,,,,,野田真理爱,memorial,catalog
M3-041,41,热血的维斯塔,,热血的维斯塔,169351,3星,火,,avatars/169351.png,,,,,,,,,,,,,,,,,,,,,,,,,北垣内春香,memorial,catalog
M3-042,42,守护的传奇,守护的傅奇,守护的传奇,,3星,暗,,icons/F3_042.png,799,246,267,,,,246,267,,,,,,,,,,,,,,,,,国立幸,memorial,catalog
M3-043,43,天真的弗蕾亚,,天真的弗蕾亚,169369,3星,水,,avatars/169369.png,,,,,,,,,,,,,,,,,,,,,,,,,小泽亚李,memorial,catalog
M3-044,44,觉醒的辛西亚,,觉醒的辛西亚,169370,3星,暗,辅助型,avatars/169370.png,800,784,301,,,,784,301,,,,,,,,,,,,,,,,,原遥,memorial,catalog
M3-045,45,奉仕的迪诺,,奉仕的迪诺,169373,3星,水,治疗型,avatars/169373.png,,,,,,,,,,,,,,,,,,,,,,,,,椿木达,memorial,catalog
M3-046,46,冷酷的冰龙,,冷酷的冰龙,169412,3星,水,防御型,avatars/169412.png,797,862,276,417,201,225,862,276,417,201,225,,,,,,,,,封目标造成122伤害1次,,,,,佐勺木羲人,memorial,catalog
M3-047,47,愤怒的炎龙,,愤怒的炎龙,169414,3星,火,,avatars/169414.png,,,,,,,,,,,,,,,,,,,,封目标造成122伤害1次,,,,,佐勺木羲人,memorial,catalog
M3-048,48,卑微的仙女琉刻,,卑微的仙女琉刻,169289,3星,光,辅助型,avatars/169289.png,797,781,259,301,,,781,259,301,,,,,,,,,,,,,,,,庄子裕衣,memorial,catalog
M3-049,49,调味的高嘉,,调味的高嘉,169352,3星,水,,avatars/169352.png,,,,,,,,,,,,,,,,,,,,,,,,,水上帅力,memorial,catalog
M3-050,50,修复的卜塔,,修复的卜塔,169357,3星,木,辅助型,avatars/169357.png,790,780,349,295,,,780,349,295,,,,,,,,,,,,,,,,清水俊彦,memorial,catalog
M3-051,51,泛用型锁链杀手,泛用型锁键毅手,,,3星,暗,,icons/F3_051.png,,,,,,,,,,,,,,,,,,,,,,,,,小山刚志,memorial,catalog
M3-052,52,灼热的派罗,,灼热的派罗,169335,3星,火,,avatars/169335.png,792,609,457,222,240,265,609,457,222,240,265,,,,,,,,,,,,,,内田雄马,memorial,catalog
M3-053,53,奔跑的塞莎特,,奔跑的塞莎特,169299,3星,火,,avatars/169299.png,,,,,,,,,,,,,,,,,,,,,,,,,永惠由彩,memorial,catalog
M3-054,54,海市蜃楼魔甘娜,,海市蜃楼魔甘娜,169304,3星,光,辅助型,avatars/169304.png,788,778,349,273,249,294,778,349,273,249,294,,,,,,,,,,,,,,依田菜津,memorial,catalog
M3-055,55,破坏的卡利宇迦,,破坏的卡利宇迦,169404,3星,光,,avatars/169404.png,,,,,,,,,,,,,,,,,,,,,,,,,伊原辰,memorial,catalog
M3-056,56,疯狂兔兔阿姆斯,,疯狂兔兔阿姆斯,169413,3星,光,防御型,avatars/169413.png,178,855,268,405,192,214,855,268,405,192,214,,,,,,,,,,,,,,笠田贵之,memorial,catalog
M3-057,57,名将吉妮丝,,名将吉妮丝,169343,3星,暗,,avatars/169343.png,,,,,,,,,,,,,,,,,,,,,,,,,西堂结友,memorial,catalog
M3-058,58,你的萨耳玛西斯,,你的萨耳玛西斯,169345,3星,光,治疗型,avatars/169345.png,780,289,214,,,,289,214,,,,,,,,,,,,,,,,,八岛±55,memorial,catalog
M3-059,59,求道者以利亚,,求道者以利亚,169347,3星,暗,,avatars/169347.png,,,,,,,,,,,,,,,,,,,,,,,,,稻村透,memorial,catalog
M3-060,60,绿头盔巴祖卡,,绿头盔巴祖卡,169395,3星,火,,avatars/169395.png,173,234,253,,,,234,253,,,,,,,,,,,,,,,,,余原孝太朗,memorial,catalog
M3-061,61,狂言的比利特,,狂言的比利特,169360,3星,光,治疗型,avatars/169360.png,,,,,,,,,,,,,,,,,,,,,,,,,高梨谦吾,memorial,catalog
M3-062,62,沙漠的巴西利斯克,,沙漠的巴西利斯克,169398,3星,木,防御型,avatars/169398.png,777,853,267,405,193,214,853,267,405,193,214,,,,,,,,,,,,,,海和希,memorial,catalog
M3-063,63,怠惰的缪妮摩西妮,,怠惰的缪妮摩西妮,169364,3星,火,,avatars/169364.png,,,,,,,,,,,,,,,,,,,,,,,,,易美琴,memorial,catalog
M3-064,64,燃烧的菲尼克斯,,燃烧的菲尼克斯,169334,3星,火,防御型,avatars/169334.png,776,853,267,405,192,208,853,267,405,192,208,,,,,,,,,,,,,,谷口淳志,memorial,catalog
M3-065,65,邻居处容,粼居虚容,邻居处容,,3星,光,,,,,,,,,,,,,,,,,,,,,,,,,,,一宫朔,memorial,catalog
M3-066,66,噩梦曼提,,噩梦曼提,169379,3星,木,,avatars/169379.png,232,253,,,,,253,,,,,,,,,,,,,,,,,,天崎混平,memorial,catalog
M3-067,67,球鞋斗土,,球鞋斗土,169411,3星,火,,avatars/169411.png,,,,,,,,,,,,,,,,,,,,,,,,,上田二,memorial,catalog
M3-068,68,声音传讯者,,声音传讯者,169406,3星,暗,治疗型,avatars/169406.png,782,765,303,355,289,217,765,303,355,289,217,,,,,,,,,,,,,,清家光亮,memorial,catalog
M3-069,69,束领结的侍者,,束领结的侍者,169387,3星,木,,avatars/169387.png,,,,,,,,,,,,,,,,,,,,,,,,,平山龙,memorial,catalog
M3-070,70,毒药安瓿,,毒药安瓿,169392,3星,木,治疗型,avatars/169392.png,767,759,294,349,283,207,759,294,349,283,207,,,,,,,,,,,,,,棚田离子,memorial,catalog
M3-071,71,黑羽的暗隆,,黑羽的暗隆,169389,3星,暗,,avatars/169389.png,,,,,,,,,,,,,,,,,,,,,,,,,见祥子,memorial,catalog
M3-072,72,光羽的光隆,,光羽的光隆,169391,3星,光,防御型,avatars/169391.png,750,840,253,393,178,199,840,253,393,178,199,,,,,,,,,,,,,,伊东雅乃,memorial,catalog
M3-073,73,绿羽的草隆,缘羽的草隆,绿羽的草隆,,3星,木,,icons/F3_061.png,,,,,,,,,,,,,,,,,,,,,,,,,久保山理沙,memorial,catalog
M3-074,74,红羽的火隆,,红羽的火隆,169396,3星,火,防御型,avatars/169396.png,753,841,256,393,178,201,841,256,393,178,201,,,,,,,,,,,,,,清友初音,memorial,catalog
M3-075,75,水羽的波隆,,水羽的波隆,169399,3星,水,,avatars/169399.png,,,,,,,,,,,,,,,,,,,,,,,,,椰友莉花,memorial,catalog
M3-076,76,热血的封箱者,,热血的封箱者,169403,3星,光,,avatars/169403.png,178,234,259,,,,234,259,,,,,,,,,,,,,,,,,贵家枫,memorial,catalog
M3-077,77,惊人的宝箱怪,,惊人的宝箱怪,169408,3星,火,,avatars/169408.png,,,,,,,,,,,,,,,,,,,,,,,,,高桥萝菜,memorial,catalog
M3-078,78,DJ赫兹,,DJ赫兹,169381,3星,水,辅助型,avatars/169381.png,737,753,322,246,228,270,753,322,246,228,270,,,,,,,,,,,,,,管谷拓弥,memorial,destinychild
M3-079,79,紫色的复仇女孩,,紫色的复仇女孩,169402,3星,暗,,avatars/169402.png,,,,,,,,,,,,,,,,,,,,,,,,,津曲瑞穗,memorial,catalog
M3-080,80,嗡嗡的噪音,,嗡嗡的噪音,169384,3星,光,干扰型,avatars/169384.png,745,693,336,253,240,295,693,336,253,240,295,,,,,,,,,,,,,,梅村里奈,memorial,catalog
M3-081,81,发光的复仇女孩,,发光的复仇女孩,169405,3星,光,,avatars/169405.png,,,,,,,,,,,,,,,,,,,,,,,,,津曲瑞穗,memorial,catalog
M3-082,82,绿色的复仇女孩,缘色的复仇女孩,绿色的复仇女孩,169407,3星,木,干扰型,avatars/169407.png,781,,,,,,,,,,,,,,,,,,,,,,,,津曲瑞穗,memorial,catalog
M3-083,83,红色的复仇女孩,,红色的复仇女孩,169410,3星,火,,avatars/169410.png,,,,,,,,,,,,,,,,,,,,,,,,,津曲瑞穗,memorial,catalog
M3-084,84,蓝色的复仇女孩,,蓝色的复仇女孩,169380,3星,水,干扰型,avatars/169380.png,782,709,357,270,,,709,357,270,,,,,,,,,,,,,,,,津曲瑞穗,memorial,catalog
M3-085,85,暗黑的看守者,,暗黑的看守者,169383,3星,暗,,avatars/169383.png,,,,,,,,,,,,,,,,,,,,,,,,,村上裕,memorial,catalog
M3-086,86,光明的看守者,,光明的看守者,169386,3星,光,防御型,avatars/169386.png,170,847,265,402,186,208,847,265,402,186,208,,,,,,,,,,,,,,村上裕哉,memorial,catalog
M3-087,87,绿色的看守者,缘色的看守者,绿色的看守者,169388,3星,木,,avatars/169388.png,,,,,,,,,,,,,,,,,,,,,,,,,村上裕哉,memorial,catalog
M3-088,88,红色的看守者,,红色的看守者,169390,3星,火,防御型,avatars/169390.png,170,847,265,403,186,208,847,265,403,186,208,,,,,,,,,,,,,,村上裕哉,memorial,catalog
M3-089,89,蓝色的看守者,,蓝色的看守者,169394,3星,水,,avatars/169394.png,,,,,,,,,,,,,,,,,,,,,,,,,村上裕哉,memorial,catalog
M3-090,90,孤独的花束,孤蜀的花束,,,3星,光,干扰型,icons/F3_078.png,755,343,256,244,300,,343,256,244,300,,,,,,,,,,,,,,,海老原美结,memorial,catalog
M3-091,91,声音传讯者,声音傅训者,声音传讯者,,3星,暗,,icons/F3_079.png,,,,,,,,,,,,,,,,,,,,,,,,,LILI力,memorial,catalog
M3-092,92,四分五裂泰迪,,四分五裂泰迪,169409,3星,光,防御型,avatars/169409.png,765,847,399,186,207,,847,399,186,207,,,,,,,,,,,,,,,前田悠登,memorial,catalog
M3-093,93,小进化噗比,,,,3星,,,icons/F3_081.png,,,,,,,,,,,,,,,,,,,,,,,,,,memorial,catalog
M3-094,94,小紫噗比,,,,3星,,,icons/F3_082.png,729,685,328,244,234,286,685,328,244,234,286,,,,,,,,,,,,,,,memorial,catalog
M3-095,95,小黄噗比,,,,3星,,,icons/F3_083.png,,,,,,,,,,,,,,,,,,,,,,,,,,memorial,catalog
M3-096,96,小绿噗比,小缘噗比,,,3星,木,,icons/F3_084.png,729,685,328,244,234,286,685,328,244,234,286,,,,,,,,,,,,,,,memorial,catalog
M3-097,97,小红噗比,,,,3星,,治疗型,icons/F3_085.png,,,,,,,,,,,,,,,,,,,,,,,,,,memorial,catalog
M3-098,98,小蓝噗比,,,,3星,水,,icons/F3_086.png,729,685,330,241,232,288,685,330,241,232,288,,,,,,,,,,,,,,,memorial,catalog
M2-000,0,黑色的啪布,,,,2星,暗,治疗型,icons/F2_000.png,524,488,195,228,187,141,488,195,228,187,141,,,,,,,,,,,,,,,memorial,catalog
M2-001,1,黄色的啪布,,,,2星,光,治疗型,icons/F2_001.png,,,,,,,,,,,,,,,,,,,,,,,,,,memorial,catalog
M2-002,2,绿色的啪布,缘色的啪布,,,2星,木,治疗型,icons/F2_002.png,524,488,195,228,187,140,488,195,228,187,140,,,,,,,,,,,,,,,memorial,catalog
M2-003,3,红色的啪布,,,,2星,火,治疗型,icons/F2_003.png,,,,,,,,,,,,,,,,,,,,,,,,,,memorial,catalog
M2-004,4,蓝色的啪布,,,,2星,水,治疗型,icons/F2_004.png,525,487,196,228,188,141,487,196,228,188,141,,,,,,,,,,,,,,,memorial,catalog
M2-005,5,混沌的皮克希,,,,2星,暗,,icons/F2_005.png,,,,,,,,,,,,,,,,,,,,,,,,,桥本树里,memorial,catalog
M2-006,6,光之皮克希,,,,2星,光,,icons/F2_006.png,520,384,288,,,,384,288,,,,,,,,,,,,,,,,,桥本树里,memorial,catalog
M2-007,7,嫩叶的皮克希,,,,2星,木,,icons/F2_007.png,,,,,,,,,,,,,,,,,,,,,,,,,本树里,memorial,catalog
M2-008,8,想像的皮克希,,,,2星,火,,icons/F2_008.png,519,384,288,,,,384,288,,,,,,,,,,,,,,,,封5名散人（随机）造成517伤害1次 || 啄长增益,桥本树里,memorial,catalog
M2-009,9,沉默的皮克希,,,,2星,水,,icons/F2_009.png,,,,,,,,,,,,,,,,,,,,,,,,,桥本树里,memorial,catalog
M2-010,10,太阳的沙狐,,,,2星,光,,icons/F2_010.png,508,377,283,,,,377,283,,,,,,,,,,,,,,,,,,memorial,catalog
M2-011,11,族小魔怪,,,,2星,木,,icons/F2_011.png,,,,,,,,,,,,,,,,,,,,,,,,,,memorial,catalog
M2-012,12,自由的小狗,,,,2星,水,防御型,icons/F2_012.png,115,130,,,,,130,,,,,,,,,,,,,,,,,,,memorial,catalog
M2-013,13,天子13·水,,,,2星,水,,icons/F2_013.png,,,,,,,,,,,,,,,,,,,,,,,,,,memorial,catalog
M2-014,14,沉默的阿克缇翁,,,,2星,木,防御型,icons/F2_014.png,105,115,127,,,,115,127,,,,,,,,,,,,,,,,,,memorial,catalog
M2-015,15,挑者汪,,,,2星,火,,icons/F2_015.png,,,,,,,,,,,,,,,,,,,,,,,,,,memorial,catalog
M2-016,16,喧大耳王,,,,2星,暗,治疗型,icons/F2_016.png,498,475,127,,,,475,127,,,,,,,,,,,,,,,,,,memorial,catalog
M2-017,17,肥胖的冰蝠,,,,2星,水,,icons/F2_017.png,,,,,,,,,,,,,,,,,,,,,,,,,,memorial,catalog
M2-018,18,肥胖的火蝙蝠,,,,2星,火,,icons/F2_018.png,501,374,,,,,374,,,,,,,,,,,,,,,,,,,memorial,catalog
M2-019,19,古代的金整,,,,2星,火,,icons/F2_019.png,,,,,,,,,,,,,,,,,,,,,,,,,,memorial,catalog
M2-020,20,漂流的达贡,,,,2星,火,辅助型,icons/F2_020.png,493,481,174,,,,481,174,,,,,,,,,,,,,,,,,,memorial,catalog
M2-021,21,G猫模型,,,,2星,暗,,icons/F2_021.png,,,,,,,,,,,,,,,,,,,,,,,,,,memorial,catalog
M2-022,22,神秘的蛋,,,,2星,水,辅助型,icons/F2_022.png,492,478,172,,,,478,172,,,,,,,,,,,,,,,,,,memorial,catalog
M2-023,23,胡蘸布娃娃,,,,2星,火,,icons/F2_023.png,,,,,,,,,,,,,,,,,,,,,,,,,,memorial,catalog
M2-024,24,暗隆,,,,2星,暗,,icons/F2_024.png,487,367,273,149,,,367,273,149,,,,,,,,,,,,,,,,,memorial,catalog
M2-025,25,光隆,,,,2星,光,,icons/F2_025.png,,,,,,,,,,,,,,,,,,,,,,,,,,memorial,catalog
M2-026,26,绿羽的草隆,,绿羽的草隆,169393,2星,木,,avatars/169393.png,487,366,273,122,133,148,366,273,122,133,148,,,,,,,,,,,,,,,memorial,catalog
M2-027,27,火隆,,,,2星,火,,icons/F2_027.png,,,,,,,,,,,,,,,,,,,,,,,,,,memorial,catalog
M2-028,28,水隆,,,,2星,水,,icons/F2_028.png,486,366,270,148,,,366,270,148,,,,,,,,,,,,,,,,,memorial,catalog
M2-029,29,紫光的球,,,,2星,暗,,icons/F2_029.png,,,,,,,,,,,,,,,,,,,,,,,,,,memorial,catalog
M2-030,30,发光的球,,,,2星,光,辅助型,icons/F2_030.png,483,475,202,153,167,,475,202,153,167,,,,,,,,,,,,,,,,memorial,catalog
M2-031,31,绿球,缘球,,,2星,木,,icons/F2_031.png,,,,,,,,,,,,,,,,,,,,,,,,,,memorial,catalog
M2-032,32,红光的球,,,,2星,火,辅助型,icons/F2_032.png,489,477,205,170,,,477,205,170,,,,,,,,,,,,,,,,,memorial,catalog
M2-033,33,蓝光的球,,,,2星,水,,icons/F2_033.png,,,,,,,,,,,,,,,,,,,,,,,,,,memorial,catalog
M2-034,34,有毒的方块,,,,2星,暗,干扰型,icons/F2_034.png,496,440,187,,,,440,187,,,,,,,,,,,,,,,,,,memorial,catalog
M2-035,35,甜蜜的方块,,,,2星,光,,icons/F2_035.png,,,,,,,,,,,,,,,,,,,,,,,,,,memorial,catalog
M2-036,36,治瘾的方块,,,,2星,木,干扰型,icons/F2_036.png,496,442,188,,,,442,188,,,,,,,,,,,,,,,,,,memorial,catalog
M2-037,37,包的方块,,,,2星,火,,icons/F2_037.png,,,,,,,,,,,,,,,,,,,,,,,,,,memorial,catalog
M2-038,38,邪恶的方块,,,,2星,水,干扰型,icons/F2_038.png,496,188,,,,,188,,,,,,,,,,,,,,,,,,,memorial,catalog
M2-039,39,束缚的暗黑伽锁,束的暗黑伽锁,,,2星,暗,,icons/F2_039.png,,,,,,,,,,,,,,,,,,,,,,,,,,memorial,catalog
M2-040,40,束缚的光伽锁,束的光伽锁,,,2星,光,防御型,icons/F2_040.png,500,535,161,250,115,128,535,161,250,115,128,,,,,,,,,,,,,,,memorial,catalog
M2-041,41,束缚的伽锁,束的伽锁,,,2星,木,,icons/F2_041.png,,,,,,,,,,,,,,,,,,,,,,,,,,memorial,catalog
M2-042,42,束缚的红伽锁,束的红伽锁,,,2星,火,防御型,icons/F2_042.png,499,534,161,250,115,127,534,161,250,115,127,,,,,,,,,,,,,,,memorial,catalog
M2-043,43,束缚的蓝伽锁,,,,2星,水,,icons/F2_043.png,,,,,,,,,,,,,,,,,,,,,,,,,,memorial,catalog
M2-044,44,背面的兔兔,,,,2星,光,防御型,icons/F2_044.png,491,530,156,247,110,123,530,156,247,110,123,,,,,,,,,,,,,,,memorial,catalog
M2-045,45,沈的树精,,,,2星,木,,icons/F2_045.png,,,,,,,,,,,,,,,,,,,,,,,,,,memorial,catalog
M2-046,46,正义的根,正羲的根·木,,,2星,木,,icons/F2_046.png,489,367,273,149,,,367,273,149,,,,,,,,,,,,,,,,,memorial,catalog
M2-047,47,小进化噗噗,,,,2星,暗,,icons/F2_047.png,,,,,,,,,,,,,,,,,,,,,,,,,,memorial,catalog
M2-048,48,小紫噗噗,,,,2星,,,icons/F2_048.png,472,427,202,149,176,,427,202,149,176,,,,,,,,,,,,,,,,memorial,catalog
M2-049,49,小黄噗噗,,,,2星,,,icons/F2_049.png,,,,,,,,,,,,,,,,,,,,,,,,,,memorial,catalog
M2-050,50,小绿噗噗,小缘噗噗,,,2星,木,,icons/F2_050.png,472,429,202,149,,,429,202,149,,,,,,,,,,,,,,,,,memorial,catalog
M2-051,51,小红红噗噗,,,,2星,,,icons/F2_051.png,,,,,,,,,,,,,,,,,,,,,,,,,,memorial,catalog
M2-052,52,小蓝噗噗,,,,2星,水,,icons/F2_052.png,472,429,202,,,,429,202,,,,,,,,,,,,,,,,,,memorial,catalog
M1-000,0,星影灵牛,,,,1星,暗,防御型,icons/F1_000.png,385,113,178,88,,,113,178,88,,,,,,,,,,,,,,,,,memorial,catalog
M1-001,1,微光灵牛,,,,1星,光,,icons/F1_001.png,,,,,,,,,,,,,,,,,,,,,,,,,,memorial,catalog
M1-002,2,嫩芽灵牛,,,,1星,木,防御型,icons/F1_002.png,385,112,177,87,,,112,177,87,,,,,,,,,,,,,,,,,memorial,catalog
M1-003,3,星火灵牛,,,,1星,火,,icons/F1_003.png,,,,,,,,,,,,,,,,,,,,,,,,,,memorial,catalog
M1-004,4,水滴灵牛,,,,1星,水,防御型,icons/F1_004.png,385,178,87,,,,178,87,,,,,,,,,,,,,,,,,,memorial,catalog
M1-005,5,持刀的戟士,,,,1星,暗,,icons/F1_005.png,,,,,,,,,,,,,,,,,,,,,,,,,,memorial,catalog
M1-006,6,持刀的暗影,,,,1星,光,,icons/F1_006.png,696,268,197,86,107,,268,197,86,107,,,,,,,,,,,,,,,,memorial,catalog
M1-007,7,持刀的屠毅者,,,,1星,木,,icons/F1_007.png,,,,,,,,,,,,,,,,,,,,,,R || 草原的戟士,,,,memorial,catalog
M1-008,8,持刀的忍者,,,,1星,火,,icons/F1_008.png,69,267,197,87,86,107,267,197,87,86,107,,,,,,,,,,,,,,,memorial,catalog
M1-009,9,持刀的暗毅者,,,,1星,水,,icons/F1_009.png,,,,,,,,,,,,,,,,,,,,,,,,,,memorial,catalog
M1-010,10,葡萄口味注射器,,,,1星,暗,治疗型,icons/F1_010.png,65,338,122,147,118,82,338,122,147,118,82,,,,,,,,,,,,,,,memorial,catalog
M1-011,11,果口味注射器,,,,1星,光,治疗型,icons/F1_011.png,,,,,,,,,,,,,,,,,,,,,,,,,,memorial,catalog
M1-012,12,薄荷口味注射器,,,,1星,木,治疗型,icons/F1_012.png,65,338,122,147,83,,338,122,147,83,,,,,,,,,,,,,,,,memorial,catalog
M1-013,13,草莓口味注射器,,,,1星,火,治疗型,icons/F1_013.png,,,,,,,,,,,,,,,,,,,,,,,,,,memorial,catalog
M1-014,14,汽水口味注射器,,,,1星,水,治疗型,icons/F1_014.png,65,337,122,148,82,,337,122,148,82,,,,,,,,,,,,,,,,memorial,catalog
M1-015,15,小猪芙咕利,,,,1星,暗,,icons/F1_015.png,,,,,,,,,,,,,,,,,,,,,,,,,,memorial,catalog
M1-016,16,小猪扣咕利,,,,1星,光,,icons/F1_016.png,108,,,,,,,,,,,,,,,,,,,,,,,,,memorial,catalog
M1-017,17,小猪噗咕利,,,,1星,木,,icons/F1_017.png,,,,,,,,,,,,,,,,,,,,,,,,,,memorial,catalog
M1-018,18,小猪奇克利,,,,1星,火,,icons/F1_018.png,108,,,,,,,,,,,,,,,,,,,,,,,,,memorial,catalog
M1-019,19,小猪咪咕利,,,,1星,水,,icons/F1_019.png,,,,,,,,,,,,,,,,,,,,,,,,,,memorial,catalog
M1-020,20,紫水晶色的蛹,,,,1星,暗,干扰型,icons/F1_020.png,856,126,,,,,126,,,,,,,,,,,,,,,,,,,memorial,catalog
M1-021,21,黄水晶色的蛹,,,,1星,光,,icons/F1_021.png,,,,,,,,,,,,,,,,,,,,,,,,,,memorial,catalog
M1-022,22,绿宝石色的蛹,缘宝石色的蛹,,,1星,木,干扰型,icons/F1_022.png,107,101,126,,,,101,126,,,,,,,,,,,,,,,,,,memorial,catalog
M1-023,23,红红宝石色的蛹,,,,1星,火,,icons/F1_023.png,,,,,,,,,,,,,,,,,,,,,,,,,,memorial,catalog
M1-024,24,蓝宝石色的蛹,,,,1星,水,干扰型,icons/F1_024.png,102,126,,,,,126,,,,,,,,,,,,,,,,,,,memorial,catalog
M1-025,25,漆黑的福多,,,,1星,暗,,icons/F1_025.png,,,,,,,,,,,,,,,,,,,,,,,,,,memorial,catalog
M1-026,26,发光的福多,,,,1星,光,辅助型,icons/F1_026.png,364,120,,,,,120,,,,,,,,,,,,,,,,,,,memorial,catalog
M1-027,27,绿色的福多,缘色的福多,,,1星,木,,icons/F1_027.png,,,,,,,,,,,,,,,,,,,,,,,,,,memorial,catalog
M1-028,28,火焰的福多,,,,1星,火,辅助型,icons/F1_028.png,364,120,,,,,120,,,,,,,,,,,,,,,,,,,memorial,catalog
M1-029,29,水色的福多,,,,1星,水,,icons/F1_029.png,,,,,,,,,,,,,,,,,,,,,,,,,,memorial,catalog
M1-030,30,发光的牙精,,,,1星,水,治疗型,icons/F1_030.png,355,336,,,,,336,,,,,,,,,,,,,,,,,,,memorial,catalog
M1-031,31,黄金松鼠,,,,1星,光,,icons/F1_031.png,,,,,,,,,,,,,,,,,,,,,,,,,,memorial,catalog
M1-032,32,曼德拉之种,,,,1星,木,辅助型,icons/F1_032.png,55,340,,,,,340,,,,,,,,,,,,,,,,,,,memorial,catalog
M1-033,33,怠惰小鸡,怠情小鸡,,,1星,水,,icons/F1_033.png,,,,,,,,,,,,,,,,,,,,,,,,,,memorial,catalog
M1-034,34,士草莓,,,,1星,火,,icons/F1_034.png,85,262,192,82,92,101,262,192,82,92,101,,,,,,,,,,,,,,,memorial,catalog
M1-035,35,三日月蜥蜴,,,,1星,木,,icons/F1_035.png,,,,,,,,,,,,,,,,,,,,,,,,,,memorial,catalog
M1-036,36,怠惰子,,,,1星,木,干扰型,icons/F1_036.png,309,100,124,,,,100,124,,,,,,,,,,,,,,,,,,memorial,catalog
M1-037,37,命运毛球,,,,1星,火,,icons/F1_037.png,,,,,,,,,,,,,,,,,,,,,,,,,,memorial,catalog
M1-038,38,一年的咚咚,,,,1星,木,,icons/F1_038.png,354,259,190,100,,,259,190,100,,,,,,,,,,,,,,,,,memorial,catalog
M1-039,39,草莓口味布丁,,,,1星,火,,icons/F1_039.png,,,,,,,,,,,,,,,,,,,,,,,,,,memorial,catalog
M1-040,40,汽水口味布丁,,,,1星,水,,icons/F1_040.png,364,265,105,,,,265,105,,,,,,,,,,,,,,,,,,memorial,catalog
M1-041,41,汽水口味明胶,,,,1星,水,,icons/F1_041.png,,,,,,,,,,,,,,,,,,,,,,,,,,memorial,catalog
M1-042,42,草莓口味明胶,,,,1星,火,辅助型,icons/F1_042.png,29,,,,,,,,,,,,,,,,,,,,,,,,,memorial,catalog
M1-043,43,小进化水滴,,,,1星,水,,icons/F1_043.png,,,,,,,,,,,,,,,,,,,,,,,,,,memorial,catalog
M1-044,44,小紫水滴,,,,1星,水,,icons/F1_044.png,302,136,97,92,117,,136,97,92,117,,,,,,,,,,,,,,,,memorial,catalog
M1-045,45,小黄水滴,,,,1星,水,,icons/F1_045.png,,,,,,,,,,,,,,,,,,,,,,,,,,memorial,catalog
M1-046,46,小绿水滴,小缘水滴,,,1星,木,,icons/F1_046.png,302,137,97,92,116,,137,97,92,116,,,,,,,,,,,,,,,,memorial,catalog
M1-047,47,小红水滴,,,,1星,水,,icons/F1_047.png,,,,,,,,,,,,,,,,,,,,,,,,,,memorial,catalog
M1-048,48,小蓝水滴,,,,1星,水,,icons/F1_048.png,117,,,,,,,,,,,,,,,,,,,,,,,,,memorial,catalog
M1-049,49,小蓝水滴,小蓝水滴·水,,,1星,水,,icons/F1_048.png,,,,,,,,,,,,,,,,,,,,,,,,,,memorial,catalog
