C001|1|0|0|0|2200|1180|640|900|820|0|0|0|0|0|2460|1330|640|900|820
C001|1|0|0|4|2200|1180|640|900|820|16|8|5|6|6|2476|1338|645|906|826
C001|1|0|0|20|2200|1180|640|900|820|102|55|30|42|38|2562|1385|670|942|858
C001|1|0|0|60|2200|1180|640|900|820|335|180|97|137|125|2795|1510|737|1037|945
C001|1|0|0|100|2200|1180|640|900|820|604|324|176|247|225|3064|1654|816|1147|1045
C001|1|0|1|0|2226|1194|648|911|830|0|0|0|0|0|2486|1344|648|911|830
C001|1|0|1|4|2226|1194|648|911|830|16|9|5|7|6|2502|1353|653|918|836
C001|1|0|1|20|2226|1194|648|911|830|103|55|30|42|38|2589|1399|678|953|868
C001|1|0|1|60|2226|1194|648|911|830|339|182|99|139|126|2825|1526|747|1050|956
C001|1|0|1|100|2226|1194|648|911|830|611|328|178|250|228|3097|1672|826|1161|1058
C001|1|0|12|0|2517|1350|732|1030|938|0|0|0|0|0|2777|1500|732|1030|938
C001|1|0|12|4|2517|1350|732|1030|938|18|10|5|7|7|2795|1510|737|1037|945
C001|1|0|12|20|2517|1350|732|1030|938|117|63|34|48|43|2894|1563|766|1078|981
C001|1|0|12|60|2517|1350|732|1030|938|383|206|111|157|143|3160|1706|843|1187|1081
C001|1|0|12|100|2517|1350|732|1030|938|691|370|201|283|257|3468|1870|933|1313|1195
C001|1|1|0|0|2244|1204|653|918|836|0|0|0|0|0|2504|1354|653|918|836
C001|1|1|0|4|2244|1204|653|918|836|16|9|5|7|6|2520|1363|658|925|842
C001|1|1|0|20|2244|1204|653|918|836|104|56|30|43|39|2608|1410|683|961|875
C001|1|1|0|60|2244|1204|653|918|836|342|183|99|140|127|2846|1537|752|1058|963
C001|1|1|0|100|2244|1204|653|918|836|616|330|179|252|229|3120|1684|832|1170|1065
C001|1|1|1|0|2270|1218|660|929|846|0|0|0|0|0|2530|1368|660|929|846
C001|1|1|1|4|2270|1218|660|929|846|16|9|5|7|6|2546|1377|665|936|852
C001|1|1|1|20|2270|1218|660|929|846|105|56|31|43|39|2635|1424|691|972|885
C001|1|1|1|60|2270|1218|660|929|846|346|186|101|142|129|2876|1554|761|1071|975
C001|1|1|1|100|2270|1218|660|929|846|623|334|181|255|232|3153|1702|841|1184|1078
C001|1|1|12|0|2561|1374|745|1048|954|0|0|0|0|0|2821|1524|745|1048|954
C001|1|1|12|4|2561|1374|745|1048|954|18|10|5|8|7|2839|1534|750|1056|961
C001|1|1|12|20|2561|1374|745|1048|954|119|64|35|49|44|2940|1588|780|1097|998
C001|1|1|12|60|2561|1374|745|1048|954|390|209|113|160|145|3211|1733|858|1208|1099
C001|1|1|12|100|2561|1374|745|1048|954|703|377|204|288|262|3524|1901|949|1336|1216
C001|1|6|0|0|2464|1322|717|1008|918|0|0|0|0|0|2724|1472|717|1008|918
C001|1|6|0|4|2464|1322|717|1008|918|18|10|5|7|7|2742|1482|722|1015|925
C001|1|6|0|20|2464|1322|717|1008|918|114|61|33|47|43|2838|1533|750|1055|961
C001|1|6|0|60|2464|1322|717|1008|918|375|201|109|154|140|3099|1673|826|1162|1058
C001|1|6|0|100|2464|1322|717|1008|918|676|363|197|277|252|3400|1835|914|1285|1170
C001|1|6|1|0|2490|1336|724|1019|928|0|0|0|0|0|2750|1486|724|1019|928
C001|1|6|1|4|2490|1336|724|1019|928|18|10|5|7|7|2768|1496|729|1026|935
C001|1|6|1|20|2490|1336|724|1019|928|115|62|34|47|43|2865|1548|758|1066|971
C001|1|6|1|60|2490|1336|724|1019|928|379|203|110|155|141|3129|1689|834|1174|1069
C001|1|6|1|100|2490|1336|724|1019|928|683|367|199|280|255|3433|1853|923|1299|1183
C001|1|6|12|0|2781|1492|809|1138|1036|0|0|0|0|0|3041|1642|809|1138|1036
C001|1|6|12|4|2781|1492|809|1138|1036|20|11|6|8|7|3061|1653|815|1146|1043
C001|1|6|12|20|2781|1492|809|1138|1036|129|69|38|53|48|3170|1711|847|1191|1084
C001|1|6|12|60|2781|1492|809|1138|1036|424|227|123|173|158|3465|1869|932|1311|1194
C001|1|6|12|100|2781|1492|809|1138|1036|763|409|222|312|284|3804|2051|1031|1450|1320
C001|2|0|0|0|2277|1221|662|931|849|0|0|0|0|0|2537|1371|662|931|849
C001|2|0|0|4|2277|1221|662|931|849|16|9|5|7|6|2553|1380|667|938|855
C001|2|0|0|20|2277|1221|662|931|849|106|57|31|43|39|2643|1428|693|974|888
C001|2|0|0|60|2277|1221|662|931|849|347|186|101|142|129|2884|1557|763|1073|978
C001|2|0|0|100|2277|1221|662|931|849|625|335|182|255|233|3162|1706|844|1186|1082
C001|2|0|1|0|2303|1235|670|942|859|0|0|0|0|0|2563|1385|670|942|859
C001|2|0|1|4|2303|1235|670|942|859|17|9|5|7|6|2580|1394|675|949|865
C001|2|0|1|20|2303|1235|670|942|859|107|57|31|44|40|2670|1442|701|986|899
C001|2|0|1|60|2303|1235|670|942|859|351|188|102|143|131|2914|1573|772|1085|990
C001|2|0|1|100|2303|1235|670|942|859|632|339|184|258|236|3195|1724|854|1200|1095
C001|2|0|12|0|2594|1391|755|1061|967|0|0|0|0|0|2854|1541|755|1061|967
C001|2|0|12|4|2594|1391|755|1061|967|19|10|5|8|7|2873|1551|760|1069|974
C001|2|0|12|20|2594|1391|755|1061|967|120|64|35|49|45|2974|1605|790|1110|1012
C001|2|0|12|60|2594|1391|755|1061|967|395|212|115|162|147|3249|1753|870|1223|1114
C001|2|0|12|100|2594|1391|755|1061|967|712|382|207|291|265|3566|1923|962|1352|1232
C001|2|1|0|0|2321|1245|675|949|865|0|0|0|0|0|2581|1395|675|949|865
C001|2|1|0|4|2321|1245|675|949|865|17|9|5|7|6|2598|1404|680|956|871
C001|2|1|0|20|2321|1245|675|949|865|108|58|31|44|40|2689|1453|706|993|905
C001|2|1|0|60|2321|1245|675|949|865|354|190|103|145|132|2935|1585|778|1094|997
C001|2|1|0|100|2321|1245|675|949|865|637|342|185|260|237|3218|1737|860|1209|1102
C001|2|1|1|0|2347|1259|683|960|875|0|0|0|0|0|2607|1409|683|960|875
C001|2|1|1|4|2347|1259|683|960|875|17|9|5|7|6|2624|1418|688|967|881
C001|2|1|1|20|2347|1259|683|960|875|109|58|32|45|41|2716|1467|715|1005|916
C001|2|1|1|60|2347|1259|683|960|875|357|192|104|146|133|2964|1601|787|1106|1008
C001|2|1|1|100|2347|1259|683|960|875|644|345|187|263|240|3251|1754|870|1223|1115
C001|2|1|12|0|2638|1415|767|1079|983|0|0|0|0|0|2898|1565|767|1079|983
C001|2|1|12|4|2638|1415|767|1079|983|19|10|6|8|7|2917|1575|773|1087|990
C001|2|1|12|20|2638|1415|767|1079|983|122|66|36|50|46|3020|1631|803|1129|1029
C001|2|1|12|60|2638|1415|767|1079|983|402|216|117|164|150|3300|1781|884|1243|1133
C001|2|1|12|100|2638|1415|767|1079|983|724|388|210|296|270|3622|1953|977|1375|1253
C001|2|6|0|0|2541|1363|739|1039|947|0|0|0|0|0|2801|1513|739|1039|947
C001|2|6|0|4|2541|1363|739|1039|947|18|10|5|7|7|2819|1523|744|1046|954
C001|2|6|0|20|2541|1363|739|1039|947|118|63|34|48|44|2919|1576|773|1087|991
C001|2|6|0|60|2541|1363|739|1039|947|387|208|113|158|144|3188|1721|852|1197|1091
C001|2|6|0|100|2541|1363|739|1039|947|697|374|203|285|260|3498|1887|942|1324|1207
C001|2|6|1|0|2567|1377|747|1050|957|0|0|0|0|0|2827|1527|747|1050|957
C001|2|6|1|4|2567|1377|747|1050|957|18|10|5|8|7|2845|1537|752|1058|964
C001|2|6|1|20|2567|1377|747|1050|957|119|64|35|49|44|2946|1591|782|1099|1001
C001|2|6|1|60|2567|1377|747|1050|957|391|210|114|160|146|3218|1737|861|1210|1103
C001|2|6|1|100|2567|1377|747|1050|957|704|378|205|288|263|3531|1905|952|1338|1220
C001|2|6|12|0|2858|1533|831|1169|1065|0|0|0|0|0|3118|1683|831|1169|1065
C001|2|6|12|4|2858|1533|831|1169|1065|21|11|6|8|8|3139|1694|837|1177|1073
C001|2|6|12|20|2858|1533|831|1169|1065|132|71|39|54|49|3250|1754|870|1223|1114
C001|2|6|12|60|2858|1533|831|1169|1065|435|234|127|178|162|3553|1917|958|1347|1227
C001|2|6|12|100|2858|1533|831|1169|1065|784|421|228|321|292|3902|2104|1059|1490|1357
C001|20|0|0|0|3663|1965|1066|1498|1365|0|0|0|0|0|3923|2115|1066|1498|1365
C001|20|0|0|4|3663|1965|1066|1498|1365|26|14|8|11|10|3949|2129|1074|1509|1375
C001|20|0|0|20|3663|1965|1066|1498|1365|170|91|49|69|63|4093|2206|1115|1567|1428
C001|20|0|0|60|3663|1965|1066|1498|1365|558|299|162|228|208|4481|2414|1228|1726|1573
C001|20|0|0|100|3663|1965|1066|1498|1365|1005|539|293|411|375|4928|2654|1359|1909|1740
C001|20|0|1|0|3689|1979|1073|1509|1375|0|0|0|0|0|3949|2129|1073|1509|1375
C001|20|0|1|4|3689|1979|1073|1509|1375|27|14|8|11|10|3976|2143|1081|1520|1385
C001|20|0|1|20|3689|1979|1073|1509|1375|171|92|50|70|64|4120|2221|1123|1579|1439
C001|20|0|1|60|3689|1979|1073|1509|1375|562|301|163|230|209|4511|2430|1236|1739|1584
C001|20|0|1|100|3689|1979|1073|1509|1375|1012|543|294|414|377|4961|2672|1367|1923|1752
C001|20|0|12|0|3980|2135|1158|1628|1483|0|0|0|0|0|4240|2285|1158|1628|1483
C001|20|0|12|4|3980|2135|1158|1628|1483|29|15|8|12|11|4269|2300|1166|1640|1494
C001|20|0|12|20|3980|2135|1158|1628|1483|185|99|54|75|69|4425|2384|1212|1703|1552
C001|20|0|12|60|3980|2135|1158|1628|1483|606|325|176|248|226|4846|2610|1334|1876|1709
C001|20|0|12|100|3980|2135|1158|1628|1483|1092|586|318|447|407|5332|2871|1476|2075|1890
C001|20|1|0|0|3707|1988|1078|1516|1382|0|0|0|0|0|3967|2138|1078|1516|1382
C001|20|1|0|4|3707|1988|1078|1516|1382|27|14|8|11|10|3994|2152|1086|1527|1392
C001|20|1|0|20|3707|1988|1078|1516|1382|172|92|50|70|64|4139|2230|1128|1586|1446
C001|20|1|0|60|3707|1988|1078|1516|1382|565|303|164|231|211|4532|2441|1242|1747|1593
C001|20|1|0|100|3707|1988|1078|1516|1382|1017|546|296|416|379|4984|2684|1374|1932|1761
C001|20|1|1|0|3733|2002|1086|1527|1392|0|0|0|0|0|3993|2152|1086|1527|1392
C001|20|1|1|4|3733|2002|1086|1527|1392|27|14|8|11|10|4020|2166|1094|1538|1402
C001|20|1|1|20|3733|2002|1086|1527|1392|173|93|50|71|65|4166|2245|1136|1598|1457
C001|20|1|1|60|3733|2002|1086|1527|1392|569|305|165|233|212|4562|2457|1251|1760|1604
C001|20|1|1|100|3733|2002|1086|1527|1392|1024|549|298|419|382|5017|2701|1384|1946|1774
C001|20|1|12|0|4024|2158|1171|1646|1500|0|0|0|0|0|4284|2308|1171|1646|1500
C001|20|1|12|4|4024|2158|1171|1646|1500|29|16|8|12|11|4313|2324|1179|1658|1511
C001|20|1|12|20|4024|2158|1171|1646|1500|187|100|54|76|70|4471|2408|1225|1722|1570
C001|20|1|12|60|4024|2158|1171|1646|1500|613|329|178|251|228|4897|2637|1349|1897|1728
C001|20|1|12|100|4024|2158|1171|1646|1500|1104|592|321|452|412|5388|2900|1492|2098|1912
C001|20|6|0|0|3927|2106|1142|1606|1464|0|0|0|0|0|4187|2256|1142|1606|1464
C001|20|6|0|4|3927|2106|1142|1606|1464|28|15|8|12|11|4215|2271|1150|1618|1475
C001|20|6|0|20|3927|2106|1142|1606|1464|182|98|53|74|68|4369|2354|1195|1680|1532
C001|20|6|0|60|3927|2106|1142|1606|1464|598|321|174|245|223|4785|2577|1316|1851|1687
C001|20|6|0|100|3927|2106|1142|1606|1464|1078|578|313|441|402|5265|2834|1455|2047|1866
C001|20|6|1|0|3953|2120|1150|1617|1474|0|0|0|0|0|4213|2270|1150|1617|1474
C001|20|6|1|4|3953|2120|1150|1617|1474|28|15|8|12|11|4241|2285|1158|1629|1485
C001|20|6|1|20|3953|2120|1150|1617|1474|183|98|53|75|68|4396|2368|1203|1692|1542
C001|20|6|1|60|3953|2120|1150|1617|1474|602|323|175|246|225|4815|2593|1325|1863|1699
C001|20|6|1|100|3953|2120|1150|1617|1474|1085|582|316|444|404|5298|2852|1466|2061|1878
C001|20|6|12|0|4244|2276|1235|1736|1582|0|0|0|0|0|4504|2426|1235|1736|1582
C001|20|6|12|4|4244|2276|1235|1736|1582|31|16|9|12|11|4535|2442|1244|1748|1593
C001|20|6|12|20|4244|2276|1235|1736|1582|197|106|57|80|73|4701|2532|1292|1816|1655
C001|20|6|12|60|4244|2276|1235|1736|1582|646|347|188|264|241|5150|2773|1423|2000|1823
C001|20|6|12|100|4244|2276|1235|1736|1582|1165|625|339|476|434|5669|3051|1574|2212|2016
C001|59|0|0|0|6666|3575|1939|2727|2485|0|0|0|0|0|6926|3725|1939|2727|2485
C001|59|0|0|4|6666|3575|1939|2727|2485|48|26|14|20|18|6974|3751|1953|2747|2503
C001|59|0|0|20|6666|3575|1939|2727|2485|309|166|90|126|115|7235|3891|2029|2853|2600
C001|59|0|0|60|6666|3575|1939|2727|2485|1015|545|295|415|379|7941|4270|2234|3142|2864
C001|59|0|0|100|6666|3575|1939|2727|2485|1829|981|532|748|682|8755|4706|2471|3475|3167
C001|59|0|1|0|6692|3590|1947|2738|2494|0|0|0|0|0|6952|3740|1947|2738|2494
C001|59|0|1|4|6692|3590|1947|2738|2494|48|26|14|20|18|7000|3766|1961|2758|2512
C001|59|0|1|20|6692|3590|1947|2738|2494|310|166|90|127|116|7262|3906|2037|2865|2610
C001|59|0|1|60|6692|3590|1947|2738|2494|1019|547|297|417|380|7971|4287|2244|3155|2874
C001|59|0|1|100|6692|3590|1947|2738|2494|1836|985|534|751|684|8788|4725|2481|3489|3178
C001|59|0|12|0|6983|3745|2031|2857|2603|0|0|0|0|0|7243|3895|2031|2857|2603
C001|59|0|12|4|6983|3745|2031|2857|2603|50|27|15|21|19|7293|3922|2046|2878|2622
C001|59|0|12|20|6983|3745|2031|2857|2603|324|174|94|132|121|7567|4069|2125|2989|2724
C001|59|0|12|60|6983|3745|2031|2857|2603|1064|570|309|435|396|8307|4465|2340|3292|2999
C001|59|0|12|100|6983|3745|2031|2857|2603|1916|1028|557|784|714|9159|4923|2588|3641|3317
C001|59|1|0|0|6710|3599|1952|2745|2501|0|0|0|0|0|6970|3749|1952|2745|2501
C001|59|1|0|4|6710|3599|1952|2745|2501|48|26|14|20|18|7018|3775|1966|2765|2519
C001|59|1|0|20|6710|3599|1952|2745|2501|311|167|90|127|116|7281|3916|2042|2872|2617
C001|59|1|0|60|6710|3599|1952|2745|2501|1022|548|297|418|381|7992|4297|2249|3163|2882
C001|59|1|0|100|6710|3599|1952|2745|2501|1841|988|536|753|686|8811|4737|2488|3498|3187
C001|59|1|1|0|6736|3613|1960|2756|2511|0|0|0|0|0|6996|3763|1960|2756|2511
C001|59|1|1|4|6736|3613|1960|2756|2511|48|26|14|20|18|7044|3789|1974|2776|2529
C001|59|1|1|20|6736|3613|1960|2756|2511|312|167|91|128|116|7308|3930|2051|2884|2627
C001|59|1|1|60|6736|3613|1960|2756|2511|1026|550|299|420|382|8022|4313|2259|3176|2893
C001|59|1|1|100|6736|3613|1960|2756|2511|1848|991|538|756|689|8844|4754|2498|3512|3200
C001|59|1|12|0|7027|3769|2044|2875|2619|0|0|0|0|0|7287|3919|2044|2875|2619
C001|59|1|12|4|7027|3769|2044|2875|2619|51|27|15|21|19|7338|3946|2059|2896|2638
C001|59|1|12|20|7027|3769|2044|2875|2619|326|175|95|133|121|7613|4094|2139|3008|2740
C001|59|1|12|60|7027|3769|2044|2875|2619|1070|574|311|438|399|8357|4493|2355|3313|3018
C001|59|1|12|100|7027|3769|2044|2875|2619|1928|1034|561|789|719|9215|4953|2605|3664|3338
C001|59|6|0|0|6930|3717|2016|2835|2583|0|0|0|0|0|7190|3867|2016|2835|2583
C001|59|6|0|4|6930|3717|2016|2835|2583|50|27|15|20|19|7240|3894|2031|2855|2602
C001|59|6|0|20|6930|3717|2016|2835|2583|321|172|93|131|120|7511|4039|2109|2966|2703
C001|59|6|0|60|6930|3717|2016|2835|2583|1056|566|307|432|393|8246|4433|2323|3267|2976
C001|59|6|0|100|6930|3717|2016|2835|2583|1902|1020|553|778|709|9092|4887|2569|3613|3292
C001|59|6|1|0|6956|3731|2024|2846|2593|0|0|0|0|0|7216|3881|2024|2846|2593
C001|59|6|1|4|6956|3731|2024|2846|2593|50|27|15|20|19|7266|3908|2039|2866|2612
C001|59|6|1|20|6956|3731|2024|2846|2593|322|173|94|132|120|7538|4054|2118|2978|2713
C001|59|6|1|60|6956|3731|2024|2846|2593|1060|568|308|434|395|8276|4449|2332|3280|2988
C001|59|6|1|100|6956|3731|2024|2846|2593|1909|1024|555|781|712|9125|4905|2579|3627|3305
C001|59|6|12|0|7247|3887|2108|2965|2701|0|0|0|0|0|7507|4037|2108|2965|2701
C001|59|6|12|4|7247|3887|2108|2965|2701|52|28|15|21|19|7559|4065|2123|2986|2720
C001|59|6|12|20|7247|3887|2108|2965|2701|336|180|98|137|125|7843|4217|2206|3102|2826
C001|59|6|12|60|7247|3887|2108|2965|2701|1104|592|321|452|411|8611|4629|2429|3417|3112
C001|59|6|12|100|7247|3887|2108|2965|2701|1989|1067|578|814|741|9496|5104|2686|3779|3442
C001|60|0|0|0|6743|3617|1962|2759|2513|0|0|0|0|0|7003|3767|1962|2759|2513
C001|60|0|0|4|6743|3617|1962|2759|2513|49|26|14|20|18|7052|3793|1976|2779|2531
C001|60|0|0|20|6743|3617|1962|2759|2513|313|168|91|128|117|7316|3935|2053|2887|2630
C001|60|0|0|60|6743|3617|1962|2759|2513|1027|551|299|420|383|8030|4318|2261|3179|2896
C001|60|0|0|100|6743|3617|1962|2759|2513|1850|993|538|757|690|8853|4760|2500|3516|3203
C001|60|0|1|0|6769|3631|1969|2769|2523|0|0|0|0|0|7029|3781|1969|2769|2523
C001|60|0|1|4|6769|3631|1969|2769|2523|49|26|14|20|18|7078|3807|1983|2789|2541
C001|60|0|1|20|6769|3631|1969|2769|2523|314|168|91|128|117|7343|3949|2060|2897|2640
C001|60|0|1|60|6769|3631|1969|2769|2523|1031|553|300|422|384|8060|4334|2269|3191|2907
C001|60|0|1|100|6769|3631|1969|2769|2523|1857|996|540|760|692|8886|4777|2509|3529|3215
C001|60|0|12|0|7060|3787|2054|2888|2631|0|0|0|0|0|7320|3937|2054|2888|2631
C001|60|0|12|4|7060|3787|2054|2888|2631|51|27|15|21|19|7371|3964|2069|2909|2650
C001|60|0|12|20|7060|3787|2054|2888|2631|327|176|95|134|122|7647|4113|2149|3022|2753
C001|60|0|12|60|7060|3787|2054|2888|2631|1075|577|313|440|401|8395|4514|2367|3328|3032
C001|60|0|12|100|7060|3787|2054|2888|2631|1937|1039|564|792|722|9257|4976|2618|3680|3353
C001|60|1|0|0|6787|3640|1974|2777|2530|0|0|0|0|0|7047|3790|1974|2777|2530
C001|60|1|0|4|6787|3640|1974|2777|2530|49|26|14|20|18|7096|3816|1988|2797|2548
C001|60|1|0|20|6787|3640|1974|2777|2530|315|169|92|129|117|7362|3959|2066|2906|2647
C001|60|1|0|60|6787|3640|1974|2777|2530|1034|554|301|423|385|8081|4344|2275|3200|2915
C001|60|1|0|100|6787|3640|1974|2777|2530|1862|999|542|762|694|8909|4789|2516|3539|3224
C001|60|1|1|0|6813|3654|1982|2787|2540|0|0|0|0|0|7073|3804|1982|2787|2540
C001|60|1|1|4|6813|3654|1982|2787|2540|49|26|14|20|18|7122|3830|1996|2807|2558
C001|60|1|1|20|6813|3654|1982|2787|2540|316|169|92|129|118|7389|3973|2074|2916|2658
C001|60|1|1|60|6813|3654|1982|2787|2540|1038|557|302|425|387|8111|4361|2284|3212|2927
C001|60|1|1|100|6813|3654|1982|2787|2540|1869|1003|544|765|697|8942|4807|2526|3552|3237
C001|60|1|12|0|7104|3810|2067|2906|2648|0|0|0|0|0|7364|3960|2067|2906|2648
C001|60|1|12|4|7104|3810|2067|2906|2648|51|27|15|21|19|7415|3987|2082|2927|2667
C001|60|1|12|20|7104|3810|2067|2906|2648|329|177|96|135|123|7693|4137|2163|3041|2771
C001|60|1|12|60|7104|3810|2067|2906|2648|1082|580|315|443|403|8446|4540|2382|3349|3051
C001|60|1|12|100|7104|3810|2067|2906|2648|1949|1045|567|797|727|9313|5005|2634|3703|3375
C001|60|6|0|0|7007|3758|2038|2866|2612|0|0|0|0|0|7267|3908|2038|2866|2612
C001|60|6|0|4|7007|3758|2038|2866|2612|50|27|15|21|19|7317|3935|2053|2887|2631
C001|60|6|0|20|7007|3758|2038|2866|2612|325|174|94|133|121|7592|4082|2132|2999|2733
C001|60|6|0|60|7007|3758|2038|2866|2612|1067|572|310|437|398|8334|4480|2348|3303|3010
C001|60|6|0|100|7007|3758|2038|2866|2612|1923|1031|559|786|717|9190|4939|2597|3652|3329
C001|60|6|1|0|7033|3772|2046|2877|2622|0|0|0|0|0|7293|3922|2046|2877|2622
C001|60|6|1|4|7033|3772|2046|2877|2622|51|27|15|21|19|7344|3949|2061|2898|2641
C001|60|6|1|20|7033|3772|2046|2877|2622|326|175|95|133|122|7619|4097|2141|3010|2744
C001|60|6|1|60|7033|3772|2046|2877|2622|1071|575|312|438|399|8364|4497|2358|3315|3021
C001|60|6|1|100|7033|3772|2046|2877|2622|1930|1035|561|789|719|9223|4957|2607|3666|3341
C001|60|6|12|0|7324|3928|2131|2996|2730|0|0|0|0|0|7584|4078|2131|2996|2730
C001|60|6|12|4|7324|3928|2131|2996|2730|53|28|15|22|20|7637|4106|2146|3018|2750
C001|60|6|12|20|7324|3928|2131|2996|2730|340|182|99|139|127|7924|4260|2230|3135|2857
C001|60|6|12|60|7324|3928|2131|2996|2730|1116|598|325|456|416|8700|4676|2456|3452|3146
C001|60|6|12|100|7324|3928|2131|2996|2730|2010|1078|585|822|749|9594|5156|2716|3818|3479
C002|1|0|0|0|3300|740|1160|660|520|0|0|0|0|0|3560|890|1160|660|520
C002|1|0|0|4|3300|740|1160|660|520|24|5|8|5|4|3584|895|1168|665|524
C002|1|0|0|20|3300|740|1160|660|520|153|34|54|31|24|3713|924|1214|691|544
C002|1|0|0|60|3300|740|1160|660|520|503|113|177|101|79|4063|1003|1337|761|599
C002|1|0|0|100|3300|740|1160|660|520|906|203|318|181|143|4466|1093|1478|841|663
C002|1|0|1|0|3340|749|1174|668|526|0|0|0|0|0|3600|899|1174|668|526
C002|1|0|1|4|3340|749|1174|668|526|24|5|8|5|4|3624|904|1182|673|530
C002|1|0|1|20|3340|749|1174|668|526|155|35|54|31|24|3755|934|1228|699|550
C002|1|0|1|60|3340|749|1174|668|526|509|114|179|102|80|4109|1013|1353|770|606
C002|1|0|1|100|3340|749|1174|668|526|916|206|322|183|144|4516|1105|1496|851|670
C002|1|0|12|0|3775|847|1327|755|595|0|0|0|0|0|4035|997|1327|755|595
C002|1|0|12|4|3775|847|1327|755|595|27|6|10|5|4|4062|1003|1337|760|599
C002|1|0|12|20|3775|847|1327|755|595|175|39|62|35|28|4210|1036|1389|790|623
C002|1|0|12|60|3775|847|1327|755|595|575|129|202|115|91|4610|1126|1529|870|686
C002|1|0|12|100|3775|847|1327|755|595|1036|232|364|207|163|5071|1229|1691|962|758
C002|1|1|0|0|3366|755|1183|673|530|0|0|0|0|0|3626|905|1183|673|530
C002|1|1|0|4|3366|755|1183|673|530|24|5|9|5|4|3650|910|1192|678|534
C002|1|1|0|20|3366|755|1183|673|530|156|35|55|31|25|3782|940|1238|704|555
C002|1|1|0|60|3366|755|1183|673|530|513|115|180|103|81|4139|1020|1363|776|611
C002|1|1|0|100|3366|755|1183|673|530|924|207|325|185|145|4550|1112|1508|858|675
C002|1|1|1|0|3406|764|1197|681|537|0|0|0|0|0|3666|914|1197|681|537
C002|1|1|1|4|3406|764|1197|681|537|25|6|9|5|4|3691|920|1206|686|541
C002|1|1|1|20|3406|764|1197|681|537|158|35|55|32|25|3824|949|1252|713|562
C002|1|1|1|60|3406|764|1197|681|537|519|116|182|104|82|4185|1030|1379|785|619
C002|1|1|1|100|3406|764|1197|681|537|935|210|328|187|147|4601|1124|1525|868|684
C002|1|1|12|0|3841|861|1350|768|605|0|0|0|0|0|4101|1011|1350|768|605
C002|1|1|12|4|3841|861|1350|768|605|28|6|10|6|4|4129|1017|1360|774|609
C002|1|1|12|20|3841|861|1350|768|605|178|40|63|36|28|4279|1051|1413|804|633
C002|1|1|12|60|3841|861|1350|768|605|585|131|206|117|92|4686|1142|1556|885|697
C002|1|1|12|100|3841|861|1350|768|605|1054|236|370|211|166|5155|1247|1720|979|771
C002|1|6|0|0|3696|829|1299|739|582|0|0|0|0|0|3956|979|1299|739|582
C002|1|6|0|4|3696|829|1299|739|582|27|6|9|5|4|3983|985|1308|744|586
C002|1|6|0|20|3696|829|1299|739|582|171|38|60|34|27|4127|1017|1359|773|609
C002|1|6|0|60|3696|829|1299|739|582|563|126|198|113|89|4519|1105|1497|852|671
C002|1|6|0|100|3696|829|1299|739|582|1014|227|356|203|160|4970|1206|1655|942|742
C002|1|6|1|0|3736|838|1313|747|589|0|0|0|0|0|3996|988|1313|747|589
C002|1|6|1|4|3736|838|1313|747|589|27|6|9|5|4|4023|994|1322|752|593
C002|1|6|1|20|3736|838|1313|747|589|173|39|61|35|27|4169|1027|1374|782|616
C002|1|6|1|60|3736|838|1313|747|589|569|128|200|114|90|4565|1116|1513|861|679
C002|1|6|1|100|3736|838|1313|747|589|1025|230|360|205|162|5021|1218|1673|952|751
C002|1|6|12|0|4171|935|1466|834|657|0|0|0|0|0|4431|1085|1466|834|657
C002|1|6|12|4|4171|935|1466|834|657|30|7|11|6|5|4461|1092|1477|840|662
C002|1|6|12|20|4171|935|1466|834|657|193|43|68|39|30|4624|1128|1534|873|687
C002|1|6|12|60|4171|935|1466|834|657|635|142|223|127|100|5066|1227|1689|961|757
C002|1|6|12|100|4171|935|1466|834|657|1145|257|402|229|180|5576|1342|1868|1063|837
C002|2|0|0|0|3415|766|1201|683|538|0|0|0|0|0|3675|916|1201|683|538
C002|2|0|0|4|3415|766|1201|683|538|25|6|9|5|4|3700|922|1210|688|542
C002|2|0|0|20|3415|766|1201|683|538|158|36|56|32|25|3833|952|1257|715|563
C002|2|0|0|60|3415|766|1201|683|538|520|117|183|104|82|4195|1033|1384|787|620
C002|2|0|0|100|3415|766|1201|683|538|937|210|330|187|148|4612|1126|1531|870|686
C002|2|0|1|0|3455|775|1215|691|544|0|0|0|0|0|3715|925|1215|691|544
C002|2|0|1|4|3455|775|1215|691|544|25|6|9|5|4|3740|931|1224|696|548
C002|2|0|1|20|3455|775|1215|691|544|160|36|56|32|25|3875|961|1271|723|569
C002|2|0|1|60|3455|775|1215|691|544|526|118|185|105|83|4241|1043|1400|796|627
C002|2|0|1|100|3455|775|1215|691|544|948|213|333|190|149|4663|1138|1548|881|693
C002|2|0|12|0|3891|872|1368|778|613|0|0|0|0|0|4151|1022|1368|778|613
C002|2|0|12|4|3891|872|1368|778|613|28|6|10|6|4|4179|1028|1378|784|617
C002|2|0|12|20|3891|872|1368|778|613|180|40|63|36|28|4331|1062|1431|814|641
C002|2|0|12|60|3891|872|1368|778|613|593|133|208|119|93|4744|1155|1576|897|706
C002|2|0|12|100|3891|872|1368|778|613|1068|239|375|213|168|5219|1261|1743|991|781
C002|2|1|0|0|3481|781|1224|696|549|0|0|0|0|0|3741|931|1224|696|549
C002|2|1|0|4|3481|781|1224|696|549|25|6|9|5|4|3766|937|1233|701|553
C002|2|1|0|20|3481|781|1224|696|549|161|36|57|32|25|3902|967|1281|728|574
C002|2|1|0|60|3481|781|1224|696|549|530|119|186|106|84|4271|1050|1410|802|633
C002|2|1|0|100|3481|781|1224|696|549|955|214|336|191|151|4696|1145|1560|887|700
C002|2|1|1|0|3521|790|1238|704|555|0|0|0|0|0|3781|940|1238|704|555
C002|2|1|1|4|3521|790|1238|704|555|25|6|9|5|4|3806|946|1247|709|559
C002|2|1|1|20|3521|790|1238|704|555|163|37|57|33|26|3944|977|1295|737|581
C002|2|1|1|60|3521|790|1238|704|555|536|120|189|107|85|4317|1060|1427|811|640
C002|2|1|1|100|3521|790|1238|704|555|966|217|340|193|152|4747|1157|1578|897|707
C002|2|1|12|0|3957|887|1391|791|623|0|0|0|0|0|4217|1037|1391|791|623
C002|2|1|12|4|3957|887|1391|791|623|28|6|10|6|4|4245|1043|1401|797|627
C002|2|1|12|20|3957|887|1391|791|623|183|41|64|37|29|4400|1078|1455|828|652
C002|2|1|12|60|3957|887|1391|791|623|603|135|212|120|95|4820|1172|1603|911|718
C002|2|1|12|100|3957|887|1391|791|623|1086|243|382|217|171|5303|1280|1773|1008|794
C002|2|6|0|0|3811|855|1340|762|601|0|0|0|0|0|4071|1005|1340|762|601
C002|2|6|0|4|3811|855|1340|762|601|27|6|10|5|4|4098|1011|1350|767|605
C002|2|6|0|20|3811|855|1340|762|601|177|40|62|35|28|4248|1045|1402|797|629
C002|2|6|0|60|3811|855|1340|762|601|580|130|204|116|92|4651|1135|1544|878|693
C002|2|6|0|100|3811|855|1340|762|601|1046|235|368|209|165|5117|1240|1708|971|766
C002|2|6|1|0|3851|864|1354|770|607|0|0|0|0|0|4111|1014|1354|770|607
C002|2|6|1|4|3851|864|1354|770|607|28|6|10|6|4|4139|1020|1364|776|611
C002|2|6|1|20|3851|864|1354|770|607|179|40|63|36|28|4290|1054|1417|806|635
C002|2|6|1|60|3851|864|1354|770|607|587|132|206|117|92|4698|1146|1560|887|699
C002|2|6|1|100|3851|864|1354|770|607|1057|237|372|211|167|5168|1251|1726|981|774
C002|2|6|12|0|4287|961|1507|857|675|0|0|0|0|0|4547|1111|1507|857|675
C002|2|6|12|4|4287|961|1507|857|675|31|7|11|6|5|4578|1118|1518|863|680
C002|2|6|12|20|4287|961|1507|857|675|199|45|70|40|31|4746|1156|1577|897|706
C002|2|6|12|60|4287|961|1507|857|675|653|146|230|131|103|5200|1257|1737|988|778
C002|2|6|12|100|4287|961|1507|857|675|1176|264|414|235|185|5723|1375|1921|1092|860
C002|20|0|0|0|5494|1232|1931|1099|866|0|0|0|0|0|5754|1382|1931|1099|866
C002|20|0|0|4|5494|1232|1931|1099|866|40|9|14|8|6|5794|1391|1945|1107|872
C002|20|0|0|20|5494|1232|1931|1099|866|255|57|90|51|40|6009|1439|2021|1150|906
C002|20|0|0|60|5494|1232|1931|1099|866|837|188|294|167|132|6591|1570|2225|1266|998
C002|20|0|0|100|5494|1232|1931|1099|866|1508|338|530|302|238|7262|1720|2461|1401|1104
C002|20|0|1|0|5534|1241|1945|1107|872|0|0|0|0|0|5794|1391|1945|1107|872
C002|20|0|1|4|5534|1241|1945|1107|872|40|9|14|8|6|5834|1400|1959|1115|878
C002|20|0|1|20|5534|1241|1945|1107|872|257|58|90|51|40|6051|1449|2035|1158|912
C002|20|0|1|60|5534|1241|1945|1107|872|843|189|296|169|133|6637|1580|2241|1276|1005
C002|20|0|1|100|5534|1241|1945|1107|872|1519|341|534|304|239|7313|1732|2479|1411|1111
C002|20|0|12|0|5970|1339|2098|1194|941|0|0|0|0|0|6230|1489|2098|1194|941
C002|20|0|12|4|5970|1339|2098|1194|941|43|10|15|9|7|6273|1499|2113|1203|948
C002|20|0|12|20|5970|1339|2098|1194|941|277|62|97|55|44|6507|1551|2195|1249|985
C002|20|0|12|60|5970|1339|2098|1194|941|909|204|320|182|143|7139|1693|2418|1376|1084
C002|20|0|12|100|5970|1339|2098|1194|941|1638|367|576|328|258|7868|1856|2674|1522|1199
C002|20|1|0|0|5560|1247|1955|1112|876|0|0|0|0|0|5820|1397|1955|1112|876
C002|20|1|0|4|5560|1247|1955|1112|876|40|9|14|8|6|5860|1406|1969|1120|882
C002|20|1|0|20|5560|1247|1955|1112|876|258|58|91|52|41|6078|1455|2046|1164|917
C002|20|1|0|60|5560|1247|1955|1112|876|847|190|298|169|133|6667|1587|2253|1281|1009
C002|20|1|0|100|5560|1247|1955|1112|876|1526|342|536|305|240|7346|1739|2491|1417|1116
C002|20|1|1|0|5600|1256|1969|1120|882|0|0|0|0|0|5860|1406|1969|1120|882
C002|20|1|1|4|5600|1256|1969|1120|882|40|9|14|8|6|5900|1415|1983|1128|888
C002|20|1|1|20|5600|1256|1969|1120|882|260|58|91|52|41|6120|1464|2060|1172|923
C002|20|1|1|60|5600|1256|1969|1120|882|853|191|300|171|134|6713|1597|2269|1291|1016
C002|20|1|1|100|5600|1256|1969|1120|882|1537|345|540|307|242|7397|1751|2509|1427|1124
C002|20|1|12|0|6036|1353|2122|1207|951|0|0|0|0|0|6296|1503|2122|1207|951
C002|20|1|12|4|6036|1353|2122|1207|951|43|10|15|9|7|6339|1513|2137|1216|958
C002|20|1|12|20|6036|1353|2122|1207|951|280|63|98|56|44|6576|1566|2220|1263|995
C002|20|1|12|60|6036|1353|2122|1207|951|919|206|323|184|145|7215|1709|2445|1391|1096
C002|20|1|12|100|6036|1353|2122|1207|951|1656|371|582|331|261|7952|1874|2704|1538|1212
C002|20|6|0|0|5890|1321|2071|1178|928|0|0|0|0|0|6150|1471|2071|1178|928
C002|20|6|0|4|5890|1321|2071|1178|928|42|10|15|8|7|6192|1481|2086|1186|935
C002|20|6|0|20|5890|1321|2071|1178|928|273|61|96|55|43|6423|1532|2167|1233|971
C002|20|6|0|60|5890|1321|2071|1178|928|897|201|315|179|141|7047|1672|2386|1357|1069
C002|20|6|0|100|5890|1321|2071|1178|928|1616|362|568|323|255|7766|1833|2639|1501|1183
C002|20|6|1|0|5930|1330|2085|1186|934|0|0|0|0|0|6190|1480|2085|1186|934
C002|20|6|1|4|5930|1330|2085|1186|934|43|10|15|9|7|6233|1490|2100|1195|941
C002|20|6|1|20|5930|1330|2085|1186|934|275|62|97|55|43|6465|1542|2182|1241|977
C002|20|6|1|60|5930|1330|2085|1186|934|903|203|318|181|142|7093|1683|2403|1367|1076
C002|20|6|1|100|5930|1330|2085|1186|934|1627|365|572|325|256|7817|1845|2657|1511|1190
C002|20|6|12|0|6366|1427|2238|1273|1003|0|0|0|0|0|6626|1577|2238|1273|1003
C002|20|6|12|4|6366|1427|2238|1273|1003|46|10|16|9|7|6672|1587|2254|1282|1010
C002|20|6|12|20|6366|1427|2238|1273|1003|295|66|104|59|46|6921|1643|2342|1332|1049
C002|20|6|12|60|6366|1427|2238|1273|1003|970|217|341|194|153|7596|1794|2579|1467|1156
C002|20|6|12|100|6366|1427|2238|1273|1003|1747|392|614|349|275|8373|1969|2852|1622|1278
C002|59|0|0|0|9999|2242|3515|2000|1576|0|0|0|0|0|10259|2392|3515|2000|1576
C002|59|0|0|4|9999|2242|3515|2000|1576|72|16|25|14|11|10331|2408|3540|2014|1587
C002|59|0|0|20|9999|2242|3515|2000|1576|464|104|163|93|73|10723|2496|3678|2093|1649
C002|59|0|0|60|9999|2242|3515|2000|1576|1523|342|535|305|240|11782|2734|4050|2305|1816
C002|59|0|0|100|9999|2242|3515|2000|1576|2744|615|965|549|432|13003|3007|4480|2549|2008
C002|59|0|1|0|10039|2251|3529|2008|1582|0|0|0|0|0|10299|2401|3529|2008|1582
C002|59|0|1|4|10039|2251|3529|2008|1582|72|16|25|14|11|10371|2417|3554|2022|1593
C002|59|0|1|20|10039|2251|3529|2008|1582|465|104|164|93|73|10764|2505|3693|2101|1655
C002|59|0|1|60|10039|2251|3529|2008|1582|1529|343|538|306|241|11828|2744|4067|2314|1823
C002|59|0|1|100|10039|2251|3529|2008|1582|2755|618|968|551|434|13054|3019|4497|2559|2016
C002|59|0|12|0|10474|2349|3682|2095|1650|0|0|0|0|0|10734|2499|3682|2095|1650
C002|59|0|12|4|10474|2349|3682|2095|1650|75|17|27|15|12|10809|2516|3709|2110|1662
C002|59|0|12|20|10474|2349|3682|2095|1650|486|109|171|97|76|11220|2608|3853|2192|1726
C002|59|0|12|60|10474|2349|3682|2095|1650|1595|358|561|319|251|12329|2857|4243|2414|1901
C002|59|0|12|100|10474|2349|3682|2095|1650|2874|645|1010|575|453|13608|3144|4692|2670|2103
C002|59|1|0|0|10065|2257|3538|2013|1586|0|0|0|0|0|10325|2407|3538|2013|1586
C002|59|1|0|4|10065|2257|3538|2013|1586|72|16|25|14|11|10397|2423|3563|2027|1597
C002|59|1|0|20|10065|2257|3538|2013|1586|467|105|164|93|74|10792|2512|3702|2106|1660
C002|59|1|0|60|10065|2257|3538|2013|1586|1533|344|539|307|242|11858|2751|4077|2320|1828
C002|59|1|0|100|10065|2257|3538|2013|1586|2762|619|971|552|435|13087|3026|4509|2565|2021
C002|59|1|1|0|10105|2266|3552|2021|1592|0|0|0|0|0|10365|2416|3552|2021|1592
C002|59|1|1|4|10105|2266|3552|2021|1592|73|16|26|15|11|10438|2432|3578|2036|1603
C002|59|1|1|20|10105|2266|3552|2021|1592|468|105|165|94|74|10833|2521|3717|2115|1666
C002|59|1|1|60|10105|2266|3552|2021|1592|1539|345|541|308|242|11904|2761|4093|2329|1834
C002|59|1|1|100|10105|2266|3552|2021|1592|2773|622|975|555|437|13138|3038|4527|2576|2029
C002|59|1|12|0|10540|2364|3705|2108|1661|0|0|0|0|0|10800|2514|3705|2108|1661
C002|59|1|12|4|10540|2364|3705|2108|1661|76|17|27|15|12|10876|2531|3732|2123|1673
C002|59|1|12|20|10540|2364|3705|2108|1661|489|110|172|98|77|11289|2624|3877|2206|1738
C002|59|1|12|60|10540|2364|3705|2108|1661|1605|360|564|321|253|12405|2874|4269|2429|1914
C002|59|1|12|100|10540|2364|3705|2108|1661|2892|649|1017|578|456|13692|3163|4722|2686|2117
C002|59|6|0|0|10395|2331|3654|2079|1638|0|0|0|0|0|10655|2481|3654|2079|1638
C002|59|6|0|4|10395|2331|3654|2079|1638|75|17|26|15|12|10730|2498|3680|2094|1650
C002|59|6|0|20|10395|2331|3654|2079|1638|482|108|169|96|76|11137|2589|3823|2175|1714
C002|59|6|0|60|10395|2331|3654|2079|1638|1583|355|557|317|250|12238|2836|4211|2396|1888
C002|59|6|0|100|10395|2331|3654|2079|1638|2852|640|1003|570|449|13507|3121|4657|2649|2087
C002|59|6|1|0|10435|2340|3668|2087|1644|0|0|0|0|0|10695|2490|3668|2087|1644
C002|59|6|1|4|10435|2340|3668|2087|1644|75|17|26|15|12|10770|2507|3694|2102|1656
C002|59|6|1|20|10435|2340|3668|2087|1644|484|108|170|97|76|11179|2598|3838|2184|1720
C002|59|6|1|60|10435|2340|3668|2087|1644|1589|356|559|318|250|12284|2846|4227|2405|1894
C002|59|6|1|100|10435|2340|3668|2087|1644|2863|642|1006|573|451|13558|3132|4674|2660|2095
C002|59|6|12|0|10870|2438|3821|2174|1713|0|0|0|0|0|11130|2588|3821|2174|1713
C002|59|6|12|4|10870|2438|3821|2174|1713|78|18|28|16|12|11208|2606|3849|2190|1725
C002|59|6|12|20|10870|2438|3821|2174|1713|504|113|177|101|79|11634|2701|3998|2275|1792
C002|59|6|12|60|10870|2438|3821|2174|1713|1656|371|582|331|261|12786|2959|4403|2505|1974
C002|59|6|12|100|10870|2438|3821|2174|1713|2983|669|1048|597|470|14113|3257|4869|2771|2183
C002|60|0|0|0|10115|2268|3555|2023|1594|0|0|0|0|0|10375|2418|3555|2023|1594
C002|60|0|0|4|10115|2268|3555|2023|1594|73|16|26|15|11|10448|2434|3581|2038|1605
C002|60|0|0|20|10115|2268|3555|2023|1594|469|105|165|94|74|10844|2523|3720|2117|1668
C002|60|0|0|60|10115|2268|3555|2023|1594|1541|345|541|308|243|11916|2763|4096|2331|1837
C002|60|0|0|100|10115|2268|3555|2023|1594|2776|622|975|555|437|13151|3040|4530|2578|2031
C002|60|0|1|0|10154|2277|3569|2031|1600|0|0|0|0|0|10414|2427|3569|2031|1600
C002|60|0|1|4|10154|2277|3569|2031|1600|73|16|26|15|12|10487|2443|3595|2046|1612
C002|60|0|1|20|10154|2277|3569|2031|1600|471|106|165|94|74|10885|2533|3734|2125|1674
C002|60|0|1|60|10154|2277|3569|2031|1600|1547|347|544|309|244|11961|2774|4113|2340|1844
C002|60|0|1|100|10154|2277|3569|2031|1600|2786|625|979|557|439|13200|3052|4548|2588|2039
C002|60|0|12|0|10590|2375|3722|2118|1669|0|0|0|0|0|10850|2525|3722|2118|1669
C002|60|0|12|4|10590|2375|3722|2118|1669|76|17|27|15|12|10926|2542|3749|2133|1681
C002|60|0|12|20|10590|2375|3722|2118|1669|491|110|173|98|77|11341|2635|3895|2216|1746
C002|60|0|12|60|10590|2375|3722|2118|1669|1613|362|567|323|254|12463|2887|4289|2441|1923
C002|60|0|12|100|10590|2375|3722|2118|1669|2906|652|1021|581|458|13756|3177|4743|2699|2127
C002|60|1|0|0|10181|2283|3579|2036|1604|0|0|0|0|0|10441|2433|3579|2036|1604
C002|60|1|0|4|10181|2283|3579|2036|1604|73|16|26|15|12|10514|2449|3605|2051|1616
C002|60|1|0|20|10181|2283|3579|2036|1604|472|106|166|94|74|10913|2539|3745|2130|1678
C002|60|1|0|60|10181|2283|3579|2036|1604|1551|348|545|310|244|11992|2781|4124|2346|1848
C002|60|1|0|100|10181|2283|3579|2036|1604|2794|626|982|559|440|13235|3059|4561|2595|2044
C002|60|1|1|0|10220|2292|3593|2044|1610|0|0|0|0|0|10480|2442|3593|2044|1610
C002|60|1|1|4|10220|2292|3593|2044|1610|74|17|26|15|12|10554|2459|3619|2059|1622
C002|60|1|1|20|10220|2292|3593|2044|1610|474|106|167|95|75|10954|2548|3760|2139|1685
C002|60|1|1|60|10220|2292|3593|2044|1610|1557|349|547|311|245|12037|2791|4140|2355|1855
C002|60|1|1|100|10220|2292|3593|2044|1610|2804|629|986|561|442|13284|3071|4579|2605|2052
C002|60|1|12|0|10656|2389|3746|2131|1679|0|0|0|0|0|10916|2539|3746|2131|1679
C002|60|1|12|4|10656|2389|3746|2131|1679|77|17|27|15|12|10993|2556|3773|2146|1691
C002|60|1|12|20|10656|2389|3746|2131|1679|494|111|174|99|78|11410|2650|3920|2230|1757
C002|60|1|12|60|10656|2389|3746|2131|1679|1623|364|571|325|256|12539|2903|4317|2456|1935
C002|60|1|12|100|10656|2389|3746|2131|1679|2924|656|1028|585|461|13840|3195|4774|2716|2140
C002|60|6|0|0|10510|2357|3695|2102|1656|0|0|0|0|0|10770|2507|3695|2102|1656
C002|60|6|0|4|10510|2357|3695|2102|1656|76|17|27|15|12|10846|2524|3722|2117|1668
C002|60|6|0|20|10510|2357|3695|2102|1656|487|109|171|97|77|11257|2616|3866|2199|1733
C002|60|6|0|60|10510|2357|3695|2102|1656|1601|359|563|320|252|12371|2866|4258|2422|1908
C002|60|6|0|100|10510|2357|3695|2102|1656|2884|647|1014|577|454|13654|3154|4709|2679|2110
C002|60|6|1|0|10550|2366|3709|2110|1662|0|0|0|0|0|10810|2516|3709|2110|1662
C002|60|6|1|4|10550|2366|3709|2110|1662|76|17|27|15|12|10886|2533|3736|2125|1674
C002|60|6|1|20|10550|2366|3709|2110|1662|489|110|172|98|77|11299|2626|3881|2208|1739
C002|60|6|1|60|10550|2366|3709|2110|1662|1607|360|565|321|253|12417|2876|4274|2431|1915
C002|60|6|1|100|10550|2366|3709|2110|1662|2895|649|1018|579|456|13705|3165|4727|2689|2118
C002|60|6|12|0|10986|2463|3862|2197|1731|0|0|0|0|0|11246|2613|3862|2197|1731
C002|60|6|12|4|10986|2463|3862|2197|1731|79|18|28|16|12|11325|2631|3890|2213|1743
C002|60|6|12|20|10986|2463|3862|2197|1731|509|114|179|102|80|11755|2727|4041|2299|1811
C002|60|6|12|60|10986|2463|3862|2197|1731|1673|375|588|335|264|12919|2988|4450|2532|1995
C002|60|6|12|100|10986|2463|3862|2197|1731|3015|676|1060|603|475|14261|3289|4922|2800|2206
C003|1|0|0|0|2900|900|800|800|660|0|0|0|0|0|3160|1050|800|800|660
C003|1|0|0|4|2900|900|800|800|660|21|6|6|6|5|3181|1056|806|806|665
C003|1|0|0|20|2900|900|800|800|660|134|42|37|37|31|3294|1092|837|837|691
C003|1|0|0|60|2900|900|800|800|660|442|137|122|122|101|3602|1187|922|922|761
C003|1|0|0|100|2900|900|800|800|660|796|247|220|220|181|3956|1297|1020|1020|841
C003|1|0|1|0|2935|911|810|810|668|0|0|0|0|0|3195|1061|810|810|668
C003|1|0|1|4|2935|911|810|810|668|21|7|6|6|5|3216|1068|816|816|673
C003|1|0|1|20|2935|911|810|810|668|136|42|38|38|31|3331|1103|848|848|699
C003|1|0|1|60|2935|911|810|810|668|447|139|123|123|102|3642|1200|933|933|770
C003|1|0|1|100|2935|911|810|810|668|805|250|222|222|183|4000|1311|1032|1032|851
C003|1|0|12|0|3318|1030|915|915|755|0|0|0|0|0|3578|1180|915|915|755
C003|1|0|12|4|3318|1030|915|915|755|24|7|7|7|5|3602|1187|922|922|760
C003|1|0|12|20|3318|1030|915|915|755|154|48|42|42|35|3732|1228|957|957|790
C003|1|0|12|60|3318|1030|915|915|755|505|157|139|139|115|4083|1337|1054|1054|870
C003|1|0|12|100|3318|1030|915|915|755|910|283|251|251|207|4488|1463|1166|1166|962
C003|1|1|0|0|2958|918|816|816|673|0|0|0|0|0|3218|1068|816|816|673
C003|1|1|0|4|2958|918|816|816|673|21|7|6|6|5|3239|1075|822|822|678
C003|1|1|0|20|2958|918|816|816|673|137|43|38|38|31|3355|1111|854|854|704
C003|1|1|0|60|2958|918|816|816|673|451|140|124|124|103|3669|1208|940|940|776
C003|1|1|0|100|2958|918|816|816|673|812|252|224|224|185|4030|1320|1040|1040|858
C003|1|1|1|0|2993|929|826|826|681|0|0|0|0|0|3253|1079|826|826|681
C003|1|1|1|4|2993|929|826|826|681|22|7|6|6|5|3275|1086|832|832|686
C003|1|1|1|20|2993|929|826|826|681|139|43|38|38|32|3392|1122|864|864|713
C003|1|1|1|60|2993|929|826|826|681|456|142|126|126|104|3709|1221|952|952|785
C003|1|1|1|100|2993|929|826|826|681|821|255|227|227|187|4074|1334|1053|1053|868
C003|1|1|12|0|3376|1048|931|931|768|0|0|0|0|0|3636|1198|931|931|768
C003|1|1|12|4|3376|1048|931|931|768|24|8|7|7|6|3660|1206|938|938|774
C003|1|1|12|20|3376|1048|931|931|768|157|49|43|43|36|3793|1247|974|974|804
C003|1|1|12|60|3376|1048|931|931|768|514|160|142|142|117|4150|1358|1073|1073|885
C003|1|1|12|100|3376|1048|931|931|768|926|288|255|255|211|4562|1486|1186|1186|979
C003|1|6|0|0|3248|1008|896|896|739|0|0|0|0|0|3508|1158|896|896|739
C003|1|6|0|4|3248|1008|896|896|739|23|7|6|6|5|3531|1165|902|902|744
C003|1|6|0|20|3248|1008|896|896|739|151|47|42|42|34|3659|1205|938|938|773
C003|1|6|0|60|3248|1008|896|896|739|495|154|136|136|113|4003|1312|1032|1032|852
C003|1|6|0|100|3248|1008|896|896|739|891|277|246|246|203|4399|1435|1142|1142|942
C003|1|6|1|0|3283|1019|906|906|747|0|0|0|0|0|3543|1169|906|906|747
C003|1|6|1|4|3283|1019|906|906|747|24|7|7|7|5|3567|1176|913|913|752
C003|1|6|1|20|3283|1019|906|906|747|152|47|42|42|35|3695|1216|948|948|782
C003|1|6|1|60|3283|1019|906|906|747|500|155|138|138|114|4043|1324|1044|1044|861
C003|1|6|1|100|3283|1019|906|906|747|901|280|249|249|205|4444|1449|1155|1155|952
C003|1|6|12|0|3666|1138|1011|1011|834|0|0|0|0|0|3926|1288|1011|1011|834
C003|1|6|12|4|3666|1138|1011|1011|834|26|8|7|7|6|3952|1296|1018|1018|840
C003|1|6|12|20|3666|1138|1011|1011|834|170|53|47|47|39|4096|1341|1058|1058|873
C003|1|6|12|60|3666|1138|1011|1011|834|558|173|154|154|127|4484|1461|1165|1165|961
C003|1|6|12|100|3666|1138|1011|1011|834|1006|312|277|277|229|4932|1600|1288|1288|1063
C003|2|0|0|0|3001|931|828|828|683|0|0|0|0|0|3261|1081|828|828|683
C003|2|0|0|4|3001|931|828|828|683|22|7|6|6|5|3283|1088|834|834|688
C003|2|0|0|20|3001|931|828|828|683|139|43|38|38|32|3400|1124|866|866|715
C003|2|0|0|60|3001|931|828|828|683|457|142|126|126|104|3718|1223|954|954|787
C003|2|0|0|100|3001|931|828|828|683|823|255|227|227|187|4084|1336|1055|1055|870
C003|2|0|1|0|3036|942|838|838|691|0|0|0|0|0|3296|1092|838|838|691
C003|2|0|1|4|3036|942|838|838|691|22|7|6|6|5|3318|1099|844|844|696
C003|2|0|1|20|3036|942|838|838|691|141|44|39|39|32|3437|1136|877|877|723
C003|2|0|1|60|3036|942|838|838|691|462|143|128|128|105|3758|1235|966|966|796
C003|2|0|1|100|3036|942|838|838|691|833|258|230|230|190|4129|1350|1068|1068|881
C003|2|0|12|0|3419|1061|943|943|778|0|0|0|0|0|3679|1211|943|943|778
C003|2|0|12|4|3419|1061|943|943|778|25|8|7|7|6|3704|1219|950|950|784
C003|2|0|12|20|3419|1061|943|943|778|159|49|44|44|36|3838|1260|987|987|814
C003|2|0|12|60|3419|1061|943|943|778|521|162|144|144|119|4200|1373|1087|1087|897
C003|2|0|12|100|3419|1061|943|943|778|938|291|259|259|213|4617|1502|1202|1202|991
C003|2|1|0|0|3059|949|844|844|696|0|0|0|0|0|3319|1099|844|844|696
C003|2|1|0|4|3059|949|844|844|696|22|7|6|6|5|3341|1106|850|850|701
C003|2|1|0|20|3059|949|844|844|696|142|44|39|39|32|3461|1143|883|883|728
C003|2|1|0|60|3059|949|844|844|696|466|145|129|129|106|3785|1244|973|973|802
C003|2|1|0|100|3059|949|844|844|696|839|260|232|232|191|4158|1359|1076|1076|887
C003|2|1|1|0|3094|960|854|854|704|0|0|0|0|0|3354|1110|854|854|704
C003|2|1|1|4|3094|960|854|854|704|22|7|6|6|5|3376|1117|860|860|709
C003|2|1|1|20|3094|960|854|854|704|143|45|40|40|33|3497|1155|894|894|737
C003|2|1|1|60|3094|960|854|854|704|471|146|130|130|107|3825|1256|984|984|811
C003|2|1|1|100|3094|960|854|854|704|849|263|234|234|193|4203|1373|1088|1088|897
C003|2|1|12|0|3477|1079|959|959|791|0|0|0|0|0|3737|1229|959|959|791
C003|2|1|12|4|3477|1079|959|959|791|25|8|7|7|6|3762|1237|966|966|797
C003|2|1|12|20|3477|1079|959|959|791|161|50|44|44|37|3898|1279|1003|1003|828
C003|2|1|12|60|3477|1079|959|959|791|530|164|146|146|120|4267|1393|1105|1105|911
C003|2|1|12|100|3477|1079|959|959|791|954|296|263|263|217|4691|1525|1222|1222|1008
C003|2|6|0|0|3349|1039|924|924|762|0|0|0|0|0|3609|1189|924|924|762
C003|2|6|0|4|3349|1039|924|924|762|24|7|7|7|5|3633|1196|931|931|767
C003|2|6|0|20|3349|1039|924|924|762|155|48|43|43|35|3764|1237|967|967|797
C003|2|6|0|60|3349|1039|924|924|762|510|158|141|141|116|4119|1347|1065|1065|878
C003|2|6|0|100|3349|1039|924|924|762|919|285|254|254|209|4528|1474|1178|1178|971
C003|2|6|1|0|3384|1050|934|934|770|0|0|0|0|0|3644|1200|934|934|770
C003|2|6|1|4|3384|1050|934|934|770|24|8|7|7|6|3668|1208|941|941|776
C003|2|6|1|20|3384|1050|934|934|770|157|49|43|43|36|3801|1249|977|977|806
C003|2|6|1|60|3384|1050|934|934|770|515|160|142|142|117|4159|1360|1076|1076|887
C003|2|6|1|100|3384|1050|934|934|770|929|288|256|256|211|4573|1488|1190|1190|981
C003|2|6|12|0|3767|1169|1039|1039|857|0|0|0|0|0|4027|1319|1039|1039|857
C003|2|6|12|4|3767|1169|1039|1039|857|27|8|7|7|6|4054|1327|1046|1046|863
C003|2|6|12|20|3767|1169|1039|1039|857|175|54|48|48|40|4202|1373|1087|1087|897
C003|2|6|12|60|3767|1169|1039|1039|857|574|178|158|158|131|4601|1497|1197|1197|988
C003|2|6|12|100|3767|1169|1039|1039|857|1034|321|285|285|235|5061|1640|1324|1324|1092
C003|20|0|0|0|4828|1498|1332|1332|1099|0|0|0|0|0|5088|1648|1332|1332|1099
C003|20|0|0|4|4828|1498|1332|1332|1099|35|11|10|10|8|5123|1659|1342|1342|1107
C003|20|0|0|20|4828|1498|1332|1332|1099|224|69|62|62|51|5312|1717|1394|1394|1150
C003|20|0|0|60|4828|1498|1332|1332|1099|735|228|203|203|167|5823|1876|1535|1535|1266
C003|20|0|0|100|4828|1498|1332|1332|1099|1325|411|366|366|302|6413|2059|1698|1698|1401
C003|20|0|1|0|4863|1509|1342|1342|1107|0|0|0|0|0|5123|1659|1342|1342|1107
C003|20|0|1|4|4863|1509|1342|1342|1107|35|11|10|10|8|5158|1670|1352|1352|1115
C003|20|0|1|20|4863|1509|1342|1342|1107|225|70|62|62|51|5348|1729|1404|1404|1158
C003|20|0|1|60|4863|1509|1342|1342|1107|741|230|204|204|169|5864|1889|1546|1546|1276
C003|20|0|1|100|4863|1509|1342|1342|1107|1334|414|368|368|304|6457|2073|1710|1710|1411
C003|20|0|12|0|5246|1628|1447|1447|1194|0|0|0|0|0|5506|1778|1447|1447|1194
C003|20|0|12|4|5246|1628|1447|1447|1194|38|12|10|10|9|5544|1790|1457|1457|1203
C003|20|0|12|20|5246|1628|1447|1447|1194|243|75|67|67|55|5749|1853|1514|1514|1249
C003|20|0|12|60|5246|1628|1447|1447|1194|799|248|220|220|182|6305|2026|1667|1667|1376
C003|20|0|12|100|5246|1628|1447|1447|1194|1440|447|397|397|328|6946|2225|1844|1844|1522
C003|20|1|0|0|4886|1516|1348|1348|1112|0|0|0|0|0|5146|1666|1348|1348|1112
C003|20|1|0|4|4886|1516|1348|1348|1112|35|11|10|10|8|5181|1677|1358|1358|1120
C003|20|1|0|20|4886|1516|1348|1348|1112|227|70|62|62|52|5373|1736|1410|1410|1164
C003|20|1|0|60|4886|1516|1348|1348|1112|744|231|205|205|169|5890|1897|1553|1553|1281
C003|20|1|0|100|4886|1516|1348|1348|1112|1341|416|370|370|305|6487|2082|1718|1718|1417
C003|20|1|1|0|4921|1527|1358|1358|1120|0|0|0|0|0|5181|1677|1358|1358|1120
C003|20|1|1|4|4921|1527|1358|1358|1120|35|11|10|10|8|5216|1688|1368|1368|1128
C003|20|1|1|20|4921|1527|1358|1358|1120|228|71|63|63|52|5409|1748|1421|1421|1172
C003|20|1|1|60|4921|1527|1358|1358|1120|750|233|207|207|171|5931|1910|1565|1565|1291
C003|20|1|1|100|4921|1527|1358|1358|1120|1350|419|373|373|307|6531|2096|1731|1731|1427
C003|20|1|12|0|5304|1646|1463|1463|1207|0|0|0|0|0|5564|1796|1463|1463|1207
C003|20|1|12|4|5304|1646|1463|1463|1207|38|12|11|11|9|5602|1808|1474|1474|1216
C003|20|1|12|20|5304|1646|1463|1463|1207|246|76|68|68|56|5810|1872|1531|1531|1263
C003|20|1|12|60|5304|1646|1463|1463|1207|808|251|223|223|184|6372|2047|1686|1686|1391
C003|20|1|12|100|5304|1646|1463|1463|1207|1455|452|401|401|331|7019|2248|1864|1864|1538
C003|20|6|0|0|5176|1606|1428|1428|1178|0|0|0|0|0|5436|1756|1428|1428|1178
C003|20|6|0|4|5176|1606|1428|1428|1178|37|12|10|10|8|5473|1768|1438|1438|1186
C003|20|6|0|20|5176|1606|1428|1428|1178|240|74|66|66|55|5676|1830|1494|1494|1233
C003|20|6|0|60|5176|1606|1428|1428|1178|788|245|218|218|179|6224|2001|1646|1646|1357
C003|20|6|0|100|5176|1606|1428|1428|1178|1420|441|392|392|323|6856|2197|1820|1820|1501
C003|20|6|1|0|5211|1617|1438|1438|1186|0|0|0|0|0|5471|1767|1438|1438|1186
C003|20|6|1|4|5211|1617|1438|1438|1186|38|12|10|10|9|5509|1779|1448|1448|1195
C003|20|6|1|20|5211|1617|1438|1438|1186|242|75|67|67|55|5713|1842|1505|1505|1241
C003|20|6|1|60|5211|1617|1438|1438|1186|794|246|219|219|181|6265|2013|1657|1657|1367
C003|20|6|1|100|5211|1617|1438|1438|1186|1430|444|395|395|325|6901|2211|1833|1833|1511
C003|20|6|12|0|5594|1736|1543|1543|1273|0|0|0|0|0|5854|1886|1543|1543|1273
C003|20|6|12|4|5594|1736|1543|1543|1273|40|12|11|11|9|5894|1898|1554|1554|1282
C003|20|6|12|20|5594|1736|1543|1543|1273|259|80|72|72|59|6113|1966|1615|1615|1332
C003|20|6|12|60|5594|1736|1543|1543|1273|852|264|235|235|194|6706|2150|1778|1778|1467
C003|20|6|12|100|5594|1736|1543|1543|1273|1535|476|423|423|349|7389|2362|1966|1966|1622
C003|59|0|0|0|8787|2727|2424|2424|2000|0|0|0|0|0|9047|2877|2424|2424|2000
C003|59|0|0|4|8787|2727|2424|2424|2000|63|20|17|17|14|9110|2897|2441|2441|2014
C003|59|0|0|20|8787|2727|2424|2424|2000|407|126|112|112|93|9454|3003|2536|2536|2093
C003|59|0|0|60|8787|2727|2424|2424|2000|1338|415|369|369|305|10385|3292|2793|2793|2305
C003|59|0|0|100|8787|2727|2424|2424|2000|2411|748|665|665|549|11458|3625|3089|3089|2549
C003|59|0|1|0|8822|2738|2434|2434|2008|0|0|0|0|0|9082|2888|2434|2434|2008
C003|59|0|1|4|8822|2738|2434|2434|2008|64|20|18|18|14|9146|2908|2452|2452|2022
C003|59|0|1|20|8822|2738|2434|2434|2008|409|127|113|113|93|9491|3015|2547|2547|2101
C003|59|0|1|60|8822|2738|2434|2434|2008|1344|417|371|371|306|10426|3305|2805|2805|2314
C003|59|0|1|100|8822|2738|2434|2434|2008|2421|751|668|668|551|11503|3639|3102|3102|2559
C003|59|0|12|0|9205|2857|2539|2539|2095|0|0|0|0|0|9465|3007|2539|2539|2095
C003|59|0|12|4|9205|2857|2539|2539|2095|66|21|18|18|15|9531|3028|2557|2557|2110
C003|59|0|12|20|9205|2857|2539|2539|2095|427|132|118|118|97|9892|3139|2657|2657|2192
C003|59|0|12|60|9205|2857|2539|2539|2095|1402|435|387|387|319|10867|3442|2926|2926|2414
C003|59|0|12|100|9205|2857|2539|2539|2095|2526|784|697|697|575|11991|3791|3236|3236|2670
C003|59|1|0|0|8845|2745|2440|2440|2013|0|0|0|0|0|9105|2895|2440|2440|2013
C003|59|1|0|4|8845|2745|2440|2440|2013|64|20|18|18|14|9169|2915|2458|2458|2027
C003|59|1|0|20|8845|2745|2440|2440|2013|410|127|113|113|93|9515|3022|2553|2553|2106
C003|59|1|0|60|8845|2745|2440|2440|2013|1347|418|372|372|307|10452|3313|2812|2812|2320
C003|59|1|0|100|8845|2745|2440|2440|2013|2427|753|670|670|552|11532|3648|3110|3110|2565
C003|59|1|1|0|8880|2756|2450|2450|2021|0|0|0|0|0|9140|2906|2450|2450|2021
C003|59|1|1|4|8880|2756|2450|2450|2021|64|20|18|18|15|9204|2926|2468|2468|2036
C003|59|1|1|20|8880|2756|2450|2450|2021|412|128|114|114|94|9552|3034|2564|2564|2115
C003|59|1|1|60|8880|2756|2450|2450|2021|1353|420|373|373|308|10493|3326|2823|2823|2329
C003|59|1|1|100|8880|2756|2450|2450|2021|2437|756|672|672|555|11577|3662|3122|3122|2576
C003|59|1|12|0|9263|2875|2555|2555|2108|0|0|0|0|0|9523|3025|2555|2555|2108
C003|59|1|12|4|9263|2875|2555|2555|2108|67|21|18|18|15|9590|3046|2573|2573|2123
C003|59|1|12|20|9263|2875|2555|2555|2108|429|133|118|118|98|9952|3158|2673|2673|2206
C003|59|1|12|60|9263|2875|2555|2555|2108|1411|438|389|389|321|10934|3463|2944|2944|2429
C003|59|1|12|100|9263|2875|2555|2555|2108|2542|789|701|701|578|12065|3814|3256|3256|2686
C003|59|6|0|0|9135|2835|2520|2520|2079|0|0|0|0|0|9395|2985|2520|2520|2079
C003|59|6|0|4|9135|2835|2520|2520|2079|66|20|18|18|15|9461|3005|2538|2538|2094
C003|59|6|0|20|9135|2835|2520|2520|2079|423|131|117|117|96|9818|3116|2637|2637|2175
C003|59|6|0|60|9135|2835|2520|2520|2079|1391|432|384|384|317|10786|3417|2904|2904|2396
C003|59|6|0|100|9135|2835|2520|2520|2079|2507|778|691|691|570|11902|3763|3211|3211|2649
C003|59|6|1|0|9170|2846|2530|2530|2087|0|0|0|0|0|9430|2996|2530|2530|2087
C003|59|6|1|4|9170|2846|2530|2530|2087|66|20|18|18|15|9496|3016|2548|2548|2102
C003|59|6|1|20|9170|2846|2530|2530|2087|425|132|117|117|97|9855|3128|2647|2647|2184
C003|59|6|1|60|9170|2846|2530|2530|2087|1397|434|385|385|318|10827|3430|2915|2915|2405
C003|59|6|1|100|9170|2846|2530|2530|2087|2516|781|694|694|573|11946|3777|3224|3224|2660
C003|59|6|12|0|9553|2965|2635|2635|2174|0|0|0|0|0|9813|3115|2635|2635|2174
C003|59|6|12|4|9553|2965|2635|2635|2174|69|21|19|19|16|9882|3136|2654|2654|2190
C003|59|6|12|20|9553|2965|2635|2635|2174|443|137|122|122|101|10256|3252|2757|2757|2275
C003|59|6|12|60|9553|2965|2635|2635|2174|1455|452|401|401|331|11268|3567|3036|3036|2505
C003|59|6|12|100|9553|2965|2635|2635|2174|2621|814|723|723|597|12434|3929|3358|3358|2771
C003|60|0|0|0|8889|2759|2452|2452|2023|0|0|0|0|0|9149|2909|2452|2452|2023
C003|60|0|0|4|8889|2759|2452|2452|2023|64|20|18|18|15|9213|2929|2470|2470|2038
C003|60|0|0|20|8889|2759|2452|2452|2023|412|128|114|114|94|9561|3037|2566|2566|2117
C003|60|0|0|60|8889|2759|2452|2452|2023|1354|420|373|373|308|10503|3329|2825|2825|2331
C003|60|0|0|100|8889|2759|2452|2452|2023|2439|757|673|673|555|11588|3666|3125|3125|2578
C003|60|0|1|0|8923|2769|2462|2462|2031|0|0|0|0|0|9183|2919|2462|2462|2031
C003|60|0|1|4|8923|2769|2462|2462|2031|64|20|18|18|15|9247|2939|2480|2480|2046
C003|60|0|1|20|8923|2769|2462|2462|2031|414|128|114|114|94|9597|3047|2576|2576|2125
C003|60|0|1|60|8923|2769|2462|2462|2031|1359|422|375|375|309|10542|3341|2837|2837|2340
C003|60|0|1|100|8923|2769|2462|2462|2031|2448|760|676|676|557|11631|3679|3138|3138|2588
C003|60|0|12|0|9306|2888|2567|2567|2118|0|0|0|0|0|9566|3038|2567|2567|2118
C003|60|0|12|4|9306|2888|2567|2567|2118|67|21|18|18|15|9633|3059|2585|2585|2133
C003|60|0|12|20|9306|2888|2567|2567|2118|431|134|119|119|98|9997|3172|2686|2686|2216
C003|60|0|12|60|9306|2888|2567|2567|2118|1417|440|391|391|323|10983|3478|2958|2958|2441
C003|60|0|12|100|9306|2888|2567|2567|2118|2554|792|704|704|581|12120|3830|3271|3271|2699
C003|60|1|0|0|8947|2777|2468|2468|2036|0|0|0|0|0|9207|2927|2468|2468|2036
C003|60|1|0|4|8947|2777|2468|2468|2036|64|20|18|18|15|9271|2947|2486|2486|2051
C003|60|1|0|20|8947|2777|2468|2468|2036|415|129|114|114|94|9622|3056|2582|2582|2130
C003|60|1|0|60|8947|2777|2468|2468|2036|1363|423|376|376|310|10570|3350|2844|2844|2346
C003|60|1|0|100|8947|2777|2468|2468|2036|2455|762|677|677|559|11662|3689|3145|3145|2595
C003|60|1|1|0|8981|2787|2478|2478|2044|0|0|0|0|0|9241|2937|2478|2478|2044
C003|60|1|1|4|8981|2787|2478|2478|2044|65|20|18|18|15|9306|2957|2496|2496|2059
C003|60|1|1|20|8981|2787|2478|2478|2044|416|129|115|115|95|9657|3066|2593|2593|2139
C003|60|1|1|60|8981|2787|2478|2478|2044|1368|425|377|377|311|10609|3362|2855|2855|2355
C003|60|1|1|100|8981|2787|2478|2478|2044|2464|765|680|680|561|11705|3702|3158|3158|2605
C003|60|1|12|0|9364|2906|2583|2583|2131|0|0|0|0|0|9624|3056|2583|2583|2131
C003|60|1|12|4|9364|2906|2583|2583|2131|67|21|19|19|15|9691|3077|2602|2602|2146
C003|60|1|12|20|9364|2906|2583|2583|2131|434|135|120|120|99|10058|3191|2703|2703|2230
C003|60|1|12|60|9364|2906|2583|2583|2131|1426|443|393|393|325|11050|3499|2976|2976|2456
C003|60|1|12|100|9364|2906|2583|2583|2131|2569|797|709|709|585|12193|3853|3292|3292|2716
C003|60|6|0|0|9236|2866|2548|2548|2102|0|0|0|0|0|9496|3016|2548|2548|2102
C003|60|6|0|4|9236|2866|2548|2548|2102|66|21|18|18|15|9562|3037|2566|2566|2117
C003|60|6|0|20|9236|2866|2548|2548|2102|428|133|118|118|97|9924|3149|2666|2666|2199
C003|60|6|0|60|9236|2866|2548|2548|2102|1407|437|388|388|320|10903|3453|2936|2936|2422
C003|60|6|0|100|9236|2866|2548|2548|2102|2534|786|699|699|577|12030|3802|3247|3247|2679
C003|60|6|1|0|9271|2877|2558|2558|2110|0|0|0|0|0|9531|3027|2558|2558|2110
C003|60|6|1|4|9271|2877|2558|2558|2110|67|21|18|18|15|9598|3048|2576|2576|2125
C003|60|6|1|20|9271|2877|2558|2558|2110|430|133|119|119|98|9961|3160|2677|2677|2208
C003|60|6|1|60|9271|2877|2558|2558|2110|1412|438|390|390|321|10943|3465|2948|2948|2431
C003|60|6|1|100|9271|2877|2558|2558|2110|2544|789|702|702|579|12075|3816|3260|3260|2689
C003|60|6|12|0|9654|2996|2663|2663|2197|0|0|0|0|0|9914|3146|2663|2663|2197
C003|60|6|12|4|9654|2996|2663|2663|2197|70|22|19|19|16|9984|3168|2682|2682|2213
C003|60|6|12|20|9654|2996|2663|2663|2197|448|139|123|123|102|10362|3285|2786|2786|2299
C003|60|6|12|60|9654|2996|2663|2663|2197|1470|456|406|406|335|11384|3602|3069|3069|2532
C003|60|6|12|100|9654|2996|2663|2663|2197|2649|822|731|731|603|12563|3968|3394|3394|2800
C004|1|0|0|0|2500|880|740|1100|700|0|0|0|0|0|2760|1030|740|1100|700
C004|1|0|0|4|2500|880|740|1100|700|18|6|5|8|5|2778|1036|745|1108|705
C004|1|0|0|20|2500|880|740|1100|700|116|41|34|51|32|2876|1071|774|1151|732
C004|1|0|0|60|2500|880|740|1100|700|381|134|113|168|107|3141|1164|853|1268|807
C004|1|0|0|100|2500|880|740|1100|700|686|241|203|302|192|3446|1271|943|1402|892
C004|1|0|1|0|2530|891|749|1113|708|0|0|0|0|0|2790|1041|749|1113|708
C004|1|0|1|4|2530|891|749|1113|708|18|6|5|8|5|2808|1047|754|1121|713
C004|1|0|1|20|2530|891|749|1113|708|117|41|35|52|33|2907|1082|784|1165|741
C004|1|0|1|60|2530|891|749|1113|708|385|136|114|170|108|3175|1177|863|1283|816
C004|1|0|1|100|2530|891|749|1113|708|694|244|206|305|194|3484|1285|955|1418|902
C004|1|0|12|0|2860|1007|847|1258|801|0|0|0|0|0|3120|1157|847|1258|801
C004|1|0|12|4|2860|1007|847|1258|801|21|7|6|9|6|3141|1164|853|1267|807
C004|1|0|12|20|2860|1007|847|1258|801|133|47|39|58|37|3253|1204|886|1316|838
C004|1|0|12|60|2860|1007|847|1258|801|436|153|129|192|122|3556|1310|976|1450|923
C004|1|0|12|100|2860|1007|847|1258|801|785|276|232|345|220|3905|1433|1079|1603|1021
C004|1|1|0|0|2550|898|755|1122|714|0|0|0|0|0|2810|1048|755|1122|714
C004|1|1|0|4|2550|898|755|1122|714|18|6|5|8|5|2828|1054|760|1130|719
C004|1|1|0|20|2550|898|755|1122|714|118|42|35|52|33|2928|1090|790|1174|747
C004|1|1|0|60|2550|898|755|1122|714|388|137|115|171|109|3198|1185|870|1293|823
C004|1|1|0|100|2550|898|755|1122|714|700|246|207|308|196|3510|1294|962|1430|910
C004|1|1|1|0|2580|908|764|1135|722|0|0|0|0|0|2840|1058|764|1135|722
C004|1|1|1|4|2580|908|764|1135|722|19|7|6|8|5|2859|1065|770|1143|727
C004|1|1|1|20|2580|908|764|1135|722|120|42|35|53|33|2960|1100|799|1188|755
C004|1|1|1|60|2580|908|764|1135|722|393|138|116|173|110|3233|1196|880|1308|832
C004|1|1|1|100|2580|908|764|1135|722|708|249|210|311|198|3548|1307|974|1446|920
C004|1|1|12|0|2910|1024|861|1280|815|0|0|0|0|0|3170|1174|861|1280|815
C004|1|1|12|4|2910|1024|861|1280|815|21|7|6|9|6|3191|1181|867|1289|821
C004|1|1|12|20|2910|1024|861|1280|815|135|47|40|59|38|3305|1221|901|1339|853
C004|1|1|12|60|2910|1024|861|1280|815|443|156|131|195|124|3613|1330|992|1475|939
C004|1|1|12|100|2910|1024|861|1280|815|799|281|236|351|224|3969|1455|1097|1631|1039
C004|1|6|0|0|2800|986|829|1232|784|0|0|0|0|0|3060|1136|829|1232|784
C004|1|6|0|4|2800|986|829|1232|784|20|7|6|9|6|3080|1143|835|1241|790
C004|1|6|0|20|2800|986|829|1232|784|130|46|38|57|36|3190|1182|867|1289|820
C004|1|6|0|60|2800|986|829|1232|784|426|150|126|188|119|3486|1286|955|1420|903
C004|1|6|0|100|2800|986|829|1232|784|768|271|227|338|215|3828|1407|1056|1570|999
C004|1|6|1|0|2830|996|838|1245|792|0|0|0|0|0|3090|1146|838|1245|792
C004|1|6|1|4|2830|996|838|1245|792|20|7|6|9|6|3110|1153|844|1254|798
C004|1|6|1|20|2830|996|838|1245|792|131|46|39|58|37|3221|1192|877|1303|829
C004|1|6|1|60|2830|996|838|1245|792|431|152|128|190|121|3521|1298|966|1435|913
C004|1|6|1|100|2830|996|838|1245|792|777|273|230|342|217|3867|1419|1068|1587|1009
C004|1|6|12|0|3160|1112|935|1390|885|0|0|0|0|0|3420|1262|935|1390|885
C004|1|6|12|4|3160|1112|935|1390|885|23|8|7|10|6|3443|1270|942|1400|891
C004|1|6|12|20|3160|1112|935|1390|885|146|52|43|64|41|3566|1314|978|1454|926
C004|1|6|12|60|3160|1112|935|1390|885|481|169|142|212|135|3901|1431|1077|1602|1020
C004|1|6|12|100|3160|1112|935|1390|885|867|305|257|381|243|4287|1567|1192|1771|1128
C004|2|0|0|0|2587|911|766|1138|724|0|0|0|0|0|2847|1061|766|1138|724
C004|2|0|0|4|2587|911|766|1138|724|19|7|6|8|5|2866|1068|772|1146|729
C004|2|0|0|20|2587|911|766|1138|724|120|42|36|53|34|2967|1103|802|1191|758
C004|2|0|0|60|2587|911|766|1138|724|394|139|117|173|110|3241|1200|883|1311|834
C004|2|0|0|100|2587|911|766|1138|724|710|250|210|312|199|3557|1311|976|1450|923
C004|2|0|1|0|2618|921|775|1152|733|0|0|0|0|0|2878|1071|775|1152|733
C004|2|0|1|4|2618|921|775|1152|733|19|7|6|8|5|2897|1078|781|1160|738
C004|2|0|1|20|2618|921|775|1152|733|121|43|36|53|34|2999|1114|811|1205|767
C004|2|0|1|60|2618|921|775|1152|733|399|140|118|175|112|3277|1211|893|1327|845
C004|2|0|1|100|2618|921|775|1152|733|718|253|213|316|201|3596|1324|988|1468|934
C004|2|0|12|0|2948|1038|872|1297|825|0|0|0|0|0|3208|1188|872|1297|825
C004|2|0|12|4|2948|1038|872|1297|825|21|7|6|9|6|3229|1195|878|1306|831
C004|2|0|12|20|2948|1038|872|1297|825|137|48|40|60|38|3345|1236|912|1357|863
C004|2|0|12|60|2948|1038|872|1297|825|449|158|133|198|126|3657|1346|1005|1495|951
C004|2|0|12|100|2948|1038|872|1297|825|809|285|239|356|226|4017|1473|1111|1653|1051
C004|2|1|0|0|2637|928|781|1160|738|0|0|0|0|0|2897|1078|781|1160|738
C004|2|1|0|4|2637|928|781|1160|738|19|7|6|8|5|2916|1085|787|1168|743
C004|2|1|0|20|2637|928|781|1160|738|122|43|36|54|34|3019|1121|817|1214|772
C004|2|1|0|60|2637|928|781|1160|738|402|141|119|177|112|3299|1219|900|1337|850
C004|2|1|0|100|2637|928|781|1160|738|724|255|214|318|203|3621|1333|995|1478|941
C004|2|1|1|0|2668|939|790|1174|747|0|0|0|0|0|2928|1089|790|1174|747
C004|2|1|1|4|2668|939|790|1174|747|19|7|6|8|5|2947|1096|796|1182|752
C004|2|1|1|20|2668|939|790|1174|747|124|44|37|54|35|3052|1133|827|1228|782
C004|2|1|1|60|2668|939|790|1174|747|406|143|120|179|114|3334|1232|910|1353|861
C004|2|1|1|100|2668|939|790|1174|747|732|258|217|322|205|3660|1347|1007|1496|952
C004|2|1|12|0|2998|1055|887|1319|839|0|0|0|0|0|3258|1205|887|1319|839
C004|2|1|12|4|2998|1055|887|1319|839|22|8|6|9|6|3280|1213|893|1328|845
C004|2|1|12|20|2998|1055|887|1319|839|139|49|41|61|39|3397|1254|928|1380|878
C004|2|1|12|60|2998|1055|887|1319|839|457|161|135|201|128|3715|1366|1022|1520|967
C004|2|1|12|100|2998|1055|887|1319|839|823|289|243|362|230|4081|1494|1130|1681|1069
C004|2|6|0|0|2887|1016|855|1270|808|0|0|0|0|0|3147|1166|855|1270|808
C004|2|6|0|4|2887|1016|855|1270|808|21|7|6|9|6|3168|1173|861|1279|814
C004|2|6|0|20|2887|1016|855|1270|808|134|47|40|59|37|3281|1213|895|1329|845
C004|2|6|0|60|2887|1016|855|1270|808|440|155|130|193|123|3587|1321|985|1463|931
C004|2|6|0|100|2887|1016|855|1270|808|792|279|235|348|222|3939|1445|1090|1618|1030
C004|2|6|1|0|2918|1027|864|1284|817|0|0|0|0|0|3178|1177|864|1284|817
C004|2|6|1|4|2918|1027|864|1284|817|21|7|6|9|6|3199|1184|870|1293|823
C004|2|6|1|20|2918|1027|864|1284|817|135|48|40|60|38|3313|1225|904|1344|855
C004|2|6|1|60|2918|1027|864|1284|817|444|156|132|196|124|3622|1333|996|1480|941
C004|2|6|1|100|2918|1027|864|1284|817|801|282|237|352|224|3979|1459|1101|1636|1041
C004|2|6|12|0|3248|1143|961|1429|909|0|0|0|0|0|3508|1293|961|1429|909
C004|2|6|12|4|3248|1143|961|1429|909|23|8|7|10|7|3531|1301|968|1439|916
C004|2|6|12|20|3248|1143|961|1429|909|151|53|45|66|42|3659|1346|1006|1495|951
C004|2|6|12|60|3248|1143|961|1429|909|495|174|146|218|138|4003|1467|1107|1647|1047
C004|2|6|12|100|3248|1143|961|1429|909|891|314|264|392|249|4399|1607|1225|1821|1158
C004|20|0|0|0|4162|1465|1232|1831|1165|0|0|0|0|0|4422|1615|1232|1831|1165
C004|20|0|0|4|4162|1465|1232|1831|1165|30|11|9|13|8|4452|1626|1241|1844|1173
C004|20|0|0|20|4162|1465|1232|1831|1165|193|68|57|85|54|4615|1683|1289|1916|1219
C004|20|0|0|60|4162|1465|1232|1831|1165|634|223|188|279|177|5056|1838|1420|2110|1342
C004|20|0|0|100|4162|1465|1232|1831|1165|1142|402|338|502|320|5564|2017|1570|2333|1485
C004|20|0|1|0|4193|1476|1241|1845|1174|0|0|0|0|0|4453|1626|1241|1845|1174
C004|20|0|1|4|4193|1476|1241|1845|1174|30|11|9|13|8|4483|1637|1250|1858|1182
C004|20|0|1|20|4193|1476|1241|1845|1174|194|68|58|86|54|4647|1694|1299|1931|1228
C004|20|0|1|60|4193|1476|1241|1845|1174|639|225|189|281|179|5092|1851|1430|2126|1353
C004|20|0|1|100|4193|1476|1241|1845|1174|1151|405|341|506|322|5604|2031|1582|2351|1496
C004|20|0|12|0|4523|1592|1339|1990|1266|0|0|0|0|0|4783|1742|1339|1990|1266
C004|20|0|12|4|4523|1592|1339|1990|1266|33|11|10|14|9|4816|1753|1349|2004|1275
C004|20|0|12|20|4523|1592|1339|1990|1266|210|74|62|92|59|4993|1816|1401|2082|1325
C004|20|0|12|60|4523|1592|1339|1990|1266|689|242|204|303|193|5472|1984|1543|2293|1459
C004|20|0|12|100|4523|1592|1339|1990|1266|1241|437|367|546|347|6024|2179|1706|2536|1613
C004|20|1|0|0|4212|1483|1247|1853|1179|0|0|0|0|0|4472|1633|1247|1853|1179
C004|20|1|0|4|4212|1483|1247|1853|1179|30|11|9|13|8|4502|1644|1256|1866|1187
C004|20|1|0|20|4212|1483|1247|1853|1179|195|69|58|86|55|4667|1702|1305|1939|1234
C004|20|1|0|60|4212|1483|1247|1853|1179|642|226|190|282|180|5114|1859|1437|2135|1359
C004|20|1|0|100|4212|1483|1247|1853|1179|1156|407|342|508|324|5628|2040|1589|2361|1503
C004|20|1|1|0|4243|1493|1256|1867|1188|0|0|0|0|0|4503|1643|1256|1867|1188
C004|20|1|1|4|4243|1493|1256|1867|1188|31|11|9|13|9|4534|1654|1265|1880|1197
C004|20|1|1|20|4243|1493|1256|1867|1188|197|69|58|87|55|4700|1712|1314|1954|1243
C004|20|1|1|60|4243|1493|1256|1867|1188|646|227|191|284|181|5149|1870|1447|2151|1369
C004|20|1|1|100|4243|1493|1256|1867|1188|1164|410|345|512|326|5667|2053|1601|2379|1514
C004|20|1|12|0|4572|1610|1353|2012|1280|0|0|0|0|0|4832|1760|1353|2012|1280
C004|20|1|12|4|4572|1610|1353|2012|1280|33|12|10|14|9|4865|1772|1363|2026|1289
C004|20|1|12|20|4572|1610|1353|2012|1280|212|75|63|93|59|5044|1835|1416|2105|1339
C004|20|1|12|60|4572|1610|1353|2012|1280|696|245|206|306|195|5528|2005|1559|2318|1475
C004|20|1|12|100|4572|1610|1353|2012|1280|1255|442|371|552|351|6087|2202|1724|2564|1631
C004|20|6|0|0|4462|1571|1321|1963|1249|0|0|0|0|0|4722|1721|1321|1963|1249
C004|20|6|0|4|4462|1571|1321|1963|1249|32|11|10|14|9|4754|1732|1331|1977|1258
C004|20|6|0|20|4462|1571|1321|1963|1249|207|73|61|91|58|4929|1794|1382|2054|1307
C004|20|6|0|60|4462|1571|1321|1963|1249|680|239|201|299|190|5402|1960|1522|2262|1439
C004|20|6|0|100|4462|1571|1321|1963|1249|1224|431|362|539|343|5946|2152|1683|2502|1592
C004|20|6|1|0|4493|1581|1330|1977|1258|0|0|0|0|0|4753|1731|1330|1977|1258
C004|20|6|1|4|4493|1581|1330|1977|1258|32|11|10|14|9|4785|1742|1340|1991|1267
C004|20|6|1|20|4493|1581|1330|1977|1258|208|73|62|92|58|4961|1804|1392|2069|1316
C004|20|6|1|60|4493|1581|1330|1977|1258|684|241|203|301|192|5437|1972|1533|2278|1450
C004|20|6|1|100|4493|1581|1330|1977|1258|1233|434|365|542|345|5986|2165|1695|2519|1603
C004|20|6|12|0|4823|1698|1427|2122|1350|0|0|0|0|0|5083|1848|1427|2122|1350
C004|20|6|12|4|4823|1698|1427|2122|1350|35|12|10|15|10|5118|1860|1437|2137|1360
C004|20|6|12|20|4823|1698|1427|2122|1350|224|79|66|98|63|5307|1927|1493|2220|1413
C004|20|6|12|60|4823|1698|1427|2122|1350|735|259|217|323|206|5818|2107|1644|2445|1556
C004|20|6|12|100|4823|1698|1427|2122|1350|1323|466|392|582|370|6406|2314|1819|2704|1720
C004|59|0|0|0|7575|2666|2242|3333|2121|0|0|0|0|0|7835|2816|2242|3333|2121
C004|59|0|0|4|7575|2666|2242|3333|2121|55|19|16|24|15|7890|2835|2258|3357|2136
C004|59|0|0|20|7575|2666|2242|3333|2121|351|124|104|155|98|8186|2940|2346|3488|2219
C004|59|0|0|60|7575|2666|2242|3333|2121|1154|406|342|508|323|8989|3222|2584|3841|2444
C004|59|0|0|100|7575|2666|2242|3333|2121|2079|732|615|915|582|9914|3548|2857|4248|2703
C004|59|0|1|0|7605|2677|2251|3346|2129|0|0|0|0|0|7865|2827|2251|3346|2129
C004|59|0|1|4|7605|2677|2251|3346|2129|55|19|16|24|15|7920|2846|2267|3370|2144
C004|59|0|1|20|7605|2677|2251|3346|2129|353|124|104|155|99|8218|2951|2355|3501|2228
C004|59|0|1|60|7605|2677|2251|3346|2129|1158|408|343|510|324|9023|3235|2594|3856|2453
C004|59|0|1|100|7605|2677|2251|3346|2129|2087|735|618|918|584|9952|3562|2869|4264|2713
C004|59|0|12|0|7935|2793|2349|3491|2222|0|0|0|0|0|8195|2943|2349|3491|2222
C004|59|0|12|4|7935|2793|2349|3491|2222|57|20|17|25|16|8252|2963|2366|3516|2238
C004|59|0|12|20|7935|2793|2349|3491|2222|368|129|109|162|103|8563|3072|2458|3653|2325
C004|59|0|12|60|7935|2793|2349|3491|2222|1209|425|358|532|338|9404|3368|2707|4023|2560
C004|59|0|12|100|7935|2793|2349|3491|2222|2177|766|645|958|610|10372|3709|2994|4449|2832
C004|59|1|0|0|7625|2684|2257|3355|2135|0|0|0|0|0|7885|2834|2257|3355|2135
C004|59|1|0|4|7625|2684|2257|3355|2135|55|19|16|24|15|7940|2853|2273|3379|2150
C004|59|1|0|20|7625|2684|2257|3355|2135|353|124|105|156|99|8238|2958|2362|3511|2234
C004|59|1|0|60|7625|2684|2257|3355|2135|1161|409|344|511|325|9046|3243|2601|3866|2460
C004|59|1|0|100|7625|2684|2257|3355|2135|2092|736|619|921|586|9977|3570|2876|4276|2721
C004|59|1|1|0|7655|2695|2266|3368|2143|0|0|0|0|0|7915|2845|2266|3368|2143
C004|59|1|1|4|7655|2695|2266|3368|2143|55|19|16|24|15|7970|2864|2282|3392|2158
C004|59|1|1|20|7655|2695|2266|3368|2143|355|125|105|156|99|8270|2970|2371|3524|2242
C004|59|1|1|60|7655|2695|2266|3368|2143|1166|411|345|513|326|9081|3256|2611|3881|2469
C004|59|1|1|100|7655|2695|2266|3368|2143|2101|740|622|924|588|10016|3585|2888|4292|2731
C004|59|1|12|0|7985|2811|2364|3513|2236|0|0|0|0|0|8245|2961|2364|3513|2236
C004|59|1|12|4|7985|2811|2364|3513|2236|57|20|17|25|16|8302|2981|2381|3538|2252
C004|59|1|12|20|7985|2811|2364|3513|2236|370|130|110|163|104|8615|3091|2474|3676|2340
C004|59|1|12|60|7985|2811|2364|3513|2236|1216|428|360|535|341|9461|3389|2724|4048|2577
C004|59|1|12|100|7985|2811|2364|3513|2236|2191|771|649|964|614|10436|3732|3013|4477|2850
C004|59|6|0|0|7875|2772|2331|3465|2205|0|0|0|0|0|8135|2922|2331|3465|2205
C004|59|6|0|4|7875|2772|2331|3465|2205|57|20|17|25|16|8192|2942|2348|3490|2221
C004|59|6|0|20|7875|2772|2331|3465|2205|365|129|108|161|102|8500|3051|2439|3626|2307
C004|59|6|0|60|7875|2772|2331|3465|2205|1200|422|355|528|336|9335|3344|2686|3993|2541
C004|59|6|0|100|7875|2772|2331|3465|2205|2161|761|640|951|605|10296|3683|2971|4416|2810
C004|59|6|1|0|7905|2783|2340|3478|2213|0|0|0|0|0|8165|2933|2340|3478|2213
C004|59|6|1|4|7905|2783|2340|3478|2213|57|20|17|25|16|8222|2953|2357|3503|2229
C004|59|6|1|20|7905|2783|2340|3478|2213|366|129|108|161|103|8531|3062|2448|3639|2316
C004|59|6|1|60|7905|2783|2340|3478|2213|1204|424|356|530|337|9369|3357|2696|4008|2550
C004|59|6|1|100|7905|2783|2340|3478|2213|2169|764|642|954|607|10334|3697|2982|4432|2820
C004|59|6|12|0|8235|2899|2438|3623|2306|0|0|0|0|0|8495|3049|2438|3623|2306
C004|59|6|12|4|8235|2899|2438|3623|2306|59|21|18|26|17|8554|3070|2456|3649|2323
C004|59|6|12|20|8235|2899|2438|3623|2306|382|134|113|168|107|8877|3183|2551|3791|2413
C004|59|6|12|60|8235|2899|2438|3623|2306|1254|442|371|552|351|9749|3491|2809|4175|2657
C004|59|6|12|100|8235|2899|2438|3623|2306|2260|795|669|994|633|10755|3844|3107|4617|2939
C004|60|0|0|0|7663|2697|2268|3372|2146|0|0|0|0|0|7923|2847|2268|3372|2146
C004|60|0|0|4|7663|2697|2268|3372|2146|55|19|16|24|15|7978|2866|2284|3396|2161
C004|60|0|0|20|7663|2697|2268|3372|2146|355|125|105|156|99|8278|2972|2373|3528|2245
C004|60|0|0|60|7663|2697|2268|3372|2146|1167|411|345|514|327|9090|3258|2613|3886|2473
C004|60|0|0|100|7663|2697|2268|3372|2146|2103|740|622|925|589|10026|3587|2890|4297|2735
C004|60|0|1|0|7692|2708|2277|3385|2154|0|0|0|0|0|7952|2858|2277|3385|2154
C004|60|0|1|4|7692|2708|2277|3385|2154|55|19|16|24|16|8007|2877|2293|3409|2170
C004|60|0|1|20|7692|2708|2277|3385|2154|357|126|106|157|100|8309|2984|2383|3542|2254
C004|60|0|1|60|7692|2708|2277|3385|2154|1172|412|347|516|328|9124|3270|2624|3901|2482
C004|60|0|1|100|7692|2708|2277|3385|2154|2111|743|625|929|591|10063|3601|2902|4314|2745
C004|60|0|12|0|8023|2824|2375|3530|2246|0|0|0|0|0|8283|2974|2375|3530|2246
C004|60|0|12|4|8023|2824|2375|3530|2246|58|20|17|25|16|8341|2994|2392|3555|2262
C004|60|0|12|20|8023|2824|2375|3530|2246|372|131|110|164|104|8655|3105|2485|3694|2350
C004|60|0|12|60|8023|2824|2375|3530|2246|1222|430|362|538|342|9505|3404|2737|4068|2588
C004|60|0|12|100|8023|2824|2375|3530|2246|2202|775|652|969|616|10485|3749|3027|4499|2862
C004|60|1|0|0|7713|2715|2283|3394|2160|0|0|0|0|0|7973|2865|2283|3394|2160
C004|60|1|0|4|7713|2715|2283|3394|2160|56|20|16|24|16|8029|2885|2299|3418|2176
C004|60|1|0|20|7713|2715|2283|3394|2160|358|126|106|157|100|8331|2991|2389|3551|2260
C004|60|1|0|60|7713|2715|2283|3394|2160|1175|414|348|517|329|9148|3279|2631|3911|2489
C004|60|1|0|100|7713|2715|2283|3394|2160|2116|745|626|931|593|10089|3610|2909|4325|2753
C004|60|1|1|0|7743|2725|2292|3407|2168|0|0|0|0|0|8003|2875|2292|3407|2168
C004|60|1|1|4|7743|2725|2292|3407|2168|56|20|17|25|16|8059|2895|2309|3432|2184
C004|60|1|1|20|7743|2725|2292|3407|2168|359|126|106|158|101|8362|3001|2398|3565|2269
C004|60|1|1|60|7743|2725|2292|3407|2168|1179|415|349|519|330|9182|3290|2641|3926|2498
C004|60|1|1|100|7743|2725|2292|3407|2168|2125|748|629|935|595|10128|3623|2921|4342|2763
C004|60|1|12|0|8073|2842|2389|3552|2260|0|0|0|0|0|8333|2992|2389|3552|2260
C004|60|1|12|4|8073|2842|2389|3552|2260|58|20|17|26|16|8391|3012|2406|3578|2276
C004|60|1|12|20|8073|2842|2389|3552|2260|374|132|111|165|105|8707|3124|2500|3717|2365
C004|60|1|12|60|8073|2842|2389|3552|2260|1230|433|364|541|344|9563|3425|2753|4093|2604
C004|60|1|12|100|8073|2842|2389|3552|2260|2215|780|656|975|620|10548|3772|3045|4527|2880
C004|60|6|0|0|7962|2803|2357|3503|2229|0|0|0|0|0|8222|2953|2357|3503|2229
C004|60|6|0|4|7962|2803|2357|3503|2229|57|20|17|25|16|8279|2973|2374|3528|2245
C004|60|6|0|20|7962|2803|2357|3503|2229|369|130|109|162|103|8591|3083|2466|3665|2332
C004|60|6|0|60|7962|2803|2357|3503|2229|1213|427|359|534|340|9435|3380|2716|4037|2569
C004|60|6|0|100|7962|2803|2357|3503|2229|2185|769|647|961|612|10407|3722|3004|4464|2841
C004|60|6|1|0|7993|2813|2366|3517|2238|0|0|0|0|0|8253|2963|2366|3517|2238
C004|60|6|1|4|7993|2813|2366|3517|2238|58|20|17|25|16|8311|2983|2383|3542|2254
C004|60|6|1|20|7993|2813|2366|3517|2238|371|130|110|163|104|8624|3093|2476|3680|2342
C004|60|6|1|60|7993|2813|2366|3517|2238|1217|428|360|536|341|9470|3391|2726|4053|2579
C004|60|6|1|100|7993|2813|2366|3517|2238|2193|772|649|965|614|10446|3735|3015|4482|2852
C004|60|6|12|0|8322|2930|2463|3662|2330|0|0|0|0|0|8582|3080|2463|3662|2330
C004|60|6|12|4|8322|2930|2463|3662|2330|60|21|18|26|17|8642|3101|2481|3688|2347
C004|60|6|12|20|8322|2930|2463|3662|2330|386|136|114|170|108|8968|3216|2577|3832|2438
C004|60|6|12|60|8322|2930|2463|3662|2330|1268|446|375|558|355|9850|3526|2838|4220|2685
C004|60|6|12|100|8322|2930|2463|3662|2330|2284|804|676|1005|639|10866|3884|3139|4667|2969
C005|1|0|0|0|2700|820|840|1040|600|0|0|0|0|0|2960|970|840|1040|600
C005|1|0|0|4|2700|820|840|1040|600|19|6|6|7|4|2979|976|846|1047|604
C005|1|0|0|20|2700|820|840|1040|600|125|38|39|48|28|3085|1008|879|1088|628
C005|1|0|0|60|2700|820|840|1040|600|411|125|128|158|91|3371|1095|968|1198|691
C005|1|0|0|100|2700|820|840|1040|600|741|225|230|285|165|3701|1195|1070|1325|765
C005|1|0|1|0|2732|830|850|1052|607|0|0|0|0|0|2992|980|850|1052|607
C005|1|0|1|4|2732|830|850|1052|607|20|6|6|8|4|3012|986|856|1060|611
C005|1|0|1|20|2732|830|850|1052|607|127|38|39|49|28|3119|1018|889|1101|635
C005|1|0|1|60|2732|830|850|1052|607|416|126|129|160|92|3408|1106|979|1212|699
C005|1|0|1|100|2732|830|850|1052|607|750|228|233|289|167|3742|1208|1083|1341|774
C005|1|0|12|0|3089|938|961|1190|686|0|0|0|0|0|3349|1088|961|1190|686
C005|1|0|12|4|3089|938|961|1190|686|22|7|7|9|5|3371|1095|968|1199|691
C005|1|0|12|20|3089|938|961|1190|686|143|43|45|55|32|3492|1131|1006|1245|718
C005|1|0|12|60|3089|938|961|1190|686|471|143|146|181|104|3820|1231|1107|1371|790
C005|1|0|12|100|3089|938|961|1190|686|848|257|264|327|188|4197|1345|1225|1517|874
C005|1|1|0|0|2754|836|857|1061|612|0|0|0|0|0|3014|986|857|1061|612
C005|1|1|0|4|2754|836|857|1061|612|20|6|6|8|4|3034|992|863|1069|616
C005|1|1|0|20|2754|836|857|1061|612|128|39|40|49|28|3142|1025|897|1110|640
C005|1|1|0|60|2754|836|857|1061|612|419|127|131|162|93|3433|1113|988|1223|705
C005|1|1|0|100|2754|836|857|1061|612|756|229|235|291|168|3770|1215|1092|1352|780
C005|1|1|1|0|2786|846|867|1073|619|0|0|0|0|0|3046|996|867|1073|619
C005|1|1|1|4|2786|846|867|1073|619|20|6|6|8|4|3066|1002|873|1081|623
C005|1|1|1|20|2786|846|867|1073|619|129|39|40|50|29|3175|1035|907|1123|648
C005|1|1|1|60|2786|846|867|1073|619|424|129|132|163|94|3470|1125|999|1236|713
C005|1|1|1|100|2786|846|867|1073|619|764|232|238|294|170|3810|1228|1105|1367|789
C005|1|1|12|0|3143|954|978|1211|698|0|0|0|0|0|3403|1104|978|1211|698
C005|1|1|12|4|3143|954|978|1211|698|23|7|7|9|5|3426|1111|985|1220|703
C005|1|1|12|20|3143|954|978|1211|698|146|44|45|56|32|3549|1148|1023|1267|730
C005|1|1|12|60|3143|954|978|1211|698|479|145|149|184|106|3882|1249|1127|1395|804
C005|1|1|12|100|3143|954|978|1211|698|862|262|268|332|192|4265|1366|1246|1543|890
C005|1|6|0|0|3024|918|941|1165|672|0|0|0|0|0|3284|1068|941|1165|672
C005|1|6|0|4|3024|918|941|1165|672|22|7|7|8|5|3306|1075|948|1173|677
C005|1|6|0|20|3024|918|941|1165|672|140|43|44|54|31|3424|1111|985|1219|703
C005|1|6|0|60|3024|918|941|1165|672|461|140|143|177|102|3745|1208|1084|1342|774
C005|1|6|0|100|3024|918|941|1165|672|830|252|258|320|184|4114|1320|1199|1485|856
C005|1|6|1|0|3056|928|951|1177|679|0|0|0|0|0|3316|1078|951|1177|679
C005|1|6|1|4|3056|928|951|1177|679|22|7|7|8|5|3338|1085|958|1185|684
C005|1|6|1|20|3056|928|951|1177|679|142|43|44|55|31|3458|1121|995|1232|710
C005|1|6|1|60|3056|928|951|1177|679|465|141|145|179|103|3781|1219|1096|1356|782
C005|1|6|1|100|3056|928|951|1177|679|839|255|261|323|186|4155|1333|1212|1500|865
C005|1|6|12|0|3413|1036|1062|1315|758|0|0|0|0|0|3673|1186|1062|1315|758
C005|1|6|12|4|3413|1036|1062|1315|758|25|7|8|9|5|3698|1193|1070|1324|763
C005|1|6|12|20|3413|1036|1062|1315|758|158|48|49|61|35|3831|1234|1111|1376|793
C005|1|6|12|60|3413|1036|1062|1315|758|520|158|162|200|115|4193|1344|1224|1515|873
C005|1|6|12|100|3413|1036|1062|1315|758|937|284|291|361|208|4610|1470|1353|1676|966
C005|2|0|0|0|2794|849|869|1076|621|0|0|0|0|0|3054|999|869|1076|621
C005|2|0|0|4|2794|849|869|1076|621|20|6|6|8|4|3074|1005|875|1084|625
C005|2|0|0|20|2794|849|869|1076|621|130|39|40|50|29|3184|1038|909|1126|650
C005|2|0|0|60|2794|849|869|1076|621|426|129|132|164|95|3480|1128|1001|1240|716
C005|2|0|0|100|2794|849|869|1076|621|767|233|238|295|170|3821|1232|1107|1371|791
C005|2|0|1|0|2827|859|879|1089|628|0|0|0|0|0|3087|1009|879|1089|628
C005|2|0|1|4|2827|859|879|1089|628|20|6|6|8|5|3107|1015|885|1097|633
C005|2|0|1|20|2827|859|879|1089|628|131|40|41|50|29|3218|1049|920|1139|657
C005|2|0|1|60|2827|859|879|1089|628|431|131|134|166|96|3518|1140|1013|1255|724
C005|2|0|1|100|2827|859|879|1089|628|776|236|241|299|172|3863|1245|1120|1388|800
C005|2|0|12|0|3183|967|990|1226|707|0|0|0|0|0|3443|1117|990|1226|707
C005|2|0|12|4|3183|967|990|1226|707|23|7|7|9|5|3466|1124|997|1235|712
C005|2|0|12|20|3183|967|990|1226|707|148|45|46|57|33|3591|1162|1036|1283|740
C005|2|0|12|60|3183|967|990|1226|707|485|147|151|187|108|3928|1264|1141|1413|815
C005|2|0|12|100|3183|967|990|1226|707|873|265|272|336|194|4316|1382|1262|1562|901
C005|2|1|0|0|2848|865|886|1097|633|0|0|0|0|0|3108|1015|886|1097|633
C005|2|1|0|4|2848|865|886|1097|633|21|6|6|8|5|3129|1021|892|1105|638
C005|2|1|0|20|2848|865|886|1097|633|132|40|41|51|29|3240|1055|927|1148|662
C005|2|1|0|60|2848|865|886|1097|633|434|132|135|167|96|3542|1147|1021|1264|729
C005|2|1|0|100|2848|865|886|1097|633|781|237|243|301|174|3889|1252|1129|1398|807
C005|2|1|1|0|2881|875|896|1110|640|0|0|0|0|0|3141|1025|896|1110|640
C005|2|1|1|4|2881|875|896|1110|640|21|6|6|8|5|3162|1031|902|1118|645
C005|2|1|1|20|2881|875|896|1110|640|134|41|42|51|30|3275|1066|938|1161|670
C005|2|1|1|60|2881|875|896|1110|640|439|133|136|169|97|3580|1158|1032|1279|737
C005|2|1|1|100|2881|875|896|1110|640|791|240|246|305|176|3932|1265|1142|1415|816
C005|2|1|12|0|3237|983|1007|1247|719|0|0|0|0|0|3497|1133|1007|1247|719
C005|2|1|12|4|3237|983|1007|1247|719|23|7|7|9|5|3520|1140|1014|1256|724
C005|2|1|12|20|3237|983|1007|1247|719|150|46|47|58|33|3647|1179|1054|1305|752
C005|2|1|12|60|3237|983|1007|1247|719|493|150|153|190|110|3990|1283|1160|1437|829
C005|2|1|12|100|3237|983|1007|1247|719|888|270|276|342|197|4385|1403|1283|1589|916
C005|2|6|0|0|3118|947|970|1201|693|0|0|0|0|0|3378|1097|970|1201|693
C005|2|6|0|4|3118|947|970|1201|693|22|7|7|9|5|3400|1104|977|1210|698
C005|2|6|0|20|3118|947|970|1201|693|145|44|45|56|32|3523|1141|1015|1257|725
C005|2|6|0|60|3118|947|970|1201|693|475|144|148|183|106|3853|1241|1118|1384|799
C005|2|6|0|100|3118|947|970|1201|693|856|260|266|330|190|4234|1357|1236|1531|883
C005|2|6|1|0|3151|957|980|1214|700|0|0|0|0|0|3411|1107|980|1214|700
C005|2|6|1|4|3151|957|980|1214|700|23|7|7|9|5|3434|1114|987|1223|705
C005|2|6|1|20|3151|957|980|1214|700|146|44|45|56|32|3557|1151|1025|1270|732
C005|2|6|1|60|3151|957|980|1214|700|480|146|149|185|107|3891|1253|1129|1399|807
C005|2|6|1|100|3151|957|980|1214|700|865|263|269|333|192|4276|1370|1249|1547|892
C005|2|6|12|0|3507|1065|1091|1351|779|0|0|0|0|0|3767|1215|1091|1351|779
C005|2|6|12|4|3507|1065|1091|1351|779|25|8|8|10|6|3792|1223|1099|1361|785
C005|2|6|12|20|3507|1065|1091|1351|779|163|49|51|63|36|3930|1264|1142|1414|815
C005|2|6|12|60|3507|1065|1091|1351|779|534|162|166|206|119|4301|1377|1257|1557|898
C005|2|6|12|100|3507|1065|1091|1351|779|962|292|299|371|214|4729|1507|1390|1722|993
C005|20|0|0|0|4495|1365|1399|1732|999|0|0|0|0|0|4755|1515|1399|1732|999
C005|20|0|0|4|4495|1365|1399|1732|999|32|10|10|12|7|4787|1525|1409|1744|1006
C005|20|0|0|20|4495|1365|1399|1732|999|208|63|65|80|46|4963|1578|1464|1812|1045
C005|20|0|0|60|4495|1365|1399|1732|999|685|208|213|264|152|5440|1723|1612|1996|1151
C005|20|0|0|100|4495|1365|1399|1732|999|1233|375|384|475|274|5988|1890|1783|2207|1273
C005|20|0|1|0|4528|1375|1409|1744|1006|0|0|0|0|0|4788|1525|1409|1744|1006
C005|20|0|1|4|4528|1375|1409|1744|1006|33|10|10|13|7|4821|1535|1419|1757|1013
C005|20|0|1|20|4528|1375|1409|1744|1006|210|64|65|81|47|4998|1589|1474|1825|1053
C005|20|0|1|60|4528|1375|1409|1744|1006|690|209|215|266|153|5478|1734|1624|2010|1159
C005|20|0|1|100|4528|1375|1409|1744|1006|1242|377|387|479|276|6030|1902|1796|2223|1282
C005|20|0|12|0|4884|1483|1520|1881|1085|0|0|0|0|0|5144|1633|1520|1881|1085
C005|20|0|12|4|4884|1483|1520|1881|1085|35|11|11|14|8|5179|1644|1531|1895|1093
C005|20|0|12|20|4884|1483|1520|1881|1085|226|69|70|87|50|5370|1702|1590|1968|1135
C005|20|0|12|60|4884|1483|1520|1881|1085|744|226|232|287|165|5888|1859|1752|2168|1250
C005|20|0|12|100|4884|1483|1520|1881|1085|1340|407|417|516|298|6484|2040|1937|2397|1383
C005|20|1|0|0|4549|1382|1415|1752|1011|0|0|0|0|0|4809|1532|1415|1752|1011
C005|20|1|0|4|4549|1382|1415|1752|1011|33|10|10|13|7|4842|1542|1425|1765|1018
C005|20|1|0|20|4549|1382|1415|1752|1011|211|64|66|81|47|5020|1596|1481|1833|1058
C005|20|1|0|60|4549|1382|1415|1752|1011|693|211|216|267|154|5502|1743|1631|2019|1165
C005|20|1|0|100|4549|1382|1415|1752|1011|1248|379|388|481|277|6057|1911|1803|2233|1288
C005|20|1|1|0|4582|1392|1425|1765|1018|0|0|0|0|0|4842|1542|1425|1765|1018
C005|20|1|1|4|4582|1392|1425|1765|1018|33|10|10|13|7|4875|1552|1435|1778|1025
C005|20|1|1|20|4582|1392|1425|1765|1018|212|65|66|82|47|5054|1607|1491|1847|1065
C005|20|1|1|60|4582|1392|1425|1765|1018|698|212|217|269|155|5540|1754|1642|2034|1173
C005|20|1|1|100|4582|1392|1425|1765|1018|1257|382|391|484|279|6099|1924|1816|2249|1297
C005|20|1|12|0|4938|1500|1536|1902|1097|0|0|0|0|0|5198|1650|1536|1902|1097
C005|20|1|12|4|4938|1500|1536|1902|1097|36|11|11|14|8|5234|1661|1547|1916|1105
C005|20|1|12|20|4938|1500|1536|1902|1097|229|70|71|88|51|5427|1720|1607|1990|1148
C005|20|1|12|60|4938|1500|1536|1902|1097|752|228|234|290|167|5950|1878|1770|2192|1264
C005|20|1|12|100|4938|1500|1536|1902|1097|1355|412|421|522|301|6553|2062|1957|2424|1398
C005|20|6|0|0|4819|1464|1499|1856|1071|0|0|0|0|0|5079|1614|1499|1856|1071
C005|20|6|0|4|4819|1464|1499|1856|1071|35|11|11|13|8|5114|1625|1510|1869|1079
C005|20|6|0|20|4819|1464|1499|1856|1071|223|68|69|86|50|5302|1682|1568|1942|1121
C005|20|6|0|60|4819|1464|1499|1856|1071|734|223|228|283|163|5813|1837|1727|2139|1234
C005|20|6|0|100|4819|1464|1499|1856|1071|1322|402|411|509|294|6401|2016|1910|2365|1365
C005|20|6|1|0|4852|1474|1509|1869|1078|0|0|0|0|0|5112|1624|1509|1869|1078
C005|20|6|1|4|4852|1474|1509|1869|1078|35|11|11|13|8|5147|1635|1520|1882|1086
C005|20|6|1|20|4852|1474|1509|1869|1078|225|68|70|87|50|5337|1692|1579|1956|1128
C005|20|6|1|60|4852|1474|1509|1869|1078|739|225|230|285|164|5851|1849|1739|2154|1242
C005|20|6|1|100|4852|1474|1509|1869|1078|1331|404|414|513|296|6443|2028|1923|2382|1374
C005|20|6|12|0|5208|1582|1620|2006|1157|0|0|0|0|0|5468|1732|1620|2006|1157
C005|20|6|12|4|5208|1582|1620|2006|1157|37|11|12|14|8|5505|1743|1632|2020|1165
C005|20|6|12|20|5208|1582|1620|2006|1157|241|73|75|93|54|5709|1805|1695|2099|1211
C005|20|6|12|60|5208|1582|1620|2006|1157|793|241|247|306|176|6261|1973|1867|2312|1333
C005|20|6|12|100|5208|1582|1620|2006|1157|1429|434|445|550|317|6897|2166|2065|2556|1474
C005|59|0|0|0|8181|2485|2545|3151|1818|0|0|0|0|0|8441|2635|2545|3151|1818
C005|59|0|0|4|8181|2485|2545|3151|1818|59|18|18|23|13|8500|2653|2563|3174|1831
C005|59|0|0|20|8181|2485|2545|3151|1818|379|115|118|146|84|8820|2750|2663|3297|1902
C005|59|0|0|60|8181|2485|2545|3151|1818|1246|379|388|480|277|9687|3014|2933|3631|2095
C005|59|0|0|100|8181|2485|2545|3151|1818|2245|682|698|865|499|10686|3317|3243|4016|2317
C005|59|0|1|0|8213|2494|2555|3164|1825|0|0|0|0|0|8473|2644|2555|3164|1825
C005|59|0|1|4|8213|2494|2555|3164|1825|59|18|18|23|13|8532|2662|2573|3187|1838
C005|59|0|1|20|8213|2494|2555|3164|1825|381|116|118|147|85|8854|2760|2673|3311|1910
C005|59|0|1|60|8213|2494|2555|3164|1825|1251|380|389|482|278|9724|3024|2944|3646|2103
C005|59|0|1|100|8213|2494|2555|3164|1825|2254|684|701|868|501|10727|3328|3256|4032|2326
C005|59|0|12|0|8570|2603|2666|3301|1904|0|0|0|0|0|8830|2753|2666|3301|1904
C005|59|0|12|4|8570|2603|2666|3301|1904|62|19|19|24|14|8892|2772|2685|3325|1918
C005|59|0|12|20|8570|2603|2666|3301|1904|397|121|124|153|88|9227|2874|2790|3454|1992
C005|59|0|12|60|8570|2603|2666|3301|1904|1305|396|406|503|290|10135|3149|3072|3804|2194
C005|59|0|12|100|8570|2603|2666|3301|1904|2352|714|732|906|522|11182|3467|3398|4207|2426
C005|59|1|0|0|8235|2501|2562|3172|1830|0|0|0|0|0|8495|2651|2562|3172|1830
C005|59|1|0|4|8235|2501|2562|3172|1830|59|18|18|23|13|8554|2669|2580|3195|1843
C005|59|1|0|20|8235|2501|2562|3172|1830|382|116|119|147|85|8877|2767|2681|3319|1915
C005|59|1|0|60|8235|2501|2562|3172|1830|1254|381|390|483|279|9749|3032|2952|3655|2109
C005|59|1|0|100|8235|2501|2562|3172|1830|2260|686|703|870|502|10755|3337|3265|4042|2332
C005|59|1|1|0|8267|2511|2572|3184|1837|0|0|0|0|0|8527|2661|2572|3184|1837
C005|59|1|1|4|8267|2511|2572|3184|1837|60|18|19|23|13|8587|2679|2591|3207|1850
C005|59|1|1|20|8267|2511|2572|3184|1837|383|116|119|148|85|8910|2777|2691|3332|1922
C005|59|1|1|60|8267|2511|2572|3184|1837|1259|382|392|485|280|9786|3043|2964|3669|2117
C005|59|1|1|100|8267|2511|2572|3184|1837|2268|689|706|874|504|10795|3350|3278|4058|2341
C005|59|1|12|0|8624|2619|2683|3322|1916|0|0|0|0|0|8884|2769|2683|3322|1916
C005|59|1|12|4|8624|2619|2683|3322|1916|62|19|19|24|14|8946|2788|2702|3346|1930
C005|59|1|12|20|8624|2619|2683|3322|1916|400|121|124|154|89|9284|2890|2807|3476|2005
C005|59|1|12|60|8624|2619|2683|3322|1916|1314|399|409|506|292|10198|3168|3092|3828|2208
C005|59|1|12|100|8624|2619|2683|3322|1916|2366|719|736|912|526|11250|3488|3419|4234|2442
C005|59|6|0|0|8505|2583|2646|3276|1890|0|0|0|0|0|8765|2733|2646|3276|1890
C005|59|6|0|4|8505|2583|2646|3276|1890|61|19|19|24|14|8826|2752|2665|3300|1904
C005|59|6|0|20|8505|2583|2646|3276|1890|394|120|123|152|88|9159|2853|2769|3428|1978
C005|59|6|0|60|8505|2583|2646|3276|1890|1295|393|403|499|288|10060|3126|3049|3775|2178
C005|59|6|0|100|8505|2583|2646|3276|1890|2334|709|726|899|519|11099|3442|3372|4175|2409
C005|59|6|1|0|8537|2593|2656|3288|1897|0|0|0|0|0|8797|2743|2656|3288|1897
C005|59|6|1|4|8537|2593|2656|3288|1897|61|19|19|24|14|8858|2762|2675|3312|1911
C005|59|6|1|20|8537|2593|2656|3288|1897|396|120|123|152|88|9193|2863|2779|3440|1985
C005|59|6|1|60|8537|2593|2656|3288|1897|1300|395|405|501|289|10097|3138|3061|3789|2186
C005|59|6|1|100|8537|2593|2656|3288|1897|2343|712|729|902|521|11140|3455|3385|4190|2418
C005|59|6|12|0|8894|2701|2767|3426|1976|0|0|0|0|0|9154|2851|2767|3426|1976
C005|59|6|12|4|8894|2701|2767|3426|1976|64|19|20|25|14|9218|2870|2787|3451|1990
C005|59|6|12|20|8894|2701|2767|3426|1976|412|125|128|159|92|9566|2976|2895|3585|2068
C005|59|6|12|60|8894|2701|2767|3426|1976|1355|411|421|522|301|10509|3262|3188|3948|2277
C005|59|6|12|100|8894|2701|2767|3426|1976|2441|741|759|940|542|11595|3592|3526|4366|2518
C005|60|0|0|0|8276|2513|2575|3188|1839|0|0|0|0|0|8536|2663|2575|3188|1839
C005|60|0|0|4|8276|2513|2575|3188|1839|60|18|19|23|13|8596|2681|2594|3211|1852
C005|60|0|0|20|8276|2513|2575|3188|1839|384|117|119|148|85|8920|2780|2694|3336|1924
C005|60|0|0|60|8276|2513|2575|3188|1839|1261|383|392|486|280|9797|3046|2967|3674|2119
C005|60|0|0|100|8276|2513|2575|3188|1839|2271|690|707|875|505|10807|3353|3282|4063|2344
C005|60|0|1|0|8308|2523|2585|3200|1846|0|0|0|0|0|8568|2673|2585|3200|1846
C005|60|0|1|4|8308|2523|2585|3200|1846|60|18|19|23|13|8628|2691|2604|3223|1859
C005|60|0|1|20|8308|2523|2585|3200|1846|385|117|120|148|86|8953|2790|2705|3348|1932
C005|60|0|1|60|8308|2523|2585|3200|1846|1265|384|394|487|281|9833|3057|2979|3687|2127
C005|60|0|1|100|8308|2523|2585|3200|1846|2280|692|709|878|507|10848|3365|3294|4078|2353
C005|60|0|12|0|8664|2631|2696|3337|1925|0|0|0|0|0|8924|2781|2696|3337|1925
C005|60|0|12|4|8664|2631|2696|3337|1925|62|19|19|24|14|8986|2800|2715|3361|1939
C005|60|0|12|20|8664|2631|2696|3337|1925|402|122|125|155|89|9326|2903|2821|3492|2014
C005|60|0|12|60|8664|2631|2696|3337|1925|1320|401|411|508|293|10244|3182|3107|3845|2218
C005|60|0|12|100|8664|2631|2696|3337|1925|2377|722|740|916|528|11301|3503|3436|4253|2453
C005|60|1|0|0|8330|2530|2591|3208|1851|0|0|0|0|0|8590|2680|2591|3208|1851
C005|60|1|0|4|8330|2530|2591|3208|1851|60|18|19|23|13|8650|2698|2610|3231|1864
C005|60|1|0|20|8330|2530|2591|3208|1851|386|117|120|149|86|8976|2797|2711|3357|1937
C005|60|1|0|60|8330|2530|2591|3208|1851|1269|385|395|489|282|9859|3065|2986|3697|2133
C005|60|1|0|100|8330|2530|2591|3208|1851|2286|694|711|880|508|10876|3374|3302|4088|2359
C005|60|1|1|0|8362|2540|2601|3221|1858|0|0|0|0|0|8622|2690|2601|3221|1858
C005|60|1|1|4|8362|2540|2601|3221|1858|60|18|19|23|13|8682|2708|2620|3244|1871
C005|60|1|1|20|8362|2540|2601|3221|1858|388|118|121|149|86|9010|2808|2722|3370|1944
C005|60|1|1|60|8362|2540|2601|3221|1858|1274|387|396|491|283|9896|3077|2997|3712|2141
C005|60|1|1|100|8362|2540|2601|3221|1858|2295|697|714|884|510|10917|3387|3315|4105|2368
C005|60|1|12|0|8718|2648|2712|3358|1937|0|0|0|0|0|8978|2798|2712|3358|1937
C005|60|1|12|4|8718|2648|2712|3358|1937|63|19|20|24|14|9041|2817|2732|3382|1951
C005|60|1|12|20|8718|2648|2712|3358|1937|404|123|126|156|90|9382|2921|2838|3514|2027
C005|60|1|12|60|8718|2648|2712|3358|1937|1328|403|413|511|295|10306|3201|3125|3869|2232
C005|60|1|12|100|8718|2648|2712|3358|1937|2392|727|744|921|532|11370|3525|3456|4279|2469
C005|60|6|0|0|8599|2612|2675|3312|1911|0|0|0|0|0|8859|2762|2675|3312|1911
C005|60|6|0|4|8599|2612|2675|3312|1911|62|19|19|24|14|8921|2781|2694|3336|1925
C005|60|6|0|20|8599|2612|2675|3312|1911|399|121|124|154|89|9258|2883|2799|3466|2000
C005|60|6|0|60|8599|2612|2675|3312|1911|1310|398|407|504|291|10169|3160|3082|3816|2202
C005|60|6|0|100|8599|2612|2675|3312|1911|2360|717|734|909|524|11219|3479|3409|4221|2435
C005|60|6|1|0|8632|2622|2685|3325|1918|0|0|0|0|0|8892|2772|2685|3325|1918
C005|60|6|1|4|8632|2622|2685|3325|1918|62|19|19|24|14|8954|2791|2704|3349|1932
C005|60|6|1|20|8632|2622|2685|3325|1918|400|122|124|154|89|9292|2894|2809|3479|2007
C005|60|6|1|60|8632|2622|2685|3325|1918|1315|399|409|506|292|10207|3171|3094|3831|2210
C005|60|6|1|100|8632|2622|2685|3325|1918|2369|719|737|912|526|11261|3491|3422|4237|2444
C005|60|6|12|0|8988|2730|2796|3462|1997|0|0|0|0|0|9248|2880|2796|3462|1997
C005|60|6|12|4|8988|2730|2796|3462|1997|65|20|20|25|14|9313|2900|2816|3487|2011
C005|60|6|12|20|8988|2730|2796|3462|1997|417|127|130|160|93|9665|3007|2926|3622|2090
C005|60|6|12|60|8988|2730|2796|3462|1997|1369|416|426|527|304|10617|3296|3222|3989|2301
C005|60|6|12|100|8988|2730|2796|3462|1997|2466|749|767|950|548|11714|3629|3563|4412|2545
C006|1|0|0|0|2240|1160|650|920|840|0|0|0|0|0|2500|1310|650|920|840
C006|1|0|0|4|2240|1160|650|920|840|16|8|5|7|6|2516|1318|655|927|846
C006|1|0|0|20|2240|1160|650|920|840|104|54|30|43|39|2604|1364|680|963|879
C006|1|0|0|60|2240|1160|650|920|840|341|177|99|140|128|2841|1487|749|1060|968
C006|1|0|0|100|2240|1160|650|920|840|615|318|178|252|230|3115|1628|828|1172|1070
C006|1|0|1|0|2267|1174|658|931|850|0|0|0|0|0|2527|1324|658|931|850
C006|1|0|1|4|2267|1174|658|931|850|16|8|5|7|6|2543|1332|663|938|856
C006|1|0|1|20|2267|1174|658|931|850|105|54|31|43|39|2632|1378|689|974|889
C006|1|0|1|60|2267|1174|658|931|850|345|179|100|142|129|2872|1503|758|1073|979
C006|1|0|1|100|2267|1174|658|931|850|622|322|181|255|233|3149|1646|839|1186|1083
C006|1|0|12|0|2563|1327|744|1052|961|0|0|0|0|0|2823|1477|744|1052|961
C006|1|0|12|4|2563|1327|744|1052|961|18|10|5|8|7|2841|1487|749|1060|968
C006|1|0|12|20|2563|1327|744|1052|961|119|62|34|49|45|2942|1539|778|1101|1006
C006|1|0|12|60|2563|1327|744|1052|961|390|202|113|160|146|3213|1679|857|1212|1107
C006|1|0|12|100|2563|1327|744|1052|961|703|364|204|289|264|3526|1841|948|1341|1225
C006|1|1|0|0|2285|1183|663|938|857|0|0|0|0|0|2545|1333|663|938|857
C006|1|1|0|4|2285|1183|663|938|857|16|9|5|7|6|2561|1342|668|945|863
C006|1|1|0|20|2285|1183|663|938|857|106|55|31|43|40|2651|1388|694|981|897
C006|1|1|0|60|2285|1183|663|938|857|348|180|101|143|131|2893|1513|764|1081|988
C006|1|1|0|100|2285|1183|663|938|857|627|325|182|257|235|3172|1658|845|1195|1092
C006|1|1|1|0|2312|1197|671|949|867|0|0|0|0|0|2572|1347|671|949|867
C006|1|1|1|4|2312|1197|671|949|867|17|9|5|7|6|2589|1356|676|956|873
C006|1|1|1|20|2312|1197|671|949|867|107|55|31|44|40|2679|1402|702|993|907
C006|1|1|1|60|2312|1197|671|949|867|352|182|102|145|132|2924|1529|773|1094|999
C006|1|1|1|100|2312|1197|671|949|867|634|328|184|260|238|3206|1675|855|1209|1105
C006|1|1|12|0|2607|1350|757|1071|978|0|0|0|0|0|2867|1500|757|1071|978
C006|1|1|12|4|2607|1350|757|1071|978|19|10|5|8|7|2886|1510|762|1079|985
C006|1|1|12|20|2607|1350|757|1071|978|121|63|35|50|45|2988|1563|792|1121|1023
C006|1|1|12|60|2607|1350|757|1071|978|397|206|115|163|149|3264|1706|872|1234|1127
C006|1|1|12|100|2607|1350|757|1071|978|715|370|208|294|268|3582|1870|965|1365|1246
C006|1|6|0|0|2509|1299|728|1030|941|0|0|0|0|0|2769|1449|728|1030|941
C006|1|6|0|4|2509|1299|728|1030|941|18|9|5|7|7|2787|1458|733|1037|948
C006|1|6|0|20|2509|1299|728|1030|941|116|60|34|48|44|2885|1509|762|1078|985
C006|1|6|0|60|2509|1299|728|1030|941|382|198|111|157|143|3151|1647|839|1187|1084
C006|1|6|0|100|2509|1299|728|1030|941|688|356|200|283|258|3457|1805|928|1313|1199
C006|1|6|1|0|2536|1313|736|1041|951|0|0|0|0|0|2796|1463|736|1041|951
C006|1|6|1|4|2536|1313|736|1041|951|18|9|5|7|7|2814|1472|741|1048|958
C006|1|6|1|20|2536|1313|736|1041|951|118|61|34|48|44|2914|1524|770|1089|995
C006|1|6|1|60|2536|1313|736|1041|951|386|200|112|159|145|3182|1663|848|1200|1096
C006|1|6|1|100|2536|1313|736|1041|951|696|360|202|286|261|3492|1823|938|1327|1212
C006|1|6|12|0|2831|1466|822|1163|1062|0|0|0|0|0|3091|1616|822|1163|1062
C006|1|6|12|4|2831|1466|822|1163|1062|20|11|6|8|8|3111|1627|828|1171|1070
C006|1|6|12|20|2831|1466|822|1163|1062|131|68|38|54|49|3222|1684|860|1217|1111
C006|1|6|12|60|2831|1466|822|1163|1062|431|223|125|177|162|3522|1839|947|1340|1224
C006|1|6|12|100|2831|1466|822|1163|1062|777|402|226|319|291|3868|2018|1048|1482|1353
C006|2|0|0|0|2318|1201|673|952|869|0|0|0|0|0|2578|1351|673|952|869
C006|2|0|0|4|2318|1201|673|952|869|17|9|5|7|6|2595|1360|678|959|875
C006|2|0|0|20|2318|1201|673|952|869|107|56|31|44|40|2685|1407|704|996|909
C006|2|0|0|60|2318|1201|673|952|869|353|183|103|145|132|2931|1534|776|1097|1001
C006|2|0|0|100|2318|1201|673|952|869|636|330|185|261|238|3214|1681|858|1213|1107
C006|2|0|1|0|2345|1215|681|963|879|0|0|0|0|0|2605|1365|681|963|879
C006|2|0|1|4|2345|1215|681|963|879|17|9|5|7|6|2622|1374|686|970|885
C006|2|0|1|20|2345|1215|681|963|879|109|56|32|45|41|2714|1421|713|1008|920
C006|2|0|1|60|2345|1215|681|963|879|357|185|104|147|134|2962|1550|785|1110|1013
C006|2|0|1|100|2345|1215|681|963|879|643|333|187|264|241|3248|1698|868|1227|1120
C006|2|0|12|0|2641|1368|766|1085|990|0|0|0|0|0|2901|1518|766|1085|990
C006|2|0|12|4|2641|1368|766|1085|990|19|10|6|8|7|2920|1528|772|1093|997
C006|2|0|12|20|2641|1368|766|1085|990|122|63|36|50|46|3023|1581|802|1135|1036
C006|2|0|12|60|2641|1368|766|1085|990|402|208|117|165|151|3303|1726|883|1250|1141
C006|2|0|12|100|2641|1368|766|1085|990|725|375|210|298|272|3626|1893|976|1383|1262
C006|2|1|0|0|2363|1224|686|971|886|0|0|0|0|0|2623|1374|686|971|886
C006|2|1|0|4|2363|1224|686|971|886|17|9|5|7|6|2640|1383|691|978|892
C006|2|1|0|20|2363|1224|686|971|886|110|57|32|45|41|2733|1431|718|1016|927
C006|2|1|0|60|2363|1224|686|971|886|360|186|104|148|135|2983|1560|790|1119|1021
C006|2|1|0|100|2363|1224|686|971|886|648|336|188|266|243|3271|1710|874|1237|1129
C006|2|1|1|0|2390|1238|694|982|896|0|0|0|0|0|2650|1388|694|982|896
C006|2|1|1|4|2390|1238|694|982|896|17|9|5|7|6|2667|1397|699|989|902
C006|2|1|1|20|2390|1238|694|982|896|111|57|32|46|42|2761|1445|726|1028|938
C006|2|1|1|60|2390|1238|694|982|896|364|189|106|150|136|3014|1577|800|1132|1032
C006|2|1|1|100|2390|1238|694|982|896|656|340|190|269|246|3306|1728|884|1251|1142
C006|2|1|12|0|2686|1391|779|1103|1007|0|0|0|0|0|2946|1541|779|1103|1007
C006|2|1|12|4|2686|1391|779|1103|1007|19|10|6|8|7|2965|1551|785|1111|1014
C006|2|1|12|20|2686|1391|779|1103|1007|125|64|36|51|47|3071|1605|815|1154|1054
C006|2|1|12|60|2686|1391|779|1103|1007|409|212|119|168|153|3355|1753|898|1271|1160
C006|2|1|12|100|2686|1391|779|1103|1007|737|382|214|303|276|3683|1923|993|1406|1283
C006|2|6|0|0|2587|1340|751|1063|970|0|0|0|0|0|2847|1490|751|1063|970
C006|2|6|0|4|2587|1340|751|1063|970|19|10|5|8|7|2866|1500|756|1071|977
C006|2|6|0|20|2587|1340|751|1063|970|120|62|35|49|45|2967|1552|786|1112|1015
C006|2|6|0|60|2587|1340|751|1063|970|394|204|114|162|148|3241|1694|865|1225|1118
C006|2|6|0|100|2587|1340|751|1063|970|710|368|206|292|266|3557|1858|957|1355|1236
C006|2|6|1|0|2614|1354|759|1074|980|0|0|0|0|0|2874|1504|759|1074|980
C006|2|6|1|4|2614|1354|759|1074|980|19|10|5|8|7|2893|1514|764|1082|987
C006|2|6|1|20|2614|1354|759|1074|980|121|63|35|50|45|2995|1567|794|1124|1025
C006|2|6|1|60|2614|1354|759|1074|980|398|206|116|164|149|3272|1710|875|1238|1129
C006|2|6|1|100|2614|1354|759|1074|980|717|372|208|295|269|3591|1876|967|1369|1249
C006|2|6|12|0|2910|1507|844|1195|1091|0|0|0|0|0|3170|1657|844|1195|1091
C006|2|6|12|4|2910|1507|844|1195|1091|21|11|6|9|8|3191|1668|850|1204|1099
C006|2|6|12|20|2910|1507|844|1195|1091|135|70|39|55|51|3305|1727|883|1250|1142
C006|2|6|12|60|2910|1507|844|1195|1091|443|230|129|182|166|3613|1887|973|1377|1257
C006|2|6|12|100|2910|1507|844|1195|1091|799|414|232|328|299|3969|2071|1076|1523|1390
C006|20|0|0|0|3730|1931|1082|1532|1399|0|0|0|0|0|3990|2081|1082|1532|1399
C006|20|0|0|4|3730|1931|1082|1532|1399|27|14|8|11|10|4017|2095|1090|1543|1409
C006|20|0|0|20|3730|1931|1082|1532|1399|173|90|50|71|65|4163|2171|1132|1603|1464
C006|20|0|0|60|3730|1931|1082|1532|1399|568|294|165|233|213|4558|2375|1247|1765|1612
C006|20|0|0|100|3730|1931|1082|1532|1399|1024|530|297|420|384|5014|2611|1379|1952|1783
C006|20|0|1|0|3756|1945|1090|1543|1409|0|0|0|0|0|4016|2095|1090|1543|1409
C006|20|0|1|4|3756|1945|1090|1543|1409|27|14|8|11|10|4043|2109|1098|1554|1419
C006|20|0|1|20|3756|1945|1090|1543|1409|174|90|51|72|65|4190|2185|1141|1615|1474
C006|20|0|1|60|3756|1945|1090|1543|1409|572|296|166|235|215|4588|2391|1256|1778|1624
C006|20|0|1|100|3756|1945|1090|1543|1409|1031|534|299|423|387|5047|2629|1389|1966|1796
C006|20|0|12|0|4052|2098|1176|1664|1520|0|0|0|0|0|4312|2248|1176|1664|1520
C006|20|0|12|4|4052|2098|1176|1664|1520|29|15|8|12|11|4341|2263|1184|1676|1531
C006|20|0|12|20|4052|2098|1176|1664|1520|188|97|55|77|70|4500|2345|1231|1741|1590
C006|20|0|12|60|4052|2098|1176|1664|1520|617|320|179|253|232|4929|2568|1355|1917|1752
C006|20|0|12|100|4052|2098|1176|1664|1520|1112|576|323|457|417|5424|2824|1499|2121|1937
C006|20|1|0|0|3774|1955|1095|1550|1415|0|0|0|0|0|4034|2105|1095|1550|1415
C006|20|1|0|4|3774|1955|1095|1550|1415|27|14|8|11|10|4061|2119|1103|1561|1425
C006|20|1|0|20|3774|1955|1095|1550|1415|175|91|51|72|66|4209|2196|1146|1622|1481
C006|20|1|0|60|3774|1955|1095|1550|1415|575|298|167|236|216|4609|2403|1262|1786|1631
C006|20|1|0|100|3774|1955|1095|1550|1415|1036|536|300|425|388|5070|2641|1395|1975|1803
C006|20|1|1|0|3801|1969|1103|1561|1425|0|0|0|0|0|4061|2119|1103|1561|1425
C006|20|1|1|4|3801|1969|1103|1561|1425|27|14|8|11|10|4088|2133|1111|1572|1435
C006|20|1|1|20|3801|1969|1103|1561|1425|176|91|51|72|66|4237|2210|1154|1633|1491
C006|20|1|1|60|3801|1969|1103|1561|1425|579|300|168|238|217|4640|2419|1271|1799|1642
C006|20|1|1|100|3801|1969|1103|1561|1425|1043|540|303|428|391|5104|2659|1406|1989|1816
C006|20|1|12|0|4097|2122|1189|1683|1536|0|0|0|0|0|4357|2272|1189|1683|1536
C006|20|1|12|4|4097|2122|1189|1683|1536|29|15|9|12|11|4386|2287|1198|1695|1547
C006|20|1|12|20|4097|2122|1189|1683|1536|190|98|55|78|71|4547|2370|1244|1761|1607
C006|20|1|12|60|4097|2122|1189|1683|1536|624|323|181|256|234|4981|2595|1370|1939|1770
C006|20|1|12|100|4097|2122|1189|1683|1536|1124|582|326|462|421|5481|2854|1515|2145|1957
C006|20|6|0|0|3998|2071|1160|1642|1499|0|0|0|0|0|4258|2221|1160|1642|1499
C006|20|6|0|4|3998|2071|1160|1642|1499|29|15|8|12|11|4287|2236|1168|1654|1510
C006|20|6|0|20|3998|2071|1160|1642|1499|185|96|54|76|69|4443|2317|1214|1718|1568
C006|20|6|0|60|3998|2071|1160|1642|1499|609|315|177|250|228|4867|2536|1337|1892|1727
C006|20|6|0|100|3998|2071|1160|1642|1499|1097|568|318|451|411|5355|2789|1478|2093|1910
C006|20|6|1|0|4025|2085|1168|1653|1509|0|0|0|0|0|4285|2235|1168|1653|1509
C006|20|6|1|4|4025|2085|1168|1653|1509|29|15|8|12|11|4314|2250|1176|1665|1520
C006|20|6|1|20|4025|2085|1168|1653|1509|187|97|54|77|70|4472|2332|1222|1730|1579
C006|20|6|1|60|4025|2085|1168|1653|1509|613|318|178|252|230|4898|2553|1346|1905|1739
C006|20|6|1|100|4025|2085|1168|1653|1509|1104|572|320|454|414|5389|2807|1488|2107|1923
C006|20|6|12|0|4321|2238|1254|1775|1620|0|0|0|0|0|4581|2388|1254|1775|1620
C006|20|6|12|4|4321|2238|1254|1775|1620|31|16|9|13|12|4612|2404|1263|1788|1632
C006|20|6|12|20|4321|2238|1254|1775|1620|200|104|58|82|75|4781|2492|1312|1857|1695
C006|20|6|12|60|4321|2238|1254|1775|1620|658|341|191|270|247|5239|2729|1445|2045|1867
C006|20|6|12|100|4321|2238|1254|1775|1620|1186|614|344|487|445|5767|3002|1598|2262|2065
C006|59|0|0|0|6787|3515|1969|2788|2545|0|0|0|0|0|7047|3665|1969|2788|2545
C006|59|0|0|4|6787|3515|1969|2788|2545|49|25|14|20|18|7096|3690|1983|2808|2563
C006|59|0|0|20|6787|3515|1969|2788|2545|315|163|91|129|118|7362|3828|2060|2917|2663
C006|59|0|0|60|6787|3515|1969|2788|2545|1034|535|300|425|388|8081|4200|2269|3213|2933
C006|59|0|0|100|6787|3515|1969|2788|2545|1862|965|540|765|698|8909|4630|2509|3553|3243
C006|59|0|1|0|6814|3529|1977|2799|2555|0|0|0|0|0|7074|3679|1977|2799|2555
C006|59|0|1|4|6814|3529|1977|2799|2555|49|25|14|20|18|7123|3704|1991|2819|2573
C006|59|0|1|20|6814|3529|1977|2799|2555|316|164|92|130|118|7390|3843|2069|2929|2673
C006|59|0|1|60|6814|3529|1977|2799|2555|1038|538|301|426|389|8112|4217|2278|3225|2944
C006|59|0|1|100|6814|3529|1977|2799|2555|1870|968|542|768|701|8944|4647|2519|3567|3256
C006|59|0|12|0|7110|3682|2063|2920|2666|0|0|0|0|0|7370|3832|2063|2920|2666
C006|59|0|12|4|7110|3682|2063|2920|2666|51|27|15|21|19|7421|3859|2078|2941|2685
C006|59|0|12|20|7110|3682|2063|2920|2666|330|171|96|135|124|7700|4003|2159|3055|2790
C006|59|0|12|60|7110|3682|2063|2920|2666|1083|561|314|445|406|8453|4393|2377|3365|3072
C006|59|0|12|100|7110|3682|2063|2920|2666|1951|1010|566|801|732|9321|4842|2629|3721|3398
C006|59|1|0|0|6832|3538|1982|2806|2562|0|0|0|0|0|7092|3688|1982|2806|2562
C006|59|1|0|4|6832|3538|1982|2806|2562|49|25|14|20|18|7141|3713|1996|2826|2580
C006|59|1|0|20|6832|3538|1982|2806|2562|317|164|92|130|119|7409|3852|2074|2936|2681
C006|59|1|0|60|6832|3538|1982|2806|2562|1041|539|302|427|390|8133|4227|2284|3233|2952
C006|59|1|0|100|6832|3538|1982|2806|2562|1875|971|544|770|703|8967|4659|2526|3576|3265
C006|59|1|1|0|6859|3552|1990|2817|2572|0|0|0|0|0|7119|3702|1990|2817|2572
C006|59|1|1|4|6859|3552|1990|2817|2572|49|26|14|20|19|7168|3728|2004|2837|2591
C006|59|1|1|20|6859|3552|1990|2817|2572|318|165|92|131|119|7437|3867|2082|2948|2691
C006|59|1|1|60|6859|3552|1990|2817|2572|1045|541|303|429|392|8164|4243|2293|3246|2964
C006|59|1|1|100|6859|3552|1990|2817|2572|1882|975|546|773|706|9001|4677|2536|3590|3278
C006|59|1|12|0|7155|3705|2076|2938|2683|0|0|0|0|0|7415|3855|2076|2938|2683
C006|59|1|12|4|7155|3705|2076|2938|2683|52|27|15|21|19|7467|3882|2091|2959|2702
C006|59|1|12|20|7155|3705|2076|2938|2683|332|172|96|136|124|7747|4027|2172|3074|2807
C006|59|1|12|60|7155|3705|2076|2938|2683|1090|564|316|448|409|8505|4419|2392|3386|3092
C006|59|1|12|100|7155|3705|2076|2938|2683|1963|1017|570|806|736|9378|4872|2646|3744|3419
C006|59|6|0|0|7056|3654|2048|2898|2646|0|0|0|0|0|7316|3804|2048|2898|2646
C006|59|6|0|4|7056|3654|2048|2898|2646|51|26|15|21|19|7367|3830|2063|2919|2665
C006|59|6|0|20|7056|3654|2048|2898|2646|327|169|95|134|123|7643|3973|2143|3032|2769
C006|59|6|0|60|7056|3654|2048|2898|2646|1075|557|312|441|403|8391|4361|2360|3339|3049
C006|59|6|0|100|7056|3654|2048|2898|2646|1936|1003|562|795|726|9252|4807|2610|3693|3372
C006|59|6|1|0|7083|3668|2055|2909|2656|0|0|0|0|0|7343|3818|2055|2909|2656
C006|59|6|1|4|7083|3668|2055|2909|2656|51|26|15|21|19|7394|3844|2070|2930|2675
C006|59|6|1|20|7083|3668|2055|2909|2656|328|170|95|135|123|7671|3988|2150|3044|2779
C006|59|6|1|60|7083|3668|2055|2909|2656|1079|559|313|443|405|8422|4377|2368|3352|3061
C006|59|6|1|100|7083|3668|2055|2909|2656|1944|1006|564|798|729|9287|4824|2619|3707|3385
C006|59|6|12|0|7379|3821|2141|3030|2767|0|0|0|0|0|7639|3971|2141|3030|2767
C006|59|6|12|4|7379|3821|2141|3030|2767|53|28|15|22|20|7692|3999|2156|3052|2787
C006|59|6|12|20|7379|3821|2141|3030|2767|342|177|99|140|128|7981|4148|2240|3170|2895
C006|59|6|12|60|7379|3821|2141|3030|2767|1124|582|326|462|421|8763|4553|2467|3492|3188
C006|59|6|12|100|7379|3821|2141|3030|2767|2025|1048|587|831|759|9664|5019|2728|3861|3526
C006|60|0|0|0|6866|3555|1992|2820|2575|0|0|0|0|0|7126|3705|1992|2820|2575
C006|60|0|0|4|6866|3555|1992|2820|2575|49|26|14|20|19|7175|3731|2006|2840|2594
C006|60|0|0|20|6866|3555|1992|2820|2575|318|165|92|131|119|7444|3870|2084|2951|2694
C006|60|0|0|60|6866|3555|1992|2820|2575|1046|541|303|430|392|8172|4246|2295|3250|2967
C006|60|0|0|100|6866|3555|1992|2820|2575|1884|975|547|774|707|9010|4680|2539|3594|3282
C006|60|0|1|0|6892|3569|2000|2831|2585|0|0|0|0|0|7152|3719|2000|2831|2585
C006|60|0|1|4|6892|3569|2000|2831|2585|50|26|14|20|19|7202|3745|2014|2851|2604
C006|60|0|1|20|6892|3569|2000|2831|2585|320|165|93|131|120|7472|3884|2093|2962|2705
C006|60|0|1|60|6892|3569|2000|2831|2585|1050|544|305|431|394|8202|4263|2305|3262|2979
C006|60|0|1|100|6892|3569|2000|2831|2585|1891|979|549|777|709|9043|4698|2549|3608|3294
C006|60|0|12|0|7188|3722|2086|2952|2696|0|0|0|0|0|7448|3872|2086|2952|2696
C006|60|0|12|4|7188|3722|2086|2952|2696|52|27|15|21|19|7500|3899|2101|2973|2715
C006|60|0|12|20|7188|3722|2086|2952|2696|333|173|97|137|125|7781|4045|2183|3089|2821
C006|60|0|12|60|7188|3722|2086|2952|2696|1095|567|318|450|411|8543|4439|2404|3402|3107
C006|60|0|12|100|7188|3722|2086|2952|2696|1972|1021|572|810|740|9420|4893|2658|3762|3436
C006|60|1|0|0|6910|3579|2005|2838|2591|0|0|0|0|0|7170|3729|2005|2838|2591
C006|60|1|0|4|6910|3579|2005|2838|2591|50|26|14|20|19|7220|3755|2019|2858|2610
C006|60|1|0|20|6910|3579|2005|2838|2591|320|166|93|132|120|7490|3895|2098|2970|2711
C006|60|1|0|60|6910|3579|2005|2838|2591|1053|545|305|432|395|8223|4274|2310|3270|2986
C006|60|1|0|100|6910|3579|2005|2838|2591|1896|982|550|779|711|9066|4711|2555|3617|3302
C006|60|1|1|0|6937|3593|2013|2849|2601|0|0|0|0|0|7197|3743|2013|2849|2601
C006|60|1|1|4|6937|3593|2013|2849|2601|50|26|14|21|19|7247|3769|2027|2870|2620
C006|60|1|1|20|6937|3593|2013|2849|2601|322|167|93|132|121|7519|3910|2106|2981|2722
C006|60|1|1|60|6937|3593|2013|2849|2601|1057|547|307|434|396|8254|4290|2320|3283|2997
C006|60|1|1|100|6937|3593|2013|2849|2601|1904|986|552|782|714|9101|4729|2565|3631|3315
C006|60|1|12|0|7233|3746|2099|2971|2712|0|0|0|0|0|7493|3896|2099|2971|2712
C006|60|1|12|4|7233|3746|2099|2971|2712|52|27|15|21|20|7545|3923|2114|2992|2732
C006|60|1|12|20|7233|3746|2099|2971|2712|335|174|97|138|126|7828|4070|2196|3109|2838
C006|60|1|12|60|7233|3746|2099|2971|2712|1102|571|320|453|413|8595|4467|2419|3424|3125
C006|60|1|12|100|7233|3746|2099|2971|2712|1985|1028|576|815|744|9478|4924|2675|3786|3456
C006|60|6|0|0|7134|3695|2070|2930|2675|0|0|0|0|0|7394|3845|2070|2930|2675
C006|60|6|0|4|7134|3695|2070|2930|2675|51|27|15|21|19|7445|3872|2085|2951|2694
C006|60|6|0|20|7134|3695|2070|2930|2675|331|171|96|136|124|7725|4016|2166|3066|2799
C006|60|6|0|60|7134|3695|2070|2930|2675|1087|563|315|446|407|8481|4408|2385|3376|3082
C006|60|6|0|100|7134|3695|2070|2930|2675|1958|1014|568|804|734|9352|4859|2638|3734|3409
C006|60|6|1|0|7161|3709|2078|2941|2685|0|0|0|0|0|7421|3859|2078|2941|2685
C006|60|6|1|4|7161|3709|2078|2941|2685|52|27|15|21|19|7473|3886|2093|2962|2704
C006|60|6|1|20|7161|3709|2078|2941|2685|332|172|96|136|124|7753|4031|2174|3077|2809
C006|60|6|1|60|7161|3709|2078|2941|2685|1091|565|317|448|409|8512|4424|2395|3389|3094
C006|60|6|1|100|7161|3709|2078|2941|2685|1965|1018|570|807|737|9386|4877|2648|3748|3422
C006|60|6|12|0|7457|3862|2164|3063|2796|0|0|0|0|0|7717|4012|2164|3063|2796
C006|60|6|12|4|7457|3862|2164|3063|2796|54|28|16|22|20|7771|4040|2180|3085|2816
C006|60|6|12|20|7457|3862|2164|3063|2796|346|179|100|142|130|8063|4191|2264|3205|2926
C006|60|6|12|60|7457|3862|2164|3063|2796|1136|588|330|467|426|8853|4600|2494|3530|3222
C006|60|6|12|100|7457|3862|2164|3063|2796|2046|1060|594|840|767|9763|5072|2758|3903|3563
C007|1|0|0|0|3280|760|1140|680|530|0|0|0|0|0|3540|910|1140|680|530
C007|1|0|0|4|3280|760|1140|680|530|24|5|8|5|4|3564|915|1148|685|534
C007|1|0|0|20|3280|760|1140|680|530|152|35|53|32|25|3692|945|1193|712|555
C007|1|0|0|60|3280|760|1140|680|530|500|116|174|104|81|4040|1026|1314|784|611
C007|1|0|0|100|3280|760|1140|680|530|900|209|313|187|145|4440|1119|1453|867|675
C007|1|0|1|0|3319|769|1154|688|536|0|0|0|0|0|3579|919|1154|688|536
C007|1|0|1|4|3319|769|1154|688|536|24|6|8|5|4|3603|925|1162|693|540
C007|1|0|1|20|3319|769|1154|688|536|154|36|53|32|25|3733|955|1207|720|561
C007|1|0|1|60|3319|769|1154|688|536|506|117|176|105|82|4085|1036|1330|793|618
C007|1|0|1|100|3319|769|1154|688|536|911|211|317|189|147|4490|1130|1471|877|683
C007|1|0|12|0|3752|869|1304|778|606|0|0|0|0|0|4012|1019|1304|778|606
C007|1|0|12|4|3752|869|1304|778|606|27|6|9|6|4|4039|1025|1313|784|610
C007|1|0|12|20|3752|869|1304|778|606|174|40|60|36|28|4186|1059|1364|814|634
C007|1|0|12|60|3752|869|1304|778|606|572|132|199|119|92|4584|1151|1503|897|698
C007|1|0|12|100|3752|869|1304|778|606|1030|238|358|213|166|5042|1257|1662|991|772
C007|1|1|0|0|3346|775|1163|694|541|0|0|0|0|0|3606|925|1163|694|541
C007|1|1|0|4|3346|775|1163|694|541|24|6|8|5|4|3630|931|1171|699|545
C007|1|1|0|20|3346|775|1163|694|541|155|36|54|32|25|3761|961|1217|726|566
C007|1|1|0|60|3346|775|1163|694|541|510|118|177|106|82|4116|1043|1340|800|623
C007|1|1|0|100|3346|775|1163|694|541|918|213|319|190|148|4524|1138|1482|884|689
C007|1|1|1|0|3385|784|1176|702|547|0|0|0|0|0|3645|934|1176|702|547
C007|1|1|1|4|3385|784|1176|702|547|24|6|8|5|4|3669|940|1184|707|551
C007|1|1|1|20|3385|784|1176|702|547|157|36|55|33|25|3802|970|1231|735|572
C007|1|1|1|60|3385|784|1176|702|547|516|119|179|107|83|4161|1053|1355|809|630
C007|1|1|1|100|3385|784|1176|702|547|929|215|323|193|150|4574|1149|1499|895|697
C007|1|1|12|0|3818|885|1327|792|617|0|0|0|0|0|4078|1035|1327|792|617
C007|1|1|12|4|3818|885|1327|792|617|27|6|10|6|4|4105|1041|1337|798|621
C007|1|1|12|20|3818|885|1327|792|617|177|41|62|37|29|4255|1076|1389|829|646
C007|1|1|12|60|3818|885|1327|792|617|582|135|202|121|94|4660|1170|1529|913|711
C007|1|1|12|100|3818|885|1327|792|617|1048|243|364|217|169|5126|1278|1691|1009|786
C007|1|6|0|0|3674|851|1277|762|594|0|0|0|0|0|3934|1001|1277|762|594
C007|1|6|0|4|3674|851|1277|762|594|26|6|9|5|4|3960|1007|1286|767|598
C007|1|6|0|20|3674|851|1277|762|594|170|39|59|35|28|4104|1040|1336|797|622
C007|1|6|0|60|3674|851|1277|762|594|560|130|195|116|90|4494|1131|1472|878|684
C007|1|6|0|100|3674|851|1277|762|594|1008|234|350|209|163|4942|1235|1627|971|757
C007|1|6|1|0|3713|860|1290|770|600|0|0|0|0|0|3973|1010|1290|770|600
C007|1|6|1|4|3713|860|1290|770|600|27|6|9|6|4|4000|1016|1299|776|604
C007|1|6|1|20|3713|860|1290|770|600|172|40|60|36|28|4145|1050|1350|806|628
C007|1|6|1|60|3713|860|1290|770|600|566|131|196|117|91|4539|1141|1486|887|691
C007|1|6|1|100|3713|860|1290|770|600|1019|236|354|211|165|4992|1246|1644|981|765
C007|1|6|12|0|4146|961|1441|860|670|0|0|0|0|0|4406|1111|1441|860|670
C007|1|6|12|4|4146|961|1441|860|670|30|7|10|6|5|4436|1118|1451|866|675
C007|1|6|12|20|4146|961|1441|860|670|192|45|67|40|31|4598|1156|1508|900|701
C007|1|6|12|60|4146|961|1441|860|670|632|146|219|131|102|5038|1257|1660|991|772
C007|1|6|12|100|4146|961|1441|860|670|1138|264|395|236|184|5544|1375|1836|1096|854
C007|2|0|0|0|3395|787|1180|704|549|0|0|0|0|0|3655|937|1180|704|549
C007|2|0|0|4|3395|787|1180|704|549|24|6|8|5|4|3679|943|1188|709|553
C007|2|0|0|20|3395|787|1180|704|549|157|36|55|33|25|3812|973|1235|737|574
C007|2|0|0|60|3395|787|1180|704|549|517|120|180|107|84|4172|1057|1360|811|633
C007|2|0|0|100|3395|787|1180|704|549|932|216|324|193|151|4587|1153|1504|897|700
C007|2|0|1|0|3434|796|1194|712|555|0|0|0|0|0|3694|946|1194|712|555
C007|2|0|1|4|3434|796|1194|712|555|25|6|9|5|4|3719|952|1203|717|559
C007|2|0|1|20|3434|796|1194|712|555|159|37|55|33|26|3853|983|1249|745|581
C007|2|0|1|60|3434|796|1194|712|555|523|121|182|108|85|4217|1067|1376|820|640
C007|2|0|1|100|3434|796|1194|712|555|942|218|328|195|152|4636|1164|1522|907|707
C007|2|0|12|0|3867|896|1344|802|625|0|0|0|0|0|4127|1046|1344|802|625
C007|2|0|12|4|3867|896|1344|802|625|28|6|10|6|5|4155|1052|1354|808|630
C007|2|0|12|20|3867|896|1344|802|625|179|42|62|37|29|4306|1088|1406|839|654
C007|2|0|12|60|3867|896|1344|802|625|589|136|205|122|95|4716|1182|1549|924|720
C007|2|0|12|100|3867|896|1344|802|625|1061|246|369|220|171|5188|1292|1713|1022|796
C007|2|1|0|0|3460|802|1203|717|559|0|0|0|0|0|3720|952|1203|717|559
C007|2|1|0|4|3460|802|1203|717|559|25|6|9|5|4|3745|958|1212|722|563
C007|2|1|0|20|3460|802|1203|717|559|160|37|56|33|26|3880|989|1259|750|585
C007|2|1|0|60|3460|802|1203|717|559|527|122|183|109|85|4247|1074|1386|826|644
C007|2|1|0|100|3460|802|1203|717|559|949|220|330|197|153|4669|1172|1533|914|712
C007|2|1|1|0|3500|811|1216|726|566|0|0|0|0|0|3760|961|1216|726|566
C007|2|1|1|4|3500|811|1216|726|566|25|6|9|5|4|3785|967|1225|731|570
C007|2|1|1|20|3500|811|1216|726|566|162|38|56|34|26|3922|999|1272|760|592
C007|2|1|1|60|3500|811|1216|726|566|533|124|185|111|86|4293|1085|1401|837|652
C007|2|1|1|100|3500|811|1216|726|566|960|223|334|199|155|4720|1184|1550|925|721
C007|2|1|12|0|3933|911|1367|815|635|0|0|0|0|0|4193|1061|1367|815|635
C007|2|1|12|4|3933|911|1367|815|635|28|7|10|6|5|4221|1068|1377|821|640
C007|2|1|12|20|3933|911|1367|815|635|182|42|63|38|29|4375|1103|1430|853|664
C007|2|1|12|60|3933|911|1367|815|635|599|139|208|124|97|4792|1200|1575|939|732
C007|2|1|12|100|3933|911|1367|815|635|1079|250|375|224|174|5272|1311|1742|1039|809
C007|2|6|0|0|3788|878|1317|785|612|0|0|0|0|0|4048|1028|1317|785|612
C007|2|6|0|4|3788|878|1317|785|612|27|6|9|6|4|4075|1034|1326|791|616
C007|2|6|0|20|3788|878|1317|785|612|176|41|61|36|28|4224|1069|1378|821|640
C007|2|6|0|60|3788|878|1317|785|612|577|134|201|120|93|4625|1162|1518|905|705
C007|2|6|0|100|3788|878|1317|785|612|1039|241|361|215|168|5087|1269|1678|1000|780
C007|2|6|1|0|3828|887|1330|794|619|0|0|0|0|0|4088|1037|1330|794|619
C007|2|6|1|4|3828|887|1330|794|619|28|6|10|6|4|4116|1043|1340|800|623
C007|2|6|1|20|3828|887|1330|794|619|177|41|62|37|29|4265|1078|1392|831|648
C007|2|6|1|60|3828|887|1330|794|619|583|135|203|121|94|4671|1172|1533|915|713
C007|2|6|1|100|3828|887|1330|794|619|1050|243|365|218|170|5138|1280|1695|1012|789
C007|2|6|12|0|4261|987|1481|883|688|0|0|0|0|0|4521|1137|1481|883|688
C007|2|6|12|4|4261|987|1481|883|688|31|7|11|6|5|4552|1144|1492|889|693
C007|2|6|12|20|4261|987|1481|883|688|198|46|69|41|32|4719|1183|1550|924|720
C007|2|6|12|60|4261|987|1481|883|688|649|150|226|134|105|5170|1287|1707|1017|793
C007|2|6|12|100|4261|987|1481|883|688|1169|271|406|242|189|5690|1408|1887|1125|877
C007|20|0|0|0|5461|1265|1898|1132|882|0|0|0|0|0|5721|1415|1898|1132|882
C007|20|0|0|4|5461|1265|1898|1132|882|39|9|14|8|6|5760|1424|1912|1140|888
C007|20|0|0|20|5461|1265|1898|1132|882|253|59|88|52|41|5974|1474|1986|1184|923
C007|20|0|0|60|5461|1265|1898|1132|882|832|193|289|172|134|6553|1608|2187|1304|1016
C007|20|0|0|100|5461|1265|1898|1132|882|1498|347|521|311|242|7219|1762|2419|1443|1124
C007|20|0|1|0|5501|1275|1912|1140|889|0|0|0|0|0|5761|1425|1912|1140|889
C007|20|0|1|4|5501|1275|1912|1140|889|40|9|14|8|6|5801|1434|1926|1148|895
C007|20|0|1|20|5501|1275|1912|1140|889|255|59|89|53|41|6016|1484|2001|1193|930
C007|20|0|1|60|5501|1275|1912|1140|889|838|194|291|174|135|6599|1619|2203|1314|1024
C007|20|0|1|100|5501|1275|1912|1140|889|1509|350|525|313|244|7270|1775|2437|1453|1133
C007|20|0|12|0|5934|1375|2062|1230|959|0|0|0|0|0|6194|1525|2062|1230|959
C007|20|0|12|4|5934|1375|2062|1230|959|43|10|15|9|7|6237|1535|2077|1239|966
C007|20|0|12|20|5934|1375|2062|1230|959|275|64|96|57|44|6469|1589|2158|1287|1003
C007|20|0|12|60|5934|1375|2062|1230|959|904|209|314|187|146|7098|1734|2376|1417|1105
C007|20|0|12|100|5934|1375|2062|1230|959|1628|377|566|338|263|7822|1902|2628|1568|1222
C007|20|1|0|0|5527|1281|1921|1146|893|0|0|0|0|0|5787|1431|1921|1146|893
C007|20|1|0|4|5527|1281|1921|1146|893|40|9|14|8|6|5827|1440|1935|1154|899
C007|20|1|0|20|5527|1281|1921|1146|893|256|59|89|53|41|6043|1490|2010|1199|934
C007|20|1|0|60|5527|1281|1921|1146|893|842|195|293|175|136|6629|1626|2214|1321|1029
C007|20|1|0|100|5527|1281|1921|1146|893|1517|352|527|314|245|7304|1783|2448|1460|1138
C007|20|1|1|0|5566|1290|1935|1154|899|0|0|0|0|0|5826|1440|1935|1154|899
C007|20|1|1|4|5566|1290|1935|1154|899|40|9|14|8|6|5866|1449|1949|1162|905
C007|20|1|1|20|5566|1290|1935|1154|899|258|60|90|53|42|6084|1500|2025|1207|941
C007|20|1|1|60|5566|1290|1935|1154|899|848|196|295|176|137|6674|1636|2230|1330|1036
C007|20|1|1|100|5566|1290|1935|1154|899|1527|354|531|317|247|7353|1794|2466|1471|1146
C007|20|1|12|0|5999|1390|2085|1244|969|0|0|0|0|0|6259|1540|2085|1244|969
C007|20|1|12|4|5999|1390|2085|1244|969|43|10|15|9|7|6302|1550|2100|1253|976
C007|20|1|12|20|5999|1390|2085|1244|969|278|64|97|58|45|6537|1604|2182|1302|1014
C007|20|1|12|60|5999|1390|2085|1244|969|914|212|318|189|148|7173|1752|2403|1433|1117
C007|20|1|12|100|5999|1390|2085|1244|969|1646|381|572|341|266|7905|1921|2657|1585|1235
C007|20|6|0|0|5855|1357|2035|1214|946|0|0|0|0|0|6115|1507|2035|1214|946
C007|20|6|0|4|5855|1357|2035|1214|946|42|10|15|9|7|6157|1517|2050|1223|953
C007|20|6|0|20|5855|1357|2035|1214|946|271|63|94|56|44|6386|1570|2129|1270|990
C007|20|6|0|60|5855|1357|2035|1214|946|892|207|310|185|144|7007|1714|2345|1399|1090
C007|20|6|0|100|5855|1357|2035|1214|946|1607|372|558|333|260|7722|1879|2593|1547|1206
C007|20|6|1|0|5894|1366|2049|1222|952|0|0|0|0|0|6154|1516|2049|1222|952
C007|20|6|1|4|5894|1366|2049|1222|952|42|10|15|9|7|6196|1526|2064|1231|959
C007|20|6|1|20|5894|1366|2049|1222|952|273|63|95|57|44|6427|1579|2144|1279|996
C007|20|6|1|60|5894|1366|2049|1222|952|898|208|312|186|145|7052|1724|2361|1408|1097
C007|20|6|1|100|5894|1366|2049|1222|952|1617|375|562|335|261|7771|1891|2611|1557|1213
C007|20|6|12|0|6327|1466|2199|1312|1022|0|0|0|0|0|6587|1616|2199|1312|1022
C007|20|6|12|4|6327|1466|2199|1312|1022|46|11|16|9|7|6633|1627|2215|1321|1029
C007|20|6|12|20|6327|1466|2199|1312|1022|293|68|102|61|47|6880|1684|2301|1373|1069
C007|20|6|12|60|6327|1466|2199|1312|1022|964|223|335|200|156|7551|1839|2534|1512|1178
C007|20|6|12|100|6327|1466|2199|1312|1022|1736|402|603|360|280|8323|2018|2802|1672|1302
C007|59|0|0|0|9938|2303|3454|2060|1606|0|0|0|0|0|10198|2453|3454|2060|1606
C007|59|0|0|4|9938|2303|3454|2060|1606|72|17|25|15|12|10270|2470|3479|2075|1618
C007|59|0|0|20|9938|2303|3454|2060|1606|461|107|160|96|74|10659|2560|3614|2156|1680
C007|59|0|0|60|9938|2303|3454|2060|1606|1514|351|526|314|245|11712|2804|3980|2374|1851
C007|59|0|0|100|9938|2303|3454|2060|1606|2727|632|948|565|441|12925|3085|4402|2625|2047
C007|59|0|1|0|9978|2312|3468|2069|1612|0|0|0|0|0|10238|2462|3468|2069|1612
C007|59|0|1|4|9978|2312|3468|2069|1612|72|17|25|15|12|10310|2479|3493|2084|1624
C007|59|0|1|20|9978|2312|3468|2069|1612|463|107|161|96|75|10701|2569|3629|2165|1687
C007|59|0|1|60|9978|2312|3468|2069|1612|1520|352|528|315|246|11758|2814|3996|2384|1858
C007|59|0|1|100|9978|2312|3468|2069|1612|2738|634|952|568|442|12976|3096|4420|2637|2054
C007|59|0|12|0|10411|2412|3618|2158|1682|0|0|0|0|0|10671|2562|3618|2158|1682
C007|59|0|12|4|10411|2412|3618|2158|1682|75|17|26|16|12|10746|2579|3644|2174|1694
C007|59|0|12|20|10411|2412|3618|2158|1682|483|112|168|100|78|11154|2674|3786|2258|1760
C007|59|0|12|60|10411|2412|3618|2158|1682|1586|367|551|329|256|12257|2929|4169|2487|1938
C007|59|0|12|100|10411|2412|3618|2158|1682|2857|662|993|592|462|13528|3224|4611|2750|2144
C007|59|1|0|0|10004|2318|3477|2074|1616|0|0|0|0|0|10264|2468|3477|2074|1616
C007|59|1|0|4|10004|2318|3477|2074|1616|72|17|25|15|12|10336|2485|3502|2089|1628
C007|59|1|0|20|10004|2318|3477|2074|1616|464|107|161|96|75|10728|2575|3638|2170|1691
C007|59|1|0|60|10004|2318|3477|2074|1616|1524|353|530|316|246|11788|2821|4007|2390|1862
C007|59|1|0|100|10004|2318|3477|2074|1616|2745|636|954|569|443|13009|3104|4431|2643|2059
C007|59|1|1|0|10043|2327|3491|2082|1623|0|0|0|0|0|10303|2477|3491|2082|1623
C007|59|1|1|4|10043|2327|3491|2082|1623|72|17|25|15|12|10375|2494|3516|2097|1635
C007|59|1|1|20|10043|2327|3491|2082|1623|466|108|162|97|75|10769|2585|3653|2179|1698
C007|59|1|1|60|10043|2327|3491|2082|1623|1530|354|532|317|247|11833|2831|4023|2399|1870
C007|59|1|1|100|10043|2327|3491|2082|1623|2756|639|958|571|445|13059|3116|4449|2653|2068
C007|59|1|12|0|10476|2427|3641|2172|1693|0|0|0|0|0|10736|2577|3641|2172|1693
C007|59|1|12|4|10476|2427|3641|2172|1693|75|17|26|16|12|10811|2594|3667|2188|1705
C007|59|1|12|20|10476|2427|3641|2172|1693|486|113|169|101|78|11222|2690|3810|2273|1771
C007|59|1|12|60|10476|2427|3641|2172|1693|1596|370|555|331|258|12332|2947|4196|2503|1951
C007|59|1|12|100|10476|2427|3641|2172|1693|2875|666|999|596|465|13611|3243|4640|2768|2158
C007|59|6|0|0|10332|2394|3591|2142|1670|0|0|0|0|0|10592|2544|3591|2142|1670
C007|59|6|0|4|10332|2394|3591|2142|1670|74|17|26|15|12|10666|2561|3617|2157|1682
C007|59|6|0|20|10332|2394|3591|2142|1670|479|111|166|99|77|11071|2655|3757|2241|1747
C007|59|6|0|60|10332|2394|3591|2142|1670|1574|365|547|326|254|12166|2909|4138|2468|1924
C007|59|6|0|100|10332|2394|3591|2142|1670|2835|657|985|588|458|13427|3201|4576|2730|2128
C007|59|6|1|0|10371|2403|3605|2150|1676|0|0|0|0|0|10631|2553|3605|2150|1676
C007|59|6|1|4|10371|2403|3605|2150|1676|75|17|26|15|12|10706|2570|3631|2165|1688
C007|59|6|1|20|10371|2403|3605|2150|1676|481|111|167|100|78|11112|2664|3772|2250|1754
C007|59|6|1|60|10371|2403|3605|2150|1676|1580|366|549|327|255|12211|2919|4154|2477|1931
C007|59|6|1|100|10371|2403|3605|2150|1676|2846|659|989|590|460|13477|3212|4594|2740|2136
C007|59|6|12|0|10804|2503|3755|2240|1746|0|0|0|0|0|11064|2653|3755|2240|1746
C007|59|6|12|4|10804|2503|3755|2240|1746|78|18|27|16|13|11142|2671|3782|2256|1759
C007|59|6|12|20|10804|2503|3755|2240|1746|501|116|174|104|81|11565|2769|3929|2344|1827
C007|59|6|12|60|10804|2503|3755|2240|1746|1646|381|572|341|266|12710|3034|4327|2581|2012
C007|59|6|12|100|10804|2503|3755|2240|1746|2965|687|1030|615|479|14029|3340|4785|2855|2225
C007|60|0|0|0|10053|2329|3494|2084|1624|0|0|0|0|0|10313|2479|3494|2084|1624
C007|60|0|0|4|10053|2329|3494|2084|1624|72|17|25|15|12|10385|2496|3519|2099|1636
C007|60|0|0|20|10053|2329|3494|2084|1624|466|108|162|97|75|10779|2587|3656|2181|1699
C007|60|0|0|60|10053|2329|3494|2084|1624|1531|355|532|317|247|11844|2834|4026|2401|1871
C007|60|0|0|100|10053|2329|3494|2084|1624|2759|639|959|572|446|13072|3118|4453|2656|2070
C007|60|0|1|0|10093|2339|3508|2092|1631|0|0|0|0|0|10353|2489|3508|2092|1631
C007|60|0|1|4|10093|2339|3508|2092|1631|73|17|25|15|12|10426|2506|3533|2107|1643
C007|60|0|1|20|10093|2339|3508|2092|1631|468|108|163|97|76|10821|2597|3671|2189|1707
C007|60|0|1|60|10093|2339|3508|2092|1631|1537|356|534|319|248|11890|2845|4042|2411|1879
C007|60|0|1|100|10093|2339|3508|2092|1631|2770|642|963|574|448|13123|3131|4471|2666|2079
C007|60|0|12|0|10526|2439|3658|2182|1701|0|0|0|0|0|10786|2589|3658|2182|1701
C007|60|0|12|4|10526|2439|3658|2182|1701|76|18|26|16|12|10862|2607|3684|2198|1713
C007|60|0|12|20|10526|2439|3658|2182|1701|488|113|170|101|79|11274|2702|3828|2283|1780
C007|60|0|12|60|10526|2439|3658|2182|1701|1603|372|557|332|259|12389|2961|4215|2514|1960
C007|60|0|12|100|10526|2439|3658|2182|1701|2888|669|1004|599|467|13674|3258|4662|2781|2168
C007|60|1|0|0|10119|2345|3517|2098|1635|0|0|0|0|0|10379|2495|3517|2098|1635
C007|60|1|0|4|10119|2345|3517|2098|1635|73|17|25|15|12|10452|2512|3542|2113|1647
C007|60|1|0|20|10119|2345|3517|2098|1635|469|109|163|97|76|10848|2604|3680|2195|1711
C007|60|1|0|60|10119|2345|3517|2098|1635|1541|357|536|320|249|11920|2852|4053|2418|1884
C007|60|1|0|100|10119|2345|3517|2098|1635|2777|643|965|576|449|13156|3138|4482|2674|2084
C007|60|1|1|0|10158|2354|3531|2106|1641|0|0|0|0|0|10418|2504|3531|2106|1641
C007|60|1|1|4|10158|2354|3531|2106|1641|73|17|25|15|12|10491|2521|3556|2121|1653
C007|60|1|1|20|10158|2354|3531|2106|1641|471|109|164|98|76|10889|2613|3695|2204|1717
C007|60|1|1|60|10158|2354|3531|2106|1641|1547|359|538|321|250|11965|2863|4069|2427|1891
C007|60|1|1|100|10158|2354|3531|2106|1641|2787|646|969|578|450|13205|3150|4500|2684|2091
C007|60|1|12|0|10591|2454|3681|2196|1711|0|0|0|0|0|10851|2604|3681|2196|1711
C007|60|1|12|4|10591|2454|3681|2196|1711|76|18|27|16|12|10927|2622|3708|2212|1723
C007|60|1|12|20|10591|2454|3681|2196|1711|491|114|171|102|79|11342|2718|3852|2298|1790
C007|60|1|12|60|10591|2454|3681|2196|1711|1613|374|561|334|261|12464|2978|4242|2530|1972
C007|60|1|12|100|10591|2454|3681|2196|1711|2906|673|1010|603|469|13757|3277|4691|2799|2180
C007|60|6|0|0|10447|2421|3631|2166|1688|0|0|0|0|0|10707|2571|3631|2166|1688
C007|60|6|0|4|10447|2421|3631|2166|1688|75|17|26|16|12|10782|2588|3657|2182|1700
C007|60|6|0|20|10447|2421|3631|2166|1688|484|112|168|100|78|11191|2683|3799|2266|1766
C007|60|6|0|60|10447|2421|3631|2166|1688|1591|369|553|330|257|12298|2940|4184|2496|1945
C007|60|6|0|100|10447|2421|3631|2166|1688|2867|664|996|594|463|13574|3235|4627|2760|2151
C007|60|6|1|0|10486|2430|3645|2174|1694|0|0|0|0|0|10746|2580|3645|2174|1694
C007|60|6|1|4|10486|2430|3645|2174|1694|75|17|26|16|12|10821|2597|3671|2190|1706
C007|60|6|1|20|10486|2430|3645|2174|1694|486|113|169|101|79|11232|2693|3814|2275|1773
C007|60|6|1|60|10486|2430|3645|2174|1694|1597|370|555|331|258|12343|2950|4200|2505|1952
C007|60|6|1|100|10486|2430|3645|2174|1694|2877|667|1000|597|465|13623|3247|4645|2771|2159
C007|60|6|12|0|10919|2530|3795|2264|1764|0|0|0|0|0|11179|2680|3795|2264|1764
C007|60|6|12|4|10919|2530|3795|2264|1764|79|18|27|16|13|11258|2698|3822|2280|1777
C007|60|6|12|20|10919|2530|3795|2264|1764|506|117|176|105|82|11685|2797|3971|2369|1846
C007|60|6|12|60|10919|2530|3795|2264|1764|1663|385|578|345|269|12842|3065|4373|2609|2033
C007|60|6|12|100|10919|2530|3795|2264|1764|2996|694|1041|621|484|14175|3374|4836|2885|2248
C008|1|0|0|0|2720|830|830|1060|610|0|0|0|0|0|2980|980|830|1060|610
C008|1|0|0|4|2720|830|830|1060|610|20|6|6|8|4|3000|986|836|1068|614
C008|1|0|0|20|2720|830|830|1060|610|126|38|38|49|28|3106|1018|868|1109|638
C008|1|0|0|60|2720|830|830|1060|610|414|126|126|161|93|3394|1106|956|1221|703
C008|1|0|0|100|2720|830|830|1060|610|746|228|228|291|167|3726|1208|1058|1351|777
C008|1|0|1|0|2753|840|840|1073|617|0|0|0|0|0|3013|990|840|1073|617
C008|1|0|1|4|2753|840|840|1073|617|20|6|6|8|4|3033|996|846|1081|621
C008|1|0|1|20|2753|840|840|1073|617|128|39|39|50|29|3141|1029|879|1123|646
C008|1|0|1|60|2753|840|840|1073|617|419|128|128|163|94|3432|1118|968|1236|711
C008|1|0|1|100|2753|840|840|1073|617|755|230|230|294|169|3768|1220|1070|1367|786
C008|1|0|12|0|3112|950|950|1213|698|0|0|0|0|0|3372|1100|950|1213|698
C008|1|0|12|4|3112|950|950|1213|698|22|7|7|9|5|3394|1107|957|1222|703
C008|1|0|12|20|3112|950|950|1213|698|144|44|44|56|32|3516|1144|994|1269|730
C008|1|0|12|60|3112|950|950|1213|698|474|145|145|185|106|3846|1245|1095|1398|804
C008|1|0|12|100|3112|950|950|1213|698|854|261|261|333|192|4226|1361|1211|1546|890
C008|1|1|0|0|2774|847|847|1081|622|0|0|0|0|0|3034|997|847|1081|622
C008|1|1|0|4|2774|847|847|1081|622|20|6|6|8|4|3054|1003|853|1089|626
C008|1|1|0|20|2774|847|847|1081|622|129|39|39|50|29|3163|1036|886|1131|651
C008|1|1|0|60|2774|847|847|1081|622|423|129|129|165|95|3457|1126|976|1246|717
C008|1|1|0|100|2774|847|847|1081|622|761|232|232|297|171|3795|1229|1079|1378|793
C008|1|1|1|0|2807|857|857|1094|630|0|0|0|0|0|3067|1007|857|1094|630
C008|1|1|1|4|2807|857|857|1094|630|20|6|6|8|5|3087|1013|863|1102|635
C008|1|1|1|20|2807|857|857|1094|630|130|40|40|51|29|3197|1047|897|1145|659
C008|1|1|1|60|2807|857|857|1094|630|428|131|131|167|96|3495|1138|988|1261|726
C008|1|1|1|100|2807|857|857|1094|630|770|235|235|300|173|3837|1242|1092|1394|803
C008|1|1|12|0|3166|966|966|1234|710|0|0|0|0|0|3426|1116|966|1234|710
C008|1|1|12|4|3166|966|966|1234|710|23|7|7|9|5|3449|1123|973|1243|715
C008|1|1|12|20|3166|966|966|1234|710|147|45|45|57|33|3573|1161|1011|1291|743
C008|1|1|12|60|3166|966|966|1234|710|482|147|147|188|108|3908|1263|1113|1422|818
C008|1|1|12|100|3166|966|966|1234|710|869|265|265|339|195|4295|1381|1231|1573|905
C008|1|6|0|0|3046|930|930|1187|683|0|0|0|0|0|3306|1080|930|1187|683
C008|1|6|0|4|3046|930|930|1187|683|22|7|7|9|5|3328|1087|937|1196|688
C008|1|6|0|20|3046|930|930|1187|683|141|43|43|55|32|3447|1123|973|1242|715
C008|1|6|0|60|3046|930|930|1187|683|464|142|142|181|104|3770|1222|1072|1368|787
C008|1|6|0|100|3046|930|930|1187|683|836|255|255|326|187|4142|1335|1185|1513|870
C008|1|6|1|0|3079|940|940|1200|691|0|0|0|0|0|3339|1090|940|1200|691
C008|1|6|1|4|3079|940|940|1200|691|22|7|7|9|5|3361|1097|947|1209|696
C008|1|6|1|20|3079|940|940|1200|691|143|44|44|56|32|3482|1134|984|1256|723
C008|1|6|1|60|3079|940|940|1200|691|469|143|143|183|105|3808|1233|1083|1383|796
C008|1|6|1|100|3079|940|940|1200|691|845|258|258|329|190|4184|1348|1198|1529|881
C008|1|6|12|0|3438|1049|1049|1340|771|0|0|0|0|0|3698|1199|1049|1340|771
C008|1|6|12|4|3438|1049|1049|1340|771|25|8|8|10|6|3723|1207|1057|1350|777
C008|1|6|12|20|3438|1049|1049|1340|771|159|49|49|62|36|3857|1248|1098|1402|807
C008|1|6|12|60|3438|1049|1049|1340|771|524|160|160|204|117|4222|1359|1209|1544|888
C008|1|6|12|100|3438|1049|1049|1340|771|943|288|288|368|212|4641|1487|1337|1708|983
C008|2|0|0|0|2815|859|859|1097|631|0|0|0|0|0|3075|1009|859|1097|631
C008|2|0|0|4|2815|859|859|1097|631|20|6|6|8|5|3095|1015|865|1105|636
C008|2|0|0|20|2815|859|859|1097|631|131|40|40|51|29|3206|1049|899|1148|660
C008|2|0|0|60|2815|859|859|1097|631|429|131|131|167|96|3504|1140|990|1264|727
C008|2|0|0|100|2815|859|859|1097|631|772|236|236|301|173|3847|1245|1095|1398|804
C008|2|0|1|0|2848|869|869|1110|639|0|0|0|0|0|3108|1019|869|1110|639
C008|2|0|1|4|2848|869|869|1110|639|21|6|6|8|5|3129|1025|875|1118|644
C008|2|0|1|20|2848|869|869|1110|639|132|40|40|51|30|3240|1059|909|1161|669
C008|2|0|1|60|2848|869|869|1110|639|434|132|132|169|97|3542|1151|1001|1279|736
C008|2|0|1|100|2848|869|869|1110|639|781|238|238|305|175|3889|1257|1107|1415|814
C008|2|0|12|0|3207|979|979|1250|719|0|0|0|0|0|3467|1129|979|1250|719
C008|2|0|12|4|3207|979|979|1250|719|23|7|7|9|5|3490|1136|986|1259|724
C008|2|0|12|20|3207|979|979|1250|719|149|45|45|58|33|3616|1174|1024|1308|752
C008|2|0|12|60|3207|979|979|1250|719|488|149|149|190|110|3955|1278|1128|1440|829
C008|2|0|12|100|3207|979|979|1250|719|880|269|269|343|197|4347|1398|1248|1593|916
C008|2|1|0|0|2870|876|876|1118|644|0|0|0|0|0|3130|1026|876|1118|644
C008|2|1|0|4|2870|876|876|1118|644|21|6|6|8|5|3151|1032|882|1126|649
C008|2|1|0|20|2870|876|876|1118|644|133|41|41|52|30|3263|1067|917|1170|674
C008|2|1|0|60|2870|876|876|1118|644|437|133|133|170|98|3567|1159|1009|1288|742
C008|2|1|0|100|2870|876|876|1118|644|788|240|240|307|177|3918|1266|1116|1425|821
C008|2|1|1|0|2902|886|886|1131|651|0|0|0|0|0|3162|1036|886|1131|651
C008|2|1|1|4|2902|886|886|1131|651|21|6|6|8|5|3183|1042|892|1139|656
C008|2|1|1|20|2902|886|886|1131|651|135|41|41|52|30|3297|1077|927|1183|681
C008|2|1|1|60|2902|886|886|1131|651|442|135|135|172|99|3604|1171|1021|1303|750
C008|2|1|1|100|2902|886|886|1131|651|796|243|243|310|179|3958|1279|1129|1441|830
C008|2|1|12|0|3261|995|995|1271|731|0|0|0|0|0|3521|1145|995|1271|731
C008|2|1|12|4|3261|995|995|1271|731|23|7|7|9|5|3544|1152|1002|1280|736
C008|2|1|12|20|3261|995|995|1271|731|151|46|46|59|34|3672|1191|1041|1330|765
C008|2|1|12|60|3261|995|995|1271|731|497|152|152|194|111|4018|1297|1147|1465|842
C008|2|1|12|100|3261|995|995|1271|731|895|273|273|349|201|4416|1418|1268|1620|932
C008|2|6|0|0|3142|959|959|1224|705|0|0|0|0|0|3402|1109|959|1224|705
C008|2|6|0|4|3142|959|959|1224|705|23|7|7|9|5|3425|1116|966|1233|710
C008|2|6|0|20|3142|959|959|1224|705|146|44|44|57|33|3548|1153|1003|1281|738
C008|2|6|0|60|3142|959|959|1224|705|479|146|146|186|107|3881|1255|1105|1410|812
C008|2|6|0|100|3142|959|959|1224|705|862|263|263|336|193|4264|1372|1222|1560|898
C008|2|6|1|0|3174|969|969|1237|712|0|0|0|0|0|3434|1119|969|1237|712
C008|2|6|1|4|3174|969|969|1237|712|23|7|7|9|5|3457|1126|976|1246|717
C008|2|6|1|20|3174|969|969|1237|712|147|45|45|57|33|3581|1164|1014|1294|745
C008|2|6|1|60|3174|969|969|1237|712|483|148|148|188|108|3917|1267|1117|1425|820
C008|2|6|1|100|3174|969|969|1237|712|871|266|266|339|195|4305|1385|1235|1576|907
C008|2|6|12|0|3533|1078|1078|1377|792|0|0|0|0|0|3793|1228|1078|1377|792
C008|2|6|12|4|3533|1078|1078|1377|792|25|8|8|10|6|3818|1236|1086|1387|798
C008|2|6|12|20|3533|1078|1078|1377|792|164|50|50|64|37|3957|1278|1128|1441|829
C008|2|6|12|60|3533|1078|1078|1377|792|538|164|164|210|121|4331|1392|1242|1587|913
C008|2|6|12|100|3533|1078|1078|1377|792|969|296|296|378|217|4762|1524|1374|1755|1009
C008|20|0|0|0|4529|1382|1382|1765|1016|0|0|0|0|0|4789|1532|1382|1765|1016
C008|20|0|0|4|4529|1382|1382|1765|1016|33|10|10|13|7|4822|1542|1392|1778|1023
C008|20|0|0|20|4529|1382|1382|1765|1016|210|64|64|82|47|4999|1596|1446|1847|1063
C008|20|0|0|60|4529|1382|1382|1765|1016|690|211|211|269|155|5479|1743|1593|2034|1171
C008|20|0|0|100|4529|1382|1382|1765|1016|1243|379|379|484|279|6032|1911|1761|2249|1295
C008|20|0|1|0|4561|1392|1392|1778|1023|0|0|0|0|0|4821|1542|1392|1778|1023
C008|20|0|1|4|4561|1392|1392|1778|1023|33|10|10|13|7|4854|1552|1402|1791|1030
C008|20|0|1|20|4561|1392|1392|1778|1023|211|65|65|82|47|5032|1607|1457|1860|1070
C008|20|0|1|60|4561|1392|1392|1778|1023|695|212|212|271|156|5516|1754|1604|2049|1179
C008|20|0|1|100|4561|1392|1392|1778|1023|1252|382|382|488|281|6073|1924|1774|2266|1304
C008|20|0|12|0|4920|1501|1501|1918|1103|0|0|0|0|0|5180|1651|1501|1918|1103
C008|20|0|12|4|4920|1501|1501|1918|1103|35|11|11|14|8|5215|1662|1512|1932|1111
C008|20|0|12|20|4920|1501|1501|1918|1103|228|70|70|89|51|5408|1721|1571|2007|1154
C008|20|0|12|60|4920|1501|1501|1918|1103|749|229|229|292|168|5929|1880|1730|2210|1271
C008|20|0|12|100|4920|1501|1501|1918|1103|1350|412|412|526|303|6530|2063|1913|2444|1406
C008|20|1|0|0|4583|1399|1399|1786|1028|0|0|0|0|0|4843|1549|1399|1786|1028
C008|20|1|0|4|4583|1399|1399|1786|1028|33|10|10|13|7|4876|1559|1409|1799|1035
C008|20|1|0|20|4583|1399|1399|1786|1028|212|65|65|83|48|5055|1614|1464|1869|1076
C008|20|1|0|60|4583|1399|1399|1786|1028|698|213|213|272|157|5541|1762|1612|2058|1185
C008|20|1|0|100|4583|1399|1399|1786|1028|1258|384|384|490|282|6101|1933|1783|2276|1310
C008|20|1|1|0|4616|1409|1409|1799|1035|0|0|0|0|0|4876|1559|1409|1799|1035
C008|20|1|1|4|4616|1409|1409|1799|1035|33|10|10|13|7|4909|1569|1419|1812|1042
C008|20|1|1|20|4616|1409|1409|1799|1035|214|65|65|83|48|5090|1624|1474|1882|1083
C008|20|1|1|60|4616|1409|1409|1799|1035|703|215|215|274|158|5579|1774|1624|2073|1193
C008|20|1|1|100|4616|1409|1409|1799|1035|1267|387|387|494|284|6143|1946|1796|2293|1319
C008|20|1|12|0|4975|1518|1518|1939|1116|0|0|0|0|0|5235|1668|1518|1939|1116
C008|20|1|12|4|4975|1518|1518|1939|1116|36|11|11|14|8|5271|1679|1529|1953|1124
C008|20|1|12|20|4975|1518|1518|1939|1116|231|70|70|90|52|5466|1738|1588|2029|1168
C008|20|1|12|60|4975|1518|1518|1939|1116|758|231|231|295|170|5993|1899|1749|2234|1286
C008|20|1|12|100|4975|1518|1518|1939|1116|1365|417|417|532|306|6600|2085|1935|2471|1422
C008|20|6|0|0|4855|1482|1482|1892|1089|0|0|0|0|0|5115|1632|1482|1892|1089
C008|20|6|0|4|4855|1482|1482|1892|1089|35|11|11|14|8|5150|1643|1493|1906|1097
C008|20|6|0|20|4855|1482|1482|1892|1089|225|69|69|88|50|5340|1701|1551|1980|1139
C008|20|6|0|60|4855|1482|1482|1892|1089|740|226|226|288|166|5855|1858|1708|2180|1255
C008|20|6|0|100|4855|1482|1482|1892|1089|1332|407|407|519|299|6447|2039|1889|2411|1388
C008|20|6|1|0|4888|1492|1492|1905|1096|0|0|0|0|0|5148|1642|1492|1905|1096
C008|20|6|1|4|4888|1492|1492|1905|1096|35|11|11|14|8|5183|1653|1503|1919|1104
C008|20|6|1|20|4888|1492|1492|1905|1096|227|69|69|88|51|5375|1711|1561|1993|1147
C008|20|6|1|60|4888|1492|1492|1905|1096|745|227|227|290|167|5893|1869|1719|2195|1263
C008|20|6|1|100|4888|1492|1492|1905|1096|1341|409|409|523|301|6489|2051|1901|2428|1397
C008|20|6|12|0|5247|1601|1601|2045|1177|0|0|0|0|0|5507|1751|1601|2045|1177
C008|20|6|12|4|5247|1601|1601|2045|1177|38|12|12|15|8|5545|1763|1613|2060|1185
C008|20|6|12|20|5247|1601|1601|2045|1177|243|74|74|95|55|5750|1825|1675|2140|1232
C008|20|6|12|60|5247|1601|1601|2045|1177|799|244|244|311|179|6306|1995|1845|2356|1356
C008|20|6|12|100|5247|1601|1601|2045|1177|1440|439|439|561|323|6947|2190|2040|2606|1500
C008|59|0|0|0|8242|2515|2515|3212|1848|0|0|0|0|0|8502|2665|2515|3212|1848
C008|59|0|0|4|8242|2515|2515|3212|1848|59|18|18|23|13|8561|2683|2533|3235|1861
C008|59|0|0|20|8242|2515|2515|3212|1848|382|117|117|149|86|8884|2782|2632|3361|1934
C008|59|0|0|60|8242|2515|2515|3212|1848|1255|383|383|489|281|9757|3048|2898|3701|2129
C008|59|0|0|100|8242|2515|2515|3212|1848|2262|690|690|881|507|10764|3355|3205|4093|2355
C008|59|0|1|0|8274|2525|2525|3225|1856|0|0|0|0|0|8534|2675|2525|3225|1856
C008|59|0|1|4|8274|2525|2525|3225|1856|60|18|18|23|13|8594|2693|2543|3248|1869
C008|59|0|1|20|8274|2525|2525|3225|1856|384|117|117|150|86|8918|2792|2642|3375|1942
C008|59|0|1|60|8274|2525|2525|3225|1856|1260|385|385|491|283|9794|3060|2910|3716|2139
C008|59|0|1|100|8274|2525|2525|3225|1856|2270|693|693|885|509|10804|3368|3218|4110|2365
C008|59|0|12|0|8633|2634|2634|3364|1936|0|0|0|0|0|8893|2784|2634|3364|1936
C008|59|0|12|4|8633|2634|2634|3364|1936|62|19|19|24|14|8955|2803|2653|3388|1950
C008|59|0|12|20|8633|2634|2634|3364|1936|400|122|122|156|90|9293|2906|2756|3520|2026
C008|59|0|12|60|8633|2634|2634|3364|1936|1315|401|401|512|295|10208|3185|3035|3876|2231
C008|59|0|12|100|8633|2634|2634|3364|1936|2369|723|723|923|531|11262|3507|3357|4287|2467
C008|59|1|0|0|8296|2531|2531|3233|1860|0|0|0|0|0|8556|2681|2531|3233|1860
C008|59|1|0|4|8296|2531|2531|3233|1860|60|18|18|23|13|8616|2699|2549|3256|1873
C008|59|1|0|20|8296|2531|2531|3233|1860|385|117|117|150|86|8941|2798|2648|3383|1946
C008|59|1|0|60|8296|2531|2531|3233|1860|1264|386|386|492|283|9820|3067|2917|3725|2143
C008|59|1|0|100|8296|2531|2531|3233|1860|2276|695|695|887|510|10832|3376|3226|4120|2370
C008|59|1|1|0|8329|2541|2541|3246|1868|0|0|0|0|0|8589|2691|2541|3246|1868
C008|59|1|1|4|8329|2541|2541|3246|1868|60|18|18|23|13|8649|2709|2559|3269|1881
C008|59|1|1|20|8329|2541|2541|3246|1868|386|118|118|150|87|8975|2809|2659|3396|1955
C008|59|1|1|60|8329|2541|2541|3246|1868|1269|387|387|494|285|9858|3078|2928|3740|2153
C008|59|1|1|100|8329|2541|2541|3246|1868|2285|697|697|891|513|10874|3388|3238|4137|2381
C008|59|1|12|0|8688|2651|2651|3386|1948|0|0|0|0|0|8948|2801|2651|3386|1948
C008|59|1|12|4|8688|2651|2651|3386|1948|63|19|19|24|14|9011|2820|2670|3410|1962
C008|59|1|12|20|8688|2651|2651|3386|1948|403|123|123|157|90|9351|2924|2774|3543|2038
C008|59|1|12|60|8688|2651|2651|3386|1948|1323|404|404|516|297|10271|3205|3055|3902|2245
C008|59|1|12|100|8688|2651|2651|3386|1948|2384|727|727|929|535|11332|3528|3378|4315|2483
C008|59|6|0|0|8568|2615|2615|3339|1922|0|0|0|0|0|8828|2765|2615|3339|1922
C008|59|6|0|4|8568|2615|2615|3339|1922|62|19|19|24|14|8890|2784|2634|3363|1936
C008|59|6|0|20|8568|2615|2615|3339|1922|397|121|121|155|89|9225|2886|2736|3494|2011
C008|59|6|0|60|8568|2615|2615|3339|1922|1305|398|398|509|293|10133|3163|3013|3848|2215
C008|59|6|0|100|8568|2615|2615|3339|1922|2351|718|718|916|527|11179|3483|3333|4255|2449
C008|59|6|1|0|8601|2624|2624|3352|1929|0|0|0|0|0|8861|2774|2624|3352|1929
C008|59|6|1|4|8601|2624|2624|3352|1929|62|19|19|24|14|8923|2793|2643|3376|1943
C008|59|6|1|20|8601|2624|2624|3352|1929|399|122|122|155|89|9260|2896|2746|3507|2018
C008|59|6|1|60|8601|2624|2624|3352|1929|1310|400|400|511|294|10171|3174|3024|3863|2223
C008|59|6|1|100|8601|2624|2624|3352|1929|2360|720|720|920|529|11221|3494|3344|4272|2458
C008|59|6|12|0|8960|2734|2734|3492|2009|0|0|0|0|0|9220|2884|2734|3492|2009
C008|59|6|12|4|8960|2734|2734|3492|2009|65|20|20|25|14|9285|2904|2754|3517|2023
C008|59|6|12|20|8960|2734|2734|3492|2009|415|127|127|162|93|9635|3011|2861|3654|2102
C008|59|6|12|60|8960|2734|2734|3492|2009|1365|416|416|532|306|10585|3300|3150|4024|2315
C008|59|6|12|100|8960|2734|2734|3492|2009|2459|750|750|958|551|11679|3634|3484|4450|2560
C008|60|0|0|0|8337|2544|2544|3249|1870|0|0|0|0|0|8597|2694|2544|3249|1870
C008|60|0|0|4|8337|2544|2544|3249|1870|60|18|18|23|13|8657|2712|2562|3272|1883
C008|60|0|0|20|8337|2544|2544|3249|1870|387|118|118|151|87|8984|2812|2662|3400|1957
C008|60|0|0|60|8337|2544|2544|3249|1870|1270|388|388|495|285|9867|3082|2932|3744|2155
C008|60|0|0|100|8337|2544|2544|3249|1870|2288|698|698|892|513|10885|3392|3242|4141|2383
C008|60|0|1|0|8369|2554|2554|3262|1877|0|0|0|0|0|8629|2704|2554|3262|1877
C008|60|0|1|4|8369|2554|2554|3262|1877|60|18|18|23|14|8689|2722|2572|3285|1891
C008|60|0|1|20|8369|2554|2554|3262|1877|388|118|118|151|87|9017|2822|2672|3413|1964
C008|60|0|1|60|8369|2554|2554|3262|1877|1275|389|389|497|286|9904|3093|2943|3759|2163
C008|60|0|1|100|8369|2554|2554|3262|1877|2296|701|701|895|515|10925|3405|3255|4157|2392
C008|60|0|12|0|8728|2663|2663|3402|1957|0|0|0|0|0|8988|2813|2663|3402|1957
C008|60|0|12|4|8728|2663|2663|3402|1957|63|19|19|24|14|9051|2832|2682|3426|1971
C008|60|0|12|20|8728|2663|2663|3402|1957|405|123|123|158|91|9393|2936|2786|3560|2048
C008|60|0|12|60|8728|2663|2663|3402|1957|1329|406|406|518|298|10317|3219|3069|3920|2255
C008|60|0|12|100|8728|2663|2663|3402|1957|2395|731|731|934|537|11383|3544|3394|4336|2494
C008|60|1|0|0|8391|2561|2561|3270|1882|0|0|0|0|0|8651|2711|2561|3270|1882
C008|60|1|0|4|8391|2561|2561|3270|1882|60|18|18|24|14|8711|2729|2579|3294|1896
C008|60|1|0|20|8391|2561|2561|3270|1882|389|119|119|152|87|9040|2830|2680|3422|1969
C008|60|1|0|60|8391|2561|2561|3270|1882|1278|390|390|498|287|9929|3101|2951|3768|2169
C008|60|1|0|100|8391|2561|2561|3270|1882|2302|703|703|897|516|10953|3414|3264|4167|2398
C008|60|1|1|0|8424|2571|2571|3283|1889|0|0|0|0|0|8684|2721|2571|3283|1889
C008|60|1|1|4|8424|2571|2571|3283|1889|61|19|19|24|14|8745|2740|2590|3307|1903
C008|60|1|1|20|8424|2571|2571|3283|1889|391|119|119|152|88|9075|2840|2690|3435|1977
C008|60|1|1|60|8424|2571|2571|3283|1889|1283|392|392|500|288|9967|3113|2963|3783|2177
C008|60|1|1|100|8424|2571|2571|3283|1889|2312|705|705|901|518|10996|3426|3276|4184|2407
C008|60|1|12|0|8783|2680|2680|3423|1970|0|0|0|0|0|9043|2830|2680|3423|1970
C008|60|1|12|4|8783|2680|2680|3423|1970|63|19|19|25|14|9106|2849|2699|3448|1984
C008|60|1|12|20|8783|2680|2680|3423|1970|407|124|124|159|91|9450|2954|2804|3582|2061
C008|60|1|12|60|8783|2680|2680|3423|1970|1338|408|408|521|300|10381|3238|3088|3944|2270
C008|60|1|12|100|8783|2680|2680|3423|1970|2410|735|735|939|541|11453|3565|3415|4362|2511
C008|60|6|0|0|8663|2644|2644|3376|1943|0|0|0|0|0|8923|2794|2644|3376|1943
C008|60|6|0|4|8663|2644|2644|3376|1943|62|19|19|24|14|8985|2813|2663|3400|1957
C008|60|6|0|20|8663|2644|2644|3376|1943|402|123|123|157|90|9325|2917|2767|3533|2033
C008|60|6|0|60|8663|2644|2644|3376|1943|1320|403|403|514|296|10243|3197|3047|3890|2239
C008|60|6|0|100|8663|2644|2644|3376|1943|2377|726|726|926|533|11300|3520|3370|4302|2476
C008|60|6|1|0|8696|2654|2654|3389|1950|0|0|0|0|0|8956|2804|2654|3389|1950
C008|60|6|1|4|8696|2654|2654|3389|1950|63|19|19|24|14|9019|2823|2673|3413|1964
C008|60|6|1|20|8696|2654|2654|3389|1950|403|123|123|157|90|9359|2927|2777|3546|2040
C008|60|6|1|60|8696|2654|2654|3389|1950|1325|404|404|516|297|10281|3208|3058|3905|2247
C008|60|6|1|100|8696|2654|2654|3389|1950|2386|728|728|930|535|11342|3532|3382|4319|2485
C008|60|6|12|0|9055|2763|2763|3529|2031|0|0|0|0|0|9315|2913|2763|3529|2031
C008|60|6|12|4|9055|2763|2763|3529|2031|65|20|20|25|15|9380|2933|2783|3554|2046
C008|60|6|12|20|9055|2763|2763|3529|2031|420|128|128|164|94|9735|3041|2891|3693|2125
C008|60|6|12|60|9055|2763|2763|3529|2031|1379|421|421|538|309|10694|3334|3184|4067|2340
C008|60|6|12|100|9055|2763|2763|3529|2031|2485|758|758|968|557|11800|3671|3521|4497|2588
C009|1|0|0|0|2880|920|790|820|670|0|0|0|0|0|3140|1070|790|820|670
C009|1|0|0|4|2880|920|790|820|670|21|7|6|6|5|3161|1077|796|826|675
C009|1|0|0|20|2880|920|790|820|670|134|43|37|38|31|3274|1113|827|858|701
C009|1|0|0|60|2880|920|790|820|670|439|140|120|125|102|3579|1210|910|945|772
C009|1|0|0|100|2880|920|790|820|670|790|252|217|225|184|3930|1322|1007|1045|854
C009|1|0|1|0|2915|931|799|830|678|0|0|0|0|0|3175|1081|799|830|678
C009|1|0|1|4|2915|931|799|830|678|21|7|6|6|5|3196|1088|805|836|683
C009|1|0|1|20|2915|931|799|830|678|135|43|37|38|31|3310|1124|836|868|709
C009|1|0|1|60|2915|931|799|830|678|444|142|122|126|103|3619|1223|921|956|781
C009|1|0|1|100|2915|931|799|830|678|800|255|219|228|186|3975|1336|1018|1058|864
C009|1|0|12|0|3295|1052|904|938|766|0|0|0|0|0|3555|1202|904|938|766
C009|1|0|12|4|3295|1052|904|938|766|24|8|7|7|6|3579|1210|911|945|772
C009|1|0|12|20|3295|1052|904|938|766|153|49|42|43|36|3708|1251|946|981|802
C009|1|0|12|60|3295|1052|904|938|766|502|160|138|143|117|4057|1362|1042|1081|883
C009|1|0|12|100|3295|1052|904|938|766|904|289|248|257|210|4459|1491|1152|1195|976
C009|1|1|0|0|2938|938|806|836|683|0|0|0|0|0|3198|1088|806|836|683
C009|1|1|0|4|2938|938|806|836|683|21|7|6|6|5|3219|1095|812|842|688
C009|1|1|0|20|2938|938|806|836|683|136|43|37|39|32|3334|1131|843|875|715
C009|1|1|0|60|2938|938|806|836|683|448|143|123|127|104|3646|1231|929|963|787
C009|1|1|0|100|2938|938|806|836|683|806|257|221|229|187|4004|1345|1027|1065|870
C009|1|1|1|0|2972|949|815|846|691|0|0|0|0|0|3232|1099|815|846|691
C009|1|1|1|4|2972|949|815|846|691|21|7|6|6|5|3253|1106|821|852|696
C009|1|1|1|20|2972|949|815|846|691|138|44|38|39|32|3370|1143|853|885|723
C009|1|1|1|60|2972|949|815|846|691|453|145|124|129|105|3685|1244|939|975|796
C009|1|1|1|100|2972|949|815|846|691|816|260|224|232|190|4048|1359|1039|1078|881
C009|1|1|12|0|3352|1071|920|954|780|0|0|0|0|0|3612|1221|920|954|780
C009|1|1|12|4|3352|1071|920|954|780|24|8|7|7|6|3636|1229|927|961|786
C009|1|1|12|20|3352|1071|920|954|780|155|50|43|44|36|3767|1271|963|998|816
C009|1|1|12|60|3352|1071|920|954|780|511|163|140|145|119|4123|1384|1060|1099|899
C009|1|1|12|100|3352|1071|920|954|780|920|294|252|262|214|4532|1515|1172|1216|994
C009|1|6|0|0|3226|1030|885|918|750|0|0|0|0|0|3486|1180|885|918|750
C009|1|6|0|4|3226|1030|885|918|750|23|7|6|7|5|3509|1187|891|925|755
C009|1|6|0|20|3226|1030|885|918|750|150|48|41|43|35|3636|1228|926|961|785
C009|1|6|0|60|3226|1030|885|918|750|491|157|135|140|114|3977|1337|1020|1058|864
C009|1|6|0|100|3226|1030|885|918|750|885|283|243|252|206|4371|1463|1128|1170|956
C009|1|6|1|0|3260|1041|894|928|758|0|0|0|0|0|3520|1191|894|928|758
C009|1|6|1|4|3260|1041|894|928|758|23|7|6|7|5|3543|1198|900|935|763
C009|1|6|1|20|3260|1041|894|928|758|151|48|41|43|35|3671|1239|935|971|793
C009|1|6|1|60|3260|1041|894|928|758|497|159|136|141|115|4017|1350|1030|1069|873
C009|1|6|1|100|3260|1041|894|928|758|895|286|245|255|208|4415|1477|1139|1183|966
C009|1|6|12|0|3640|1163|999|1036|847|0|0|0|0|0|3900|1313|999|1036|847
C009|1|6|12|4|3640|1163|999|1036|847|26|8|7|7|6|3926|1321|1006|1043|853
C009|1|6|12|20|3640|1163|999|1036|847|169|54|46|48|39|4069|1367|1045|1084|886
C009|1|6|12|60|3640|1163|999|1036|847|554|177|152|158|129|4454|1490|1151|1194|976
C009|1|6|12|100|3640|1163|999|1036|847|999|319|274|284|232|4899|1632|1273|1320|1079
C009|2|0|0|0|2981|952|818|849|693|0|0|0|0|0|3241|1102|818|849|693
C009|2|0|0|4|2981|952|818|849|693|21|7|6|6|5|3262|1109|824|855|698
C009|2|0|0|20|2981|952|818|849|693|138|44|38|39|32|3379|1146|856|888|725
C009|2|0|0|60|2981|952|818|849|693|454|145|125|129|106|3695|1247|943|978|799
C009|2|0|0|100|2981|952|818|849|693|818|261|224|233|190|4059|1363|1042|1082|883
C009|2|0|1|0|3015|963|827|859|701|0|0|0|0|0|3275|1113|827|859|701
C009|2|0|1|4|3015|963|827|859|701|22|7|6|6|5|3297|1120|833|865|706
C009|2|0|1|20|3015|963|827|859|701|140|45|38|40|32|3415|1158|865|899|733
C009|2|0|1|60|3015|963|827|859|701|459|147|126|131|107|3734|1260|953|990|808
C009|2|0|1|100|3015|963|827|859|701|827|264|227|236|192|4102|1377|1054|1095|893
C009|2|0|12|0|3396|1085|931|967|790|0|0|0|0|0|3656|1235|931|967|790
C009|2|0|12|4|3396|1085|931|967|790|24|8|7|7|6|3680|1243|938|974|796
C009|2|0|12|20|3396|1085|931|967|790|157|50|43|45|37|3813|1285|974|1012|827
C009|2|0|12|60|3396|1085|931|967|790|517|165|142|147|120|4173|1400|1073|1114|910
C009|2|0|12|100|3396|1085|931|967|790|932|298|255|265|217|4588|1533|1186|1232|1007
C009|2|1|0|0|3038|971|833|865|707|0|0|0|0|0|3298|1121|833|865|707
C009|2|1|0|4|3038|971|833|865|707|22|7|6|6|5|3320|1128|839|871|712
C009|2|1|0|20|3038|971|833|865|707|141|45|39|40|33|3439|1166|872|905|740
C009|2|1|0|60|3038|971|833|865|707|463|148|127|132|108|3761|1269|960|997|815
C009|2|1|0|100|3038|971|833|865|707|834|266|229|237|194|4132|1387|1062|1102|901
C009|2|1|1|0|3073|982|843|875|715|0|0|0|0|0|3333|1132|843|875|715
C009|2|1|1|4|3073|982|843|875|715|22|7|6|6|5|3355|1139|849|881|720
C009|2|1|1|20|3073|982|843|875|715|142|46|39|41|33|3475|1178|882|916|748
C009|2|1|1|60|3073|982|843|875|715|468|150|128|133|109|3801|1282|971|1008|824
C009|2|1|1|100|3073|982|843|875|715|843|269|231|240|196|4176|1401|1074|1115|911
C009|2|1|12|0|3453|1103|947|983|803|0|0|0|0|0|3713|1253|947|983|803
C009|2|1|12|4|3453|1103|947|983|803|25|8|7|7|6|3738|1261|954|990|809
C009|2|1|12|20|3453|1103|947|983|803|160|51|44|46|37|3873|1304|991|1029|840
C009|2|1|12|60|3453|1103|947|983|803|526|168|144|150|122|4239|1421|1091|1133|925
C009|2|1|12|100|3453|1103|947|983|803|948|303|260|270|220|4661|1556|1207|1253|1023
C009|2|6|0|0|3326|1063|912|947|774|0|0|0|0|0|3586|1213|912|947|774
C009|2|6|0|4|3326|1063|912|947|774|24|8|7|7|6|3610|1221|919|954|780
C009|2|6|0|20|3326|1063|912|947|774|154|49|42|44|36|3740|1262|954|991|810
C009|2|6|0|60|3326|1063|912|947|774|507|162|139|144|118|4093|1375|1051|1091|892
C009|2|6|0|100|3326|1063|912|947|774|913|292|250|260|212|4499|1505|1162|1207|986
C009|2|6|1|0|3361|1074|922|957|782|0|0|0|0|0|3621|1224|922|957|782
C009|2|6|1|4|3361|1074|922|957|782|24|8|7|7|6|3645|1232|929|964|788
C009|2|6|1|20|3361|1074|922|957|782|156|50|43|44|36|3777|1274|965|1001|818
C009|2|6|1|60|3361|1074|922|957|782|512|164|140|146|119|4133|1388|1062|1103|901
C009|2|6|1|100|3361|1074|922|957|782|922|295|253|263|215|4543|1519|1175|1220|997
C009|2|6|12|0|3741|1195|1026|1065|870|0|0|0|0|0|4001|1345|1026|1065|870
C009|2|6|12|4|3741|1195|1026|1065|870|27|9|7|8|6|4028|1354|1033|1073|876
C009|2|6|12|20|3741|1195|1026|1065|870|173|55|48|49|40|4174|1400|1074|1114|910
C009|2|6|12|60|3741|1195|1026|1065|870|570|182|156|162|133|4571|1527|1182|1227|1003
C009|2|6|12|100|3741|1195|1026|1065|870|1027|328|282|292|239|5028|1673|1308|1357|1109
C009|20|0|0|0|4795|1532|1315|1365|1116|0|0|0|0|0|5055|1682|1315|1365|1116
C009|20|0|0|4|4795|1532|1315|1365|1116|35|11|9|10|8|5090|1693|1324|1375|1124
C009|20|0|0|20|4795|1532|1315|1365|1116|222|71|61|63|52|5277|1753|1376|1428|1168
C009|20|0|0|60|4795|1532|1315|1365|1116|730|233|200|208|170|5785|1915|1515|1573|1286
C009|20|0|0|100|4795|1532|1315|1365|1116|1316|420|361|375|306|6371|2102|1676|1740|1422
C009|20|0|1|0|4830|1543|1325|1375|1124|0|0|0|0|0|5090|1693|1325|1375|1124
C009|20|0|1|4|4830|1543|1325|1375|1124|35|11|10|10|8|5125|1704|1335|1385|1132
C009|20|0|1|20|4830|1543|1325|1375|1124|224|72|61|64|52|5314|1765|1386|1439|1176
C009|20|0|1|60|4830|1543|1325|1375|1124|736|235|202|209|171|5826|1928|1527|1584|1295
C009|20|0|1|100|4830|1543|1325|1375|1124|1325|423|364|377|308|6415|2116|1689|1752|1432
C009|20|0|12|0|5210|1664|1429|1483|1212|0|0|0|0|0|5470|1814|1429|1483|1212
C009|20|0|12|4|5210|1664|1429|1483|1212|38|12|10|11|9|5508|1826|1439|1494|1221
C009|20|0|12|20|5210|1664|1429|1483|1212|242|77|66|69|56|5712|1891|1495|1552|1268
C009|20|0|12|60|5210|1664|1429|1483|1212|794|253|218|226|185|6264|2067|1647|1709|1397
C009|20|0|12|100|5210|1664|1429|1483|1212|1430|457|392|407|333|6900|2271|1821|1890|1545
C009|20|1|0|0|4853|1550|1331|1382|1129|0|0|0|0|0|5113|1700|1331|1382|1129
C009|20|1|0|4|4853|1550|1331|1382|1129|35|11|10|10|8|5148|1711|1341|1392|1137
C009|20|1|0|20|4853|1550|1331|1382|1129|225|72|62|64|52|5338|1772|1393|1446|1181
C009|20|1|0|60|4853|1550|1331|1382|1129|739|236|203|211|172|5852|1936|1534|1593|1301
C009|20|1|0|100|4853|1550|1331|1382|1129|1332|425|365|379|310|6445|2125|1696|1761|1439
C009|20|1|1|0|4887|1561|1341|1392|1137|0|0|0|0|0|5147|1711|1341|1392|1137
C009|20|1|1|4|4887|1561|1341|1392|1137|35|11|10|10|8|5182|1722|1351|1402|1145
C009|20|1|1|20|4887|1561|1341|1392|1137|227|72|62|65|53|5374|1783|1403|1457|1190
C009|20|1|1|60|4887|1561|1341|1392|1137|744|238|204|212|173|5891|1949|1545|1604|1310
C009|20|1|1|100|4887|1561|1341|1392|1137|1341|428|368|382|312|6488|2139|1709|1774|1449
C009|20|1|12|0|5268|1683|1445|1500|1225|0|0|0|0|0|5528|1833|1445|1500|1225
C009|20|1|12|4|5268|1683|1445|1500|1225|38|12|10|11|9|5566|1845|1455|1511|1234
C009|20|1|12|20|5268|1683|1445|1500|1225|244|78|67|70|57|5772|1911|1512|1570|1282
C009|20|1|12|60|5268|1683|1445|1500|1225|802|256|220|228|187|6330|2089|1665|1728|1412
C009|20|1|12|100|5268|1683|1445|1500|1225|1446|462|397|412|336|6974|2295|1842|1912|1561
C009|20|6|0|0|5141|1642|1410|1464|1196|0|0|0|0|0|5401|1792|1410|1464|1196
C009|20|6|0|4|5141|1642|1410|1464|1196|37|12|10|11|9|5438|1804|1420|1475|1205
C009|20|6|0|20|5141|1642|1410|1464|1196|238|76|65|68|55|5639|1868|1475|1532|1251
C009|20|6|0|60|5141|1642|1410|1464|1196|783|250|215|223|182|6184|2042|1625|1687|1378
C009|20|6|0|100|5141|1642|1410|1464|1196|1411|451|387|402|328|6812|2243|1797|1866|1524
C009|20|6|1|0|5175|1653|1420|1474|1204|0|0|0|0|0|5435|1803|1420|1474|1204
C009|20|6|1|4|5175|1653|1420|1474|1204|37|12|10|11|9|5472|1815|1430|1485|1213
C009|20|6|1|20|5175|1653|1420|1474|1204|240|77|66|68|56|5675|1880|1486|1542|1260
C009|20|6|1|60|5175|1653|1420|1474|1204|788|252|216|225|183|6223|2055|1636|1699|1387
C009|20|6|1|100|5175|1653|1420|1474|1204|1420|454|390|404|330|6855|2257|1810|1878|1534
C009|20|6|12|0|5556|1775|1524|1582|1292|0|0|0|0|0|5816|1925|1524|1582|1292
C009|20|6|12|4|5556|1775|1524|1582|1292|40|13|11|11|9|5856|1938|1535|1593|1301
C009|20|6|12|20|5556|1775|1524|1582|1292|258|82|71|73|60|6074|2007|1595|1655|1352
C009|20|6|12|60|5556|1775|1524|1582|1292|846|270|232|241|197|6662|2195|1756|1823|1489
C009|20|6|12|100|5556|1775|1524|1582|1292|1525|487|418|434|355|7341|2412|1942|2016|1647
C009|59|0|0|0|8726|2788|2394|2485|2030|0|0|0|0|0|8986|2938|2394|2485|2030
C009|59|0|0|4|8726|2788|2394|2485|2030|63|20|17|18|15|9049|2958|2411|2503|2045
C009|59|0|0|20|8726|2788|2394|2485|2030|405|129|111|115|94|9391|3067|2505|2600|2124
C009|59|0|0|60|8726|2788|2394|2485|2030|1329|425|365|379|309|10315|3363|2759|2864|2339
C009|59|0|0|100|8726|2788|2394|2485|2030|2394|765|657|682|557|11380|3703|3051|3167|2587
C009|59|0|1|0|8761|2799|2403|2494|2038|0|0|0|0|0|9021|2949|2403|2494|2038
C009|59|0|1|4|8761|2799|2403|2494|2038|63|20|17|18|15|9084|2969|2420|2512|2053
C009|59|0|1|20|8761|2799|2403|2494|2038|406|130|111|116|94|9427|3079|2514|2610|2132
C009|59|0|1|60|8761|2799|2403|2494|2038|1334|426|366|380|310|10355|3375|2769|2874|2348
C009|59|0|1|100|8761|2799|2403|2494|2038|2404|768|659|684|559|11425|3717|3062|3178|2597
C009|59|0|12|0|9141|2920|2507|2603|2127|0|0|0|0|0|9401|3070|2507|2603|2127
C009|59|0|12|4|9141|2920|2507|2603|2127|66|21|18|19|15|9467|3091|2525|2622|2142
C009|59|0|12|20|9141|2920|2507|2603|2127|424|135|116|121|99|9825|3205|2623|2724|2226
C009|59|0|12|60|9141|2920|2507|2603|2127|1392|445|382|396|324|10793|3515|2889|2999|2451
C009|59|0|12|100|9141|2920|2507|2603|2127|2508|801|688|714|584|11909|3871|3195|3317|2711
C009|59|1|0|0|8784|2806|2409|2501|2043|0|0|0|0|0|9044|2956|2409|2501|2043
C009|59|1|0|4|8784|2806|2409|2501|2043|63|20|17|18|15|9107|2976|2426|2519|2058
C009|59|1|0|20|8784|2806|2409|2501|2043|407|130|112|116|95|9451|3086|2521|2617|2138
C009|59|1|0|60|8784|2806|2409|2501|2043|1338|427|367|381|311|10382|3383|2776|2882|2354
C009|59|1|0|100|8784|2806|2409|2501|2043|2410|770|661|686|561|11454|3726|3070|3187|2604
C009|59|1|1|0|8819|2817|2419|2511|2052|0|0|0|0|0|9079|2967|2419|2511|2052
C009|59|1|1|4|8819|2817|2419|2511|2052|63|20|17|18|15|9142|2987|2436|2529|2067
C009|59|1|1|20|8819|2817|2419|2511|2052|409|131|112|116|95|9488|3098|2531|2627|2147
C009|59|1|1|60|8819|2817|2419|2511|2052|1343|429|368|382|313|10422|3396|2787|2893|2365
C009|59|1|1|100|8819|2817|2419|2511|2052|2420|773|664|689|563|11499|3740|3083|3200|2615
C009|59|1|12|0|9199|2938|2523|2619|2140|0|0|0|0|0|9459|3088|2523|2619|2140
C009|59|1|12|4|9199|2938|2523|2619|2140|66|21|18|19|15|9525|3109|2541|2638|2155
C009|59|1|12|20|9199|2938|2523|2619|2140|426|136|117|121|99|9885|3224|2640|2740|2239
C009|59|1|12|60|9199|2938|2523|2619|2140|1401|448|384|399|326|10860|3536|2907|3018|2466
C009|59|1|12|100|9199|2938|2523|2619|2140|2524|806|692|719|587|11983|3894|3215|3338|2727
C009|59|6|0|0|9072|2898|2489|2583|2111|0|0|0|0|0|9332|3048|2489|2583|2111
C009|59|6|0|4|9072|2898|2489|2583|2111|65|21|18|19|15|9397|3069|2507|2602|2126
C009|59|6|0|20|9072|2898|2489|2583|2111|421|134|115|120|98|9753|3182|2604|2703|2209
C009|59|6|0|60|9072|2898|2489|2583|2111|1382|441|379|393|322|10714|3489|2868|2976|2433
C009|59|6|0|100|9072|2898|2489|2583|2111|2489|795|683|709|579|11821|3843|3172|3292|2690
C009|59|6|1|0|9107|2909|2498|2593|2119|0|0|0|0|0|9367|3059|2498|2593|2119
C009|59|6|1|4|9107|2909|2498|2593|2119|66|21|18|19|15|9433|3080|2516|2612|2134
C009|59|6|1|20|9107|2909|2498|2593|2119|422|135|116|120|98|9789|3194|2614|2713|2217
C009|59|6|1|60|9107|2909|2498|2593|2119|1387|443|380|395|323|10754|3502|2878|2988|2442
C009|59|6|1|100|9107|2909|2498|2593|2119|2499|798|685|712|581|11866|3857|3183|3305|2700
C009|59|6|12|0|9487|3030|2602|2701|2207|0|0|0|0|0|9747|3180|2602|2701|2207
C009|59|6|12|4|9487|3030|2602|2701|2207|68|22|19|19|16|9815|3202|2621|2720|2223
C009|59|6|12|20|9487|3030|2602|2701|2207|440|140|121|125|102|10187|3320|2723|2826|2309
C009|59|6|12|60|9487|3030|2602|2701|2207|1445|462|396|411|336|11192|3642|2998|3112|2543
C009|59|6|12|100|9487|3030|2602|2701|2207|2603|831|714|741|606|12350|4011|3316|3442|2813
C009|60|0|0|0|8827|2820|2421|2513|2054|0|0|0|0|0|9087|2970|2421|2513|2054
C009|60|0|0|4|8827|2820|2421|2513|2054|64|20|17|18|15|9151|2990|2438|2531|2069
C009|60|0|0|20|8827|2820|2421|2513|2054|409|131|112|117|95|9496|3101|2533|2630|2149
C009|60|0|0|60|8827|2820|2421|2513|2054|1345|430|369|383|313|10432|3400|2790|2896|2367
C009|60|0|0|100|8827|2820|2421|2513|2054|2422|774|664|690|564|11509|3744|3085|3203|2618
C009|60|0|1|0|8862|2831|2431|2523|2062|0|0|0|0|0|9122|2981|2431|2523|2062
C009|60|0|1|4|8862|2831|2431|2523|2062|64|20|18|18|15|9186|3001|2449|2541|2077
C009|60|0|1|20|8862|2831|2431|2523|2062|411|131|113|117|96|9533|3112|2544|2640|2158
C009|60|0|1|60|8862|2831|2431|2523|2062|1350|431|370|384|314|10472|3412|2801|2907|2376
C009|60|0|1|100|8862|2831|2431|2523|2062|2432|777|667|692|566|11554|3758|3098|3215|2628
C009|60|0|12|0|9242|2952|2535|2631|2150|0|0|0|0|0|9502|3102|2535|2631|2150
C009|60|0|12|4|9242|2952|2535|2631|2150|67|21|18|19|15|9569|3123|2553|2650|2165
C009|60|0|12|20|9242|2952|2535|2631|2150|428|137|118|122|100|9930|3239|2653|2753|2250
C009|60|0|12|60|9242|2952|2535|2631|2150|1408|450|386|401|327|10910|3552|2921|3032|2477
C009|60|0|12|100|9242|2952|2535|2631|2150|2536|810|696|722|590|12038|3912|3231|3353|2740
C009|60|1|0|0|8885|2838|2437|2530|2067|0|0|0|0|0|9145|2988|2437|2530|2067
C009|60|1|0|4|8885|2838|2437|2530|2067|64|20|18|18|15|9209|3008|2455|2548|2082
C009|60|1|0|20|8885|2838|2437|2530|2067|412|132|113|117|96|9557|3120|2550|2647|2163
C009|60|1|0|60|8885|2838|2437|2530|2067|1353|432|371|385|315|10498|3420|2808|2915|2382
C009|60|1|0|100|8885|2838|2437|2530|2067|2438|779|669|694|567|11583|3767|3106|3224|2634
C009|60|1|1|0|8919|2849|2447|2540|2075|0|0|0|0|0|9179|2999|2447|2540|2075
C009|60|1|1|4|8919|2849|2447|2540|2075|64|21|18|18|15|9243|3020|2465|2558|2090
C009|60|1|1|20|8919|2849|2447|2540|2075|413|132|113|118|96|9592|3131|2560|2658|2171
C009|60|1|1|60|8919|2849|2447|2540|2075|1359|434|373|387|316|10538|3433|2820|2927|2391
C009|60|1|1|100|8919|2849|2447|2540|2075|2447|782|671|697|569|11626|3781|3118|3237|2644
C009|60|1|12|0|9300|2971|2551|2648|2163|0|0|0|0|0|9560|3121|2551|2648|2163
C009|60|1|12|4|9300|2971|2551|2648|2163|67|21|18|19|16|9627|3142|2569|2667|2179
C009|60|1|12|20|9300|2971|2551|2648|2163|431|138|118|123|100|9991|3259|2669|2771|2263
C009|60|1|12|60|9300|2971|2551|2648|2163|1417|453|389|403|329|10977|3574|2940|3051|2492
C009|60|1|12|100|9300|2971|2551|2648|2163|2552|815|700|727|594|12112|3936|3251|3375|2757
C009|60|6|0|0|9173|2930|2516|2612|2134|0|0|0|0|0|9433|3080|2516|2612|2134
C009|60|6|0|4|9173|2930|2516|2612|2134|66|21|18|19|15|9499|3101|2534|2631|2149
C009|60|6|0|20|9173|2930|2516|2612|2134|425|136|117|121|99|9858|3216|2633|2733|2233
C009|60|6|0|60|9173|2930|2516|2612|2134|1397|446|383|398|325|10830|3526|2899|3010|2459
C009|60|6|0|100|9173|2930|2516|2612|2134|2517|804|690|717|586|11950|3884|3206|3329|2720
C009|60|6|1|0|9207|2941|2526|2622|2142|0|0|0|0|0|9467|3091|2526|2622|2142
C009|60|6|1|4|9207|2941|2526|2622|2142|66|21|18|19|15|9533|3112|2544|2641|2157
C009|60|6|1|20|9207|2941|2526|2622|2142|427|136|117|122|99|9894|3227|2643|2744|2241
C009|60|6|1|60|9207|2941|2526|2622|2142|1402|448|385|399|326|10869|3539|2911|3021|2468
C009|60|6|1|100|9207|2941|2526|2622|2142|2526|807|693|719|588|11993|3898|3219|3341|2730
C009|60|6|12|0|9588|3063|2630|2730|2230|0|0|0|0|0|9848|3213|2630|2730|2230
C009|60|6|12|4|9588|3063|2630|2730|2230|69|22|19|20|16|9917|3235|2649|2750|2246
C009|60|6|12|20|9588|3063|2630|2730|2230|444|142|122|127|103|10292|3355|2752|2857|2333
C009|60|6|12|60|9588|3063|2630|2730|2230|1460|467|401|416|340|11308|3680|3031|3146|2570
C009|60|6|12|100|9588|3063|2630|2730|2230|2631|840|722|749|612|12479|4053|3352|3479|2842
C010|1|0|0|0|2480|900|730|1120|710|0|0|0|0|0|2740|1050|730|1120|710
C010|1|0|0|4|2480|900|730|1120|710|18|6|5|8|5|2758|1056|735|1128|715
C010|1|0|0|20|2480|900|730|1120|710|115|42|34|52|33|2855|1092|764|1172|743
C010|1|0|0|60|2480|900|730|1120|710|378|137|111|171|108|3118|1187|841|1291|818
C010|1|0|0|100|2480|900|730|1120|710|681|247|200|307|195|3421|1297|930|1427|905
C010|1|0|1|0|2510|911|739|1133|719|0|0|0|0|0|2770|1061|739|1133|719
C010|1|0|1|4|2510|911|739|1133|719|18|7|5|8|5|2788|1068|744|1141|724
C010|1|0|1|20|2510|911|739|1133|719|116|42|34|53|33|2886|1103|773|1186|752
C010|1|0|1|60|2510|911|739|1133|719|382|139|113|173|110|3152|1200|852|1306|829
C010|1|0|1|100|2510|911|739|1133|719|689|250|203|311|197|3459|1311|942|1444|916
C010|1|0|12|0|2837|1030|835|1281|812|0|0|0|0|0|3097|1180|835|1281|812
C010|1|0|12|4|2837|1030|835|1281|812|20|7|6|9|6|3117|1187|841|1290|818
C010|1|0|12|20|2837|1030|835|1281|812|132|48|39|59|38|3229|1228|874|1340|850
C010|1|0|12|60|2837|1030|835|1281|812|432|157|127|195|124|3529|1337|962|1476|936
C010|1|0|12|100|2837|1030|835|1281|812|778|283|229|352|223|3875|1463|1064|1633|1035
C010|1|1|0|0|2530|918|745|1142|724|0|0|0|0|0|2790|1068|745|1142|724
C010|1|1|0|4|2530|918|745|1142|724|18|7|5|8|5|2808|1075|750|1150|729
C010|1|1|0|20|2530|918|745|1142|724|117|43|35|53|34|2907|1111|780|1195|758
C010|1|1|0|60|2530|918|745|1142|724|385|140|113|174|110|3175|1208|858|1316|834
C010|1|1|0|100|2530|918|745|1142|724|694|252|204|313|199|3484|1320|949|1455|923
C010|1|1|1|0|2559|929|753|1156|733|0|0|0|0|0|2819|1079|753|1156|733
C010|1|1|1|4|2559|929|753|1156|733|18|7|5|8|5|2837|1086|758|1164|738
C010|1|1|1|20|2559|929|753|1156|733|119|43|35|54|34|2938|1122|788|1210|767
C010|1|1|1|60|2559|929|753|1156|733|390|142|115|176|112|3209|1221|868|1332|845
C010|1|1|1|100|2559|929|753|1156|733|702|255|207|317|201|3521|1334|960|1473|934
C010|1|1|12|0|2887|1048|850|1304|826|0|0|0|0|0|3147|1198|850|1304|826
C010|1|1|12|4|2887|1048|850|1304|826|21|8|6|9|6|3168|1206|856|1313|832
C010|1|1|12|20|2887|1048|850|1304|826|134|49|39|60|38|3281|1247|889|1364|864
C010|1|1|12|60|2887|1048|850|1304|826|440|160|129|199|126|3587|1358|979|1503|952
C010|1|1|12|100|2887|1048|850|1304|826|792|288|233|358|227|3939|1486|1083|1662|1053
C010|1|6|0|0|2778|1008|818|1254|795|0|0|0|0|0|3038|1158|818|1254|795
C010|1|6|0|4|2778|1008|818|1254|795|20|7|6|9|6|3058|1165|824|1263|801
C010|1|6|0|20|2778|1008|818|1254|795|129|47|38|58|37|3167|1205|856|1312|832
C010|1|6|0|60|2778|1008|818|1254|795|423|154|125|191|121|3461|1312|943|1445|916
C010|1|6|0|100|2778|1008|818|1254|795|762|277|224|344|218|3800|1435|1042|1598|1013
C010|1|6|1|0|2807|1019|826|1268|804|0|0|0|0|0|3067|1169|826|1268|804
C010|1|6|1|4|2807|1019|826|1268|804|20|7|6|9|6|3087|1176|832|1277|810
C010|1|6|1|20|2807|1019|826|1268|804|130|47|38|59|37|3197|1216|864|1327|841
C010|1|6|1|60|2807|1019|826|1268|804|428|155|126|193|122|3495|1324|952|1461|926
C010|1|6|1|100|2807|1019|826|1268|804|770|280|227|348|221|3837|1449|1053|1616|1025
C010|1|6|12|0|3135|1138|923|1416|897|0|0|0|0|0|3395|1288|923|1416|897
C010|1|6|12|4|3135|1138|923|1416|897|23|8|7|10|6|3418|1296|930|1426|903
C010|1|6|12|20|3135|1138|923|1416|897|145|53|43|66|42|3540|1341|966|1482|939
C010|1|6|12|60|3135|1138|923|1416|897|478|173|141|216|137|3873|1461|1064|1632|1034
C010|1|6|12|100|3135|1138|923|1416|897|860|312|253|389|246|4255|1600|1176|1805|1143
C010|2|0|0|0|2567|931|756|1159|735|0|0|0|0|0|2827|1081|756|1159|735
C010|2|0|0|4|2567|931|756|1159|735|18|7|5|8|5|2845|1088|761|1167|740
C010|2|0|0|20|2567|931|756|1159|735|119|43|35|54|34|2946|1124|791|1213|769
C010|2|0|0|60|2567|931|756|1159|735|391|142|115|177|112|3218|1223|871|1336|847
C010|2|0|0|100|2567|931|756|1159|735|704|255|207|318|202|3531|1336|963|1477|937
C010|2|0|1|0|2597|942|764|1173|743|0|0|0|0|0|2857|1092|764|1173|743
C010|2|0|1|4|2597|942|764|1173|743|19|7|6|8|5|2876|1099|770|1181|748
C010|2|0|1|20|2597|942|764|1173|743|120|44|35|54|34|2977|1136|799|1227|777
C010|2|0|1|60|2597|942|764|1173|743|396|143|116|179|113|3253|1235|880|1352|856
C010|2|0|1|100|2597|942|764|1173|743|713|258|210|322|204|3570|1350|974|1495|947
C010|2|0|12|0|2924|1061|861|1320|837|0|0|0|0|0|3184|1211|861|1320|837
C010|2|0|12|4|2924|1061|861|1320|837|21|8|6|10|6|3205|1219|867|1330|843
C010|2|0|12|20|2924|1061|861|1320|837|136|49|40|61|39|3320|1260|901|1381|876
C010|2|0|12|60|2924|1061|861|1320|837|445|162|131|201|127|3629|1373|992|1521|964
C010|2|0|12|100|2924|1061|861|1320|837|802|291|236|362|230|3986|1502|1097|1682|1067
C010|2|1|0|0|2616|949|770|1182|749|0|0|0|0|0|2876|1099|770|1182|749
C010|2|1|0|4|2616|949|770|1182|749|19|7|6|9|5|2895|1106|776|1191|754
C010|2|1|0|20|2616|949|770|1182|749|121|44|36|55|35|2997|1143|806|1237|784
C010|2|1|0|60|2616|949|770|1182|749|398|145|117|180|114|3274|1244|887|1362|863
C010|2|1|0|100|2616|949|770|1182|749|718|260|211|324|206|3594|1359|981|1506|955
C010|2|1|1|0|2646|960|779|1195|758|0|0|0|0|0|2906|1110|779|1195|758
C010|2|1|1|4|2646|960|779|1195|758|19|7|6|9|5|2925|1117|785|1204|763
C010|2|1|1|20|2646|960|779|1195|758|123|45|36|55|35|3029|1155|815|1250|793
C010|2|1|1|60|2646|960|779|1195|758|403|146|119|182|115|3309|1256|898|1377|873
C010|2|1|1|100|2646|960|779|1195|758|726|263|214|328|208|3632|1373|993|1523|966
C010|2|1|12|0|2974|1079|875|1343|851|0|0|0|0|0|3234|1229|875|1343|851
C010|2|1|12|4|2974|1079|875|1343|851|21|8|6|10|6|3255|1237|881|1353|857
C010|2|1|12|20|2974|1079|875|1343|851|138|50|41|62|39|3372|1279|916|1405|890
C010|2|1|12|60|2974|1079|875|1343|851|453|164|133|205|130|3687|1393|1008|1548|981
C010|2|1|12|100|2974|1079|875|1343|851|816|296|240|369|234|4050|1525|1115|1712|1085
C010|2|6|0|0|2864|1039|843|1294|820|0|0|0|0|0|3124|1189|843|1294|820
C010|2|6|0|4|2864|1039|843|1294|820|21|7|6|9|6|3145|1196|849|1303|826
C010|2|6|0|20|2864|1039|843|1294|820|133|48|39|60|38|3257|1237|882|1354|858
C010|2|6|0|60|2864|1039|843|1294|820|436|158|128|197|125|3560|1347|971|1491|945
C010|2|6|0|100|2864|1039|843|1294|820|786|285|231|355|225|3910|1474|1074|1649|1045
C010|2|6|1|0|2894|1050|852|1307|829|0|0|0|0|0|3154|1200|852|1307|829
C010|2|6|1|4|2894|1050|852|1307|829|21|8|6|9|6|3175|1208|858|1316|835
C010|2|6|1|20|2894|1050|852|1307|829|134|49|39|61|38|3288|1249|891|1368|867
C010|2|6|1|60|2894|1050|852|1307|829|441|160|130|199|126|3595|1360|982|1506|955
C010|2|6|1|100|2894|1050|852|1307|829|794|288|234|359|227|3948|1488|1086|1666|1056
C010|2|6|12|0|3222|1169|948|1455|922|0|0|0|0|0|3482|1319|948|1455|922
C010|2|6|12|4|3222|1169|948|1455|922|23|8|7|10|7|3505|1327|955|1465|929
C010|2|6|12|20|3222|1169|948|1455|922|149|54|44|67|43|3631|1373|992|1522|965
C010|2|6|12|60|3222|1169|948|1455|922|491|178|144|222|140|3973|1497|1092|1677|1062
C010|2|6|12|100|3222|1169|948|1455|922|884|321|260|399|253|4366|1640|1208|1854|1175
C010|20|0|0|0|4129|1498|1215|1865|1182|0|0|0|0|0|4389|1648|1215|1865|1182
C010|20|0|0|4|4129|1498|1215|1865|1182|30|11|9|13|9|4419|1659|1224|1878|1191
C010|20|0|0|20|4129|1498|1215|1865|1182|191|69|56|86|55|4580|1717|1271|1951|1237
C010|20|0|0|60|4129|1498|1215|1865|1182|629|228|185|284|180|5018|1876|1400|2149|1362
C010|20|0|0|100|4129|1498|1215|1865|1182|1133|411|333|512|324|5522|2059|1548|2377|1506
C010|20|0|1|0|4159|1509|1224|1878|1191|0|0|0|0|0|4419|1659|1224|1878|1191
C010|20|0|1|4|4159|1509|1224|1878|1191|30|11|9|14|9|4449|1670|1233|1892|1200
C010|20|0|1|20|4159|1509|1224|1878|1191|193|70|57|87|55|4612|1729|1281|1965|1246
C010|20|0|1|60|4159|1509|1224|1878|1191|633|230|186|286|181|5052|1889|1410|2164|1372
C010|20|0|1|100|4159|1509|1224|1878|1191|1141|414|336|515|327|5560|2073|1560|2393|1518
C010|20|0|12|0|4486|1628|1321|2026|1284|0|0|0|0|0|4746|1778|1321|2026|1284
C010|20|0|12|4|4486|1628|1321|2026|1284|32|12|10|15|9|4778|1790|1331|2041|1293
C010|20|0|12|20|4486|1628|1321|2026|1284|208|75|61|94|60|4954|1853|1382|2120|1344
C010|20|0|12|60|4486|1628|1321|2026|1284|683|248|201|309|196|5429|2026|1522|2335|1480
C010|20|0|12|100|4486|1628|1321|2026|1284|1231|447|362|556|352|5977|2225|1683|2582|1636
C010|20|1|0|0|4179|1516|1230|1887|1196|0|0|0|0|0|4439|1666|1230|1887|1196
C010|20|1|0|4|4179|1516|1230|1887|1196|30|11|9|14|9|4469|1677|1239|1901|1205
C010|20|1|0|20|4179|1516|1230|1887|1196|194|70|57|87|55|4633|1736|1287|1974|1251
C010|20|1|0|60|4179|1516|1230|1887|1196|637|231|187|287|182|5076|1897|1417|2174|1378
C010|20|1|0|100|4179|1516|1230|1887|1196|1147|416|338|518|328|5586|2082|1568|2405|1524
C010|20|1|1|0|4209|1527|1239|1901|1205|0|0|0|0|0|4469|1677|1239|1901|1205
C010|20|1|1|4|4209|1527|1239|1901|1205|30|11|9|14|9|4499|1688|1248|1915|1214
C010|20|1|1|20|4209|1527|1239|1901|1205|195|71|57|88|56|4664|1748|1296|1989|1261
C010|20|1|1|60|4209|1527|1239|1901|1205|641|233|189|290|184|5110|1910|1428|2191|1389
C010|20|1|1|100|4209|1527|1239|1901|1205|1155|419|340|522|331|5624|2096|1579|2423|1536
C010|20|1|12|0|4536|1646|1335|2048|1299|0|0|0|0|0|4796|1796|1335|2048|1299
C010|20|1|12|4|4536|1646|1335|2048|1299|33|12|10|15|9|4829|1808|1345|2063|1308
C010|20|1|12|20|4536|1646|1335|2048|1299|210|76|62|95|60|5006|1872|1397|2143|1359
C010|20|1|12|60|4536|1646|1335|2048|1299|691|251|203|312|198|5487|2047|1538|2360|1497
C010|20|1|12|100|4536|1646|1335|2048|1299|1245|452|366|562|356|6041|2248|1701|2610|1655
C010|20|6|0|0|4427|1606|1303|1999|1267|0|0|0|0|0|4687|1756|1303|1999|1267
C010|20|6|0|4|4427|1606|1303|1999|1267|32|12|9|14|9|4719|1768|1312|2013|1276
C010|20|6|0|20|4427|1606|1303|1999|1267|205|74|60|93|59|4892|1830|1363|2092|1326
C010|20|6|0|60|4427|1606|1303|1999|1267|674|245|198|304|193|5361|2001|1501|2303|1460
C010|20|6|0|100|4427|1606|1303|1999|1267|1215|441|358|549|348|5902|2197|1661|2548|1615
C010|20|6|1|0|4457|1617|1312|2013|1276|0|0|0|0|0|4717|1767|1312|2013|1276
C010|20|6|1|4|4457|1617|1312|2013|1276|32|12|9|14|9|4749|1779|1321|2027|1285
C010|20|6|1|20|4457|1617|1312|2013|1276|207|75|61|93|59|4924|1842|1373|2106|1335
C010|20|6|1|60|4457|1617|1312|2013|1276|679|246|200|307|194|5396|2013|1512|2320|1470
C010|20|6|1|100|4457|1617|1312|2013|1276|1223|444|360|552|350|5940|2211|1672|2565|1626
C010|20|6|12|0|4784|1736|1408|2160|1370|0|0|0|0|0|5044|1886|1408|2160|1370
C010|20|6|12|4|4784|1736|1408|2160|1370|34|12|10|16|10|5078|1898|1418|2176|1380
C010|20|6|12|20|4784|1736|1408|2160|1370|222|80|65|100|64|5266|1966|1473|2260|1434
C010|20|6|12|60|4784|1736|1408|2160|1370|729|264|214|329|209|5773|2150|1622|2489|1579
C010|20|6|12|100|4784|1736|1408|2160|1370|1313|476|386|593|376|6357|2362|1794|2753|1746
C010|59|0|0|0|7514|2727|2212|3394|2151|0|0|0|0|0|7774|2877|2212|3394|2151
C010|59|0|0|4|7514|2727|2212|3394|2151|54|20|16|24|15|7828|2897|2228|3418|2166
C010|59|0|0|20|7514|2727|2212|3394|2151|348|126|103|157|100|8122|3003|2315|3551|2251
C010|59|0|0|60|7514|2727|2212|3394|2151|1145|415|337|517|328|8919|3292|2549|3911|2479
C010|59|0|0|100|7514|2727|2212|3394|2151|2062|748|607|931|590|9836|3625|2819|4325|2741
C010|59|0|1|0|7544|2738|2221|3407|2160|0|0|0|0|0|7804|2888|2221|3407|2160
C010|59|0|1|4|7544|2738|2221|3407|2160|54|20|16|25|16|7858|2908|2237|3432|2176
C010|59|0|1|20|7544|2738|2221|3407|2160|350|127|103|158|100|8154|3015|2324|3565|2260
C010|59|0|1|60|7544|2738|2221|3407|2160|1149|417|338|519|329|8953|3305|2559|3926|2489
C010|59|0|1|100|7544|2738|2221|3407|2160|2070|751|609|935|593|9874|3639|2830|4342|2753
C010|59|0|12|0|7872|2857|2317|3555|2254|0|0|0|0|0|8132|3007|2317|3555|2254
C010|59|0|12|4|7872|2857|2317|3555|2254|57|21|17|26|16|8189|3028|2334|3581|2270
C010|59|0|12|20|7872|2857|2317|3555|2254|365|132|107|165|104|8497|3139|2424|3720|2358
C010|59|0|12|60|7872|2857|2317|3555|2254|1199|435|353|541|343|9331|3442|2670|4096|2597
C010|59|0|12|100|7872|2857|2317|3555|2254|2160|784|636|975|618|10292|3791|2953|4530|2872
C010|59|1|0|0|7564|2745|2226|3416|2165|0|0|0|0|0|7824|2895|2226|3416|2165
C010|59|1|0|4|7564|2745|2226|3416|2165|54|20|16|25|16|7878|2915|2242|3441|2181
C010|59|1|0|20|7564|2745|2226|3416|2165|351|127|103|158|100|8175|3022|2329|3574|2265
C010|59|1|0|60|7564|2745|2226|3416|2165|1152|418|339|520|330|8976|3313|2565|3936|2495
C010|59|1|0|100|7564|2745|2226|3416|2165|2076|753|611|937|594|9900|3648|2837|4353|2759
C010|59|1|1|0|7594|2756|2235|3429|2174|0|0|0|0|0|7854|2906|2235|3429|2174
C010|59|1|1|4|7594|2756|2235|3429|2174|55|20|16|25|16|7909|2926|2251|3454|2190
C010|59|1|1|20|7594|2756|2235|3429|2174|352|128|104|159|101|8206|3034|2339|3588|2275
C010|59|1|1|60|7594|2756|2235|3429|2174|1157|420|340|522|331|9011|3326|2575|3951|2505
C010|59|1|1|100|7594|2756|2235|3429|2174|2084|756|613|941|597|9938|3662|2848|4370|2771
C010|59|1|12|0|7921|2875|2332|3577|2268|0|0|0|0|0|8181|3025|2332|3577|2268
C010|59|1|12|4|7921|2875|2332|3577|2268|57|21|17|26|16|8238|3046|2349|3603|2284
C010|59|1|12|20|7921|2875|2332|3577|2268|367|133|108|166|105|8548|3158|2440|3743|2373
C010|59|1|12|60|7921|2875|2332|3577|2268|1207|438|355|545|345|9388|3463|2687|4122|2613
C010|59|1|12|100|7921|2875|2332|3577|2268|2174|789|640|982|622|10355|3814|2972|4559|2890
C010|59|6|0|0|7812|2835|2300|3528|2237|0|0|0|0|0|8072|2985|2300|3528|2237
C010|59|6|0|4|7812|2835|2300|3528|2237|56|20|17|25|16|8128|3005|2317|3553|2253
C010|59|6|0|20|7812|2835|2300|3528|2237|362|131|107|164|104|8434|3116|2407|3692|2341
C010|59|6|0|60|7812|2835|2300|3528|2237|1190|432|350|537|341|9262|3417|2650|4065|2578
C010|59|6|0|100|7812|2835|2300|3528|2237|2144|778|631|968|614|10216|3763|2931|4496|2851
C010|59|6|1|0|7842|2846|2308|3541|2245|0|0|0|0|0|8102|2996|2308|3541|2245
C010|59|6|1|4|7842|2846|2308|3541|2245|56|20|17|25|16|8158|3016|2325|3566|2261
C010|59|6|1|20|7842|2846|2308|3541|2245|364|132|107|164|104|8466|3128|2415|3705|2349
C010|59|6|1|60|7842|2846|2308|3541|2245|1194|434|352|539|342|9296|3430|2660|4080|2587
C010|59|6|1|100|7842|2846|2308|3541|2245|2152|781|633|972|616|10254|3777|2941|4513|2861
C010|59|6|12|0|8169|2965|2405|3689|2339|0|0|0|0|0|8429|3115|2405|3689|2339
C010|59|6|12|4|8169|2965|2405|3689|2339|59|21|17|27|17|8488|3136|2422|3716|2356
C010|59|6|12|20|8169|2965|2405|3689|2339|379|137|111|171|108|8808|3252|2516|3860|2447
C010|59|6|12|60|8169|2965|2405|3689|2339|1244|452|366|562|356|9673|3567|2771|4251|2695
C010|59|6|12|100|8169|2965|2405|3689|2339|2242|814|660|1012|642|10671|3929|3065|4701|2981
C010|60|0|0|0|7601|2759|2237|3433|2176|0|0|0|0|0|7861|2909|2237|3433|2176
C010|60|0|0|4|7601|2759|2237|3433|2176|55|20|16|25|16|7916|2929|2253|3458|2192
C010|60|0|0|20|7601|2759|2237|3433|2176|352|128|104|159|101|8213|3037|2341|3592|2277
C010|60|0|0|60|7601|2759|2237|3433|2176|1158|420|341|523|331|9019|3329|2578|3956|2507
C010|60|0|0|100|7601|2759|2237|3433|2176|2086|757|614|942|597|9947|3666|2851|4375|2773
C010|60|0|1|0|7631|2769|2246|3446|2185|0|0|0|0|0|7891|2919|2246|3446|2185
C010|60|0|1|4|7631|2769|2246|3446|2185|55|20|16|25|16|7946|2939|2262|3471|2201
C010|60|0|1|20|7631|2769|2246|3446|2185|354|128|104|160|101|8245|3047|2350|3606|2286
C010|60|0|1|60|7631|2769|2246|3446|2185|1162|422|342|525|333|9053|3341|2588|3971|2518
C010|60|0|1|100|7631|2769|2246|3446|2185|2094|760|616|946|600|9985|3679|2862|4392|2785
C010|60|0|12|0|7958|2888|2343|3594|2278|0|0|0|0|0|8218|3038|2343|3594|2278
C010|60|0|12|4|7958|2888|2343|3594|2278|57|21|17|26|16|8275|3059|2360|3620|2294
C010|60|0|12|20|7958|2888|2343|3594|2278|369|134|109|167|106|8587|3172|2452|3761|2384
C010|60|0|12|60|7958|2888|2343|3594|2278|1212|440|357|547|347|9430|3478|2700|4141|2625
C010|60|0|12|100|7958|2888|2343|3594|2278|2184|792|643|986|625|10402|3830|2986|4580|2903
C010|60|1|0|0|7651|2777|2252|3455|2190|0|0|0|0|0|7911|2927|2252|3455|2190
C010|60|1|0|4|7651|2777|2252|3455|2190|55|20|16|25|16|7966|2947|2268|3480|2206
C010|60|1|0|20|7651|2777|2252|3455|2190|355|129|104|160|102|8266|3056|2356|3615|2292
C010|60|1|0|60|7651|2777|2252|3455|2190|1165|423|343|526|334|9076|3350|2595|3981|2524
C010|60|1|0|100|7651|2777|2252|3455|2190|2099|762|618|948|601|10010|3689|2870|4403|2791
C010|60|1|1|0|7681|2787|2261|3469|2199|0|0|0|0|0|7941|2937|2261|3469|2199
C010|60|1|1|4|7681|2787|2261|3469|2199|55|20|16|25|16|7996|2957|2277|3494|2215
C010|60|1|1|20|7681|2787|2261|3469|2199|356|129|105|161|102|8297|3066|2366|3630|2301
C010|60|1|1|60|7681|2787|2261|3469|2199|1170|425|344|528|335|9111|3362|2605|3997|2534
C010|60|1|1|100|7681|2787|2261|3469|2199|2108|765|620|952|603|10049|3702|2881|4421|2802
C010|60|1|12|0|8008|2906|2357|3616|2293|0|0|0|0|0|8268|3056|2357|3616|2293
C010|60|1|12|4|8008|2906|2357|3616|2293|58|21|17|26|17|8326|3077|2374|3642|2310
C010|60|1|12|20|8008|2906|2357|3616|2293|371|135|109|168|106|8639|3191|2466|3784|2399
C010|60|1|12|60|8008|2906|2357|3616|2293|1220|443|359|551|349|9488|3499|2716|4167|2642
C010|60|1|12|100|8008|2906|2357|3616|2293|2197|797|647|992|629|10465|3853|3004|4608|2922
C010|60|6|0|0|7899|2866|2325|3567|2261|0|0|0|0|0|8159|3016|2325|3567|2261
C010|60|6|0|4|7899|2866|2325|3567|2261|57|21|17|26|16|8216|3037|2342|3593|2277
C010|60|6|0|20|7899|2866|2325|3567|2261|366|133|108|165|105|8525|3149|2433|3732|2366
C010|60|6|0|60|7899|2866|2325|3567|2261|1203|437|354|543|344|9362|3453|2679|4110|2605
C010|60|6|0|100|7899|2866|2325|3567|2261|2167|786|638|979|620|10326|3802|2963|4546|2881
C010|60|6|1|0|7929|2877|2334|3581|2270|0|0|0|0|0|8189|3027|2334|3581|2270
C010|60|6|1|4|7929|2877|2334|3581|2270|57|21|17|26|16|8246|3048|2351|3607|2286
C010|60|6|1|20|7929|2877|2334|3581|2270|368|133|108|166|105|8557|3160|2442|3747|2375
C010|60|6|1|60|7929|2877|2334|3581|2270|1208|438|356|545|346|9397|3465|2690|4126|2616
C010|60|6|1|100|7929|2877|2334|3581|2270|2176|789|640|983|623|10365|3816|2974|4564|2893
C010|60|6|12|0|8256|2996|2430|3728|2364|0|0|0|0|0|8516|3146|2430|3728|2364
C010|60|6|12|4|8256|2996|2430|3728|2364|59|22|17|27|17|8575|3168|2447|3755|2381
C010|60|6|12|20|8256|2996|2430|3728|2364|383|139|113|173|110|8899|3285|2543|3901|2474
C010|60|6|12|60|8256|2996|2430|3728|2364|1258|456|370|568|360|9774|3602|2800|4296|2724
C010|60|6|12|100|8256|2996|2430|3728|2364|2265|822|667|1023|649|10781|3968|3097|4751|3013
C011|1|0|0|0|2680|810|850|1020|590|0|0|0|0|0|2940|960|850|1020|590
C011|1|0|0|4|2680|810|850|1020|590|19|6|6|7|4|2959|966|856|1027|594
C011|1|0|0|20|2680|810|850|1020|590|124|38|39|47|27|3064|998|889|1067|617
C011|1|0|0|60|2680|810|850|1020|590|408|123|129|155|90|3348|1083|979|1175|680
C011|1|0|0|100|2680|810|850|1020|590|735|222|233|280|162|3675|1182|1083|1300|752
C011|1|0|1|0|2712|820|860|1032|597|0|0|0|0|0|2972|970|860|1032|597
C011|1|0|1|4|2712|820|860|1032|597|20|6|6|7|4|2992|976|866|1039|601
C011|1|0|1|20|2712|820|860|1032|597|126|38|40|48|28|3098|1008|900|1080|625
C011|1|0|1|60|2712|820|860|1032|597|413|125|131|157|91|3385|1095|991|1189|688
C011|1|0|1|100|2712|820|860|1032|597|744|225|236|283|164|3716|1195|1096|1315|761
C011|1|0|12|0|3066|927|972|1167|675|0|0|0|0|0|3326|1077|972|1167|675
C011|1|0|12|4|3066|927|972|1167|675|22|7|7|8|5|3348|1084|979|1175|680
C011|1|0|12|20|3066|927|972|1167|675|142|43|45|54|31|3468|1120|1017|1221|706
C011|1|0|12|60|3066|927|972|1167|675|467|141|148|178|103|3793|1218|1120|1345|778
C011|1|0|12|100|3066|927|972|1167|675|841|254|267|320|185|4167|1331|1239|1487|860
C011|1|1|0|0|2734|826|867|1040|602|0|0|0|0|0|2994|976|867|1040|602
C011|1|1|0|4|2734|826|867|1040|602|20|6|6|7|4|3014|982|873|1047|606
C011|1|1|0|20|2734|826|867|1040|602|127|38|40|48|28|3121|1014|907|1088|630
C011|1|1|0|60|2734|826|867|1040|602|416|126|132|158|92|3410|1102|999|1198|694
C011|1|1|0|100|2734|826|867|1040|602|750|227|238|285|165|3744|1203|1105|1325|767
C011|1|1|1|0|2766|836|877|1053|609|0|0|0|0|0|3026|986|877|1053|609
C011|1|1|1|4|2766|836|877|1053|609|20|6|6|8|4|3046|992|883|1061|613
C011|1|1|1|20|2766|836|877|1053|609|128|39|41|49|28|3154|1025|918|1102|637
C011|1|1|1|60|2766|836|877|1053|609|421|127|134|160|93|3447|1113|1011|1213|702
C011|1|1|1|100|2766|836|877|1053|609|759|229|241|289|167|3785|1215|1118|1342|776
C011|1|1|12|0|3120|943|989|1187|687|0|0|0|0|0|3380|1093|989|1187|687
C011|1|1|12|4|3120|943|989|1187|687|22|7|7|9|5|3402|1100|996|1196|692
C011|1|1|12|20|3120|943|989|1187|687|145|44|46|55|32|3525|1137|1035|1242|719
C011|1|1|12|60|3120|943|989|1187|687|475|144|151|181|105|3855|1237|1140|1368|792
C011|1|1|12|100|3120|943|989|1187|687|856|259|271|326|189|4236|1352|1260|1513|876
C011|1|6|0|0|3002|907|952|1142|661|0|0|0|0|0|3262|1057|952|1142|661
C011|1|6|0|4|3002|907|952|1142|661|22|7|7|8|5|3284|1064|959|1150|666
C011|1|6|0|20|3002|907|952|1142|661|139|42|44|53|31|3401|1099|996|1195|692
C011|1|6|0|60|3002|907|952|1142|661|457|138|145|174|101|3719|1195|1097|1316|762
C011|1|6|0|100|3002|907|952|1142|661|824|249|261|313|181|4086|1306|1213|1455|842
C011|1|6|1|0|3034|917|962|1155|668|0|0|0|0|0|3294|1067|962|1155|668
C011|1|6|1|4|3034|917|962|1155|668|22|7|7|8|5|3316|1074|969|1163|673
C011|1|6|1|20|3034|917|962|1155|668|141|43|45|54|31|3435|1110|1007|1209|699
C011|1|6|1|60|3034|917|962|1155|668|462|140|147|176|102|3756|1207|1109|1331|770
C011|1|6|1|100|3034|917|962|1155|668|833|252|264|317|183|4127|1319|1226|1472|851
C011|1|6|12|0|3388|1024|1074|1289|746|0|0|0|0|0|3648|1174|1074|1289|746
C011|1|6|12|4|3388|1024|1074|1289|746|24|7|8|9|5|3672|1181|1082|1298|751
C011|1|6|12|20|3388|1024|1074|1289|746|157|47|50|60|35|3805|1221|1124|1349|781
C011|1|6|12|60|3388|1024|1074|1289|746|516|156|164|196|114|4164|1330|1238|1485|860
C011|1|6|12|100|3388|1024|1074|1289|746|930|281|295|354|205|4578|1455|1369|1643|951
C011|2|0|0|0|2774|838|880|1056|611|0|0|0|0|0|3034|988|880|1056|611
C011|2|0|0|4|2774|838|880|1056|611|20|6|6|8|4|3054|994|886|1064|615
C011|2|0|0|20|2774|838|880|1056|611|129|39|41|49|28|3163|1027|921|1105|639
C011|2|0|0|60|2774|838|880|1056|611|423|128|134|161|93|3457|1116|1014|1217|704
C011|2|0|0|100|2774|838|880|1056|611|761|230|241|290|168|3795|1218|1121|1346|779
C011|2|0|1|0|2806|848|890|1068|618|0|0|0|0|0|3066|998|890|1068|618
C011|2|0|1|4|2806|848|890|1068|618|20|6|6|8|4|3086|1004|896|1076|622
C011|2|0|1|20|2806|848|890|1068|618|130|39|41|50|29|3196|1037|931|1118|647
C011|2|0|1|60|2806|848|890|1068|618|427|129|136|163|94|3493|1127|1026|1231|712
C011|2|0|1|100|2806|848|890|1068|618|770|233|244|293|170|3836|1231|1134|1361|788
C011|2|0|12|0|3160|955|1002|1203|696|0|0|0|0|0|3420|1105|1002|1203|696
C011|2|0|12|4|3160|955|1002|1203|696|23|7|7|9|5|3443|1112|1009|1212|701
C011|2|0|12|20|3160|955|1002|1203|696|146|44|46|56|32|3566|1149|1048|1259|728
C011|2|0|12|60|3160|955|1002|1203|696|481|145|153|183|106|3901|1250|1155|1386|802
C011|2|0|12|100|3160|955|1002|1203|696|867|262|275|330|191|4287|1367|1277|1533|887
C011|2|1|0|0|2827|855|897|1076|622|0|0|0|0|0|3087|1005|897|1076|622
C011|2|1|0|4|2827|855|897|1076|622|20|6|6|8|4|3107|1011|903|1084|626
C011|2|1|0|20|2827|855|897|1076|622|131|40|42|50|29|3218|1045|939|1126|651
C011|2|1|0|60|2827|855|897|1076|622|431|130|137|164|95|3518|1135|1034|1240|717
C011|2|1|0|100|2827|855|897|1076|622|776|235|246|295|171|3863|1240|1143|1371|793
C011|2|1|1|0|2860|864|907|1088|630|0|0|0|0|0|3120|1014|907|1088|630
C011|2|1|1|4|2860|864|907|1088|630|21|6|7|8|5|3141|1020|914|1096|635
C011|2|1|1|20|2860|864|907|1088|630|133|40|42|50|29|3253|1054|949|1138|659
C011|2|1|1|60|2860|864|907|1088|630|436|132|138|166|96|3556|1146|1045|1254|726
C011|2|1|1|100|2860|864|907|1088|630|785|237|249|299|173|3905|1251|1156|1387|803
C011|2|1|12|0|3213|971|1019|1223|707|0|0|0|0|0|3473|1121|1019|1223|707
C011|2|1|12|4|3213|971|1019|1223|707|23|7|7|9|5|3496|1128|1026|1232|712
C011|2|1|12|20|3213|971|1019|1223|707|149|45|47|57|33|3622|1166|1066|1280|740
C011|2|1|12|60|3213|971|1019|1223|707|489|148|155|186|108|3962|1269|1174|1409|815
C011|2|1|12|100|3213|971|1019|1223|707|882|266|280|336|194|4355|1387|1299|1559|901
C011|2|6|0|0|3095|936|982|1178|681|0|0|0|0|0|3355|1086|982|1178|681
C011|2|6|0|4|3095|936|982|1178|681|22|7|7|8|5|3377|1093|989|1186|686
C011|2|6|0|20|3095|936|982|1178|681|143|43|46|55|32|3498|1129|1028|1233|713
C011|2|6|0|60|3095|936|982|1178|681|471|143|150|179|104|3826|1229|1132|1357|785
C011|2|6|0|100|3095|936|982|1178|681|849|257|269|323|187|4204|1343|1251|1501|868
C011|2|6|1|0|3128|945|992|1190|689|0|0|0|0|0|3388|1095|992|1190|689
C011|2|6|1|4|3128|945|992|1190|689|23|7|7|9|5|3411|1102|999|1199|694
C011|2|6|1|20|3128|945|992|1190|689|145|44|46|55|32|3533|1139|1038|1245|721
C011|2|6|1|60|3128|945|992|1190|689|476|144|151|181|105|3864|1239|1143|1371|794
C011|2|6|1|100|3128|945|992|1190|689|858|259|272|327|189|4246|1354|1264|1517|878
C011|2|6|12|0|3481|1052|1104|1325|766|0|0|0|0|0|3741|1202|1104|1325|766
C011|2|6|12|4|3481|1052|1104|1325|766|25|8|8|10|6|3766|1210|1112|1335|772
C011|2|6|12|20|3481|1052|1104|1325|766|161|49|51|61|36|3902|1251|1155|1386|802
C011|2|6|12|60|3481|1052|1104|1325|766|530|160|168|202|117|4271|1362|1272|1527|883
C011|2|6|12|100|3481|1052|1104|1325|766|955|289|303|364|210|4696|1491|1407|1689|976
C011|20|0|0|0|4462|1349|1415|1698|982|0|0|0|0|0|4722|1499|1415|1698|982
C011|20|0|0|4|4462|1349|1415|1698|982|32|10|10|12|7|4754|1509|1425|1710|989
C011|20|0|0|20|4462|1349|1415|1698|982|207|63|66|79|46|4929|1562|1481|1777|1028
C011|20|0|0|60|4462|1349|1415|1698|982|680|205|216|259|150|5402|1704|1631|1957|1132
C011|20|0|0|100|4462|1349|1415|1698|982|1224|370|388|466|269|5946|1869|1803|2164|1251
C011|20|0|1|0|4494|1358|1425|1711|989|0|0|0|0|0|4754|1508|1425|1711|989
C011|20|0|1|4|4494|1358|1425|1711|989|32|10|10|12|7|4786|1518|1435|1723|996
C011|20|0|1|20|4494|1358|1425|1711|989|208|63|66|79|46|4962|1571|1491|1790|1035
C011|20|0|1|60|4494|1358|1425|1711|989|685|207|217|261|151|5439|1715|1642|1972|1140
C011|20|0|1|100|4494|1358|1425|1711|989|1233|373|391|469|271|5987|1881|1816|2180|1260
C011|20|0|12|0|4848|1465|1538|1845|1067|0|0|0|0|0|5108|1615|1538|1845|1067
C011|20|0|12|4|4848|1465|1538|1845|1067|35|11|11|13|8|5143|1626|1549|1858|1075
C011|20|0|12|20|4848|1465|1538|1845|1067|225|68|71|86|49|5333|1683|1609|1931|1116
C011|20|0|12|60|4848|1465|1538|1845|1067|738|223|234|281|163|5846|1838|1772|2126|1230
C011|20|0|12|100|4848|1465|1538|1845|1067|1330|402|422|506|293|6438|2017|1960|2351|1360
C011|20|1|0|0|4516|1365|1432|1719|994|0|0|0|0|0|4776|1515|1432|1719|994
C011|20|1|0|4|4516|1365|1432|1719|994|33|10|10|12|7|4809|1525|1442|1731|1001
C011|20|1|0|20|4516|1365|1432|1719|994|209|63|66|80|46|4985|1578|1498|1799|1040
C011|20|1|0|60|4516|1365|1432|1719|994|688|208|218|262|151|5464|1723|1650|1981|1145
C011|20|1|0|100|4516|1365|1432|1719|994|1239|375|393|472|273|6015|1890|1825|2191|1267
C011|20|1|1|0|4548|1375|1442|1731|1001|0|0|0|0|0|4808|1525|1442|1731|1001
C011|20|1|1|4|4548|1375|1442|1731|1001|33|10|10|12|7|4841|1535|1452|1743|1008
C011|20|1|1|20|4548|1375|1442|1731|1001|211|64|67|80|46|5019|1589|1509|1811|1047
C011|20|1|1|60|4548|1375|1442|1731|1001|693|209|220|264|152|5501|1734|1662|1995|1153
C011|20|1|1|100|4548|1375|1442|1731|1001|1248|377|396|475|275|6056|1902|1838|2206|1276
C011|20|1|12|0|4902|1481|1555|1866|1079|0|0|0|0|0|5162|1631|1555|1866|1079
C011|20|1|12|4|4902|1481|1555|1866|1079|35|11|11|13|8|5197|1642|1566|1879|1087
C011|20|1|12|20|4902|1481|1555|1866|1079|227|69|72|87|50|5389|1700|1627|1953|1129
C011|20|1|12|60|4902|1481|1555|1866|1079|747|226|237|284|164|5909|1857|1792|2150|1243
C011|20|1|12|100|4902|1481|1555|1866|1079|1345|406|427|512|296|6507|2037|1982|2378|1375
C011|20|6|0|0|4784|1446|1517|1821|1053|0|0|0|0|0|5044|1596|1517|1821|1053
C011|20|6|0|4|4784|1446|1517|1821|1053|34|10|11|13|8|5078|1606|1528|1834|1061
C011|20|6|0|20|4784|1446|1517|1821|1053|222|67|70|84|49|5266|1663|1587|1905|1102
C011|20|6|0|60|4784|1446|1517|1821|1053|729|220|231|277|160|5773|1816|1748|2098|1213
C011|20|6|0|100|4784|1446|1517|1821|1053|1313|397|416|500|289|6357|1993|1933|2321|1342
C011|20|6|1|0|4816|1456|1527|1833|1060|0|0|0|0|0|5076|1606|1527|1833|1060
C011|20|6|1|4|4816|1456|1527|1833|1060|35|10|11|13|8|5111|1616|1538|1846|1068
C011|20|6|1|20|4816|1456|1527|1833|1060|223|68|71|85|49|5299|1674|1598|1918|1109
C011|20|6|1|60|4816|1456|1527|1833|1060|734|222|233|279|161|5810|1828|1760|2112|1221
C011|20|6|1|100|4816|1456|1527|1833|1060|1322|400|419|503|291|6398|2006|1946|2336|1351
C011|20|6|12|0|5170|1562|1640|1968|1138|0|0|0|0|0|5430|1712|1640|1968|1138
C011|20|6|12|4|5170|1562|1640|1968|1138|37|11|12|14|8|5467|1723|1652|1982|1146
C011|20|6|12|20|5170|1562|1640|1968|1138|240|72|76|91|53|5670|1784|1716|2059|1191
C011|20|6|12|60|5170|1562|1640|1968|1138|787|238|250|300|173|6217|1950|1890|2268|1311
C011|20|6|12|100|5170|1562|1640|1968|1138|1419|429|450|540|312|6849|2141|2090|2508|1450
C011|59|0|0|0|8120|2454|2575|3091|1788|0|0|0|0|0|8380|2604|2575|3091|1788
C011|59|0|0|4|8120|2454|2575|3091|1788|58|18|19|22|13|8438|2622|2594|3113|1801
C011|59|0|0|20|8120|2454|2575|3091|1788|376|114|119|143|83|8756|2718|2694|3234|1871
C011|59|0|0|60|8120|2454|2575|3091|1788|1237|374|392|471|272|9617|2978|2967|3562|2060
C011|59|0|0|100|8120|2454|2575|3091|1788|2228|673|707|848|491|10608|3277|3282|3939|2279
C011|59|0|1|0|8153|2464|2586|3103|1795|0|0|0|0|0|8413|2614|2586|3103|1795
C011|59|0|1|4|8153|2464|2586|3103|1795|59|18|19|22|13|8472|2632|2605|3125|1808
C011|59|0|1|20|8153|2464|2586|3103|1795|378|114|120|144|83|8791|2728|2706|3247|1878
C011|59|0|1|60|8153|2464|2586|3103|1795|1242|375|394|473|273|9655|2989|2980|3576|2068
C011|59|0|1|100|8153|2464|2586|3103|1795|2237|676|710|851|493|10650|3290|3296|3954|2288
C011|59|0|12|0|8506|2571|2698|3237|1873|0|0|0|0|0|8766|2721|2698|3237|1873
C011|59|0|12|4|8506|2571|2698|3237|1873|61|19|19|23|13|8827|2740|2717|3260|1886
C011|59|0|12|20|8506|2571|2698|3237|1873|394|119|125|150|87|9160|2840|2823|3387|1960
C011|59|0|12|60|8506|2571|2698|3237|1873|1296|392|411|493|285|10062|3113|3109|3730|2158
C011|59|0|12|100|8506|2571|2698|3237|1873|2334|705|740|888|514|11100|3426|3438|4125|2387
C011|59|1|0|0|8174|2470|2592|3111|1799|0|0|0|0|0|8434|2620|2592|3111|1799
C011|59|1|0|4|8174|2470|2592|3111|1799|59|18|19|22|13|8493|2638|2611|3133|1812
C011|59|1|0|20|8174|2470|2592|3111|1799|379|115|120|144|83|8813|2735|2712|3255|1882
C011|59|1|0|60|8174|2470|2592|3111|1799|1245|376|395|474|274|9679|2996|2987|3585|2073
C011|59|1|0|100|8174|2470|2592|3111|1799|2243|678|711|854|494|10677|3298|3303|3965|2293
C011|59|1|1|0|8206|2480|2603|3123|1807|0|0|0|0|0|8466|2630|2603|3123|1807
C011|59|1|1|4|8206|2480|2603|3123|1807|59|18|19|22|13|8525|2648|2622|3145|1820
C011|59|1|1|20|8206|2480|2603|3123|1807|380|115|121|145|84|8846|2745|2724|3268|1891
C011|59|1|1|60|8206|2480|2603|3123|1807|1250|378|396|476|275|9716|3008|2999|3599|2082
C011|59|1|1|100|8206|2480|2603|3123|1807|2252|681|714|857|496|10718|3311|3317|3980|2303
C011|59|1|12|0|8560|2587|2715|3258|1884|0|0|0|0|0|8820|2737|2715|3258|1884
C011|59|1|12|4|8560|2587|2715|3258|1884|62|19|20|23|14|8882|2756|2735|3281|1898
C011|59|1|12|20|8560|2587|2715|3258|1884|397|120|126|151|87|9217|2857|2841|3409|1971
C011|59|1|12|60|8560|2587|2715|3258|1884|1304|394|414|496|287|10124|3131|3129|3754|2171
C011|59|1|12|100|8560|2587|2715|3258|1884|2349|710|745|894|517|11169|3447|3460|4152|2401
C011|59|6|0|0|8442|2552|2678|3213|1859|0|0|0|0|0|8702|2702|2678|3213|1859
C011|59|6|0|4|8442|2552|2678|3213|1859|61|18|19|23|13|8763|2720|2697|3236|1872
C011|59|6|0|20|8442|2552|2678|3213|1859|391|118|124|149|86|9093|2820|2802|3362|1945
C011|59|6|0|60|8442|2552|2678|3213|1859|1286|389|408|489|283|9988|3091|3086|3702|2142
C011|59|6|0|100|8442|2552|2678|3213|1859|2316|700|735|882|510|11018|3402|3413|4095|2369
C011|59|6|1|0|8474|2561|2688|3225|1866|0|0|0|0|0|8734|2711|2688|3225|1866
C011|59|6|1|4|8474|2561|2688|3225|1866|61|18|19|23|13|8795|2729|2707|3248|1879
C011|59|6|1|20|8474|2561|2688|3225|1866|393|119|125|150|87|9127|2830|2813|3375|1953
C011|59|6|1|60|8474|2561|2688|3225|1866|1291|390|409|491|284|10025|3101|3097|3716|2150
C011|59|6|1|100|8474|2561|2688|3225|1866|2325|703|738|885|512|11059|3414|3426|4110|2378
C011|59|6|12|0|8828|2668|2800|3360|1943|0|0|0|0|0|9088|2818|2800|3360|1943
C011|59|6|12|4|8828|2668|2800|3360|1943|64|19|20|24|14|9152|2837|2820|3384|1957
C011|59|6|12|20|8828|2668|2800|3360|1943|409|124|130|156|90|9497|2942|2930|3516|2033
C011|59|6|12|60|8828|2668|2800|3360|1943|1345|406|426|512|296|10433|3224|3226|3872|2239
C011|59|6|12|100|8828|2668|2800|3360|1943|2422|732|768|922|533|11510|3550|3568|4282|2476
C011|60|0|0|0|8214|2483|2605|3126|1808|0|0|0|0|0|8474|2633|2605|3126|1808
C011|60|0|0|4|8214|2483|2605|3126|1808|59|18|19|23|13|8533|2651|2624|3149|1821
C011|60|0|0|20|8214|2483|2605|3126|1808|381|115|121|145|84|8855|2748|2726|3271|1892
C011|60|0|0|60|8214|2483|2605|3126|1808|1251|378|397|476|275|9725|3011|3002|3602|2083
C011|60|0|0|100|8214|2483|2605|3126|1808|2254|681|715|858|496|10728|3314|3320|3984|2304
C011|60|0|1|0|8246|2492|2615|3139|1815|0|0|0|0|0|8506|2642|2615|3139|1815
C011|60|0|1|4|8246|2492|2615|3139|1815|59|18|19|23|13|8565|2660|2634|3162|1828
C011|60|0|1|20|8246|2492|2615|3139|1815|382|116|121|146|84|8888|2758|2736|3285|1899
C011|60|0|1|60|8246|2492|2615|3139|1815|1256|380|398|478|276|9762|3022|3013|3617|2091
C011|60|0|1|100|8246|2492|2615|3139|1815|2263|684|718|861|498|10769|3326|3333|4000|2313
C011|60|0|12|0|8600|2599|2728|3273|1893|0|0|0|0|0|8860|2749|2728|3273|1893
C011|60|0|12|4|8600|2599|2728|3273|1893|62|19|20|24|14|8922|2768|2748|3297|1907
C011|60|0|12|20|8600|2599|2728|3273|1893|399|120|126|152|88|9259|2869|2854|3425|1981
C011|60|0|12|60|8600|2599|2728|3273|1893|1310|396|416|499|288|10170|3145|3144|3772|2181
C011|60|0|12|100|8600|2599|2728|3273|1893|2360|713|749|898|519|11220|3462|3477|4171|2412
C011|60|1|0|0|8268|2499|2622|3147|1820|0|0|0|0|0|8528|2649|2622|3147|1820
C011|60|1|0|4|8268|2499|2622|3147|1820|60|18|19|23|13|8588|2667|2641|3170|1833
C011|60|1|0|20|8268|2499|2622|3147|1820|383|116|122|146|84|8911|2765|2744|3293|1904
C011|60|1|0|60|8268|2499|2622|3147|1820|1259|381|399|479|277|9787|3030|3021|3626|2097
C011|60|1|0|100|8268|2499|2622|3147|1820|2269|686|719|864|499|10797|3335|3341|4011|2319
C011|60|1|1|0|8300|2509|2632|3159|1827|0|0|0|0|0|8560|2659|2632|3159|1827
C011|60|1|1|4|8300|2509|2632|3159|1827|60|18|19|23|13|8620|2677|2651|3182|1840
C011|60|1|1|20|8300|2509|2632|3159|1827|385|116|122|146|85|8945|2775|2754|3305|1912
C011|60|1|1|60|8300|2509|2632|3159|1827|1264|382|401|481|278|9824|3041|3033|3640|2105
C011|60|1|1|100|8300|2509|2632|3159|1827|2278|688|722|867|501|10838|3347|3354|4026|2328
C011|60|1|12|0|8654|2615|2745|3294|1905|0|0|0|0|0|8914|2765|2745|3294|1905
C011|60|1|12|4|8654|2615|2745|3294|1905|62|19|20|24|14|8976|2784|2765|3318|1919
C011|60|1|12|20|8654|2615|2745|3294|1905|401|121|127|153|88|9315|2886|2872|3447|1993
C011|60|1|12|60|8654|2615|2745|3294|1905|1318|398|418|502|290|10232|3163|3163|3796|2195
C011|60|1|12|100|8654|2615|2745|3294|1905|2375|718|753|904|523|11289|3483|3498|4198|2428
C011|60|6|0|0|8536|2580|2707|3249|1879|0|0|0|0|0|8796|2730|2707|3249|1879
C011|60|6|0|4|8536|2580|2707|3249|1879|61|19|19|23|14|8857|2749|2726|3272|1893
C011|60|6|0|20|8536|2580|2707|3249|1879|396|120|125|151|87|9192|2850|2832|3400|1966
C011|60|6|0|60|8536|2580|2707|3249|1879|1300|393|412|495|286|10096|3123|3119|3744|2165
C011|60|6|0|100|8536|2580|2707|3249|1879|2342|708|743|892|516|11138|3438|3450|4141|2395
C011|60|6|1|0|8568|2590|2717|3261|1886|0|0|0|0|0|8828|2740|2717|3261|1886
C011|60|6|1|4|8568|2590|2717|3261|1886|62|19|20|23|14|8890|2759|2737|3284|1900
C011|60|6|1|20|8568|2590|2717|3261|1886|397|120|126|151|87|9225|2860|2843|3412|1973
C011|60|6|1|60|8568|2590|2717|3261|1886|1305|395|414|497|287|10133|3135|3131|3758|2173
C011|60|6|1|100|8568|2590|2717|3261|1886|2351|711|746|895|518|11179|3451|3463|4156|2404
C011|60|6|12|0|8922|2696|2830|3396|1964|0|0|0|0|0|9182|2846|2830|3396|1964
C011|60|6|12|4|8922|2696|2830|3396|1964|64|19|20|24|14|9246|2865|2850|3420|1978
C011|60|6|12|20|8922|2696|2830|3396|1964|414|125|131|157|91|9596|2971|2961|3553|2055
C011|60|6|12|60|8922|2696|2830|3396|1964|1359|411|431|517|299|10541|3257|3261|3913|2263
C011|60|6|12|100|8922|2696|2830|3396|1964|2448|740|777|932|539|11630|3586|3607|4328|2503
C012|1|0|0|0|2740|800|860|1000|580|0|0|0|0|0|3000|950|860|1000|580
C012|1|0|0|4|2740|800|860|1000|580|20|6|6|7|4|3020|956|866|1007|584
C012|1|0|0|20|2740|800|860|1000|580|127|37|40|46|27|3127|987|900|1046|607
C012|1|0|0|60|2740|800|860|1000|580|417|122|131|152|88|3417|1072|991|1152|668
C012|1|0|0|100|2740|800|860|1000|580|752|220|236|274|159|3752|1170|1096|1274|739
C012|1|0|1|0|2773|810|870|1012|587|0|0|0|0|0|3033|960|870|1012|587
C012|1|0|1|4|2773|810|870|1012|587|20|6|6|7|4|3053|966|876|1019|591
C012|1|0|1|20|2773|810|870|1012|587|129|38|40|47|27|3162|998|910|1059|614
C012|1|0|1|60|2773|810|870|1012|587|422|123|133|154|89|3455|1083|1003|1166|676
C012|1|0|1|100|2773|810|870|1012|587|761|222|239|278|161|3794|1182|1109|1290|748
C012|1|0|12|0|3135|915|984|1144|664|0|0|0|0|0|3395|1065|984|1144|664
C012|1|0|12|4|3135|915|984|1144|664|23|7|7|8|5|3418|1072|991|1152|669
C012|1|0|12|20|3135|915|984|1144|664|145|42|46|53|31|3540|1107|1030|1197|695
C012|1|0|12|60|3135|915|984|1144|664|478|139|150|174|101|3873|1204|1134|1318|765
C012|1|0|12|100|3135|915|984|1144|664|860|251|270|314|182|4255|1316|1254|1458|846
C012|1|1|0|0|2795|816|877|1020|592|0|0|0|0|0|3055|966|877|1020|592
C012|1|1|0|4|2795|816|877|1020|592|20|6|6|7|4|3075|972|883|1027|596
C012|1|1|0|20|2795|816|877|1020|592|130|38|41|47|27|3185|1004|918|1067|619
C012|1|1|0|60|2795|816|877|1020|592|426|124|134|155|90|3481|1090|1011|1175|682
C012|1|1|0|100|2795|816|877|1020|592|767|224|241|280|162|3822|1190|1118|1300|754
C012|1|1|1|0|2828|826|888|1032|599|0|0|0|0|0|3088|976|888|1032|599
C012|1|1|1|4|2828|826|888|1032|599|20|6|6|7|4|3108|982|894|1039|603
C012|1|1|1|20|2828|826|888|1032|599|131|38|41|48|28|3219|1014|929|1080|627
C012|1|1|1|60|2828|826|888|1032|599|431|126|135|157|91|3519|1102|1023|1189|690
C012|1|1|1|100|2828|826|888|1032|599|776|227|244|283|164|3864|1203|1132|1315|763
C012|1|1|12|0|3189|931|1001|1164|675|0|0|0|0|0|3449|1081|1001|1164|675
C012|1|1|12|4|3189|931|1001|1164|675|23|7|7|8|5|3472|1088|1008|1172|680
C012|1|1|12|20|3189|931|1001|1164|675|148|43|46|54|31|3597|1124|1047|1218|706
C012|1|1|12|60|3189|931|1001|1164|675|486|142|152|177|103|3935|1223|1153|1341|778
C012|1|1|12|100|3189|931|1001|1164|675|875|255|275|319|185|4324|1336|1276|1483|860
C012|1|6|0|0|3069|896|963|1120|650|0|0|0|0|0|3329|1046|963|1120|650
C012|1|6|0|4|3069|896|963|1120|650|22|6|7|8|5|3351|1052|970|1128|655
C012|1|6|0|20|3069|896|963|1120|650|142|42|45|52|30|3471|1088|1008|1172|680
C012|1|6|0|60|3069|896|963|1120|650|467|136|147|171|99|3796|1182|1110|1291|749
C012|1|6|0|100|3069|896|963|1120|650|842|246|264|307|178|4171|1292|1227|1427|828
C012|1|6|1|0|3102|906|974|1132|657|0|0|0|0|0|3362|1056|974|1132|657
C012|1|6|1|4|3102|906|974|1132|657|22|7|7|8|5|3384|1063|981|1140|662
C012|1|6|1|20|3102|906|974|1132|657|144|42|45|52|30|3506|1098|1019|1184|687
C012|1|6|1|60|3102|906|974|1132|657|472|138|148|172|100|3834|1194|1122|1304|757
C012|1|6|1|100|3102|906|974|1132|657|851|249|267|311|180|4213|1305|1241|1443|837
C012|1|6|12|0|3463|1011|1087|1264|733|0|0|0|0|0|3723|1161|1087|1264|733
C012|1|6|12|4|3463|1011|1087|1264|733|25|7|8|9|5|3748|1168|1095|1273|738
C012|1|6|12|20|3463|1011|1087|1264|733|161|47|50|59|34|3884|1208|1137|1323|767
C012|1|6|12|60|3463|1011|1087|1264|733|527|154|166|193|112|4250|1315|1253|1457|845
C012|1|6|12|100|3463|1011|1087|1264|733|950|277|298|347|201|4673|1438|1385|1611|934
C012|2|0|0|0|2836|828|890|1035|600|0|0|0|0|0|3096|978|890|1035|600
C012|2|0|0|4|2836|828|890|1035|600|20|6|6|7|4|3116|984|896|1042|604
C012|2|0|0|20|2836|828|890|1035|600|131|38|41|48|28|3227|1016|931|1083|628
C012|2|0|0|60|2836|828|890|1035|600|432|126|136|158|91|3528|1104|1026|1193|691
C012|2|0|0|100|2836|828|890|1035|600|778|227|244|284|165|3874|1205|1134|1319|765
C012|2|0|1|0|2869|838|900|1047|607|0|0|0|0|0|3129|988|900|1047|607
C012|2|0|1|4|2869|838|900|1047|607|21|6|6|8|4|3150|994|906|1055|611
C012|2|0|1|20|2869|838|900|1047|607|133|39|42|49|28|3262|1027|942|1096|635
C012|2|0|1|60|2869|838|900|1047|607|437|128|137|159|92|3566|1116|1037|1206|699
C012|2|0|1|100|2869|838|900|1047|607|787|230|247|287|167|3916|1218|1147|1334|774
C012|2|0|12|0|3230|943|1014|1179|684|0|0|0|0|0|3490|1093|1014|1179|684
C012|2|0|12|4|3230|943|1014|1179|684|23|7|7|8|5|3513|1100|1021|1187|689
C012|2|0|12|20|3230|943|1014|1179|684|150|44|47|55|32|3640|1137|1061|1234|716
C012|2|0|12|60|3230|943|1014|1179|684|492|144|154|180|104|3982|1237|1168|1359|788
C012|2|0|12|100|3230|943|1014|1179|684|886|259|278|324|188|4376|1352|1292|1503|872
C012|2|1|0|0|2891|844|907|1055|612|0|0|0|0|0|3151|994|907|1055|612
C012|2|1|0|4|2891|844|907|1055|612|21|6|7|8|4|3172|1000|914|1063|616
C012|2|1|0|20|2891|844|907|1055|612|134|39|42|49|28|3285|1033|949|1104|640
C012|2|1|0|60|2891|844|907|1055|612|440|129|138|161|93|3591|1123|1045|1216|705
C012|2|1|0|100|2891|844|907|1055|612|793|232|249|289|168|3944|1226|1156|1344|780
C012|2|1|1|0|2924|854|918|1067|619|0|0|0|0|0|3184|1004|918|1067|619
C012|2|1|1|4|2924|854|918|1067|619|21|6|7|8|4|3205|1010|925|1075|623
C012|2|1|1|20|2924|854|918|1067|619|136|40|43|49|29|3320|1044|961|1116|648
C012|2|1|1|60|2924|854|918|1067|619|445|130|140|163|94|3629|1134|1058|1230|713
C012|2|1|1|100|2924|854|918|1067|619|802|234|252|293|170|3986|1238|1170|1360|789
C012|2|1|12|0|3285|959|1031|1199|695|0|0|0|0|0|3545|1109|1031|1199|695
C012|2|1|12|4|3285|959|1031|1199|695|24|7|7|9|5|3569|1116|1038|1208|700
C012|2|1|12|20|3285|959|1031|1199|695|152|44|48|56|32|3697|1153|1079|1255|727
C012|2|1|12|60|3285|959|1031|1199|695|500|146|157|183|106|4045|1255|1188|1382|801
C012|2|1|12|100|3285|959|1031|1199|695|901|263|283|329|191|4446|1372|1314|1528|886
C012|2|6|0|0|3165|924|993|1155|670|0|0|0|0|0|3425|1074|993|1155|670
C012|2|6|0|4|3165|924|993|1155|670|23|7|7|8|5|3448|1081|1000|1163|675
C012|2|6|0|20|3165|924|993|1155|670|147|43|46|54|31|3572|1117|1039|1209|701
C012|2|6|0|60|3165|924|993|1155|670|482|141|151|176|102|3907|1215|1144|1331|772
C012|2|6|0|100|3165|924|993|1155|670|868|254|272|317|184|4293|1328|1265|1472|854
C012|2|6|1|0|3198|934|1004|1167|677|0|0|0|0|0|3458|1084|1004|1167|677
C012|2|6|1|4|3198|934|1004|1167|677|23|7|7|8|5|3481|1091|1011|1175|682
C012|2|6|1|20|3198|934|1004|1167|677|148|43|47|54|31|3606|1127|1051|1221|708
C012|2|6|1|60|3198|934|1004|1167|677|487|142|153|178|103|3945|1226|1157|1345|780
C012|2|6|1|100|3198|934|1004|1167|677|878|256|275|320|186|4336|1340|1279|1487|863
C012|2|6|12|0|3559|1039|1117|1299|753|0|0|0|0|0|3819|1189|1117|1299|753
C012|2|6|12|4|3559|1039|1117|1299|753|26|7|8|9|5|3845|1196|1125|1308|758
C012|2|6|12|20|3559|1039|1117|1299|753|165|48|52|60|35|3984|1237|1169|1359|788
C012|2|6|12|60|3559|1039|1117|1299|753|542|158|170|198|115|4361|1347|1287|1497|868
C012|2|6|12|100|3559|1039|1117|1299|753|977|285|307|356|207|4796|1474|1424|1655|960
C012|20|0|0|0|4562|1332|1432|1665|966|0|0|0|0|0|4822|1482|1432|1665|966
C012|20|0|0|4|4562|1332|1432|1665|966|33|10|10|12|7|4855|1492|1442|1677|973
C012|20|0|0|20|4562|1332|1432|1665|966|211|62|66|77|45|5033|1544|1498|1742|1011
C012|20|0|0|60|4562|1332|1432|1665|966|695|203|218|254|147|5517|1685|1650|1919|1113
C012|20|0|0|100|4562|1332|1432|1665|966|1252|366|393|457|265|6074|1848|1825|2122|1231
C012|20|0|1|0|4595|1342|1442|1677|973|0|0|0|0|0|4855|1492|1442|1677|973
C012|20|0|1|4|4595|1342|1442|1677|973|33|10|10|12|7|4888|1502|1452|1689|980
C012|20|0|1|20|4595|1342|1442|1677|973|213|62|67|78|45|5068|1554|1509|1755|1018
C012|20|0|1|60|4595|1342|1442|1677|973|700|204|220|255|148|5555|1696|1662|1932|1121
C012|20|0|1|100|4595|1342|1442|1677|973|1261|368|396|460|267|6116|1860|1838|2137|1240
C012|20|0|12|0|4957|1447|1556|1809|1049|0|0|0|0|0|5217|1597|1556|1809|1049
C012|20|0|12|4|4957|1447|1556|1809|1049|36|10|11|13|8|5253|1607|1567|1822|1057
C012|20|0|12|20|4957|1447|1556|1809|1049|230|67|72|84|49|5447|1664|1628|1893|1098
C012|20|0|12|60|4957|1447|1556|1809|1049|755|220|237|276|160|5972|1817|1793|2085|1209
C012|20|0|12|100|4957|1447|1556|1809|1049|1360|397|427|496|288|6577|1994|1983|2305|1337
C012|20|1|0|0|4617|1348|1449|1685|977|0|0|0|0|0|4877|1498|1449|1685|977
C012|20|1|0|4|4617|1348|1449|1685|977|33|10|10|12|7|4910|1508|1459|1697|984
C012|20|1|0|20|4617|1348|1449|1685|977|214|62|67|78|45|5091|1560|1516|1763|1022
C012|20|1|0|60|4617|1348|1449|1685|977|703|205|221|257|149|5580|1703|1670|1942|1126
C012|20|1|0|100|4617|1348|1449|1685|977|1267|370|398|462|268|6144|1868|1847|2147|1245
C012|20|1|1|0|4650|1358|1459|1697|984|0|0|0|0|0|4910|1508|1459|1697|984
C012|20|1|1|4|4650|1358|1459|1697|984|33|10|11|12|7|4943|1518|1470|1709|991
C012|20|1|1|20|4650|1358|1459|1697|984|216|63|68|79|46|5126|1571|1527|1776|1030
C012|20|1|1|60|4650|1358|1459|1697|984|708|207|222|258|150|5618|1715|1681|1955|1134
C012|20|1|1|100|4650|1358|1459|1697|984|1276|373|400|466|270|6186|1881|1859|2163|1254
C012|20|1|12|0|5011|1463|1573|1829|1061|0|0|0|0|0|5271|1613|1573|1829|1061
C012|20|1|12|4|5011|1463|1573|1829|1061|36|11|11|13|8|5307|1624|1584|1842|1069
C012|20|1|12|20|5011|1463|1573|1829|1061|232|68|73|85|49|5503|1681|1646|1914|1110
C012|20|1|12|60|5011|1463|1573|1829|1061|763|223|240|279|162|6034|1836|1813|2108|1223
C012|20|1|12|100|5011|1463|1573|1829|1061|1375|401|432|502|291|6646|2014|2005|2331|1352
C012|20|6|0|0|4891|1428|1535|1785|1035|0|0|0|0|0|5151|1578|1535|1785|1035
C012|20|6|0|4|4891|1428|1535|1785|1035|35|10|11|13|7|5186|1588|1546|1798|1042
C012|20|6|0|20|4891|1428|1535|1785|1035|227|66|71|83|48|5378|1644|1606|1868|1083
C012|20|6|0|60|4891|1428|1535|1785|1035|745|218|234|272|158|5896|1796|1769|2057|1193
C012|20|6|0|100|4891|1428|1535|1785|1035|1342|392|421|490|284|6493|1970|1956|2275|1319
C012|20|6|1|0|4924|1438|1545|1797|1042|0|0|0|0|0|5184|1588|1545|1797|1042
C012|20|6|1|4|4924|1438|1545|1797|1042|35|10|11|13|8|5219|1598|1556|1810|1050
C012|20|6|1|20|4924|1438|1545|1797|1042|228|67|72|83|48|5412|1655|1617|1880|1090
C012|20|6|1|60|4924|1438|1545|1797|1042|750|219|235|274|159|5934|1807|1780|2071|1201
C012|20|6|1|100|4924|1438|1545|1797|1042|1351|395|424|493|286|6535|1983|1969|2290|1328
C012|20|6|12|0|5285|1543|1659|1929|1119|0|0|0|0|0|5545|1693|1659|1929|1119
C012|20|6|12|4|5285|1543|1659|1929|1119|38|11|12|14|8|5583|1704|1671|1943|1127
C012|20|6|12|20|5285|1543|1659|1929|1119|245|72|77|89|52|5790|1765|1736|2018|1171
C012|20|6|12|60|5285|1543|1659|1929|1119|805|235|253|294|170|6350|1928|1912|2223|1289
C012|20|6|12|100|5285|1543|1659|1929|1119|1450|423|455|529|307|6995|2116|2114|2458|1426
C012|59|0|0|0|8302|2424|2606|3030|1757|0|0|0|0|0|8562|2574|2606|3030|1757
C012|59|0|0|4|8302|2424|2606|3030|1757|60|17|19|22|13|8622|2591|2625|3052|1770
C012|59|0|0|20|8302|2424|2606|3030|1757|385|112|121|140|81|8947|2686|2727|3170|1838
C012|59|0|0|60|8302|2424|2606|3030|1757|1265|369|397|462|268|9827|2943|3003|3492|2025
C012|59|0|0|100|8302|2424|2606|3030|1757|2278|665|715|831|482|10840|3239|3321|3861|2239
C012|59|0|1|0|8335|2434|2616|3042|1764|0|0|0|0|0|8595|2584|2616|3042|1764
C012|59|0|1|4|8335|2434|2616|3042|1764|60|18|19|22|13|8655|2602|2635|3064|1777
C012|59|0|1|20|8335|2434|2616|3042|1764|386|113|121|141|82|8981|2697|2737|3183|1846
C012|59|0|1|60|8335|2434|2616|3042|1764|1270|371|398|463|269|9865|2955|3014|3505|2033
C012|59|0|1|100|8335|2434|2616|3042|1764|2287|668|718|835|484|10882|3252|3334|3877|2248
C012|59|0|12|0|8697|2539|2730|3174|1841|0|0|0|0|0|8957|2689|2730|3174|1841
C012|59|0|12|4|8697|2539|2730|3174|1841|63|18|20|23|13|9020|2707|2750|3197|1854
C012|59|0|12|20|8697|2539|2730|3174|1841|403|118|127|147|85|9360|2807|2857|3321|1926
C012|59|0|12|60|8697|2539|2730|3174|1841|1325|387|416|483|280|10282|3076|3146|3657|2121
C012|59|0|12|100|8697|2539|2730|3174|1841|2386|697|749|871|505|11343|3386|3479|4045|2346
C012|59|1|0|0|8357|2440|2623|3050|1769|0|0|0|0|0|8617|2590|2623|3050|1769
C012|59|1|0|4|8357|2440|2623|3050|1769|60|18|19|22|13|8677|2608|2642|3072|1782
C012|59|1|0|20|8357|2440|2623|3050|1769|387|113|122|141|82|9004|2703|2745|3191|1851
C012|59|1|0|60|8357|2440|2623|3050|1769|1273|372|400|465|269|9890|2962|3023|3515|2038
C012|59|1|0|100|8357|2440|2623|3050|1769|2293|670|720|837|485|10910|3260|3343|3887|2254
C012|59|1|1|0|8390|2450|2633|3062|1776|0|0|0|0|0|8650|2600|2633|3062|1776
C012|59|1|1|4|8390|2450|2633|3062|1776|60|18|19|22|13|8710|2618|2652|3084|1789
C012|59|1|1|20|8390|2450|2633|3062|1776|389|114|122|142|82|9039|2714|2755|3204|1858
C012|59|1|1|60|8390|2450|2633|3062|1776|1278|373|401|466|271|9928|2973|3034|3528|2047
C012|59|1|1|100|8390|2450|2633|3062|1776|2302|672|722|840|487|10952|3272|3355|3902|2263
C012|59|1|12|0|8752|2555|2747|3194|1853|0|0|0|0|0|9012|2705|2747|3194|1853
C012|59|1|12|4|8752|2555|2747|3194|1853|63|18|20|23|13|9075|2723|2767|3217|1866
C012|59|1|12|20|8752|2555|2747|3194|1853|406|118|127|148|86|9418|2823|2874|3342|1939
C012|59|1|12|60|8752|2555|2747|3194|1853|1333|389|418|487|282|10345|3094|3165|3681|2135
C012|59|1|12|100|8752|2555|2747|3194|1853|2402|701|754|876|508|11414|3406|3501|4070|2361
C012|59|6|0|0|8631|2520|2709|3150|1827|0|0|0|0|0|8891|2670|2709|3150|1827
C012|59|6|0|4|8631|2520|2709|3150|1827|62|18|20|23|13|8953|2688|2729|3173|1840
C012|59|6|0|20|8631|2520|2709|3150|1827|400|117|126|146|85|9291|2787|2835|3296|1912
C012|59|6|0|60|8631|2520|2709|3150|1827|1315|384|413|480|278|10206|3054|3122|3630|2105
C012|59|6|0|100|8631|2520|2709|3150|1827|2368|691|743|864|501|11259|3361|3452|4014|2328
C012|59|6|1|0|8664|2530|2719|3162|1834|0|0|0|0|0|8924|2680|2719|3162|1834
C012|59|6|1|4|8664|2530|2719|3162|1834|62|18|20|23|13|8986|2698|2739|3185|1847
C012|59|6|1|20|8664|2530|2719|3162|1834|402|117|126|147|85|9326|2797|2845|3309|1919
C012|59|6|1|60|8664|2530|2719|3162|1834|1320|385|414|482|279|10244|3065|3133|3644|2113
C012|59|6|1|100|8664|2530|2719|3162|1834|2377|694|746|868|503|11301|3374|3465|4030|2337
C012|59|6|12|0|9026|2635|2833|3294|1911|0|0|0|0|0|9286|2785|2833|3294|1911
C012|59|6|12|4|9026|2635|2833|3294|1911|65|19|20|24|14|9351|2804|2853|3318|1925
C012|59|6|12|20|9026|2635|2833|3294|1911|418|122|131|153|89|9704|2907|2964|3447|2000
C012|59|6|12|60|9026|2635|2833|3294|1911|1375|401|432|502|291|10661|3186|3265|3796|2202
C012|59|6|12|100|9026|2635|2833|3294|1911|2477|723|777|904|524|11763|3508|3610|4198|2435
C012|60|0|0|0|8398|2452|2636|3065|1778|0|0|0|0|0|8658|2602|2636|3065|1778
C012|60|0|0|4|8398|2452|2636|3065|1778|60|18|19|22|13|8718|2620|2655|3087|1791
C012|60|0|0|20|8398|2452|2636|3065|1778|389|114|122|142|82|9047|2716|2758|3207|1860
C012|60|0|0|60|8398|2452|2636|3065|1778|1279|373|402|467|271|9937|2975|3038|3532|2049
C012|60|0|0|100|8398|2452|2636|3065|1778|2304|673|723|841|488|10962|3275|3359|3906|2266
C012|60|0|1|0|8431|2462|2646|3077|1785|0|0|0|0|0|8691|2612|2646|3077|1785
C012|60|0|1|4|8431|2462|2646|3077|1785|61|18|19|22|13|8752|2630|2665|3099|1798
C012|60|0|1|20|8431|2462|2646|3077|1785|391|114|123|143|83|9082|2726|2769|3220|1868
C012|60|0|1|60|8431|2462|2646|3077|1785|1284|375|403|469|272|9975|2987|3049|3546|2057
C012|60|0|1|100|8431|2462|2646|3077|1785|2313|676|726|844|490|11004|3288|3372|3921|2275
C012|60|0|12|0|8793|2567|2760|3209|1861|0|0|0|0|0|9053|2717|2760|3209|1861
C012|60|0|12|4|8793|2567|2760|3209|1861|63|18|20|23|13|9116|2735|2780|3232|1874
C012|60|0|12|20|8793|2567|2760|3209|1861|408|119|128|149|86|9461|2836|2888|3358|1947
C012|60|0|12|60|8793|2567|2760|3209|1861|1339|391|420|489|283|10392|3108|3180|3698|2144
C012|60|0|12|100|8793|2567|2760|3209|1861|2413|704|757|881|511|11466|3421|3517|4090|2372
C012|60|1|0|0|8453|2468|2653|3085|1789|0|0|0|0|0|8713|2618|2653|3085|1789
C012|60|1|0|4|8453|2468|2653|3085|1789|61|18|19|22|13|8774|2636|2672|3107|1802
C012|60|1|0|20|8453|2468|2653|3085|1789|392|114|123|143|83|9105|2732|2776|3228|1872
C012|60|1|0|60|8453|2468|2653|3085|1789|1288|376|404|470|273|10001|2994|3057|3555|2062
C012|60|1|0|100|8453|2468|2653|3085|1789|2320|677|728|847|491|11033|3295|3381|3932|2280
C012|60|1|1|0|8486|2478|2663|3097|1796|0|0|0|0|0|8746|2628|2663|3097|1796
C012|60|1|1|4|8486|2478|2663|3097|1796|61|18|19|22|13|8807|2646|2682|3119|1809
C012|60|1|1|20|8486|2478|2663|3097|1796|393|115|123|144|83|9139|2743|2786|3241|1879
C012|60|1|1|60|8486|2478|2663|3097|1796|1293|377|406|472|274|10039|3005|3069|3569|2070
C012|60|1|1|100|8486|2478|2663|3097|1796|2329|680|731|850|493|11075|3308|3394|3947|2289
C012|60|1|12|0|8847|2583|2777|3229|1873|0|0|0|0|0|9107|2733|2777|3229|1873
C012|60|1|12|4|8847|2583|2777|3229|1873|64|19|20|23|13|9171|2752|2797|3252|1886
C012|60|1|12|20|8847|2583|2777|3229|1873|410|120|129|150|87|9517|2853|2906|3379|1960
C012|60|1|12|60|8847|2583|2777|3229|1873|1348|393|423|492|285|10455|3126|3200|3721|2158
C012|60|1|12|100|8847|2583|2777|3229|1873|2428|709|762|886|514|11535|3442|3539|4115|2387
C012|60|6|0|0|8727|2548|2739|3185|1847|0|0|0|0|0|8987|2698|2739|3185|1847
C012|60|6|0|4|8727|2548|2739|3185|1847|63|18|20|23|13|9050|2716|2759|3208|1860
C012|60|6|0|20|8727|2548|2739|3185|1847|405|118|127|148|86|9392|2816|2866|3333|1933
C012|60|6|0|60|8727|2548|2739|3185|1847|1329|388|417|485|281|10316|3086|3156|3670|2128
C012|60|6|0|100|8727|2548|2739|3185|1847|2395|699|752|874|507|11382|3397|3491|4059|2354
C012|60|6|1|0|8760|2558|2749|3197|1854|0|0|0|0|0|9020|2708|2749|3197|1854
C012|60|6|1|4|8760|2558|2749|3197|1854|63|18|20|23|13|9083|2726|2769|3220|1867
C012|60|6|1|20|8760|2558|2749|3197|1854|406|119|127|148|86|9426|2827|2876|3345|1940
C012|60|6|1|60|8760|2558|2749|3197|1854|1334|390|419|487|282|10354|3098|3168|3684|2136
C012|60|6|1|100|8760|2558|2749|3197|1854|2404|702|754|877|509|11424|3410|3503|4074|2363
C012|60|6|12|0|9121|2663|2863|3329|1931|0|0|0|0|0|9381|2813|2863|3329|1931
C012|60|6|12|4|9121|2663|2863|3329|1931|66|19|21|24|14|9447|2832|2884|3353|1945
C012|60|6|12|20|9121|2663|2863|3329|1931|423|123|133|154|90|9804|2936|2996|3483|2021
C012|60|6|12|60|9121|2663|2863|3329|1931|1389|406|436|507|294|10770|3219|3299|3836|2225
C012|60|6|12|100|9121|2663|2863|3329|1931|2503|731|786|913|530|11884|3544|3649|4242|2461
C013|1|0|0|0|2520|860|750|1080|690|0|0|0|0|0|2780|1010|750|1080|690
C013|1|0|0|4|2520|860|750|1080|690|18|6|5|8|5|2798|1016|755|1088|695
C013|1|0|0|20|2520|860|750|1080|690|117|40|35|50|32|2897|1050|785|1130|722
C013|1|0|0|60|2520|860|750|1080|690|384|131|114|165|105|3164|1141|864|1245|795
C013|1|0|0|100|2520|860|750|1080|690|691|236|206|296|189|3471|1246|956|1376|879
C013|1|0|1|0|2550|870|759|1093|698|0|0|0|0|0|2810|1020|759|1093|698
C013|1|0|1|4|2550|870|759|1093|698|18|6|5|8|5|2828|1026|764|1101|703
C013|1|0|1|20|2550|870|759|1093|698|118|40|35|51|32|2928|1060|794|1144|730
C013|1|0|1|60|2550|870|759|1093|698|388|133|116|166|106|3198|1153|875|1259|804
C013|1|0|1|100|2550|870|759|1093|698|700|239|208|300|192|3510|1259|967|1393|890
C013|1|0|12|0|2883|984|858|1236|789|0|0|0|0|0|3143|1134|858|1236|789
C013|1|0|12|4|2883|984|858|1236|789|21|7|6|9|6|3164|1141|864|1245|795
C013|1|0|12|20|2883|984|858|1236|789|134|46|40|57|37|3277|1180|898|1293|826
C013|1|0|12|60|2883|984|858|1236|789|439|150|131|188|120|3582|1284|989|1424|909
C013|1|0|12|100|2883|984|858|1236|789|791|270|235|339|217|3934|1404|1093|1575|1006
C013|1|1|0|0|2570|877|765|1102|704|0|0|0|0|0|2830|1027|765|1102|704
C013|1|1|0|4|2570|877|765|1102|704|19|6|6|8|5|2849|1033|771|1110|709
C013|1|1|0|20|2570|877|765|1102|704|119|41|35|51|33|2949|1068|800|1153|737
C013|1|1|0|60|2570|877|765|1102|704|391|134|117|168|107|3221|1161|882|1270|811
C013|1|1|0|100|2570|877|765|1102|704|705|241|210|302|193|3535|1268|975|1404|897
C013|1|1|1|0|2601|888|774|1115|712|0|0|0|0|0|2861|1038|774|1115|712
C013|1|1|1|4|2601|888|774|1115|712|19|6|6|8|5|2880|1044|780|1123|717
C013|1|1|1|20|2601|888|774|1115|712|121|41|36|52|33|2982|1079|810|1167|745
C013|1|1|1|60|2601|888|774|1115|712|396|135|118|170|108|3257|1173|892|1285|820
C013|1|1|1|100|2601|888|774|1115|712|714|244|212|306|195|3575|1282|986|1421|907
C013|1|1|12|0|2933|1001|873|1257|803|0|0|0|0|0|3193|1151|873|1257|803
C013|1|1|12|4|2933|1001|873|1257|803|21|7|6|9|6|3214|1158|879|1266|809
C013|1|1|12|20|2933|1001|873|1257|803|136|46|40|58|37|3329|1197|913|1315|840
C013|1|1|12|60|2933|1001|873|1257|803|447|152|133|191|122|3640|1303|1006|1448|925
C013|1|1|12|100|2933|1001|873|1257|803|805|275|240|345|220|3998|1426|1113|1602|1023
C013|1|6|0|0|2822|963|840|1210|773|0|0|0|0|0|3082|1113|840|1210|773
C013|1|6|0|4|2822|963|840|1210|773|20|7|6|9|6|3102|1120|846|1219|779
C013|1|6|0|20|2822|963|840|1210|773|131|45|39|56|36|3213|1158|879|1266|809
C013|1|6|0|60|2822|963|840|1210|773|430|147|128|184|118|3512|1260|968|1394|891
C013|1|6|0|100|2822|963|840|1210|773|774|264|230|332|212|3856|1377|1070|1542|985
C013|1|6|1|0|2853|974|849|1223|781|0|0|0|0|0|3113|1124|849|1223|781
C013|1|6|1|4|2853|974|849|1223|781|21|7|6|9|6|3134|1131|855|1232|787
C013|1|6|1|20|2853|974|849|1223|781|132|45|39|57|36|3245|1169|888|1280|817
C013|1|6|1|60|2853|974|849|1223|781|435|148|129|186|119|3548|1272|978|1409|900
C013|1|6|1|100|2853|974|849|1223|781|783|267|233|336|214|3896|1391|1082|1559|995
C013|1|6|12|0|3185|1087|948|1365|872|0|0|0|0|0|3445|1237|948|1365|872
C013|1|6|12|4|3185|1087|948|1365|872|23|8|7|10|6|3468|1245|955|1375|878
C013|1|6|12|20|3185|1087|948|1365|872|148|50|44|63|40|3593|1287|992|1428|912
C013|1|6|12|60|3185|1087|948|1365|872|485|166|144|208|133|3930|1403|1092|1573|1005
C013|1|6|12|100|3185|1087|948|1365|872|874|298|260|375|239|4319|1535|1208|1740|1111
C013|2|0|0|0|2608|890|776|1118|714|0|0|0|0|0|2868|1040|776|1118|714
C013|2|0|0|4|2608|890|776|1118|714|19|6|6|8|5|2887|1046|782|1126|719
C013|2|0|0|20|2608|890|776|1118|714|121|41|36|52|33|2989|1081|812|1170|747
C013|2|0|0|60|2608|890|776|1118|714|397|136|118|170|109|3265|1176|894|1288|823
C013|2|0|0|100|2608|890|776|1118|714|716|244|213|307|196|3584|1284|989|1425|910
C013|2|0|1|0|2638|900|785|1131|722|0|0|0|0|0|2898|1050|785|1131|722
C013|2|0|1|4|2638|900|785|1131|722|19|6|6|8|5|2917|1056|791|1139|727
C013|2|0|1|20|2638|900|785|1131|722|122|42|36|52|33|3020|1092|821|1183|755
C013|2|0|1|60|2638|900|785|1131|722|402|137|120|172|110|3300|1187|905|1303|832
C013|2|0|1|100|2638|900|785|1131|722|724|247|215|310|198|3622|1297|1000|1441|920
C013|2|0|12|0|2971|1014|884|1273|814|0|0|0|0|0|3231|1164|884|1273|814
C013|2|0|12|4|2971|1014|884|1273|814|21|7|6|9|6|3252|1171|890|1282|820
C013|2|0|12|20|2971|1014|884|1273|814|138|47|41|59|38|3369|1211|925|1332|852
C013|2|0|12|60|2971|1014|884|1273|814|453|154|135|194|124|3684|1318|1019|1467|938
C013|2|0|12|100|2971|1014|884|1273|814|815|278|243|349|223|4046|1442|1127|1622|1037
C013|2|1|0|0|2659|907|791|1139|728|0|0|0|0|0|2919|1057|791|1139|728
C013|2|1|0|4|2659|907|791|1139|728|19|7|6|8|5|2938|1064|797|1147|733
C013|2|1|0|20|2659|907|791|1139|728|123|42|37|53|34|3042|1099|828|1192|762
C013|2|1|0|60|2659|907|791|1139|728|405|138|120|173|111|3324|1195|911|1312|839
C013|2|1|0|100|2659|907|791|1139|728|730|249|217|313|200|3649|1306|1008|1452|928
C013|2|1|1|0|2689|918|800|1152|736|0|0|0|0|0|2949|1068|800|1152|736
C013|2|1|1|4|2689|918|800|1152|736|19|7|6|8|5|2968|1075|806|1160|741
C013|2|1|1|20|2689|918|800|1152|736|125|43|37|53|34|3074|1111|837|1205|770
C013|2|1|1|60|2689|918|800|1152|736|410|140|122|175|112|3359|1208|922|1327|848
C013|2|1|1|100|2689|918|800|1152|736|738|252|220|316|202|3687|1320|1020|1468|938
C013|2|1|12|0|3021|1031|899|1295|827|0|0|0|0|0|3281|1181|899|1295|827
C013|2|1|12|4|3021|1031|899|1295|827|22|7|6|9|6|3303|1188|905|1304|833
C013|2|1|12|20|3021|1031|899|1295|827|140|48|42|60|38|3421|1229|941|1355|865
C013|2|1|12|60|3021|1031|899|1295|827|460|157|137|197|126|3741|1338|1036|1492|953
C013|2|1|12|100|3021|1031|899|1295|827|829|283|247|355|227|4110|1464|1146|1650|1054
C013|2|6|0|0|2911|993|866|1247|797|0|0|0|0|0|3171|1143|866|1247|797
C013|2|6|0|4|2911|993|866|1247|797|21|7|6|9|6|3192|1150|872|1256|803
C013|2|6|0|20|2911|993|866|1247|797|135|46|40|58|37|3306|1189|906|1305|834
C013|2|6|0|60|2911|993|866|1247|797|443|151|132|190|121|3614|1294|998|1437|918
C013|2|6|0|100|2911|993|866|1247|797|799|272|238|342|219|3970|1415|1104|1589|1016
C013|2|6|1|0|2941|1004|875|1260|805|0|0|0|0|0|3201|1154|875|1260|805
C013|2|6|1|4|2941|1004|875|1260|805|21|7|6|9|6|3222|1161|881|1269|811
C013|2|6|1|20|2941|1004|875|1260|805|136|47|41|58|37|3337|1201|916|1318|842
C013|2|6|1|60|2941|1004|875|1260|805|448|153|133|192|123|3649|1307|1008|1452|928
C013|2|6|1|100|2941|1004|875|1260|805|807|275|240|346|221|4008|1429|1115|1606|1026
C013|2|6|12|0|3273|1117|974|1403|896|0|0|0|0|0|3533|1267|974|1403|896
C013|2|6|12|4|3273|1117|974|1403|896|24|8|7|10|6|3557|1275|981|1413|902
C013|2|6|12|20|3273|1117|974|1403|896|152|52|45|65|42|3685|1319|1019|1468|938
C013|2|6|12|60|3273|1117|974|1403|896|499|170|148|214|136|4032|1437|1122|1617|1032
C013|2|6|12|100|3273|1117|974|1403|896|898|307|267|385|246|4431|1574|1241|1788|1142
C013|20|0|0|0|4196|1432|1249|1798|1149|0|0|0|0|0|4456|1582|1249|1798|1149
C013|20|0|0|4|4196|1432|1249|1798|1149|30|10|9|13|8|4486|1592|1258|1811|1157
C013|20|0|0|20|4196|1432|1249|1798|1149|195|66|58|83|53|4651|1648|1307|1881|1202
C013|20|0|0|60|4196|1432|1249|1798|1149|639|218|190|274|175|5095|1800|1439|2072|1324
C013|20|0|0|100|4196|1432|1249|1798|1149|1151|393|343|493|315|5607|1975|1592|2291|1464
C013|20|0|1|0|4226|1442|1258|1811|1157|0|0|0|0|0|4486|1592|1258|1811|1157
C013|20|0|1|4|4226|1442|1258|1811|1157|30|10|9|13|8|4516|1602|1267|1824|1165
C013|20|0|1|20|4226|1442|1258|1811|1157|196|67|58|84|54|4682|1659|1316|1895|1211
C013|20|0|1|60|4226|1442|1258|1811|1157|644|220|192|276|176|5130|1812|1450|2087|1333
C013|20|0|1|100|4226|1442|1258|1811|1157|1160|396|345|497|317|5646|1988|1603|2308|1474
C013|20|0|12|0|4559|1556|1357|1954|1248|0|0|0|0|0|4819|1706|1357|1954|1248
C013|20|0|12|4|4559|1556|1357|1954|1248|33|11|10|14|9|4852|1717|1367|1968|1257
C013|20|0|12|20|4559|1556|1357|1954|1248|211|72|63|91|58|5030|1778|1420|2045|1306
C013|20|0|12|60|4559|1556|1357|1954|1248|694|237|207|298|190|5513|1943|1564|2252|1438
C013|20|0|12|100|4559|1556|1357|1954|1248|1251|427|372|536|342|6070|2133|1729|2490|1590
C013|20|1|0|0|4246|1449|1264|1820|1163|0|0|0|0|0|4506|1599|1264|1820|1163
C013|20|1|0|4|4246|1449|1264|1820|1163|31|10|9|13|8|4537|1609|1273|1833|1171
C013|20|1|0|20|4246|1449|1264|1820|1163|197|67|59|84|54|4703|1666|1323|1904|1217
C013|20|1|0|60|4246|1449|1264|1820|1163|647|221|193|277|177|5153|1820|1457|2097|1340
C013|20|1|0|100|4246|1449|1264|1820|1163|1165|398|347|499|319|5671|1997|1611|2319|1482
C013|20|1|1|0|4276|1459|1273|1833|1171|0|0|0|0|0|4536|1609|1273|1833|1171
C013|20|1|1|4|4276|1459|1273|1833|1171|31|11|9|13|8|4567|1620|1282|1846|1179
C013|20|1|1|20|4276|1459|1273|1833|1171|198|68|59|85|54|4734|1677|1332|1918|1225
C013|20|1|1|60|4276|1459|1273|1833|1171|651|222|194|279|178|5187|1831|1467|2112|1349
C013|20|1|1|100|4276|1459|1273|1833|1171|1173|400|349|503|321|5709|2009|1622|2336|1492
C013|20|1|12|0|4609|1573|1372|1975|1262|0|0|0|0|0|4869|1723|1372|1975|1262
C013|20|1|12|4|4609|1573|1372|1975|1262|33|11|10|14|9|4902|1734|1382|1989|1271
C013|20|1|12|20|4609|1573|1372|1975|1262|214|73|64|92|59|5083|1796|1436|2067|1321
C013|20|1|12|60|4609|1573|1372|1975|1262|702|240|209|301|192|5571|1963|1581|2276|1454
C013|20|1|12|100|4609|1573|1372|1975|1262|1265|432|376|542|346|6134|2155|1748|2517|1608
C013|20|6|0|0|4498|1535|1339|1928|1232|0|0|0|0|0|4758|1685|1339|1928|1232
C013|20|6|0|4|4498|1535|1339|1928|1232|32|11|10|14|9|4790|1696|1349|1942|1241
C013|20|6|0|20|4498|1535|1339|1928|1232|209|71|62|89|57|4967|1756|1401|2017|1289
C013|20|6|0|60|4498|1535|1339|1928|1232|685|234|204|294|188|5443|1919|1543|2222|1420
C013|20|6|0|100|4498|1535|1339|1928|1232|1234|421|367|529|338|5992|2106|1706|2457|1570
C013|20|6|1|0|4528|1545|1348|1941|1240|0|0|0|0|0|4788|1695|1348|1941|1240
C013|20|6|1|4|4528|1545|1348|1941|1240|33|11|10|14|9|4821|1706|1358|1955|1249
C013|20|6|1|20|4528|1545|1348|1941|1240|210|72|62|90|57|4998|1767|1410|2031|1297
C013|20|6|1|60|4528|1545|1348|1941|1240|690|235|205|296|189|5478|1930|1553|2237|1429
C013|20|6|1|100|4528|1545|1348|1941|1240|1242|424|370|533|340|6030|2119|1718|2474|1580
C013|20|6|12|0|4861|1659|1447|2083|1331|0|0|0|0|0|5121|1809|1447|2083|1331
C013|20|6|12|4|4861|1659|1447|2083|1331|35|12|10|15|10|5156|1821|1457|2098|1341
C013|20|6|12|20|4861|1659|1447|2083|1331|225|77|67|97|62|5346|1886|1514|2180|1393
C013|20|6|12|60|4861|1659|1447|2083|1331|740|253|220|317|203|5861|2062|1667|2400|1534
C013|20|6|12|100|4861|1659|1447|2083|1331|1334|455|397|572|365|6455|2264|1844|2655|1696
C013|59|0|0|0|7636|2606|2272|3272|2091|0|0|0|0|0|7896|2756|2272|3272|2091
C013|59|0|0|4|7636|2606|2272|3272|2091|55|19|16|24|15|7951|2775|2288|3296|2106
C013|59|0|0|20|7636|2606|2272|3272|2091|354|121|105|152|97|8250|2877|2377|3424|2188
C013|59|0|0|60|7636|2606|2272|3272|2091|1163|397|346|498|319|9059|3153|2618|3770|2410
C013|59|0|0|100|7636|2606|2272|3272|2091|2095|715|623|898|574|9991|3471|2895|4170|2665
C013|59|0|1|0|7666|2616|2282|3285|2099|0|0|0|0|0|7926|2766|2282|3285|2099
C013|59|0|1|4|7666|2616|2282|3285|2099|55|19|16|24|15|7981|2785|2298|3309|2114
C013|59|0|1|20|7666|2616|2282|3285|2099|355|121|106|152|97|8281|2887|2388|3437|2196
C013|59|0|1|60|7666|2616|2282|3285|2099|1168|398|348|500|320|9094|3164|2630|3785|2419
C013|59|0|1|100|7666|2616|2282|3285|2099|2104|718|626|901|576|10030|3484|2908|4186|2675
C013|59|0|12|0|7998|2730|2381|3428|2190|0|0|0|0|0|8258|2880|2381|3428|2190
C013|59|0|12|4|7998|2730|2381|3428|2190|58|20|17|25|16|8316|2900|2398|3453|2206
C013|59|0|12|20|7998|2730|2381|3428|2190|371|127|110|159|102|8629|3007|2491|3587|2292
C013|59|0|12|60|7998|2730|2381|3428|2190|1218|416|363|522|334|9476|3296|2744|3950|2524
C013|59|0|12|100|7998|2730|2381|3428|2190|2195|749|653|941|601|10453|3629|3034|4369|2791
C013|59|1|0|0|7686|2623|2287|3294|2104|0|0|0|0|0|7946|2773|2287|3294|2104
C013|59|1|0|4|7686|2623|2287|3294|2104|55|19|16|24|15|8001|2792|2303|3318|2119
C013|59|1|0|20|7686|2623|2287|3294|2104|356|122|106|153|98|8302|2895|2393|3447|2202
C013|59|1|0|60|7686|2623|2287|3294|2104|1171|400|348|502|320|9117|3173|2635|3796|2424
C013|59|1|0|100|7686|2623|2287|3294|2104|2109|720|628|904|577|10055|3493|2915|4198|2681
C013|59|1|1|0|7716|2633|2297|3307|2113|0|0|0|0|0|7976|2783|2297|3307|2113
C013|59|1|1|4|7716|2633|2297|3307|2113|56|19|17|24|15|8032|2802|2314|3331|2128
C013|59|1|1|20|7716|2633|2297|3307|2113|358|122|106|153|98|8334|2905|2403|3460|2211
C013|59|1|1|60|7716|2633|2297|3307|2113|1175|401|350|504|322|9151|3184|2647|3811|2435
C013|59|1|1|100|7716|2633|2297|3307|2113|2117|722|630|907|580|10093|3505|2927|4214|2693
C013|59|1|12|0|8049|2747|2396|3450|2204|0|0|0|0|0|8309|2897|2396|3450|2204
C013|59|1|12|4|8049|2747|2396|3450|2204|58|20|17|25|16|8367|2917|2413|3475|2220
C013|59|1|12|20|8049|2747|2396|3450|2204|373|127|111|160|102|8682|3024|2507|3610|2306
C013|59|1|12|60|8049|2747|2396|3450|2204|1226|418|365|526|336|9535|3315|2761|3976|2540
C013|59|1|12|100|8049|2747|2396|3450|2204|2209|754|657|947|605|10518|3651|3053|4397|2809
C013|59|6|0|0|7938|2709|2363|3402|2174|0|0|0|0|0|8198|2859|2363|3402|2174
C013|59|6|0|4|7938|2709|2363|3402|2174|57|20|17|24|16|8255|2879|2380|3426|2190
C013|59|6|0|20|7938|2709|2363|3402|2174|368|126|110|158|101|8566|2985|2473|3560|2275
C013|59|6|0|60|7938|2709|2363|3402|2174|1209|413|360|518|331|9407|3272|2723|3920|2505
C013|59|6|0|100|7938|2709|2363|3402|2174|2178|743|648|934|597|10376|3602|3011|4336|2771
C013|59|6|1|0|7968|2719|2371|3415|2182|0|0|0|0|0|8228|2869|2371|3415|2182
C013|59|6|1|4|7968|2719|2371|3415|2182|57|20|17|25|16|8285|2889|2388|3440|2198
C013|59|6|1|20|7968|2719|2371|3415|2182|369|126|110|158|101|8597|2995|2481|3573|2283
C013|59|6|1|60|7968|2719|2371|3415|2182|1214|414|361|520|332|9442|3283|2732|3935|2514
C013|59|6|1|100|7968|2719|2371|3415|2182|2186|746|651|937|599|10414|3615|3022|4352|2781
C013|59|6|12|0|8301|2833|2470|3558|2273|0|0|0|0|0|8561|2983|2470|3558|2273
C013|59|6|12|4|8301|2833|2470|3558|2273|60|20|18|26|16|8621|3003|2488|3584|2289
C013|59|6|12|20|8301|2833|2470|3558|2273|385|131|115|165|105|8946|3114|2585|3723|2378
C013|59|6|12|60|8301|2833|2470|3558|2273|1264|432|376|542|346|9825|3415|2846|4100|2619
C013|59|6|12|100|8301|2833|2470|3558|2273|2278|777|678|976|624|10839|3760|3148|4534|2897
C013|60|0|0|0|7724|2636|2299|3310|2115|0|0|0|0|0|7984|2786|2299|3310|2115
C013|60|0|0|4|7724|2636|2299|3310|2115|56|19|17|24|15|8040|2805|2316|3334|2130
C013|60|0|0|20|7724|2636|2299|3310|2115|358|122|107|153|98|8342|2908|2406|3463|2213
C013|60|0|0|60|7724|2636|2299|3310|2115|1177|402|350|504|322|9161|3188|2649|3814|2437
C013|60|0|0|100|7724|2636|2299|3310|2115|2119|723|631|908|580|10103|3509|2930|4218|2695
C013|60|0|1|0|7754|2646|2308|3323|2123|0|0|0|0|0|8014|2796|2308|3323|2123
C013|60|0|1|4|7754|2646|2308|3323|2123|56|19|17|24|15|8070|2815|2325|3347|2138
C013|60|0|1|20|7754|2646|2308|3323|2123|359|123|107|154|98|8373|2919|2415|3477|2221
C013|60|0|1|60|7754|2646|2308|3323|2123|1181|403|352|506|323|9195|3199|2660|3829|2446
C013|60|0|1|100|7754|2646|2308|3323|2123|2128|726|633|912|583|10142|3522|2941|4235|2706
C013|60|0|12|0|8087|2760|2407|3466|2214|0|0|0|0|0|8347|2910|2407|3466|2214
C013|60|0|12|4|8087|2760|2407|3466|2214|58|20|17|25|16|8405|2930|2424|3491|2230
C013|60|0|12|20|8087|2760|2407|3466|2214|375|128|112|161|103|8722|3038|2519|3627|2317
C013|60|0|12|60|8087|2760|2407|3466|2214|1232|420|367|528|337|9579|3330|2774|3994|2551
C013|60|0|12|100|8087|2760|2407|3466|2214|2219|757|660|951|608|10566|3667|3067|4417|2822
C013|60|1|0|0|7774|2653|2314|3332|2129|0|0|0|0|0|8034|2803|2314|3332|2129
C013|60|1|0|4|7774|2653|2314|3332|2129|56|19|17|24|15|8090|2822|2331|3356|2144
C013|60|1|0|20|7774|2653|2314|3332|2129|360|123|107|154|99|8394|2926|2421|3486|2228
C013|60|1|0|60|7774|2653|2314|3332|2129|1184|404|352|508|324|9218|3207|2666|3840|2453
C013|60|1|0|100|7774|2653|2314|3332|2129|2133|728|635|914|584|10167|3531|2949|4246|2713
C013|60|1|1|0|7804|2663|2323|3345|2137|0|0|0|0|0|8064|2813|2323|3345|2137
C013|60|1|1|4|7804|2663|2323|3345|2137|56|19|17|24|15|8120|2832|2340|3369|2152
C013|60|1|1|20|7804|2663|2323|3345|2137|362|123|108|155|99|8426|2936|2431|3500|2236
C013|60|1|1|60|7804|2663|2323|3345|2137|1189|406|354|510|326|9253|3219|2677|3855|2463
C013|60|1|1|100|7804|2663|2323|3345|2137|2141|731|637|918|586|10205|3544|2960|4263|2723
C013|60|1|12|0|8137|2777|2422|3487|2228|0|0|0|0|0|8397|2927|2422|3487|2228
C013|60|1|12|4|8137|2777|2422|3487|2228|59|20|17|25|16|8456|2947|2439|3512|2244
C013|60|1|12|20|8137|2777|2422|3487|2228|377|129|112|162|103|8774|3056|2534|3649|2331
C013|60|1|12|60|8137|2777|2422|3487|2228|1239|423|369|531|339|9636|3350|2791|4018|2567
C013|60|1|12|100|8137|2777|2422|3487|2228|2233|762|665|957|611|10630|3689|3087|4444|2839
C013|60|6|0|0|8026|2739|2389|3440|2198|0|0|0|0|0|8286|2889|2389|3440|2198
C013|60|6|0|4|8026|2739|2389|3440|2198|58|20|17|25|16|8344|2909|2406|3465|2214
C013|60|6|0|20|8026|2739|2389|3440|2198|372|127|111|159|102|8658|3016|2500|3599|2300
C013|60|6|0|60|8026|2739|2389|3440|2198|1223|417|364|524|335|9509|3306|2753|3964|2533
C013|60|6|0|100|8026|2739|2389|3440|2198|2202|752|656|944|603|10488|3641|3045|4384|2801
C013|60|6|1|0|8056|2749|2398|3453|2206|0|0|0|0|0|8316|2899|2398|3453|2206
C013|60|6|1|4|8056|2749|2398|3453|2206|58|20|17|25|16|8374|2919|2415|3478|2222
C013|60|6|1|20|8056|2749|2398|3453|2206|373|127|111|160|102|8689|3026|2509|3613|2308
C013|60|6|1|60|8056|2749|2398|3453|2206|1227|419|365|526|336|9543|3318|2763|3979|2542
C013|60|6|1|100|8056|2749|2398|3453|2206|2211|754|658|948|605|10527|3653|3056|4401|2811
C013|60|6|12|0|8389|2863|2497|3595|2297|0|0|0|0|0|8649|3013|2497|3595|2297
C013|60|6|12|4|8389|2863|2497|3595|2297|60|21|18|26|17|8709|3034|2515|3621|2314
C013|60|6|12|20|8389|2863|2497|3595|2297|389|133|116|167|106|9038|3146|2613|3762|2403
C013|60|6|12|60|8389|2863|2497|3595|2297|1278|436|380|548|350|9927|3449|2877|4143|2647
C013|60|6|12|100|8389|2863|2497|3595|2297|2302|786|685|986|630|10951|3799|3182|4581|2927
C014|1|0|0|0|2920|880|810|790|650|0|0|0|0|0|3180|1030|810|790|650
C014|1|0|0|4|2920|880|810|790|650|21|6|6|6|5|3201|1036|816|796|655
C014|1|0|0|20|2920|880|810|790|650|135|41|38|37|30|3315|1071|848|827|680
C014|1|0|0|60|2920|880|810|790|650|445|134|123|120|99|3625|1164|933|910|749
C014|1|0|0|100|2920|880|810|790|650|801|241|222|217|178|3981|1271|1032|1007|828
C014|1|0|1|0|2955|891|820|799|658|0|0|0|0|0|3215|1041|820|799|658
C014|1|0|1|4|2955|891|820|799|658|21|6|6|6|5|3236|1047|826|805|663
C014|1|0|1|20|2955|891|820|799|658|137|41|38|37|31|3352|1082|858|836|689
C014|1|0|1|60|2955|891|820|799|658|450|136|125|122|100|3665|1177|945|921|758
C014|1|0|1|100|2955|891|820|799|658|811|244|225|219|181|4026|1285|1045|1018|839
C014|1|0|12|0|3340|1007|927|904|744|0|0|0|0|0|3600|1157|927|904|744
C014|1|0|12|4|3340|1007|927|904|744|24|7|7|7|5|3624|1164|934|911|749
C014|1|0|12|20|3340|1007|927|904|744|155|47|43|42|34|3755|1204|970|946|778
C014|1|0|12|60|3340|1007|927|904|744|509|153|141|138|113|4109|1310|1068|1042|857
C014|1|0|12|100|3340|1007|927|904|744|916|276|254|248|204|4516|1433|1181|1152|948
C014|1|1|0|0|2978|898|826|806|663|0|0|0|0|0|3238|1048|826|806|663
C014|1|1|0|4|2978|898|826|806|663|21|6|6|6|5|3259|1054|832|812|668
C014|1|1|0|20|2978|898|826|806|663|138|42|38|37|31|3376|1090|864|843|694
C014|1|1|0|60|2978|898|826|806|663|454|137|126|123|101|3692|1185|952|929|764
C014|1|1|0|100|2978|898|826|806|663|817|246|227|221|182|4055|1294|1053|1027|845
C014|1|1|1|0|3013|908|836|815|671|0|0|0|0|0|3273|1058|836|815|671
C014|1|1|1|4|3013|908|836|815|671|22|7|6|6|5|3295|1065|842|821|676
C014|1|1|1|20|3013|908|836|815|671|140|42|39|38|31|3413|1100|875|853|702
C014|1|1|1|60|3013|908|836|815|671|459|138|127|124|102|3732|1196|963|939|773
C014|1|1|1|100|3013|908|836|815|671|827|249|229|224|184|4100|1307|1065|1039|855
C014|1|1|12|0|3399|1024|943|920|757|0|0|0|0|0|3659|1174|943|920|757
C014|1|1|12|4|3399|1024|943|920|757|24|7|7|7|5|3683|1181|950|927|762
C014|1|1|12|20|3399|1024|943|920|757|158|47|44|43|35|3817|1221|987|963|792
C014|1|1|12|60|3399|1024|943|920|757|518|156|144|140|115|4177|1330|1087|1060|872
C014|1|1|12|100|3399|1024|943|920|757|933|281|259|252|208|4592|1455|1202|1172|965
C014|1|6|0|0|3270|986|907|885|728|0|0|0|0|0|3530|1136|907|885|728
C014|1|6|0|4|3270|986|907|885|728|24|7|7|6|5|3554|1143|914|891|733
C014|1|6|0|20|3270|986|907|885|728|152|46|42|41|34|3682|1182|949|926|762
C014|1|6|0|60|3270|986|907|885|728|498|150|138|135|111|4028|1286|1045|1020|839
C014|1|6|0|100|3270|986|907|885|728|897|271|249|243|200|4427|1407|1156|1128|928
C014|1|6|1|0|3305|996|917|894|736|0|0|0|0|0|3565|1146|917|894|736
C014|1|6|1|4|3305|996|917|894|736|24|7|7|6|5|3589|1153|924|900|741
C014|1|6|1|20|3305|996|917|894|736|153|46|43|41|34|3718|1192|960|935|770
C014|1|6|1|60|3305|996|917|894|736|503|152|140|136|112|4068|1298|1057|1030|848
C014|1|6|1|100|3305|996|917|894|736|907|273|252|245|202|4472|1419|1169|1139|938
C014|1|6|12|0|3691|1112|1024|999|822|0|0|0|0|0|3951|1262|1024|999|822
C014|1|6|12|4|3691|1112|1024|999|822|27|8|7|7|6|3978|1270|1031|1006|828
C014|1|6|12|20|3691|1112|1024|999|822|171|52|47|46|38|4122|1314|1071|1045|860
C014|1|6|12|60|3691|1112|1024|999|822|562|169|156|152|125|4513|1431|1180|1151|947
C014|1|6|12|100|3691|1112|1024|999|822|1013|305|281|274|226|4964|1567|1305|1273|1048
C014|2|0|0|0|3022|911|838|818|673|0|0|0|0|0|3282|1061|838|818|673
C014|2|0|0|4|3022|911|838|818|673|22|7|6|6|5|3304|1068|844|824|678
C014|2|0|0|20|3022|911|838|818|673|140|42|39|38|31|3422|1103|877|856|704
C014|2|0|0|60|3022|911|838|818|673|460|139|128|125|103|3742|1200|966|943|776
C014|2|0|0|100|3022|911|838|818|673|829|250|230|224|185|4111|1311|1068|1042|858
C014|2|0|1|0|3057|921|848|827|681|0|0|0|0|0|3317|1071|848|827|681
C014|2|0|1|4|3057|921|848|827|681|22|7|6|6|5|3339|1078|854|833|686
C014|2|0|1|20|3057|921|848|827|681|142|43|39|38|32|3459|1114|887|865|713
C014|2|0|1|60|3057|921|848|827|681|466|140|129|126|104|3783|1211|977|953|785
C014|2|0|1|100|3057|921|848|827|681|839|253|233|227|187|4156|1324|1081|1054|868
C014|2|0|12|0|3443|1038|955|931|766|0|0|0|0|0|3703|1188|955|931|766
C014|2|0|12|4|3443|1038|955|931|766|25|7|7|7|6|3728|1195|962|938|772
C014|2|0|12|20|3443|1038|955|931|766|160|48|44|43|36|3863|1236|999|974|802
C014|2|0|12|60|3443|1038|955|931|766|524|158|145|142|117|4227|1346|1100|1073|883
C014|2|0|12|100|3443|1038|955|931|766|945|285|262|255|210|4648|1473|1217|1186|976
C014|2|1|0|0|3081|928|855|833|686|0|0|0|0|0|3341|1078|855|833|686
C014|2|1|0|4|3081|928|855|833|686|22|7|6|6|5|3363|1085|861|839|691
C014|2|1|0|20|3081|928|855|833|686|143|43|40|39|32|3484|1121|895|872|718
C014|2|1|0|60|3081|928|855|833|686|469|141|130|127|104|3810|1219|985|960|790
C014|2|1|0|100|3081|928|855|833|686|845|255|235|229|188|4186|1333|1090|1062|874
C014|2|1|1|0|3116|939|864|843|694|0|0|0|0|0|3376|1089|864|843|694
C014|2|1|1|4|3116|939|864|843|694|22|7|6|6|5|3398|1096|870|849|699
C014|2|1|1|20|3116|939|864|843|694|144|44|40|39|32|3520|1133|904|882|726
C014|2|1|1|60|3116|939|864|843|694|475|143|132|128|106|3851|1232|996|971|800
C014|2|1|1|100|3116|939|864|843|694|855|258|237|231|190|4231|1347|1101|1074|884
C014|2|1|12|0|3501|1055|971|947|779|0|0|0|0|0|3761|1205|971|947|779
C014|2|1|12|4|3501|1055|971|947|779|25|8|7|7|6|3786|1213|978|954|785
C014|2|1|12|20|3501|1055|971|947|779|162|49|45|44|36|3923|1254|1016|991|815
C014|2|1|12|60|3501|1055|971|947|779|533|161|148|144|119|4294|1366|1119|1091|898
C014|2|1|12|100|3501|1055|971|947|779|961|289|266|260|214|4722|1494|1237|1207|993
C014|2|6|0|0|3373|1016|936|912|751|0|0|0|0|0|3633|1166|936|912|751
C014|2|6|0|4|3373|1016|936|912|751|24|7|7|7|5|3657|1173|943|919|756
C014|2|6|0|20|3373|1016|936|912|751|156|47|43|42|35|3789|1213|979|954|786
C014|2|6|0|60|3373|1016|936|912|751|514|155|143|139|114|4147|1321|1079|1051|865
C014|2|6|0|100|3373|1016|936|912|751|926|279|257|250|206|4559|1445|1193|1162|957
C014|2|6|1|0|3408|1027|945|922|759|0|0|0|0|0|3668|1177|945|922|759
C014|2|6|1|4|3408|1027|945|922|759|25|7|7|7|5|3693|1184|952|929|764
C014|2|6|1|20|3408|1027|945|922|759|158|48|44|43|35|3826|1225|989|965|794
C014|2|6|1|60|3408|1027|945|922|759|519|156|144|140|116|4187|1333|1089|1062|875
C014|2|6|1|100|3408|1027|945|922|759|935|282|259|253|208|4603|1459|1204|1175|967
C014|2|6|12|0|3793|1143|1052|1026|844|0|0|0|0|0|4053|1293|1052|1026|844
C014|2|6|12|4|3793|1143|1052|1026|844|27|8|8|7|6|4080|1301|1060|1033|850
C014|2|6|12|20|3793|1143|1052|1026|844|176|53|49|48|39|4229|1346|1101|1074|883
C014|2|6|12|60|3793|1143|1052|1026|844|578|174|160|156|129|4631|1467|1212|1182|973
C014|2|6|12|100|3793|1143|1052|1026|844|1041|314|289|282|232|5094|1607|1341|1308|1076
C014|20|0|0|0|4862|1465|1349|1315|1082|0|0|0|0|0|5122|1615|1349|1315|1082
C014|20|0|0|4|4862|1465|1349|1315|1082|35|11|10|9|8|5157|1626|1359|1324|1090
C014|20|0|0|20|4862|1465|1349|1315|1082|225|68|63|61|50|5347|1683|1412|1376|1132
C014|20|0|0|60|4862|1465|1349|1315|1082|741|223|205|200|165|5863|1838|1554|1515|1247
C014|20|0|0|100|4862|1465|1349|1315|1082|1334|402|370|361|297|6456|2017|1719|1676|1379
C014|20|0|1|0|4897|1476|1358|1325|1090|0|0|0|0|0|5157|1626|1358|1325|1090
C014|20|0|1|4|4897|1476|1358|1325|1090|35|11|10|10|8|5192|1637|1368|1335|1098
C014|20|0|1|20|4897|1476|1358|1325|1090|227|68|63|61|51|5384|1694|1421|1386|1141
C014|20|0|1|60|4897|1476|1358|1325|1090|746|225|207|202|166|5903|1851|1565|1527|1256
C014|20|0|1|100|4897|1476|1358|1325|1090|1344|405|373|364|299|6501|2031|1731|1689|1389
C014|20|0|12|0|5282|1592|1465|1429|1176|0|0|0|0|0|5542|1742|1465|1429|1176
C014|20|0|12|4|5282|1592|1465|1429|1176|38|11|11|10|8|5580|1753|1476|1439|1184
C014|20|0|12|20|5282|1592|1465|1429|1176|245|74|68|66|55|5787|1816|1533|1495|1231
C014|20|0|12|60|5282|1592|1465|1429|1176|805|242|223|218|179|6347|1984|1688|1647|1355
C014|20|0|12|100|5282|1592|1465|1429|1176|1449|437|402|392|323|6991|2179|1867|1821|1499
C014|20|1|0|0|4920|1483|1365|1331|1095|0|0|0|0|0|5180|1633|1365|1331|1095
C014|20|1|0|4|4920|1483|1365|1331|1095|35|11|10|10|8|5215|1644|1375|1341|1103
C014|20|1|0|20|4920|1483|1365|1331|1095|228|69|63|62|51|5408|1702|1428|1393|1146
C014|20|1|0|60|4920|1483|1365|1331|1095|749|226|208|203|167|5929|1859|1573|1534|1262
C014|20|1|0|100|4920|1483|1365|1331|1095|1350|407|375|365|300|6530|2040|1740|1696|1395
C014|20|1|1|0|4955|1493|1375|1341|1103|0|0|0|0|0|5215|1643|1375|1341|1103
C014|20|1|1|4|4955|1493|1375|1341|1103|36|11|10|10|8|5251|1654|1385|1351|1111
C014|20|1|1|20|4955|1493|1375|1341|1103|230|69|64|62|51|5445|1712|1439|1403|1154
C014|20|1|1|60|4955|1493|1375|1341|1103|755|227|209|204|168|5970|1870|1584|1545|1271
C014|20|1|1|100|4955|1493|1375|1341|1103|1360|410|377|368|303|6575|2053|1752|1709|1406
C014|20|1|12|0|5341|1610|1481|1445|1189|0|0|0|0|0|5601|1760|1481|1445|1189
C014|20|1|12|4|5341|1610|1481|1445|1189|38|12|11|10|9|5639|1772|1492|1455|1198
C014|20|1|12|20|5341|1610|1481|1445|1189|248|75|69|67|55|5849|1835|1550|1512|1244
C014|20|1|12|60|5341|1610|1481|1445|1189|814|245|226|220|181|6415|2005|1707|1665|1370
C014|20|1|12|100|5341|1610|1481|1445|1189|1466|442|406|397|326|7067|2202|1887|1842|1515
C014|20|6|0|0|5212|1571|1446|1410|1160|0|0|0|0|0|5472|1721|1446|1410|1160
C014|20|6|0|4|5212|1571|1446|1410|1160|38|11|10|10|8|5510|1732|1456|1420|1168
C014|20|6|0|20|5212|1571|1446|1410|1160|242|73|67|65|54|5714|1794|1513|1475|1214
C014|20|6|0|60|5212|1571|1446|1410|1160|794|239|220|215|177|6266|1960|1666|1625|1337
C014|20|6|0|100|5212|1571|1446|1410|1160|1430|431|397|387|318|6902|2152|1843|1797|1478
C014|20|6|1|0|5247|1581|1456|1420|1168|0|0|0|0|0|5507|1731|1456|1420|1168
C014|20|6|1|4|5247|1581|1456|1420|1168|38|11|10|10|8|5545|1742|1466|1430|1176
C014|20|6|1|20|5247|1581|1456|1420|1168|243|73|68|66|54|5750|1804|1524|1486|1222
C014|20|6|1|60|5247|1581|1456|1420|1168|799|241|222|216|178|6306|1972|1678|1636|1346
C014|20|6|1|100|5247|1581|1456|1420|1168|1440|434|400|390|320|6947|2165|1856|1810|1488
C014|20|6|12|0|5633|1698|1562|1524|1254|0|0|0|0|0|5893|1848|1562|1524|1254
C014|20|6|12|4|5633|1698|1562|1524|1254|41|12|11|11|9|5934|1860|1573|1535|1263
C014|20|6|12|20|5633|1698|1562|1524|1254|261|79|72|71|58|6154|1927|1634|1595|1312
C014|20|6|12|60|5633|1698|1562|1524|1254|858|259|238|232|191|6751|2107|1800|1756|1445
C014|20|6|12|100|5633|1698|1562|1524|1254|1546|466|429|418|344|7439|2314|1991|1942|1598
C014|59|0|0|0|8848|2666|2454|2394|1969|0|0|0|0|0|9108|2816|2454|2394|1969
C014|59|0|0|4|8848|2666|2454|2394|1969|64|19|18|17|14|9172|2835|2472|2411|1983
C014|59|0|0|20|8848|2666|2454|2394|1969|410|124|114|111|91|9518|2940|2568|2505|2060
C014|59|0|0|60|8848|2666|2454|2394|1969|1348|406|374|365|300|10456|3222|2828|2759|2269
C014|59|0|0|100|8848|2666|2454|2394|1969|2428|732|673|657|540|11536|3548|3127|3051|2509
C014|59|0|1|0|8883|2677|2464|2403|1977|0|0|0|0|0|9143|2827|2464|2403|1977
C014|59|0|1|4|8883|2677|2464|2403|1977|64|19|18|17|14|9207|2846|2482|2420|1991
C014|59|0|1|20|8883|2677|2464|2403|1977|412|124|114|111|92|9555|2951|2578|2514|2069
C014|59|0|1|60|8883|2677|2464|2403|1977|1353|408|375|366|301|10496|3235|2839|2769|2278
C014|59|0|1|100|8883|2677|2464|2403|1977|2437|735|676|659|542|11580|3562|3140|3062|2519
C014|59|0|12|0|9268|2793|2571|2507|2063|0|0|0|0|0|9528|2943|2571|2507|2063
C014|59|0|12|4|9268|2793|2571|2507|2063|67|20|19|18|15|9595|2963|2590|2525|2078
C014|59|0|12|20|9268|2793|2571|2507|2063|430|129|119|116|96|9958|3072|2690|2623|2159
C014|59|0|12|60|9268|2793|2571|2507|2063|1412|425|392|382|314|10940|3368|2963|2889|2377
C014|59|0|12|100|9268|2793|2571|2507|2063|2543|766|705|688|566|12071|3709|3276|3195|2629
C014|59|1|0|0|8906|2684|2470|2409|1982|0|0|0|0|0|9166|2834|2470|2409|1982
C014|59|1|0|4|8906|2684|2470|2409|1982|64|19|18|17|14|9230|2853|2488|2426|1996
C014|59|1|0|20|8906|2684|2470|2409|1982|413|124|115|112|92|9579|2958|2585|2521|2074
C014|59|1|0|60|8906|2684|2470|2409|1982|1357|409|376|367|302|10523|3243|2846|2776|2284
C014|59|1|0|100|8906|2684|2470|2409|1982|2444|736|678|661|544|11610|3570|3148|3070|2526
C014|59|1|1|0|8941|2695|2480|2419|1990|0|0|0|0|0|9201|2845|2480|2419|1990
C014|59|1|1|4|8941|2695|2480|2419|1990|64|19|18|17|14|9265|2864|2498|2436|2004
C014|59|1|1|20|8941|2695|2480|2419|1990|415|125|115|112|92|9616|2970|2595|2531|2082
C014|59|1|1|60|8941|2695|2480|2419|1990|1362|411|378|368|303|10563|3256|2858|2787|2293
C014|59|1|1|100|8941|2695|2480|2419|1990|2453|740|681|664|546|11654|3585|3161|3083|2536
C014|59|1|12|0|9326|2811|2587|2523|2076|0|0|0|0|0|9586|2961|2587|2523|2076
C014|59|1|12|4|9326|2811|2587|2523|2076|67|20|19|18|15|9653|2981|2606|2541|2091
C014|59|1|12|20|9326|2811|2587|2523|2076|432|130|120|117|96|10018|3091|2707|2640|2172
C014|59|1|12|60|9326|2811|2587|2523|2076|1421|428|394|384|316|11007|3389|2981|2907|2392
C014|59|1|12|100|9326|2811|2587|2523|2076|2559|771|710|692|570|12145|3732|3297|3215|2646
C014|59|6|0|0|9198|2772|2552|2489|2048|0|0|0|0|0|9458|2922|2552|2489|2048
C014|59|6|0|4|9198|2772|2552|2489|2048|66|20|18|18|15|9524|2942|2570|2507|2063
C014|59|6|0|20|9198|2772|2552|2489|2048|426|129|118|115|95|9884|3051|2670|2604|2143
C014|59|6|0|60|9198|2772|2552|2489|2048|1401|422|389|379|312|10859|3344|2941|2868|2360
C014|59|6|0|100|9198|2772|2552|2489|2048|2524|761|700|683|562|11982|3683|3252|3172|2610
C014|59|6|1|0|9233|2783|2561|2498|2055|0|0|0|0|0|9493|2933|2561|2498|2055
C014|59|6|1|4|9233|2783|2561|2498|2055|66|20|18|18|15|9559|2953|2579|2516|2070
C014|59|6|1|20|9233|2783|2561|2498|2055|428|129|119|116|95|9921|3062|2680|2614|2150
C014|59|6|1|60|9233|2783|2561|2498|2055|1406|424|390|380|313|10899|3357|2951|2878|2368
C014|59|6|1|100|9233|2783|2561|2498|2055|2534|764|703|685|564|12027|3697|3264|3183|2619
C014|59|6|12|0|9618|2899|2668|2602|2141|0|0|0|0|0|9878|3049|2668|2602|2141
C014|59|6|12|4|9618|2899|2668|2602|2141|69|21|19|19|15|9947|3070|2687|2621|2156
C014|59|6|12|20|9618|2899|2668|2602|2141|446|134|124|121|99|10324|3183|2792|2723|2240
C014|59|6|12|60|9618|2899|2668|2602|2141|1465|442|406|396|326|11343|3491|3074|2998|2467
C014|59|6|12|100|9618|2899|2668|2602|2141|2639|795|732|714|587|12517|3844|3400|3316|2728
C014|60|0|0|0|8950|2697|2483|2421|1992|0|0|0|0|0|9210|2847|2483|2421|1992
C014|60|0|0|4|8950|2697|2483|2421|1992|64|19|18|17|14|9274|2866|2501|2438|2006
C014|60|0|0|20|8950|2697|2483|2421|1992|415|125|115|112|92|9625|2972|2598|2533|2084
C014|60|0|0|60|8950|2697|2483|2421|1992|1363|411|378|369|303|10573|3258|2861|2790|2295
C014|60|0|0|100|8950|2697|2483|2421|1992|2456|740|681|664|547|11666|3587|3164|3085|2539
C014|60|0|1|0|8985|2708|2492|2431|2000|0|0|0|0|0|9245|2858|2492|2431|2000
C014|60|0|1|4|8985|2708|2492|2431|2000|65|19|18|18|14|9310|2877|2510|2449|2014
C014|60|0|1|20|8985|2708|2492|2431|2000|417|126|116|113|93|9662|2984|2608|2544|2093
C014|60|0|1|60|8985|2708|2492|2431|2000|1369|412|380|370|305|10614|3270|2872|2801|2305
C014|60|0|1|100|8985|2708|2492|2431|2000|2465|743|684|667|549|11710|3601|3176|3098|2549
C014|60|0|12|0|9370|2824|2599|2535|2086|0|0|0|0|0|9630|2974|2599|2535|2086
C014|60|0|12|4|9370|2824|2599|2535|2086|67|20|19|18|15|9697|2994|2618|2553|2101
C014|60|0|12|20|9370|2824|2599|2535|2086|434|131|120|118|97|10064|3105|2719|2653|2183
C014|60|0|12|60|9370|2824|2599|2535|2086|1427|430|396|386|318|11057|3404|2995|2921|2404
C014|60|0|12|100|9370|2824|2599|2535|2086|2571|775|713|696|572|12201|3749|3312|3231|2658
C014|60|1|0|0|9008|2715|2499|2437|2005|0|0|0|0|0|9268|2865|2499|2437|2005
C014|60|1|0|4|9008|2715|2499|2437|2005|65|20|18|18|14|9333|2885|2517|2455|2019
C014|60|1|0|20|9008|2715|2499|2437|2005|418|126|116|113|93|9686|2991|2615|2550|2098
C014|60|1|0|60|9008|2715|2499|2437|2005|1372|414|381|371|305|10640|3279|2880|2808|2310
C014|60|1|0|100|9008|2715|2499|2437|2005|2472|745|686|669|550|11740|3610|3185|3106|2555
C014|60|1|1|0|9043|2725|2509|2447|2013|0|0|0|0|0|9303|2875|2509|2447|2013
C014|60|1|1|4|9043|2725|2509|2447|2013|65|20|18|18|14|9368|2895|2527|2465|2027
C014|60|1|1|20|9043|2725|2509|2447|2013|419|126|116|113|93|9722|3001|2625|2560|2106
C014|60|1|1|60|9043|2725|2509|2447|2013|1377|415|382|373|307|10680|3290|2891|2820|2320
C014|60|1|1|100|9043|2725|2509|2447|2013|2481|748|688|671|552|11784|3623|3197|3118|2565
C014|60|1|12|0|9429|2842|2615|2551|2099|0|0|0|0|0|9689|2992|2615|2551|2099
C014|60|1|12|4|9429|2842|2615|2551|2099|68|20|19|18|15|9757|3012|2634|2569|2114
C014|60|1|12|20|9429|2842|2615|2551|2099|437|132|121|118|97|10126|3124|2736|2669|2196
C014|60|1|12|60|9429|2842|2615|2551|2099|1436|433|398|389|320|11125|3425|3013|2940|2419
C014|60|1|12|100|9429|2842|2615|2551|2099|2587|780|718|700|576|12276|3772|3333|3251|2675
C014|60|6|0|0|9300|2803|2580|2516|2070|0|0|0|0|0|9560|2953|2580|2516|2070
C014|60|6|0|4|9300|2803|2580|2516|2070|67|20|19|18|15|9627|2973|2599|2534|2085
C014|60|6|0|20|9300|2803|2580|2516|2070|431|130|120|117|96|9991|3083|2700|2633|2166
C014|60|6|0|60|9300|2803|2580|2516|2070|1417|427|393|383|315|10977|3380|2973|2899|2385
C014|60|6|0|100|9300|2803|2580|2516|2070|2552|769|708|690|568|12112|3722|3288|3206|2638
C014|60|6|1|0|9335|2813|2590|2526|2078|0|0|0|0|0|9595|2963|2590|2526|2078
C014|60|6|1|4|9335|2813|2590|2526|2078|67|20|19|18|15|9662|2983|2609|2544|2093
C014|60|6|1|20|9335|2813|2590|2526|2078|433|130|120|117|96|10028|3093|2710|2643|2174
C014|60|6|1|60|9335|2813|2590|2526|2078|1422|428|395|385|317|11017|3391|2985|2911|2395
C014|60|6|1|100|9335|2813|2590|2526|2078|2562|772|711|693|570|12157|3735|3301|3219|2648
C014|60|6|12|0|9721|2930|2696|2630|2164|0|0|0|0|0|9981|3080|2696|2630|2164
C014|60|6|12|4|9721|2930|2696|2630|2164|70|21|19|19|16|10051|3101|2715|2649|2180
C014|60|6|12|20|9721|2930|2696|2630|2164|451|136|125|122|100|10432|3216|2821|2752|2264
C014|60|6|12|60|9721|2930|2696|2630|2164|1481|446|411|401|330|11462|3526|3107|3031|2494
C014|60|6|12|100|9721|2930|2696|2630|2164|2667|804|740|722|594|12648|3884|3436|3352|2758
C015|1|0|0|0|2180|1200|630|880|830|0|0|0|0|0|2440|1350|630|880|830
C015|1|0|0|4|2180|1200|630|880|830|16|9|5|6|6|2456|1359|635|886|836
C015|1|0|0|20|2180|1200|630|880|830|101|56|29|41|38|2541|1406|659|921|868
C015|1|0|0|60|2180|1200|630|880|830|332|183|96|134|126|2772|1533|726|1014|956
C015|1|0|0|100|2180|1200|630|880|830|598|329|173|241|228|3038|1679|803|1121|1058
C015|1|0|1|0|2206|1214|638|891|840|0|0|0|0|0|2466|1364|638|891|840
C015|1|0|1|4|2206|1214|638|891|840|16|9|5|6|6|2482|1373|643|897|846
C015|1|0|1|20|2206|1214|638|891|840|102|56|30|41|39|2568|1420|668|932|879
C015|1|0|1|60|2206|1214|638|891|840|336|185|97|136|128|2802|1549|735|1027|968
C015|1|0|1|100|2206|1214|638|891|840|605|333|175|244|230|3071|1697|813|1135|1070
C015|1|0|12|0|2494|1373|721|1007|950|0|0|0|0|0|2754|1523|721|1007|950
C015|1|0|12|4|2494|1373|721|1007|950|18|10|5|7|7|2772|1533|726|1014|957
C015|1|0|12|20|2494|1373|721|1007|950|116|64|33|47|44|2870|1587|754|1054|994
C015|1|0|12|60|2494|1373|721|1007|950|380|209|110|153|145|3134|1732|831|1160|1095
C015|1|0|12|100|2494|1373|721|1007|950|684|377|198|276|261|3438|1900|919|1283|1211
C015|1|1|0|0|2224|1224|643|898|847|0|0|0|0|0|2484|1374|643|898|847
C015|1|1|0|4|2224|1224|643|898|847|16|9|5|6|6|2500|1383|648|904|853
C015|1|1|0|20|2224|1224|643|898|847|103|57|30|42|39|2587|1431|673|940|886
C015|1|1|0|60|2224|1224|643|898|847|339|186|98|137|129|2823|1560|741|1035|976
C015|1|1|0|100|2224|1224|643|898|847|610|336|176|246|232|3094|1710|819|1144|1079
C015|1|1|1|0|2250|1238|650|908|857|0|0|0|0|0|2510|1388|650|908|857
C015|1|1|1|4|2250|1238|650|908|857|16|9|5|7|6|2526|1397|655|915|863
C015|1|1|1|20|2250|1238|650|908|857|104|57|30|42|40|2614|1445|680|950|897
C015|1|1|1|60|2250|1238|650|908|857|343|189|99|138|131|2853|1577|749|1046|988
C015|1|1|1|100|2250|1238|650|908|857|617|340|178|249|235|3127|1728|828|1157|1092
C015|1|1|12|0|2538|1397|733|1024|966|0|0|0|0|0|2798|1547|733|1024|966
C015|1|1|12|4|2538|1397|733|1024|966|18|10|5|7|7|2816|1557|738|1031|973
C015|1|1|12|20|2538|1397|733|1024|966|118|65|34|47|45|2916|1612|767|1071|1011
C015|1|1|12|60|2538|1397|733|1024|966|387|213|112|156|147|3185|1760|845|1180|1113
C015|1|1|12|100|2538|1397|733|1024|966|696|383|201|281|265|3494|1930|934|1305|1231
C015|1|6|0|0|2442|1344|706|986|930|0|0|0|0|0|2702|1494|706|986|930
C015|1|6|0|4|2442|1344|706|986|930|18|10|5|7|7|2720|1504|711|993|937
C015|1|6|0|20|2442|1344|706|986|930|113|62|33|46|43|2815|1556|739|1032|973
C015|1|6|0|60|2442|1344|706|986|930|372|205|108|150|142|3074|1699|814|1136|1072
C015|1|6|0|100|2442|1344|706|986|930|670|369|194|271|255|3372|1863|900|1257|1185
C015|1|6|1|0|2468|1358|713|996|940|0|0|0|0|0|2728|1508|713|996|940
C015|1|6|1|4|2468|1358|713|996|940|18|10|5|7|7|2746|1518|718|1003|947
C015|1|6|1|20|2468|1358|713|996|940|114|63|33|46|44|2842|1571|746|1042|984
C015|1|6|1|60|2468|1358|713|996|940|376|207|109|152|143|3104|1715|822|1148|1083
C015|1|6|1|100|2468|1358|713|996|940|677|373|196|273|258|3405|1881|909|1269|1198
C015|1|6|12|0|2756|1517|796|1112|1049|0|0|0|0|0|3016|1667|796|1112|1049
C015|1|6|12|4|2756|1517|796|1112|1049|20|11|6|8|8|3036|1678|802|1120|1057
C015|1|6|12|20|2756|1517|796|1112|1049|128|70|37|52|49|3144|1737|833|1164|1098
C015|1|6|12|60|2756|1517|796|1112|1049|420|231|121|169|160|3436|1898|917|1281|1209
C015|1|6|12|100|2756|1517|796|1112|1049|756|416|218|305|288|3772|2083|1014|1417|1337
C015|2|0|0|0|2256|1242|652|911|859|0|0|0|0|0|2516|1392|652|911|859
C015|2|0|0|4|2256|1242|652|911|859|16|9|5|7|6|2532|1401|657|918|865
C015|2|0|0|20|2256|1242|652|911|859|105|58|30|42|40|2621|1450|682|953|899
C015|2|0|0|60|2256|1242|652|911|859|344|189|99|139|131|2860|1581|751|1050|990
C015|2|0|0|100|2256|1242|652|911|859|619|341|179|250|236|3135|1733|831|1161|1095
C015|2|0|1|0|2282|1256|660|921|869|0|0|0|0|0|2542|1406|660|921|869
C015|2|0|1|4|2282|1256|660|921|869|16|9|5|7|6|2558|1415|665|928|875
C015|2|0|1|20|2282|1256|660|921|869|106|58|31|43|40|2648|1464|691|964|909
C015|2|0|1|60|2282|1256|660|921|869|348|191|101|140|132|2890|1597|761|1061|1001
C015|2|0|1|100|2282|1256|660|921|869|626|345|181|253|238|3168|1751|841|1174|1107
C015|2|0|12|0|2570|1415|743|1038|979|0|0|0|0|0|2830|1565|743|1038|979
C015|2|0|12|4|2570|1415|743|1038|979|19|10|5|7|7|2849|1575|748|1045|986
C015|2|0|12|20|2570|1415|743|1038|979|119|66|34|48|45|2949|1631|777|1086|1024
C015|2|0|12|60|2570|1415|743|1038|979|391|216|113|158|149|3221|1781|856|1196|1128
C015|2|0|12|100|2570|1415|743|1038|979|705|388|204|285|269|3535|1953|947|1323|1248
C015|2|1|0|0|2300|1266|665|928|876|0|0|0|0|0|2560|1416|665|928|876
C015|2|1|0|4|2300|1266|665|928|876|17|9|5|7|6|2577|1425|670|935|882
C015|2|1|0|20|2300|1266|665|928|876|107|59|31|43|41|2667|1475|696|971|917
C015|2|1|0|60|2300|1266|665|928|876|350|193|101|141|133|2910|1609|766|1069|1009
C015|2|1|0|100|2300|1266|665|928|876|631|347|182|255|240|3191|1763|847|1183|1116
C015|2|1|1|0|2326|1280|672|939|886|0|0|0|0|0|2586|1430|672|939|886
C015|2|1|1|4|2326|1280|672|939|886|17|9|5|7|6|2603|1439|677|946|892
C015|2|1|1|20|2326|1280|672|939|886|108|59|31|44|41|2694|1489|703|983|927
C015|2|1|1|60|2326|1280|672|939|886|354|195|102|143|135|2940|1625|774|1082|1021
C015|2|1|1|100|2326|1280|672|939|886|638|351|184|258|243|3224|1781|856|1197|1129
C015|2|1|12|0|2614|1439|755|1055|995|0|0|0|0|0|2874|1589|755|1055|995
C015|2|1|12|4|2614|1439|755|1055|995|19|10|5|8|7|2893|1599|760|1063|1002
C015|2|1|12|20|2614|1439|755|1055|995|121|67|35|49|46|2995|1656|790|1104|1041
C015|2|1|12|60|2614|1439|755|1055|995|398|219|115|161|152|3272|1808|870|1216|1147
C015|2|1|12|100|2614|1439|755|1055|995|717|395|207|289|273|3591|1984|962|1344|1268
C015|2|6|0|0|2518|1386|728|1016|959|0|0|0|0|0|2778|1536|728|1016|959
C015|2|6|0|4|2518|1386|728|1016|959|18|10|5|7|7|2796|1546|733|1023|966
C015|2|6|0|20|2518|1386|728|1016|959|117|64|34|47|44|2895|1600|762|1063|1003
C015|2|6|0|60|2518|1386|728|1016|959|384|211|111|155|146|3162|1747|839|1171|1105
C015|2|6|0|100|2518|1386|728|1016|959|691|380|200|279|263|3469|1916|928|1295|1222
C015|2|6|1|0|2544|1400|735|1027|969|0|0|0|0|0|2804|1550|735|1027|969
C015|2|6|1|4|2544|1400|735|1027|969|18|10|5|7|7|2822|1560|740|1034|976
C015|2|6|1|20|2544|1400|735|1027|969|118|65|34|48|45|2922|1615|769|1075|1014
C015|2|6|1|60|2544|1400|735|1027|969|388|213|112|156|148|3192|1763|847|1183|1117
C015|2|6|1|100|2544|1400|735|1027|969|698|384|202|282|266|3502|1934|937|1309|1235
C015|2|6|12|0|2832|1559|818|1143|1078|0|0|0|0|0|3092|1709|818|1143|1078
C015|2|6|12|4|2832|1559|818|1143|1078|20|11|6|8|8|3112|1720|824|1151|1086
C015|2|6|12|20|2832|1559|818|1143|1078|131|72|38|53|50|3223|1781|856|1196|1128
C015|2|6|12|60|2832|1559|818|1143|1078|431|237|125|174|164|3523|1946|943|1317|1242
C015|2|6|12|100|2832|1559|818|1143|1078|777|428|224|314|296|3869|2137|1042|1457|1374
C015|20|0|0|0|3630|1998|1049|1465|1382|0|0|0|0|0|3890|2148|1049|1465|1382
C015|20|0|0|4|3630|1998|1049|1465|1382|26|14|8|11|10|3916|2162|1057|1476|1392
C015|20|0|0|20|3630|1998|1049|1465|1382|168|93|49|68|64|4058|2241|1098|1533|1446
C015|20|0|0|60|3630|1998|1049|1465|1382|553|304|160|223|211|4443|2452|1209|1688|1593
C015|20|0|0|100|3630|1998|1049|1465|1382|996|548|288|402|379|4886|2696|1337|1867|1761
C015|20|0|1|0|3656|2012|1057|1476|1392|0|0|0|0|0|3916|2162|1057|1476|1392
C015|20|0|1|4|3656|2012|1057|1476|1392|26|14|8|11|10|3942|2176|1065|1487|1402
C015|20|0|1|20|3656|2012|1057|1476|1392|169|93|49|68|65|4085|2255|1106|1544|1457
C015|20|0|1|60|3656|2012|1057|1476|1392|557|306|161|225|212|4473|2468|1218|1701|1604
C015|20|0|1|100|3656|2012|1057|1476|1392|1003|552|290|405|382|4919|2714|1347|1881|1774
C015|20|0|12|0|3944|2171|1140|1592|1501|0|0|0|0|0|4204|2321|1140|1592|1501
C015|20|0|12|4|3944|2171|1140|1592|1501|28|16|8|11|11|4232|2337|1148|1603|1512
C015|20|0|12|20|3944|2171|1140|1592|1501|183|101|53|74|70|4387|2422|1193|1666|1571
C015|20|0|12|60|3944|2171|1140|1592|1501|601|331|174|242|229|4805|2652|1314|1834|1730
C015|20|0|12|100|3944|2171|1140|1592|1501|1082|596|313|437|412|5286|2917|1453|2029|1913
C015|20|1|0|0|3673|2022|1062|1483|1399|0|0|0|0|0|3933|2172|1062|1483|1399
C015|20|1|0|4|3673|2022|1062|1483|1399|26|15|8|11|10|3959|2187|1070|1494|1409
C015|20|1|0|20|3673|2022|1062|1483|1399|170|94|49|69|65|4103|2266|1111|1552|1464
C015|20|1|0|60|3673|2022|1062|1483|1399|559|308|162|226|213|4492|2480|1224|1709|1612
C015|20|1|0|100|3673|2022|1062|1483|1399|1008|555|291|407|384|4941|2727|1353|1890|1783
C015|20|1|1|0|3699|2036|1069|1493|1409|0|0|0|0|0|3959|2186|1069|1493|1409
C015|20|1|1|4|3699|2036|1069|1493|1409|27|15|8|11|10|3986|2201|1077|1504|1419
C015|20|1|1|20|3699|2036|1069|1493|1409|171|94|50|69|65|4130|2280|1119|1562|1474
C015|20|1|1|60|3699|2036|1069|1493|1409|563|310|163|227|215|4522|2496|1232|1720|1624
C015|20|1|1|100|3699|2036|1069|1493|1409|1015|559|293|410|387|4974|2745|1362|1903|1796
C015|20|1|12|0|3987|2195|1152|1610|1518|0|0|0|0|0|4247|2345|1152|1610|1518
C015|20|1|12|4|3987|2195|1152|1610|1518|29|16|8|12|11|4276|2361|1160|1622|1529
C015|20|1|12|20|3987|2195|1152|1610|1518|185|102|53|75|70|4432|2447|1205|1685|1588
C015|20|1|12|60|3987|2195|1152|1610|1518|607|334|175|245|231|4854|2679|1327|1855|1749
C015|20|1|12|100|3987|2195|1152|1610|1518|1094|602|316|442|417|5341|2947|1468|2052|1935
C015|20|6|0|0|3891|2142|1125|1571|1482|0|0|0|0|0|4151|2292|1125|1571|1482
C015|20|6|0|4|3891|2142|1125|1571|1482|28|15|8|11|11|4179|2307|1133|1582|1493
C015|20|6|0|20|3891|2142|1125|1571|1482|180|99|52|73|69|4331|2391|1177|1644|1551
C015|20|6|0|60|3891|2142|1125|1571|1482|593|326|171|239|226|4744|2618|1296|1810|1708
C015|20|6|0|100|3891|2142|1125|1571|1482|1068|588|309|431|407|5219|2880|1434|2002|1889
C015|20|6|1|0|3917|2156|1132|1581|1492|0|0|0|0|0|4177|2306|1132|1581|1492
C015|20|6|1|4|3917|2156|1132|1581|1492|28|16|8|11|11|4205|2322|1140|1592|1503
C015|20|6|1|20|3917|2156|1132|1581|1492|182|100|52|73|69|4359|2406|1184|1654|1561
C015|20|6|1|60|3917|2156|1132|1581|1492|597|328|172|241|227|4774|2634|1304|1822|1719
C015|20|6|1|100|3917|2156|1132|1581|1492|1075|592|311|434|409|5252|2898|1443|2015|1901
C015|20|6|12|0|4205|2315|1215|1698|1601|0|0|0|0|0|4465|2465|1215|1698|1601
C015|20|6|12|4|4205|2315|1215|1698|1601|30|17|9|12|12|4495|2482|1224|1710|1613
C015|20|6|12|20|4205|2315|1215|1698|1601|195|107|56|79|74|4660|2572|1271|1777|1675
C015|20|6|12|60|4205|2315|1215|1698|1601|641|353|185|259|244|5106|2818|1400|1957|1845
C015|20|6|12|100|4205|2315|1215|1698|1601|1154|635|333|466|439|5619|3100|1548|2164|2040
C015|59|0|0|0|6605|3636|1909|2666|2515|0|0|0|0|0|6865|3786|1909|2666|2515
C015|59|0|0|4|6605|3636|1909|2666|2515|48|26|14|19|18|6913|3812|1923|2685|2533
C015|59|0|0|20|6605|3636|1909|2666|2515|306|169|89|124|117|7171|3955|1998|2790|2632
C015|59|0|0|60|6605|3636|1909|2666|2515|1006|554|291|406|383|7871|4340|2200|3072|2898
C015|59|0|0|100|6605|3636|1909|2666|2515|1812|998|524|732|690|8677|4784|2433|3398|3205
C015|59|0|1|0|6632|3650|1916|2677|2525|0|0|0|0|0|6892|3800|1916|2677|2525
C015|59|0|1|4|6632|3650|1916|2677|2525|48|26|14|19|18|6940|3826|1930|2696|2543
C015|59|0|1|20|6632|3650|1916|2677|2525|307|169|89|124|117|7199|3969|2005|2801|2642
C015|59|0|1|60|6632|3650|1916|2677|2525|1010|556|292|408|385|7902|4356|2208|3085|2910
C015|59|0|1|100|6632|3650|1916|2677|2525|1820|1002|526|735|693|8712|4802|2442|3412|3218
C015|59|0|12|0|6919|3809|2000|2793|2634|0|0|0|0|0|7179|3959|2000|2793|2634
C015|59|0|12|4|6919|3809|2000|2793|2634|50|27|14|20|19|7229|3986|2014|2813|2653
C015|59|0|12|20|6919|3809|2000|2793|2634|321|177|93|129|122|7500|4136|2093|2922|2756
C015|59|0|12|60|6919|3809|2000|2793|2634|1054|580|305|425|401|8233|4539|2305|3218|3035
C015|59|0|12|100|6919|3809|2000|2793|2634|1899|1045|549|766|723|9078|5004|2549|3559|3357
C015|59|1|0|0|6649|3660|1921|2684|2531|0|0|0|0|0|6909|3810|1921|2684|2531
C015|59|1|0|4|6649|3660|1921|2684|2531|48|26|14|19|18|6957|3836|1935|2703|2549
C015|59|1|0|20|6649|3660|1921|2684|2531|308|170|89|124|117|7217|3980|2010|2808|2648
C015|59|1|0|60|6649|3660|1921|2684|2531|1013|557|293|409|386|7922|4367|2214|3093|2917
C015|59|1|0|100|6649|3660|1921|2684|2531|1824|1004|527|736|695|8733|4814|2448|3420|3226
C015|59|1|1|0|6675|3674|1929|2695|2541|0|0|0|0|0|6935|3824|1929|2695|2541
C015|59|1|1|4|6675|3674|1929|2695|2541|48|26|14|19|18|6983|3850|1943|2714|2559
C015|59|1|1|20|6675|3674|1929|2695|2541|309|170|89|125|118|7244|3994|2018|2820|2659
C015|59|1|1|60|6675|3674|1929|2695|2541|1017|560|294|411|387|7952|4384|2223|3106|2928
C015|59|1|1|100|6675|3674|1929|2695|2541|1832|1008|529|740|697|8767|4832|2458|3435|3238
C015|59|1|12|0|6963|3833|2012|2811|2651|0|0|0|0|0|7223|3983|2012|2811|2651
C015|59|1|12|4|6963|3833|2012|2811|2651|50|28|14|20|19|7273|4011|2026|2831|2670
C015|59|1|12|20|6963|3833|2012|2811|2651|323|178|93|130|123|7546|4161|2105|2941|2774
C015|59|1|12|60|6963|3833|2012|2811|2651|1061|584|306|428|404|8284|4567|2318|3239|3055
C015|59|1|12|100|6963|3833|2012|2811|2651|1911|1052|552|771|727|9134|5035|2564|3582|3378
C015|59|6|0|0|6867|3780|1985|2772|2615|0|0|0|0|0|7127|3930|1985|2772|2615
C015|59|6|0|4|6867|3780|1985|2772|2615|49|27|14|20|19|7176|3957|1999|2792|2634
C015|59|6|0|20|6867|3780|1985|2772|2615|318|175|92|129|121|7445|4105|2077|2901|2736
C015|59|6|0|60|6867|3780|1985|2772|2615|1046|576|302|422|398|8173|4506|2287|3194|3013
C015|59|6|0|100|6867|3780|1985|2772|2615|1884|1037|545|761|718|9011|4967|2530|3533|3333
C015|59|6|1|0|6893|3794|1992|2783|2624|0|0|0|0|0|7153|3944|1992|2783|2624
C015|59|6|1|4|6893|3794|1992|2783|2624|50|27|14|20|19|7203|3971|2006|2803|2643
C015|59|6|1|20|6893|3794|1992|2783|2624|320|176|92|129|122|7473|4120|2084|2912|2746
C015|59|6|1|60|6893|3794|1992|2783|2624|1050|578|303|424|400|8203|4522|2295|3207|3024
C015|59|6|1|100|6893|3794|1992|2783|2624|1891|1041|547|764|720|9044|4985|2539|3547|3344
C015|59|6|12|0|7181|3953|2075|2899|2734|0|0|0|0|0|7441|4103|2075|2899|2734
C015|59|6|12|4|7181|3953|2075|2899|2734|52|28|15|21|20|7493|4131|2090|2920|2754
C015|59|6|12|20|7181|3953|2075|2899|2734|333|183|96|134|127|7774|4286|2171|3033|2861
C015|59|6|12|60|7181|3953|2075|2899|2734|1094|602|316|442|416|8535|4705|2391|3341|3150
C015|59|6|12|100|7181|3953|2075|2899|2734|1970|1085|569|795|750|9411|5188|2644|3694|3484
C015|60|0|0|0|6682|3678|1931|2697|2544|0|0|0|0|0|6942|3828|1931|2697|2544
C015|60|0|0|4|6682|3678|1931|2697|2544|48|26|14|19|18|6990|3854|1945|2716|2562
C015|60|0|0|20|6682|3678|1931|2697|2544|310|171|90|125|118|7252|3999|2021|2822|2662
C015|60|0|0|60|6682|3678|1931|2697|2544|1018|560|294|411|388|7960|4388|2225|3108|2932
C015|60|0|0|100|6682|3678|1931|2697|2544|1834|1009|530|740|698|8776|4837|2461|3437|3242
C015|60|0|1|0|6708|3692|1939|2708|2554|0|0|0|0|0|6968|3842|1939|2708|2554
C015|60|0|1|4|6708|3692|1939|2708|2554|48|27|14|19|18|7016|3869|1953|2727|2572
C015|60|0|1|20|6708|3692|1939|2708|2554|311|171|90|126|118|7279|4013|2029|2834|2672
C015|60|0|1|60|6708|3692|1939|2708|2554|1022|562|295|412|389|7990|4404|2234|3120|2943
C015|60|0|1|100|6708|3692|1939|2708|2554|1841|1013|532|743|701|8809|4855|2471|3451|3255
C015|60|0|12|0|6996|3851|2022|2824|2663|0|0|0|0|0|7256|4001|2022|2824|2663
C015|60|0|12|4|6996|3851|2022|2824|2663|50|28|15|20|19|7306|4029|2037|2844|2682
C015|60|0|12|20|6996|3851|2022|2824|2663|324|179|94|131|123|7580|4180|2116|2955|2786
C015|60|0|12|60|6996|3851|2022|2824|2663|1066|587|308|430|406|8322|4588|2330|3254|3069
C015|60|0|12|100|6996|3851|2022|2824|2663|1920|1057|555|775|731|9176|5058|2577|3599|3394
C015|60|1|0|0|6725|3702|1944|2715|2561|0|0|0|0|0|6985|3852|1944|2715|2561
C015|60|1|0|4|6725|3702|1944|2715|2561|48|27|14|20|18|7033|3879|1958|2735|2579
C015|60|1|0|20|6725|3702|1944|2715|2561|312|172|90|126|119|7297|4024|2034|2841|2680
C015|60|1|0|60|6725|3702|1944|2715|2561|1024|564|296|414|390|8009|4416|2240|3129|2951
C015|60|1|0|100|6725|3702|1944|2715|2561|1845|1016|533|745|703|8830|4868|2477|3460|3264
C015|60|1|1|0|6751|3716|1951|2725|2571|0|0|0|0|0|7011|3866|1951|2725|2571
C015|60|1|1|4|6751|3716|1951|2725|2571|49|27|14|20|19|7060|3893|1965|2745|2590
C015|60|1|1|20|6751|3716|1951|2725|2571|313|172|90|126|119|7324|4038|2041|2851|2690
C015|60|1|1|60|6751|3716|1951|2725|2571|1028|566|297|415|392|8039|4432|2248|3140|2963
C015|60|1|1|100|6751|3716|1951|2725|2571|1852|1020|535|748|705|8863|4886|2486|3473|3276
C015|60|1|12|0|7039|3875|2034|2842|2680|0|0|0|0|0|7299|4025|2034|2842|2680
C015|60|1|12|4|7039|3875|2034|2842|2680|51|28|15|20|19|7350|4053|2049|2862|2699
C015|60|1|12|20|7039|3875|2034|2842|2680|326|180|94|132|124|7625|4205|2128|2974|2804
C015|60|1|12|60|7039|3875|2034|2842|2680|1072|590|310|433|408|8371|4615|2344|3275|3088
C015|60|1|12|100|7039|3875|2034|2842|2680|1932|1063|558|780|735|9231|5088|2592|3622|3415
C015|60|6|0|0|6943|3822|2007|2803|2644|0|0|0|0|0|7203|3972|2007|2803|2644
C015|60|6|0|4|6943|3822|2007|2803|2644|50|28|14|20|19|7253|4000|2021|2823|2663
C015|60|6|0|20|6943|3822|2007|2803|2644|322|177|93|130|123|7525|4149|2100|2933|2767
C015|60|6|0|60|6943|3822|2007|2803|2644|1058|582|306|427|403|8261|4554|2313|3230|3047
C015|60|6|0|100|6943|3822|2007|2803|2644|1905|1049|551|769|726|9108|5021|2558|3572|3370
C015|60|6|1|0|6969|3836|2014|2813|2654|0|0|0|0|0|7229|3986|2014|2813|2654
C015|60|6|1|4|6969|3836|2014|2813|2654|50|28|15|20|19|7279|4014|2029|2833|2673
C015|60|6|1|20|6969|3836|2014|2813|2654|323|178|93|130|123|7552|4164|2107|2943|2777
C015|60|6|1|60|6969|3836|2014|2813|2654|1062|584|307|428|404|8291|4570|2321|3241|3058
C015|60|6|1|100|6969|3836|2014|2813|2654|1912|1053|553|772|728|9141|5039|2567|3585|3382
C015|60|6|12|0|7257|3995|2097|2930|2763|0|0|0|0|0|7517|4145|2097|2930|2763
C015|60|6|12|4|7257|3995|2097|2930|2763|52|29|15|21|20|7569|4174|2112|2951|2783
C015|60|6|12|20|7257|3995|2097|2930|2763|336|185|97|136|128|7853|4330|2194|3066|2891
C015|60|6|12|60|7257|3995|2097|2930|2763|1105|609|319|446|421|8622|4754|2416|3376|3184
C015|60|6|12|100|7257|3995|2097|2930|2763|1991|1096|575|804|758|9508|5241|2672|3734|3521
C016|1|0|0|0|3340|720|1180|650|510|0|0|0|0|0|3600|870|1180|650|510
C016|1|0|0|4|3340|720|1180|650|510|24|5|8|5|4|3624|875|1188|655|514
C016|1|0|0|20|3340|720|1180|650|510|155|33|55|30|24|3755|903|1235|680|534
C016|1|0|0|60|3340|720|1180|650|510|509|110|180|99|78|4109|980|1360|749|588
C016|1|0|0|100|3340|720|1180|650|510|916|198|324|178|140|4516|1068|1504|828|650
C016|1|0|1|0|3380|729|1194|658|516|0|0|0|0|0|3640|879|1194|658|516
C016|1|0|1|4|3380|729|1194|658|516|24|5|9|5|4|3664|884|1203|663|520
C016|1|0|1|20|3380|729|1194|658|516|157|34|55|31|24|3797|913|1249|689|540
C016|1|0|1|60|3380|729|1194|658|516|515|111|182|100|79|4155|990|1376|758|595
C016|1|0|1|100|3380|729|1194|658|516|927|200|328|181|142|4567|1079|1522|839|658
C016|1|0|12|0|3821|824|1350|744|583|0|0|0|0|0|4081|974|1350|744|583
C016|1|0|12|4|3821|824|1350|744|583|28|6|10|5|4|4109|980|1360|749|587
C016|1|0|12|20|3821|824|1350|744|583|177|38|63|34|27|4258|1012|1413|778|610
C016|1|0|12|60|3821|824|1350|744|583|582|126|206|113|89|4663|1100|1556|857|672
C016|1|0|12|100|3821|824|1350|744|583|1048|226|370|204|160|5129|1200|1720|948|743
C016|1|1|0|0|3407|734|1204|663|520|0|0|0|0|0|3667|884|1204|663|520
C016|1|1|0|4|3407|734|1204|663|520|25|5|9|5|4|3692|889|1213|668|524
C016|1|1|0|20|3407|734|1204|663|520|158|34|56|31|24|3825|918|1260|694|544
C016|1|1|0|60|3407|734|1204|663|520|519|112|183|101|79|4186|996|1387|764|599
C016|1|1|0|100|3407|734|1204|663|520|935|201|330|182|143|4602|1085|1534|845|663
C016|1|1|1|0|3447|743|1218|671|526|0|0|0|0|0|3707|893|1218|671|526
C016|1|1|1|4|3447|743|1218|671|526|25|5|9|5|4|3732|898|1227|676|530
C016|1|1|1|20|3447|743|1218|671|526|160|34|56|31|24|3867|927|1274|702|550
C016|1|1|1|60|3447|743|1218|671|526|525|113|186|102|80|4232|1006|1404|773|606
C016|1|1|1|100|3447|743|1218|671|526|946|204|334|184|144|4653|1097|1552|855|670
C016|1|1|12|0|3888|838|1374|757|594|0|0|0|0|0|4148|988|1374|757|594
C016|1|1|12|4|3888|838|1374|757|594|28|6|10|5|4|4176|994|1384|762|598
C016|1|1|12|20|3888|838|1374|757|594|180|39|64|35|28|4328|1027|1438|792|622
C016|1|1|12|60|3888|838|1374|757|594|592|128|209|115|90|4740|1116|1583|872|684
C016|1|1|12|100|3888|838|1374|757|594|1067|230|377|208|163|5215|1218|1751|965|757
C016|1|6|0|0|3741|806|1322|728|571|0|0|0|0|0|4001|956|1322|728|571
C016|1|6|0|4|3741|806|1322|728|571|27|6|10|5|4|4028|962|1332|733|575
C016|1|6|0|20|3741|806|1322|728|571|173|37|61|34|26|4174|993|1383|762|597
C016|1|6|0|60|3741|806|1322|728|571|570|123|201|111|87|4571|1079|1523|839|658
C016|1|6|0|100|3741|806|1322|728|571|1027|221|363|200|157|5028|1177|1685|928|728
C016|1|6|1|0|3781|815|1336|736|577|0|0|0|0|0|4041|965|1336|736|577
C016|1|6|1|4|3781|815|1336|736|577|27|6|10|5|4|4068|971|1346|741|581
C016|1|6|1|20|3781|815|1336|736|577|175|38|62|34|27|4216|1003|1398|770|604
C016|1|6|1|60|3781|815|1336|736|577|576|124|203|112|88|4617|1089|1539|848|665
C016|1|6|1|100|3781|815|1336|736|577|1038|224|367|202|158|5079|1189|1703|938|735
C016|1|6|12|0|4222|910|1492|822|645|0|0|0|0|0|4482|1060|1492|822|645
C016|1|6|12|4|4222|910|1492|822|645|30|7|11|6|5|4512|1067|1503|828|650
C016|1|6|12|20|4222|910|1492|822|645|196|42|69|38|30|4678|1102|1561|860|675
C016|1|6|12|60|4222|910|1492|822|645|643|139|227|125|98|5125|1199|1719|947|743
C016|1|6|12|100|4222|910|1492|822|645|1159|250|409|226|177|5641|1310|1901|1048|822
C016|2|0|0|0|3457|745|1221|673|528|0|0|0|0|0|3717|895|1221|673|528
C016|2|0|0|4|3457|745|1221|673|528|25|5|9|5|4|3742|900|1230|678|532
C016|2|0|0|20|3457|745|1221|673|528|160|35|57|31|24|3877|930|1278|704|552
C016|2|0|0|60|3457|745|1221|673|528|527|113|186|103|80|4244|1008|1407|776|608
C016|2|0|0|100|3457|745|1221|673|528|949|204|335|185|145|4666|1099|1556|858|673
C016|2|0|1|0|3497|754|1235|681|534|0|0|0|0|0|3757|904|1235|681|534
C016|2|0|1|4|3497|754|1235|681|534|25|5|9|5|4|3782|909|1244|686|538
C016|2|0|1|20|3497|754|1235|681|534|162|35|57|32|25|3919|939|1292|713|559
C016|2|0|1|60|3497|754|1235|681|534|533|115|188|104|81|4290|1019|1423|785|615
C016|2|0|1|100|3497|754|1235|681|534|960|207|339|187|147|4717|1111|1574|868|681
C016|2|0|12|0|3938|849|1391|766|601|0|0|0|0|0|4198|999|1391|766|601
C016|2|0|12|4|3938|849|1391|766|601|28|6|10|6|4|4226|1005|1401|772|605
C016|2|0|12|20|3938|849|1391|766|601|183|39|64|36|28|4381|1038|1455|802|629
C016|2|0|12|60|3938|849|1391|766|601|600|129|212|117|92|4798|1128|1603|883|693
C016|2|0|12|100|3938|849|1391|766|601|1081|233|382|210|165|5279|1232|1773|976|766
C016|2|1|0|0|3524|760|1245|686|538|0|0|0|0|0|3784|910|1245|686|538
C016|2|1|0|4|3524|760|1245|686|538|25|5|9|5|4|3809|915|1254|691|542
C016|2|1|0|20|3524|760|1245|686|538|163|35|58|32|25|3947|945|1303|718|563
C016|2|1|0|60|3524|760|1245|686|538|537|116|190|104|82|4321|1026|1435|790|620
C016|2|1|0|100|3524|760|1245|686|538|967|209|342|188|148|4751|1119|1587|874|686
C016|2|1|1|0|3564|768|1259|694|544|0|0|0|0|0|3824|918|1259|694|544
C016|2|1|1|4|3564|768|1259|694|544|26|6|9|5|4|3850|924|1268|699|548
C016|2|1|1|20|3564|768|1259|694|544|165|36|58|32|25|3989|954|1317|726|569
C016|2|1|1|60|3564|768|1259|694|544|543|117|192|106|83|4367|1035|1451|800|627
C016|2|1|1|100|3564|768|1259|694|544|978|211|345|190|149|4802|1129|1604|884|693
C016|2|1|12|0|4005|863|1415|779|611|0|0|0|0|0|4265|1013|1415|779|611
C016|2|1|12|4|4005|863|1415|779|611|29|6|10|6|4|4294|1019|1425|785|615
C016|2|1|12|20|4005|863|1415|779|611|186|40|66|36|28|4451|1053|1481|815|639
C016|2|1|12|60|4005|863|1415|779|611|610|131|216|119|93|4875|1144|1631|898|704
C016|2|1|12|100|4005|863|1415|779|611|1099|237|388|214|168|5364|1250|1803|993|779
C016|2|6|0|0|3858|832|1363|751|589|0|0|0|0|0|4118|982|1363|751|589
C016|2|6|0|4|3858|832|1363|751|589|28|6|10|5|4|4146|988|1373|756|593
C016|2|6|0|20|3858|832|1363|751|589|179|39|63|35|27|4297|1021|1426|786|616
C016|2|6|0|60|3858|832|1363|751|589|588|127|208|114|90|4706|1109|1571|865|679
C016|2|6|0|100|3858|832|1363|751|589|1059|228|374|206|162|5177|1210|1737|957|751
C016|2|6|1|0|3898|840|1377|759|595|0|0|0|0|0|4158|990|1377|759|595
C016|2|6|1|4|3898|840|1377|759|595|28|6|10|5|4|4186|996|1387|764|599
C016|2|6|1|20|3898|840|1377|759|595|181|39|64|35|28|4339|1029|1441|794|623
C016|2|6|1|60|3898|840|1377|759|595|594|128|210|116|91|4752|1118|1587|875|686
C016|2|6|1|100|3898|840|1377|759|595|1070|230|378|208|163|5228|1220|1755|967|758
C016|2|6|12|0|4339|935|1533|844|662|0|0|0|0|0|4599|1085|1533|844|662
C016|2|6|12|4|4339|935|1533|844|662|31|7|11|6|5|4630|1092|1544|850|667
C016|2|6|12|20|4339|935|1533|844|662|201|43|71|39|31|4800|1128|1604|883|693
C016|2|6|12|60|4339|935|1533|844|662|661|142|234|129|101|5260|1227|1767|973|763
C016|2|6|12|100|4339|935|1533|844|662|1191|257|421|232|182|5790|1342|1954|1076|844
C016|20|0|0|0|5561|1199|1965|1082|849|0|0|0|0|0|5821|1349|1965|1082|849
C016|20|0|0|4|5561|1199|1965|1082|849|40|9|14|8|6|5861|1358|1979|1090|855
C016|20|0|0|20|5561|1199|1965|1082|849|258|56|91|50|39|6079|1405|2056|1132|888
C016|20|0|0|60|5561|1199|1965|1082|849|847|183|299|165|129|6668|1532|2264|1247|978
C016|20|0|0|100|5561|1199|1965|1082|849|1526|329|539|297|233|7347|1678|2504|1379|1082
C016|20|0|1|0|5601|1207|1979|1090|855|0|0|0|0|0|5861|1357|1979|1090|855
C016|20|0|1|4|5601|1207|1979|1090|855|40|9|14|8|6|5901|1366|1993|1098|861
C016|20|0|1|20|5601|1207|1979|1090|855|260|56|92|51|40|6121|1413|2071|1141|895
C016|20|0|1|60|5601|1207|1979|1090|855|853|184|301|166|130|6714|1541|2280|1256|985
C016|20|0|1|100|5601|1207|1979|1090|855|1537|331|543|299|235|7398|1688|2522|1389|1090
C016|20|0|12|0|6042|1302|2135|1176|923|0|0|0|0|0|6302|1452|2135|1176|923
C016|20|0|12|4|6042|1302|2135|1176|923|44|9|15|8|7|6346|1461|2150|1184|930
C016|20|0|12|20|6042|1302|2135|1176|923|280|60|99|55|43|6582|1512|2234|1231|966
C016|20|0|12|60|6042|1302|2135|1176|923|920|198|325|179|141|7222|1650|2460|1355|1064
C016|20|0|12|100|6042|1302|2135|1176|923|1658|357|586|323|253|7960|1809|2721|1499|1176
C016|20|1|0|0|5628|1213|1988|1095|859|0|0|0|0|0|5888|1363|1988|1095|859
C016|20|1|0|4|5628|1213|1988|1095|859|41|9|14|8|6|5929|1372|2002|1103|865
C016|20|1|0|20|5628|1213|1988|1095|859|261|56|92|51|40|6149|1419|2080|1146|899
C016|20|1|0|60|5628|1213|1988|1095|859|857|185|303|167|131|6745|1548|2291|1262|990
C016|20|1|0|100|5628|1213|1988|1095|859|1544|333|546|300|236|7432|1696|2534|1395|1095
C016|20|1|1|0|5668|1222|2002|1103|865|0|0|0|0|0|5928|1372|2002|1103|865
C016|20|1|1|4|5668|1222|2002|1103|865|41|9|14|8|6|5969|1381|2016|1111|871
C016|20|1|1|20|5668|1222|2002|1103|865|263|57|93|51|40|6191|1429|2095|1154|905
C016|20|1|1|60|5668|1222|2002|1103|865|863|186|305|168|132|6791|1558|2307|1271|997
C016|20|1|1|100|5668|1222|2002|1103|865|1555|335|549|303|237|7483|1707|2551|1406|1102
C016|20|1|12|0|6109|1317|2158|1189|933|0|0|0|0|0|6369|1467|2158|1189|933
C016|20|1|12|4|6109|1317|2158|1189|933|44|9|16|9|7|6413|1476|2174|1198|940
C016|20|1|12|20|6109|1317|2158|1189|933|283|61|100|55|43|6652|1528|2258|1244|976
C016|20|1|12|60|6109|1317|2158|1189|933|931|201|329|181|142|7300|1668|2487|1370|1075
C016|20|1|12|100|6109|1317|2158|1189|933|1676|361|592|326|256|8045|1828|2750|1515|1189
C016|20|6|0|0|5962|1285|2106|1160|910|0|0|0|0|0|6222|1435|2106|1160|910
C016|20|6|0|4|5962|1285|2106|1160|910|43|9|15|8|7|6265|1444|2121|1168|917
C016|20|6|0|20|5962|1285|2106|1160|910|276|60|98|54|42|6498|1495|2204|1214|952
C016|20|6|0|60|5962|1285|2106|1160|910|908|196|321|177|139|7130|1631|2427|1337|1049
C016|20|6|0|100|5962|1285|2106|1160|910|1636|353|578|318|250|7858|1788|2684|1478|1160
C016|20|6|1|0|6002|1294|2120|1168|916|0|0|0|0|0|6262|1444|2120|1168|916
C016|20|6|1|4|6002|1294|2120|1168|916|43|9|15|8|7|6305|1453|2135|1176|923
C016|20|6|1|20|6002|1294|2120|1168|916|278|60|98|54|42|6540|1504|2218|1222|958
C016|20|6|1|60|6002|1294|2120|1168|916|914|197|323|178|140|7176|1641|2443|1346|1056
C016|20|6|1|100|6002|1294|2120|1168|916|1647|355|582|320|251|7909|1799|2702|1488|1167
C016|20|6|12|0|6443|1389|2276|1254|984|0|0|0|0|0|6703|1539|2276|1254|984
C016|20|6|12|4|6443|1389|2276|1254|984|46|10|16|9|7|6749|1549|2292|1263|991
C016|20|6|12|20|6443|1389|2276|1254|984|299|64|106|58|46|7002|1603|2382|1312|1030
C016|20|6|12|60|6443|1389|2276|1254|984|981|212|347|191|150|7684|1751|2623|1445|1134
C016|20|6|12|100|6443|1389|2276|1254|984|1768|381|625|344|270|8471|1920|2901|1598|1254
C016|59|0|0|0|10120|2182|3575|1969|1545|0|0|0|0|0|10380|2332|3575|1969|1545
C016|59|0|0|4|10120|2182|3575|1969|1545|73|16|26|14|11|10453|2348|3601|1983|1556
C016|59|0|0|20|10120|2182|3575|1969|1545|469|101|166|91|72|10849|2433|3741|2060|1617
C016|59|0|0|60|10120|2182|3575|1969|1545|1541|332|545|300|235|11921|2664|4120|2269|1780
C016|59|0|0|100|10120|2182|3575|1969|1545|2777|599|981|540|424|13157|2931|4556|2509|1969
C016|59|0|1|0|10160|2190|3590|1977|1551|0|0|0|0|0|10420|2340|3590|1977|1551
C016|59|0|1|4|10160|2190|3590|1977|1551|73|16|26|14|11|10493|2356|3616|1991|1562
C016|59|0|1|20|10160|2190|3590|1977|1551|471|102|166|92|72|10891|2442|3756|2069|1623
C016|59|0|1|60|10160|2190|3590|1977|1551|1548|334|547|301|236|11968|2674|4137|2278|1787
C016|59|0|1|100|10160|2190|3590|1977|1551|2788|601|985|542|426|13208|2941|4575|2519|1977
C016|59|0|12|0|10601|2285|3745|2063|1619|0|0|0|0|0|10861|2435|3745|2063|1619
C016|59|0|12|4|10601|2285|3745|2063|1619|76|16|27|15|12|10937|2451|3772|2078|1631
C016|59|0|12|20|10601|2285|3745|2063|1619|491|106|174|96|75|11352|2541|3919|2159|1694
C016|59|0|12|60|10601|2285|3745|2063|1619|1615|348|570|314|247|12476|2783|4315|2377|1866
C016|59|0|12|100|10601|2285|3745|2063|1619|2909|627|1028|566|444|13770|3062|4773|2629|2063
C016|59|1|0|0|10187|2196|3599|1982|1555|0|0|0|0|0|10447|2346|3599|1982|1555
C016|59|1|0|4|10187|2196|3599|1982|1555|73|16|26|14|11|10520|2362|3625|1996|1566
C016|59|1|0|20|10187|2196|3599|1982|1555|472|102|167|92|72|10919|2448|3766|2074|1627
C016|59|1|0|60|10187|2196|3599|1982|1555|1552|334|548|302|237|11999|2680|4147|2284|1792
C016|59|1|0|100|10187|2196|3599|1982|1555|2795|603|988|544|427|13242|2949|4587|2526|1982
C016|59|1|1|0|10227|2205|3613|1990|1562|0|0|0|0|0|10487|2355|3613|1990|1562
C016|59|1|1|4|10227|2205|3613|1990|1562|74|16|26|14|11|10561|2371|3639|2004|1573
C016|59|1|1|20|10227|2205|3613|1990|1562|474|102|167|92|72|10961|2457|3780|2082|1634
C016|59|1|1|60|10227|2205|3613|1990|1562|1558|336|550|303|238|12045|2691|4163|2293|1800
C016|59|1|1|100|10227|2205|3613|1990|1562|2806|605|991|546|429|13293|2960|4604|2536|1991
C016|59|1|12|0|10668|2300|3769|2076|1629|0|0|0|0|0|10928|2450|3769|2076|1629
C016|59|1|12|4|10668|2300|3769|2076|1629|77|17|27|15|12|11005|2467|3796|2091|1641
C016|59|1|12|20|10668|2300|3769|2076|1629|495|107|175|96|76|11423|2557|3944|2172|1705
C016|59|1|12|60|10668|2300|3769|2076|1629|1625|350|574|316|248|12553|2800|4343|2392|1877
C016|59|1|12|100|10668|2300|3769|2076|1629|2927|631|1034|570|447|13855|3081|4803|2646|2076
C016|59|6|0|0|10521|2268|3717|2048|1607|0|0|0|0|0|10781|2418|3717|2048|1607
C016|59|6|0|4|10521|2268|3717|2048|1607|76|16|27|15|12|10857|2434|3744|2063|1619
C016|59|6|0|20|10521|2268|3717|2048|1607|488|105|172|95|75|11269|2523|3889|2143|1682
C016|59|6|0|60|10521|2268|3717|2048|1607|1603|345|566|312|245|12384|2763|4283|2360|1852
C016|59|6|0|100|10521|2268|3717|2048|1607|2887|622|1020|562|441|13668|3040|4737|2610|2048
C016|59|6|1|0|10561|2277|3731|2055|1613|0|0|0|0|0|10821|2427|3731|2055|1613
C016|59|6|1|4|10561|2277|3731|2055|1613|76|16|27|15|12|10897|2443|3758|2070|1625
C016|59|6|1|20|10561|2277|3731|2055|1613|490|106|173|95|75|11311|2533|3904|2150|1688
C016|59|6|1|60|10561|2277|3731|2055|1613|1609|347|568|313|246|12430|2774|4299|2368|1859
C016|59|6|1|100|10561|2277|3731|2055|1613|2898|625|1024|564|443|13719|3052|4755|2619|2056
C016|59|6|12|0|11002|2372|3887|2141|1680|0|0|0|0|0|11262|2522|3887|2141|1680
C016|59|6|12|4|11002|2372|3887|2141|1680|79|17|28|15|12|11341|2539|3915|2156|1692
C016|59|6|12|20|11002|2372|3887|2141|1680|510|110|180|99|78|11772|2632|4067|2240|1758
C016|59|6|12|60|11002|2372|3887|2141|1680|1676|361|592|326|256|12938|2883|4479|2467|1936
C016|59|6|12|100|11002|2372|3887|2141|1680|3019|651|1067|587|461|14281|3173|4954|2728|2141
C016|60|0|0|0|10237|2207|3617|1992|1563|0|0|0|0|0|10497|2357|3617|1992|1563
C016|60|0|0|4|10237|2207|3617|1992|1563|74|16|26|14|11|10571|2373|3643|2006|1574
C016|60|0|0|20|10237|2207|3617|1992|1563|475|102|168|92|72|10972|2459|3785|2084|1635
C016|60|0|0|60|10237|2207|3617|1992|1563|1559|336|551|303|238|12056|2693|4168|2295|1801
C016|60|0|0|100|10237|2207|3617|1992|1563|2809|606|993|547|429|13306|2963|4610|2539|1992
C016|60|0|1|0|10277|2215|3631|2000|1569|0|0|0|0|0|10537|2365|3631|2000|1569
C016|60|0|1|4|10277|2215|3631|2000|1569|74|16|26|14|11|10611|2381|3657|2014|1580
C016|60|0|1|20|10277|2215|3631|2000|1569|476|103|168|93|73|11013|2468|3799|2093|1642
C016|60|0|1|60|10277|2215|3631|2000|1569|1565|337|553|305|239|12102|2702|4184|2305|1808
C016|60|0|1|100|10277|2215|3631|2000|1569|2820|608|996|549|431|13357|2973|4627|2549|2000
C016|60|0|12|0|10718|2310|3787|2086|1637|0|0|0|0|0|10978|2460|3787|2086|1637
C016|60|0|12|4|10718|2310|3787|2086|1637|77|17|27|15|12|11055|2477|3814|2101|1649
C016|60|0|12|20|10718|2310|3787|2086|1637|497|107|176|97|76|11475|2567|3963|2183|1713
C016|60|0|12|60|10718|2310|3787|2086|1637|1633|352|577|318|249|12611|2812|4364|2404|1886
C016|60|0|12|100|10718|2310|3787|2086|1637|2941|634|1039|572|449|13919|3094|4826|2658|2086
C016|60|1|0|0|10304|2221|3640|2005|1573|0|0|0|0|0|10564|2371|3640|2005|1573
C016|60|1|0|4|10304|2221|3640|2005|1573|74|16|26|14|11|10638|2387|3666|2019|1584
C016|60|1|0|20|10304|2221|3640|2005|1573|478|103|169|93|73|11042|2474|3809|2098|1646
C016|60|1|0|60|10304|2221|3640|2005|1573|1570|338|554|305|240|12134|2709|4194|2310|1813
C016|60|1|0|100|10304|2221|3640|2005|1573|2827|609|999|550|432|13391|2980|4639|2555|2005
C016|60|1|1|0|10344|2230|3654|2013|1579|0|0|0|0|0|10604|2380|3654|2013|1579
C016|60|1|1|4|10344|2230|3654|2013|1579|74|16|26|14|11|10678|2396|3680|2027|1590
C016|60|1|1|20|10344|2230|3654|2013|1579|480|103|169|93|73|11084|2483|3823|2106|1652
C016|60|1|1|60|10344|2230|3654|2013|1579|1576|340|557|307|241|12180|2720|4211|2320|1820
C016|60|1|1|100|10344|2230|3654|2013|1579|2838|612|1003|552|433|13442|2992|4657|2565|2012
C016|60|1|12|0|10785|2325|3810|2099|1647|0|0|0|0|0|11045|2475|3810|2099|1647
C016|60|1|12|4|10785|2325|3810|2099|1647|78|17|27|15|12|11123|2492|3837|2114|1659
C016|60|1|12|20|10785|2325|3810|2099|1647|500|108|177|97|76|11545|2583|3987|2196|1723
C016|60|1|12|60|10785|2325|3810|2099|1647|1643|354|580|320|251|12688|2829|4390|2419|1898
C016|60|1|12|100|10785|2325|3810|2099|1647|2959|638|1045|576|452|14004|3113|4855|2675|2099
C016|60|6|0|0|10638|2293|3758|2070|1624|0|0|0|0|0|10898|2443|3758|2070|1624
C016|60|6|0|4|10638|2293|3758|2070|1624|77|17|27|15|12|10975|2460|3785|2085|1636
C016|60|6|0|20|10638|2293|3758|2070|1624|493|106|174|96|75|11391|2549|3932|2166|1699
C016|60|6|0|60|10638|2293|3758|2070|1624|1620|349|572|315|247|12518|2792|4330|2385|1871
C016|60|6|0|100|10638|2293|3758|2070|1624|2919|629|1031|568|446|13817|3072|4789|2638|2070
C016|60|6|1|0|10678|2302|3772|2078|1630|0|0|0|0|0|10938|2452|3772|2078|1630
C016|60|6|1|4|10678|2302|3772|2078|1630|77|17|27|15|12|11015|2469|3799|2093|1642
C016|60|6|1|20|10678|2302|3772|2078|1630|495|107|175|96|76|11433|2559|3947|2174|1706
C016|60|6|1|60|10678|2302|3772|2078|1630|1626|351|575|317|248|12564|2803|4347|2395|1878
C016|60|6|1|100|10678|2302|3772|2078|1630|2930|632|1035|570|447|13868|3084|4807|2648|2077
C016|60|6|12|0|11119|2397|3928|2164|1698|0|0|0|0|0|11379|2547|3928|2164|1698
C016|60|6|12|4|11119|2397|3928|2164|1698|80|17|28|16|12|11459|2564|3956|2180|1710
C016|60|6|12|20|11119|2397|3928|2164|1698|515|111|182|100|79|11894|2658|4110|2264|1777
C016|60|6|12|60|11119|2397|3928|2164|1698|1694|365|598|330|259|13073|2912|4526|2494|1957
C016|60|6|12|100|11119|2397|3928|2164|1698|3051|658|1078|594|466|14430|3205|5006|2758|2164
C017|1|0|0|0|3320|750|1170|670|500|0|0|0|0|0|3580|900|1170|670|500
C017|1|0|0|4|3320|750|1170|670|500|24|5|8|5|4|3604|905|1178|675|504
C017|1|0|0|20|3320|750|1170|670|500|154|35|54|31|23|3734|935|1224|701|523
C017|1|0|0|60|3320|750|1170|670|500|506|114|178|102|76|4086|1014|1348|772|576
C017|1|0|0|100|3320|750|1170|670|500|911|206|321|184|137|4491|1106|1491|854|637
C017|1|0|1|0|3360|759|1184|678|506|0|0|0|0|0|3620|909|1184|678|506
C017|1|0|1|4|3360|759|1184|678|506|24|5|9|5|4|3644|914|1193|683|510
C017|1|0|1|20|3360|759|1184|678|506|156|35|55|31|23|3776|944|1239|709|529
C017|1|0|1|60|3360|759|1184|678|506|512|116|180|103|77|4132|1025|1364|781|583
C017|1|0|1|100|3360|759|1184|678|506|922|208|325|186|139|4542|1117|1509|864|645
C017|1|0|12|0|3798|858|1338|766|572|0|0|0|0|0|4058|1008|1338|766|572
C017|1|0|12|4|3798|858|1338|766|572|27|6|10|6|4|4085|1014|1348|772|576
C017|1|0|12|20|3798|858|1338|766|572|176|40|62|36|27|4234|1048|1400|802|599
C017|1|0|12|60|3798|858|1338|766|572|579|131|204|117|87|4637|1139|1542|883|659
C017|1|0|12|100|3798|858|1338|766|572|1042|235|367|210|157|5100|1243|1705|976|729
C017|1|1|0|0|3386|765|1193|683|510|0|0|0|0|0|3646|915|1193|683|510
C017|1|1|0|4|3386|765|1193|683|510|24|6|9|5|4|3670|921|1202|688|514
C017|1|1|0|20|3386|765|1193|683|510|157|35|55|32|24|3803|950|1248|715|534
C017|1|1|0|60|3386|765|1193|683|510|516|117|182|104|78|4162|1032|1375|787|588
C017|1|1|0|100|3386|765|1193|683|510|929|210|327|187|140|4575|1125|1520|870|650
C017|1|1|1|0|3426|774|1207|691|516|0|0|0|0|0|3686|924|1207|691|516
C017|1|1|1|4|3426|774|1207|691|516|25|6|9|5|4|3711|930|1216|696|520
C017|1|1|1|20|3426|774|1207|691|516|159|36|56|32|24|3845|960|1263|723|540
C017|1|1|1|60|3426|774|1207|691|516|522|118|184|105|79|4208|1042|1391|796|595
C017|1|1|1|100|3426|774|1207|691|516|940|212|331|190|142|4626|1136|1538|881|658
C017|1|1|12|0|3864|873|1362|780|582|0|0|0|0|0|4124|1023|1362|780|582
C017|1|1|12|4|3864|873|1362|780|582|28|6|10|6|4|4152|1029|1372|786|586
C017|1|1|12|20|3864|873|1362|780|582|179|40|63|36|27|4303|1063|1425|816|609
C017|1|1|12|60|3864|873|1362|780|582|589|133|207|119|89|4713|1156|1569|899|671
C017|1|1|12|100|3864|873|1362|780|582|1060|240|374|214|160|5184|1263|1736|994|742
C017|1|6|0|0|3718|840|1310|750|560|0|0|0|0|0|3978|990|1310|750|560
C017|1|6|0|4|3718|840|1310|750|560|27|6|9|5|4|4005|996|1319|755|564
C017|1|6|0|20|3718|840|1310|750|560|172|39|61|35|26|4150|1029|1371|785|586
C017|1|6|0|60|3718|840|1310|750|560|566|128|200|114|85|4544|1118|1510|864|645
C017|1|6|0|100|3718|840|1310|750|560|1020|230|359|206|154|4998|1220|1669|956|714
C017|1|6|1|0|3758|849|1324|758|566|0|0|0|0|0|4018|999|1324|758|566
C017|1|6|1|4|3758|849|1324|758|566|27|6|10|5|4|4045|1005|1334|763|570
C017|1|6|1|20|3758|849|1324|758|566|174|39|61|35|26|4192|1038|1385|793|592
C017|1|6|1|60|3758|849|1324|758|566|572|129|202|115|86|4590|1128|1526|873|652
C017|1|6|1|100|3758|849|1324|758|566|1031|233|363|208|155|5049|1232|1687|966|721
C017|1|6|12|0|4196|948|1479|847|632|0|0|0|0|0|4456|1098|1479|847|632
C017|1|6|12|4|4196|948|1479|847|632|30|7|11|6|5|4486|1105|1490|853|637
C017|1|6|12|20|4196|948|1479|847|632|195|44|69|39|29|4651|1142|1548|886|661
C017|1|6|12|60|4196|948|1479|847|632|639|144|225|129|96|5095|1242|1704|976|728
C017|1|6|12|100|4196|948|1479|847|632|1151|260|406|232|173|5607|1358|1885|1079|805
C017|2|0|0|0|3436|776|1211|693|517|0|0|0|0|0|3696|926|1211|693|517
C017|2|0|0|4|3436|776|1211|693|517|25|6|9|5|4|3721|932|1220|698|521
C017|2|0|0|20|3436|776|1211|693|517|159|36|56|32|24|3855|962|1267|725|541
C017|2|0|0|60|3436|776|1211|693|517|523|118|184|106|79|4219|1044|1395|799|596
C017|2|0|0|100|3436|776|1211|693|517|943|213|332|190|142|4639|1139|1543|883|659
C017|2|0|1|0|3476|785|1225|701|524|0|0|0|0|0|3736|935|1225|701|524
C017|2|0|1|4|3476|785|1225|701|524|25|6|9|5|4|3761|941|1234|706|528
C017|2|0|1|20|3476|785|1225|701|524|161|36|57|32|24|3897|971|1282|733|548
C017|2|0|1|60|3476|785|1225|701|524|529|120|187|107|80|4265|1055|1412|808|604
C017|2|0|1|100|3476|785|1225|701|524|954|215|336|192|144|4690|1150|1561|893|668
C017|2|0|12|0|3914|884|1379|790|590|0|0|0|0|0|4174|1034|1379|790|590
C017|2|0|12|4|3914|884|1379|790|590|28|6|10|6|4|4202|1040|1389|796|594
C017|2|0|12|20|3914|884|1379|790|590|181|41|64|37|27|4355|1075|1443|827|617
C017|2|0|12|60|3914|884|1379|790|590|596|135|210|120|90|4770|1169|1589|910|680
C017|2|0|12|100|3914|884|1379|790|590|1074|243|378|217|162|5248|1277|1757|1007|752
C017|2|1|0|0|3503|791|1234|707|527|0|0|0|0|0|3763|941|1234|707|527
C017|2|1|0|4|3503|791|1234|707|527|25|6|9|5|4|3788|947|1243|712|531
C017|2|1|0|20|3503|791|1234|707|527|162|37|57|33|24|3925|978|1291|740|551
C017|2|1|0|60|3503|791|1234|707|527|534|120|188|108|80|4297|1061|1422|815|607
C017|2|1|0|100|3503|791|1234|707|527|961|217|339|194|145|4724|1158|1573|901|672
C017|2|1|1|0|3542|800|1248|715|534|0|0|0|0|0|3802|950|1248|715|534
C017|2|1|1|4|3542|800|1248|715|534|26|6|9|5|4|3828|956|1257|720|538
C017|2|1|1|20|3542|800|1248|715|534|164|37|58|33|25|3966|987|1306|748|559
C017|2|1|1|60|3542|800|1248|715|534|540|122|190|109|81|4342|1072|1438|824|615
C017|2|1|1|100|3542|800|1248|715|534|972|220|342|196|147|4774|1170|1590|911|681
C017|2|1|12|0|3981|899|1403|803|600|0|0|0|0|0|4241|1049|1403|803|600
C017|2|1|12|4|3981|899|1403|803|600|29|6|10|6|4|4270|1055|1413|809|604
C017|2|1|12|20|3981|899|1403|803|600|185|42|65|37|28|4426|1091|1468|840|628
C017|2|1|12|60|3981|899|1403|803|600|606|137|214|122|91|4847|1186|1617|925|691
C017|2|1|12|100|3981|899|1403|803|600|1092|247|385|220|165|5333|1296|1788|1023|765
C017|2|6|0|0|3835|866|1351|774|577|0|0|0|0|0|4095|1016|1351|774|577
C017|2|6|0|4|3835|866|1351|774|577|28|6|10|6|4|4123|1022|1361|780|581
C017|2|6|0|20|3835|866|1351|774|577|178|40|63|36|27|4273|1056|1414|810|604
C017|2|6|0|60|3835|866|1351|774|577|584|132|206|118|88|4679|1148|1557|892|665
C017|2|6|0|100|3835|866|1351|774|577|1052|238|371|212|158|5147|1254|1722|986|735
C017|2|6|1|0|3874|875|1365|782|584|0|0|0|0|0|4134|1025|1365|782|584
C017|2|6|1|4|3874|875|1365|782|584|28|6|10|6|4|4162|1031|1375|788|588
C017|2|6|1|20|3874|875|1365|782|584|180|41|63|36|27|4314|1066|1428|818|611
C017|2|6|1|60|3874|875|1365|782|584|590|133|208|119|89|4724|1158|1573|901|673
C017|2|6|1|100|3874|875|1365|782|584|1063|240|375|215|160|5197|1265|1740|997|744
C017|2|6|12|0|4313|974|1520|870|650|0|0|0|0|0|4573|1124|1520|870|650
C017|2|6|12|4|4313|974|1520|870|650|31|7|11|6|5|4604|1131|1531|876|655
C017|2|6|12|20|4313|974|1520|870|650|200|45|70|40|30|4773|1169|1590|910|680
C017|2|6|12|60|4313|974|1520|870|650|657|148|232|133|99|5230|1272|1752|1003|749
C017|2|6|12|100|4313|974|1520|870|650|1183|267|417|239|178|5756|1391|1937|1109|828
C017|20|0|0|0|5528|1249|1948|1116|832|0|0|0|0|0|5788|1399|1948|1116|832
C017|20|0|0|4|5528|1249|1948|1116|832|40|9|14|8|6|5828|1408|1962|1124|838
C017|20|0|0|20|5528|1249|1948|1116|832|256|58|90|52|39|6044|1457|2038|1168|871
C017|20|0|0|60|5528|1249|1948|1116|832|842|190|297|170|127|6630|1589|2245|1286|959
C017|20|0|0|100|5528|1249|1948|1116|832|1517|343|535|306|228|7305|1742|2483|1422|1060
C017|20|0|1|0|5568|1258|1962|1124|839|0|0|0|0|0|5828|1408|1962|1124|839
C017|20|0|1|4|5568|1258|1962|1124|839|40|9|14|8|6|5868|1417|1976|1132|845
C017|20|0|1|20|5568|1258|1962|1124|839|258|58|91|52|39|6086|1466|2053|1176|878
C017|20|0|1|60|5568|1258|1962|1124|839|848|192|299|171|128|6676|1600|2261|1295|967
C017|20|0|1|100|5568|1258|1962|1124|839|1528|345|538|308|230|7356|1753|2500|1432|1069
C017|20|0|12|0|6006|1357|2117|1212|905|0|0|0|0|0|6266|1507|2117|1212|905
C017|20|0|12|4|6006|1357|2117|1212|905|43|10|15|9|7|6309|1517|2132|1221|912
C017|20|0|12|20|6006|1357|2117|1212|905|278|63|98|56|42|6544|1570|2215|1268|947
C017|20|0|12|60|6006|1357|2117|1212|905|915|207|322|185|138|7181|1714|2439|1397|1043
C017|20|0|12|100|6006|1357|2117|1212|905|1648|372|581|333|248|7914|1879|2698|1545|1153
C017|20|1|0|0|5594|1264|1971|1129|842|0|0|0|0|0|5854|1414|1971|1129|842
C017|20|1|0|4|5594|1264|1971|1129|842|40|9|14|8|6|5894|1423|1985|1137|848
C017|20|1|0|20|5594|1264|1971|1129|842|259|59|91|52|39|6113|1473|2062|1181|881
C017|20|1|0|60|5594|1264|1971|1129|842|852|193|300|172|128|6706|1607|2271|1301|970
C017|20|1|0|100|5594|1264|1971|1129|842|1535|347|541|310|231|7389|1761|2512|1439|1073
C017|20|1|1|0|5634|1273|1985|1137|849|0|0|0|0|0|5894|1423|1985|1137|849
C017|20|1|1|4|5634|1273|1985|1137|849|41|9|14|8|6|5935|1432|1999|1145|855
C017|20|1|1|20|5634|1273|1985|1137|849|261|59|92|53|39|6155|1482|2077|1190|888
C017|20|1|1|60|5634|1273|1985|1137|849|858|194|302|173|129|6752|1617|2287|1310|978
C017|20|1|1|100|5634|1273|1985|1137|849|1546|349|545|312|233|7440|1772|2530|1449|1082
C017|20|1|12|0|6072|1372|2140|1225|914|0|0|0|0|0|6332|1522|2140|1225|914
C017|20|1|12|4|6072|1372|2140|1225|914|44|10|15|9|7|6376|1532|2155|1234|921
C017|20|1|12|20|6072|1372|2140|1225|914|281|64|99|57|42|6613|1586|2239|1282|956
C017|20|1|12|60|6072|1372|2140|1225|914|925|209|326|187|139|7257|1731|2466|1412|1053
C017|20|1|12|100|6072|1372|2140|1225|914|1666|376|587|336|251|7998|1898|2727|1561|1165
C017|20|6|0|0|5926|1339|2088|1196|892|0|0|0|0|0|6186|1489|2088|1196|892
C017|20|6|0|4|5926|1339|2088|1196|892|43|10|15|9|6|6229|1499|2103|1205|898
C017|20|6|0|20|5926|1339|2088|1196|892|275|62|97|55|41|6461|1551|2185|1251|933
C017|20|6|0|60|5926|1339|2088|1196|892|903|204|318|182|136|7089|1693|2406|1378|1028
C017|20|6|0|100|5926|1339|2088|1196|892|1626|367|573|328|245|7812|1856|2661|1524|1137
C017|20|6|1|0|5966|1348|2102|1204|899|0|0|0|0|0|6226|1498|2102|1204|899
C017|20|6|1|4|5966|1348|2102|1204|899|43|10|15|9|6|6269|1508|2117|1213|905
C017|20|6|1|20|5966|1348|2102|1204|899|277|62|97|56|42|6503|1560|2199|1260|941
C017|20|6|1|60|5966|1348|2102|1204|899|909|205|320|183|137|7135|1703|2422|1387|1036
C017|20|6|1|100|5966|1348|2102|1204|899|1637|370|577|330|247|7863|1868|2679|1534|1146
C017|20|6|12|0|6404|1447|2257|1292|965|0|0|0|0|0|6664|1597|2257|1292|965
C017|20|6|12|4|6404|1447|2257|1292|965|46|10|16|9|7|6710|1607|2273|1301|972
C017|20|6|12|20|6404|1447|2257|1292|965|297|67|105|60|45|6961|1664|2362|1352|1010
C017|20|6|12|60|6404|1447|2257|1292|965|975|220|344|197|147|7639|1817|2601|1489|1112
C017|20|6|12|100|6404|1447|2257|1292|965|1757|397|619|355|265|8421|1994|2876|1647|1230
C017|59|0|0|0|10060|2272|3545|2030|1515|0|0|0|0|0|10320|2422|3545|2030|1515
C017|59|0|0|4|10060|2272|3545|2030|1515|72|16|26|15|11|10392|2438|3571|2045|1526
C017|59|0|0|20|10060|2272|3545|2030|1515|466|105|164|94|70|10786|2527|3709|2124|1585
C017|59|0|0|60|10060|2272|3545|2030|1515|1532|346|540|309|231|11852|2768|4085|2339|1746
C017|59|0|0|100|10060|2272|3545|2030|1515|2760|623|973|557|416|13080|3045|4518|2587|1931
C017|59|0|1|0|10099|2282|3559|2038|1521|0|0|0|0|0|10359|2432|3559|2038|1521
C017|59|0|1|4|10099|2282|3559|2038|1521|73|16|26|15|11|10432|2448|3585|2053|1532
C017|59|0|1|20|10099|2282|3559|2038|1521|468|106|165|94|71|10827|2538|3724|2132|1592
C017|59|0|1|60|10099|2282|3559|2038|1521|1538|348|542|310|232|11897|2780|4101|2348|1753
C017|59|0|1|100|10099|2282|3559|2038|1521|2771|626|977|559|417|13130|3058|4536|2597|1938
C017|59|0|12|0|10538|2381|3714|2127|1587|0|0|0|0|0|10798|2531|3714|2127|1587
C017|59|0|12|4|10538|2381|3714|2127|1587|76|17|27|15|11|10874|2548|3741|2142|1598
C017|59|0|12|20|10538|2381|3714|2127|1587|489|110|172|99|74|11287|2641|3886|2226|1661
C017|59|0|12|60|10538|2381|3714|2127|1587|1605|363|566|324|242|12403|2894|4280|2451|1829
C017|59|0|12|100|10538|2381|3714|2127|1587|2892|653|1019|584|435|13690|3184|4733|2711|2022
C017|59|1|0|0|10126|2287|3568|2043|1525|0|0|0|0|0|10386|2437|3568|2043|1525
C017|59|1|0|4|10126|2287|3568|2043|1525|73|16|26|15|11|10459|2453|3594|2058|1536
C017|59|1|0|20|10126|2287|3568|2043|1525|469|106|165|95|71|10855|2543|3733|2138|1596
C017|59|1|0|60|10126|2287|3568|2043|1525|1542|348|543|311|232|11928|2785|4111|2354|1757
C017|59|1|0|100|10126|2287|3568|2043|1525|2779|628|979|561|418|13165|3065|4547|2604|1943
C017|59|1|1|0|10166|2297|3583|2052|1531|0|0|0|0|0|10426|2447|3583|2052|1531
C017|59|1|1|4|10166|2297|3583|2052|1531|73|17|26|15|11|10499|2464|3609|2067|1542
C017|59|1|1|20|10166|2297|3583|2052|1531|471|106|166|95|71|10897|2553|3749|2147|1602
C017|59|1|1|60|10166|2297|3583|2052|1531|1548|350|546|313|233|11974|2797|4129|2365|1764
C017|59|1|1|100|10166|2297|3583|2052|1531|2790|630|983|563|420|13216|3077|4566|2615|1951
C017|59|1|12|0|10604|2396|3737|2140|1597|0|0|0|0|0|10864|2546|3737|2140|1597
C017|59|1|12|4|10604|2396|3737|2140|1597|76|17|27|15|11|10940|2563|3764|2155|1608
C017|59|1|12|20|10604|2396|3737|2140|1597|492|111|173|99|74|11356|2657|3910|2239|1671
C017|59|1|12|60|10604|2396|3737|2140|1597|1615|365|569|326|243|12479|2911|4306|2466|1840
C017|59|1|12|100|10604|2396|3737|2140|1597|2910|657|1025|587|438|13774|3203|4762|2727|2035
C017|59|6|0|0|10458|2363|3686|2111|1575|0|0|0|0|0|10718|2513|3686|2111|1575
C017|59|6|0|4|10458|2363|3686|2111|1575|75|17|27|15|11|10793|2530|3713|2126|1586
C017|59|6|0|20|10458|2363|3686|2111|1575|485|110|171|98|73|11203|2623|3857|2209|1648
C017|59|6|0|60|10458|2363|3686|2111|1575|1593|360|561|322|240|12311|2873|4247|2433|1815
C017|59|6|0|100|10458|2363|3686|2111|1575|2870|648|1011|579|432|13588|3161|4697|2690|2007
C017|59|6|1|0|10498|2371|3700|2119|1581|0|0|0|0|0|10758|2521|3700|2119|1581
C017|59|6|1|4|10498|2371|3700|2119|1581|76|17|27|15|11|10834|2538|3727|2134|1592
C017|59|6|1|20|10498|2371|3700|2119|1581|487|110|172|98|73|11245|2631|3872|2217|1654
C017|59|6|1|60|10498|2371|3700|2119|1581|1599|361|564|323|241|12357|2882|4264|2442|1822
C017|59|6|1|100|10498|2371|3700|2119|1581|2881|651|1015|581|434|13639|3172|4715|2700|2015
C017|59|6|12|0|10936|2470|3854|2207|1647|0|0|0|0|0|11196|2620|3854|2207|1647
C017|59|6|12|4|10936|2470|3854|2207|1647|79|18|28|16|12|11275|2638|3882|2223|1659
C017|59|6|12|20|10936|2470|3854|2207|1647|507|115|179|102|76|11703|2735|4033|2309|1723
C017|59|6|12|60|10936|2470|3854|2207|1647|1666|376|587|336|251|12862|2996|4441|2543|1898
C017|59|6|12|100|10936|2470|3854|2207|1647|3001|678|1058|606|452|14197|3298|4912|2813|2099
C017|60|0|0|0|10176|2299|3586|2054|1533|0|0|0|0|0|10436|2449|3586|2054|1533
C017|60|0|0|4|10176|2299|3586|2054|1533|73|17|26|15|11|10509|2466|3612|2069|1544
C017|60|0|0|20|10176|2299|3586|2054|1533|472|107|166|95|71|10908|2556|3752|2149|1604
C017|60|0|0|60|10176|2299|3586|2054|1533|1550|350|546|313|234|11986|2799|4132|2367|1767
C017|60|0|0|100|10176|2299|3586|2054|1533|2792|631|984|564|421|13228|3080|4570|2618|1954
C017|60|0|1|0|10216|2308|3600|2062|1538|0|0|0|0|0|10476|2458|3600|2062|1538
C017|60|0|1|4|10216|2308|3600|2062|1538|74|17|26|15|11|10550|2475|3626|2077|1549
C017|60|0|1|20|10216|2308|3600|2062|1538|474|107|167|96|71|10950|2565|3767|2158|1609
C017|60|0|1|60|10216|2308|3600|2062|1538|1556|352|548|314|234|12032|2810|4148|2376|1772
C017|60|0|1|100|10216|2308|3600|2062|1538|2803|633|988|566|422|13279|3091|4588|2628|1960
C017|60|0|12|0|10654|2407|3755|2150|1605|0|0|0|0|0|10914|2557|3755|2150|1605
C017|60|0|12|4|10654|2407|3755|2150|1605|77|17|27|15|12|10991|2574|3782|2165|1617
C017|60|0|12|20|10654|2407|3755|2150|1605|494|112|174|100|74|11408|2669|3929|2250|1679
C017|60|0|12|60|10654|2407|3755|2150|1605|1623|367|572|327|244|12537|2924|4327|2477|1849
C017|60|0|12|100|10654|2407|3755|2150|1605|2923|660|1030|590|440|13837|3217|4785|2740|2045
C017|60|1|0|0|10242|2314|3609|2067|1543|0|0|0|0|0|10502|2464|3609|2067|1543
C017|60|1|0|4|10242|2314|3609|2067|1543|74|17|26|15|11|10576|2481|3635|2082|1554
C017|60|1|0|20|10242|2314|3609|2067|1543|475|107|167|96|72|10977|2571|3776|2163|1615
C017|60|1|0|60|10242|2314|3609|2067|1543|1560|352|550|315|235|12062|2816|4159|2382|1778
C017|60|1|0|100|10242|2314|3609|2067|1543|2810|635|990|567|423|13312|3099|4599|2634|1966
C017|60|1|1|0|10282|2323|3623|2075|1549|0|0|0|0|0|10542|2473|3623|2075|1549
C017|60|1|1|4|10282|2323|3623|2075|1549|74|17|26|15|11|10616|2490|3649|2090|1560
C017|60|1|1|20|10282|2323|3623|2075|1549|477|108|168|96|72|11019|2581|3791|2171|1621
C017|60|1|1|60|10282|2323|3623|2075|1549|1566|354|552|316|236|12108|2827|4175|2391|1785
C017|60|1|1|100|10282|2323|3623|2075|1549|2821|637|994|569|425|13363|3110|4617|2644|1974
C017|60|1|12|0|10720|2422|3778|2163|1615|0|0|0|0|0|10980|2572|3778|2163|1615
C017|60|1|12|4|10720|2422|3778|2163|1615|77|17|27|16|12|11057|2589|3805|2179|1627
C017|60|1|12|20|10720|2422|3778|2163|1615|497|112|175|100|75|11477|2684|3953|2263|1690
C017|60|1|12|60|10720|2422|3778|2163|1615|1633|369|575|329|246|12613|2941|4353|2492|1861
C017|60|1|12|100|10720|2422|3778|2163|1615|2942|665|1037|594|443|13922|3237|4815|2757|2058
C017|60|6|0|0|10574|2389|3726|2134|1592|0|0|0|0|0|10834|2539|3726|2134|1592
C017|60|6|0|4|10574|2389|3726|2134|1592|76|17|27|15|11|10910|2556|3753|2149|1603
C017|60|6|0|20|10574|2389|3726|2134|1592|490|111|173|99|74|11324|2650|3899|2233|1666
C017|60|6|0|60|10574|2389|3726|2134|1592|1611|364|568|325|242|12445|2903|4294|2459|1834
C017|60|6|0|100|10574|2389|3726|2134|1592|2902|656|1022|586|437|13736|3195|4748|2720|2029
C017|60|6|1|0|10614|2398|3740|2142|1599|0|0|0|0|0|10874|2548|3740|2142|1599
C017|60|6|1|4|10614|2398|3740|2142|1599|76|17|27|15|12|10950|2565|3767|2157|1611
C017|60|6|1|20|10614|2398|3740|2142|1599|492|111|173|99|74|11366|2659|3913|2241|1673
C017|60|6|1|60|10614|2398|3740|2142|1599|1617|365|570|326|244|12491|2913|4310|2468|1843
C017|60|6|1|100|10614|2398|3740|2142|1599|2912|658|1026|588|439|13786|3206|4766|2730|2038
C017|60|6|12|0|11052|2497|3895|2230|1664|0|0|0|0|0|11312|2647|3895|2230|1664
C017|60|6|12|4|11052|2497|3895|2230|1664|80|18|28|16|12|11392|2665|3923|2246|1676
C017|60|6|12|20|11052|2497|3895|2230|1664|512|116|181|103|77|11824|2763|4076|2333|1741
C017|60|6|12|60|11052|2497|3895|2230|1664|1683|380|593|340|253|12995|3027|4488|2570|1917
C017|60|6|12|100|11052|2497|3895|2230|1664|3033|685|1069|612|457|14345|3332|4964|2842|2121
C018|1|0|0|0|2460|890|720|1110|720|0|0|0|0|0|2720|1040|720|1110|720
C018|1|0|0|4|2460|890|720|1110|720|18|6|5|8|5|2738|1046|725|1118|725
C018|1|0|0|20|2460|890|720|1110|720|114|41|33|51|33|2834|1081|753|1161|753
C018|1|0|0|60|2460|890|720|1110|720|375|136|110|169|110|3095|1176|830|1279|830
C018|1|0|0|100|2460|890|720|1110|720|675|244|198|305|198|3395|1284|918|1415|918
C018|1|0|1|0|2490|901|729|1123|729|0|0|0|0|0|2750|1051|729|1123|729
C018|1|0|1|4|2490|901|729|1123|729|18|6|5|8|5|2768|1057|734|1131|734
C018|1|0|1|20|2490|901|729|1123|729|115|42|34|52|34|2865|1093|763|1175|763
C018|1|0|1|60|2490|901|729|1123|729|379|137|111|171|111|3129|1188|840|1294|840
C018|1|0|1|100|2490|901|729|1123|729|683|247|200|308|200|3433|1298|929|1431|929
C018|1|0|12|0|2814|1018|824|1270|824|0|0|0|0|0|3074|1168|824|1270|824
C018|1|0|12|4|2814|1018|824|1270|824|20|7|6|9|6|3094|1175|830|1279|830
C018|1|0|12|20|2814|1018|824|1270|824|130|47|38|59|38|3204|1215|862|1329|862
C018|1|0|12|60|2814|1018|824|1270|824|429|155|126|193|126|3503|1323|950|1463|950
C018|1|0|12|100|2814|1018|824|1270|824|772|279|226|348|226|3846|1447|1050|1618|1050
C018|1|1|0|0|2509|908|734|1132|734|0|0|0|0|0|2769|1058|734|1132|734
C018|1|1|0|4|2509|908|734|1132|734|18|7|5|8|5|2787|1065|739|1140|739
C018|1|1|0|20|2509|908|734|1132|734|116|42|34|52|34|2885|1100|768|1184|768
C018|1|1|0|60|2509|908|734|1132|734|382|138|112|172|112|3151|1196|846|1304|846
C018|1|1|0|100|2509|908|734|1132|734|688|249|201|311|201|3457|1307|935|1443|935
C018|1|1|1|0|2539|918|743|1146|743|0|0|0|0|0|2799|1068|743|1146|743
C018|1|1|1|4|2539|918|743|1146|743|18|7|5|8|5|2817|1075|748|1154|748
C018|1|1|1|20|2539|918|743|1146|743|118|43|34|53|34|2917|1111|777|1199|777
C018|1|1|1|60|2539|918|743|1146|743|387|140|113|175|113|3186|1208|856|1321|856
C018|1|1|1|100|2539|918|743|1146|743|697|252|204|314|204|3496|1320|947|1460|947
C018|1|1|12|0|2863|1036|838|1292|838|0|0|0|0|0|3123|1186|838|1292|838
C018|1|1|12|4|2863|1036|838|1292|838|21|7|6|9|6|3144|1193|844|1301|844
C018|1|1|12|20|2863|1036|838|1292|838|133|48|39|60|39|3256|1234|877|1352|877
C018|1|1|12|60|2863|1036|838|1292|838|436|158|128|197|128|3559|1344|966|1489|966
C018|1|1|12|100|2863|1036|838|1292|838|786|284|230|355|230|3909|1470|1068|1647|1068
C018|1|6|0|0|2755|997|806|1243|806|0|0|0|0|0|3015|1147|806|1243|806
C018|1|6|0|4|2755|997|806|1243|806|20|7|6|9|6|3035|1154|812|1252|812
C018|1|6|0|20|2755|997|806|1243|806|128|46|37|58|37|3143|1193|843|1301|843
C018|1|6|0|60|2755|997|806|1243|806|420|152|123|189|123|3435|1299|929|1432|929
C018|1|6|0|100|2755|997|806|1243|806|756|274|221|341|221|3771|1421|1027|1584|1027
C018|1|6|1|0|2785|1007|815|1257|815|0|0|0|0|0|3045|1157|815|1257|815
C018|1|6|1|4|2785|1007|815|1257|815|20|7|6|9|6|3065|1164|821|1266|821
C018|1|6|1|20|2785|1007|815|1257|815|129|47|38|58|38|3174|1204|853|1315|853
C018|1|6|1|60|2785|1007|815|1257|815|424|153|124|191|124|3469|1310|939|1448|939
C018|1|6|1|100|2785|1007|815|1257|815|764|276|224|345|224|3809|1433|1039|1602|1039
C018|1|6|12|0|3109|1125|910|1403|910|0|0|0|0|0|3369|1275|910|1403|910
C018|1|6|12|4|3109|1125|910|1403|910|22|8|7|10|7|3391|1283|917|1413|917
C018|1|6|12|20|3109|1125|910|1403|910|144|52|42|65|42|3513|1327|952|1468|952
C018|1|6|12|60|3109|1125|910|1403|910|474|171|139|214|139|3843|1446|1049|1617|1049
C018|1|6|12|100|3109|1125|910|1403|910|853|309|250|385|250|4222|1584|1160|1788|1160
C018|2|0|0|0|2546|921|745|1149|745|0|0|0|0|0|2806|1071|745|1149|745
C018|2|0|0|4|2546|921|745|1149|745|18|7|5|8|5|2824|1078|750|1157|750
C018|2|0|0|20|2546|921|745|1149|745|118|43|35|53|35|2924|1114|780|1202|780
C018|2|0|0|60|2546|921|745|1149|745|388|140|113|175|113|3194|1211|858|1324|858
C018|2|0|0|100|2546|921|745|1149|745|699|253|204|315|204|3505|1324|949|1464|949
C018|2|0|1|0|2576|932|754|1162|754|0|0|0|0|0|2836|1082|754|1162|754
C018|2|0|1|4|2576|932|754|1162|754|19|7|5|8|5|2855|1089|759|1170|759
C018|2|0|1|20|2576|932|754|1162|754|119|43|35|54|35|2955|1125|789|1216|789
C018|2|0|1|60|2576|932|754|1162|754|392|142|115|177|115|3228|1224|869|1339|869
C018|2|0|1|100|2576|932|754|1162|754|707|256|207|319|207|3543|1338|961|1481|961
C018|2|0|12|0|2900|1049|849|1309|849|0|0|0|0|0|3160|1199|849|1309|849
C018|2|0|12|4|2900|1049|849|1309|849|21|8|6|9|6|3181|1207|855|1318|855
C018|2|0|12|20|2900|1049|849|1309|849|134|49|39|61|39|3294|1248|888|1370|888
C018|2|0|12|60|2900|1049|849|1309|849|442|160|129|199|129|3602|1359|978|1508|978
C018|2|0|12|100|2900|1049|849|1309|849|796|288|233|359|233|3956|1487|1082|1668|1082
C018|2|1|0|0|2595|939|760|1171|760|0|0|0|0|0|2855|1089|760|1171|760
C018|2|1|0|4|2595|939|760|1171|760|19|7|5|8|5|2874|1096|765|1179|765
C018|2|1|0|20|2595|939|760|1171|760|120|44|35|54|35|2975|1133|795|1225|795
C018|2|1|0|60|2595|939|760|1171|760|395|143|116|178|116|3250|1232|876|1349|876
C018|2|1|0|100|2595|939|760|1171|760|712|258|209|321|209|3567|1347|969|1492|969
C018|2|1|1|0|2625|950|768|1184|768|0|0|0|0|0|2885|1100|768|1184|768
C018|2|1|1|4|2625|950|768|1184|768|19|7|6|9|6|2904|1107|774|1193|774
C018|2|1|1|20|2625|950|768|1184|768|122|44|36|55|36|3007|1144|804|1239|804
C018|2|1|1|60|2625|950|768|1184|768|400|145|117|180|117|3285|1245|885|1364|885
C018|2|1|1|100|2625|950|768|1184|768|720|261|211|325|211|3605|1361|979|1509|979
C018|2|1|12|0|2950|1067|863|1331|863|0|0|0|0|0|3210|1217|863|1331|863
C018|2|1|12|4|2950|1067|863|1331|863|21|8|6|10|6|3231|1225|869|1341|869
C018|2|1|12|20|2950|1067|863|1331|863|137|49|40|62|40|3347|1266|903|1393|903
C018|2|1|12|60|2950|1067|863|1331|863|449|163|131|203|131|3659|1380|994|1534|994
C018|2|1|12|100|2950|1067|863|1331|863|809|293|237|365|237|4019|1510|1100|1696|1100
C018|2|6|0|0|2841|1028|832|1282|832|0|0|0|0|0|3101|1178|832|1282|832
C018|2|6|0|4|2841|1028|832|1282|832|20|7|6|9|6|3121|1185|838|1291|838
C018|2|6|0|20|2841|1028|832|1282|832|132|48|39|59|39|3233|1226|871|1341|871
C018|2|6|0|60|2841|1028|832|1282|832|433|157|127|195|127|3534|1335|959|1477|959
C018|2|6|0|100|2841|1028|832|1282|832|780|282|228|352|228|3881|1460|1060|1634|1060
C018|2|6|1|0|2871|1039|840|1295|840|0|0|0|0|0|3131|1189|840|1295|840
C018|2|6|1|4|2871|1039|840|1295|840|21|7|6|9|6|3152|1196|846|1304|846
C018|2|6|1|20|2871|1039|840|1295|840|133|48|39|60|39|3264|1237|879|1355|879
C018|2|6|1|60|2871|1039|840|1295|840|437|158|128|197|128|3568|1347|968|1492|968
C018|2|6|1|100|2871|1039|840|1295|840|788|285|230|355|230|3919|1474|1070|1650|1070
C018|2|6|12|0|3196|1156|935|1442|935|0|0|0|0|0|3456|1306|935|1442|935
C018|2|6|12|4|3196|1156|935|1442|935|23|8|7|10|7|3479|1314|942|1452|942
C018|2|6|12|20|3196|1156|935|1442|935|148|54|43|67|43|3604|1360|978|1509|978
C018|2|6|12|60|3196|1156|935|1442|935|487|176|142|220|142|3943|1482|1077|1662|1077
C018|2|6|12|100|3196|1156|935|1442|935|877|317|257|396|257|4333|1623|1192|1838|1192
C018|20|0|0|0|4096|1482|1199|1848|1199|0|0|0|0|0|4356|1632|1199|1848|1199
C018|20|0|0|4|4096|1482|1199|1848|1199|29|11|9|13|9|4385|1643|1208|1861|1208
C018|20|0|0|20|4096|1482|1199|1848|1199|190|69|56|86|56|4546|1701|1255|1934|1255
C018|20|0|0|60|4096|1482|1199|1848|1199|624|226|183|281|183|4980|1858|1382|2129|1382
C018|20|0|0|100|4096|1482|1199|1848|1199|1124|407|329|507|329|5480|2039|1528|2355|1528
C018|20|0|1|0|4125|1493|1207|1861|1207|0|0|0|0|0|4385|1643|1207|1861|1207
C018|20|0|1|4|4125|1493|1207|1861|1207|30|11|9|13|9|4415|1654|1216|1874|1216
C018|20|0|1|20|4125|1493|1207|1861|1207|191|69|56|86|56|4576|1712|1263|1947|1263
C018|20|0|1|60|4125|1493|1207|1861|1207|628|227|184|283|184|5013|1870|1391|2144|1391
C018|20|0|1|100|4125|1493|1207|1861|1207|1132|410|331|511|331|5517|2053|1538|2372|1538
C018|20|0|12|0|4450|1610|1302|2008|1302|0|0|0|0|0|4710|1760|1302|2008|1302
C018|20|0|12|4|4450|1610|1302|2008|1302|32|12|9|14|9|4742|1772|1311|2022|1311
C018|20|0|12|20|4450|1610|1302|2008|1302|206|75|60|93|60|4916|1835|1362|2101|1362
C018|20|0|12|60|4450|1610|1302|2008|1302|678|245|198|306|198|5388|2005|1500|2314|1500
C018|20|0|12|100|4450|1610|1302|2008|1302|1221|442|357|551|357|5931|2202|1659|2559|1659
C018|20|1|0|0|4145|1500|1213|1870|1213|0|0|0|0|0|4405|1650|1213|1870|1213
C018|20|1|0|4|4145|1500|1213|1870|1213|30|11|9|13|9|4435|1661|1222|1883|1222
C018|20|1|0|20|4145|1500|1213|1870|1213|192|70|56|87|56|4597|1720|1269|1957|1269
C018|20|1|0|60|4145|1500|1213|1870|1213|631|228|185|285|185|5036|1878|1398|2155|1398
C018|20|1|0|100|4145|1500|1213|1870|1213|1137|412|333|513|333|5542|2062|1546|2383|1546
C018|20|1|1|0|4175|1510|1222|1884|1222|0|0|0|0|0|4435|1660|1222|1884|1222
C018|20|1|1|4|4175|1510|1222|1884|1222|30|11|9|14|9|4465|1671|1231|1898|1231
C018|20|1|1|20|4175|1510|1222|1884|1222|194|70|57|87|57|4629|1730|1279|1971|1279
C018|20|1|1|60|4175|1510|1222|1884|1222|636|230|186|287|186|5071|1890|1408|2171|1408
C018|20|1|1|100|4175|1510|1222|1884|1222|1146|414|335|517|335|5581|2074|1557|2401|1557
C018|20|1|12|0|4499|1628|1317|2030|1317|0|0|0|0|0|4759|1778|1317|2030|1317
C018|20|1|12|4|4499|1628|1317|2030|1317|32|12|9|15|9|4791|1790|1326|2045|1326
C018|20|1|12|20|4499|1628|1317|2030|1317|209|75|61|94|61|4968|1853|1378|2124|1378
C018|20|1|12|60|4499|1628|1317|2030|1317|685|248|201|309|201|5444|2026|1518|2339|1518
C018|20|1|12|100|4499|1628|1317|2030|1317|1235|447|361|557|361|5994|2225|1678|2587|1678
C018|20|6|0|0|4391|1589|1285|1981|1285|0|0|0|0|0|4651|1739|1285|1981|1285
C018|20|6|0|4|4391|1589|1285|1981|1285|32|11|9|14|9|4683|1750|1294|1995|1294
C018|20|6|0|20|4391|1589|1285|1981|1285|204|74|60|92|60|4855|1813|1345|2073|1345
C018|20|6|0|60|4391|1589|1285|1981|1285|669|242|196|302|196|5320|1981|1481|2283|1481
C018|20|6|0|100|4391|1589|1285|1981|1285|1205|436|353|544|353|5856|2175|1638|2525|1638
C018|20|6|1|0|4421|1599|1294|1995|1294|0|0|0|0|0|4681|1749|1294|1995|1294
C018|20|6|1|4|4421|1599|1294|1995|1294|32|12|9|14|9|4713|1761|1303|2009|1303
C018|20|6|1|20|4421|1599|1294|1995|1294|205|74|60|92|60|4886|1823|1354|2087|1354
C018|20|6|1|60|4421|1599|1294|1995|1294|673|244|197|304|197|5354|1993|1491|2299|1491
C018|20|6|1|100|4421|1599|1294|1995|1294|1213|439|355|547|355|5894|2188|1649|2542|1649
C018|20|6|12|0|4745|1717|1389|2141|1389|0|0|0|0|0|5005|1867|1389|2141|1389
C018|20|6|12|4|4745|1717|1389|2141|1389|34|12|10|15|10|5039|1879|1399|2156|1399
C018|20|6|12|20|4745|1717|1389|2141|1389|220|80|64|99|64|5225|1947|1453|2240|1453
C018|20|6|12|60|4745|1717|1389|2141|1389|723|262|212|326|212|5728|2129|1601|2467|1601
C018|20|6|12|100|4745|1717|1389|2141|1389|1302|471|381|587|381|6307|2338|1770|2728|1770
C018|59|0|0|0|7454|2697|2182|3363|2182|0|0|0|0|0|7714|2847|2182|3363|2182
C018|59|0|0|4|7454|2697|2182|3363|2182|54|19|16|24|16|7768|2866|2198|3387|2198
C018|59|0|0|20|7454|2697|2182|3363|2182|346|125|101|156|101|8060|2972|2283|3519|2283
C018|59|0|0|60|7454|2697|2182|3363|2182|1135|411|332|512|332|8849|3258|2514|3875|2514
C018|59|0|0|100|7454|2697|2182|3363|2182|2045|740|599|923|599|9759|3587|2781|4286|2781
C018|59|0|1|0|7483|2707|2190|3377|2190|0|0|0|0|0|7743|2857|2190|3377|2190
C018|59|0|1|4|7483|2707|2190|3377|2190|54|19|16|24|16|7797|2876|2206|3401|2206
C018|59|0|1|20|7483|2707|2190|3377|2190|347|125|102|157|102|8090|2982|2292|3534|2292
C018|59|0|1|60|7483|2707|2190|3377|2190|1140|412|334|514|334|8883|3269|2524|3891|2524
C018|59|0|1|100|7483|2707|2190|3377|2190|2053|743|601|927|601|9796|3600|2791|4304|2791
C018|59|0|12|0|7808|2825|2285|3523|2285|0|0|0|0|0|8068|2975|2285|3523|2285
C018|59|0|12|4|7808|2825|2285|3523|2285|56|20|16|25|16|8124|2995|2301|3548|2301
C018|59|0|12|20|7808|2825|2285|3523|2285|362|131|106|163|106|8430|3106|2391|3686|2391
C018|59|0|12|60|7808|2825|2285|3523|2285|1189|430|348|537|348|9257|3405|2633|4060|2633
C018|59|0|12|100|7808|2825|2285|3523|2285|2143|775|627|967|627|10211|3750|2912|4490|2912
C018|59|1|0|0|7503|2714|2196|3385|2196|0|0|0|0|0|7763|2864|2196|3385|2196
C018|59|1|0|4|7503|2714|2196|3385|2196|54|20|16|24|16|7817|2884|2212|3409|2212
C018|59|1|0|20|7503|2714|2196|3385|2196|348|126|102|157|102|8111|2990|2298|3542|2298
C018|59|1|0|60|7503|2714|2196|3385|2196|1143|413|334|516|334|8906|3277|2530|3901|2530
C018|59|1|0|100|7503|2714|2196|3385|2196|2059|745|603|929|603|9822|3609|2799|4314|2799
C018|59|1|1|0|7533|2725|2205|3399|2205|0|0|0|0|0|7793|2875|2205|3399|2205
C018|59|1|1|4|7533|2725|2205|3399|2205|54|20|16|24|16|7847|2895|2221|3423|2221
C018|59|1|1|20|7533|2725|2205|3399|2205|349|126|102|158|102|8142|3001|2307|3557|2307
C018|59|1|1|60|7533|2725|2205|3399|2205|1147|415|336|518|336|8940|3290|2541|3917|2541
C018|59|1|1|100|7533|2725|2205|3399|2205|2067|748|605|933|605|9860|3623|2810|4332|2810
C018|59|1|12|0|7857|2843|2300|3545|2300|0|0|0|0|0|8117|2993|2300|3545|2300
C018|59|1|12|4|7857|2843|2300|3545|2300|57|20|17|26|17|8174|3013|2317|3571|2317
C018|59|1|12|20|7857|2843|2300|3545|2300|364|132|107|164|107|8481|3125|2407|3709|2407
C018|59|1|12|60|7857|2843|2300|3545|2300|1197|433|350|540|350|9314|3426|2650|4085|2650
C018|59|1|12|100|7857|2843|2300|3545|2300|2156|780|631|973|631|10273|3773|2931|4518|2931
C018|59|6|0|0|7749|2804|2268|3497|2268|0|0|0|0|0|8009|2954|2268|3497|2268
C018|59|6|0|4|7749|2804|2268|3497|2268|56|20|16|25|16|8065|2974|2284|3522|2284
C018|59|6|0|20|7749|2804|2268|3497|2268|359|130|105|162|105|8368|3084|2373|3659|2373
C018|59|6|0|60|7749|2804|2268|3497|2268|1180|427|345|533|345|9189|3381|2613|4030|2613
C018|59|6|0|100|7749|2804|2268|3497|2268|2126|769|622|960|622|10135|3723|2890|4457|2890
C018|59|6|1|0|7779|2814|2277|3510|2277|0|0|0|0|0|8039|2964|2277|3510|2277
C018|59|6|1|4|7779|2814|2277|3510|2277|56|20|16|25|16|8095|2984|2293|3535|2293
C018|59|6|1|20|7779|2814|2277|3510|2277|361|130|106|163|106|8400|3094|2383|3673|2383
C018|59|6|1|60|7779|2814|2277|3510|2277|1185|429|347|535|347|9224|3393|2624|4045|2624
C018|59|6|1|100|7779|2814|2277|3510|2277|2135|772|625|963|625|10174|3736|2902|4473|2902
C018|59|6|12|0|8103|2932|2372|3656|2372|0|0|0|0|0|8363|3082|2372|3656|2372
C018|59|6|12|4|8103|2932|2372|3656|2372|58|21|17|26|17|8421|3103|2389|3682|2389
C018|59|6|12|20|8103|2932|2372|3656|2372|376|136|110|169|110|8739|3218|2482|3825|2482
C018|59|6|12|60|8103|2932|2372|3656|2372|1234|447|361|557|361|9597|3529|2733|4213|2733
C018|59|6|12|100|8103|2932|2372|3656|2372|2223|805|651|1003|651|10586|3887|3023|4659|3023
C018|60|0|0|0|7540|2728|2207|3402|2207|0|0|0|0|0|7800|2878|2207|3402|2207
C018|60|0|0|4|7540|2728|2207|3402|2207|54|20|16|24|16|7854|2898|2223|3426|2223
C018|60|0|0|20|7540|2728|2207|3402|2207|350|126|102|158|102|8150|3004|2309|3560|2309
C018|60|0|0|60|7540|2728|2207|3402|2207|1148|416|336|518|336|8948|3294|2543|3920|2543
C018|60|0|0|100|7540|2728|2207|3402|2207|2069|749|606|934|606|9869|3627|2813|4336|2813
C018|60|0|1|0|7569|2739|2215|3415|2215|0|0|0|0|0|7829|2889|2215|3415|2215
C018|60|0|1|4|7569|2739|2215|3415|2215|54|20|16|25|16|7883|2909|2231|3440|2231
C018|60|0|1|20|7569|2739|2215|3415|2215|351|127|103|158|103|8180|3016|2318|3573|2318
C018|60|0|1|60|7569|2739|2215|3415|2215|1153|417|337|520|337|8982|3306|2552|3935|2552
C018|60|0|1|100|7569|2739|2215|3415|2215|2077|752|608|937|608|9906|3641|2823|4352|2823
C018|60|0|12|0|7894|2856|2310|3562|2310|0|0|0|0|0|8154|3006|2310|3562|2310
C018|60|0|12|4|7894|2856|2310|3562|2310|57|21|17|26|17|8211|3027|2327|3588|2327
C018|60|0|12|20|7894|2856|2310|3562|2310|366|132|107|165|107|8520|3138|2417|3727|2417
C018|60|0|12|60|7894|2856|2310|3562|2310|1202|435|352|543|352|9356|3441|2662|4105|2662
C018|60|0|12|100|7894|2856|2310|3562|2310|2166|784|634|977|634|10320|3790|2944|4539|2944
C018|60|1|0|0|7589|2746|2221|3424|2221|0|0|0|0|0|7849|2896|2221|3424|2221
C018|60|1|0|4|7589|2746|2221|3424|2221|55|20|16|25|16|7904|2916|2237|3449|2237
C018|60|1|0|20|7589|2746|2221|3424|2221|352|127|103|159|103|8201|3023|2324|3583|2324
C018|60|1|0|60|7589|2746|2221|3424|2221|1156|418|338|522|338|9005|3314|2559|3946|2559
C018|60|1|0|100|7589|2746|2221|3424|2221|2082|754|609|940|609|9931|3650|2830|4364|2830
C018|60|1|1|0|7619|2756|2230|3438|2230|0|0|0|0|0|7879|2906|2230|3438|2230
C018|60|1|1|4|7619|2756|2230|3438|2230|55|20|16|25|16|7934|2926|2246|3463|2246
C018|60|1|1|20|7619|2756|2230|3438|2230|353|128|103|159|103|8232|3034|2333|3597|2333
C018|60|1|1|60|7619|2756|2230|3438|2230|1161|420|340|524|340|9040|3326|2570|3962|2570
C018|60|1|1|100|7619|2756|2230|3438|2230|2091|756|612|943|612|9970|3662|2842|4381|2842
C018|60|1|12|0|7943|2874|2325|3584|2325|0|0|0|0|0|8203|3024|2325|3584|2325
C018|60|1|12|4|7943|2874|2325|3584|2325|57|21|17|26|17|8260|3045|2342|3610|2342
C018|60|1|12|20|7943|2874|2325|3584|2325|368|133|108|166|108|8571|3157|2433|3750|2433
C018|60|1|12|60|7943|2874|2325|3584|2325|1210|438|354|546|354|9413|3462|2679|4130|2679
C018|60|1|12|100|7943|2874|2325|3584|2325|2180|789|638|983|638|10383|3813|2963|4567|2963
C018|60|6|0|0|7835|2835|2293|3535|2293|0|0|0|0|0|8095|2985|2293|3535|2293
C018|60|6|0|4|7835|2835|2293|3535|2293|56|20|17|25|17|8151|3005|2310|3560|2310
C018|60|6|0|20|7835|2835|2293|3535|2293|363|131|106|164|106|8458|3116|2399|3699|2399
C018|60|6|0|60|7835|2835|2293|3535|2293|1193|432|349|538|349|9288|3417|2642|4073|2642
C018|60|6|0|100|7835|2835|2293|3535|2293|2150|778|629|970|629|10245|3763|2922|4505|2922
C018|60|6|1|0|7865|2845|2302|3549|2302|0|0|0|0|0|8125|2995|2302|3549|2302
C018|60|6|1|4|7865|2845|2302|3549|2302|57|20|17|26|17|8182|3015|2319|3575|2319
C018|60|6|1|20|7865|2845|2302|3549|2302|365|132|107|165|107|8490|3127|2409|3714|2409
C018|60|6|1|60|7865|2845|2302|3549|2302|1198|433|351|541|351|9323|3428|2653|4090|2653
C018|60|6|1|100|7865|2845|2302|3549|2302|2158|781|632|974|632|10283|3776|2934|4523|2934
C018|60|6|12|0|8189|2963|2397|3695|2397|0|0|0|0|0|8449|3113|2397|3695|2397
C018|60|6|12|4|8189|2963|2397|3695|2397|59|21|17|27|17|8508|3134|2414|3722|2414
C018|60|6|12|20|8189|2963|2397|3695|2397|380|137|111|171|111|8829|3250|2508|3866|2508
C018|60|6|12|60|8189|2963|2397|3695|2397|1247|451|365|563|365|9696|3564|2762|4258|2762
C018|60|6|12|100|8189|2963|2397|3695|2397|2247|813|658|1014|658|10696|3926|3055|4709|3055
C019|1|0|0|0|2860|910|820|810|640|0|0|0|0|0|3120|1060|820|810|640
C019|1|0|0|4|2860|910|820|810|640|21|7|6|6|5|3141|1067|826|816|645
C019|1|0|0|20|2860|910|820|810|640|133|42|38|38|30|3253|1102|858|848|670
C019|1|0|0|60|2860|910|820|810|640|436|139|125|123|97|3556|1199|945|933|737
C019|1|0|0|100|2860|910|820|810|640|785|250|225|222|176|3905|1310|1045|1032|816
C019|1|0|1|0|2894|921|830|820|648|0|0|0|0|0|3154|1071|830|820|648
C019|1|0|1|4|2894|921|830|820|648|21|7|6|6|5|3175|1078|836|826|653
C019|1|0|1|20|2894|921|830|820|648|134|43|38|38|30|3288|1114|868|858|678
C019|1|0|1|60|2894|921|830|820|648|441|140|126|125|99|3595|1211|956|945|747
C019|1|0|1|100|2894|921|830|820|648|794|253|228|225|178|3948|1324|1058|1045|826
C019|1|0|12|0|3272|1041|938|927|732|0|0|0|0|0|3532|1191|938|927|732
C019|1|0|12|4|3272|1041|938|927|732|24|7|7|7|5|3556|1198|945|934|737
C019|1|0|12|20|3272|1041|938|927|732|152|48|43|43|34|3684|1239|981|970|766
C019|1|0|12|60|3272|1041|938|927|732|498|159|143|141|111|4030|1350|1081|1068|843
C019|1|0|12|100|3272|1041|938|927|732|898|286|257|254|201|4430|1477|1195|1181|933
C019|1|1|0|0|2917|928|836|826|653|0|0|0|0|0|3177|1078|836|826|653
C019|1|1|0|4|2917|928|836|826|653|21|7|6|6|5|3198|1085|842|832|658
C019|1|1|0|20|2917|928|836|826|653|135|43|39|38|30|3312|1121|875|864|683
C019|1|1|0|60|2917|928|836|826|653|444|141|127|126|99|3621|1219|963|952|752
C019|1|1|0|100|2917|928|836|826|653|800|255|229|227|179|3977|1333|1065|1053|832
C019|1|1|1|0|2952|939|846|836|660|0|0|0|0|0|3212|1089|846|836|660
C019|1|1|1|4|2952|939|846|836|660|21|7|6|6|5|3233|1096|852|842|665
C019|1|1|1|20|2952|939|846|836|660|137|44|39|39|31|3349|1133|885|875|691
C019|1|1|1|60|2952|939|846|836|660|450|143|129|127|101|3662|1232|975|963|761
C019|1|1|1|100|2952|939|846|836|660|810|258|232|229|181|4022|1347|1078|1065|841
C019|1|1|12|0|3329|1059|954|943|745|0|0|0|0|0|3589|1209|954|943|745
C019|1|1|12|4|3329|1059|954|943|745|24|8|7|7|5|3613|1217|961|950|750
C019|1|1|12|20|3329|1059|954|943|745|154|49|44|44|35|3743|1258|998|987|780
C019|1|1|12|60|3329|1059|954|943|745|507|161|145|144|113|4096|1370|1099|1087|858
C019|1|1|12|100|3329|1059|954|943|745|913|291|262|259|204|4502|1500|1216|1202|949
C019|1|6|0|0|3203|1019|918|907|717|0|0|0|0|0|3463|1169|918|907|717
C019|1|6|0|4|3203|1019|918|907|717|23|7|7|7|5|3486|1176|925|914|722
C019|1|6|0|20|3203|1019|918|907|717|148|47|43|42|33|3611|1216|961|949|750
C019|1|6|0|60|3203|1019|918|907|717|488|155|140|138|109|3951|1324|1058|1045|826
C019|1|6|0|100|3203|1019|918|907|717|879|280|252|249|197|4342|1449|1170|1156|914
C019|1|6|1|0|3238|1030|928|917|724|0|0|0|0|0|3498|1180|928|917|724
C019|1|6|1|4|3238|1030|928|917|724|23|7|7|7|5|3521|1187|935|924|729
C019|1|6|1|20|3238|1030|928|917|724|150|48|43|43|34|3648|1228|971|960|758
C019|1|6|1|60|3238|1030|928|917|724|493|157|141|140|110|3991|1337|1069|1057|834
C019|1|6|1|100|3238|1030|928|917|724|889|283|255|252|199|4387|1463|1183|1169|923
C019|1|6|12|0|3615|1150|1036|1024|809|0|0|0|0|0|3875|1300|1036|1024|809
C019|1|6|12|4|3615|1150|1036|1024|809|26|8|7|7|6|3901|1308|1043|1031|815
C019|1|6|12|20|3615|1150|1036|1024|809|168|53|48|47|38|4043|1353|1084|1071|847
C019|1|6|12|60|3615|1150|1036|1024|809|551|175|158|156|123|4426|1475|1194|1180|932
C019|1|6|12|100|3615|1150|1036|1024|809|992|316|284|281|222|4867|1616|1320|1305|1031
C019|2|0|0|0|2960|942|849|838|662|0|0|0|0|0|3220|1092|849|838|662
C019|2|0|0|4|2960|942|849|838|662|21|7|6|6|5|3241|1099|855|844|667
C019|2|0|0|20|2960|942|849|838|662|137|44|39|39|31|3357|1136|888|877|693
C019|2|0|0|60|2960|942|849|838|662|451|143|129|128|101|3671|1235|978|966|763
C019|2|0|0|100|2960|942|849|838|662|812|258|233|230|182|4032|1350|1082|1068|844
C019|2|0|1|0|2994|953|859|848|670|0|0|0|0|0|3254|1103|859|848|670
C019|2|0|1|4|2994|953|859|848|670|22|7|6|6|5|3276|1110|865|854|675
C019|2|0|1|20|2994|953|859|848|670|139|44|40|39|31|3393|1147|899|887|701
C019|2|0|1|60|2994|953|859|848|670|456|145|131|129|102|3710|1248|990|977|772
C019|2|0|1|100|2994|953|859|848|670|822|262|236|233|184|4076|1365|1095|1081|854
C019|2|0|12|0|3372|1073|967|955|755|0|0|0|0|0|3632|1223|967|955|755
C019|2|0|12|4|3372|1073|967|955|755|24|8|7|7|5|3656|1231|974|962|760
C019|2|0|12|20|3372|1073|967|955|755|156|50|45|44|35|3788|1273|1012|999|790
C019|2|0|12|60|3372|1073|967|955|755|514|163|147|145|115|4146|1386|1114|1100|870
C019|2|0|12|100|3372|1073|967|955|755|925|294|265|262|207|4557|1517|1232|1217|962
C019|2|1|0|0|3017|960|865|855|675|0|0|0|0|0|3277|1110|865|855|675
C019|2|1|0|4|3017|960|865|855|675|22|7|6|6|5|3299|1117|871|861|680
C019|2|1|0|20|3017|960|865|855|675|140|45|40|40|31|3417|1155|905|895|706
C019|2|1|0|60|3017|960|865|855|675|460|146|132|130|103|3737|1256|997|985|778
C019|2|1|0|100|3017|960|865|855|675|828|263|237|235|185|4105|1373|1102|1090|860
C019|2|1|1|0|3052|971|875|864|683|0|0|0|0|0|3312|1121|875|864|683
C019|2|1|1|4|3052|971|875|864|683|22|7|6|6|5|3334|1128|881|870|688
C019|2|1|1|20|3052|971|875|864|683|141|45|41|40|32|3453|1166|916|904|715
C019|2|1|1|60|3052|971|875|864|683|465|148|133|132|104|3777|1269|1008|996|787
C019|2|1|1|100|3052|971|875|864|683|837|266|240|237|187|4149|1387|1115|1101|870
C019|2|1|12|0|3429|1091|983|971|767|0|0|0|0|0|3689|1241|983|971|767
C019|2|1|12|4|3429|1091|983|971|767|25|8|7|7|6|3714|1249|990|978|773
C019|2|1|12|20|3429|1091|983|971|767|159|51|46|45|36|3848|1292|1029|1016|803
C019|2|1|12|60|3429|1091|983|971|767|522|166|150|148|117|4211|1407|1133|1119|884
C019|2|1|12|100|3429|1091|983|971|767|941|299|270|266|210|4630|1540|1253|1237|977
C019|2|6|0|0|3303|1051|947|936|739|0|0|0|0|0|3563|1201|947|936|739
C019|2|6|0|4|3303|1051|947|936|739|24|8|7|7|5|3587|1209|954|943|744
C019|2|6|0|20|3303|1051|947|936|739|153|49|44|43|34|3716|1250|991|979|773
C019|2|6|0|60|3303|1051|947|936|739|503|160|144|143|113|4066|1361|1091|1079|852
C019|2|6|0|100|3303|1051|947|936|739|906|288|260|257|203|4469|1489|1207|1193|942
C019|2|6|1|0|3338|1062|957|945|747|0|0|0|0|0|3598|1212|957|945|747
C019|2|6|1|4|3338|1062|957|945|747|24|8|7|7|5|3622|1220|964|952|752
C019|2|6|1|20|3338|1062|957|945|747|155|49|44|44|35|3753|1261|1001|989|782
C019|2|6|1|60|3338|1062|957|945|747|508|162|146|144|114|4106|1374|1103|1089|861
C019|2|6|1|100|3338|1062|957|945|747|916|291|263|259|205|4514|1503|1220|1204|952
C019|2|6|12|0|3715|1182|1065|1052|831|0|0|0|0|0|3975|1332|1065|1052|831
C019|2|6|12|4|3715|1182|1065|1052|831|27|9|8|8|6|4002|1341|1073|1060|837
C019|2|6|12|20|3715|1182|1065|1052|831|172|55|49|49|39|4147|1387|1114|1101|870
C019|2|6|12|60|3715|1182|1065|1052|831|566|180|162|160|127|4541|1512|1227|1212|958
C019|2|6|12|100|3715|1182|1065|1052|831|1019|324|292|289|228|4994|1656|1357|1341|1059
C019|20|0|0|0|4762|1515|1365|1349|1066|0|0|0|0|0|5022|1665|1365|1349|1066
C019|20|0|0|4|4762|1515|1365|1349|1066|34|11|10|10|8|5056|1676|1375|1359|1074
C019|20|0|0|20|4762|1515|1365|1349|1066|221|70|63|63|49|5243|1735|1428|1412|1115
C019|20|0|0|60|4762|1515|1365|1349|1066|725|231|208|205|162|5747|1896|1573|1554|1228
C019|20|0|0|100|4762|1515|1365|1349|1066|1307|416|375|370|293|6329|2081|1740|1719|1359
C019|20|0|1|0|4796|1526|1375|1358|1073|0|0|0|0|0|5056|1676|1375|1358|1073
C019|20|0|1|4|4796|1526|1375|1358|1073|35|11|10|10|8|5091|1687|1385|1368|1081
C019|20|0|1|20|4796|1526|1375|1358|1073|222|71|64|63|50|5278|1747|1439|1421|1123
C019|20|0|1|60|4796|1526|1375|1358|1073|731|232|209|207|163|5787|1908|1584|1565|1236
C019|20|0|1|100|4796|1526|1375|1358|1073|1316|419|377|373|294|6372|2095|1752|1731|1367
C019|20|0|12|0|5174|1646|1483|1465|1158|0|0|0|0|0|5434|1796|1483|1465|1158
C019|20|0|12|4|5174|1646|1483|1465|1158|37|12|11|11|8|5471|1808|1494|1476|1166
C019|20|0|12|20|5174|1646|1483|1465|1158|240|76|69|68|54|5674|1872|1552|1533|1212
C019|20|0|12|60|5174|1646|1483|1465|1158|788|251|226|223|176|6222|2047|1709|1688|1334
C019|20|0|12|100|5174|1646|1483|1465|1158|1420|452|407|402|318|6854|2248|1890|1867|1476
C019|20|1|0|0|4819|1533|1382|1365|1078|0|0|0|0|0|5079|1683|1382|1365|1078
C019|20|1|0|4|4819|1533|1382|1365|1078|35|11|10|10|8|5114|1694|1392|1375|1086
C019|20|1|0|20|4819|1533|1382|1365|1078|223|71|64|63|50|5302|1754|1446|1428|1128
C019|20|1|0|60|4819|1533|1382|1365|1078|734|234|211|208|164|5813|1917|1593|1573|1242
C019|20|1|0|100|4819|1533|1382|1365|1078|1322|421|379|375|296|6401|2104|1761|1740|1374
C019|20|1|1|0|4853|1544|1392|1375|1086|0|0|0|0|0|5113|1694|1392|1375|1086
C019|20|1|1|4|4853|1544|1392|1375|1086|35|11|10|10|8|5148|1705|1402|1385|1094
C019|20|1|1|20|4853|1544|1392|1375|1086|225|72|65|64|50|5338|1766|1457|1439|1136
C019|20|1|1|60|4853|1544|1392|1375|1086|739|235|212|209|165|5852|1929|1604|1584|1251
C019|20|1|1|100|4853|1544|1392|1375|1086|1332|424|382|377|298|6445|2118|1774|1752|1384
C019|20|1|12|0|5231|1664|1500|1481|1171|0|0|0|0|0|5491|1814|1500|1481|1171
C019|20|1|12|4|5231|1664|1500|1481|1171|38|12|11|11|8|5529|1826|1511|1492|1179
C019|20|1|12|20|5231|1664|1500|1481|1171|243|77|70|69|54|5734|1891|1570|1550|1225
C019|20|1|12|60|5231|1664|1500|1481|1171|797|253|228|226|178|6288|2067|1728|1707|1349
C019|20|1|12|100|5231|1664|1500|1481|1171|1435|457|412|406|321|6926|2271|1912|1887|1492
C019|20|6|0|0|5105|1624|1464|1446|1142|0|0|0|0|0|5365|1774|1464|1446|1142
C019|20|6|0|4|5105|1624|1464|1446|1142|37|12|11|10|8|5402|1786|1475|1456|1150
C019|20|6|0|20|5105|1624|1464|1446|1142|237|75|68|67|53|5602|1849|1532|1513|1195
C019|20|6|0|60|5105|1624|1464|1446|1142|778|247|223|220|174|6143|2021|1687|1666|1316
C019|20|6|0|100|5105|1624|1464|1446|1142|1401|446|402|397|313|6766|2220|1866|1843|1455
C019|20|6|1|0|5139|1635|1474|1456|1150|0|0|0|0|0|5399|1785|1474|1456|1150
C019|20|6|1|4|5139|1635|1474|1456|1150|37|12|11|10|8|5436|1797|1485|1466|1158
C019|20|6|1|20|5139|1635|1474|1456|1150|238|76|68|68|53|5637|1861|1542|1524|1203
C019|20|6|1|60|5139|1635|1474|1456|1150|783|249|225|222|175|6182|2034|1699|1678|1325
C019|20|6|1|100|5139|1635|1474|1456|1150|1410|449|404|400|316|6809|2234|1878|1856|1466
C019|20|6|12|0|5517|1755|1582|1562|1235|0|0|0|0|0|5777|1905|1582|1562|1235
C019|20|6|12|4|5517|1755|1582|1562|1235|40|13|11|11|9|5817|1918|1593|1573|1244
C019|20|6|12|20|5517|1755|1582|1562|1235|256|81|73|72|57|6033|1986|1655|1634|1292
C019|20|6|12|60|5517|1755|1582|1562|1235|840|267|241|238|188|6617|2172|1823|1800|1423
C019|20|6|12|100|5517|1755|1582|1562|1235|1514|482|434|429|339|7291|2387|2016|1991|1574
C019|59|0|0|0|8666|2757|2485|2454|1939|0|0|0|0|0|8926|2907|2485|2454|1939
C019|59|0|0|4|8666|2757|2485|2454|1939|62|20|18|18|14|8988|2927|2503|2472|1953
C019|59|0|0|20|8666|2757|2485|2454|1939|402|128|115|114|90|9328|3035|2600|2568|2029
C019|59|0|0|60|8666|2757|2485|2454|1939|1320|420|379|374|295|10246|3327|2864|2828|2234
C019|59|0|0|100|8666|2757|2485|2454|1939|2378|757|682|673|532|11304|3664|3167|3127|2471
C019|59|0|1|0|8700|2768|2494|2464|1947|0|0|0|0|0|8960|2918|2494|2464|1947
C019|59|0|1|4|8700|2768|2494|2464|1947|63|20|18|18|14|9023|2938|2512|2482|1961
C019|59|0|1|20|8700|2768|2494|2464|1947|403|128|116|114|90|9363|3046|2610|2578|2037
C019|59|0|1|60|8700|2768|2494|2464|1947|1325|422|380|375|297|10285|3340|2874|2839|2244
C019|59|0|1|100|8700|2768|2494|2464|1947|2387|760|684|676|534|11347|3678|3178|3140|2481
C019|59|0|12|0|9078|2888|2603|2571|2031|0|0|0|0|0|9338|3038|2603|2571|2031
C019|59|0|12|4|9078|2888|2603|2571|2031|65|21|19|19|15|9403|3059|2622|2590|2046
C019|59|0|12|20|9078|2888|2603|2571|2031|421|134|121|119|94|9759|3172|2724|2690|2125
C019|59|0|12|60|9078|2888|2603|2571|2031|1383|440|396|392|309|10721|3478|2999|2963|2340
C019|59|0|12|100|9078|2888|2603|2571|2031|2491|792|714|705|557|11829|3830|3317|3276|2588
C019|59|1|0|0|8723|2775|2501|2470|1952|0|0|0|0|0|8983|2925|2501|2470|1952
C019|59|1|0|4|8723|2775|2501|2470|1952|63|20|18|18|14|9046|2945|2519|2488|1966
C019|59|1|0|20|8723|2775|2501|2470|1952|404|129|116|115|90|9387|3054|2617|2585|2042
C019|59|1|0|60|8723|2775|2501|2470|1952|1329|423|381|376|297|10312|3348|2882|2846|2249
C019|59|1|0|100|8723|2775|2501|2470|1952|2394|761|686|678|536|11377|3686|3187|3148|2488
C019|59|1|1|0|8757|2786|2511|2480|1960|0|0|0|0|0|9017|2936|2511|2480|1960
C019|59|1|1|4|8757|2786|2511|2480|1960|63|20|18|18|14|9080|2956|2529|2498|1974
C019|59|1|1|20|8757|2786|2511|2480|1960|406|129|116|115|91|9423|3065|2627|2595|2051
C019|59|1|1|60|8757|2786|2511|2480|1960|1334|424|382|378|299|10351|3360|2893|2858|2259
C019|59|1|1|100|8757|2786|2511|2480|1960|2403|764|689|681|538|11420|3700|3200|3161|2498
C019|59|1|12|0|9135|2907|2619|2587|2044|0|0|0|0|0|9395|3057|2619|2587|2044
C019|59|1|12|4|9135|2907|2619|2587|2044|66|21|19|19|15|9461|3078|2638|2606|2059
C019|59|1|12|20|9135|2907|2619|2587|2044|423|135|121|120|95|9818|3192|2740|2707|2139
C019|59|1|12|60|9135|2907|2619|2587|2044|1391|443|399|394|311|10786|3500|3018|2981|2355
C019|59|1|12|100|9135|2907|2619|2587|2044|2507|798|719|710|561|11902|3855|3338|3297|2605
C019|59|6|0|0|9009|2867|2583|2552|2016|0|0|0|0|0|9269|3017|2583|2552|2016
C019|59|6|0|4|9009|2867|2583|2552|2016|65|21|19|18|15|9334|3038|2602|2570|2031
C019|59|6|0|20|9009|2867|2583|2552|2016|418|133|120|118|93|9687|3150|2703|2670|2109
C019|59|6|0|60|9009|2867|2583|2552|2016|1372|437|393|389|307|10641|3454|2976|2941|2323
C019|59|6|0|100|9009|2867|2583|2552|2016|2472|787|709|700|553|11741|3804|3292|3252|2569
C019|59|6|1|0|9043|2877|2593|2561|2024|0|0|0|0|0|9303|3027|2593|2561|2024
C019|59|6|1|4|9043|2877|2593|2561|2024|65|21|19|18|15|9368|3048|2612|2579|2039
C019|59|6|1|20|9043|2877|2593|2561|2024|419|133|120|119|94|9722|3160|2713|2680|2118
C019|59|6|1|60|9043|2877|2593|2561|2024|1377|438|395|390|308|10680|3465|2988|2951|2332
C019|59|6|1|100|9043|2877|2593|2561|2024|2481|789|712|703|555|11784|3816|3305|3264|2579
C019|59|6|12|0|9421|2998|2701|2668|2108|0|0|0|0|0|9681|3148|2701|2668|2108
C019|59|6|12|4|9421|2998|2701|2668|2108|68|22|19|19|15|9749|3170|2720|2687|2123
C019|59|6|12|20|9421|2998|2701|2668|2108|437|139|125|124|98|10118|3287|2826|2792|2206
C019|59|6|12|60|9421|2998|2701|2668|2108|1435|457|411|406|321|11116|3605|3112|3074|2429
C019|59|6|12|100|9421|2998|2701|2668|2108|2585|823|741|732|578|12266|3971|3442|3400|2686
C019|60|0|0|0|8766|2789|2513|2483|1962|0|0|0|0|0|9026|2939|2513|2483|1962
C019|60|0|0|4|8766|2789|2513|2483|1962|63|20|18|18|14|9089|2959|2531|2501|1976
C019|60|0|0|20|8766|2789|2513|2483|1962|406|129|117|115|91|9432|3068|2630|2598|2053
C019|60|0|0|60|8766|2789|2513|2483|1962|1335|425|383|378|299|10361|3364|2896|2861|2261
C019|60|0|0|100|8766|2789|2513|2483|1962|2405|765|690|681|538|11431|3704|3203|3164|2500
C019|60|0|1|0|8800|2800|2523|2492|1969|0|0|0|0|0|9060|2950|2523|2492|1969
C019|60|0|1|4|8800|2800|2523|2492|1969|63|20|18|18|14|9123|2970|2541|2510|1983
C019|60|0|1|20|8800|2800|2523|2492|1969|408|130|117|116|91|9468|3080|2640|2608|2060
C019|60|0|1|60|8800|2800|2523|2492|1969|1340|426|384|380|300|10400|3376|2907|2872|2269
C019|60|0|1|100|8800|2800|2523|2492|1969|2415|768|692|684|540|11475|3718|3215|3176|2509
C019|60|0|12|0|9178|2920|2631|2599|2054|0|0|0|0|0|9438|3070|2631|2599|2054
C019|60|0|12|4|9178|2920|2631|2599|2054|66|21|19|19|15|9504|3091|2650|2618|2069
C019|60|0|12|20|9178|2920|2631|2599|2054|425|135|122|120|95|9863|3205|2753|2719|2149
C019|60|0|12|60|9178|2920|2631|2599|2054|1398|445|401|396|313|10836|3515|3032|2995|2367
C019|60|0|12|100|9178|2920|2631|2599|2054|2518|801|722|713|564|11956|3871|3353|3312|2618
C019|60|1|0|0|8823|2807|2530|2499|1974|0|0|0|0|0|9083|2957|2530|2499|1974
C019|60|1|0|4|8823|2807|2530|2499|1974|64|20|18|18|14|9147|2977|2548|2517|1988
C019|60|1|0|20|8823|2807|2530|2499|1974|409|130|117|116|92|9492|3087|2647|2615|2066
C019|60|1|0|60|8823|2807|2530|2499|1974|1344|428|385|381|301|10427|3385|2915|2880|2275
C019|60|1|0|100|8823|2807|2530|2499|1974|2421|770|694|686|542|11504|3727|3224|3185|2516
C019|60|1|1|0|8857|2818|2540|2509|1982|0|0|0|0|0|9117|2968|2540|2509|1982
C019|60|1|1|4|8857|2818|2540|2509|1982|64|20|18|18|14|9181|2988|2558|2527|1996
C019|60|1|1|20|8857|2818|2540|2509|1982|411|131|118|116|92|9528|3099|2658|2625|2074
C019|60|1|1|60|8857|2818|2540|2509|1982|1349|429|387|382|302|10466|3397|2927|2891|2284
C019|60|1|1|100|8857|2818|2540|2509|1982|2430|773|697|688|544|11547|3741|3237|3197|2526
C019|60|1|12|0|9235|2938|2648|2615|2067|0|0|0|0|0|9495|3088|2648|2615|2067
C019|60|1|12|4|9235|2938|2648|2615|2067|66|21|19|19|15|9561|3109|2667|2634|2082
C019|60|1|12|20|9235|2938|2648|2615|2067|428|136|123|121|96|9923|3224|2771|2736|2163
C019|60|1|12|60|9235|2938|2648|2615|2067|1407|448|403|398|315|10902|3536|3051|3013|2382
C019|60|1|12|100|9235|2938|2648|2615|2067|2534|806|727|718|567|12029|3894|3375|3333|2634
C019|60|6|0|0|9109|2898|2612|2580|2038|0|0|0|0|0|9369|3048|2612|2580|2038
C019|60|6|0|4|9109|2898|2612|2580|2038|66|21|19|19|15|9435|3069|2631|2599|2053
C019|60|6|0|20|9109|2898|2612|2580|2038|422|134|121|120|94|9791|3182|2733|2700|2132
C019|60|6|0|60|9109|2898|2612|2580|2038|1387|441|398|393|310|10756|3489|3010|2973|2348
C019|60|6|0|100|9109|2898|2612|2580|2038|2500|795|717|708|559|11869|3843|3329|3288|2597
C019|60|6|1|0|9143|2909|2622|2590|2046|0|0|0|0|0|9403|3059|2622|2590|2046
C019|60|6|1|4|9143|2909|2622|2590|2046|66|21|19|19|15|9469|3080|2641|2609|2061
C019|60|6|1|20|9143|2909|2622|2590|2046|424|135|122|120|95|9827|3194|2744|2710|2141
C019|60|6|1|60|9143|2909|2622|2590|2046|1393|443|399|395|312|10796|3502|3021|2985|2358
C019|60|6|1|100|9143|2909|2622|2590|2046|2509|798|719|711|561|11912|3857|3341|3301|2607
C019|60|6|12|0|9521|3029|2730|2696|2131|0|0|0|0|0|9781|3179|2730|2696|2131
C019|60|6|12|4|9521|3029|2730|2696|2131|69|22|20|19|15|9850|3201|2750|2715|2146
C019|60|6|12|20|9521|3029|2730|2696|2131|441|140|127|125|99|10222|3319|2857|2821|2230
C019|60|6|12|60|9521|3029|2730|2696|2131|1450|461|416|411|325|11231|3640|3146|3107|2456
C019|60|6|12|100|9521|3029|2730|2696|2131|2613|831|749|740|585|12394|4010|3479|3436|2716
C020|1|0|0|0|2220|1170|660|910|800|0|0|0|0|0|2480|1320|660|910|800
C020|1|0|0|4|2220|1170|660|910|800|16|8|5|7|6|2496|1328|665|917|806
C020|1|0|0|20|2220|1170|660|910|800|103|54|31|42|37|2583|1374|691|952|837
C020|1|0|0|60|2220|1170|660|910|800|338|178|101|139|122|2818|1498|761|1049|922
C020|1|0|0|100|2220|1170|660|910|800|609|321|181|250|220|3089|1641|841|1160|1020
C020|1|0|1|0|2247|1184|668|921|810|0|0|0|0|0|2507|1334|668|921|810
C020|1|0|1|4|2247|1184|668|921|810|16|9|5|7|6|2523|1343|673|928|816
C020|1|0|1|20|2247|1184|668|921|810|104|55|31|43|38|2611|1389|699|964|848
C020|1|0|1|60|2247|1184|668|921|810|342|180|102|140|123|2849|1514|770|1061|933
C020|1|0|1|100|2247|1184|668|921|810|617|325|183|253|222|3124|1659|851|1174|1032
C020|1|0|12|0|2540|1338|755|1041|915|0|0|0|0|0|2800|1488|755|1041|915
C020|1|0|12|4|2540|1338|755|1041|915|18|10|5|7|7|2818|1498|760|1048|922
C020|1|0|12|20|2540|1338|755|1041|915|118|62|35|48|42|2918|1550|790|1089|957
C020|1|0|12|60|2540|1338|755|1041|915|387|204|115|159|139|3187|1692|870|1200|1054
C020|1|0|12|100|2540|1338|755|1041|915|697|367|207|286|251|3497|1855|962|1327|1166
C020|1|1|0|0|2264|1193|673|928|816|0|0|0|0|0|2524|1343|673|928|816
C020|1|1|0|4|2264|1193|673|928|816|16|9|5|7|6|2540|1352|678|935|822
C020|1|1|0|20|2264|1193|673|928|816|105|55|31|43|38|2629|1398|704|971|854
C020|1|1|0|60|2264|1193|673|928|816|345|182|103|141|124|2869|1525|776|1069|940
C020|1|1|0|100|2264|1193|673|928|816|621|327|185|255|224|3145|1670|858|1183|1040
C020|1|1|1|0|2291|1207|681|939|826|0|0|0|0|0|2551|1357|681|939|826
C020|1|1|1|4|2291|1207|681|939|826|16|9|5|7|6|2567|1366|686|946|832
C020|1|1|1|20|2291|1207|681|939|826|106|56|32|44|38|2657|1413|713|983|864
C020|1|1|1|60|2291|1207|681|939|826|349|184|104|143|126|2900|1541|785|1082|952
C020|1|1|1|100|2291|1207|681|939|826|629|331|187|258|227|3180|1688|868|1197|1053
C020|1|1|12|0|2584|1362|768|1059|931|0|0|0|0|0|2844|1512|768|1059|931
C020|1|1|12|4|2584|1362|768|1059|931|19|10|6|8|7|2863|1522|774|1067|938
C020|1|1|12|20|2584|1362|768|1059|931|120|63|36|49|43|2964|1575|804|1108|974
C020|1|1|12|60|2584|1362|768|1059|931|394|207|117|161|142|3238|1719|885|1220|1073
C020|1|1|12|100|2584|1362|768|1059|931|709|374|211|291|255|3553|1886|979|1350|1186
C020|1|6|0|0|2486|1310|739|1019|896|0|0|0|0|0|2746|1460|739|1019|896
C020|1|6|0|4|2486|1310|739|1019|896|18|9|5|7|6|2764|1469|744|1026|902
C020|1|6|0|20|2486|1310|739|1019|896|115|61|34|47|42|2861|1521|773|1066|938
C020|1|6|0|60|2486|1310|739|1019|896|379|200|113|155|136|3125|1660|852|1174|1032
C020|1|6|0|100|2486|1310|739|1019|896|682|359|203|280|246|3428|1819|942|1299|1142
C020|1|6|1|0|2513|1324|747|1030|906|0|0|0|0|0|2773|1474|747|1030|906
C020|1|6|1|4|2513|1324|747|1030|906|18|10|5|7|7|2791|1484|752|1037|913
C020|1|6|1|20|2513|1324|747|1030|906|117|61|35|48|42|2890|1535|782|1078|948
C020|1|6|1|60|2513|1324|747|1030|906|383|202|114|157|138|3156|1676|861|1187|1044
C020|1|6|1|100|2513|1324|747|1030|906|690|363|205|283|249|3463|1837|952|1313|1155
C020|1|6|12|0|2806|1479|834|1150|1011|0|0|0|0|0|3066|1629|834|1150|1011
C020|1|6|12|4|2806|1479|834|1150|1011|20|11|6|8|7|3086|1640|840|1158|1018
C020|1|6|12|20|2806|1479|834|1150|1011|130|69|39|53|47|3196|1698|873|1203|1058
C020|1|6|12|60|2806|1479|834|1150|1011|427|225|127|175|154|3493|1854|961|1325|1165
C020|1|6|12|100|2806|1479|834|1150|1011|770|406|229|316|277|3836|2035|1063|1466|1288
C020|2|0|0|0|2298|1211|683|942|828|0|0|0|0|0|2558|1361|683|942|828
C020|2|0|0|4|2298|1211|683|942|828|17|9|5|7|6|2575|1370|688|949|834
C020|2|0|0|20|2298|1211|683|942|828|107|56|32|44|38|2665|1417|715|986|866
C020|2|0|0|60|2298|1211|683|942|828|350|184|104|143|126|2908|1545|787|1085|954
C020|2|0|0|100|2298|1211|683|942|828|631|332|187|258|227|3189|1693|870|1200|1055
C020|2|0|1|0|2324|1225|691|953|838|0|0|0|0|0|2584|1375|691|953|838
C020|2|0|1|4|2324|1225|691|953|838|17|9|5|7|6|2601|1384|696|960|844
C020|2|0|1|20|2324|1225|691|953|838|108|57|32|44|39|2692|1432|723|997|877
C020|2|0|1|60|2324|1225|691|953|838|354|187|105|145|128|2938|1562|796|1098|966
C020|2|0|1|100|2324|1225|691|953|838|638|336|190|262|230|3222|1711|881|1215|1068
C020|2|0|12|0|2617|1379|778|1073|943|0|0|0|0|0|2877|1529|778|1073|943
C020|2|0|12|4|2617|1379|778|1073|943|19|10|6|8|7|2896|1539|784|1081|950
C020|2|0|12|20|2617|1379|778|1073|943|121|64|36|50|44|2998|1593|814|1123|987
C020|2|0|12|60|2617|1379|778|1073|943|399|210|119|163|144|3276|1739|897|1236|1087
C020|2|0|12|100|2617|1379|778|1073|943|718|378|213|294|259|3595|1907|991|1367|1202
C020|2|1|0|0|2342|1234|696|960|844|0|0|0|0|0|2602|1384|696|960|844
C020|2|1|0|4|2342|1234|696|960|844|17|9|5|7|6|2619|1393|701|967|850
C020|2|1|0|20|2342|1234|696|960|844|109|57|32|45|39|2711|1441|728|1005|883
C020|2|1|0|60|2342|1234|696|960|844|357|188|106|146|129|2959|1572|802|1106|973
C020|2|1|0|100|2342|1234|696|960|844|643|339|191|263|232|3245|1723|887|1223|1076
C020|2|1|1|0|2369|1248|704|971|854|0|0|0|0|0|2629|1398|704|971|854
C020|2|1|1|4|2369|1248|704|971|854|17|9|5|7|6|2646|1407|709|978|860
C020|2|1|1|20|2369|1248|704|971|854|110|58|33|45|40|2739|1456|737|1016|894
C020|2|1|1|60|2369|1248|704|971|854|361|190|107|148|130|2990|1588|811|1119|984
C020|2|1|1|100|2369|1248|704|971|854|650|342|193|266|234|3279|1740|897|1237|1088
C020|2|1|12|0|2662|1403|791|1091|959|0|0|0|0|0|2922|1553|791|1091|959
C020|2|1|12|4|2662|1403|791|1091|959|19|10|6|8|7|2941|1563|797|1099|966
C020|2|1|12|20|2662|1403|791|1091|959|123|65|37|51|44|3045|1618|828|1142|1003
C020|2|1|12|60|2662|1403|791|1091|959|405|214|120|166|146|3327|1767|911|1257|1105
C020|2|1|12|100|2662|1403|791|1091|959|730|385|217|299|263|3652|1938|1008|1390|1222
C020|2|6|0|0|2564|1351|762|1051|924|0|0|0|0|0|2824|1501|762|1051|924
C020|2|6|0|4|2564|1351|762|1051|924|18|10|5|8|7|2842|1511|767|1059|931
C020|2|6|0|20|2564|1351|762|1051|924|119|63|35|49|43|2943|1564|797|1100|967
C020|2|6|0|60|2564|1351|762|1051|924|391|206|116|160|141|3215|1707|878|1211|1065
C020|2|6|0|100|2564|1351|762|1051|924|704|371|209|288|254|3528|1872|971|1339|1178
C020|2|6|1|0|2591|1365|770|1062|934|0|0|0|0|0|2851|1515|770|1062|934
C020|2|6|1|4|2591|1365|770|1062|934|19|10|6|8|7|2870|1525|776|1070|941
C020|2|6|1|20|2591|1365|770|1062|934|120|63|36|49|43|2971|1578|806|1111|977
C020|2|6|1|60|2591|1365|770|1062|934|395|208|117|162|142|3246|1723|887|1224|1076
C020|2|6|1|100|2591|1365|770|1062|934|711|375|211|291|256|3562|1890|981|1353|1190
C020|2|6|12|0|2884|1520|857|1182|1039|0|0|0|0|0|3144|1670|857|1182|1039
C020|2|6|12|4|2884|1520|857|1182|1039|21|11|6|9|7|3165|1681|863|1191|1046
C020|2|6|12|20|2884|1520|857|1182|1039|134|70|40|55|48|3278|1740|897|1237|1087
C020|2|6|12|60|2884|1520|857|1182|1039|439|232|131|180|158|3583|1902|988|1362|1197
C020|2|6|12|100|2884|1520|857|1182|1039|791|417|235|324|285|3935|2087|1092|1506|1324
C020|20|0|0|0|3696|1948|1099|1515|1332|0|0|0|0|0|3956|2098|1099|1515|1332
C020|20|0|0|4|3696|1948|1099|1515|1332|27|14|8|11|10|3983|2112|1107|1526|1342
C020|20|0|0|20|3696|1948|1099|1515|1332|171|90|51|70|62|4127|2188|1150|1585|1394
C020|20|0|0|60|3696|1948|1099|1515|1332|563|297|167|231|203|4519|2395|1266|1746|1535
C020|20|0|0|100|3696|1948|1099|1515|1332|1014|535|302|416|366|4970|2633|1401|1931|1698
C020|20|0|1|0|3723|1962|1107|1526|1342|0|0|0|0|0|3983|2112|1107|1526|1342
C020|20|0|1|4|3723|1962|1107|1526|1342|27|14|8|11|10|4010|2126|1115|1537|1352
C020|20|0|1|20|3723|1962|1107|1526|1342|173|91|51|71|62|4156|2203|1158|1597|1404
C020|20|0|1|60|3723|1962|1107|1526|1342|567|299|169|232|204|4550|2411|1276|1758|1546
C020|20|0|1|100|3723|1962|1107|1526|1342|1022|538|304|419|368|5005|2650|1411|1945|1710
C020|20|0|12|0|4016|2117|1194|1646|1447|0|0|0|0|0|4276|2267|1194|1646|1447
C020|20|0|12|4|4016|2117|1194|1646|1447|29|15|9|12|10|4305|2282|1203|1658|1457
C020|20|0|12|20|4016|2117|1194|1646|1447|186|98|55|76|67|4462|2365|1249|1722|1514
C020|20|0|12|60|4016|2117|1194|1646|1447|612|322|182|251|220|4888|2589|1376|1897|1667
C020|20|0|12|100|4016|2117|1194|1646|1447|1102|581|328|452|397|5378|2848|1522|2098|1844
C020|20|1|0|0|3741|1971|1112|1533|1348|0|0|0|0|0|4001|2121|1112|1533|1348
C020|20|1|0|4|3741|1971|1112|1533|1348|27|14|8|11|10|4028|2135|1120|1544|1358
C020|20|1|0|20|3741|1971|1112|1533|1348|173|91|52|71|62|4174|2212|1164|1604|1410
C020|20|1|0|60|3741|1971|1112|1533|1348|570|300|169|234|205|4571|2421|1281|1767|1553
C020|20|1|0|100|3741|1971|1112|1533|1348|1027|541|305|421|370|5028|2662|1417|1954|1718
C020|20|1|1|0|3767|1985|1120|1544|1358|0|0|0|0|0|4027|2135|1120|1544|1358
C020|20|1|1|4|3767|1985|1120|1544|1358|27|14|8|11|10|4054|2149|1128|1555|1368
C020|20|1|1|20|3767|1985|1120|1544|1358|175|92|52|72|63|4202|2227|1172|1616|1421
C020|20|1|1|60|3767|1985|1120|1544|1358|574|302|171|235|207|4601|2437|1291|1779|1565
C020|20|1|1|100|3767|1985|1120|1544|1358|1034|545|307|424|373|5061|2680|1427|1968|1731
C020|20|1|12|0|4060|2140|1207|1664|1463|0|0|0|0|0|4320|2290|1207|1664|1463
C020|20|1|12|4|4060|2140|1207|1664|1463|29|15|9|12|11|4349|2305|1216|1676|1474
C020|20|1|12|20|4060|2140|1207|1664|1463|188|99|56|77|68|4508|2389|1263|1741|1531
C020|20|1|12|60|4060|2140|1207|1664|1463|618|326|184|253|223|4938|2616|1391|1917|1686
C020|20|1|12|100|4060|2140|1207|1664|1463|1114|587|331|457|401|5434|2877|1538|2121|1864
C020|20|6|0|0|3963|2088|1178|1624|1428|0|0|0|0|0|4223|2238|1178|1624|1428
C020|20|6|0|4|3963|2088|1178|1624|1428|29|15|8|12|10|4252|2253|1186|1636|1438
C020|20|6|0|20|3963|2088|1178|1624|1428|184|97|55|75|66|4407|2335|1233|1699|1494
C020|20|6|0|60|3963|2088|1178|1624|1428|604|318|179|247|218|4827|2556|1357|1871|1646
C020|20|6|0|100|3963|2088|1178|1624|1428|1087|573|323|446|392|5310|2811|1501|2070|1820
C020|20|6|1|0|3989|2102|1186|1635|1438|0|0|0|0|0|4249|2252|1186|1635|1438
C020|20|6|1|4|3989|2102|1186|1635|1438|29|15|9|12|10|4278|2267|1195|1647|1448
C020|20|6|1|20|3989|2102|1186|1635|1438|185|97|55|76|67|4434|2349|1241|1711|1505
C020|20|6|1|60|3989|2102|1186|1635|1438|608|320|181|249|219|4857|2572|1367|1884|1657
C020|20|6|1|100|3989|2102|1186|1635|1438|1095|577|325|449|395|5344|2829|1511|2084|1833
C020|20|6|12|0|4282|2257|1273|1755|1543|0|0|0|0|0|4542|2407|1273|1755|1543
C020|20|6|12|4|4282|2257|1273|1755|1543|31|16|9|13|11|4573|2423|1282|1768|1554
C020|20|6|12|20|4282|2257|1273|1755|1543|199|105|59|81|72|4741|2512|1332|1836|1615
C020|20|6|12|60|4282|2257|1273|1755|1543|652|344|194|267|235|5194|2751|1467|2022|1778
C020|20|6|12|100|4282|2257|1273|1755|1543|1175|619|349|482|423|5717|3026|1622|2237|1966
C020|59|0|0|0|6727|3545|2000|2757|2424|0|0|0|0|0|6987|3695|2000|2757|2424
C020|59|0|0|4|6727|3545|2000|2757|2424|48|26|14|20|17|7035|3721|2014|2777|2441
C020|59|0|0|20|6727|3545|2000|2757|2424|312|164|93|128|112|7299|3859|2093|2885|2536
C020|59|0|0|60|6727|3545|2000|2757|2424|1025|540|305|420|369|8012|4235|2305|3177|2793
C020|59|0|0|100|6727|3545|2000|2757|2424|1846|973|549|757|665|8833|4668|2549|3514|3089
C020|59|0|1|0|6753|3559|2008|2768|2434|0|0|0|0|0|7013|3709|2008|2768|2434
C020|59|0|1|4|6753|3559|2008|2768|2434|49|26|14|20|18|7062|3735|2022|2788|2452
C020|59|0|1|20|6753|3559|2008|2768|2434|313|165|93|128|113|7326|3874|2101|2896|2547
C020|59|0|1|60|6753|3559|2008|2768|2434|1029|542|306|422|371|8042|4251|2314|3190|2805
C020|59|0|1|100|6753|3559|2008|2768|2434|1853|977|551|760|668|8866|4686|2559|3528|3102
C020|59|0|12|0|7046|3714|2095|2888|2539|0|0|0|0|0|7306|3864|2095|2888|2539
C020|59|0|12|4|7046|3714|2095|2888|2539|51|27|15|21|18|7357|3891|2110|2909|2557
C020|59|0|12|20|7046|3714|2095|2888|2539|327|172|97|134|118|7633|4036|2192|3022|2657
C020|59|0|12|60|7046|3714|2095|2888|2539|1073|566|319|440|387|8379|4430|2414|3328|2926
C020|59|0|12|100|7046|3714|2095|2888|2539|1933|1019|575|792|697|9239|4883|2670|3680|3236
C020|59|1|0|0|6771|3568|2013|2775|2440|0|0|0|0|0|7031|3718|2013|2775|2440
C020|59|1|0|4|6771|3568|2013|2775|2440|49|26|14|20|18|7080|3744|2027|2795|2458
C020|59|1|0|20|6771|3568|2013|2775|2440|314|165|93|129|113|7345|3883|2106|2904|2553
C020|59|1|0|60|6771|3568|2013|2775|2440|1031|543|307|423|372|8062|4261|2320|3198|2812
C020|59|1|0|100|6771|3568|2013|2775|2440|1858|979|552|761|670|8889|4697|2565|3536|3110
C020|59|1|1|0|6798|3583|2021|2786|2450|0|0|0|0|0|7058|3733|2021|2786|2450
C020|59|1|1|4|6798|3583|2021|2786|2450|49|26|15|20|18|7107|3759|2036|2806|2468
C020|59|1|1|20|6798|3583|2021|2786|2450|315|166|94|129|114|7373|3899|2115|2915|2564
C020|59|1|1|60|6798|3583|2021|2786|2450|1035|546|308|424|373|8093|4279|2329|3210|2823
C020|59|1|1|100|6798|3583|2021|2786|2450|1865|983|555|764|672|8923|4716|2576|3550|3122
C020|59|1|12|0|7091|3737|2108|2907|2555|0|0|0|0|0|7351|3887|2108|2907|2555
C020|59|1|12|4|7091|3737|2108|2907|2555|51|27|15|21|18|7402|3914|2123|2928|2573
C020|59|1|12|20|7091|3737|2108|2907|2555|329|173|98|135|118|7680|4060|2206|3042|2673
C020|59|1|12|60|7091|3737|2108|2907|2555|1080|569|321|443|389|8431|4456|2429|3350|2944
C020|59|1|12|100|7091|3737|2108|2907|2555|1946|1025|578|798|701|9297|4912|2686|3705|3256
C020|59|6|0|0|6993|3686|2079|2867|2520|0|0|0|0|0|7253|3836|2079|2867|2520
C020|59|6|0|4|6993|3686|2079|2867|2520|50|27|15|21|18|7303|3863|2094|2888|2538
C020|59|6|0|20|6993|3686|2079|2867|2520|324|171|96|133|117|7577|4007|2175|3000|2637
C020|59|6|0|60|6993|3686|2079|2867|2520|1065|561|317|437|384|8318|4397|2396|3304|2904
C020|59|6|0|100|6993|3686|2079|2867|2520|1919|1011|570|787|691|9172|4847|2649|3654|3211
C020|59|6|1|0|7020|3700|2087|2877|2530|0|0|0|0|0|7280|3850|2087|2877|2530
C020|59|6|1|4|7020|3700|2087|2877|2530|51|27|15|21|18|7331|3877|2102|2898|2548
C020|59|6|1|20|7020|3700|2087|2877|2530|325|172|97|133|117|7605|4022|2184|3010|2647
C020|59|6|1|60|7020|3700|2087|2877|2530|1069|564|318|438|385|8349|4414|2405|3315|2915
C020|59|6|1|100|7020|3700|2087|2877|2530|1926|1015|573|789|694|9206|4865|2660|3666|3224
C020|59|6|12|0|7313|3854|2174|2998|2635|0|0|0|0|0|7573|4004|2174|2998|2635
C020|59|6|12|4|7313|3854|2174|2998|2635|53|28|16|22|19|7626|4032|2190|3020|2654
C020|59|6|12|20|7313|3854|2174|2998|2635|339|179|101|139|122|7912|4183|2275|3137|2757
C020|59|6|12|60|7313|3854|2174|2998|2635|1114|587|331|457|401|8687|4591|2505|3455|3036
C020|59|6|12|100|7313|3854|2174|2998|2635|2007|1058|597|823|723|9580|5062|2771|3821|3358
C020|60|0|0|0|6804|3586|2023|2789|2452|0|0|0|0|0|7064|3736|2023|2789|2452
C020|60|0|0|4|6804|3586|2023|2789|2452|49|26|15|20|18|7113|3762|2038|2809|2470
C020|60|0|0|20|6804|3586|2023|2789|2452|315|166|94|129|114|7379|3902|2117|2918|2566
C020|60|0|0|60|6804|3586|2023|2789|2452|1036|546|308|425|373|8100|4282|2331|3214|2825
C020|60|0|0|100|6804|3586|2023|2789|2452|1867|984|555|765|673|8931|4720|2578|3554|3125
C020|60|0|1|0|6831|3600|2031|2800|2462|0|0|0|0|0|7091|3750|2031|2800|2462
C020|60|0|1|4|6831|3600|2031|2800|2462|49|26|15|20|18|7140|3776|2046|2820|2480
C020|60|0|1|20|6831|3600|2031|2800|2462|317|167|94|130|114|7408|3917|2125|2930|2576
C020|60|0|1|60|6831|3600|2031|2800|2462|1040|548|309|426|375|8131|4298|2340|3226|2837
C020|60|0|1|100|6831|3600|2031|2800|2462|1874|988|557|768|676|8965|4738|2588|3568|3138
C020|60|0|12|0|7124|3755|2118|2920|2567|0|0|0|0|0|7384|3905|2118|2920|2567
C020|60|0|12|4|7124|3755|2118|2920|2567|51|27|15|21|18|7435|3932|2133|2941|2585
C020|60|0|12|20|7124|3755|2118|2920|2567|330|174|98|135|119|7714|4079|2216|3055|2686
C020|60|0|12|60|7124|3755|2118|2920|2567|1085|572|323|445|391|8469|4477|2441|3365|2958
C020|60|0|12|100|7124|3755|2118|2920|2567|1955|1030|581|801|704|9339|4935|2699|3721|3271
C020|60|1|0|0|6849|3609|2036|2807|2468|0|0|0|0|0|7109|3759|2036|2807|2468
C020|60|1|0|4|6849|3609|2036|2807|2468|49|26|15|20|18|7158|3785|2051|2827|2486
C020|60|1|0|20|6849|3609|2036|2807|2468|318|167|94|130|114|7427|3926|2130|2937|2582
C020|60|1|0|60|6849|3609|2036|2807|2468|1043|550|310|428|376|8152|4309|2346|3235|2844
C020|60|1|0|100|6849|3609|2036|2807|2468|1879|990|559|770|677|8988|4749|2595|3577|3145
C020|60|1|1|0|6875|3623|2044|2818|2478|0|0|0|0|0|7135|3773|2044|2818|2478
C020|60|1|1|4|6875|3623|2044|2818|2478|50|26|15|20|18|7185|3799|2059|2838|2496
C020|60|1|1|20|6875|3623|2044|2818|2478|319|168|95|131|115|7454|3941|2139|2949|2593
C020|60|1|1|60|6875|3623|2044|2818|2478|1047|552|311|429|377|8182|4325|2355|3247|2855
C020|60|1|1|100|6875|3623|2044|2818|2478|1886|994|561|773|680|9021|4767|2605|3591|3158
C020|60|1|12|0|7168|3778|2131|2938|2583|0|0|0|0|0|7428|3928|2131|2938|2583
C020|60|1|12|4|7168|3778|2131|2938|2583|52|27|15|21|19|7480|3955|2146|2959|2602
C020|60|1|12|20|7168|3778|2131|2938|2583|332|175|99|136|120|7760|4103|2230|3074|2703
C020|60|1|12|60|7168|3778|2131|2938|2583|1092|575|325|448|393|8520|4503|2456|3386|2976
C020|60|1|12|100|7168|3778|2131|2938|2583|1967|1037|585|806|709|9395|4965|2716|3744|3292
C020|60|6|0|0|7071|3726|2102|2898|2548|0|0|0|0|0|7331|3876|2102|2898|2548
C020|60|6|0|4|7071|3726|2102|2898|2548|51|27|15|21|18|7382|3903|2117|2919|2566
C020|60|6|0|20|7071|3726|2102|2898|2548|328|173|97|134|118|7659|4049|2199|3032|2666
C020|60|6|0|60|7071|3726|2102|2898|2548|1077|568|320|441|388|8408|4444|2422|3339|2936
C020|60|6|0|100|7071|3726|2102|2898|2548|1940|1022|577|795|699|9271|4898|2679|3693|3247
C020|60|6|1|0|7097|3740|2110|2909|2558|0|0|0|0|0|7357|3890|2110|2909|2558
C020|60|6|1|4|7097|3740|2110|2909|2558|51|27|15|21|18|7408|3917|2125|2930|2576
C020|60|6|1|20|7097|3740|2110|2909|2558|329|173|98|135|119|7686|4063|2208|3044|2677
C020|60|6|1|60|7097|3740|2110|2909|2558|1081|570|321|443|390|8438|4460|2431|3352|2948
C020|60|6|1|100|7097|3740|2110|2909|2558|1947|1026|579|798|702|9304|4916|2689|3707|3260
C020|60|6|12|0|7390|3895|2197|3029|2663|0|0|0|0|0|7650|4045|2197|3029|2663
C020|60|6|12|4|7390|3895|2197|3029|2663|53|28|16|22|19|7703|4073|2213|3051|2682
C020|60|6|12|20|7390|3895|2197|3029|2663|343|181|102|140|123|7993|4226|2299|3169|2786
C020|60|6|12|60|7390|3895|2197|3029|2663|1126|593|335|461|406|8776|4638|2532|3490|3069
C020|60|6|12|100|7390|3895|2197|3029|2663|2028|1069|603|831|731|9678|5114|2800|3860|3394
C021|1|0|0|0|2540|870|760|1070|680|0|0|0|0|0|2800|1020|760|1070|680
C021|1|0|0|4|2540|870|760|1070|680|18|6|5|8|5|2818|1026|765|1078|685
C021|1|0|0|20|2540|870|760|1070|680|118|40|35|50|32|2918|1060|795|1120|712
C021|1|0|0|60|2540|870|760|1070|680|387|133|116|163|104|3187|1153|876|1233|784
C021|1|0|0|100|2540|870|760|1070|680|697|239|209|294|187|3497|1259|969|1364|867
C021|1|0|1|0|2570|880|769|1083|688|0|0|0|0|0|2830|1030|769|1083|688
C021|1|0|1|4|2570|880|769|1083|688|19|6|6|8|5|2849|1036|775|1091|693
C021|1|0|1|20|2570|880|769|1083|688|119|41|36|50|32|2949|1071|805|1133|720
C021|1|0|1|60|2570|880|769|1083|688|391|134|117|165|105|3221|1164|886|1248|793
C021|1|0|1|100|2570|880|769|1083|688|705|241|211|297|189|3535|1271|980|1380|877
C021|1|0|12|0|2906|995|869|1224|778|0|0|0|0|0|3166|1145|869|1224|778
C021|1|0|12|4|2906|995|869|1224|778|21|7|6|9|6|3187|1152|875|1233|784
C021|1|0|12|20|2906|995|869|1224|778|135|46|40|57|36|3301|1191|909|1281|814
C021|1|0|12|60|2906|995|869|1224|778|443|152|132|186|119|3609|1297|1001|1410|897
C021|1|0|12|100|2906|995|869|1224|778|797|273|238|336|213|3963|1418|1107|1560|991
C021|1|1|0|0|2591|887|775|1091|694|0|0|0|0|0|2851|1037|775|1091|694
C021|1|1|0|4|2591|887|775|1091|694|19|6|6|8|5|2870|1043|781|1099|699
C021|1|1|0|20|2591|887|775|1091|694|120|41|36|51|32|2971|1078|811|1142|726
C021|1|1|0|60|2591|887|775|1091|694|395|135|118|166|106|3246|1172|893|1257|800
C021|1|1|0|100|2591|887|775|1091|694|711|243|213|299|190|3562|1280|988|1390|884
C021|1|1|1|0|2621|898|784|1104|702|0|0|0|0|0|2881|1048|784|1104|702
C021|1|1|1|4|2621|898|784|1104|702|19|6|6|8|5|2900|1054|790|1112|707
C021|1|1|1|20|2621|898|784|1104|702|122|42|36|51|33|3003|1090|820|1155|735
C021|1|1|1|60|2621|898|784|1104|702|399|137|119|168|107|3280|1185|903|1272|809
C021|1|1|1|100|2621|898|784|1104|702|719|246|215|303|193|3600|1294|999|1407|895
C021|1|1|12|0|2957|1013|885|1245|792|0|0|0|0|0|3217|1163|885|1245|792
C021|1|1|12|4|2957|1013|885|1245|792|21|7|6|9|6|3238|1170|891|1254|798
C021|1|1|12|20|2957|1013|885|1245|792|137|47|41|58|37|3354|1210|926|1303|829
C021|1|1|12|60|2957|1013|885|1245|792|450|154|135|190|121|3667|1317|1020|1435|913
C021|1|1|12|100|2957|1013|885|1245|792|811|278|243|342|217|4028|1441|1128|1587|1009
C021|1|6|0|0|2845|974|851|1198|762|0|0|0|0|0|3105|1124|851|1198|762
C021|1|6|0|4|2845|974|851|1198|762|20|7|6|9|5|3125|1131|857|1207|767
C021|1|6|0|20|2845|974|851|1198|762|132|45|39|56|35|3237|1169|890|1254|797
C021|1|6|0|60|2845|974|851|1198|762|433|148|130|182|116|3538|1272|981|1380|878
C021|1|6|0|100|2845|974|851|1198|762|781|267|234|329|209|3886|1391|1085|1527|971
C021|1|6|1|0|2875|985|860|1211|770|0|0|0|0|0|3135|1135|860|1211|770
C021|1|6|1|4|2875|985|860|1211|770|21|7|6|9|6|3156|1142|866|1220|776
C021|1|6|1|20|2875|985|860|1211|770|133|46|40|56|36|3268|1181|900|1267|806
C021|1|6|1|60|2875|985|860|1211|770|438|150|131|184|117|3573|1285|991|1395|887
C021|1|6|1|100|2875|985|860|1211|770|789|270|236|332|211|3924|1405|1096|1543|981
C021|1|6|12|0|3211|1100|961|1352|860|0|0|0|0|0|3471|1250|961|1352|860
C021|1|6|12|4|3211|1100|961|1352|860|23|8|7|10|6|3494|1258|968|1362|866
C021|1|6|12|20|3211|1100|961|1352|860|149|51|45|63|40|3620|1301|1006|1415|900
C021|1|6|12|60|3211|1100|961|1352|860|489|168|146|206|131|3960|1418|1107|1558|991
C021|1|6|12|100|3211|1100|961|1352|860|881|302|264|371|236|4352|1552|1225|1723|1096
C021|2|0|0|0|2629|900|787|1107|704|0|0|0|0|0|2889|1050|787|1107|704
C021|2|0|0|4|2629|900|787|1107|704|19|6|6|8|5|2908|1056|793|1115|709
C021|2|0|0|20|2629|900|787|1107|704|122|42|36|51|33|3011|1092|823|1158|737
C021|2|0|0|60|2629|900|787|1107|704|400|137|120|169|107|3289|1187|907|1276|811
C021|2|0|0|100|2629|900|787|1107|704|721|247|216|304|193|3610|1297|1003|1411|897
C021|2|0|1|0|2659|911|796|1120|712|0|0|0|0|0|2919|1061|796|1120|712
C021|2|0|1|4|2659|911|796|1120|712|19|7|6|8|5|2938|1068|802|1128|717
C021|2|0|1|20|2659|911|796|1120|712|123|42|37|52|33|3042|1103|833|1172|745
C021|2|0|1|60|2659|911|796|1120|712|405|139|121|171|108|3324|1200|917|1291|820
C021|2|0|1|100|2659|911|796|1120|712|730|250|218|307|195|3649|1311|1014|1427|907
C021|2|0|12|0|2995|1026|896|1262|802|0|0|0|0|0|3255|1176|896|1262|802
C021|2|0|12|4|2995|1026|896|1262|802|22|7|6|9|6|3277|1183|902|1271|808
C021|2|0|12|20|2995|1026|896|1262|802|139|48|42|59|37|3394|1224|938|1321|839
C021|2|0|12|60|2995|1026|896|1262|802|456|156|136|192|122|3711|1332|1032|1454|924
C021|2|0|12|100|2995|1026|896|1262|802|822|282|246|346|220|4077|1458|1142|1608|1022
C021|2|1|0|0|2680|918|802|1129|717|0|0|0|0|0|2940|1068|802|1129|717
C021|2|1|0|4|2680|918|802|1129|717|19|7|6|8|5|2959|1075|808|1137|722
C021|2|1|0|20|2680|918|802|1129|717|124|43|37|52|33|3064|1111|839|1181|750
C021|2|1|0|60|2680|918|802|1129|717|408|140|122|172|109|3348|1208|924|1301|826
C021|2|1|0|100|2680|918|802|1129|717|735|252|220|310|197|3675|1320|1022|1439|914
C021|2|1|1|0|2710|928|811|1142|726|0|0|0|0|0|2970|1078|811|1142|726
C021|2|1|1|4|2710|928|811|1142|726|20|7|6|8|5|2990|1085|817|1150|731
C021|2|1|1|20|2710|928|811|1142|726|126|43|38|53|34|3096|1121|849|1195|760
C021|2|1|1|60|2710|928|811|1142|726|413|141|124|174|111|3383|1219|935|1316|837
C021|2|1|1|100|2710|928|811|1142|726|744|255|223|313|199|3714|1333|1034|1455|925
C021|2|1|12|0|3045|1043|911|1283|815|0|0|0|0|0|3305|1193|911|1283|815
C021|2|1|12|4|3045|1043|911|1283|815|22|8|7|9|6|3327|1201|918|1292|821
C021|2|1|12|20|3045|1043|911|1283|815|141|48|42|59|38|3446|1241|953|1342|853
C021|2|1|12|60|3045|1043|911|1283|815|464|159|139|195|124|3769|1352|1050|1478|939
C021|2|1|12|100|3045|1043|911|1283|815|836|286|250|352|224|4141|1479|1161|1635|1039
C021|2|6|0|0|2934|1005|878|1236|785|0|0|0|0|0|3194|1155|878|1236|785
C021|2|6|0|4|2934|1005|878|1236|785|21|7|6|9|6|3215|1162|884|1245|791
C021|2|6|0|20|2934|1005|878|1236|785|136|47|41|57|36|3330|1202|919|1293|821
C021|2|6|0|60|2934|1005|878|1236|785|447|153|134|188|120|3641|1308|1012|1424|905
C021|2|6|0|100|2934|1005|878|1236|785|805|276|241|339|215|3999|1431|1119|1575|1000
C021|2|6|1|0|2964|1015|887|1249|794|0|0|0|0|0|3224|1165|887|1249|794
C021|2|6|1|4|2964|1015|887|1249|794|21|7|6|9|6|3245|1172|893|1258|800
C021|2|6|1|20|2964|1015|887|1249|794|137|47|41|58|37|3361|1212|928|1307|831
C021|2|6|1|60|2964|1015|887|1249|794|451|155|135|190|121|3675|1320|1022|1439|915
C021|2|6|1|100|2964|1015|887|1249|794|813|279|243|343|218|4037|1444|1130|1592|1012
C021|2|6|12|0|3299|1130|987|1390|883|0|0|0|0|0|3559|1280|987|1390|883
C021|2|6|12|4|3299|1130|987|1390|883|24|8|7|10|6|3583|1288|994|1400|889
C021|2|6|12|20|3299|1130|987|1390|883|153|52|46|64|41|3712|1332|1033|1454|924
C021|2|6|12|60|3299|1130|987|1390|883|503|172|150|212|134|4062|1452|1137|1602|1017
C021|2|6|12|100|3299|1130|987|1390|883|905|310|271|381|242|4464|1590|1258|1771|1125
C021|20|0|0|0|4229|1449|1265|1782|1132|0|0|0|0|0|4489|1599|1265|1782|1132
C021|20|0|0|4|4229|1449|1265|1782|1132|30|10|9|13|8|4519|1609|1274|1795|1140
C021|20|0|0|20|4229|1449|1265|1782|1132|196|67|59|83|52|4685|1666|1324|1865|1184
C021|20|0|0|60|4229|1449|1265|1782|1132|644|221|193|271|172|5133|1820|1458|2053|1304
C021|20|0|0|100|4229|1449|1265|1782|1132|1160|398|347|489|311|5649|1997|1612|2271|1443
C021|20|0|1|0|4260|1459|1275|1794|1140|0|0|0|0|0|4520|1609|1275|1794|1140
C021|20|0|1|4|4260|1459|1275|1794|1140|31|11|9|13|8|4551|1620|1284|1807|1148
C021|20|0|1|20|4260|1459|1275|1794|1140|197|68|59|83|53|4717|1677|1334|1877|1193
C021|20|0|1|60|4260|1459|1275|1794|1140|649|222|194|273|174|5169|1831|1469|2067|1314
C021|20|0|1|100|4260|1459|1275|1794|1140|1169|400|350|492|313|5689|2009|1625|2286|1453
C021|20|0|12|0|4595|1574|1375|1936|1230|0|0|0|0|0|4855|1724|1375|1936|1230
C021|20|0|12|4|4595|1574|1375|1936|1230|33|11|10|14|9|4888|1735|1385|1950|1239
C021|20|0|12|20|4595|1574|1375|1936|1230|213|73|64|90|57|5068|1797|1439|2026|1287
C021|20|0|12|60|4595|1574|1375|1936|1230|700|240|209|295|187|5555|1964|1584|2231|1417
C021|20|0|12|100|4595|1574|1375|1936|1230|1261|432|377|531|338|6116|2156|1752|2467|1568
C021|20|1|0|0|4280|1466|1281|1803|1146|0|0|0|0|0|4540|1616|1281|1803|1146
C021|20|1|0|4|4280|1466|1281|1803|1146|31|11|9|13|8|4571|1627|1290|1816|1154
C021|20|1|0|20|4280|1466|1281|1803|1146|198|68|59|84|53|4738|1684|1340|1887|1199
C021|20|1|0|60|4280|1466|1281|1803|1146|652|223|195|275|175|5192|1839|1476|2078|1321
C021|20|1|0|100|4280|1466|1281|1803|1146|1174|402|352|495|314|5714|2018|1633|2298|1460
C021|20|1|1|0|4310|1476|1290|1816|1154|0|0|0|0|0|4570|1626|1290|1816|1154
C021|20|1|1|4|4310|1476|1290|1816|1154|31|11|9|13|8|4601|1637|1299|1829|1162
C021|20|1|1|20|4310|1476|1290|1816|1154|200|68|60|84|53|4770|1694|1350|1900|1207
C021|20|1|1|60|4310|1476|1290|1816|1154|656|225|196|277|176|5226|1851|1486|2093|1330
C021|20|1|1|100|4310|1476|1290|1816|1154|1183|405|354|498|317|5753|2031|1644|2314|1471
C021|20|1|12|0|4646|1591|1390|1957|1244|0|0|0|0|0|4906|1741|1390|1957|1244
C021|20|1|12|4|4646|1591|1390|1957|1244|33|11|10|14|9|4939|1752|1400|1971|1253
C021|20|1|12|20|4646|1591|1390|1957|1244|215|74|64|91|58|5121|1815|1454|2048|1302
C021|20|1|12|60|4646|1591|1390|1957|1244|708|242|212|298|189|5614|1983|1602|2255|1433
C021|20|1|12|100|4646|1591|1390|1957|1244|1275|437|381|537|341|6181|2178|1771|2494|1585
C021|20|6|0|0|4534|1553|1357|1910|1214|0|0|0|0|0|4794|1703|1357|1910|1214
C021|20|6|0|4|4534|1553|1357|1910|1214|33|11|10|14|9|4827|1714|1367|1924|1223
C021|20|6|0|20|4534|1553|1357|1910|1214|210|72|63|89|56|5004|1775|1420|1999|1270
C021|20|6|0|60|4534|1553|1357|1910|1214|691|237|207|291|185|5485|1940|1564|2201|1399
C021|20|6|0|100|4534|1553|1357|1910|1214|1244|426|372|524|333|6038|2129|1729|2434|1547
C021|20|6|1|0|4564|1563|1366|1923|1222|0|0|0|0|0|4824|1713|1366|1923|1222
C021|20|6|1|4|4564|1563|1366|1923|1222|33|11|10|14|9|4857|1724|1376|1937|1231
C021|20|6|1|20|4564|1563|1366|1923|1222|212|72|63|89|57|5036|1785|1429|2012|1279
C021|20|6|1|60|4564|1563|1366|1923|1222|695|238|208|293|186|5519|1951|1574|2216|1408
C021|20|6|1|100|4564|1563|1366|1923|1222|1252|429|375|528|335|6076|2142|1741|2451|1557
C021|20|6|12|0|4900|1678|1466|2064|1312|0|0|0|0|0|5160|1828|1466|2064|1312
C021|20|6|12|4|4900|1678|1466|2064|1312|35|12|11|15|9|5195|1840|1477|2079|1321
C021|20|6|12|20|4900|1678|1466|2064|1312|227|78|68|96|61|5387|1906|1534|2160|1373
C021|20|6|12|60|4900|1678|1466|2064|1312|746|256|223|314|200|5906|2084|1689|2378|1512
C021|20|6|12|100|4900|1678|1466|2064|1312|1345|460|402|566|360|6505|2288|1868|2630|1672
C021|59|0|0|0|7696|2636|2303|3242|2060|0|0|0|0|0|7956|2786|2303|3242|2060
C021|59|0|0|4|7696|2636|2303|3242|2060|55|19|17|23|15|8011|2805|2320|3265|2075
C021|59|0|0|20|7696|2636|2303|3242|2060|357|122|107|150|96|8313|2908|2410|3392|2156
C021|59|0|0|60|7696|2636|2303|3242|2060|1172|402|351|494|314|9128|3188|2654|3736|2374
C021|59|0|0|100|7696|2636|2303|3242|2060|2112|723|632|890|565|10068|3509|2935|4132|2625
C021|59|0|1|0|7727|2647|2312|3255|2069|0|0|0|0|0|7987|2797|2312|3255|2069
C021|59|0|1|4|7727|2647|2312|3255|2069|56|19|17|23|15|8043|2816|2329|3278|2084
C021|59|0|1|20|7727|2647|2312|3255|2069|358|123|107|151|96|8345|2920|2419|3406|2165
C021|59|0|1|60|7727|2647|2312|3255|2069|1177|403|352|496|315|9164|3200|2664|3751|2384
C021|59|0|1|100|7727|2647|2312|3255|2069|2120|726|634|893|568|10107|3523|2946|4148|2637
C021|59|0|12|0|8062|2761|2412|3396|2158|0|0|0|0|0|8322|2911|2412|3396|2158
C021|59|0|12|4|8062|2761|2412|3396|2158|58|20|17|24|16|8380|2931|2429|3420|2174
C021|59|0|12|20|8062|2761|2412|3396|2158|374|128|112|157|100|8696|3039|2524|3553|2258
C021|59|0|12|60|8062|2761|2412|3396|2158|1228|421|367|517|329|9550|3332|2779|3913|2487
C021|59|0|12|100|8062|2761|2412|3396|2158|2212|758|662|932|592|10534|3669|3074|4328|2750
C021|59|1|0|0|7747|2653|2318|3263|2074|0|0|0|0|0|8007|2803|2318|3263|2074
C021|59|1|0|4|7747|2653|2318|3263|2074|56|19|17|23|15|8063|2822|2335|3286|2089
C021|59|1|0|20|7747|2653|2318|3263|2074|359|123|107|151|96|8366|2926|2425|3414|2170
C021|59|1|0|60|7747|2653|2318|3263|2074|1180|404|353|497|316|9187|3207|2671|3760|2390
C021|59|1|0|100|7747|2653|2318|3263|2074|2126|728|636|895|569|10133|3531|2954|4158|2643
C021|59|1|1|0|7777|2664|2327|3276|2082|0|0|0|0|0|8037|2814|2327|3276|2082
C021|59|1|1|4|7777|2664|2327|3276|2082|56|19|17|24|15|8093|2833|2344|3300|2097
C021|59|1|1|20|7777|2664|2327|3276|2082|361|124|108|152|97|8398|2938|2435|3428|2179
C021|59|1|1|60|7777|2664|2327|3276|2082|1185|406|354|499|317|9222|3220|2681|3775|2399
C021|59|1|1|100|7777|2664|2327|3276|2082|2134|731|639|899|571|10171|3545|2966|4175|2653
C021|59|1|12|0|8113|2779|2427|3418|2172|0|0|0|0|0|8373|2929|2427|3418|2172
C021|59|1|12|4|8113|2779|2427|3418|2172|58|20|17|25|16|8431|2949|2444|3443|2188
C021|59|1|12|20|8113|2779|2427|3418|2172|376|129|113|158|101|8749|3058|2540|3576|2273
C021|59|1|12|60|8113|2779|2427|3418|2172|1236|423|370|521|331|9609|3352|2797|3939|2503
C021|59|1|12|100|8113|2779|2427|3418|2172|2226|763|666|938|596|10599|3692|3093|4356|2768
C021|59|6|0|0|8001|2741|2394|3371|2142|0|0|0|0|0|8261|2891|2394|3371|2142
C021|59|6|0|4|8001|2741|2394|3371|2142|58|20|17|24|15|8319|2911|2411|3395|2157
C021|59|6|0|20|8001|2741|2394|3371|2142|371|127|111|156|99|8632|3018|2505|3527|2241
C021|59|6|0|60|8001|2741|2394|3371|2142|1219|418|365|513|326|9480|3309|2759|3884|2468
C021|59|6|0|100|8001|2741|2394|3371|2142|2195|752|657|925|588|10456|3643|3051|4296|2730
C021|59|6|1|0|8031|2751|2403|3383|2150|0|0|0|0|0|8291|2901|2403|3383|2150
C021|59|6|1|4|8031|2751|2403|3383|2150|58|20|17|24|15|8349|2921|2420|3407|2165
C021|59|6|1|20|8031|2751|2403|3383|2150|372|128|111|157|100|8663|3029|2514|3540|2250
C021|59|6|1|60|8031|2751|2403|3383|2150|1223|419|366|515|327|9514|3320|2769|3898|2477
C021|59|6|1|100|8031|2751|2403|3383|2150|2204|755|659|928|590|10495|3656|3062|4311|2740
C021|59|6|12|0|8367|2866|2503|3525|2240|0|0|0|0|0|8627|3016|2503|3525|2240
C021|59|6|12|4|8367|2866|2503|3525|2240|60|21|18|25|16|8687|3037|2521|3550|2256
C021|59|6|12|20|8367|2866|2503|3525|2240|388|133|116|163|104|9015|3149|2619|3688|2344
C021|59|6|12|60|8367|2866|2503|3525|2240|1274|437|381|537|341|9901|3453|2884|4062|2581
C021|59|6|12|100|8367|2866|2503|3525|2240|2296|786|687|967|615|10923|3802|3190|4492|2855
C021|60|0|0|0|7785|2667|2329|3280|2084|0|0|0|0|0|8045|2817|2329|3280|2084
C021|60|0|0|4|7785|2667|2329|3280|2084|56|19|17|24|15|8101|2836|2346|3304|2099
C021|60|0|0|20|7785|2667|2329|3280|2084|361|124|108|152|97|8406|2941|2437|3432|2181
C021|60|0|0|60|7785|2667|2329|3280|2084|1186|406|355|500|317|9231|3223|2684|3780|2401
C021|60|0|0|100|7785|2667|2329|3280|2084|2136|732|639|900|572|10181|3549|2968|4180|2656
C021|60|0|1|0|7816|2677|2339|3292|2092|0|0|0|0|0|8076|2827|2339|3292|2092
C021|60|0|1|4|7816|2677|2339|3292|2092|56|19|17|24|15|8132|2846|2356|3316|2107
C021|60|0|1|20|7816|2677|2339|3292|2092|362|124|108|153|97|8438|2951|2447|3445|2189
C021|60|0|1|60|7816|2677|2339|3292|2092|1191|408|356|501|319|9267|3235|2695|3793|2411
C021|60|0|1|100|7816|2677|2339|3292|2092|2145|735|642|903|574|10221|3562|2981|4195|2666
C021|60|0|12|0|8151|2792|2439|3434|2182|0|0|0|0|0|8411|2942|2439|3434|2182
C021|60|0|12|4|8151|2792|2439|3434|2182|59|20|18|25|16|8470|2962|2457|3459|2198
C021|60|0|12|20|8151|2792|2439|3434|2182|378|129|113|159|101|8789|3071|2552|3593|2283
C021|60|0|12|60|8151|2792|2439|3434|2182|1242|425|372|523|332|9653|3367|2811|3957|2514
C021|60|0|12|100|8151|2792|2439|3434|2182|2237|766|669|942|599|10648|3708|3108|4376|2781
C021|60|1|0|0|7836|2684|2345|3301|2098|0|0|0|0|0|8096|2834|2345|3301|2098
C021|60|1|0|4|7836|2684|2345|3301|2098|56|19|17|24|15|8152|2853|2362|3325|2113
C021|60|1|0|20|7836|2684|2345|3301|2098|363|124|109|153|97|8459|2958|2454|3454|2195
C021|60|1|0|60|7836|2684|2345|3301|2098|1194|409|357|503|320|9290|3243|2702|3804|2418
C021|60|1|0|100|7836|2684|2345|3301|2098|2150|736|643|906|576|10246|3570|2988|4207|2674
C021|60|1|1|0|7866|2694|2354|3314|2106|0|0|0|0|0|8126|2844|2354|3314|2106
C021|60|1|1|4|7866|2694|2354|3314|2106|57|19|17|24|15|8183|2863|2371|3338|2121
C021|60|1|1|20|7866|2694|2354|3314|2106|365|125|109|154|98|8491|2969|2463|3468|2204
C021|60|1|1|60|7866|2694|2354|3314|2106|1198|410|359|505|321|9324|3254|2713|3819|2427
C021|60|1|1|100|7866|2694|2354|3314|2106|2158|739|646|909|578|10284|3583|3000|4223|2684
C021|60|1|12|0|8202|2809|2454|3455|2196|0|0|0|0|0|8462|2959|2454|3455|2196
C021|60|1|12|4|8202|2809|2454|3455|2196|59|20|18|25|16|8521|2979|2472|3480|2212
C021|60|1|12|20|8202|2809|2454|3455|2196|380|130|114|160|102|8842|3089|2568|3615|2298
C021|60|1|12|60|8202|2809|2454|3455|2196|1249|428|374|526|334|9711|3387|2828|3981|2530
C021|60|1|12|100|8202|2809|2454|3455|2196|2251|771|673|948|603|10713|3730|3127|4403|2799
C021|60|6|0|0|8090|2771|2421|3408|2166|0|0|0|0|0|8350|2921|2421|3408|2166
C021|60|6|0|4|8090|2771|2421|3408|2166|58|20|17|25|16|8408|2941|2438|3433|2182
C021|60|6|0|20|8090|2771|2421|3408|2166|375|128|112|158|100|8725|3049|2533|3566|2266
C021|60|6|0|60|8090|2771|2421|3408|2166|1232|422|369|519|330|9582|3343|2790|3927|2496
C021|60|6|0|100|8090|2771|2421|3408|2166|2220|760|664|935|594|10570|3681|3085|4343|2760
C021|60|6|1|0|8120|2781|2430|3421|2174|0|0|0|0|0|8380|2931|2430|3421|2174
C021|60|6|1|4|8120|2781|2430|3421|2174|58|20|17|25|16|8438|2951|2447|3446|2190
C021|60|6|1|20|8120|2781|2430|3421|2174|376|129|113|159|101|8756|3060|2543|3580|2275
C021|60|6|1|60|8120|2781|2430|3421|2174|1237|424|370|521|331|9617|3355|2800|3942|2505
C021|60|6|1|100|8120|2781|2430|3421|2174|2228|763|667|939|597|10608|3694|3097|4360|2771
C021|60|6|12|0|8456|2896|2530|3562|2264|0|0|0|0|0|8716|3046|2530|3562|2264
C021|60|6|12|4|8456|2896|2530|3562|2264|61|21|18|26|16|8777|3067|2548|3588|2280
C021|60|6|12|20|8456|2896|2530|3562|2264|392|134|117|165|105|9108|3180|2647|3727|2369
C021|60|6|12|60|8456|2896|2530|3562|2264|1288|441|385|543|345|10004|3487|2915|4105|2609
C021|60|6|12|100|8456|2896|2530|3562|2264|2320|795|694|977|621|11036|3841|3224|4539|2885
C022|1|0|0|0|2940|890|780|780|680|0|0|0|0|0|3200|1040|780|780|680
C022|1|0|0|4|2940|890|780|780|680|21|6|6|6|5|3221|1046|786|786|685
C022|1|0|0|20|2940|890|780|780|680|136|41|36|36|32|3336|1081|816|816|712
C022|1|0|0|60|2940|890|780|780|680|448|136|119|119|104|3648|1176|899|899|784
C022|1|0|0|100|2940|890|780|780|680|807|244|214|214|187|4007|1284|994|994|867
C022|1|0|1|0|2975|901|789|789|688|0|0|0|0|0|3235|1051|789|789|688
C022|1|0|1|4|2975|901|789|789|688|21|6|6|6|5|3256|1057|795|795|693
C022|1|0|1|20|2975|901|789|789|688|138|42|37|37|32|3373|1093|826|826|720
C022|1|0|1|60|2975|901|789|789|688|453|137|120|120|105|3688|1188|909|909|793
C022|1|0|1|100|2975|901|789|789|688|816|247|217|217|189|4051|1298|1006|1006|877
C022|1|0|12|0|3363|1018|892|892|778|0|0|0|0|0|3623|1168|892|892|778
C022|1|0|12|4|3363|1018|892|892|778|24|7|6|6|6|3647|1175|898|898|784
C022|1|0|12|20|3363|1018|892|892|778|156|47|41|41|36|3779|1215|933|933|814
C022|1|0|12|60|3363|1018|892|892|778|512|155|136|136|119|4135|1323|1028|1028|897
C022|1|0|12|100|3363|1018|892|892|778|923|279|245|245|213|4546|1447|1137|1137|991
C022|1|1|0|0|2999|908|796|796|694|0|0|0|0|0|3259|1058|796|796|694
C022|1|1|0|4|2999|908|796|796|694|22|7|6|6|5|3281|1065|802|802|699
C022|1|1|0|20|2999|908|796|796|694|139|42|37|37|32|3398|1100|833|833|726
C022|1|1|0|60|2999|908|796|796|694|457|138|121|121|106|3716|1196|917|917|800
C022|1|1|0|100|2999|908|796|796|694|823|249|218|218|190|4082|1307|1014|1014|884
C022|1|1|1|0|3034|918|805|805|702|0|0|0|0|0|3294|1068|805|805|702
C022|1|1|1|4|3034|918|805|805|702|22|7|6|6|5|3316|1075|811|811|707
C022|1|1|1|20|3034|918|805|805|702|141|43|37|37|33|3435|1111|842|842|735
C022|1|1|1|60|3034|918|805|805|702|462|140|123|123|107|3756|1208|928|928|809
C022|1|1|1|100|3034|918|805|805|702|833|252|221|221|193|4127|1320|1026|1026|895
C022|1|1|12|0|3422|1036|908|908|792|0|0|0|0|0|3682|1186|908|908|792
C022|1|1|12|4|3422|1036|908|908|792|25|7|7|7|6|3707|1193|915|915|798
C022|1|1|12|20|3422|1036|908|908|792|159|48|42|42|37|3841|1234|950|950|829
C022|1|1|12|60|3422|1036|908|908|792|521|158|138|138|121|4203|1344|1046|1046|913
C022|1|1|12|100|3422|1036|908|908|792|939|284|249|249|217|4621|1470|1157|1157|1009
C022|1|6|0|0|3293|997|874|874|762|0|0|0|0|0|3553|1147|874|874|762
C022|1|6|0|4|3293|997|874|874|762|24|7|6|6|5|3577|1154|880|880|767
C022|1|6|0|20|3293|997|874|874|762|153|46|41|41|35|3706|1193|915|915|797
C022|1|6|0|60|3293|997|874|874|762|502|152|133|133|116|4055|1299|1007|1007|878
C022|1|6|0|100|3293|997|874|874|762|904|274|240|240|209|4457|1421|1114|1114|971
C022|1|6|1|0|3328|1007|883|883|770|0|0|0|0|0|3588|1157|883|883|770
C022|1|6|1|4|3328|1007|883|883|770|24|7|6|6|6|3612|1164|889|889|776
C022|1|6|1|20|3328|1007|883|883|770|154|47|41|41|36|3742|1204|924|924|806
C022|1|6|1|60|3328|1007|883|883|770|507|153|134|134|117|4095|1310|1017|1017|887
C022|1|6|1|100|3328|1007|883|883|770|913|276|242|242|211|4501|1433|1125|1125|981
C022|1|6|12|0|3716|1125|986|986|860|0|0|0|0|0|3976|1275|986|986|860
C022|1|6|12|4|3716|1125|986|986|860|27|8|7|7|6|4003|1283|993|993|866
C022|1|6|12|20|3716|1125|986|986|860|172|52|46|46|40|4148|1327|1032|1032|900
C022|1|6|12|60|3716|1125|986|986|860|566|171|150|150|131|4542|1446|1136|1136|991
C022|1|6|12|100|3716|1125|986|986|860|1020|309|271|271|236|4996|1584|1257|1257|1096
C022|2|0|0|0|3043|921|807|807|704|0|0|0|0|0|3303|1071|807|807|704
C022|2|0|0|4|3043|921|807|807|704|22|7|6|6|5|3325|1078|813|813|709
C022|2|0|0|20|3043|921|807|807|704|141|43|37|37|33|3444|1114|844|844|737
C022|2|0|0|60|3043|921|807|807|704|464|140|123|123|107|3767|1211|930|930|811
C022|2|0|0|100|3043|921|807|807|704|835|253|221|221|193|4138|1324|1028|1028|897
C022|2|0|1|0|3078|932|817|817|712|0|0|0|0|0|3338|1082|817|817|712
C022|2|0|1|4|3078|932|817|817|712|22|7|6|6|5|3360|1089|823|823|717
C022|2|0|1|20|3078|932|817|817|712|143|43|38|38|33|3481|1125|855|855|745
C022|2|0|1|60|3078|932|817|817|712|469|142|124|124|108|3807|1224|941|941|820
C022|2|0|1|100|3078|932|817|817|712|845|256|224|224|195|4183|1338|1041|1041|907
C022|2|0|12|0|3466|1049|920|920|802|0|0|0|0|0|3726|1199|920|920|802
C022|2|0|12|4|3466|1049|920|920|802|25|8|7|7|6|3751|1207|927|927|808
C022|2|0|12|20|3466|1049|920|920|802|161|49|43|43|37|3887|1248|963|963|839
C022|2|0|12|60|3466|1049|920|920|802|528|160|140|140|122|4254|1359|1060|1060|924
C022|2|0|12|100|3466|1049|920|920|802|951|288|252|252|220|4677|1487|1172|1172|1022
C022|2|1|0|0|3102|939|823|823|717|0|0|0|0|0|3362|1089|823|823|717
C022|2|1|0|4|3102|939|823|823|717|22|7|6|6|5|3384|1096|829|829|722
C022|2|1|0|20|3102|939|823|823|717|144|44|38|38|33|3506|1133|861|861|750
C022|2|1|0|60|3102|939|823|823|717|472|143|125|125|109|3834|1232|948|948|826
C022|2|1|0|100|3102|939|823|823|717|851|258|226|226|197|4213|1347|1049|1049|914
C022|2|1|1|0|3137|950|832|832|726|0|0|0|0|0|3397|1100|832|832|726
C022|2|1|1|4|3137|950|832|832|726|23|7|6|6|5|3420|1107|838|838|731
C022|2|1|1|20|3137|950|832|832|726|145|44|39|39|34|3542|1144|871|871|760
C022|2|1|1|60|3137|950|832|832|726|478|145|127|127|111|3875|1245|959|959|837
C022|2|1|1|100|3137|950|832|832|726|861|261|228|228|199|4258|1361|1060|1060|925
C022|2|1|12|0|3525|1067|935|935|815|0|0|0|0|0|3785|1217|935|935|815
C022|2|1|12|4|3525|1067|935|935|815|25|8|7|7|6|3810|1225|942|942|821
C022|2|1|12|20|3525|1067|935|935|815|163|49|43|43|38|3948|1266|978|978|853
C022|2|1|12|60|3525|1067|935|935|815|537|163|142|142|124|4322|1380|1077|1077|939
C022|2|1|12|100|3525|1067|935|935|815|967|293|257|257|224|4752|1510|1192|1192|1039
C022|2|6|0|0|3396|1028|901|901|785|0|0|0|0|0|3656|1178|901|901|785
C022|2|6|0|4|3396|1028|901|901|785|24|7|6|6|6|3680|1185|907|907|791
C022|2|6|0|20|3396|1028|901|901|785|157|48|42|42|36|3813|1226|943|943|821
C022|2|6|0|60|3396|1028|901|901|785|517|157|137|137|120|4173|1335|1038|1038|905
C022|2|6|0|100|3396|1028|901|901|785|932|282|247|247|215|4588|1460|1148|1148|1000
C022|2|6|1|0|3431|1039|910|910|794|0|0|0|0|0|3691|1189|910|910|794
C022|2|6|1|4|3431|1039|910|910|794|25|7|7|7|6|3716|1196|917|917|800
C022|2|6|1|20|3431|1039|910|910|794|159|48|42|42|37|3850|1237|952|952|831
C022|2|6|1|60|3431|1039|910|910|794|523|158|139|139|121|4214|1347|1049|1049|915
C022|2|6|1|100|3431|1039|910|910|794|941|285|250|250|218|4632|1474|1160|1160|1012
C022|2|6|12|0|3819|1156|1013|1013|883|0|0|0|0|0|4079|1306|1013|1013|883
C022|2|6|12|4|3819|1156|1013|1013|883|27|8|7|7|6|4106|1314|1020|1020|889
C022|2|6|12|20|3819|1156|1013|1013|883|177|54|47|47|41|4256|1360|1060|1060|924
C022|2|6|12|60|3819|1156|1013|1013|883|582|176|154|154|134|4661|1482|1167|1167|1017
C022|2|6|12|100|3819|1156|1013|1013|883|1048|317|278|278|242|5127|1623|1291|1291|1125
C022|20|0|0|0|4895|1482|1299|1299|1132|0|0|0|0|0|5155|1632|1299|1299|1132
C022|20|0|0|4|4895|1482|1299|1299|1132|35|11|9|9|8|5190|1643|1308|1308|1140
C022|20|0|0|20|4895|1482|1299|1299|1132|227|69|60|60|52|5382|1701|1359|1359|1184
C022|20|0|0|60|4895|1482|1299|1299|1132|746|226|198|198|172|5901|1858|1497|1497|1304
C022|20|0|0|100|4895|1482|1299|1299|1132|1343|407|356|356|311|6498|2039|1655|1655|1443
C022|20|0|1|0|4930|1493|1308|1308|1140|0|0|0|0|0|5190|1643|1308|1308|1140
C022|20|0|1|4|4930|1493|1308|1308|1140|35|11|9|9|8|5225|1654|1317|1317|1148
C022|20|0|1|20|4930|1493|1308|1308|1140|229|69|61|61|53|5419|1712|1369|1369|1193
C022|20|0|1|60|4930|1493|1308|1308|1140|751|227|199|199|174|5941|1870|1507|1507|1314
C022|20|0|1|100|4930|1493|1308|1308|1140|1353|410|359|359|313|6543|2053|1667|1667|1453
C022|20|0|12|0|5318|1610|1411|1411|1230|0|0|0|0|0|5578|1760|1411|1411|1230
C022|20|0|12|4|5318|1610|1411|1411|1230|38|12|10|10|9|5616|1772|1421|1421|1239
C022|20|0|12|20|5318|1610|1411|1411|1230|247|75|65|65|57|5825|1835|1476|1476|1287
C022|20|0|12|60|5318|1610|1411|1411|1230|810|245|215|215|187|6388|2005|1626|1626|1417
C022|20|0|12|100|5318|1610|1411|1411|1230|1459|442|387|387|338|7037|2202|1798|1798|1568
C022|20|1|0|0|4954|1500|1314|1314|1146|0|0|0|0|0|5214|1650|1314|1314|1146
C022|20|1|0|4|4954|1500|1314|1314|1146|36|11|9|9|8|5250|1661|1323|1323|1154
C022|20|1|0|20|4954|1500|1314|1314|1146|230|70|61|61|53|5444|1720|1375|1375|1199
C022|20|1|0|60|4954|1500|1314|1314|1146|755|228|200|200|175|5969|1878|1514|1514|1321
C022|20|1|0|100|4954|1500|1314|1314|1146|1359|412|361|361|314|6573|2062|1675|1675|1460
C022|20|1|1|0|4989|1510|1324|1324|1154|0|0|0|0|0|5249|1660|1324|1324|1154
C022|20|1|1|4|4989|1510|1324|1324|1154|36|11|10|10|8|5285|1671|1334|1334|1162
C022|20|1|1|20|4989|1510|1324|1324|1154|231|70|61|61|53|5480|1730|1385|1385|1207
C022|20|1|1|60|4989|1510|1324|1324|1154|760|230|202|202|176|6009|1890|1526|1526|1330
C022|20|1|1|100|4989|1510|1324|1324|1154|1369|414|363|363|317|6618|2074|1687|1687|1471
C022|20|1|12|0|5377|1628|1427|1427|1244|0|0|0|0|0|5637|1778|1427|1427|1244
C022|20|1|12|4|5377|1628|1427|1427|1244|39|12|10|10|9|5676|1790|1437|1437|1253
C022|20|1|12|20|5377|1628|1427|1427|1244|249|75|66|66|58|5886|1853|1493|1493|1302
C022|20|1|12|60|5377|1628|1427|1427|1244|819|248|217|217|189|6456|2026|1644|1644|1433
C022|20|1|12|100|5377|1628|1427|1427|1244|1475|447|392|392|341|7112|2225|1819|1819|1585
C022|20|6|0|0|5248|1589|1392|1392|1214|0|0|0|0|0|5508|1739|1392|1392|1214
C022|20|6|0|4|5248|1589|1392|1392|1214|38|11|10|10|9|5546|1750|1402|1402|1223
C022|20|6|0|20|5248|1589|1392|1392|1214|243|74|65|65|56|5751|1813|1457|1457|1270
C022|20|6|0|60|5248|1589|1392|1392|1214|799|242|212|212|185|6307|1981|1604|1604|1399
C022|20|6|0|100|5248|1589|1392|1392|1214|1440|436|382|382|333|6948|2175|1774|1774|1547
C022|20|6|1|0|5283|1599|1402|1402|1222|0|0|0|0|0|5543|1749|1402|1402|1222
C022|20|6|1|4|5283|1599|1402|1402|1222|38|12|10|10|9|5581|1761|1412|1412|1231
C022|20|6|1|20|5283|1599|1402|1402|1222|245|74|65|65|57|5788|1823|1467|1467|1279
C022|20|6|1|60|5283|1599|1402|1402|1222|805|244|214|214|186|6348|1993|1616|1616|1408
C022|20|6|1|100|5283|1599|1402|1402|1222|1450|439|385|385|335|6993|2188|1787|1787|1557
C022|20|6|12|0|5671|1717|1505|1505|1312|0|0|0|0|0|5931|1867|1505|1505|1312
C022|20|6|12|4|5671|1717|1505|1505|1312|41|12|11|11|9|5972|1879|1516|1516|1321
C022|20|6|12|20|5671|1717|1505|1505|1312|263|80|70|70|61|6194|1947|1575|1575|1373
C022|20|6|12|60|5671|1717|1505|1505|1312|864|262|229|229|200|6795|2129|1734|1734|1512
C022|20|6|12|100|5671|1717|1505|1505|1312|1556|471|413|413|360|7487|2338|1918|1918|1672
C022|59|0|0|0|8908|2697|2363|2363|2060|0|0|0|0|0|9168|2847|2363|2363|2060
C022|59|0|0|4|8908|2697|2363|2363|2060|64|19|17|17|15|9232|2866|2380|2380|2075
C022|59|0|0|20|8908|2697|2363|2363|2060|413|125|110|110|96|9581|2972|2473|2473|2156
C022|59|0|0|60|8908|2697|2363|2363|2060|1357|411|360|360|314|10525|3258|2723|2723|2374
C022|59|0|0|100|8908|2697|2363|2363|2060|2444|740|648|648|565|11612|3587|3011|3011|2625
C022|59|0|1|0|8943|2707|2373|2373|2069|0|0|0|0|0|9203|2857|2373|2373|2069
C022|59|0|1|4|8943|2707|2373|2373|2069|64|19|17|17|15|9267|2876|2390|2390|2084
C022|59|0|1|20|8943|2707|2373|2373|2069|415|125|110|110|96|9618|2982|2483|2483|2165
C022|59|0|1|60|8943|2707|2373|2373|2069|1362|412|361|361|315|10565|3269|2734|2734|2384
C022|59|0|1|100|8943|2707|2373|2373|2069|2454|743|651|651|568|11657|3600|3024|3024|2637
C022|59|0|12|0|9332|2825|2476|2476|2158|0|0|0|0|0|9592|2975|2476|2476|2158
C022|59|0|12|4|9332|2825|2476|2476|2158|67|20|18|18|16|9659|2995|2494|2494|2174
C022|59|0|12|20|9332|2825|2476|2476|2158|433|131|115|115|100|10025|3106|2591|2591|2258
C022|59|0|12|60|9332|2825|2476|2476|2158|1421|430|377|377|329|11013|3405|2853|2853|2487
C022|59|0|12|100|9332|2825|2476|2476|2158|2561|775|679|679|592|12153|3750|3155|3155|2750
C022|59|1|0|0|8967|2714|2379|2379|2074|0|0|0|0|0|9227|2864|2379|2379|2074
C022|59|1|0|4|8967|2714|2379|2379|2074|65|20|17|17|15|9292|2884|2396|2396|2089
C022|59|1|0|20|8967|2714|2379|2379|2074|416|126|110|110|96|9643|2990|2489|2489|2170
C022|59|1|0|60|8967|2714|2379|2379|2074|1366|413|362|362|316|10593|3277|2741|2741|2390
C022|59|1|0|100|8967|2714|2379|2379|2074|2461|745|653|653|569|11688|3609|3032|3032|2643
C022|59|1|1|0|9002|2725|2388|2388|2082|0|0|0|0|0|9262|2875|2388|2388|2082
C022|59|1|1|4|9002|2725|2388|2388|2082|65|20|17|17|15|9327|2895|2405|2405|2097
C022|59|1|1|20|9002|2725|2388|2388|2082|417|126|111|111|97|9679|3001|2499|2499|2179
C022|59|1|1|60|9002|2725|2388|2388|2082|1371|415|364|364|317|10633|3290|2752|2752|2399
C022|59|1|1|100|9002|2725|2388|2388|2082|2470|748|655|655|571|11732|3623|3043|3043|2653
C022|59|1|12|0|9390|2843|2491|2491|2172|0|0|0|0|0|9650|2993|2491|2491|2172
C022|59|1|12|4|9390|2843|2491|2491|2172|68|20|18|18|16|9718|3013|2509|2509|2188
C022|59|1|12|20|9390|2843|2491|2491|2172|435|132|115|115|101|10085|3125|2606|2606|2273
C022|59|1|12|60|9390|2843|2491|2491|2172|1430|433|379|379|331|11080|3426|2870|2870|2503
C022|59|1|12|100|9390|2843|2491|2491|2172|2577|780|684|684|596|12227|3773|3175|3175|2768
C022|59|6|0|0|9261|2804|2457|2457|2142|0|0|0|0|0|9521|2954|2457|2457|2142
C022|59|6|0|4|9261|2804|2457|2457|2142|67|20|18|18|15|9588|2974|2475|2475|2157
C022|59|6|0|20|9261|2804|2457|2457|2142|429|130|114|114|99|9950|3084|2571|2571|2241
C022|59|6|0|60|9261|2804|2457|2457|2142|1411|427|374|374|326|10932|3381|2831|2831|2468
C022|59|6|0|100|9261|2804|2457|2457|2142|2541|769|674|674|588|12062|3723|3131|3131|2730
C022|59|6|1|0|9296|2814|2466|2466|2150|0|0|0|0|0|9556|2964|2466|2466|2150
C022|59|6|1|4|9296|2814|2466|2466|2150|67|20|18|18|15|9623|2984|2484|2484|2165
C022|59|6|1|20|9296|2814|2466|2466|2150|431|130|114|114|100|9987|3094|2580|2580|2250
C022|59|6|1|60|9296|2814|2466|2466|2150|1416|429|376|376|327|10972|3393|2842|2842|2477
C022|59|6|1|100|9296|2814|2466|2466|2150|2551|772|677|677|590|12107|3736|3143|3143|2740
C022|59|6|12|0|9684|2932|2569|2569|2240|0|0|0|0|0|9944|3082|2569|2569|2240
C022|59|6|12|4|9684|2932|2569|2569|2240|70|21|18|18|16|10014|3103|2587|2587|2256
C022|59|6|12|20|9684|2932|2569|2569|2240|449|136|119|119|104|10393|3218|2688|2688|2344
C022|59|6|12|60|9684|2932|2569|2569|2240|1475|447|391|391|341|11419|3529|2960|2960|2581
C022|59|6|12|100|9684|2932|2569|2569|2240|2657|805|705|705|615|12601|3887|3274|3274|2855
C022|60|0|0|0|9011|2728|2391|2391|2084|0|0|0|0|0|9271|2878|2391|2391|2084
C022|60|0|0|4|9011|2728|2391|2391|2084|65|20|17|17|15|9336|2898|2408|2408|2099
C022|60|0|0|20|9011|2728|2391|2391|2084|418|126|111|111|97|9689|3004|2502|2502|2181
C022|60|0|0|60|9011|2728|2391|2391|2084|1373|416|364|364|317|10644|3294|2755|2755|2401
C022|60|0|0|100|9011|2728|2391|2391|2084|2473|749|656|656|572|11744|3627|3047|3047|2656
C022|60|0|1|0|9046|2739|2400|2400|2092|0|0|0|0|0|9306|2889|2400|2400|2092
C022|60|0|1|4|9046|2739|2400|2400|2092|65|20|17|17|15|9371|2909|2417|2417|2107
C022|60|0|1|20|9046|2739|2400|2400|2092|419|127|111|111|97|9725|3016|2511|2511|2189
C022|60|0|1|60|9046|2739|2400|2400|2092|1378|417|366|366|319|10684|3306|2766|2766|2411
C022|60|0|1|100|9046|2739|2400|2400|2092|2482|752|659|659|574|11788|3641|3059|3059|2666
C022|60|0|12|0|9434|2856|2503|2503|2182|0|0|0|0|0|9694|3006|2503|2503|2182
C022|60|0|12|4|9434|2856|2503|2503|2182|68|21|18|18|16|9762|3027|2521|2521|2198
C022|60|0|12|20|9434|2856|2503|2503|2182|437|132|116|116|101|10131|3138|2619|2619|2283
C022|60|0|12|60|9434|2856|2503|2503|2182|1437|435|381|381|332|11131|3441|2884|2884|2514
C022|60|0|12|100|9434|2856|2503|2503|2182|2589|784|687|687|599|12283|3790|3190|3190|2781
C022|60|1|0|0|9070|2746|2406|2406|2098|0|0|0|0|0|9330|2896|2406|2406|2098
C022|60|1|0|4|9070|2746|2406|2406|2098|65|20|17|17|15|9395|2916|2423|2423|2113
C022|60|1|0|20|9070|2746|2406|2406|2098|420|127|112|112|97|9750|3023|2518|2518|2195
C022|60|1|0|60|9070|2746|2406|2406|2098|1382|418|366|366|320|10712|3314|2772|2772|2418
C022|60|1|0|100|9070|2746|2406|2406|2098|2489|754|660|660|576|11819|3650|3066|3066|2674
C022|60|1|1|0|9105|2756|2416|2416|2106|0|0|0|0|0|9365|2906|2416|2416|2106
C022|60|1|1|4|9105|2756|2416|2416|2106|66|20|17|17|15|9431|2926|2433|2433|2121
C022|60|1|1|20|9105|2756|2416|2416|2106|422|128|112|112|98|9787|3034|2528|2528|2204
C022|60|1|1|60|9105|2756|2416|2416|2106|1387|420|368|368|321|10752|3326|2784|2784|2427
C022|60|1|1|100|9105|2756|2416|2416|2106|2498|756|663|663|578|11863|3662|3079|3079|2684
C022|60|1|12|0|9493|2874|2519|2519|2196|0|0|0|0|0|9753|3024|2519|2519|2196
C022|60|1|12|4|9493|2874|2519|2519|2196|68|21|18|18|16|9821|3045|2537|2537|2212
C022|60|1|12|20|9493|2874|2519|2519|2196|440|133|117|117|102|10193|3157|2636|2636|2298
C022|60|1|12|60|9493|2874|2519|2519|2196|1446|438|384|384|334|11199|3462|2903|2903|2530
C022|60|1|12|100|9493|2874|2519|2519|2196|2605|789|691|691|603|12358|3813|3210|3210|2799
C022|60|6|0|0|9364|2835|2484|2484|2166|0|0|0|0|0|9624|2985|2484|2484|2166
C022|60|6|0|4|9364|2835|2484|2484|2166|67|20|18|18|16|9691|3005|2502|2502|2182
C022|60|6|0|20|9364|2835|2484|2484|2166|434|131|115|115|100|10058|3116|2599|2599|2266
C022|60|6|0|60|9364|2835|2484|2484|2166|1426|432|378|378|330|11050|3417|2862|2862|2496
C022|60|6|0|100|9364|2835|2484|2484|2166|2569|778|682|682|594|12193|3763|3166|3166|2760
C022|60|6|1|0|9399|2845|2494|2494|2174|0|0|0|0|0|9659|2995|2494|2494|2174
C022|60|6|1|4|9399|2845|2494|2494|2174|68|20|18|18|16|9727|3015|2512|2512|2190
C022|60|6|1|20|9399|2845|2494|2494|2174|436|132|116|116|101|10095|3127|2610|2610|2275
C022|60|6|1|60|9399|2845|2494|2494|2174|1432|433|380|380|331|11091|3428|2874|2874|2505
C022|60|6|1|100|9399|2845|2494|2494|2174|2579|781|684|684|597|12238|3776|3178|3178|2771
C022|60|6|12|0|9787|2963|2597|2597|2264|0|0|0|0|0|10047|3113|2597|2597|2264
C022|60|6|12|4|9787|2963|2597|2597|2264|70|21|19|19|16|10117|3134|2616|2616|2280
C022|60|6|12|20|9787|2963|2597|2597|2264|454|137|120|120|105|10501|3250|2717|2717|2369
C022|60|6|12|60|9787|2963|2597|2597|2264|1491|451|396|396|345|11538|3564|2993|2993|2609
C022|60|6|12|100|9787|2963|2597|2597|2264|2686|813|713|713|621|12733|3926|3310|3310|2885
C023|1|0|0|0|2160|1190|620|940|850|0|0|0|0|0|2420|1340|620|940|850
C023|1|0|0|4|2160|1190|620|940|850|16|9|4|7|6|2436|1349|624|947|856
C023|1|0|0|20|2160|1190|620|940|850|100|55|29|44|39|2520|1395|649|984|889
C023|1|0|0|60|2160|1190|620|940|850|329|181|94|143|129|2749|1521|714|1083|979
C023|1|0|0|100|2160|1190|620|940|850|593|327|170|258|233|3013|1667|790|1198|1083
C023|1|0|1|0|2186|1204|627|951|860|0|0|0|0|0|2446|1354|627|951|860
C023|1|0|1|4|2186|1204|627|951|860|16|9|5|7|6|2462|1363|632|958|866
C023|1|0|1|20|2186|1204|627|951|860|101|56|29|44|40|2547|1410|656|995|900
C023|1|0|1|60|2186|1204|627|951|860|333|183|96|145|131|2779|1537|723|1096|991
C023|1|0|1|100|2186|1204|627|951|860|600|330|172|261|236|3046|1684|799|1212|1096
C023|1|0|12|0|2471|1361|709|1075|972|0|0|0|0|0|2731|1511|709|1075|972
C023|1|0|12|4|2471|1361|709|1075|972|18|10|5|8|7|2749|1521|714|1083|979
C023|1|0|12|20|2471|1361|709|1075|972|115|63|33|50|45|2846|1574|742|1125|1017
C023|1|0|12|60|2471|1361|709|1075|972|376|207|108|164|148|3107|1718|817|1239|1120
C023|1|0|12|100|2471|1361|709|1075|972|678|373|195|295|267|3409|1884|904|1370|1239
C023|1|1|0|0|2203|1214|632|959|867|0|0|0|0|0|2463|1364|632|959|867
C023|1|1|0|4|2203|1214|632|959|867|16|9|5|7|6|2479|1373|637|966|873
C023|1|1|0|20|2203|1214|632|959|867|102|56|29|44|40|2565|1420|661|1003|907
C023|1|1|0|60|2203|1214|632|959|867|336|185|96|146|132|2799|1549|728|1105|999
C023|1|1|0|100|2203|1214|632|959|867|605|333|173|263|238|3068|1697|805|1222|1105
C023|1|1|1|0|2229|1228|640|970|877|0|0|0|0|0|2489|1378|640|970|877
C023|1|1|1|4|2229|1228|640|970|877|16|9|5|7|6|2505|1387|645|977|883
C023|1|1|1|20|2229|1228|640|970|877|103|57|30|45|41|2592|1435|670|1015|918
C023|1|1|1|60|2229|1228|640|970|877|340|187|97|148|134|2829|1565|737|1118|1011
C023|1|1|1|100|2229|1228|640|970|877|612|337|176|266|241|3101|1715|816|1236|1118
C023|1|1|12|0|2514|1385|722|1094|989|0|0|0|0|0|2774|1535|722|1094|989
C023|1|1|12|4|2514|1385|722|1094|989|18|10|5|8|7|2792|1545|727|1102|996
C023|1|1|12|20|2514|1385|722|1094|989|117|64|33|51|46|2891|1599|755|1145|1035
C023|1|1|12|60|2514|1385|722|1094|989|383|211|110|167|151|3157|1746|832|1261|1140
C023|1|1|12|100|2514|1385|722|1094|989|690|380|198|300|271|3464|1915|920|1394|1260
C023|1|6|0|0|2419|1333|694|1053|952|0|0|0|0|0|2679|1483|694|1053|952
C023|1|6|0|4|2419|1333|694|1053|952|17|10|5|8|7|2696|1493|699|1061|959
C023|1|6|0|20|2419|1333|694|1053|952|112|62|32|49|44|2791|1545|726|1102|996
C023|1|6|0|60|2419|1333|694|1053|952|368|203|106|160|145|3047|1686|800|1213|1097
C023|1|6|0|100|2419|1333|694|1053|952|664|366|190|289|261|3343|1849|884|1342|1213
C023|1|6|1|0|2445|1347|702|1064|962|0|0|0|0|0|2705|1497|702|1064|962
C023|1|6|1|4|2445|1347|702|1064|962|18|10|5|8|7|2723|1507|707|1072|969
C023|1|6|1|20|2445|1347|702|1064|962|113|62|33|49|45|2818|1559|735|1113|1007
C023|1|6|1|60|2445|1347|702|1064|962|372|205|107|162|147|3077|1702|809|1226|1109
C023|1|6|1|100|2445|1347|702|1064|962|671|370|193|292|264|3376|1867|895|1356|1226
C023|1|6|12|0|2730|1504|784|1188|1074|0|0|0|0|0|2990|1654|784|1188|1074
C023|1|6|12|4|2730|1504|784|1188|1074|20|11|6|9|8|3010|1665|790|1197|1082
C023|1|6|12|20|2730|1504|784|1188|1074|127|70|36|55|50|3117|1724|820|1243|1124
C023|1|6|12|60|2730|1504|784|1188|1074|416|229|119|181|164|3406|1883|903|1369|1238
C023|1|6|12|100|2730|1504|784|1188|1074|749|413|215|326|295|3739|2067|999|1514|1369
C023|2|0|0|0|2236|1232|642|973|880|0|0|0|0|0|2496|1382|642|973|880
C023|2|0|0|4|2236|1232|642|973|880|16|9|5|7|6|2512|1391|647|980|886
C023|2|0|0|20|2236|1232|642|973|880|104|57|30|45|41|2600|1439|672|1018|921
C023|2|0|0|60|2236|1232|642|973|880|341|188|98|148|134|2837|1570|740|1121|1014
C023|2|0|0|100|2236|1232|642|973|880|614|338|176|267|241|3110|1720|818|1240|1121
C023|2|0|1|0|2262|1246|649|984|890|0|0|0|0|0|2522|1396|649|984|890
C023|2|0|1|4|2262|1246|649|984|890|16|9|5|7|6|2538|1405|654|991|896
C023|2|0|1|20|2262|1246|649|984|890|105|58|30|46|41|2627|1454|679|1030|931
C023|2|0|1|60|2262|1246|649|984|890|345|190|99|150|136|2867|1586|748|1134|1026
C023|2|0|1|100|2262|1246|649|984|890|621|342|178|270|244|3143|1738|827|1254|1134
C023|2|0|12|0|2547|1403|731|1108|1002|0|0|0|0|0|2807|1553|731|1108|1002
C023|2|0|12|4|2547|1403|731|1108|1002|18|10|5|8|7|2825|1563|736|1116|1009
C023|2|0|12|20|2547|1403|731|1108|1002|118|65|34|51|46|2925|1618|765|1159|1048
C023|2|0|12|60|2547|1403|731|1108|1002|388|214|111|169|153|3195|1767|842|1277|1155
C023|2|0|12|100|2547|1403|731|1108|1002|699|385|201|304|275|3506|1938|932|1412|1277
C023|2|1|0|0|2279|1255|654|992|897|0|0|0|0|0|2539|1405|654|992|897
C023|2|1|0|4|2279|1255|654|992|897|16|9|5|7|6|2555|1414|659|999|903
C023|2|1|0|20|2279|1255|654|992|897|106|58|30|46|42|2645|1463|684|1038|939
C023|2|1|0|60|2279|1255|654|992|897|347|191|100|151|137|2886|1596|754|1143|1034
C023|2|1|0|100|2279|1255|654|992|897|625|344|179|272|246|3164|1749|833|1264|1143
C023|2|1|1|0|2305|1270|662|1003|907|0|0|0|0|0|2565|1420|662|1003|907
C023|2|1|1|4|2305|1270|662|1003|907|17|9|5|7|7|2582|1429|667|1010|914
C023|2|1|1|20|2305|1270|662|1003|907|107|59|31|46|42|2672|1479|693|1049|949
C023|2|1|1|60|2305|1270|662|1003|907|351|193|101|153|138|2916|1613|763|1156|1045
C023|2|1|1|100|2305|1270|662|1003|907|632|348|182|275|249|3197|1768|844|1278|1156
C023|2|1|12|0|2590|1427|743|1127|1019|0|0|0|0|0|2850|1577|743|1127|1019
C023|2|1|12|4|2590|1427|743|1127|1019|19|10|5|8|7|2869|1587|748|1135|1026
C023|2|1|12|20|2590|1427|743|1127|1019|120|66|34|52|47|2970|1643|777|1179|1066
C023|2|1|12|60|2590|1427|743|1127|1019|395|217|113|172|155|3245|1794|856|1299|1174
C023|2|1|12|100|2590|1427|743|1127|1019|711|392|204|309|280|3561|1969|947|1436|1299
C023|2|6|0|0|2495|1374|716|1086|982|0|0|0|0|0|2755|1524|716|1086|982
C023|2|6|0|4|2495|1374|716|1086|982|18|10|5|8|7|2773|1534|721|1094|989
C023|2|6|0|20|2495|1374|716|1086|982|116|64|33|50|46|2871|1588|749|1136|1028
C023|2|6|0|60|2495|1374|716|1086|982|380|209|109|165|150|3135|1733|825|1251|1132
C023|2|6|0|100|2495|1374|716|1086|982|685|377|196|298|269|3440|1901|912|1384|1251
C023|2|6|1|0|2521|1389|724|1097|992|0|0|0|0|0|2781|1539|724|1097|992
C023|2|6|1|4|2521|1389|724|1097|992|18|10|5|8|7|2799|1549|729|1105|999
C023|2|6|1|20|2521|1389|724|1097|992|117|64|34|51|46|2898|1603|758|1148|1038
C023|2|6|1|60|2521|1389|724|1097|992|384|212|110|167|151|3165|1751|834|1264|1143
C023|2|6|1|100|2521|1389|724|1097|992|692|381|199|301|272|3473|1920|923|1398|1264
C023|2|6|12|0|2806|1546|805|1221|1104|0|0|0|0|0|3066|1696|805|1221|1104
C023|2|6|12|4|2806|1546|805|1221|1104|20|11|6|9|8|3086|1707|811|1230|1112
C023|2|6|12|20|2806|1546|805|1221|1104|130|72|37|57|51|3196|1768|842|1278|1155
C023|2|6|12|60|2806|1546|805|1221|1104|427|235|123|186|168|3493|1931|928|1407|1272
C023|2|6|12|100|2806|1546|805|1221|1104|770|424|221|335|303|3836|2120|1026|1556|1407
C023|20|0|0|0|3596|1981|1032|1565|1415|0|0|0|0|0|3856|2131|1032|1565|1415
C023|20|0|0|4|3596|1981|1032|1565|1415|26|14|7|11|10|3882|2145|1039|1576|1425
C023|20|0|0|20|3596|1981|1032|1565|1415|167|92|48|73|66|4023|2223|1080|1638|1481
C023|20|0|0|60|3596|1981|1032|1565|1415|548|302|157|238|216|4404|2433|1189|1803|1631
C023|20|0|0|100|3596|1981|1032|1565|1415|987|544|283|429|388|4843|2675|1315|1994|1803
C023|20|0|1|0|3622|1996|1040|1576|1425|0|0|0|0|0|3882|2146|1040|1576|1425
C023|20|0|1|4|3622|1996|1040|1576|1425|26|14|7|11|10|3908|2160|1047|1587|1435
C023|20|0|1|20|3622|1996|1040|1576|1425|168|93|48|73|66|4050|2239|1088|1649|1491
C023|20|0|1|60|3622|1996|1040|1576|1425|552|304|158|240|217|4434|2450|1198|1816|1642
C023|20|0|1|100|3622|1996|1040|1576|1425|994|548|285|432|391|4876|2694|1325|2008|1816
C023|20|0|12|0|3907|2153|1122|1700|1538|0|0|0|0|0|4167|2303|1122|1700|1538
C023|20|0|12|4|3907|2153|1122|1700|1538|28|16|8|12|11|4195|2319|1130|1712|1549
C023|20|0|12|20|3907|2153|1122|1700|1538|181|100|52|79|71|4348|2403|1174|1779|1609
C023|20|0|12|60|3907|2153|1122|1700|1538|595|328|171|259|234|4762|2631|1293|1959|1772
C023|20|0|12|100|3907|2153|1122|1700|1538|1072|591|308|466|422|5239|2894|1430|2166|1960
C023|20|1|0|0|3640|2005|1045|1584|1432|0|0|0|0|0|3900|2155|1045|1584|1432
C023|20|1|0|4|3640|2005|1045|1584|1432|26|14|8|11|10|3926|2169|1053|1595|1442
C023|20|1|0|20|3640|2005|1045|1584|1432|169|93|48|73|66|4069|2248|1093|1657|1498
C023|20|1|0|60|3640|2005|1045|1584|1432|554|305|159|241|218|4454|2460|1204|1825|1650
C023|20|1|0|100|3640|2005|1045|1584|1432|999|550|287|435|393|4899|2705|1332|2019|1825
C023|20|1|1|0|3666|2019|1052|1595|1442|0|0|0|0|0|3926|2169|1052|1595|1442
C023|20|1|1|4|3666|2019|1052|1595|1442|26|15|8|11|10|3952|2184|1060|1606|1452
C023|20|1|1|20|3666|2019|1052|1595|1442|170|94|49|74|67|4096|2263|1101|1669|1509
C023|20|1|1|60|3666|2019|1052|1595|1442|558|308|160|243|220|4484|2477|1212|1838|1662
C023|20|1|1|100|3666|2019|1052|1595|1442|1006|554|289|438|396|4932|2723|1341|2033|1838
C023|20|1|12|0|3951|2177|1134|1719|1555|0|0|0|0|0|4211|2327|1134|1719|1555
C023|20|1|12|4|3951|2177|1134|1719|1555|28|16|8|12|11|4239|2343|1142|1731|1566
C023|20|1|12|20|3951|2177|1134|1719|1555|183|101|53|80|72|4394|2428|1187|1799|1627
C023|20|1|12|60|3951|2177|1134|1719|1555|602|332|173|262|237|4813|2659|1307|1981|1792
C023|20|1|12|100|3951|2177|1134|1719|1555|1084|597|311|472|427|5295|2924|1445|2191|1982
C023|20|6|0|0|3856|2124|1107|1678|1517|0|0|0|0|0|4116|2274|1107|1678|1517
C023|20|6|0|4|3856|2124|1107|1678|1517|28|15|8|12|11|4144|2289|1115|1690|1528
C023|20|6|0|20|3856|2124|1107|1678|1517|179|98|51|78|70|4295|2372|1158|1756|1587
C023|20|6|0|60|3856|2124|1107|1678|1517|587|324|169|256|231|4703|2598|1276|1934|1748
C023|20|6|0|100|3856|2124|1107|1678|1517|1058|583|304|460|416|5174|2857|1411|2138|1933
C023|20|6|1|0|3882|2138|1114|1689|1527|0|0|0|0|0|4142|2288|1114|1689|1527
C023|20|6|1|4|3882|2138|1114|1689|1527|28|15|8|12|11|4170|2303|1122|1701|1538
C023|20|6|1|20|3882|2138|1114|1689|1527|180|99|52|78|71|4322|2387|1166|1767|1598
C023|20|6|1|60|3882|2138|1114|1689|1527|591|326|170|257|233|4733|2614|1284|1946|1760
C023|20|6|1|100|3882|2138|1114|1689|1527|1065|587|306|463|419|5207|2875|1420|2152|1946
C023|20|6|12|0|4167|2296|1196|1813|1640|0|0|0|0|0|4427|2446|1196|1813|1640
C023|20|6|12|4|4167|2296|1196|1813|1640|30|17|9|13|12|4457|2463|1205|1826|1652
C023|20|6|12|20|4167|2296|1196|1813|1640|193|106|55|84|76|4620|2552|1251|1897|1716
C023|20|6|12|60|4167|2296|1196|1813|1640|635|350|182|276|250|5062|2796|1378|2089|1890
C023|20|6|12|100|4167|2296|1196|1813|1640|1143|630|328|497|450|5570|3076|1524|2310|2090
C023|59|0|0|0|6545|3606|1879|2848|2575|0|0|0|0|0|6805|3756|1879|2848|2575
C023|59|0|0|4|6545|3606|1879|2848|2575|47|26|14|21|19|6852|3782|1893|2869|2594
C023|59|0|0|20|6545|3606|1879|2848|2575|303|167|87|132|119|7108|3923|1966|2980|2694
C023|59|0|0|60|6545|3606|1879|2848|2575|997|549|286|434|392|7802|4305|2165|3282|2967
C023|59|0|0|100|6545|3606|1879|2848|2575|1796|989|516|781|707|8601|4745|2395|3629|3282
C023|59|0|1|0|6571|3620|1886|2859|2586|0|0|0|0|0|6831|3770|1886|2859|2586
C023|59|0|1|4|6571|3620|1886|2859|2586|47|26|14|21|19|6878|3796|1900|2880|2605
C023|59|0|1|20|6571|3620|1886|2859|2586|305|168|87|133|120|7136|3938|1973|2992|2706
C023|59|0|1|60|6571|3620|1886|2859|2586|1001|551|287|435|394|7832|4321|2173|3294|2980
C023|59|0|1|100|6571|3620|1886|2859|2586|1803|993|518|785|710|8634|4763|2404|3644|3296
C023|59|0|12|0|6856|3777|1968|2984|2698|0|0|0|0|0|7116|3927|1968|2984|2698
C023|59|0|12|4|6856|3777|1968|2984|2698|49|27|14|21|19|7165|3954|1982|3005|2717
C023|59|0|12|20|6856|3777|1968|2984|2698|318|175|91|138|125|7434|4102|2059|3122|2823
C023|59|0|12|60|6856|3777|1968|2984|2698|1044|575|300|455|411|8160|4502|2268|3439|3109
C023|59|0|12|100|6856|3777|1968|2984|2698|1881|1036|540|819|740|8997|4963|2508|3803|3438
C023|59|1|0|0|6588|3629|1891|2867|2592|0|0|0|0|0|6848|3779|1891|2867|2592
C023|59|1|0|4|6588|3629|1891|2867|2592|47|26|14|21|19|6895|3805|1905|2888|2611
C023|59|1|0|20|6588|3629|1891|2867|2592|305|168|88|133|120|7153|3947|1979|3000|2712
C023|59|1|0|60|6588|3629|1891|2867|2592|1003|553|288|437|395|7851|4332|2179|3304|2987
C023|59|1|0|100|6588|3629|1891|2867|2592|1808|996|519|787|711|8656|4775|2410|3654|3303
C023|59|1|1|0|6614|3644|1898|2878|2603|0|0|0|0|0|6874|3794|1898|2878|2603
C023|59|1|1|4|6614|3644|1898|2878|2603|48|26|14|21|19|6922|3820|1912|2899|2622
C023|59|1|1|20|6614|3644|1898|2878|2603|307|169|88|133|121|7181|3963|1986|3011|2724
C023|59|1|1|60|6614|3644|1898|2878|2603|1007|555|289|438|396|7881|4349|2187|3316|2999
C023|59|1|1|100|6614|3644|1898|2878|2603|1815|1000|521|790|714|8689|4794|2419|3668|3317
C023|59|1|12|0|6899|3801|1980|3002|2715|0|0|0|0|0|7159|3951|1980|3002|2715
C023|59|1|12|4|6899|3801|1980|3002|2715|50|27|14|22|20|7209|3978|1994|3024|2735
C023|59|1|12|20|6899|3801|1980|3002|2715|320|176|92|139|126|7479|4127|2072|3141|2841
C023|59|1|12|60|6899|3801|1980|3002|2715|1051|579|302|457|414|8210|4530|2282|3459|3129
C023|59|1|12|100|6899|3801|1980|3002|2715|1893|1043|543|824|745|9052|4994|2523|3826|3460
C023|59|6|0|0|6804|3749|1953|2961|2678|0|0|0|0|0|7064|3899|1953|2961|2678
C023|59|6|0|4|6804|3749|1953|2961|2678|49|27|14|21|19|7113|3926|1967|2982|2697
C023|59|6|0|20|6804|3749|1953|2961|2678|315|174|91|137|124|7379|4073|2044|3098|2802
C023|59|6|0|60|6804|3749|1953|2961|2678|1036|571|297|451|408|8100|4470|2250|3412|3086
C023|59|6|0|100|6804|3749|1953|2961|2678|1867|1029|536|812|735|8931|4928|2489|3773|3413
C023|59|6|1|0|6830|3763|1960|2972|2688|0|0|0|0|0|7090|3913|1960|2972|2688
C023|59|6|1|4|6830|3763|1960|2972|2688|49|27|14|21|19|7139|3940|1974|2993|2707
C023|59|6|1|20|6830|3763|1960|2972|2688|317|174|91|138|125|7407|4087|2051|3110|2813
C023|59|6|1|60|6830|3763|1960|2972|2688|1040|573|299|453|409|8130|4486|2259|3425|3097
C023|59|6|1|100|6830|3763|1960|2972|2688|1874|1033|538|816|738|8964|4946|2498|3788|3426
C023|59|6|12|0|7115|3920|2042|3096|2800|0|0|0|0|0|7375|4070|2042|3096|2800
C023|59|6|12|4|7115|3920|2042|3096|2800|51|28|15|22|20|7426|4098|2057|3118|2820
C023|59|6|12|20|7115|3920|2042|3096|2800|330|182|95|144|130|7705|4252|2137|3240|2930
C023|59|6|12|60|7115|3920|2042|3096|2800|1084|597|311|472|426|8459|4667|2353|3568|3226
C023|59|6|12|100|7115|3920|2042|3096|2800|1952|1076|560|850|768|9327|5146|2602|3946|3568
C023|60|0|0|0|6620|3647|1900|2881|2605|0|0|0|0|0|6880|3797|1900|2881|2605
C023|60|0|0|4|6620|3647|1900|2881|2605|48|26|14|21|19|6928|3823|1914|2902|2624
C023|60|0|0|20|6620|3647|1900|2881|2605|307|169|88|134|121|7187|3966|1988|3015|2726
C023|60|0|0|60|6620|3647|1900|2881|2605|1008|556|289|439|397|7888|4353|2189|3320|3002
C023|60|0|0|100|6620|3647|1900|2881|2605|1817|1001|521|791|715|8697|4798|2421|3672|3320
C023|60|0|1|0|6646|3662|1908|2892|2615|0|0|0|0|0|6906|3812|1908|2892|2615
C023|60|0|1|4|6646|3662|1908|2892|2615|48|26|14|21|19|6954|3838|1922|2913|2634
C023|60|0|1|20|6646|3662|1908|2892|2615|308|170|88|134|121|7214|3982|1996|3026|2736
C023|60|0|1|60|6646|3662|1908|2892|2615|1012|558|291|441|398|7918|4370|2199|3333|3013
C023|60|0|1|100|6646|3662|1908|2892|2615|1824|1005|524|794|718|8730|4817|2432|3686|3333
C023|60|0|12|0|6931|3819|1990|3016|2728|0|0|0|0|0|7191|3969|1990|3016|2728
C023|60|0|12|4|6931|3819|1990|3016|2728|50|27|14|22|20|7241|3996|2004|3038|2748
C023|60|0|12|20|6931|3819|1990|3016|2728|321|177|92|140|126|7512|4146|2082|3156|2854
C023|60|0|12|60|6931|3819|1990|3016|2728|1056|582|303|459|416|8247|4551|2293|3475|3144
C023|60|0|12|100|6931|3819|1990|3016|2728|1902|1048|546|828|749|9093|5017|2536|3844|3477
C023|60|1|0|0|6664|3671|1913|2900|2622|0|0|0|0|0|6924|3821|1913|2900|2622
C023|60|1|0|4|6664|3671|1913|2900|2622|48|26|14|21|19|6972|3847|1927|2921|2641
C023|60|1|0|20|6664|3671|1913|2900|2622|309|170|89|134|122|7233|3991|2002|3034|2744
C023|60|1|0|60|6664|3671|1913|2900|2622|1015|559|291|442|399|7939|4380|2204|3342|3021
C023|60|1|0|100|6664|3671|1913|2900|2622|1829|1007|525|796|719|8753|4828|2438|3696|3341
C023|60|1|1|0|6690|3685|1920|2911|2632|0|0|0|0|0|6950|3835|1920|2911|2632
C023|60|1|1|4|6690|3685|1920|2911|2632|48|27|14|21|19|6998|3862|1934|2932|2651
C023|60|1|1|20|6690|3685|1920|2911|2632|310|171|89|135|122|7260|4006|2009|3046|2754
C023|60|1|1|60|6690|3685|1920|2911|2632|1019|561|292|443|401|7969|4396|2212|3354|3033
C023|60|1|1|100|6690|3685|1920|2911|2632|1836|1011|527|799|722|8786|4846|2447|3710|3354
C023|60|1|12|0|6975|3843|2002|3035|2745|0|0|0|0|0|7235|3993|2002|3035|2745
C023|60|1|12|4|6975|3843|2002|3035|2745|50|28|14|22|20|7285|4021|2016|3057|2765
C023|60|1|12|20|6975|3843|2002|3035|2745|323|178|93|141|127|7558|4171|2095|3176|2872
C023|60|1|12|60|6975|3843|2002|3035|2745|1062|585|305|462|418|8297|4578|2307|3497|3163
C023|60|1|12|100|6975|3843|2002|3035|2745|1914|1055|549|833|753|9149|5048|2551|3868|3498
C023|60|6|0|0|6880|3790|1975|2994|2707|0|0|0|0|0|7140|3940|1975|2994|2707
C023|60|6|0|4|6880|3790|1975|2994|2707|50|27|14|22|19|7190|3967|1989|3016|2726
C023|60|6|0|20|6880|3790|1975|2994|2707|319|176|92|139|125|7459|4116|2067|3133|2832
C023|60|6|0|60|6880|3790|1975|2994|2707|1048|577|301|456|412|8188|4517|2276|3450|3119
C023|60|6|0|100|6880|3790|1975|2994|2707|1888|1040|542|822|743|9028|4980|2517|3816|3450
C023|60|6|1|0|6906|3804|1982|3005|2717|0|0|0|0|0|7166|3954|1982|3005|2717
C023|60|6|1|4|6906|3804|1982|3005|2717|50|27|14|22|20|7216|3981|1996|3027|2737
C023|60|6|1|20|6906|3804|1982|3005|2717|320|176|92|139|126|7486|4130|2074|3144|2843
C023|60|6|1|60|6906|3804|1982|3005|2717|1052|579|302|458|414|8218|4533|2284|3463|3131
C023|60|6|1|100|6906|3804|1982|3005|2717|1895|1044|544|825|746|9061|4998|2526|3830|3463
C023|60|6|12|0|7191|3962|2064|3129|2830|0|0|0|0|0|7451|4112|2064|3129|2830
C023|60|6|12|4|7191|3962|2064|3129|2830|52|29|15|23|20|7503|4141|2079|3152|2850
C023|60|6|12|20|7191|3962|2064|3129|2830|333|184|96|145|131|7784|4296|2160|3274|2961
C023|60|6|12|60|7191|3962|2064|3129|2830|1095|603|314|477|431|8546|4715|2378|3606|3261
C023|60|6|12|100|7191|3962|2064|3129|2830|1973|1087|566|859|777|9424|5199|2630|3988|3607
C024|1|0|0|0|3260|730|1150|640|540|0|0|0|0|0|3520|880|1150|640|540
C024|1|0|0|4|3260|730|1150|640|540|23|5|8|5|4|3543|885|1158|645|544
C024|1|0|0|20|3260|730|1150|640|540|151|34|53|30|25|3671|914|1203|670|565
C024|1|0|0|60|3260|730|1150|640|540|497|111|175|97|82|4017|991|1325|737|622
C024|1|0|0|100|3260|730|1150|640|540|895|200|316|176|148|4415|1080|1466|816|688
C024|1|0|1|0|3299|739|1164|648|546|0|0|0|0|0|3559|889|1164|648|546
C024|1|0|1|4|3299|739|1164|648|546|24|5|8|5|4|3583|894|1172|653|550
C024|1|0|1|20|3299|739|1164|648|546|153|34|54|30|25|3712|923|1218|678|571
C024|1|0|1|60|3299|739|1164|648|546|503|113|177|99|83|4062|1002|1341|747|629
C024|1|0|1|100|3299|739|1164|648|546|905|203|319|178|150|4464|1092|1483|826|696
C024|1|0|12|0|3729|835|1316|732|618|0|0|0|0|0|3989|985|1316|732|618
C024|1|0|12|4|3729|835|1316|732|618|27|6|9|5|4|4016|991|1325|737|622
C024|1|0|12|20|3729|835|1316|732|618|173|39|61|34|29|4162|1024|1377|766|647
C024|1|0|12|60|3729|835|1316|732|618|568|127|200|111|94|4557|1112|1516|843|712
C024|1|0|12|100|3729|835|1316|732|618|1023|229|361|201|170|5012|1214|1677|933|788
C024|1|1|0|0|3325|745|1173|653|551|0|0|0|0|0|3585|895|1173|653|551
C024|1|1|0|4|3325|745|1173|653|551|24|5|8|5|4|3609|900|1181|658|555
C024|1|1|0|20|3325|745|1173|653|551|154|35|54|30|26|3739|930|1227|683|577
C024|1|1|0|60|3325|745|1173|653|551|506|113|179|99|84|4091|1008|1352|752|635
C024|1|1|0|100|3325|745|1173|653|551|912|204|322|179|151|4497|1099|1495|832|702
C024|1|1|1|0|3364|753|1187|660|557|0|0|0|0|0|3624|903|1187|660|557
C024|1|1|1|4|3364|753|1187|660|557|24|5|9|5|4|3648|908|1196|665|561
C024|1|1|1|20|3364|753|1187|660|557|156|35|55|31|26|3780|938|1242|691|583
C024|1|1|1|60|3364|753|1187|660|557|512|115|181|101|85|4136|1018|1368|761|642
C024|1|1|1|100|3364|753|1187|660|557|923|207|326|181|153|4547|1110|1513|841|710
C024|1|1|12|0|3795|850|1339|745|629|0|0|0|0|0|4055|1000|1339|745|629
C024|1|1|12|4|3795|850|1339|745|629|27|6|10|5|5|4082|1006|1349|750|634
C024|1|1|12|20|3795|850|1339|745|629|176|39|62|35|29|4231|1039|1401|780|658
C024|1|1|12|60|3795|850|1339|745|629|578|129|204|113|96|4633|1129|1543|858|725
C024|1|1|12|100|3795|850|1339|745|629|1041|233|367|204|173|5096|1233|1706|949|802
C024|1|6|0|0|3651|818|1288|717|605|0|0|0|0|0|3911|968|1288|717|605
C024|1|6|0|4|3651|818|1288|717|605|26|6|9|5|4|3937|974|1297|722|609
C024|1|6|0|20|3651|818|1288|717|605|169|38|60|33|28|4080|1006|1348|750|633
C024|1|6|0|60|3651|818|1288|717|605|556|125|196|109|92|4467|1093|1484|826|697
C024|1|6|0|100|3651|818|1288|717|605|1002|224|353|197|166|4913|1192|1641|914|771
C024|1|6|1|0|3690|826|1302|724|611|0|0|0|0|0|3950|976|1302|724|611
C024|1|6|1|4|3690|826|1302|724|611|27|6|9|5|4|3977|982|1311|729|615
C024|1|6|1|20|3690|826|1302|724|611|171|38|60|34|28|4121|1014|1362|758|639
C024|1|6|1|60|3690|826|1302|724|611|562|126|198|110|93|4512|1102|1500|834|704
C024|1|6|1|100|3690|826|1302|724|611|1013|227|357|199|168|4963|1203|1659|923|779
C024|1|6|12|0|4121|923|1454|809|683|0|0|0|0|0|4381|1073|1454|809|683
C024|1|6|12|4|4121|923|1454|809|683|30|7|10|6|5|4411|1080|1464|815|688
C024|1|6|12|20|4121|923|1454|809|683|191|43|67|38|32|4572|1116|1521|847|715
C024|1|6|12|60|4121|923|1454|809|683|628|141|221|123|104|5009|1214|1675|932|787
C024|1|6|12|100|4121|923|1454|809|683|1131|253|399|222|187|5512|1326|1853|1031|870
C024|2|0|0|0|3374|756|1190|662|559|0|0|0|0|0|3634|906|1190|662|559
C024|2|0|0|4|3374|756|1190|662|559|24|5|9|5|4|3658|911|1199|667|563
C024|2|0|0|20|3374|756|1190|662|559|156|35|55|31|26|3790|941|1245|693|585
C024|2|0|0|60|3374|756|1190|662|559|514|115|181|101|85|4148|1021|1371|763|644
C024|2|0|0|100|3374|756|1190|662|559|926|207|327|182|153|4560|1113|1517|844|712
C024|2|0|1|0|3413|764|1204|670|565|0|0|0|0|0|3673|914|1204|670|565
C024|2|0|1|4|3413|764|1204|670|565|25|6|9|5|4|3698|920|1213|675|569
C024|2|0|1|20|3413|764|1204|670|565|158|35|56|31|26|3831|949|1260|701|591
C024|2|0|1|60|3413|764|1204|670|565|520|116|183|102|86|4193|1030|1387|772|651
C024|2|0|1|100|3413|764|1204|670|565|937|210|330|184|155|4610|1124|1534|854|720
C024|2|0|12|0|3844|861|1356|755|637|0|0|0|0|0|4104|1011|1356|755|637
C024|2|0|12|4|3844|861|1356|755|637|28|6|10|5|5|4132|1017|1366|760|642
C024|2|0|12|20|3844|861|1356|755|637|178|40|63|35|30|4282|1051|1419|790|667
C024|2|0|12|60|3844|861|1356|755|637|586|131|207|115|97|4690|1142|1563|870|734
C024|2|0|12|100|3844|861|1356|755|637|1055|236|372|207|175|5159|1247|1728|962|812
C024|2|1|0|0|3439|770|1213|675|570|0|0|0|0|0|3699|920|1213|675|570
C024|2|1|0|4|3439|770|1213|675|570|25|6|9|5|4|3724|926|1222|680|574
C024|2|1|0|20|3439|770|1213|675|570|159|36|56|31|26|3858|956|1269|706|596
C024|2|1|0|60|3439|770|1213|675|570|524|117|185|103|87|4223|1037|1398|778|657
C024|2|1|0|100|3439|770|1213|675|570|944|211|333|185|156|4643|1131|1546|860|726
C024|2|1|1|0|3478|779|1227|683|576|0|0|0|0|0|3738|929|1227|683|576
C024|2|1|1|4|3478|779|1227|683|576|25|6|9|5|4|3763|935|1236|688|580
C024|2|1|1|20|3478|779|1227|683|576|161|36|57|32|27|3899|965|1284|715|603
C024|2|1|1|60|3478|779|1227|683|576|530|119|187|104|88|4268|1048|1414|787|664
C024|2|1|1|100|3478|779|1227|683|576|954|214|337|187|158|4692|1143|1564|870|734
C024|2|1|12|0|3909|875|1379|767|647|0|0|0|0|0|4169|1025|1379|767|647
C024|2|1|12|4|3909|875|1379|767|647|28|6|10|6|5|4197|1031|1389|773|652
C024|2|1|12|20|3909|875|1379|767|647|181|41|64|36|30|4350|1066|1443|803|677
C024|2|1|12|60|3909|875|1379|767|647|595|133|210|117|99|4764|1158|1589|884|746
C024|2|1|12|100|3909|875|1379|767|647|1073|240|378|210|178|5242|1265|1757|977|825
C024|2|6|0|0|3765|843|1328|739|624|0|0|0|0|0|4025|993|1328|739|624
C024|2|6|0|4|3765|843|1328|739|624|27|6|10|5|4|4052|999|1338|744|628
C024|2|6|0|20|3765|843|1328|739|624|175|39|62|34|29|4200|1032|1390|773|653
C024|2|6|0|60|3765|843|1328|739|624|573|128|202|113|95|4598|1121|1530|852|719
C024|2|6|0|100|3765|843|1328|739|624|1033|231|364|203|171|5058|1224|1692|942|795
C024|2|6|1|0|3804|852|1342|747|630|0|0|0|0|0|4064|1002|1342|747|630
C024|2|6|1|4|3804|852|1342|747|630|27|6|10|5|5|4091|1008|1352|752|635
C024|2|6|1|20|3804|852|1342|747|630|176|39|62|35|29|4240|1041|1404|782|659
C024|2|6|1|60|3804|852|1342|747|630|579|130|204|114|96|4643|1132|1546|861|726
C024|2|6|1|100|3804|852|1342|747|630|1044|234|368|205|173|5108|1236|1710|952|803
C024|2|6|12|0|4235|948|1494|831|701|0|0|0|0|0|4495|1098|1494|831|701
C024|2|6|12|4|4235|948|1494|831|701|30|7|11|6|5|4525|1105|1505|837|706
C024|2|6|12|20|4235|948|1494|831|701|196|44|69|39|32|4691|1142|1563|870|733
C024|2|6|12|60|4235|948|1494|831|701|645|144|228|127|107|5140|1242|1722|958|808
C024|2|6|12|100|4235|948|1494|831|701|1162|260|410|228|192|5657|1358|1904|1059|893
C024|20|0|0|0|5428|1215|1915|1066|899|0|0|0|0|0|5688|1365|1915|1066|899
C024|20|0|0|4|5428|1215|1915|1066|899|39|9|14|8|6|5727|1374|1929|1074|905
C024|20|0|0|20|5428|1215|1915|1066|899|252|56|89|49|42|5940|1421|2004|1115|941
C024|20|0|0|60|5428|1215|1915|1066|899|827|185|292|162|137|6515|1550|2207|1228|1036
C024|20|0|0|100|5428|1215|1915|1066|899|1489|333|525|293|247|7177|1698|2440|1359|1146
C024|20|0|1|0|5467|1224|1929|1073|906|0|0|0|0|0|5727|1374|1929|1073|906
C024|20|0|1|4|5467|1224|1929|1073|906|39|9|14|8|7|5766|1383|1943|1081|913
C024|20|0|1|20|5467|1224|1929|1073|906|253|57|89|50|42|5980|1431|2018|1123|948
C024|20|0|1|60|5467|1224|1929|1073|906|833|186|294|163|138|6560|1560|2223|1236|1044
C024|20|0|1|100|5467|1224|1929|1073|906|1500|336|529|294|249|7227|1710|2458|1367|1155
C024|20|0|12|0|5897|1321|2080|1158|977|0|0|0|0|0|6157|1471|2080|1158|977
C024|20|0|12|4|5897|1321|2080|1158|977|42|10|15|8|7|6199|1481|2095|1166|984
C024|20|0|12|20|5897|1321|2080|1158|977|273|61|96|54|45|6430|1532|2176|1212|1022
C024|20|0|12|60|5897|1321|2080|1158|977|898|201|317|176|149|7055|1672|2397|1334|1126
C024|20|0|12|100|5897|1321|2080|1158|977|1618|362|571|318|268|7775|1833|2651|1476|1245
C024|20|1|0|0|5493|1230|1938|1078|910|0|0|0|0|0|5753|1380|1938|1078|910
C024|20|1|0|4|5493|1230|1938|1078|910|40|9|14|8|7|5793|1389|1952|1086|917
C024|20|1|0|20|5493|1230|1938|1078|910|255|57|90|50|42|6008|1437|2028|1128|952
C024|20|1|0|60|5493|1230|1938|1078|910|837|187|295|164|139|6590|1567|2233|1242|1049
C024|20|1|0|100|5493|1230|1938|1078|910|1507|338|532|296|250|7260|1718|2470|1374|1160
C024|20|1|1|0|5532|1239|1952|1086|916|0|0|0|0|0|5792|1389|1952|1086|916
C024|20|1|1|4|5532|1239|1952|1086|916|40|9|14|8|7|5832|1398|1966|1094|923
C024|20|1|1|20|5532|1239|1952|1086|916|256|57|90|50|42|6048|1446|2042|1136|958
C024|20|1|1|60|5532|1239|1952|1086|916|843|189|297|165|140|6635|1578|2249|1251|1056
C024|20|1|1|100|5532|1239|1952|1086|916|1518|340|536|298|251|7310|1729|2488|1384|1167
C024|20|1|12|0|5963|1335|2103|1171|988|0|0|0|0|0|6223|1485|2103|1171|988
C024|20|1|12|4|5963|1335|2103|1171|988|43|10|15|8|7|6266|1495|2118|1179|995
C024|20|1|12|20|5963|1335|2103|1171|988|276|62|97|54|46|6499|1547|2200|1225|1034
C024|20|1|12|60|5963|1335|2103|1171|988|908|203|320|178|150|7131|1688|2423|1349|1138
C024|20|1|12|100|5963|1335|2103|1171|988|1636|366|577|321|271|7859|1851|2680|1492|1259
C024|20|6|0|0|5819|1303|2053|1142|964|0|0|0|0|0|6079|1453|2053|1142|964
C024|20|6|0|4|5819|1303|2053|1142|964|42|9|15|8|7|6121|1462|2068|1150|971
C024|20|6|0|20|5819|1303|2053|1142|964|270|60|95|53|45|6349|1513|2148|1195|1009
C024|20|6|0|60|5819|1303|2053|1142|964|886|198|313|174|147|6965|1651|2366|1316|1111
C024|20|6|0|100|5819|1303|2053|1142|964|1597|358|563|313|265|7676|1811|2616|1455|1229
C024|20|6|1|0|5858|1312|2067|1150|970|0|0|0|0|0|6118|1462|2067|1150|970
C024|20|6|1|4|5858|1312|2067|1150|970|42|9|15|8|7|6160|1471|2082|1158|977
C024|20|6|1|20|5858|1312|2067|1150|970|272|61|96|53|45|6390|1523|2163|1203|1015
C024|20|6|1|60|5858|1312|2067|1150|970|892|200|315|175|148|7010|1662|2382|1325|1118
C024|20|6|1|100|5858|1312|2067|1150|970|1607|360|567|316|266|7725|1822|2634|1466|1236
C024|20|6|12|0|6289|1408|2218|1235|1042|0|0|0|0|0|6549|1558|2218|1235|1042
C024|20|6|12|4|6289|1408|2218|1235|1042|45|10|16|9|8|6594|1568|2234|1244|1050
C024|20|6|12|20|6289|1408|2218|1235|1042|292|65|103|57|48|6841|1623|2321|1292|1090
C024|20|6|12|60|6289|1408|2218|1235|1042|958|214|338|188|159|7507|1772|2556|1423|1201
C024|20|6|12|100|6289|1408|2218|1235|1042|1726|386|609|339|286|8275|1944|2827|1574|1328
C024|59|0|0|0|9878|2212|3484|1939|1636|0|0|0|0|0|10138|2362|3484|1939|1636
C024|59|0|0|4|9878|2212|3484|1939|1636|71|16|25|14|12|10209|2378|3509|1953|1648
C024|59|0|0|20|9878|2212|3484|1939|1636|458|103|162|90|76|10596|2465|3646|2029|1712
C024|59|0|0|60|9878|2212|3484|1939|1636|1505|337|531|295|249|11643|2699|4015|2234|1885
C024|59|0|0|100|9878|2212|3484|1939|1636|2711|607|956|532|449|12849|2969|4440|2471|2085
C024|59|0|1|0|9917|2221|3498|1947|1643|0|0|0|0|0|10177|2371|3498|1947|1643
C024|59|0|1|4|9917|2221|3498|1947|1643|71|16|25|14|12|10248|2387|3523|1961|1655
C024|59|0|1|20|9917|2221|3498|1947|1643|460|103|162|90|76|10637|2474|3660|2037|1719
C024|59|0|1|60|9917|2221|3498|1947|1643|1511|338|533|297|250|11688|2709|4031|2244|1893
C024|59|0|1|100|9917|2221|3498|1947|1643|2721|609|960|534|451|12898|2980|4458|2481|2094
C024|59|0|12|0|10347|2317|3650|2031|1714|0|0|0|0|0|10607|2467|3650|2031|1714
C024|59|0|12|4|10347|2317|3650|2031|1714|74|17|26|15|12|10681|2484|3676|2046|1726
C024|59|0|12|20|10347|2317|3650|2031|1714|480|107|169|94|79|11087|2574|3819|2125|1793
C024|59|0|12|60|10347|2317|3650|2031|1714|1576|353|556|309|261|12183|2820|4206|2340|1975
C024|59|0|12|100|10347|2317|3650|2031|1714|2839|636|1002|557|470|13446|3103|4652|2588|2184
C024|59|1|0|0|9943|2226|3507|1952|1647|0|0|0|0|0|10203|2376|3507|1952|1647
C024|59|1|0|4|9943|2226|3507|1952|1647|72|16|25|14|12|10275|2392|3532|1966|1659
C024|59|1|0|20|9943|2226|3507|1952|1647|461|103|163|90|76|10664|2479|3670|2042|1723
C024|59|1|0|60|9943|2226|3507|1952|1647|1515|339|534|297|251|11718|2715|4041|2249|1898
C024|59|1|0|100|9943|2226|3507|1952|1647|2728|611|962|536|452|12931|2987|4469|2488|2099
C024|59|1|1|0|9982|2235|3521|1960|1653|0|0|0|0|0|10242|2385|3521|1960|1653
C024|59|1|1|4|9982|2235|3521|1960|1653|72|16|25|14|12|10314|2401|3546|1974|1665
C024|59|1|1|20|9982|2235|3521|1960|1653|463|104|163|91|77|10705|2489|3684|2051|1730
C024|59|1|1|60|9982|2235|3521|1960|1653|1520|340|536|299|252|11762|2725|4057|2259|1905
C024|59|1|1|100|9982|2235|3521|1960|1653|2739|613|966|538|454|12981|2998|4487|2498|2107
C024|59|1|12|0|10412|2332|3673|2044|1725|0|0|0|0|0|10672|2482|3673|2044|1725
C024|59|1|12|4|10412|2332|3673|2044|1725|75|17|26|15|12|10747|2499|3699|2059|1737
C024|59|1|12|20|10412|2332|3673|2044|1725|483|108|170|95|80|11155|2590|3843|2139|1805
C024|59|1|12|60|10412|2332|3673|2044|1725|1586|355|559|311|263|12258|2837|4232|2355|1988
C024|59|1|12|100|10412|2332|3673|2044|1725|2857|640|1008|561|473|13529|3122|4681|2605|2198
C024|59|6|0|0|10269|2300|3623|2016|1701|0|0|0|0|0|10529|2450|3623|2016|1701
C024|59|6|0|4|10269|2300|3623|2016|1701|74|17|26|15|12|10603|2467|3649|2031|1713
C024|59|6|0|20|10269|2300|3623|2016|1701|476|107|168|93|79|11005|2557|3791|2109|1780
C024|59|6|0|60|10269|2300|3623|2016|1701|1564|350|552|307|259|12093|2800|4175|2323|1960
C024|59|6|0|100|10269|2300|3623|2016|1701|2818|631|994|553|467|13347|3081|4617|2569|2168
C024|59|6|1|0|10308|2308|3636|2024|1707|0|0|0|0|0|10568|2458|3636|2024|1707
C024|59|6|1|4|10308|2308|3636|2024|1707|74|17|26|15|12|10642|2475|3662|2039|1719
C024|59|6|1|20|10308|2308|3636|2024|1707|478|107|169|94|79|11046|2565|3805|2118|1786
C024|59|6|1|60|10308|2308|3636|2024|1707|1570|352|554|308|260|12138|2810|4190|2332|1967
C024|59|6|1|100|10308|2308|3636|2024|1707|2829|633|998|555|468|13397|3091|4634|2579|2175
C024|59|6|12|0|10738|2405|3788|2108|1779|0|0|0|0|0|10998|2555|3788|2108|1779
C024|59|6|12|4|10738|2405|3788|2108|1779|77|17|27|15|13|11075|2572|3815|2123|1792
C024|59|6|12|20|10738|2405|3788|2108|1779|498|111|176|98|82|11496|2666|3964|2206|1861
C024|59|6|12|60|10738|2405|3788|2108|1779|1636|366|577|321|271|12634|2921|4365|2429|2050
C024|59|6|12|100|10738|2405|3788|2108|1779|2947|660|1039|578|488|13945|3215|4827|2686|2267
C024|60|0|0|0|9992|2237|3525|1962|1655|0|0|0|0|0|10252|2387|3525|1962|1655
C024|60|0|0|4|9992|2237|3525|1962|1655|72|16|25|14|12|10324|2403|3550|1976|1667
C024|60|0|0|20|9992|2237|3525|1962|1655|463|104|163|91|77|10715|2491|3688|2053|1732
C024|60|0|0|60|9992|2237|3525|1962|1655|1522|341|537|299|252|11774|2728|4062|2261|1907
C024|60|0|0|100|9992|2237|3525|1962|1655|2742|614|967|538|454|12994|3001|4492|2500|2109
C024|60|0|1|0|10031|2246|3539|1969|1662|0|0|0|0|0|10291|2396|3539|1969|1662
C024|60|0|1|4|10031|2246|3539|1969|1662|72|16|25|14|12|10363|2412|3564|1983|1674
C024|60|0|1|20|10031|2246|3539|1969|1662|465|104|164|91|77|10756|2500|3703|2060|1739
C024|60|0|1|60|10031|2246|3539|1969|1662|1528|342|539|300|253|11819|2738|4078|2269|1915
C024|60|0|1|100|10031|2246|3539|1969|1662|2753|616|971|540|456|13044|3012|4510|2509|2118
C024|60|0|12|0|10461|2343|3690|2054|1733|0|0|0|0|0|10721|2493|3690|2054|1733
C024|60|0|12|4|10461|2343|3690|2054|1733|75|17|27|15|12|10796|2510|3717|2069|1745
C024|60|0|12|20|10461|2343|3690|2054|1733|485|109|171|95|80|11206|2602|3861|2149|1813
C024|60|0|12|60|10461|2343|3690|2054|1733|1593|357|562|313|264|12314|2850|4252|2367|1997
C024|60|0|12|100|10461|2343|3690|2054|1733|2870|643|1013|564|476|13591|3136|4703|2618|2209
C024|60|1|0|0|10057|2252|3548|1974|1666|0|0|0|0|0|10317|2402|3548|1974|1666
C024|60|1|0|4|10057|2252|3548|1974|1666|72|16|26|14|12|10389|2418|3574|1988|1678
C024|60|1|0|20|10057|2252|3548|1974|1666|466|104|164|92|77|10783|2506|3712|2066|1743
C024|60|1|0|60|10057|2252|3548|1974|1666|1532|343|540|301|254|11849|2745|4088|2275|1920
C024|60|1|0|100|10057|2252|3548|1974|1666|2760|618|974|542|457|13077|3020|4522|2516|2123
C024|60|1|1|0|10096|2261|3562|1982|1672|0|0|0|0|0|10356|2411|3562|1982|1672
C024|60|1|1|4|10096|2261|3562|1982|1672|73|16|26|14|12|10429|2427|3588|1996|1684
C024|60|1|1|20|10096|2261|3562|1982|1672|468|105|165|92|78|10824|2516|3727|2074|1750
C024|60|1|1|60|10096|2261|3562|1982|1672|1538|344|543|302|255|11894|2755|4105|2284|1927
C024|60|1|1|100|10096|2261|3562|1982|1672|2770|620|977|544|459|13126|3031|4539|2526|2131
C024|60|1|12|0|10527|2357|3713|2067|1744|0|0|0|0|0|10787|2507|3713|2067|1744
C024|60|1|12|4|10527|2357|3713|2067|1744|76|17|27|15|13|10863|2524|3740|2082|1757
C024|60|1|12|20|10527|2357|3713|2067|1744|488|109|172|96|81|11275|2616|3885|2163|1825
C024|60|1|12|60|10527|2357|3713|2067|1744|1603|359|566|315|266|12390|2866|4279|2382|2010
C024|60|1|12|100|10527|2357|3713|2067|1744|2889|647|1019|567|479|13676|3154|4732|2634|2223
C024|60|6|0|0|10383|2325|3663|2038|1720|0|0|0|0|0|10643|2475|3663|2038|1720
C024|60|6|0|4|10383|2325|3663|2038|1720|75|17|26|15|12|10718|2492|3689|2053|1732
C024|60|6|0|20|10383|2325|3663|2038|1720|481|108|170|94|80|11124|2583|3833|2132|1800
C024|60|6|0|60|10383|2325|3663|2038|1720|1582|354|558|310|262|12225|2829|4221|2348|1982
C024|60|6|0|100|10383|2325|3663|2038|1720|2849|638|1005|559|472|13492|3113|4668|2597|2192
C024|60|6|1|0|10422|2334|3677|2046|1726|0|0|0|0|0|10682|2484|3677|2046|1726
C024|60|6|1|4|10422|2334|3677|2046|1726|75|17|26|15|12|10757|2501|3703|2061|1738
C024|60|6|1|20|10422|2334|3677|2046|1726|483|108|170|95|80|11165|2592|3847|2141|1806
C024|60|6|1|60|10422|2334|3677|2046|1726|1587|356|560|312|263|12269|2840|4237|2358|1989
C024|60|6|1|100|10422|2334|3677|2046|1726|2860|640|1009|561|474|13542|3124|4686|2607|2200
C024|60|6|12|0|10853|2430|3828|2131|1798|0|0|0|0|0|11113|2580|3828|2131|1798
C024|60|6|12|4|10853|2430|3828|2131|1798|78|17|28|15|13|11191|2597|3856|2146|1811
C024|60|6|12|20|10853|2430|3828|2131|1798|503|113|177|99|83|11616|2693|4005|2230|1881
C024|60|6|12|60|10853|2430|3828|2131|1798|1653|370|583|325|274|12766|2950|4411|2456|2072
C024|60|6|12|100|10853|2430|3828|2131|1798|2978|667|1050|585|493|14091|3247|4878|2716|2291
C025|1|0|0|0|2660|840|820|1080|620|0|0|0|0|0|2920|990|820|1080|620
C025|1|0|0|4|2660|840|820|1080|620|19|6|6|8|4|2939|996|826|1088|624
C025|1|0|0|20|2660|840|820|1080|620|123|39|38|50|29|3043|1029|858|1130|649
C025|1|0|0|60|2660|840|820|1080|620|405|128|125|165|94|3325|1118|945|1245|714
C025|1|0|0|100|2660|840|820|1080|620|730|230|225|296|170|3650|1220|1045|1376|790
C025|1|0|1|0|2692|850|830|1093|627|0|0|0|0|0|2952|1000|830|1093|627
C025|1|0|1|4|2692|850|830|1093|627|19|6|6|8|5|2971|1006|836|1101|632
C025|1|0|1|20|2692|850|830|1093|627|125|39|38|51|29|3077|1039|868|1144|656
C025|1|0|1|60|2692|850|830|1093|627|410|129|126|166|96|3362|1129|956|1259|723
C025|1|0|1|100|2692|850|830|1093|627|739|233|228|300|172|3691|1233|1058|1393|799
C025|1|0|12|0|3043|961|938|1236|709|0|0|0|0|0|3303|1111|938|1236|709
C025|1|0|12|4|3043|961|938|1236|709|22|7|7|9|5|3325|1118|945|1245|714
C025|1|0|12|20|3043|961|938|1236|709|141|45|43|57|33|3444|1156|981|1293|742
C025|1|0|12|60|3043|961|938|1236|709|464|146|143|188|108|3767|1257|1081|1424|817
C025|1|0|12|100|3043|961|938|1236|709|835|264|257|339|195|4138|1375|1195|1575|904
C025|1|1|0|0|2713|857|836|1102|632|0|0|0|0|0|2973|1007|836|1102|632
C025|1|1|0|4|2713|857|836|1102|632|20|6|6|8|5|2993|1013|842|1110|637
C025|1|1|0|20|2713|857|836|1102|632|126|40|39|51|29|3099|1047|875|1153|661
C025|1|1|0|60|2713|857|836|1102|632|413|131|127|168|96|3386|1138|963|1270|728
C025|1|1|0|100|2713|857|836|1102|632|744|235|229|302|173|3717|1242|1065|1404|805
C025|1|1|1|0|2745|867|846|1115|640|0|0|0|0|0|3005|1017|846|1115|640
C025|1|1|1|4|2745|867|846|1115|640|20|6|6|8|5|3025|1023|852|1123|645
C025|1|1|1|20|2745|867|846|1115|640|127|40|39|52|30|3132|1057|885|1167|670
C025|1|1|1|60|2745|867|846|1115|640|418|132|129|170|97|3423|1149|975|1285|737
C025|1|1|1|100|2745|867|846|1115|640|753|238|232|306|176|3758|1255|1078|1421|816
C025|1|1|12|0|3096|978|954|1257|722|0|0|0|0|0|3356|1128|954|1257|722
C025|1|1|12|4|3096|978|954|1257|722|22|7|7|9|5|3378|1135|961|1266|727
C025|1|1|12|20|3096|978|954|1257|722|144|45|44|58|33|3500|1173|998|1315|755
C025|1|1|12|60|3096|978|954|1257|722|472|149|145|191|110|3828|1277|1099|1448|832
C025|1|1|12|100|3096|978|954|1257|722|850|268|262|345|198|4206|1396|1216|1602|920
C025|1|6|0|0|2979|941|918|1210|694|0|0|0|0|0|3239|1091|918|1210|694
C025|1|6|0|4|2979|941|918|1210|694|21|7|7|9|5|3260|1098|925|1219|699
C025|1|6|0|20|2979|941|918|1210|694|138|44|43|56|32|3377|1135|961|1266|726
C025|1|6|0|60|2979|941|918|1210|694|454|143|140|184|106|3693|1234|1058|1394|800
C025|1|6|0|100|2979|941|918|1210|694|817|258|252|332|190|4056|1349|1170|1542|884
C025|1|6|1|0|3011|951|928|1223|702|0|0|0|0|0|3271|1101|928|1223|702
C025|1|6|1|4|3011|951|928|1223|702|22|7|7|9|5|3293|1108|935|1232|707
C025|1|6|1|20|3011|951|928|1223|702|140|44|43|57|33|3411|1145|971|1280|735
C025|1|6|1|60|3011|951|928|1223|702|459|145|141|186|107|3730|1246|1069|1409|809
C025|1|6|1|100|3011|951|928|1223|702|826|261|255|336|193|4097|1362|1183|1559|895
C025|1|6|12|0|3362|1062|1036|1365|784|0|0|0|0|0|3622|1212|1036|1365|784
C025|1|6|12|4|3362|1062|1036|1365|784|24|8|7|10|6|3646|1220|1043|1375|790
C025|1|6|12|20|3362|1062|1036|1365|784|156|49|48|63|36|3778|1261|1084|1428|820
C025|1|6|12|60|3362|1062|1036|1365|784|512|162|158|208|119|4134|1374|1194|1573|903
C025|1|6|12|100|3362|1062|1036|1365|784|923|291|284|375|215|4545|1503|1320|1740|999
C025|2|0|0|0|2753|869|849|1118|642|0|0|0|0|0|3013|1019|849|1118|642
C025|2|0|0|4|2753|869|849|1118|642|20|6|6|8|5|3033|1025|855|1126|647
C025|2|0|0|20|2753|869|849|1118|642|128|40|39|52|30|3141|1059|888|1170|672
C025|2|0|0|60|2753|869|849|1118|642|419|132|129|170|98|3432|1151|978|1288|740
C025|2|0|0|100|2753|869|849|1118|642|755|238|233|307|176|3768|1257|1082|1425|818
C025|2|0|1|0|2785|879|859|1131|649|0|0|0|0|0|3045|1029|859|1131|649
C025|2|0|1|4|2785|879|859|1131|649|20|6|6|8|5|3065|1035|865|1139|654
C025|2|0|1|20|2785|879|859|1131|649|129|41|40|52|30|3174|1070|899|1183|679
C025|2|0|1|60|2785|879|859|1131|649|424|134|131|172|99|3469|1163|990|1303|748
C025|2|0|1|100|2785|879|859|1131|649|764|241|236|310|178|3809|1270|1095|1441|827
C025|2|0|12|0|3136|990|967|1273|731|0|0|0|0|0|3396|1140|967|1273|731
C025|2|0|12|4|3136|990|967|1273|731|23|7|7|9|5|3419|1147|974|1282|736
C025|2|0|12|20|3136|990|967|1273|731|145|46|45|59|34|3541|1186|1012|1332|765
C025|2|0|12|60|3136|990|967|1273|731|478|151|147|194|111|3874|1291|1114|1467|842
C025|2|0|12|100|3136|990|967|1273|731|861|272|265|349|201|4257|1412|1232|1622|932
C025|2|1|0|0|2806|886|865|1139|654|0|0|0|0|0|3066|1036|865|1139|654
C025|2|1|0|4|2806|886|865|1139|654|20|6|6|8|5|3086|1042|871|1147|659
C025|2|1|0|20|2806|886|865|1139|654|130|41|40|53|30|3196|1077|905|1192|684
C025|2|1|0|60|2806|886|865|1139|654|427|135|132|173|100|3493|1171|997|1312|754
C025|2|1|0|100|2806|886|865|1139|654|770|243|237|313|179|3836|1279|1102|1452|833
C025|2|1|1|0|2838|896|875|1152|662|0|0|0|0|0|3098|1046|875|1152|662
C025|2|1|1|4|2838|896|875|1152|662|20|6|6|8|5|3118|1052|881|1160|667
C025|2|1|1|20|2838|896|875|1152|662|132|42|41|53|31|3230|1088|916|1205|693
C025|2|1|1|60|2838|896|875|1152|662|432|136|133|175|101|3530|1182|1008|1327|763
C025|2|1|1|100|2838|896|875|1152|662|779|246|240|316|182|3877|1292|1115|1468|844
C025|2|1|12|0|3189|1007|983|1295|743|0|0|0|0|0|3449|1157|983|1295|743
C025|2|1|12|4|3189|1007|983|1295|743|23|7|7|9|5|3472|1164|990|1304|748
C025|2|1|12|20|3189|1007|983|1295|743|148|47|46|60|34|3597|1204|1029|1355|777
C025|2|1|12|60|3189|1007|983|1295|743|486|153|150|197|113|3935|1310|1133|1492|856
C025|2|1|12|100|3189|1007|983|1295|743|875|276|270|355|204|4324|1433|1253|1650|947
C025|2|6|0|0|3072|970|947|1247|716|0|0|0|0|0|3332|1120|947|1247|716
C025|2|6|0|4|3072|970|947|1247|716|22|7|7|9|5|3354|1127|954|1256|721
C025|2|6|0|20|3072|970|947|1247|716|142|45|44|58|33|3474|1165|991|1305|749
C025|2|6|0|60|3072|970|947|1247|716|468|148|144|190|109|3800|1268|1091|1437|825
C025|2|6|0|100|3072|970|947|1247|716|843|266|260|342|196|4175|1386|1207|1589|912
C025|2|6|1|0|3104|980|957|1260|724|0|0|0|0|0|3364|1130|957|1260|724
C025|2|6|1|4|3104|980|957|1260|724|22|7|7|9|5|3386|1137|964|1269|729
C025|2|6|1|20|3104|980|957|1260|724|144|45|44|58|34|3508|1175|1001|1318|758
C025|2|6|1|60|3104|980|957|1260|724|473|149|146|192|110|3837|1279|1103|1452|834
C025|2|6|1|100|3104|980|957|1260|724|852|269|263|346|199|4216|1399|1220|1606|923
C025|2|6|12|0|3455|1091|1065|1403|805|0|0|0|0|0|3715|1241|1065|1403|805
C025|2|6|12|4|3455|1091|1065|1403|805|25|8|8|10|6|3740|1249|1073|1413|811
C025|2|6|12|20|3455|1091|1065|1403|805|160|51|49|65|37|3875|1292|1114|1468|842
C025|2|6|12|60|3455|1091|1065|1403|805|526|166|162|214|123|4241|1407|1227|1617|928
C025|2|6|12|100|3455|1091|1065|1403|805|948|299|292|385|221|4663|1540|1357|1788|1026
C025|20|0|0|0|4429|1399|1365|1798|1032|0|0|0|0|0|4689|1549|1365|1798|1032
C025|20|0|0|4|4429|1399|1365|1798|1032|32|10|10|13|7|4721|1559|1375|1811|1039
C025|20|0|0|20|4429|1399|1365|1798|1032|205|65|63|83|48|4894|1614|1428|1881|1080
C025|20|0|0|60|4429|1399|1365|1798|1032|675|213|208|274|157|5364|1762|1573|2072|1189
C025|20|0|0|100|4429|1399|1365|1798|1032|1215|384|375|493|283|5904|1933|1740|2291|1315
C025|20|0|1|0|4461|1409|1375|1811|1040|0|0|0|0|0|4721|1559|1375|1811|1040
C025|20|0|1|4|4461|1409|1375|1811|1040|32|10|10|13|7|4753|1569|1385|1824|1047
C025|20|0|1|20|4461|1409|1375|1811|1040|207|65|64|84|48|4928|1624|1439|1895|1088
C025|20|0|1|60|4461|1409|1375|1811|1040|679|215|209|276|158|5400|1774|1584|2087|1198
C025|20|0|1|100|4461|1409|1375|1811|1040|1224|387|377|497|285|5945|1946|1752|2308|1325
C025|20|0|12|0|4812|1520|1483|1954|1122|0|0|0|0|0|5072|1670|1483|1954|1122
C025|20|0|12|4|4812|1520|1483|1954|1122|35|11|11|14|8|5107|1681|1494|1968|1130
C025|20|0|12|20|4812|1520|1483|1954|1122|223|70|69|91|52|5295|1740|1552|2045|1174
C025|20|0|12|60|4812|1520|1483|1954|1122|733|232|226|298|171|5805|1902|1709|2252|1293
C025|20|0|12|100|4812|1520|1483|1954|1122|1320|417|407|536|308|6392|2087|1890|2490|1430
C025|20|1|0|0|4482|1415|1382|1820|1045|0|0|0|0|0|4742|1565|1382|1820|1045
C025|20|1|0|4|4482|1415|1382|1820|1045|32|10|10|13|8|4774|1575|1392|1833|1053
C025|20|1|0|20|4482|1415|1382|1820|1045|208|66|64|84|48|4950|1631|1446|1904|1093
C025|20|1|0|60|4482|1415|1382|1820|1045|683|216|211|277|159|5425|1781|1593|2097|1204
C025|20|1|0|100|4482|1415|1382|1820|1045|1230|388|379|499|287|5972|1953|1761|2319|1332
C025|20|1|1|0|4514|1425|1392|1833|1052|0|0|0|0|0|4774|1575|1392|1833|1052
C025|20|1|1|4|4514|1425|1392|1833|1052|33|10|10|13|8|4807|1585|1402|1846|1060
C025|20|1|1|20|4514|1425|1392|1833|1052|209|66|65|85|49|4983|1641|1457|1918|1101
C025|20|1|1|60|4514|1425|1392|1833|1052|688|217|212|279|160|5462|1792|1604|2112|1212
C025|20|1|1|100|4514|1425|1392|1833|1052|1239|391|382|503|289|6013|1966|1774|2336|1341
C025|20|1|12|0|4865|1536|1500|1975|1134|0|0|0|0|0|5125|1686|1500|1975|1134
C025|20|1|12|4|4865|1536|1500|1975|1134|35|11|11|14|8|5160|1697|1511|1989|1142
C025|20|1|12|20|4865|1536|1500|1975|1134|226|71|70|92|53|5351|1757|1570|2067|1187
C025|20|1|12|60|4865|1536|1500|1975|1134|741|234|228|301|173|5866|1920|1728|2276|1307
C025|20|1|12|100|4865|1536|1500|1975|1134|1335|421|412|542|311|6460|2107|1912|2517|1445
C025|20|6|0|0|4748|1499|1464|1928|1107|0|0|0|0|0|5008|1649|1464|1928|1107
C025|20|6|0|4|4748|1499|1464|1928|1107|34|11|11|14|8|5042|1660|1475|1942|1115
C025|20|6|0|20|4748|1499|1464|1928|1107|220|69|68|89|51|5228|1718|1532|2017|1158
C025|20|6|0|60|4748|1499|1464|1928|1107|723|228|223|294|169|5731|1877|1687|2222|1276
C025|20|6|0|100|4748|1499|1464|1928|1107|1303|411|402|529|304|6311|2060|1866|2457|1411
C025|20|6|1|0|4780|1509|1474|1941|1114|0|0|0|0|0|5040|1659|1474|1941|1114
C025|20|6|1|4|4780|1509|1474|1941|1114|34|11|11|14|8|5074|1670|1485|1955|1122
C025|20|6|1|20|4780|1509|1474|1941|1114|222|70|68|90|52|5262|1729|1542|2031|1166
C025|20|6|1|60|4780|1509|1474|1941|1114|728|230|225|296|170|5768|1889|1699|2237|1284
C025|20|6|1|100|4780|1509|1474|1941|1114|1312|414|404|533|306|6352|2073|1878|2474|1420
C025|20|6|12|0|5131|1620|1582|2083|1196|0|0|0|0|0|5391|1770|1582|2083|1196
C025|20|6|12|4|5131|1620|1582|2083|1196|37|12|11|15|9|5428|1782|1593|2098|1205
C025|20|6|12|20|5131|1620|1582|2083|1196|238|75|73|97|55|5629|1845|1655|2180|1251
C025|20|6|12|60|5131|1620|1582|2083|1196|782|247|241|317|182|6173|2017|1823|2400|1378
C025|20|6|12|100|5131|1620|1582|2083|1196|1408|445|434|572|328|6799|2215|2016|2655|1524
C025|59|0|0|0|8060|2545|2485|3272|1879|0|0|0|0|0|8320|2695|2485|3272|1879
C025|59|0|0|4|8060|2545|2485|3272|1879|58|18|18|24|14|8378|2713|2503|3296|1893
C025|59|0|0|20|8060|2545|2485|3272|1879|374|118|115|152|87|8694|2813|2600|3424|1966
C025|59|0|0|60|8060|2545|2485|3272|1879|1228|388|379|498|286|9548|3083|2864|3770|2165
C025|59|0|0|100|8060|2545|2485|3272|1879|2212|698|682|898|516|10532|3393|3167|4170|2395
C025|59|0|1|0|8092|2555|2494|3285|1886|0|0|0|0|0|8352|2705|2494|3285|1886
C025|59|0|1|4|8092|2555|2494|3285|1886|58|18|18|24|14|8410|2723|2512|3309|1900
C025|59|0|1|20|8092|2555|2494|3285|1886|375|118|116|152|87|8727|2823|2610|3437|1973
C025|59|0|1|60|8092|2555|2494|3285|1886|1233|389|380|500|287|9585|3094|2874|3785|2173
C025|59|0|1|100|8092|2555|2494|3285|1886|2220|701|684|901|518|10572|3406|3178|4186|2404
C025|59|0|12|0|8443|2666|2603|3428|1968|0|0|0|0|0|8703|2816|2603|3428|1968
C025|59|0|12|4|8443|2666|2603|3428|1968|61|19|19|25|14|8764|2835|2622|3453|1982
C025|59|0|12|20|8443|2666|2603|3428|1968|391|124|121|159|91|9094|2940|2724|3587|2059
C025|59|0|12|60|8443|2666|2603|3428|1968|1286|406|396|522|300|9989|3222|2999|3950|2268
C025|59|0|12|100|8443|2666|2603|3428|1968|2317|732|714|941|540|11020|3548|3317|4369|2508
C025|59|1|0|0|8113|2562|2501|3294|1891|0|0|0|0|0|8373|2712|2501|3294|1891
C025|59|1|0|4|8113|2562|2501|3294|1891|58|18|18|24|14|8431|2730|2519|3318|1905
C025|59|1|0|20|8113|2562|2501|3294|1891|376|119|116|153|88|8749|2831|2617|3447|1979
C025|59|1|0|60|8113|2562|2501|3294|1891|1236|390|381|502|288|9609|3102|2882|3796|2179
C025|59|1|0|100|8113|2562|2501|3294|1891|2226|703|686|904|519|10599|3415|3187|4198|2410
C025|59|1|1|0|8145|2572|2511|3307|1898|0|0|0|0|0|8405|2722|2511|3307|1898
C025|59|1|1|4|8145|2572|2511|3307|1898|59|19|18|24|14|8464|2741|2529|3331|1912
C025|59|1|1|20|8145|2572|2511|3307|1898|378|119|116|153|88|8783|2841|2627|3460|1986
C025|59|1|1|60|8145|2572|2511|3307|1898|1241|392|382|504|289|9646|3114|2893|3811|2187
C025|59|1|1|100|8145|2572|2511|3307|1898|2235|706|689|907|521|10640|3428|3200|4214|2419
C025|59|1|12|0|8496|2683|2619|3450|1980|0|0|0|0|0|8756|2833|2619|3450|1980
C025|59|1|12|4|8496|2683|2619|3450|1980|61|19|19|25|14|8817|2852|2638|3475|1994
C025|59|1|12|20|8496|2683|2619|3450|1980|394|124|121|160|92|9150|2957|2740|3610|2072
C025|59|1|12|60|8496|2683|2619|3450|1980|1294|409|399|526|302|10050|3242|3018|3976|2282
C025|59|1|12|100|8496|2683|2619|3450|1980|2331|736|719|947|543|11087|3569|3338|4397|2523
C025|59|6|0|0|8379|2646|2583|3402|1953|0|0|0|0|0|8639|2796|2583|3402|1953
C025|59|6|0|4|8379|2646|2583|3402|1953|60|19|19|24|14|8699|2815|2602|3426|1967
C025|59|6|0|20|8379|2646|2583|3402|1953|388|123|120|158|91|9027|2919|2703|3560|2044
C025|59|6|0|60|8379|2646|2583|3402|1953|1276|403|393|518|297|9915|3199|2976|3920|2250
C025|59|6|0|100|8379|2646|2583|3402|1953|2299|726|709|934|536|10938|3522|3292|4336|2489
C025|59|6|1|0|8411|2656|2593|3415|1960|0|0|0|0|0|8671|2806|2593|3415|1960
C025|59|6|1|4|8411|2656|2593|3415|1960|61|19|19|25|14|8732|2825|2612|3440|1974
C025|59|6|1|20|8411|2656|2593|3415|1960|390|123|120|158|91|9061|2929|2713|3573|2051
C025|59|6|1|60|8411|2656|2593|3415|1960|1281|405|395|520|299|9952|3211|2988|3935|2259
C025|59|6|1|100|8411|2656|2593|3415|1960|2308|729|712|937|538|10979|3535|3305|4352|2498
C025|59|6|12|0|8762|2767|2701|3558|2042|0|0|0|0|0|9022|2917|2701|3558|2042
C025|59|6|12|4|8762|2767|2701|3558|2042|63|20|19|26|15|9085|2937|2720|3584|2057
C025|59|6|12|20|8762|2767|2701|3558|2042|406|128|125|165|95|9428|3045|2826|3723|2137
C025|59|6|12|60|8762|2767|2701|3558|2042|1335|421|411|542|311|10357|3338|3112|4100|2353
C025|59|6|12|100|8762|2767|2701|3558|2042|2404|759|741|976|560|11426|3676|3442|4534|2602
C025|60|0|0|0|8153|2575|2513|3310|1900|0|0|0|0|0|8413|2725|2513|3310|1900
C025|60|0|0|4|8153|2575|2513|3310|1900|59|19|18|24|14|8472|2744|2531|3334|1914
C025|60|0|0|20|8153|2575|2513|3310|1900|378|119|117|153|88|8791|2844|2630|3463|1988
C025|60|0|0|60|8153|2575|2513|3310|1900|1242|392|383|504|289|9655|3117|2896|3814|2189
C025|60|0|0|100|8153|2575|2513|3310|1900|2237|707|690|908|521|10650|3432|3203|4218|2421
C025|60|0|1|0|8185|2585|2523|3323|1908|0|0|0|0|0|8445|2735|2523|3323|1908
C025|60|0|1|4|8185|2585|2523|3323|1908|59|19|18|24|14|8504|2754|2541|3347|1922
C025|60|0|1|20|8185|2585|2523|3323|1908|379|120|117|154|88|8824|2855|2640|3477|1996
C025|60|0|1|60|8185|2585|2523|3323|1908|1247|394|384|506|291|9692|3129|2907|3829|2199
C025|60|0|1|100|8185|2585|2523|3323|1908|2246|709|692|912|524|10691|3444|3215|4235|2432
C025|60|0|12|0|8536|2696|2631|3466|1990|0|0|0|0|0|8796|2846|2631|3466|1990
C025|60|0|12|4|8536|2696|2631|3466|1990|61|19|19|25|14|8857|2865|2650|3491|2004
C025|60|0|12|20|8536|2696|2631|3466|1990|396|125|122|161|92|9192|2971|2753|3627|2082
C025|60|0|12|60|8536|2696|2631|3466|1990|1300|411|401|528|303|10096|3257|3032|3994|2293
C025|60|0|12|100|8536|2696|2631|3466|1990|2342|740|722|951|546|11138|3586|3353|4417|2536
C025|60|1|0|0|8206|2591|2530|3332|1913|0|0|0|0|0|8466|2741|2530|3332|1913
C025|60|1|0|4|8206|2591|2530|3332|1913|59|19|18|24|14|8525|2760|2548|3356|1927
C025|60|1|0|20|8206|2591|2530|3332|1913|380|120|117|154|89|8846|2861|2647|3486|2002
C025|60|1|0|60|8206|2591|2530|3332|1913|1250|395|385|508|291|9716|3136|2915|3840|2204
C025|60|1|0|100|8206|2591|2530|3332|1913|2252|711|694|914|525|10718|3452|3224|4246|2438
C025|60|1|1|0|8238|2601|2540|3345|1920|0|0|0|0|0|8498|2751|2540|3345|1920
C025|60|1|1|4|8238|2601|2540|3345|1920|59|19|18|24|14|8557|2770|2558|3369|1934
C025|60|1|1|20|8238|2601|2540|3345|1920|382|121|118|155|89|8880|2872|2658|3500|2009
C025|60|1|1|60|8238|2601|2540|3345|1920|1255|396|387|510|292|9753|3147|2927|3855|2212
C025|60|1|1|100|8238|2601|2540|3345|1920|2261|714|697|918|527|10759|3465|3237|4263|2447
C025|60|1|12|0|8589|2712|2648|3487|2002|0|0|0|0|0|8849|2862|2648|3487|2002
C025|60|1|12|4|8589|2712|2648|3487|2002|62|20|19|25|14|8911|2882|2667|3512|2016
C025|60|1|12|20|8589|2712|2648|3487|2002|398|126|123|162|93|9247|2988|2771|3649|2095
C025|60|1|12|60|8589|2712|2648|3487|2002|1308|413|403|531|305|10157|3275|3051|4018|2307
C025|60|1|12|100|8589|2712|2648|3487|2002|2357|744|727|957|549|11206|3606|3375|4444|2551
C025|60|6|0|0|8472|2675|2612|3440|1975|0|0|0|0|0|8732|2825|2612|3440|1975
C025|60|6|0|4|8472|2675|2612|3440|1975|61|19|19|25|14|8793|2844|2631|3465|1989
C025|60|6|0|20|8472|2675|2612|3440|1975|393|124|121|159|92|9125|2949|2733|3599|2067
C025|60|6|0|60|8472|2675|2612|3440|1975|1290|407|398|524|301|10022|3232|3010|3964|2276
C025|60|6|0|100|8472|2675|2612|3440|1975|2325|734|717|944|542|11057|3559|3329|4384|2517
C025|60|6|1|0|8504|2685|2622|3453|1982|0|0|0|0|0|8764|2835|2622|3453|1982
C025|60|6|1|4|8504|2685|2622|3453|1982|61|19|19|25|14|8825|2854|2641|3478|1996
C025|60|6|1|20|8504|2685|2622|3453|1982|394|124|122|160|92|9158|2959|2744|3613|2074
C025|60|6|1|60|8504|2685|2622|3453|1982|1295|409|399|526|302|10059|3244|3021|3979|2284
C025|60|6|1|100|8504|2685|2622|3453|1982|2333|737|719|948|544|11097|3572|3341|4401|2526
C025|60|6|12|0|8855|2796|2730|3595|2064|0|0|0|0|0|9115|2946|2730|3595|2064
C025|60|6|12|4|8855|2796|2730|3595|2064|64|20|20|26|15|9179|2966|2750|3621|2079
C025|60|6|12|20|8855|2796|2730|3595|2064|411|130|127|167|96|9526|3076|2857|3762|2160
C025|60|6|12|60|8855|2796|2730|3595|2064|1349|426|416|548|314|10464|3372|3146|4143|2378
C025|60|6|12|100|8855|2796|2730|3595|2064|2430|767|749|986|566|11545|3713|3479|4581|2630
