wiki,wiki_label,section,name,content_id,path,ok
dc,国际服,新手入门,入坑攻略-从零开始的保姆向指南,58596,新手入门 / 新手教学 / 入坑攻略-从零开始的保姆向指南,1
dc,国际服,新手入门,新手入门,21136,新手入门 / 新手教学 / 新手入门,1
dc,国际服,新手入门,萌新指北视频,44726,新手入门 / 新手教学 / 萌新指北视频,1
dc,国际服,新手入门,账号发展思路,301604,新手入门 / 新手教学 / 账号发展思路,1
dc,国际服,新手入门,百科全书,166052,新手入门 / 新手教学 / 百科全书,1
dc,国际服,新手入门,天子绰号表,585096,新手入门 / 新手教学 / 天子绰号表,1
dc,国际服,新手入门,全角色评价表,75195,新手入门 / 新手教学 / 全角色评价表,1
dc,国际服,新手入门,新手问题1,166053,新手入门 / 新手教学 / 新手问题1,1
dc,国际服,新手入门,新手问题2,166070,新手入门 / 新手教学 / 新手问题2,1
dc,国际服,新手入门,防踩坑必看,166822,新手入门 / 新手教学 / 防踩坑必看,1
dc,国际服,新手入门,配队思路大全,166058,新手入门 / 新手教学 / 配队思路大全,1
dc,国际服,新手入门,游戏系统介绍,77671,新手入门 / 新手教学 / 游戏系统介绍,1
dc,国际服,新手入门,魂卡培养,24450,新手入门 / 新手教学 / 魂卡培养,1
dc,国际服,新手入门,WB入门,22411,新手入门 / 新手教学 / WB入门,1
dc,国际服,新手入门,Raid入门,22652,新手入门 / 新手教学 / Raid入门,1
dc,国际服,新手入门,重生迷宫,29732,新手入门 / 新手教学 / 重生迷宫,1
dc,国际服,新手入门,玩家心得分享,169695,新手入门 / 新手教学 / 玩家心得分享,1
dc,国际服,新手入门,账号切换方法,81235,新手入门 / 新手教学 / 账号切换方法,1
dc,国际服,新手入门,LSP入门,87264,新手入门 / 新手教学 / LSP入门,1
dc,国际服,新手入门,和谐立绘对比,588214,新手入门 / 新手教学 / 和谐立绘对比,1
dc,国际服,新手入门,模拟器教学,22221,新手入门 / 工具 / 模拟器教学,1
dc,国际服,新手入门,天子攻略组,20275,新手入门 / 工具 / 天子攻略组,1
dc,国际服,新手入门,萌新安利贴,49756,新手入门 / 工具 / 萌新安利贴,1
dc,国际服,新手入门,关于账号登录,21707,新手入门 / 工具 / 关于账号登录,1
dc,国际服,新手入门,反和谐,21775,新手入门 / 工具 / 反和谐,1
dc,国际服,新手入门,Mod管理器,57137,新手入门 / 工具 / Mod管理器,1
dc,国际服,新手入门,相关网站参考,41551,新手入门 / 工具 / 相关网站参考,1
dc,国际服,新手入门,刷初始,9988,新手入门 / 工具 / 刷初始,1
dc,国际服,新手入门,模拟器推荐,27698,新手入门 / 工具 / 模拟器推荐,1
dc,国际服,新手入门,天子升星方法,70473,新手入门 / 进阶知识 / 天子升星方法,1
dc,国际服,新手入门,WB常用天子,73498,新手入门 / 进阶知识 / WB常用天子,1
dc,国际服,新手入门,活动掉率统计,164413,新手入门 / 进阶知识 / 活动掉率统计,1
dc,国际服,新手入门,点火系统教学,168169,新手入门 / 进阶知识 / 点火系统教学,1
dc,国际服,新手入门,点火思路推荐,80730,新手入门 / 进阶知识 / 点火思路推荐,1
dc,国际服,新手入门,氪金方法&推荐,71387,新手入门 / 进阶知识 / 氪金方法&推荐,1
dc,国际服,新手入门,全资源用法,71966,新手入门 / 进阶知识 / 全资源用法,1
dc,国际服,新手入门,抽卡方法,72347,新手入门 / 进阶知识 / 抽卡方法,1
dc,国际服,新手入门,全关卡资源经验值,80696,新手入门 / 进阶知识 / 全关卡资源经验值,1
dc,国际服,新手入门,自选箱使用方法,75573,新手入门 / 进阶知识 / 自选箱使用方法,1
dc,国际服,新手入门,史莱姆用法,4772,新手入门 / 进阶知识 / 史莱姆用法,1
dc,国际服,新手入门,限时任务,21773,新手入门 / 进阶知识 / 限时任务,1
dc,国际服,新手入门,温泉及抓鬼解说,26199,新手入门 / 进阶知识 / 温泉及抓鬼解说,1
dc,国际服,新手入门,红石使用方向,29725,新手入门 / 进阶知识 / 红石使用方向,1
dc,国际服,新手入门,练级方法,68577,新手入门 / 进阶知识 / 练级方法,1
dc,国际服,新手入门,夏娃的冒險,152979,新手入门 / 进阶知识 / 夏娃的冒險,1
dc,国际服,新手入门,快速低保PVP指南,72299,新手入门 / 进阶知识 / 快速低保PVP指南,1
dc,国际服,新手入门,抽卡模拟器,161590,新手入门 / 进阶知识 / 抽卡模拟器,1
dc,国际服,新手入门,还魂推荐,59271,新手入门 / 进阶知识 / 还魂推荐,1
dc,国际服,新手入门,还魂概率详解,69215,新手入门 / 进阶知识 / 还魂概率详解,1
dc,国际服,新手入门,人偶＆星云系统详解,169618,新手入门 / 进阶知识 / 人偶＆星云系统详解,1
dc,国际服,新手入门,剧情设定,154795,新手入门 / 进阶知识 / 剧情设定,1
dc,国际服,新手入门,剧情梗概,155536,新手入门 / 进阶知识 / 剧情梗概,1
dc,国际服,新手入门,剧情故事,166355,新手入门 / 进阶知识 / 剧情故事,1
dc,国际服,新手入门,转生馆介绍,21573,新手入门 / 官方系统说明 / 转生馆介绍,1
dc,国际服,新手入门,装备加工系统介绍,37396,新手入门 / 官方系统说明 / 装备加工系统介绍,1
dc,国际服,新手入门,无尽对决,83943,新手入门 / 官方系统说明 / 无尽对决,1
dc,国际服,新手入门,魔王争霸战,26610,新手入门 / 官方系统说明 / 魔王争霸战,1
dc,国际服,新手入门,温泉系统介绍,25568,新手入门 / 官方系统说明 / 温泉系统介绍,1
dc,国际服,新手入门,点火系统介绍,62504,新手入门 / 官方系统说明 / 点火系统介绍,1
dc,国际服,新手入门,诸神强袭：炸裂 ,90638,新手入门 / 官方系统说明 / 诸神强袭：炸裂 ,1
dc,国际服,新手入门,快速提升战力,4773,新手入门 / 旧攻略 / 快速提升战力,1
dc,国际服,新手入门,一年份的新天子预言,27767,新手入门 / 旧攻略 / 一年份的新天子预言,1
dc,国际服,太空漫步,5v5小关攻略,582327,太空漫步 / 攻略 / 5v5小关攻略,1
dc,国际服,太空漫步,关底Boss,585493,太空漫步 / 攻略 / 关底Boss,1
dc,国际服,太空漫步,星云1＆2作业,169022,太空漫步 / 攻略 / 星云1＆2作业,1
dc,国际服,太空漫步,星云&人偶实战攻略,164895,太空漫步 / 攻略 / 星云&人偶实战攻略,1
dc,国际服,太空漫步,星主岛夫人,585159,太空漫步 / 攻略 / 星主岛夫人,1
dc,国际服,太空漫步,星主狐狸,585160,太空漫步 / 攻略 / 星主狐狸,1
dc,国际服,太空漫步,星主亚里亚,586170,太空漫步 / 攻略 / 星主亚里亚,1
dc,国际服,地狱地铁,地狱地铁入门,576728,地狱地铁 / 攻略 / 地狱地铁入门,1
dc,国际服,地狱地铁,地狱地铁攻略,593070,地狱地铁 / 攻略 / 地狱地铁攻略,1
dc,国际服,地狱地铁,彩色附魔指南,590401,地狱地铁 / 攻略 / 彩色附魔指南,1
dc,国际服,高级讨论,PVP通用作业,155947,高级讨论 / 高端攻略 / PVP通用作业,1
dc,国际服,高级讨论,竞技场攻略指南,63910,高级讨论 / 高端攻略 / 竞技场攻略指南,1
dc,国际服,高级讨论,无尽乱斗攻略,81513,高级讨论 / 高端攻略 / 无尽乱斗攻略,1
dc,国际服,高级讨论,PVP附魔选择,65592,高级讨论 / 高端攻略 / PVP附魔选择,1
dc,国际服,高级讨论,日服角色千里眼,89634,高级讨论 / 高端攻略 / 日服角色千里眼,1
dc,国际服,高级讨论,还魂/点火狗粮,65564,高级讨论 / 高端攻略 / 还魂/点火狗粮,1
dc,国际服,高级讨论,点火石挑选,68263,高级讨论 / 高端攻略 / 点火石挑选,1
dc,国际服,高级讨论,WB刀卡点火核心推荐,48889,高级讨论 / 高端攻略 / WB刀卡点火核心推荐,1
dc,国际服,高级讨论,人偶评价预攻略,155837,高级讨论 / 高端攻略 / 人偶评价预攻略,1
dc,国际服,高级讨论,RB＆WB计算器,166307,高级讨论 / 高端攻略 / RB＆WB计算器,1
dc,国际服,高级讨论,温泉计算器,27445,高级讨论 / 高端攻略 / 温泉计算器,1
dc,国际服,高级讨论,伤害计算器,48888,高级讨论 / 高端攻略 / 伤害计算器,1
dc,国际服,高级讨论,三服进度差,53916,高级讨论 / 各类科普 / 三服进度差,1
dc,国际服,高级讨论,减益延长＆命中机制探寻,73484,高级讨论 / 各类科普 / 减益延长＆命中机制探寻,1
dc,国际服,高级讨论,减益爆发,22783,高级讨论 / 各类科普 / 减益爆发,1
dc,国际服,高级讨论,加速充能科普,63898,高级讨论 / 各类科普 / 加速充能科普,1
dc,国际服,高级讨论,Buff种类科普,68552,高级讨论 / 各类科普 / Buff种类科普,1
dc,国际服,高级讨论,SS冷却时间,68352,高级讨论 / 各类科普 / SS冷却时间,1
dc,国际服,高级讨论,奇怪的知识,51897,高级讨论 / 各类科普 / 奇怪的知识,1
dc,国际服,高级讨论,百分比刀探讨,48899,高级讨论 / 各类科普 / 百分比刀探讨,1
dc,国际服,高级讨论,暴击科普,75232,高级讨论 / 各类科普 / 暴击科普,1
dc,国际服,高级讨论,四星百分比刀应用,70904,高级讨论 / 各类科普 / 四星百分比刀应用,1
dc,国际服,高级讨论,国际服TS、SS与FT伤害公式完善,52136,高级讨论 / 各类科普 / 国际服TS、SS与FT伤害公式完善,1
dc,国际服,高级讨论,强化Ⅰ/Ⅱ区别,69146,高级讨论 / 各类科普 / 强化Ⅰ/Ⅱ区别,1
dc,国际服,高级讨论,游戏运行优化方法,167496,高级讨论 / 各类科普 / 游戏运行优化方法,1
dc,国际服,高级讨论,火击剑＆火队的反制方法,153646,高级讨论 / PVP / 火击剑＆火队的反制方法,1
dc,国际服,高级讨论,角色用法&天梯图,76034,高级讨论 / PVP / 角色用法&天梯图,1
dc,国际服,高级讨论,PVP前瞻分析,70616,高级讨论 / PVP / PVP前瞻分析,1
dc,国际服,高级讨论,无限乱斗前瞻,80669,高级讨论 / PVP / 无限乱斗前瞻,1
dc,国际服,高级讨论,PVP杂谈,77713,高级讨论 / PVP / PVP杂谈,1
dc,国际服,高级讨论,WB跨属性队伍理论,78150,高级讨论 / WB / WB跨属性队伍理论,1
dc,国际服,高级讨论,进阶Raid手操攻略,86380,高级讨论 / RD / 进阶Raid手操攻略,1
dc,国际服,高级讨论,raid初阶手操教学,74563,高级讨论 / RD / raid初阶手操教学,1
dc,国际服,高级讨论,PVP小课堂,70345,高级讨论 / 旧攻略 / PVP小课堂,1
dc,国际服,高级讨论,竞技场攻略-婚巴花奶版本,30198,高级讨论 / 旧攻略 / 竞技场攻略-婚巴花奶版本,1
dc,国际服,高级讨论,PVP常见阵容,22011,高级讨论 / 旧攻略 / PVP常见阵容,1
dc,国际服,高级讨论,PVP属性调整,26884,高级讨论 / 旧攻略 / PVP属性调整,1
dc,国际服,高级讨论,一图流攻略【长期更新】,58489,高级讨论 / 旧攻略 / 一图流攻略【长期更新】,1
dc,国际服,高级讨论,PVP进阶,21637,高级讨论 / 旧攻略 / PVP进阶,1
dc,国际服,高级讨论,PVP常见配队,57584,高级讨论 / 旧攻略 / PVP常见配队,1
dc,国际服,高级讨论,PVP刀卡选择,63940,高级讨论 / 旧攻略 / PVP刀卡选择,1
dc,国际服,高级讨论,PVP天子分析,58645,高级讨论 / 旧攻略 / PVP天子分析,1
dc,国际服,高级讨论,温泉预测（作废）,24643,高级讨论 / 旧攻略 / 温泉预测（作废）,1
dc,国际服,高级讨论,新手练角方向,5690,高级讨论 / 旧攻略 / 新手练角方向,1
dc,国际服,高级讨论,四星点火推荐,63899,高级讨论 / 旧攻略 / 四星点火推荐,1
dc,国际服,高级讨论,点火词条的选择,62628,高级讨论 / 旧攻略 / 点火词条的选择,1
dc,国际服,高级讨论,还魂推荐榜（暂时停更）,21727,高级讨论 / 旧攻略 / 还魂推荐榜（暂时停更）,1
dc,国际服,高级讨论,歌牌搭配推荐,29020,高级讨论 / 旧攻略 / 歌牌搭配推荐,1
dc,国际服,高级讨论,萌新十问,21672,高级讨论 / 旧攻略 / 萌新十问,1
dc,国际服,高级讨论,萌新必看,10095,高级讨论 / 旧攻略 / 萌新必看,1
dc,国际服,高级讨论,萌新指北,21636,高级讨论 / 旧攻略 / 萌新指北,1
dc,国际服,高级讨论,挂机效率参考,10067,高级讨论 / 旧攻略 / 挂机效率参考,1
dc,国际服,高级讨论,火星攻略,23800,高级讨论 / 旧攻略 / 火星攻略,1
dc,国际服,高级讨论,WB历史数据统计,52226,高级讨论 / 旧攻略 / WB历史数据统计,1
dc,国际服,高级讨论,低星天子收藏,27545,高级讨论 / 旧攻略 / 低星天子收藏,1
dc,国际服,高级讨论,伤害计算方法,22457,高级讨论 / 旧攻略 / 伤害计算方法,1
dc,国际服,高级讨论,综合节奏榜,60221,高级讨论 / 旧攻略 / 综合节奏榜,1
dc,国际服,高级讨论,附魔词条的选择,38112,高级讨论 / 旧攻略 / 附魔词条的选择,1
dc,国际服,高级讨论,未来活动难点预告与准备,36890,高级讨论 / 旧攻略 / 未来活动难点预告与准备,1
dc,国际服,高级讨论,国际服活动统计,37118,高级讨论 / 近期活动专题 / 国际服活动统计,1
dc,国际服,高级讨论,国际服未来WB标准阵容预览,86150,高级讨论 / 近期活动专题 / 国际服未来WB标准阵容预览,1
dc,国际服,高级讨论,Raid通用作业,166057,高级讨论 / 近期活动专题 / Raid通用作业,1
dc,国际服,高级讨论,"7,20火Raid攻略",595322,"高级讨论 / 近期活动专题 / 7,20火Raid攻略",1
dc,国际服,高级讨论,丽莎作业建议,595269,高级讨论 / 近期活动专题 / 丽莎作业建议,1
dc,国际服,高级讨论,7.20卡池建议,595273,高级讨论 / 近期活动专题 / 7.20卡池建议,1
dc,国际服,高级讨论,7.20新角评价,595320,高级讨论 / 近期活动专题 / 7.20新角评价,1
dc,国际服,高级讨论,8.3卡池建议,596790,高级讨论 / 近期活动专题 / 8.3卡池建议,1
dc,国际服,高级讨论,8.17最后的活动建议,597692,高级讨论 / 近期活动专题 / 8.17最后的活动建议,1
dc,国际服,高级讨论,7.13发带池建议,594765,高级讨论 / 抽卡&活动建议 / 7.13发带池建议,1
dc,国际服,高级讨论,7.6卡池建议,594245,高级讨论 / 抽卡&活动建议 / 7.6卡池建议,1
dc,国际服,高级讨论,6.15发带池建议,592789,高级讨论 / 抽卡&活动建议 / 6.15发带池建议,1
dc,国际服,高级讨论,6.22卡池建议,593090,高级讨论 / 抽卡&活动建议 / 6.22卡池建议,1
dc,国际服,高级讨论,6.8日卡池建议,592300,高级讨论 / 抽卡&活动建议 / 6.8日卡池建议,1
dc,国际服,高级讨论,5.25卡池建议,591270,高级讨论 / 抽卡&活动建议 / 5.25卡池建议,1
dc,国际服,高级讨论,5.18发带池建议,590998,高级讨论 / 抽卡&活动建议 / 5.18发带池建议,1
dc,国际服,高级讨论,5.11卡池建议,590477,高级讨论 / 抽卡&活动建议 / 5.11卡池建议,1
dc,国际服,高级讨论,4.27卡池建议,589597,高级讨论 / 抽卡&活动建议 / 4.27卡池建议,1
dc,国际服,高级讨论,4.20发带池建议,588863,高级讨论 / 抽卡&活动建议 / 4.20发带池建议,1
dc,国际服,高级讨论,4.13卡池建议,588159,高级讨论 / 抽卡&活动建议 / 4.13卡池建议,1
dc,国际服,高级讨论,3.30卡池建议,586990,高级讨论 / 抽卡&活动建议 / 3.30卡池建议,1
dc,国际服,高级讨论,3.23卡池建议,586681,高级讨论 / 抽卡&活动建议 / 3.23卡池建议,1
dc,国际服,高级讨论,3.16卡池建议,585951,高级讨论 / 抽卡&活动建议 / 3.16卡池建议,1
dc,国际服,高级讨论,3.2卡池建议,584734,高级讨论 / 抽卡&活动建议 / 3.2卡池建议,1
dc,国际服,高级讨论,2.23发带池建议,584384,高级讨论 / 抽卡&活动建议 / 2.23发带池建议,1
dc,国际服,高级讨论,2.16卡池建议,583837,高级讨论 / 抽卡&活动建议 / 2.16卡池建议,1
dc,国际服,高级讨论,丽莎作业建议,580121,高级讨论 / 抽卡&活动建议 / 丽莎作业建议,1
dc,国际服,高级讨论,2.2卡池建议,582259,高级讨论 / 抽卡&活动建议 / 2.2卡池建议,1
dc,国际服,高级讨论,1.26卡池建议,581796,高级讨论 / 抽卡&活动建议 / 1.26卡池建议,1
dc,国际服,高级讨论,1.19卡池建议,581330,高级讨论 / 抽卡&活动建议 / 1.19卡池建议,1
dc,国际服,高级讨论,1.5卡池建议,580120,高级讨论 / 抽卡&活动建议 / 1.5卡池建议,1
dc,国际服,高级讨论,12.29卡池建议,579657,高级讨论 / 抽卡&活动建议 / 12.29卡池建议,1
dc,国际服,高级讨论,12.22卡池建议,579230,高级讨论 / 抽卡&活动建议 / 12.22卡池建议,1
dc,国际服,高级讨论,12.08卡池建议,577878,高级讨论 / 抽卡&活动建议 / 12.08卡池建议,1
dc,国际服,高级讨论,12.01卡池建议,577246,高级讨论 / 抽卡&活动建议 / 12.01卡池建议,1
dc,国际服,高级讨论,11.24卡池建议,576591,高级讨论 / 抽卡&活动建议 / 11.24卡池建议,1
dc,国际服,高级讨论,11.10卡池建议,171858,高级讨论 / 抽卡&活动建议 / 11.10卡池建议,1
dc,国际服,高级讨论,11.03卡池建议,170815,高级讨论 / 抽卡&活动建议 / 11.03卡池建议,1
dc,国际服,高级讨论,10.27卡池建议,170259,高级讨论 / 抽卡&活动建议 / 10.27卡池建议,1
dc,国际服,高级讨论,10.13卡池建议,168944,高级讨论 / 抽卡&活动建议 / 10.13卡池建议,1
dc,国际服,高级讨论,10.6卡池建议,168645,高级讨论 / 抽卡&活动建议 / 10.6卡池建议,1
dc,国际服,高级讨论,9.29卡池建议,168176,高级讨论 / 抽卡&活动建议 / 9.29卡池建议,1
dc,国际服,高级讨论,丽莎作业建议,165139,高级讨论 / 抽卡&活动建议 / 丽莎作业建议,1
dc,国际服,高级讨论,9.08卡池建议,166698,高级讨论 / 抽卡&活动建议 / 9.08卡池建议,1
dc,国际服,高级讨论,9.15卡池建议,167063,高级讨论 / 抽卡&活动建议 / 9.15卡池建议,1
dc,国际服,高级讨论,9.01卡池建议,166119,高级讨论 / 抽卡&活动建议 / 9.01卡池建议,1
dc,国际服,高级讨论,8.18卡池建议,165075,高级讨论 / 抽卡&活动建议 / 8.18卡池建议,1
dc,国际服,高级讨论,8.11卡池建议,164758,高级讨论 / 抽卡&活动建议 / 8.11卡池建议,1
dc,国际服,高级讨论,8.04卡池建议,163735,高级讨论 / 抽卡&活动建议 / 8.04卡池建议,1
dc,国际服,高级讨论,7.21卡池建议,162559,高级讨论 / 抽卡&活动建议 / 7.21卡池建议,1
dc,国际服,高级讨论,7.14卡池建议,161887,高级讨论 / 抽卡&活动建议 / 7.14卡池建议,1
dc,国际服,高级讨论,7.07卡池建议,161500,高级讨论 / 抽卡&活动建议 / 7.07卡池建议,1
dc,国际服,高级讨论,6.23卡池建议,160141,高级讨论 / 抽卡&活动建议 / 6.23卡池建议,1
dc,国际服,高级讨论,6.16卡池建议,159388,高级讨论 / 抽卡&活动建议 / 6.16卡池建议,1
dc,国际服,高级讨论,6.09卡池建议,158586,高级讨论 / 抽卡&活动建议 / 6.09卡池建议,1
dc,国际服,高级讨论,5.19卡池建议,156485,高级讨论 / 抽卡&活动建议 / 5.19卡池建议,1
dc,国际服,高级讨论,5.12卡池建议,155936,高级讨论 / 抽卡&活动建议 / 5.12卡池建议,1
dc,国际服,高级讨论,4.28卡池建议,155212,高级讨论 / 抽卡&活动建议 / 4.28卡池建议,1
dc,国际服,高级讨论,4.24卡池建议,154772,高级讨论 / 抽卡&活动建议 / 4.24卡池建议,1
dc,国际服,高级讨论,4.14卡池建议,154142,高级讨论 / 抽卡&活动建议 / 4.14卡池建议,1
dc,国际服,高级讨论,3.31活动建议,152937,高级讨论 / 抽卡&活动建议 / 3.31活动建议,1
dc,国际服,高级讨论,3.24卡池建议,152407,高级讨论 / 抽卡&活动建议 / 3.24卡池建议,1
dc,国际服,高级讨论,3.17活动建议,151934,高级讨论 / 抽卡&活动建议 / 3.17活动建议,1
dc,国际服,高级讨论,3.10活动建议,151624,高级讨论 / 抽卡&活动建议 / 3.10活动建议,1
dc,国际服,高级讨论,2.24活动建议,151126,高级讨论 / 抽卡&活动建议 / 2.24活动建议,1
dc,国际服,高级讨论,2.17日卡池建议,150952,高级讨论 / 抽卡&活动建议 / 2.17日卡池建议,1
dc,国际服,高级讨论,2.10活动建议,97164,高级讨论 / 抽卡&活动建议 / 2.10活动建议,1
dc,国际服,高级讨论,2.3日卡池建议,97011,高级讨论 / 抽卡&活动建议 / 2.3日卡池建议,1
dc,国际服,高级讨论,1.27活动建议,96752,高级讨论 / 抽卡&活动建议 / 1.27活动建议,1
dc,国际服,高级讨论,1.13活动建议,96260,高级讨论 / 抽卡&活动建议 / 1.13活动建议,1
dc,国际服,高级讨论,12.30抽卡建议,95459,高级讨论 / 抽卡&活动建议 / 12.30抽卡建议,1
dc,国际服,高级讨论,12.22活动建议,94850,高级讨论 / 抽卡&活动建议 / 12.22活动建议,1
dc,国际服,高级讨论,12.16抽卡建议,94313,高级讨论 / 抽卡&活动建议 / 12.16抽卡建议,1
dc,国际服,高级讨论,12.9活动建议,93875,高级讨论 / 抽卡&活动建议 / 12.9活动建议,1
dc,国际服,高级讨论,12.2新活动建议,93439,高级讨论 / 抽卡&活动建议 / 12.2新活动建议,1
dc,国际服,高级讨论,11.25活动建议,92638,高级讨论 / 抽卡&活动建议 / 11.25活动建议,1
dc,国际服,高级讨论,11.11卡池建议,91775,高级讨论 / 抽卡&活动建议 / 11.11卡池建议,1
dc,国际服,高级讨论,11.18卡池建议,92184,高级讨论 / 抽卡&活动建议 / 11.18卡池建议,1
dc,国际服,高级讨论,11.4抽卡建议,91302,高级讨论 / 抽卡&活动建议 / 11.4抽卡建议,1
dc,国际服,高级讨论,10.28活动建议,90639,高级讨论 / 抽卡&活动建议 / 10.28活动建议,1
dc,国际服,高级讨论,10.14活动建议,89786,高级讨论 / 抽卡&活动建议 / 10.14活动建议,1
dc,国际服,高级讨论,10.22抽卡建议,90098,高级讨论 / 抽卡&活动建议 / 10.22抽卡建议,1
dc,国际服,高级讨论,10.6抽卡建议,89589,高级讨论 / 抽卡&活动建议 / 10.6抽卡建议,1
dc,国际服,高级讨论,9.30活动建议,89307,高级讨论 / 抽卡&活动建议 / 9.30活动建议,1
dc,国际服,高级讨论,9.23抽卡建议,88848,高级讨论 / 抽卡&活动建议 / 9.23抽卡建议,1
dc,国际服,高级讨论,9.15抽卡建议,88359,高级讨论 / 抽卡&活动建议 / 9.15抽卡建议,1
dc,国际服,高级讨论,9.9活动建议,87898,高级讨论 / 抽卡&活动建议 / 9.9活动建议,1
dc,国际服,高级讨论,9.2抽卡建议,87292,高级讨论 / 抽卡&活动建议 / 9.2抽卡建议,1
dc,国际服,高级讨论,8.26活动建议,86632,高级讨论 / 抽卡&活动建议 / 8.26活动建议,1
dc,国际服,高级讨论,8.18抽卡&活动建议,85892,高级讨论 / 抽卡&活动建议 / 8.18抽卡&活动建议,1
dc,国际服,高级讨论,8.12活动建议,85340,高级讨论 / 抽卡&活动建议 / 8.12活动建议,1
dc,国际服,高级讨论,8.5抽卡建议,84843,高级讨论 / 抽卡&活动建议 / 8.5抽卡建议,1
dc,国际服,高级讨论,7.29活动建议,83937,高级讨论 / 抽卡&活动建议 / 7.29活动建议,1
dc,国际服,高级讨论,7.22抽卡建议,83439,高级讨论 / 抽卡&活动建议 / 7.22抽卡建议,1
dc,国际服,高级讨论,7.15活动建议,82862,高级讨论 / 抽卡&活动建议 / 7.15活动建议,1
dc,国际服,高级讨论,7.8抽卡建议,82388,高级讨论 / 抽卡&活动建议 / 7.8抽卡建议,1
dc,国际服,高级讨论,7.1活动建议,81531,高级讨论 / 抽卡&活动建议 / 7.1活动建议,1
dc,国际服,高级讨论,6.24抽卡建议,81135,高级讨论 / 抽卡&活动建议 / 6.24抽卡建议,1
dc,国际服,高级讨论,6.17活动建议,78356,高级讨论 / 抽卡&活动建议 / 6.17活动建议,1
dc,国际服,高级讨论,6.10抽卡建议,77995,高级讨论 / 抽卡&活动建议 / 6.10抽卡建议,1
dc,国际服,高级讨论,6.3更新解析,77410,高级讨论 / 抽卡&活动建议 / 6.3更新解析,1
dc,国际服,高级讨论,5.26抽卡建议,76828,高级讨论 / 抽卡&活动建议 / 5.26抽卡建议,1
dc,国际服,高级讨论,5.20氪金建议,76593,高级讨论 / 抽卡&活动建议 / 5.20氪金建议,1
dc,国际服,高级讨论,5.6日氪金建议,75649,高级讨论 / 抽卡&活动建议 / 5.6日氪金建议,1
dc,国际服,高级讨论,5.13抽卡氪金建议,76050,高级讨论 / 抽卡&活动建议 / 5.13抽卡氪金建议,1
dc,国际服,高级讨论,4.28抽卡氪金建议,74802,高级讨论 / 抽卡&活动建议 / 4.28抽卡氪金建议,1
dc,国际服,高级讨论,4.23氪金&活动建议,74520,高级讨论 / 抽卡&活动建议 / 4.23氪金&活动建议,1
dc,国际服,高级讨论,4.14抽卡推荐,74022,高级讨论 / 抽卡&活动建议 / 4.14抽卡推荐,1
dc,国际服,高级讨论,4.8氪金&活动建议,73796,高级讨论 / 抽卡&活动建议 / 4.8氪金&活动建议,1
dc,国际服,高级讨论,4.1抽卡&氪金建议,73342,高级讨论 / 抽卡&活动建议 / 4.1抽卡&氪金建议,1
dc,国际服,高级讨论,3.25氪金推荐,72900,高级讨论 / 抽卡&活动建议 / 3.25氪金推荐,1
dc,国际服,高级讨论,3.18抽卡建议,72193,高级讨论 / 抽卡&活动建议 / 3.18抽卡建议,1
dc,国际服,高级讨论,3.12氪金建议,71897,高级讨论 / 抽卡&活动建议 / 3.12氪金建议,1
dc,国际服,高级讨论,3.4抽卡建议,71335,高级讨论 / 抽卡&活动建议 / 3.4抽卡建议,1
dc,国际服,高级讨论,5.26卡池建议,157009,高级讨论 / 抽卡&活动建议 / 5.26卡池建议,1
dc,国际服,高级讨论,7.6新角评价,594355,高级讨论 / 新角评价 / 7.6新角评价,1
dc,国际服,高级讨论,6.22新角评价,593068,高级讨论 / 新角评价 / 6.22新角评价,1
dc,国际服,高级讨论,6.08新角评价,586473,高级讨论 / 新角评价 / 6.08新角评价,1
dc,国际服,高级讨论,5.25新角评价,586449,高级讨论 / 新角评价 / 5.25新角评价,1
dc,国际服,高级讨论,5.11新角评价,587748,高级讨论 / 新角评价 / 5.11新角评价,1
dc,国际服,高级讨论,4.27新角评价,586465,高级讨论 / 新角评价 / 4.27新角评价,1
dc,国际服,高级讨论,4.13新角评价,587742,高级讨论 / 新角评价 / 4.13新角评价,1
dc,国际服,高级讨论,3.30新角评价,585276,高级讨论 / 新角评价 / 3.30新角评价,1
dc,国际服,高级讨论,3.16新角评价,584876,高级讨论 / 新角评价 / 3.16新角评价,1
dc,国际服,高级讨论,3.2 新角评价,584756,高级讨论 / 新角评价 / 3.2 新角评价,1
dc,国际服,高级讨论,2.16 新角评价,583782,高级讨论 / 新角评价 / 2.16 新角评价,1
dc,国际服,高级讨论,2.2 新角评价,582385,高级讨论 / 新角评价 / 2.2 新角评价,1
dc,国际服,高级讨论,1.19 新角評價,581376,高级讨论 / 新角评价 / 1.19 新角評價,1
dc,国际服,高级讨论,1.5 新角评价,579677,高级讨论 / 新角评价 / 1.5 新角评价,1
dc,国际服,高级讨论,2022冬活新角评价,577905,高级讨论 / 新角评价 / 2022冬活新角评价,1
dc,国际服,高级讨论,11.24 新角评价,576170,高级讨论 / 新角评价 / 11.24 新角评价,1
dc,国际服,高级讨论,11.10 新角评价,171649,高级讨论 / 新角评价 / 11.10 新角评价,1
dc,国际服,高级讨论,10.27新角评价,170137,高级讨论 / 新角评价 / 10.27新角评价,1
dc,国际服,高级讨论,10.13新角评价,168448,高级讨论 / 新角评价 / 10.13新角评价,1
dc,国际服,高级讨论,9.29新角评价,166235,高级讨论 / 新角评价 / 9.29新角评价,1
dc,国际服,高级讨论,9.15新角评价,165368,高级讨论 / 新角评价 / 9.15新角评价,1
dc,国际服,高级讨论,9.01新角评价,165905,高级讨论 / 新角评价 / 9.01新角评价,1
dc,国际服,高级讨论,8.18新角评价,164956,高级讨论 / 新角评价 / 8.18新角评价,1
dc,国际服,高级讨论,8.04新角评价,163596,高级讨论 / 新角评价 / 8.04新角评价,1
dc,国际服,高级讨论,7.21新角评价,160225,高级讨论 / 新角评价 / 7.21新角评价,1
dc,国际服,高级讨论,7.07新角评价,161377,高级讨论 / 新角评价 / 7.07新角评价,1
dc,国际服,高级讨论,6.23新角评价,159611,高级讨论 / 新角评价 / 6.23新角评价,1
dc,国际服,高级讨论,6.09新角评价,157573,高级讨论 / 新角评价 / 6.09新角评价,1
dc,国际服,高级讨论,5.26新角评价,156614,高级讨论 / 新角评价 / 5.26新角评价,1
dc,国际服,高级讨论,5.12新角评价,155862,高级讨论 / 新角评价 / 5.12新角评价,1
dc,国际服,高级讨论,4.28新角评价,154997,高级讨论 / 新角评价 / 4.28新角评价,1
dc,国际服,高级讨论,4.14新角评价,151038,高级讨论 / 新角评价 / 4.14新角评价,1
dc,国际服,高级讨论,3.31新角评价,151867,高级讨论 / 新角评价 / 3.31新角评价,1
dc,国际服,高级讨论,3.17新角评价,151503,高级讨论 / 新角评价 / 3.17新角评价,1
dc,国际服,高级讨论,3.10新角评价,150901,高级讨论 / 新角评价 / 3.10新角评价,1
dc,国际服,高级讨论,1.27新角评价,96526,高级讨论 / 新角评价 / 1.27新角评价,1
dc,国际服,高级讨论,1.13新角评价,96201,高级讨论 / 新角评价 / 1.13新角评价,1
dc,国际服,高级讨论,12.23新角评价,94899,高级讨论 / 新角评价 / 12.23新角评价,1
dc,国际服,高级讨论,12.9新角评价,93922,高级讨论 / 新角评价 / 12.9新角评价,1
dc,国际服,高级讨论,11.25新角评价,92612,高级讨论 / 新角评价 / 11.25新角评价,1
dc,国际服,高级讨论,11.11新角评价,91750,高级讨论 / 新角评价 / 11.11新角评价,1
dc,国际服,高级讨论,10.28新角评价,90673,高级讨论 / 新角评价 / 10.28新角评价,1
dc,国际服,高级讨论,10.14新角评价,89771,高级讨论 / 新角评价 / 10.14新角评价,1
dc,国际服,高级讨论,9.30新角评价,89362,高级讨论 / 新角评价 / 9.30新角评价,1
dc,国际服,高级讨论,9.9新角评价,87902,高级讨论 / 新角评价 / 9.9新角评价,1
dc,国际服,高级讨论,8.26新角评价,86678,高级讨论 / 新角评价 / 8.26新角评价,1
dc,国际服,高级讨论,8.12新角评价,85345,高级讨论 / 新角评价 / 8.12新角评价,1
dc,国际服,高级讨论,夏日新角评价,81400,高级讨论 / 新角评价 / 夏日新角评价,1
dc,国际服,高级讨论,6.17新角评价,78224,高级讨论 / 新角评价 / 6.17新角评价,1
dc,国际服,高级讨论,6.3新角评价,77218,高级讨论 / 新角评价 / 6.3新角评价,1
dc,国际服,高级讨论,5.20新角评价,76457,高级讨论 / 新角评价 / 5.20新角评价,1
dc,国际服,高级讨论,5.6日新角评价,75330,高级讨论 / 新角评价 / 5.6日新角评价,1
dc,国际服,高级讨论,4.22新角评价,74090,高级讨论 / 新角评价 / 4.22新角评价,1
dc,国际服,高级讨论,4.8新角评价,73716,高级讨论 / 新角评价 / 4.8新角评价,1
dc,国际服,高级讨论,3.25新角评价,72736,高级讨论 / 新角评价 / 3.25新角评价,1
dc,国际服,高级讨论,3.11新角评价,71719,高级讨论 / 新角评价 / 3.11新角评价,1
dc,国际服,高级讨论,2.25新角评价,70402,高级讨论 / 新角评价 / 2.25新角评价,1
dc,国际服,高级讨论,2.10新角评价,69328,高级讨论 / 新角评价 / 2.10新角评价,1
dc,国际服,高级讨论,1.28新角评价,68042,高级讨论 / 新角评价 / 1.28新角评价,1
dc,国际服,高级讨论,1.14新角评价,66530,高级讨论 / 新角评价 / 1.14新角评价,1
dc,国际服,高级讨论,12.31新角评价,65329,高级讨论 / 新角评价 / 12.31新角评价,1
dc,国际服,高级讨论,12.17新角评价,63888,高级讨论 / 新角评价 / 12.17新角评价,1
dc,国际服,高级讨论,12.3新角评价,62464,高级讨论 / 新角评价 / 12.3新角评价,1
dc,国际服,高级讨论,11月日历分析,169704,高级讨论 / 日历分析 / 11月日历分析,1
dc,国际服,高级讨论,10月日历分析,167844,高级讨论 / 日历分析 / 10月日历分析,1
dc,国际服,高级讨论,9月日历分析,165354,高级讨论 / 日历分析 / 9月日历分析,1
dc,国际服,高级讨论,8月日历分析,162930,高级讨论 / 日历分析 / 8月日历分析,1
dc,国际服,高级讨论,7月日历分析,160201,高级讨论 / 日历分析 / 7月日历分析,1
dc,国际服,高级讨论,6月日历分析,157262,高级讨论 / 日历分析 / 6月日历分析,1
dc,国际服,高级讨论,5月日历分析,155345,高级讨论 / 日历分析 / 5月日历分析,1
dc,国际服,高级讨论,4月日历分析,153228,高级讨论 / 日历分析 / 4月日历分析,1
dc,国际服,高级讨论,3月日历分析,151263,高级讨论 / 日历分析 / 3月日历分析,1
dc,国际服,高级讨论,2月日历分析,96529,高级讨论 / 日历分析 / 2月日历分析,1
dc,国际服,高级讨论,1月日历分析,95369,高级讨论 / 日历分析 / 1月日历分析,1
dc,国际服,高级讨论,12月-1月日历分析,93270,高级讨论 / 日历分析 / 12月-1月日历分析,1
dc,国际服,高级讨论,11月-12月日历分析,90455,高级讨论 / 日历分析 / 11月-12月日历分析,1
dc,国际服,高级讨论,10-11月日历分析,89082,高级讨论 / 日历分析 / 10-11月日历分析,1
dc,国际服,高级讨论,9-11月日历分析,86963,高级讨论 / 日历分析 / 9-11月日历分析,1
dc,国际服,高级讨论,8-10月日历分析,83592,高级讨论 / 日历分析 / 8-10月日历分析,1
dc,国际服,高级讨论,7-9月日历分析,80780,高级讨论 / 日历分析 / 7-9月日历分析,1
dc,国际服,高级讨论,6-8月日历分析,76763,高级讨论 / 日历分析 / 6-8月日历分析,1
dc,国际服,高级讨论,5-7月日历分析,74559,高级讨论 / 日历分析 / 5-7月日历分析,1
dc,国际服,高级讨论,4-6月日历分析,72810,高级讨论 / 日历分析 / 4-6月日历分析,1
dc,国际服,高级讨论,3-5月日历分析,70525,高级讨论 / 日历分析 / 3-5月日历分析,1
dc,国际服,高级讨论,2-4月日历分析,67680,高级讨论 / 日历分析 / 2-4月日历分析,1
dc,国际服,高级讨论,6.22火Raid攻略,593129,高级讨论 / 往期活动攻略 / 6.22火Raid攻略,1
dc,国际服,高级讨论,5.25光Raid攻略,590826,高级讨论 / 往期活动攻略 / 5.25光Raid攻略,1
dc,国际服,高级讨论,4.27 暗Raid攻略,585230,高级讨论 / 往期活动攻略 / 4.27 暗Raid攻略,1
dc,国际服,高级讨论,4.13木WB攻略,588578,高级讨论 / 往期活动攻略 / 4.13木WB攻略,1
dc,国际服,高级讨论,3.30 木Raid攻略,585222,高级讨论 / 往期活动攻略 / 3.30 木Raid攻略,1
dc,国际服,高级讨论,3.02 火Raid攻略,584355,高级讨论 / 往期活动攻略 / 3.02 火Raid攻略,1
dc,国际服,高级讨论,2.16光wb攻略,583847,高级讨论 / 往期活动攻略 / 2.16光wb攻略,1
dc,国际服,高级讨论,2.2 水Raid攻略,582392,高级讨论 / 往期活动攻略 / 2.2 水Raid攻略,1
dc,国际服,高级讨论,1月光Raid预攻略,579678,高级讨论 / 往期活动攻略 / 1月光Raid预攻略,1
dc,国际服,高级讨论,帝瓦兹暗WB攻略,579455,高级讨论 / 往期活动攻略 / 帝瓦兹暗WB攻略,1
dc,国际服,高级讨论,12.08水Raid预攻略,576578,高级讨论 / 往期活动攻略 / 12.08水Raid预攻略,1
dc,国际服,高级讨论,佛西士暗WB攻略,171618,高级讨论 / 往期活动攻略 / 佛西士暗WB攻略,1
dc,国际服,高级讨论,索尔火WB攻略,169135,高级讨论 / 往期活动攻略 / 索尔火WB攻略,1
dc,国际服,高级讨论,10月木raid正式攻略,155456,高级讨论 / 往期活动攻略 / 10月木raid正式攻略,1
dc,国际服,高级讨论,9.15暗Raid正式攻略,166783,高级讨论 / 往期活动攻略 / 9.15暗Raid正式攻略,1
dc,国际服,高级讨论,希妮木WB正式攻略,166286,高级讨论 / 往期活动攻略 / 希妮木WB正式攻略,1
dc,国际服,高级讨论,8月水Raid正式攻略,163706,高级讨论 / 往期活动攻略 / 8月水Raid正式攻略,1
dc,国际服,高级讨论,7月火raid正式攻略,154885,高级讨论 / 往期活动攻略 / 7月火raid正式攻略,1
dc,国际服,高级讨论,梅西耶水WB正式攻略,161696,高级讨论 / 往期活动攻略 / 梅西耶水WB正式攻略,1
dc,国际服,高级讨论,6月暗raid正式攻略,154884,高级讨论 / 往期活动攻略 / 6月暗raid正式攻略,1
dc,国际服,高级讨论,5月水raid正式攻略,151558,高级讨论 / 往期活动攻略 / 5月水raid正式攻略,1
dc,国际服,高级讨论,Raid日记,90812,高级讨论 / 往期活动攻略 / Raid日记,1
dc,国际服,高级讨论,未来可能实装的Raid前瞻,88335,高级讨论 / 往期活动攻略 / 未来可能实装的Raid前瞻,1
dc,国际服,高级讨论,怀特火WB正式版攻略,155329,高级讨论 / 往期活动攻略 / 怀特火WB正式版攻略,1
dc,国际服,高级讨论,3.31光Raid攻略,150979,高级讨论 / 往期活动攻略 / 3.31光Raid攻略,1
dc,国际服,高级讨论,木WB攻略,151204,高级讨论 / 往期活动攻略 / 木WB攻略,1
dc,国际服,高级讨论,2.10复刻暗raid,96882,高级讨论 / 往期活动攻略 / 2.10复刻暗raid,1
dc,国际服,高级讨论,丽莎作业指南,94913,高级讨论 / 往期活动攻略 / 丽莎作业指南,1
dc,国际服,高级讨论,水妮可水WB实战攻略,94996,高级讨论 / 往期活动攻略 / 水妮可水WB实战攻略,1
dc,国际服,高级讨论,仙鹅光WB实战攻略,93973,高级讨论 / 往期活动攻略 / 仙鹅光WB实战攻略,1
dc,国际服,高级讨论,11.25木raid竞速预攻略,92412,高级讨论 / 往期活动攻略 / 11.25木raid竞速预攻略,1
dc,国际服,高级讨论,丽莎作业选择指南,89787,高级讨论 / 往期活动攻略 / 丽莎作业选择指南,1
dc,国际服,高级讨论,10.28暗raid预攻略,90676,高级讨论 / 往期活动攻略 / 10.28暗raid预攻略,1
dc,国际服,高级讨论,10.28号暗raid竞速预攻略,89520,高级讨论 / 往期活动攻略 / 10.28号暗raid竞速预攻略,1
dc,国际服,高级讨论,9.9水raid预攻略,87249,高级讨论 / 往期活动攻略 / 9.9水raid预攻略,1
dc,国际服,高级讨论,9.30卡库斯火WB预攻略（施工中）,87537,高级讨论 / 往期活动攻略 / 9.30卡库斯火WB预攻略（施工中）,1
dc,国际服,高级讨论,9.9水raid竞速视频与细节说明,87147,高级讨论 / 往期活动攻略 / 9.9水raid竞速视频与细节说明,1
dc,国际服,高级讨论,8.12火raid预攻略,83604,高级讨论 / 往期活动攻略 / 8.12火raid预攻略,1
dc,国际服,高级讨论,7.15光raid预攻略,81515,高级讨论 / 往期活动攻略 / 7.15光raid预攻略,1
dc,国际服,高级讨论,7.1阿尔高斯火WB预攻略,78028,高级讨论 / 往期活动攻略 / 7.1阿尔高斯火WB预攻略,1
dc,国际服,高级讨论,6.17暗raid预攻略,78117,高级讨论 / 往期活动攻略 / 6.17暗raid预攻略,1
dc,国际服,高级讨论,6.3底波拉光WB预攻略,75698,高级讨论 / 往期活动攻略 / 6.3底波拉光WB预攻略,1
dc,国际服,高级讨论,蜜卡拉暗WB预攻略,73551,高级讨论 / 往期活动攻略 / 蜜卡拉暗WB预攻略,1
dc,国际服,高级讨论,不简陋的光raid（4.22）预攻略,73482,高级讨论 / 往期活动攻略 / 不简陋的光raid（4.22）预攻略,1
dc,国际服,高级讨论,玛土撒拉水WB预攻略,71022,高级讨论 / 往期活动攻略 / 玛土撒拉水WB预攻略,1
dc,国际服,高级讨论,3.11火raid预攻略,71562,高级讨论 / 往期活动攻略 / 3.11火raid预攻略,1
dc,国际服,高级讨论,2.10情人节水raid预攻略,68315,高级讨论 / 往期活动攻略 / 2.10情人节水raid预攻略,1
dc,国际服,高级讨论,木wb临时攻略,68203,高级讨论 / 往期活动攻略 / 木wb临时攻略,1
dc,国际服,高级讨论,木wb作业（有点火）,68227,高级讨论 / 往期活动攻略 / 木wb作业（有点火）,1
dc,国际服,高级讨论,木wb点火队攻略,68225,高级讨论 / 往期活动攻略 / 木wb点火队攻略,1
dc,国际服,高级讨论,火星暗WB攻略,64225,高级讨论 / 往期活动攻略 / 火星暗WB攻略,1
dc,国际服,高级讨论,该隐RAID-预攻略,61444,高级讨论 / 往期活动攻略 / 该隐RAID-预攻略,1
dc,国际服,高级讨论,西瓦wb-预攻略,60087,高级讨论 / 往期活动攻略 / 西瓦wb-预攻略,1
dc,国际服,高级讨论,西瓦3000w输出实录,61458,高级讨论 / 往期活动攻略 / 西瓦3000w输出实录,1
dc,国际服,高级讨论,西瓦WB实战,60558,高级讨论 / 往期活动攻略 / 西瓦WB实战,1
dc,国际服,高级讨论,罗朱木RAID,59240,高级讨论 / 往期活动攻略 / 罗朱木RAID,1
dc,国际服,高级讨论,罗朱raid速杀打法详解,60574,高级讨论 / 往期活动攻略 / 罗朱raid速杀打法详解,1
dc,国际服,高级讨论,光WB如何提高下限のAI机制解明,32999,高级讨论 / 往期活动攻略 / 光WB如何提高下限のAI机制解明,1
dc,国际服,高级讨论,光WB-史莱姆王预攻略,30051,高级讨论 / 往期活动攻略 / 光WB-史莱姆王预攻略,1
dc,国际服,高级讨论,预攻略-羊妹WB（过期）,23373,高级讨论 / 往期活动攻略 / 预攻略-羊妹WB（过期）,1
dc,国际服,高级讨论,羊妹WB阵容推荐（过期）,23540,高级讨论 / 往期活动攻略 / 羊妹WB阵容推荐（过期）,1
dc,国际服,高级讨论,木锤WB阵容推荐（过期）,26814,高级讨论 / 往期活动攻略 / 木锤WB阵容推荐（过期）,1
dc,国际服,高级讨论,预攻略-火护士Raid（过期）,22586,高级讨论 / 往期活动攻略 / 预攻略-火护士Raid（过期）,1
dc,国际服,高级讨论,预攻略-木锤WB（过期）,26396,高级讨论 / 往期活动攻略 / 预攻略-木锤WB（过期）,1
dc,国际服,高级讨论,双面魔方wb（过期）,21657,高级讨论 / 往期活动攻略 / 双面魔方wb（过期）,1
dc,国际服,高级讨论,预攻略-狗姐Raid（过期）,27411,高级讨论 / 往期活动攻略 / 预攻略-狗姐Raid（过期）,1
dc,国际服,高级讨论,预攻略-木枪raid,55489,高级讨论 / 往期活动攻略 / 预攻略-木枪raid,1
dc,国际服,高级讨论,美杜莎wb实战经验,54573,高级讨论 / 往期活动攻略 / 美杜莎wb实战经验,1
dc,国际服,高级讨论,预攻略-暗达比Raid（引）,38532,高级讨论 / 往期活动攻略 / 预攻略-暗达比Raid（引）,1
dc,国际服,高级讨论,莎乐美-水WB简要分析,40454,高级讨论 / 往期活动攻略 / 莎乐美-水WB简要分析,1
dc,国际服,高级讨论,预攻略-水比莉RAID,43951,高级讨论 / 往期活动攻略 / 预攻略-水比莉RAID,1
dc,国际服,高级讨论,玉藻前wb实战经验,50545,高级讨论 / 往期活动攻略 / 玉藻前wb实战经验,1
dc,国际服,高级讨论,WB玉藻前2800w,50941,高级讨论 / 往期活动攻略 / WB玉藻前2800w,1
dc,国际服,高级讨论,火狐狸wb萌新解惑,48986,高级讨论 / 往期活动攻略 / 火狐狸wb萌新解惑,1
dc,国际服,高级讨论,预攻略-美杜莎WB,51453,高级讨论 / 往期活动攻略 / 预攻略-美杜莎WB,1
dc,国际服,高级讨论,美杜莎wb组队推荐,51464,高级讨论 / 往期活动攻略 / 美杜莎wb组队推荐,1
dc,国际服,高级讨论,木Raid对策鲜花斩车经验分享,57438,高级讨论 / 往期活动攻略 / 木Raid对策鲜花斩车经验分享,1
dc,国际服,高级讨论,木枪RAID内容补充,55849,高级讨论 / 往期活动攻略 / 木枪RAID内容补充,1
dc,国际服,高级讨论,霞WB组队推荐（实战）,58591,高级讨论 / 往期活动攻略 / 霞WB组队推荐（实战）,1
dc,国际服,高级讨论,霞WB组队推荐,57522,高级讨论 / 往期活动攻略 / 霞WB组队推荐,1
dc,国际服,高级讨论,5星魂卡强度榜,59257,高级讨论 / 榜单 / 5星魂卡强度榜,1
dc,国际服,高级讨论,WB刀卡强度榜,57416,高级讨论 / 榜单 / WB刀卡强度榜,1
dc,国际服,高级讨论,装备阶梯指南,27663,高级讨论 / 榜单 / 装备阶梯指南,1
dc,国际服,高级讨论,PVP节奏榜（暂停）,65569,高级讨论 / 榜单 / PVP节奏榜（暂停）,1
dc,国际服,高级讨论,人偶节奏榜,169565,高级讨论 / 榜单 / 人偶节奏榜,1
dc,国际服,图鉴资料,歌牌筛查表,58309,图鉴资料 / 图鉴列表 / 歌牌筛查表,1
dc,国际服,图鉴资料,5星武器,20925,图鉴资料 / 图鉴列表 / 5星武器,1
dc,国际服,图鉴资料,5星防具,20926,图鉴资料 / 图鉴列表 / 5星防具,1
dc,国际服,图鉴资料,5星饰品,20930,图鉴资料 / 图鉴列表 / 5星饰品,1
dc,国际服,图鉴资料,BUFF,20902,图鉴资料 / 图鉴列表 / BUFF,1
dc,国际服,图鉴资料,天子语音翻译优化,95787,图鉴资料 / 图鉴列表 / 天子语音翻译优化,1
dc,国际服,图鉴资料,纠缠的薇薇安 ,591546,图鉴资料 / 5星天子：光 / 纠缠的薇薇安 ,1
dc,国际服,图鉴资料,混沌的彼列,591541,图鉴资料 / 5星天子：光 / 混沌的彼列,1
dc,国际服,图鉴资料,大力无双哈索尔,589618,图鉴资料 / 5星天子：光 / 大力无双哈索尔,1
dc,国际服,图鉴资料,服从的钵里,582289,图鉴资料 / 5星天子：光 / 服从的钵里,1
dc,国际服,图鉴资料,偶像阿克拉西亚,580147,图鉴资料 / 5星天子：光 / 偶像阿克拉西亚,1
dc,国际服,图鉴资料,黑兔奥弗伊斯,577973,图鉴资料 / 5星天子：光 / 黑兔奥弗伊斯,1
dc,国际服,图鉴资料,异能人钱德拉,171907,图鉴资料 / 5星天子：光 / 异能人钱德拉,1
dc,国际服,图鉴资料,米莉雅,168976,图鉴资料 / 5星天子：光 / 米莉雅,1
dc,国际服,图鉴资料,古弦乐师自请妃,167084,图鉴资料 / 5星天子：光 / 古弦乐师自请妃,1
dc,国际服,图鉴资料,贤明的塞列欧斯,167075,图鉴资料 / 5星天子：光 / 贤明的塞列欧斯,1
dc,国际服,图鉴资料,急驰的波利亚斯,162570,图鉴资料 / 5星天子：光 / 急驰的波利亚斯,1
dc,国际服,图鉴资料,回归的沃丹,160153,图鉴资料 / 5星天子：光 / 回归的沃丹,1
dc,国际服,图鉴资料,梦想狗狗拉西,157043,图鉴资料 / 5星天子：光 / 梦想狗狗拉西,1
dc,国际服,图鉴资料,洛基,153058,图鉴资料 / 5星天子：光 / 洛基,1
dc,国际服,图鉴资料,可爱的布拉达曼特,152938,图鉴资料 / 5星天子：光 / 可爱的布拉达曼特,1
dc,国际服,图鉴资料,满盈的艾芙,151630,图鉴资料 / 5星天子：光 / 满盈的艾芙,1
dc,国际服,图鉴资料,忠诚的仙娥,93897,图鉴资料 / 5星天子：光 / 忠诚的仙娥,1
dc,国际服,图鉴资料,开战娜塔莉丝,91784,图鉴资料 / 5星天子：光 / 开战娜塔莉丝,1
dc,国际服,图鉴资料,逆转提泰妮亚,90645,图鉴资料 / 5星天子：光 / 逆转提泰妮亚,1
dc,国际服,图鉴资料,主人朱诺,82897,图鉴资料 / 5星天子：光 / 主人朱诺,1
dc,国际服,图鉴资料,伴侣塞美勒,78339,图鉴资料 / 5星天子：光 / 伴侣塞美勒,1
dc,国际服,图鉴资料,驱魔师黛波拉,77368,图鉴资料 / 5星天子：光 / 驱魔师黛波拉,1
dc,国际服,图鉴资料,决意的劳拉,75600,图鉴资料 / 5星天子：光 / 决意的劳拉,1
dc,国际服,图鉴资料,替身塞特,74427,图鉴资料 / 5星天子：光 / 替身塞特,1
dc,国际服,图鉴资料,黎明萨图恩,65272,图鉴资料 / 5星天子：光 / 黎明萨图恩,1
dc,国际服,图鉴资料,绚烂亚莉亚,65271,图鉴资料 / 5星天子：光 / 绚烂亚莉亚,1
dc,国际服,图鉴资料,滑雪艾修,63848,图鉴资料 / 5星天子：光 / 滑雪艾修,1
dc,国际服,图鉴资料,梦想家萨图恩,60168,图鉴资料 / 5星天子：光 / 梦想家萨图恩,1
dc,国际服,图鉴资料,神枪手希尔德,28506,图鉴资料 / 5星天子：光 / 神枪手希尔德,1
dc,国际服,图鉴资料,新月露娜,54443,图鉴资料 / 5星天子：光 / 新月露娜,1
dc,国际服,图鉴资料,光芒莫娜,39101,图鉴资料 / 5星天子：光 / 光芒莫娜,1
dc,国际服,图鉴资料,情热王欧洛拉王,35222,图鉴资料 / 5星天子：光 / 情热王欧洛拉王,1
dc,国际服,图鉴资料,纯白的波摩纳,29503,图鉴资料 / 5星天子：光 / 纯白的波摩纳,1
dc,国际服,图鉴资料,雅典娜,26562,图鉴资料 / 5星天子：光 / 雅典娜,1
dc,国际服,图鉴资料,神乐狼人,21861,图鉴资料 / 5星天子：光 / 神乐狼人,1
dc,国际服,图鉴资料,天真维纳斯,20752,图鉴资料 / 5星天子：光 / 天真维纳斯,1
dc,国际服,图鉴资料,努力派对娜普图,20750,图鉴资料 / 5星天子：光 / 努力派对娜普图,1
dc,国际服,图鉴资料,复苏的弗雷,20739,图鉴资料 / 5星天子：光 / 复苏的弗雷,1
dc,国际服,图鉴资料,猫耳尼曼,20738,图鉴资料 / 5星天子：光 / 猫耳尼曼,1
dc,国际服,图鉴资料,甜美的希特莉,20649,图鉴资料 / 5星天子：光 / 甜美的希特莉,1
dc,国际服,图鉴资料,白阿斯塔蒂,20618,图鉴资料 / 5星天子：光 / 白阿斯塔蒂,1
dc,国际服,图鉴资料,法老克丽欧佩特拉,20614,图鉴资料 / 5星天子：光 / 法老克丽欧佩特拉,1
dc,国际服,图鉴资料,沙漠的荷鲁斯,20613,图鉴资料 / 5星天子：光 / 沙漠的荷鲁斯,1
dc,国际服,图鉴资料,驱魔师尼尔提,20446,图鉴资料 / 5星天子：光 / 驱魔师尼尔提,1
dc,国际服,图鉴资料,夏洛特,20451,图鉴资料 / 5星天子：光 / 夏洛特,1
dc,国际服,图鉴资料,魔方魔亚,20450,图鉴资料 / 5星天子：光 / 魔方魔亚,1
dc,国际服,图鉴资料,宣言的黛娜,20441,图鉴资料 / 5星天子：光 / 宣言的黛娜,1
dc,国际服,图鉴资料,正义的马弗德特,20420,图鉴资料 / 5星天子：光 / 正义的马弗德特,1
dc,国际服,图鉴资料,野生的芭丝黛特,20307,图鉴资料 / 5星天子：光 / 野生的芭丝黛特,1
dc,国际服,图鉴资料,盲信的玛亚特,20410,图鉴资料 / 5星天子：光 / 盲信的玛亚特,1
dc,国际服,图鉴资料,歌唱的亚莉亚,20304,图鉴资料 / 5星天子：光 / 歌唱的亚莉亚,1
dc,国际服,图鉴资料,白翼的迪亚布罗,20264,图鉴资料 / 5星天子：光 / 白翼的迪亚布罗,1
dc,国际服,图鉴资料,新娘希尔德,29502,图鉴资料 / 5星天子：光 / 新娘希尔德,1
dc,国际服,图鉴资料,北国俱毗罗,591542,图鉴资料 / 暗 / 北国俱毗罗,1
dc,国际服,图鉴资料,盛开雅米,584747,图鉴资料 / 暗 / 盛开雅米,1
dc,国际服,图鉴资料,将成神的马尔杜克,582291,图鉴资料 / 暗 / 将成神的马尔杜克,1
dc,国际服,图鉴资料,夜之狄雅努斯,580152,图鉴资料 / 暗 / 夜之狄雅努斯,1
dc,国际服,图鉴资料,诈欺师杜莎,580148,图鉴资料 / 暗 / 诈欺师杜莎,1
dc,国际服,图鉴资料,优柔寡断的菲罗忒斯,171919,图鉴资料 / 暗 / 优柔寡断的菲罗忒斯,1
dc,国际服,图鉴资料,替身巫女福耳库斯,171894,图鉴资料 / 暗 / 替身巫女福耳库斯,1
dc,国际服,图鉴资料,独自跑的诺特斯,162573,图鉴资料 / 暗 / 独自跑的诺特斯,1
dc,国际服,图鉴资料,惩罚的赛特,160154,图鉴资料 / 暗 / 惩罚的赛特,1
dc,国际服,图鉴资料,无忧无虑的妖精德律阿得斯,155211,图鉴资料 / 暗 / 无忧无虑的妖精德律阿得斯,1
dc,国际服,图鉴资料,失乐园夏娃,153064,图鉴资料 / 暗 / 失乐园夏娃,1
dc,国际服,图鉴资料,奇幻之梦丽莎,151949,图鉴资料 / 暗 / 奇幻之梦丽莎,1
dc,国际服,图鉴资料,诱惑的雷亚西尔维亚,96759,图鉴资料 / 暗 / 诱惑的雷亚西尔维亚,1
dc,国际服,图鉴资料,无忧无虑的哪咤,93898,图鉴资料 / 暗 / 无忧无虑的哪咤,1
dc,国际服,图鉴资料,铁匠赫菲斯托斯,90646,图鉴资料 / 暗 / 铁匠赫菲斯托斯,1
dc,国际服,图鉴资料,迅速的莱玛,89790,图鉴资料 / 暗 / 迅速的莱玛,1
dc,国际服,图鉴资料,竞速泽菲罗斯,83953,图鉴资料 / 暗 / 竞速泽菲罗斯,1
dc,国际服,图鉴资料,吉祥物克洛托,83952,图鉴资料 / 暗 / 吉祥物克洛托,1
dc,国际服,图鉴资料,淑女帝瓦兹,82898,图鉴资料 / 暗 / 淑女帝瓦兹,1
dc,国际服,图鉴资料,驱魔师阿罗汉,78340,图鉴资料 / 暗 / 驱魔师阿罗汉,1
dc,国际服,图鉴资料,怪盗罗苹,77369,图鉴资料 / 暗 / 怪盗罗苹,1
dc,国际服,图鉴资料,狡猾的蜜卡拉,75601,图鉴资料 / 暗 / 狡猾的蜜卡拉,1
dc,国际服,图鉴资料,月光阿提蜜丝,74428,图鉴资料 / 暗 / 月光阿提蜜丝,1
dc,国际服,图鉴资料,破晓塞美勒,74429,图鉴资料 / 暗 / 破晓塞美勒,1
dc,国际服,图鉴资料,匆忙的奥弗伊斯,73725,图鉴资料 / 暗 / 匆忙的奥弗伊斯,1
dc,国际服,图鉴资料,闪耀玛尔斯,65273,图鉴资料 / 暗 / 闪耀玛尔斯,1
dc,国际服,图鉴资料,悲恸的报丧女妖,62508,图鉴资料 / 暗 / 悲恸的报丧女妖,1
dc,国际服,图鉴资料,君临梅杜莎,54442,图鉴资料 / 暗 / 君临梅杜莎,1
dc,国际服,图鉴资料,蜕变妲比,39102,图鉴资料 / 暗 / 蜕变妲比,1
dc,国际服,图鉴资料,骑士库巴巴,35221,图鉴资料 / 暗 / 骑士库巴巴,1
dc,国际服,图鉴资料,浪漫的伊菲斯,29501,图鉴资料 / 暗 / 浪漫的伊菲斯,1
dc,国际服,图鉴资料,帕拉斯,26563,图鉴资料 / 暗 / 帕拉斯,1
dc,国际服,图鉴资料,双面摩亚,21860,图鉴资料 / 暗 / 双面摩亚,1
dc,国际服,图鉴资料,漂亮玛尔斯,20753,图鉴资料 / 暗 / 漂亮玛尔斯,1
dc,国际服,图鉴资料,神秘萨图恩,20751,图鉴资料 / 暗 / 神秘萨图恩,1
dc,国际服,图鉴资料,流氓迈达斯,20749,图鉴资料 / 暗 / 流氓迈达斯,1
dc,国际服,图鉴资料,指引者丽塔,20737,图鉴资料 / 暗 / 指引者丽塔,1
dc,国际服,图鉴资料,暗光的凯布利,20648,图鉴资料 / 暗 / 暗光的凯布利,1
dc,国际服,图鉴资料,虚幻的迪朗达尔,20619,图鉴资料 / 暗 / 虚幻的迪朗达尔,1
dc,国际服,图鉴资料,月光狼人,20612,图鉴资料 / 暗 / 月光狼人,1
dc,国际服,图鉴资料,解放的玛亚特,20574,图鉴资料 / 暗 / 解放的玛亚特,1
dc,国际服,图鉴资料,兰菲,20444,图鉴资料 / 暗 / 兰菲,1
dc,国际服,图鉴资料,弗雷,20443,图鉴资料 / 暗 / 弗雷,1
dc,国际服,图鉴资料,迟疑的梅提斯,20440,图鉴资料 / 暗 / 迟疑的梅提斯,1
dc,国际服,图鉴资料,皇后伊丽莎白,20308,图鉴资料 / 暗 / 皇后伊丽莎白,1
dc,国际服,图鉴资料,守护雷德克洛斯,20279,图鉴资料 / 暗 / 守护雷德克洛斯,1
dc,国际服,图鉴资料,A.I,20278,图鉴资料 / 暗 / A.I,1
dc,国际服,图鉴资料,流浪者潘迪恩,20265,图鉴资料 / 暗 / 流浪者潘迪恩,1
dc,国际服,图鉴资料,助手红莲,593138,图鉴资料 / 火 / 助手红莲,1
dc,国际服,图鉴资料,控制者厄芮玻丝,587020,图鉴资料 / 火 / 控制者厄芮玻丝,1
dc,国际服,图鉴资料,狡猾的列那,587014,图鉴资料 / 火 / 狡猾的列那,1
dc,国际服,图鉴资料,抵抗的泽卡提,584749,图鉴资料 / 火 / 抵抗的泽卡提,1
dc,国际服,图鉴资料,敌对者克雷斯尼克,169027,图鉴资料 / 火 / 敌对者克雷斯尼克,1
dc,国际服,图鉴资料,索尔,168972,图鉴资料 / 火 / 索尔,1
dc,国际服,图鉴资料,物欲的萨麦尔,165122,图鉴资料 / 火 / 物欲的萨麦尔,1
dc,国际服,图鉴资料,激情的爱染明王,162564,图鉴资料 / 火 / 激情的爱染明王,1
dc,国际服,图鉴资料,苛刻的姬瓦,157045,图鉴资料 / 火 / 苛刻的姬瓦,1
dc,国际服,图鉴资料,指挥官阿提蜜西亚,155213,图鉴资料 / 火 / 指挥官阿提蜜西亚,1
dc,国际服,图鉴资料,榴弹怀特,155215,图鉴资料 / 火 / 榴弹怀特,1
dc,国际服,图鉴资料,顽强的莫平,152939,图鉴资料 / 火 / 顽强的莫平,1
dc,国际服,图鉴资料,低语的梅提斯,151213,图鉴资料 / 火 / 低语的梅提斯,1
dc,国际服,图鉴资料,吞噬的使者之杖,96275,图鉴资料 / 火 / 吞噬的使者之杖,1
dc,国际服,图鉴资料,誓言特蕾莎,92652,图鉴资料 / 火 / 誓言特蕾莎,1
dc,国际服,图鉴资料,掠夺者卡库斯,89314,图鉴资料 / 火 / 掠夺者卡库斯,1
dc,国际服,图鉴资料,守护者米拉,86651,图鉴资料 / 火 / 守护者米拉,1
dc,国际服,图鉴资料,漆夜卡拉拉特里,85354,图鉴资料 / 火 / 漆夜卡拉拉特里,1
dc,国际服,图鉴资料,凶恶的阿尔葛斯,81551,图鉴资料 / 火 / 凶恶的阿尔葛斯,1
dc,国际服,图鉴资料,量身订做劳菲,71696,图鉴资料 / 火 / 量身订做劳菲,1
dc,国际服,图鉴资料,甜美的勒达,68054,图鉴资料 / 火 / 甜美的勒达,1
dc,国际服,图鉴资料,孤剑提亚玛特,63849,图鉴资料 / 火 / 孤剑提亚玛特,1
dc,国际服,图鉴资料,驱魔师该隐,62505,图鉴资料 / 火 / 驱魔师该隐,1
dc,国际服,图鉴资料,平静的姬瓦,61199,图鉴资料 / 火 / 平静的姬瓦,1
dc,国际服,图鉴资料,悲剧的鲁萨尔卡,60169,图鉴资料 / 火 / 悲剧的鲁萨尔卡,1
dc,国际服,图鉴资料,丽凤,58477,图鉴资料 / 火 / 丽凤,1
dc,国际服,图鉴资料,自傲的菲尔纳多,57135,图鉴资料 / 火 / 自傲的菲尔纳多,1
dc,国际服,图鉴资料,爱恨交织妲比,57134,图鉴资料 / 火 / 爱恨交织妲比,1
dc,国际服,图鉴资料,九尾狐玉藻前,50290,图鉴资料 / 火 / 九尾狐玉藻前,1
dc,国际服,图鉴资料,魔姬庆野,47608,图鉴资料 / 火 / 魔姬庆野,1
dc,国际服,图鉴资料,饥饿的丽莫斯,37415,图鉴资料 / 火 / 饥饿的丽莫斯,1
dc,国际服,图鉴资料,先知黛娜,28505,图鉴资料 / 火 / 先知黛娜,1
dc,国际服,图鉴资料,特立独行伽那莎,27464,图鉴资料 / 火 / 特立独行伽那莎,1
dc,国际服,图鉴资料,净火的狄蜜特,25575,图鉴资料 / 火 / 净火的狄蜜特,1
dc,国际服,图鉴资料,嘲笑的提尔峰,23842,图鉴资料 / 火 / 嘲笑的提尔峰,1
dc,国际服,图鉴资料,花魁巴托里,23840,图鉴资料 / 火 / 花魁巴托里,1
dc,国际服,图鉴资料,神秘的转学生夏娃,22727,图鉴资料 / 火 / 神秘的转学生夏娃,1
dc,国际服,图鉴资料,魅力的布丽姬,22717,图鉴资料 / 火 / 魅力的布丽姬,1
dc,国际服,图鉴资料,圣诞勒达,20755,图鉴资料 / 火 / 圣诞勒达,1
dc,国际服,图鉴资料,魔术师艾丽,20748,图鉴资料 / 火 / 魔术师艾丽,1
dc,国际服,图鉴资料,派对巨星梅芙,20747,图鉴资料 / 火 / 派对巨星梅芙,1
dc,国际服,图鉴资料,劈腿的凯萨琳,20743,图鉴资料 / 火 / 劈腿的凯萨琳,1
dc,国际服,图鉴资料,烈日沙滩莫娜,20657,图鉴资料 / 火 / 烈日沙滩莫娜,1
dc,国际服,图鉴资料,奈茵,20653,图鉴资料 / 火 / 奈茵,1
dc,国际服,图鉴资料,穗香,20617,图鉴资料 / 火 / 穗香,1
dc,国际服,图鉴资料,耳廓狐,20611,图鉴资料 / 火 / 耳廓狐,1
dc,国际服,图鉴资料,魔王妲比,20578,图鉴资料 / 火 / 魔王妲比,1
dc,国际服,图鉴资料,渴望的维尔德,20573,图鉴资料 / 火 / 渴望的维尔德,1
dc,国际服,图鉴资料,女仆摩根,20572,图鉴资料 / 火 / 女仆摩根,1
dc,国际服,图鉴资料,小不点迪娜希,20419,图鉴资料 / 火 / 小不点迪娜希,1
dc,国际服,图鉴资料,白炎的赫斯提亚,20415,图鉴资料 / 火 / 白炎的赫斯提亚,1
dc,国际服,图鉴资料,和谐的梅芙,20413,图鉴资料 / 火 / 和谐的梅芙,1
dc,国际服,图鉴资料,西方的欧洛拉,20309,图鉴资料 / 火 / 西方的欧洛拉,1
dc,国际服,图鉴资料,沸腾的黑帝斯,20305,图鉴资料 / 火 / 沸腾的黑帝斯,1
dc,国际服,图鉴资料,称霸的朱庇特,20280,图鉴资料 / 火 / 称霸的朱庇特,1
dc,国际服,图鉴资料,浪费家荷米斯,20233,图鉴资料 / 火 / 浪费家荷米斯,1
dc,国际服,图鉴资料,黑暗塞勒涅,595271,图鉴资料 / 木 / 黑暗塞勒涅,1
dc,国际服,图鉴资料,守护者荷莫妮雅,587017,图鉴资料 / 木 / 守护者荷莫妮雅,1
dc,国际服,图鉴资料,严谨的拉尼,587012,图鉴资料 / 木 / 严谨的拉尼,1
dc,国际服,图鉴资料,天堂莎莱斯,582280,图鉴资料 / 木 / 天堂莎莱斯,1
dc,国际服,图鉴资料,反击者格琳戴儿,580153,图鉴资料 / 木 / 反击者格琳戴儿,1
dc,国际服,图鉴资料,祝福的史古基,577975,图鉴资料 / 木 / 祝福的史古基,1
dc,国际服,图鉴资料,红血的斯特里戈伊,169028,图鉴资料 / 木 / 红血的斯特里戈伊,1
dc,国际服,图鉴资料,吉祥物弗蕾亚,167086,图鉴资料 / 木 / 吉祥物弗蕾亚,1
dc,国际服,图鉴资料,水中的希妮,165126,图鉴资料 / 木 / 水中的希妮,1
dc,国际服,图鉴资料,船长艾莉希恩,165106,图鉴资料 / 木 / 船长艾莉希恩,1
dc,国际服,图鉴资料,仁慈的罗莎娜,160172,图鉴资料 / 木 / 仁慈的罗莎娜,1
dc,国际服,图鉴资料,问题猫猫凯西,157038,图鉴资料 / 木 / 问题猫猫凯西,1
dc,国际服,图鉴资料,漆黑之影尤娜,157028,图鉴资料 / 木 / 漆黑之影尤娜,1
dc,国际服,图鉴资料,完美的莫娜,151945,图鉴资料 / 木 / 完美的莫娜,1
dc,国际服,图鉴资料,平静的奈芙蒂斯,151211,图鉴资料 / 木 / 平静的奈芙蒂斯,1
dc,国际服,图鉴资料,仪式之剑罗宾,96760,图鉴资料 / 木 / 仪式之剑罗宾,1
dc,国际服,图鉴资料,极地的珀皮塔,94888,图鉴资料 / 木 / 极地的珀皮塔,1
dc,国际服,图鉴资料,掠夺者格莉拉,94889,图鉴资料 / 木 / 掠夺者格莉拉,1
dc,国际服,图鉴资料,驱魔师米丽安,92653,图鉴资料 / 木 / 驱魔师米丽安,1
dc,国际服,图鉴资料,回忆的欧洛拉,87904,图鉴资料 / 木 / 回忆的欧洛拉,1
dc,国际服,图鉴资料,魅影怪盗拉弗斯,76462,图鉴资料 / 木 / 魅影怪盗拉弗斯,1
dc,国际服,图鉴资料,量身订做赫尔,72728,图鉴资料 / 木 / 量身订做赫尔,1
dc,国际服,图鉴资料,奢华的希特莉,69333,图鉴资料 / 木 / 奢华的希特莉,1
dc,国际服,图鉴资料,魅惑的赫克特,68055,图鉴资料 / 木 / 魅惑的赫克特,1
dc,国际服,图鉴资料,亮眼维纳斯,66527,图鉴资料 / 木 / 亮眼维纳斯,1
dc,国际服,图鉴资料,喜剧的阿尔蒂斯,60167,图鉴资料 / 木 / 喜剧的阿尔蒂斯,1
dc,国际服,图鉴资料,绫音,58476,图鉴资料 / 木 / 绫音,1
dc,国际服,图鉴资料,贯刺的卢茵,57133,图鉴资料 / 木 / 贯刺的卢茵,1
dc,国际服,图鉴资料,决战安妮,45491,图鉴资料 / 木 / 决战安妮,1
dc,国际服,图鉴资料,脸红心跳希特莉,42014,图鉴资料 / 木 / 脸红心跳希特莉,1
dc,国际服,图鉴资料,自嘲的娜薇,42013,图鉴资料 / 木 / 自嘲的娜薇,1
dc,国际服,图鉴资料,炼金术师沃丹,33152,图鉴资料 / 木 / 炼金术师沃丹,1
dc,国际服,图鉴资料,骑士达芙妮,27463,图鉴资料 / 木 / 骑士达芙妮,1
dc,国际服,图鉴资料,田园的潘,23839,图鉴资料 / 木 / 田园的潘,1
dc,国际服,图鉴资料,神圣的妮可,20754,图鉴资料 / 木 / 神圣的妮可,1
dc,国际服,图鉴资料,女巫奥凯德,20746,图鉴资料 / 木 / 女巫奥凯德,1
dc,国际服,图鉴资料,女朋友凯萨琳,20744,图鉴资料 / 木 / 女朋友凯萨琳,1
dc,国际服,图鉴资料,菜鸟莫娜,20741,图鉴资料 / 木 / 菜鸟莫娜,1
dc,国际服,图鉴资料,血腥的巴托里,20740,图鉴资料 / 木 / 血腥的巴托里,1
dc,国际服,图鉴资料,比基尼丽莎,20655,图鉴资料 / 木 / 比基尼丽莎,1
dc,国际服,图鉴资料,星夜阿斯特莉亚,20650,图鉴资料 / 木 / 星夜阿斯特莉亚,1
dc,国际服,图鉴资料,转世的柳道士,20647,图鉴资料 / 木 / 转世的柳道士,1
dc,国际服,图鉴资料,不屈的自请妃,20621,图鉴资料 / 木 / 不屈的自请妃,1
dc,国际服,图鉴资料,盲信的卢茵,20620,图鉴资料 / 木 / 盲信的卢茵,1
dc,国际服,图鉴资料,玛莉·萝丝,20615,图鉴资料 / 木 / 玛莉·萝丝,1
dc,国际服,图鉴资料,薮猫,20579,图鉴资料 / 木 / 薮猫,1
dc,国际服,图鉴资料,情报员布朗尼,20575,图鉴资料 / 木 / 情报员布朗尼,1
dc,国际服,图鉴资料,守护神嫦娥,20449,图鉴资料 / 木 / 守护神嫦娥,1
dc,国际服,图鉴资料,欺瞒的坎普斯,20447,图鉴资料 / 木 / 欺瞒的坎普斯,1
dc,国际服,图鉴资料,审美的万达斯,20442,图鉴资料 / 木 / 审美的万达斯,1
dc,国际服,图鉴资料,赞美的绪林克斯,20416,图鉴资料 / 木 / 赞美的绪林克斯,1
dc,国际服,图鉴资料,有野心的玛门,20412,图鉴资料 / 木 / 有野心的玛门,1
dc,国际服,图鉴资料,恶棍亚巴顿,20411,图鉴资料 / 木 / 恶棍亚巴顿,1
dc,国际服,图鉴资料,自负的赫拉,20409,图鉴资料 / 木 / 自负的赫拉,1
dc,国际服,图鉴资料,冒险家艾波娜,20263,图鉴资料 / 木 / 冒险家艾波娜,1
dc,国际服,图鉴资料,午夜的赛莲,20243,图鉴资料 / 木 / 午夜的赛莲,1
dc,国际服,图鉴资料,忍者琪隆,595262,图鉴资料 / 水 / 忍者琪隆,1
dc,国际服,图鉴资料,哀悲的索卡,593135,图鉴资料 / 水 / 哀悲的索卡,1
dc,国际服,图鉴资料,全面的俄涅洛伊,593122,图鉴资料 / 水 / 全面的俄涅洛伊,1
dc,国际服,图鉴资料,领主卡那罗,589619,图鉴资料 / 水 / 领主卡那罗,1
dc,国际服,图鉴资料,疾走的达利亚,584750,图鉴资料 / 水 / 疾走的达利亚,1
dc,国际服,图鉴资料,螭龙石见,582278,图鉴资料 / 水 / 螭龙石见,1
dc,国际服,图鉴资料,看守者艾芮儿,577974,图鉴资料 / 水 / 看守者艾芮儿,1
dc,国际服,图鉴资料,自信的图兰,171922,图鉴资料 / 水 / 自信的图兰,1
dc,国际服,图鉴资料,拉姆蕾萨尔,168974,图鉴资料 / 水 / 拉姆蕾萨尔,1
dc,国际服,图鉴资料,川流艾雅,167085,图鉴资料 / 水 / 川流艾雅,1
dc,国际服,图鉴资料,通灵师都桂花,162565,图鉴资料 / 水 / 通灵师都桂花,1
dc,国际服,图鉴资料,荣光的梅西耶,160173,图鉴资料 / 水 / 荣光的梅西耶,1
dc,国际服,图鉴资料,追击者库巴巴,157025,图鉴资料 / 水 / 追击者库巴巴,1
dc,国际服,图鉴资料,天真的赛奥法诺,155214,图鉴资料 / 水 / 天真的赛奥法诺,1
dc,国际服,图鉴资料,壮丽的阿罗汉,96276,图鉴资料 / 水 / 壮丽的阿罗汉,1
dc,国际服,图鉴资料,顿悟的妮可,94887,图鉴资料 / 水 / 顿悟的妮可,1
dc,国际服,图鉴资料,追击者卡西亚,89315,图鉴资料 / 水 / 追击者卡西亚,1
dc,国际服,图鉴资料,吞食的普洛瑟罗,87905,图鉴资料 / 水 / 吞食的普洛瑟罗,1
dc,国际服,图鉴资料,亡命者哈比,86650,图鉴资料 / 水 / 亡命者哈比,1
dc,国际服,图鉴资料,灭谛尼尔提,85353,图鉴资料 / 水 / 灭谛尼尔提,1
dc,国际服,图鉴资料,热忱墨丘利,81550,图鉴资料 / 水 / 热忱墨丘利,1
dc,国际服,图鉴资料,炼金术师玛土撒拉,72729,图鉴资料 / 水 / 炼金术师玛土撒拉,1
dc,国际服,图鉴资料,驱魔师毗卢婆,71695,图鉴资料 / 水 / 驱魔师毗卢婆,1
dc,国际服,图鉴资料,可爱的欧洛斯,70400,图鉴资料 / 水 / 可爱的欧洛斯,1
dc,国际服,图鉴资料,冰刃尤弥尔,70401,图鉴资料 / 水 / 冰刃尤弥尔,1
dc,国际服,图鉴资料,不安的塞尔凯特,69334,图鉴资料 / 水 / 不安的塞尔凯特,1
dc,国际服,图鉴资料,活泼的帕赫特,68053,图鉴资料 / 水 / 活泼的帕赫特,1
dc,国际服,图鉴资料,闪亮娜普图,66528,图鉴资料 / 水 / 闪亮娜普图,1
dc,国际服,图鉴资料,善良的里欧,62507,图鉴资料 / 水 / 善良的里欧,1
dc,国际服,图鉴资料,冻原吉尔丁,61198,图鉴资料 / 水 / 冻原吉尔丁,1
dc,国际服,图鉴资料,正义之花玛弗德特,50291,图鉴资料 / 水 / 正义之花玛弗德特,1
dc,国际服,图鉴资料,逃亡缇丝贝,52603,图鉴资料 / 水 / 逃亡缇丝贝,1
dc,国际服,图鉴资料,神射手比利,45490,图鉴资料 / 水 / 神射手比利,1
dc,国际服,图鉴资料,舞者莎乐美,42012,图鉴资料 / 水 / 舞者莎乐美,1
dc,国际服,图鉴资料,勤勉的迪诺,25577,图鉴资料 / 水 / 勤勉的迪诺,1
dc,国际服,图鉴资料,伪君子巴贝尔,24594,图鉴资料 / 水 / 伪君子巴贝尔,1
dc,国际服,图鉴资料,春之贝丝,24595,图鉴资料 / 水 / 春之贝丝,1
dc,国际服,图鉴资料,招揽客人的艾修,21666,图鉴资料 / 水 / 招揽客人的艾修,1
dc,国际服,图鉴资料,琳,20745,图鉴资料 / 水 / 琳,1
dc,国际服,图鉴资料,悲恸的忒提斯,20742,图鉴资料 / 水 / 悲恸的忒提斯,1
dc,国际服,图鉴资料,学校泳装妲比,20736,图鉴资料 / 水 / 学校泳装妲比,1
dc,国际服,图鉴资料,仲夏秋牡丹,20656,图鉴资料 / 水 / 仲夏秋牡丹,1
dc,国际服,图鉴资料,白手伊索德,20654,图鉴资料 / 水 / 白手伊索德,1
dc,国际服,图鉴资料,诺爱儿,20652,图鉴资料 / 水 / 诺爱儿,1
dc,国际服,图鉴资料,诚,20651,图鉴资料 / 水 / 诚,1
dc,国际服,图鉴资料,祈祷的钵里,20646,图鉴资料 / 水 / 祈祷的钵里,1
dc,国际服,图鉴资料,霞,20616,图鉴资料 / 水 / 霞,1
dc,国际服,图鉴资料,浣熊,20610,图鉴资料 / 水 / 浣熊,1
dc,国际服,图鉴资料,恶毒的卡莉普索,20577,图鉴资料 / 水 / 恶毒的卡莉普索,1
dc,国际服,图鉴资料,暗黑克星丽莎,20576,图鉴资料 / 水 / 暗黑克星丽莎,1
dc,国际服,图鉴资料,荣耀的米里娜,20571,图鉴资料 / 水 / 荣耀的米里娜,1
dc,国际服,图鉴资料,公主初音,20570,图鉴资料 / 水 / 公主初音,1
dc,国际服,图鉴资料,雪音,20569,图鉴资料 / 水 / 雪音,1
dc,国际服,图鉴资料,初音,20568,图鉴资料 / 水 / 初音,1
dc,国际服,图鉴资料,回忆中的圣诞老人,20448,图鉴资料 / 水 / 回忆中的圣诞老人,1
dc,国际服,图鉴资料,禁忌的夏娃,20445,图鉴资料 / 水 / 禁忌的夏娃,1
dc,国际服,图鉴资料,阳光的嫦娥,20418,图鉴资料 / 水 / 阳光的嫦娥,1
dc,国际服,图鉴资料,优柔寡断的鲁薩尔卡,20417,图鉴资料 / 水 / 优柔寡断的鲁薩尔卡,1
dc,国际服,图鉴资料,疾走的玛尔斯,20414,图鉴资料 / 水 / 疾走的玛尔斯,1
dc,国际服,图鉴资料,蓝暗影奥尔加,20306,图鉴资料 / 水 / 蓝暗影奥尔加,1
dc,国际服,图鉴资料,做梦的那伊阿得斯,20277,图鉴资料 / 水 / 做梦的那伊阿得斯,1
dc,国际服,图鉴资料,未知的桑纳托斯,20241,图鉴资料 / 水 / 未知的桑纳托斯,1
dc,国际服,图鉴资料,镜之维多莉丝,21415,图鉴资料 / 4星天子：光 / 镜之维多莉丝,1
dc,国际服,图鉴资料,异界的梅林,21414,图鉴资料 / 4星天子：光 / 异界的梅林,1
dc,国际服,图鉴资料,束缚的伊丝塔,21450,图鉴资料 / 4星天子：光 / 束缚的伊丝塔,1
dc,国际服,图鉴资料,花园的波摩纳,21434,图鉴资料 / 4星天子：光 / 花园的波摩纳,1
dc,国际服,图鉴资料,盛开的艾拉托,21462,图鉴资料 / 4星天子：光 / 盛开的艾拉托,1
dc,国际服,图鉴资料,成功的勒达,21456,图鉴资料 / 4星天子：光 / 成功的勒达,1
dc,国际服,图鉴资料,唱歌的芭丝特,21409,图鉴资料 / 4星天子：光 / 唱歌的芭丝特,1
dc,国际服,图鉴资料,批判的哥摩拉,26565,图鉴资料 / 4星天子：光 / 批判的哥摩拉,1
dc,国际服,图鉴资料,斗志高昂的海克力士,21442,图鉴资料 / 4星天子：光 / 斗志高昂的海克力士,1
dc,国际服,图鉴资料,战士芙丽嘉,21430,图鉴资料 / 4星天子：光 / 战士芙丽嘉,1
dc,国际服,图鉴资料,决战的提泰妮亚,21427,图鉴资料 / 4星天子：光 / 决战的提泰妮亚,1
dc,国际服,图鉴资料,流浪的少女侦探,21428,图鉴资料 / 4星天子：光 / 流浪的少女侦探,1
dc,国际服,图鉴资料,巧手的卡尔克斯,21436,图鉴资料 / 4星天子：光 / 巧手的卡尔克斯,1
dc,国际服,图鉴资料,欣喜的厄俄斯,21441,图鉴资料 / 4星天子：光 / 欣喜的厄俄斯,1
dc,国际服,图鉴资料,暗夜祭泰风,89791,图鉴资料 / 暗 / 暗夜祭泰风,1
dc,国际服,图鉴资料,暗夜的阿提蜜丝,21429,图鉴资料 / 暗 / 暗夜的阿提蜜丝,1
dc,国际服,图鉴资料,沉默的厄洛斯,21416,图鉴资料 / 暗 / 沉默的厄洛斯,1
dc,国际服,图鉴资料,浑沌的海卓拉,26564,图鉴资料 / 暗 / 浑沌的海卓拉,1
dc,国际服,图鉴资料,黎明普西芬尼,21440,图鉴资料 / 暗 / 黎明普西芬尼,1
dc,国际服,图鉴资料,忧郁的尼曼,21420,图鉴资料 / 暗 / 忧郁的尼曼,1
dc,国际服,图鉴资料,无聊的墨尔波墨涅,21417,图鉴资料 / 暗 / 无聊的墨尔波墨涅,1
dc,国际服,图鉴资料,做梦的未知者,22728,图鉴资料 / 暗 / 做梦的未知者,1
dc,国际服,图鉴资料,暗永恒之枪,26566,图鉴资料 / 暗 / 暗永恒之枪,1
dc,国际服,图鉴资料,黎明的断头台,21455,图鉴资料 / 暗 / 黎明的断头台,1
dc,国际服,图鉴资料,小丑伊南娜,21451,图鉴资料 / 暗 / 小丑伊南娜,1
dc,国际服,图鉴资料,愤怒的摩莉甘,21437,图鉴资料 / 暗 / 愤怒的摩莉甘,1
dc,国际服,图鉴资料,敬爱皮耶塔丝,21410,图鉴资料 / 暗 / 敬爱皮耶塔丝,1
dc,国际服,图鉴资料,小公主希栢利,21424,图鉴资料 / 暗 / 小公主希栢利,1
dc,国际服,图鉴资料,独善其身的阿顿,21453,图鉴资料 / 暗 / 独善其身的阿顿,1
dc,国际服,图鉴资料,古老的骷髅,21463,图鉴资料 / 暗 / 古老的骷髅,1
dc,国际服,图鉴资料,歌唱的艾蔻,86652,图鉴资料 / 火 / 歌唱的艾蔻,1
dc,国际服,图鉴资料,赛车手妲比,83951,图鉴资料 / 火 / 赛车手妲比,1
dc,国际服,图鉴资料,被遗弃的生物,24596,图鉴资料 / 火 / 被遗弃的生物,1
dc,国际服,图鉴资料,沉默的奇美拉,21425,图鉴资料 / 火 / 沉默的奇美拉,1
dc,国际服,图鉴资料,羞怯的弗雷西亚,21447,图鉴资料 / 火 / 羞怯的弗雷西亚,1
dc,国际服,图鉴资料,佣兵赫克特,21458,图鉴资料 / 火 / 佣兵赫克特,1
dc,国际服,图鉴资料,幻想的达芙妮,21431,图鉴资料 / 火 / 幻想的达芙妮,1
dc,国际服,图鉴资料,束缚的蕾蒂,21460,图鉴资料 / 火 / 束缚的蕾蒂,1
dc,国际服,图鉴资料,恍惚的艾德拉多,21444,图鉴资料 / 火 / 恍惚的艾德拉多,1
dc,国际服,图鉴资料,沉默的妖精,21412,图鉴资料 / 火 / 沉默的妖精,1
dc,国际服,图鉴资料,闪耀的尤娜,21426,图鉴资料 / 火 / 闪耀的尤娜,1
dc,国际服,图鉴资料,探险家芬里尔,21461,图鉴资料 / 火 / 探险家芬里尔,1
dc,国际服,图鉴资料,不请自来的鲁道夫,21411,图鉴资料 / 火 / 不请自来的鲁道夫,1
dc,国际服,图鉴资料,危险的福尔图娜,21457,图鉴资料 / 火 / 危险的福尔图娜,1
dc,国际服,图鉴资料,战场的涅伊特,21418,图鉴资料 / 火 / 战场的涅伊特,1
dc,国际服,图鉴资料,固执的弗林斯,63850,图鉴资料 / 火 / 固执的弗林斯,1
dc,国际服,图鉴资料,旁观者奥德修斯,82899,图鉴资料 / 木 / 旁观者奥德修斯,1
dc,国际服,图鉴资料,拦网崔斯坦,21406,图鉴资料 / 木 / 拦网崔斯坦,1
dc,国际服,图鉴资料,挑战者安布罗西亚,21452,图鉴资料 / 木 / 挑战者安布罗西亚,1
dc,国际服,图鉴资料,暗夜的繆思,21446,图鉴资料 / 木 / 暗夜的繆思,1
dc,国际服,图鉴资料,热血的阿伽门农,21407,图鉴资料 / 木 / 热血的阿伽门农,1
dc,国际服,图鉴资料,守护安卡,21408,图鉴资料 / 木 / 守护安卡,1
dc,国际服,图鉴资料,沉默的红鼻子,21413,图鉴资料 / 木 / 沉默的红鼻子,1
dc,国际服,图鉴资料,草原的芙萝拉,21465,图鉴资料 / 木 / 草原的芙萝拉,1
dc,国际服,图鉴资料,虚假的海翠克,21459,图鉴资料 / 木 / 虚假的海翠克,1
dc,国际服,图鉴资料,芬芳的欧罗巴,21419,图鉴资料 / 木 / 芬芳的欧罗巴,1
dc,国际服,图鉴资料,逆袭的提西福涅,21454,图鉴资料 / 木 / 逆袭的提西福涅,1
dc,国际服,图鉴资料,独白的阿莫尔,21445,图鉴资料 / 木 / 独白的阿莫尔,1
dc,国际服,图鉴资料,小不点格蕾,21448,图鉴资料 / 木 / 小不点格蕾,1
dc,国际服,图鉴资料,暗夜塞勒涅,21421,图鉴资料 / 木 / 暗夜塞勒涅,1
dc,国际服,图鉴资料,一触即发的达奴,21423,图鉴资料 / 水 / 一触即发的达奴,1
dc,国际服,图鉴资料,模仿的伊西斯,21432,图鉴资料 / 水 / 模仿的伊西斯,1
dc,国际服,图鉴资料,努力的奎里努斯,21467,图鉴资料 / 水 / 努力的奎里努斯,1
dc,国际服,图鉴资料,懒散的玛雅乌尔,21422,图鉴资料 / 水 / 懒散的玛雅乌尔,1
dc,国际服,图鉴资料,梦幻的万圣节,21464,图鉴资料 / 水 / 梦幻的万圣节,1
dc,国际服,图鉴资料,厉害的托特,21433,图鉴资料 / 水 / 厉害的托特,1
dc,国际服,图鉴资料,悲伤的商籁,21466,图鉴资料 / 水 / 悲伤的商籁,1
dc,国际服,图鉴资料,流浪的艾莉希恩,21449,图鉴资料 / 水 / 流浪的艾莉希恩,1
dc,国际服,图鉴资料,忠诚的雅加,21435,图鉴资料 / 水 / 忠诚的雅加,1
dc,国际服,图鉴资料,电光阿尔戈斯,21443,图鉴资料 / 水 / 电光阿尔戈斯,1
dc,国际服,图鉴资料,悲恸的报丧女妖,593126,图鉴资料 / 人偶：传奇 / 悲恸的报丧女妖,1
dc,国际服,图鉴资料,女仆摩根,169173,图鉴资料 / 人偶：传奇 / 女仆摩根,1
dc,国际服,图鉴资料,不屈的自请妃,169174,图鉴资料 / 人偶：传奇 / 不屈的自请妃,1
dc,国际服,图鉴资料,轮回的克丽欧佩特拉,169175,图鉴资料 / 人偶：传奇 / 轮回的克丽欧佩特拉,1
dc,国际服,图鉴资料,小试身手朱庇特,169176,图鉴资料 / 人偶：传奇 / 小试身手朱庇特,1
dc,国际服,图鉴资料,有野心的玛门,169177,图鉴资料 / 人偶：传奇 / 有野心的玛门,1
dc,国际服,图鉴资料,阳光的嫦娥,169178,图鉴资料 / 人偶：传奇 / 阳光的嫦娥,1
dc,国际服,图鉴资料,禁忌的夏娃,169179,图鉴资料 / 人偶：传奇 / 禁忌的夏娃,1
dc,国际服,图鉴资料,君临梅杜莎,169180,图鉴资料 / 人偶：传奇 / 君临梅杜莎,1
dc,国际服,图鉴资料,弗雷,169181,图鉴资料 / 人偶：传奇 / 弗雷,1
dc,国际服,图鉴资料,迷失的玛亚特,169182,图鉴资料 / 人偶：传奇 / 迷失的玛亚特,1
dc,国际服,图鉴资料,星夜阿斯特莉亚,595288,图鉴资料 / 史诗 / 星夜阿斯特莉亚,1
dc,国际服,图鉴资料,回忆的欧洛拉,595290,图鉴资料 / 史诗 / 回忆的欧洛拉,1
dc,国际服,图鉴资料,白色伊索德,595293,图鉴资料 / 史诗 / 白色伊索德,1
dc,国际服,图鉴资料,春之贝丝,595291,图鉴资料 / 史诗 / 春之贝丝,1
dc,国际服,图鉴资料,暗黑克星丽莎,593132,图鉴资料 / 史诗 / 暗黑克星丽莎,1
dc,国际服,图鉴资料,勤勉的迪诺,593133,图鉴资料 / 史诗 / 勤勉的迪诺,1
dc,国际服,图鉴资料,自傲的菲尔纳多,593128,图鉴资料 / 史诗 / 自傲的菲尔纳多,1
dc,国际服,图鉴资料,圣诞勒达,593127,图鉴资料 / 史诗 / 圣诞勒达,1
dc,国际服,图鉴资料,田园的潘,591545,图鉴资料 / 史诗 / 田园的潘,1
dc,国际服,图鉴资料,魅惑的赫克特,591544,图鉴资料 / 史诗 / 魅惑的赫克特,1
dc,国际服,图鉴资料,暗光的凯布利,591540,图鉴资料 / 史诗 / 暗光的凯布利,1
dc,国际服,图鉴资料,匆忙的奥弗伊斯,591539,图鉴资料 / 史诗 / 匆忙的奥弗伊斯,1
dc,国际服,图鉴资料,仲夏秋牡丹,589624,图鉴资料 / 史诗 / 仲夏秋牡丹,1
dc,国际服,图鉴资料,引人注目的艾修,589625,图鉴资料 / 史诗 / 引人注目的艾修,1
dc,国际服,图鉴资料,神枪手希尔德,589626,图鉴资料 / 史诗 / 神枪手希尔德,1
dc,国际服,图鉴资料,古弦乐师自请妃,589628,图鉴资料 / 史诗 / 古弦乐师自请妃,1
dc,国际服,图鉴资料,渴望的维尔德,169269,图鉴资料 / 史诗 / 渴望的维尔德,1
dc,国际服,图鉴资料,净火的狄蜜特,169271,图鉴资料 / 史诗 / 净火的狄蜜特,1
dc,国际服,图鉴资料,转世的柳道士,169272,图鉴资料 / 史诗 / 转世的柳道士,1
dc,国际服,图鉴资料,祈祷的钵里,169273,图鉴资料 / 史诗 / 祈祷的钵里,1
dc,国际服,图鉴资料,虚幻的迪朗达尔,169275,图鉴资料 / 史诗 / 虚幻的迪朗达尔,1
dc,国际服,图鉴资料,沙漠的荷鲁斯,169276,图鉴资料 / 史诗 / 沙漠的荷鲁斯,1
dc,国际服,图鉴资料,欺瞒的坎普斯,169277,图鉴资料 / 史诗 / 欺瞒的坎普斯,1
dc,国际服,图鉴资料,和谐的梅芙,169278,图鉴资料 / 史诗 / 和谐的梅芙,1
dc,国际服,图鉴资料,情报员布朗尼,169279,图鉴资料 / 史诗 / 情报员布朗尼,1
dc,国际服,图鉴资料,正义的玛弗德特,169280,图鉴资料 / 史诗 / 正义的玛弗德特,1
dc,国际服,图鉴资料,冰刃尤弥尔,169281,图鉴资料 / 史诗 / 冰刃尤弥尔,1
dc,国际服,图鉴资料,月光狼人,169282,图鉴资料 / 史诗 / 月光狼人,1
dc,国际服,图鉴资料,沉着的迈达斯,169284,图鉴资料 / 史诗 / 沉着的迈达斯,1
dc,国际服,图鉴资料,魔方摩亚,169285,图鉴资料 / 史诗 / 魔方摩亚,1
dc,国际服,图鉴资料,蓝暗影奥尔加,169286,图鉴资料 / 史诗 / 蓝暗影奥尔加,1
dc,国际服,图鉴资料,恶棍亚巴顿,169287,图鉴资料 / 史诗 / 恶棍亚巴顿,1
dc,国际服,图鉴资料,沸腾的黑帝斯,169288,图鉴资料 / 史诗 / 沸腾的黑帝斯,1
dc,国际服,图鉴资料,白翼的迪亚布罗,169290,图鉴资料 / 史诗 / 白翼的迪亚布罗,1
dc,国际服,图鉴资料,西方的欧洛拉,169292,图鉴资料 / 史诗 / 西方的欧洛拉,1
dc,国际服,图鉴资料,传教的黛娜,169293,图鉴资料 / 史诗 / 传教的黛娜,1
dc,国际服,图鉴资料,守卫雷德克洛斯,169295,图鉴资料 / 史诗 / 守卫雷德克洛斯,1
dc,国际服,图鉴资料,A.I,169297,图鉴资料 / 史诗 / A.I,1
dc,国际服,图鉴资料,小小的迪娜希,169302,图鉴资料 / 史诗 / 小小的迪娜希,1
dc,国际服,图鉴资料,做梦的那伊阿得斯,169305,图鉴资料 / 史诗 / 做梦的那伊阿得斯,1
dc,国际服,图鉴资料,独裁的伊莉莎白,169307,图鉴资料 / 史诗 / 独裁的伊莉莎白,1
dc,国际服,图鉴资料,冒险家艾波娜,169309,图鉴资料 / 史诗 / 冒险家艾波娜,1
dc,国际服,图鉴资料,优柔寡断的鲁萨尔卡,169310,图鉴资料 / 史诗 / 优柔寡断的鲁萨尔卡,1
dc,国际服,图鉴资料,野生的芭丝黛特,169314,图鉴资料 / 史诗 / 野生的芭丝黛特,1
dc,国际服,图鉴资料,天真的绪林克斯,169316,图鉴资料 / 史诗 / 天真的绪林克斯,1
dc,国际服,图鉴资料,未知的桑纳托斯,169317,图鉴资料 / 史诗 / 未知的桑纳托斯,1
dc,国际服,图鉴资料,无名的赛莲,169318,图鉴资料 / 史诗 / 无名的赛莲,1
dc,国际服,图鉴资料,驱魔师尼尔提,169319,图鉴资料 / 史诗 / 驱魔师尼尔提,1
dc,国际服,图鉴资料, 兰菲,169320,图鉴资料 / 史诗 /  兰菲,1
dc,国际服,图鉴资料,迟疑的梅提斯,169321,图鉴资料 / 史诗 / 迟疑的梅提斯,1
dc,国际服,图鉴资料,黑炎的赫斯提亚,169322,图鉴资料 / 史诗 / 黑炎的赫斯提亚,1
dc,国际服,图鉴资料,歌唱的亚莉亚,169324,图鉴资料 / 史诗 / 歌唱的亚莉亚,1
dc,国际服,图鉴资料,无目标的潘迪恩,169325,图鉴资料 / 史诗 / 无目标的潘迪恩,1
dc,国际服,图鉴资料,自负的赫拉,169326,图鉴资料 / 史诗 / 自负的赫拉,1
dc,国际服,图鉴资料,浪费家荷米斯,169342,图鉴资料 / 史诗 / 浪费家荷米斯,1
dc,国际服,图鉴资料,疾走的玛尔斯,169344,图鉴资料 / 史诗 / 疾走的玛尔斯,1
dc,国际服,图鉴资料,沉默的红鼻子,169197,图鉴资料 / 稀有 / 沉默的红鼻子,1
dc,国际服,图鉴资料,沉默的妖精,169199,图鉴资料 / 稀有 / 沉默的妖精,1
dc,国际服,图鉴资料,守卫安卡,169200,图鉴资料 / 稀有 / 守卫安卡,1
dc,国际服,图鉴资料,旁观者奥德修斯,169202,图鉴资料 / 稀有 / 旁观者奥德修斯,1
dc,国际服,图鉴资料,拦网崔斯坦,169203,图鉴资料 / 稀有 / 拦网崔斯坦,1
dc,国际服,图鉴资料,敬爱皮耶塔丝,169204,图鉴资料 / 稀有 / 敬爱皮耶塔丝,1
dc,国际服,图鉴资料,做梦的未知者,169205,图鉴资料 / 稀有 / 做梦的未知者,1
dc,国际服,图鉴资料,唱歌的芭丝特,169207,图鉴资料 / 稀有 / 唱歌的芭丝特,1
dc,国际服,图鉴资料,暗夜祭泰风,169208,图鉴资料 / 稀有 / 暗夜祭泰风,1
dc,国际服,图鉴资料,一触即发的达奴,169210,图鉴资料 / 稀有 / 一触即发的达奴,1
dc,国际服,图鉴资料,斗志高昂的海克力士,169211,图鉴资料 / 稀有 / 斗志高昂的海克力士,1
dc,国际服,图鉴资料,电光阿尔戈斯,169212,图鉴资料 / 稀有 / 电光阿尔戈斯,1
dc,国际服,图鉴资料,幻想的达芙妮,169213,图鉴资料 / 稀有 / 幻想的达芙妮,1
dc,国际服,图鉴资料,虚假的海翠克,169214,图鉴资料 / 稀有 / 虚假的海翠克,1
dc,国际服,图鉴资料,不请自来的鲁道夫,169215,图鉴资料 / 稀有 / 不请自来的鲁道夫,1
dc,国际服,图鉴资料,恍惚的艾德拉多,169216,图鉴资料 / 稀有 / 恍惚的艾德拉多,1
dc,国际服,图鉴资料,异界的梅林,169217,图鉴资料 / 稀有 / 异界的梅林,1
dc,国际服,图鉴资料,沉默的厄洛斯,169218,图鉴资料 / 稀有 / 沉默的厄洛斯,1
dc,国际服,图鉴资料,小公主希栢利,169219,图鉴资料 / 稀有 / 小公主希栢利,1
dc,国际服,图鉴资料,模仿的伊西斯,169220,图鉴资料 / 稀有 / 模仿的伊西斯,1
dc,国际服,图鉴资料,鲁莽的赫尔莫德,169221,图鉴资料 / 稀有 / 鲁莽的赫尔莫德,1
dc,国际服,图鉴资料,闪耀的尤娜,169222,图鉴资料 / 稀有 / 闪耀的尤娜,1
dc,国际服,图鉴资料,盛夏希比,169223,图鉴资料 / 稀有 / 盛夏希比,1
dc,国际服,图鉴资料,小丑伊南娜,169224,图鉴资料 / 稀有 / 小丑伊南娜,1
dc,国际服,图鉴资料,决战的提泰妮亚,169225,图鉴资料 / 稀有 / 决战的提泰妮亚,1
dc,国际服,图鉴资料,固执的弗林斯,169226,图鉴资料 / 稀有 / 固执的弗林斯,1
dc,国际服,图鉴资料,独善其身的阿顿,169227,图鉴资料 / 稀有 / 独善其身的阿顿,1
dc,国际服,图鉴资料,热血的阿伽门农,169228,图鉴资料 / 稀有 / 热血的阿伽门农,1
dc,国际服,图鉴资料,梦幻的万圣节,169229,图鉴资料 / 稀有 / 梦幻的万圣节,1
dc,国际服,图鉴资料,束缚的蕾蒂,169230,图鉴资料 / 稀有 / 束缚的蕾蒂,1
dc,国际服,图鉴资料,黎明的断头台,169231,图鉴资料 / 稀有 / 黎明的断头台,1
dc,国际服,图鉴资料,镜之维多莉丝,169232,图鉴资料 / 稀有 / 镜之维多莉丝,1
dc,国际服,图鉴资料,流浪的艾莉希恩,169233,图鉴资料 / 稀有 / 流浪的艾莉希恩,1
dc,国际服,图鉴资料,啦啦队长塔莉亚,169234,图鉴资料 / 稀有 / 啦啦队长塔莉亚,1
dc,国际服,图鉴资料,束缚的伊丝塔,169235,图鉴资料 / 稀有 / 束缚的伊丝塔,1
dc,国际服,图鉴资料,仿生人撒拉,169236,图鉴资料 / 稀有 / 仿生人撒拉,1
dc,国际服,图鉴资料,严厉的托特,169237,图鉴资料 / 稀有 / 严厉的托特,1
dc,国际服,图鉴资料,独白的阿莫尔,169238,图鉴资料 / 稀有 / 独白的阿莫尔,1
dc,国际服,图鉴资料,花园的波摩纳,169239,图鉴资料 / 稀有 / 花园的波摩纳,1
dc,国际服,图鉴资料,暗夜的缪思,169240,图鉴资料 / 稀有 / 暗夜的缪思,1
dc,国际服,图鉴资料,草原的芙萝拉,169241,图鉴资料 / 稀有 / 草原的芙萝拉,1
dc,国际服,图鉴资料,忠诚的雅加,169242,图鉴资料 / 稀有 / 忠诚的雅加,1
dc,国际服,图鉴资料,悲伤的商籁,169243,图鉴资料 / 稀有 / 悲伤的商籁,1
dc,国际服,图鉴资料,无聊的墨尔波墨涅,169244,图鉴资料 / 稀有 / 无聊的墨尔波墨涅,1
dc,国际服,图鉴资料,战场的涅伊特,169245,图鉴资料 / 稀有 / 战场的涅伊特,1
dc,国际服,图鉴资料,巧手的卡尔克斯,169246,图鉴资料 / 稀有 / 巧手的卡尔克斯,1
dc,国际服,图鉴资料,努力的奎里努斯,169247,图鉴资料 / 稀有 / 努力的奎里努斯,1
dc,国际服,图鉴资料,探险家芬里尔,169248,图鉴资料 / 稀有 / 探险家芬里尔,1
dc,国际服,图鉴资料,探险家芬里尔,169249,图鉴资料 / 稀有 / 探险家芬里尔,1
dc,国际服,图鉴资料,盛开的艾拉托,169250,图鉴资料 / 稀有 / 盛开的艾拉托,1
dc,国际服,图鉴资料,羞怯的弗雷希亚,169251,图鉴资料 / 稀有 / 羞怯的弗雷希亚,1
dc,国际服,图鉴资料,芬芳的欧罗巴,169252,图鉴资料 / 稀有 / 芬芳的欧罗巴,1
dc,国际服,图鉴资料,逆袭的缇西福涅,169253,图鉴资料 / 稀有 / 逆袭的缇西福涅,1
dc,国际服,图鉴资料,忧郁的尼曼,169254,图鉴资料 / 稀有 / 忧郁的尼曼,1
dc,国际服,图鉴资料,愤怒的摩莉甘,169255,图鉴资料 / 稀有 / 愤怒的摩莉甘,1
dc,国际服,图鉴资料,黎明普西芬尼,169256,图鉴资料 / 稀有 / 黎明普西芬尼,1
dc,国际服,图鉴资料,流浪的少女侦探,169257,图鉴资料 / 稀有 / 流浪的少女侦探,1
dc,国际服,图鉴资料,暗夜塞勒涅,169258,图鉴资料 / 稀有 / 暗夜塞勒涅,1
dc,国际服,图鉴资料,成功的勒达,169259,图鉴资料 / 稀有 / 成功的勒达,1
dc,国际服,图鉴资料,欣喜的厄俄斯,169260,图鉴资料 / 稀有 / 欣喜的厄俄斯,1
dc,国际服,图鉴资料,懒散的玛雅乌尔,169262,图鉴资料 / 稀有 / 懒散的玛雅乌尔,1
dc,国际服,图鉴资料,危险的福尔图娜,169263,图鉴资料 / 稀有 / 危险的福尔图娜,1
dc,国际服,图鉴资料,小不点格蕾,169264,图鉴资料 / 稀有 / 小不点格蕾,1
dc,国际服,图鉴资料,暗夜的阿提蜜丝,169265,图鉴资料 / 稀有 / 暗夜的阿提蜜丝,1
dc,国际服,图鉴资料,佣兵赫克特,169266,图鉴资料 / 稀有 / 佣兵赫克特,1
dc,国际服,图鉴资料,战士芙丽嘉,169267,图鉴资料 / 稀有 / 战士芙丽嘉,1
dc,国际服,图鉴资料,卑微的仙女琉刻,169289,图鉴资料 / 罕见 / 卑微的仙女琉刻,1
dc,国际服,图鉴资料,诅咒的斯库尔德,169291,图鉴资料 / 罕见 / 诅咒的斯库尔德,1
dc,国际服,图鉴资料,满月亚娜,169294,图鉴资料 / 罕见 / 满月亚娜,1
dc,国际服,图鉴资料,疾走的阿特丽波斯,169296,图鉴资料 / 罕见 / 疾走的阿特丽波斯,1
dc,国际服,图鉴资料,深渊的塔丽塔洛斯,169298,图鉴资料 / 罕见 / 深渊的塔丽塔洛斯,1
dc,国际服,图鉴资料,奔跑的塞莎特,169299,图鉴资料 / 罕见 / 奔跑的塞莎特,1
dc,国际服,图鉴资料,花园的伊登,169301,图鉴资料 / 罕见 / 花园的伊登,1
dc,国际服,图鉴资料,突击阿塔兰塔,169303,图鉴资料 / 罕见 / 突击阿塔兰塔,1
dc,国际服,图鉴资料,海市蜃楼魔甘娜,169304,图鉴资料 / 罕见 / 海市蜃楼魔甘娜,1
dc,国际服,图鉴资料,开心的欧洛斯,169306,图鉴资料 / 罕见 / 开心的欧洛斯,1
dc,国际服,图鉴资料,狂暴的巴耳,169308,图鉴资料 / 罕见 / 狂暴的巴耳,1
dc,国际服,图鉴资料,聆听的阿瑞图萨,169312,图鉴资料 / 罕见 / 聆听的阿瑞图萨,1
dc,国际服,图鉴资料,再生的兀儿肯,169315,图鉴资料 / 罕见 / 再生的兀儿肯,1
dc,国际服,图鉴资料,暗夜的提亚玛特,169328,图鉴资料 / 罕见 / 暗夜的提亚玛特,1
dc,国际服,图鉴资料,猶大,169330,图鉴资料 / 罕见 / 猶大,1
dc,国际服,图鉴资料,邻居处容,169331,图鉴资料 / 罕见 / 邻居处容,1
dc,国际服,图鉴资料,梦想的黑卡蒂,169333,图鉴资料 / 罕见 / 梦想的黑卡蒂,1
dc,国际服,图鉴资料,燃烧的菲尼克斯,169334,图鉴资料 / 罕见 / 燃烧的菲尼克斯,1
dc,国际服,图鉴资料,灼热的派罗,169335,图鉴资料 / 罕见 / 灼热的派罗,1
dc,国际服,图鉴资料,破坏的塞赫麦特,169336,图鉴资料 / 罕见 / 破坏的塞赫麦特,1
dc,国际服,图鉴资料,捕捉的克拉托斯,169337,图鉴资料 / 罕见 / 捕捉的克拉托斯,1
dc,国际服,图鉴资料,暗夜祭梅迪,169338,图鉴资料 / 罕见 / 暗夜祭梅迪,1
dc,国际服,图鉴资料,夜下少女许普诺斯,169340,图鉴资料 / 罕见 / 夜下少女许普诺斯,1
dc,国际服,图鉴资料,战士瓦尔基丽,169341,图鉴资料 / 罕见 / 战士瓦尔基丽,1
dc,国际服,图鉴资料,名将吉妮丝,169343,图鉴资料 / 罕见 / 名将吉妮丝,1
dc,国际服,图鉴资料,你的萨耳玛西斯,169345,图鉴资料 / 罕见 / 你的萨耳玛西斯,1
dc,国际服,图鉴资料,创造的巴风特,169346,图鉴资料 / 罕见 / 创造的巴风特,1
dc,国际服,图鉴资料,求道者以利亚,169347,图鉴资料 / 罕见 / 求道者以利亚,1
dc,国际服,图鉴资料,闪耀的阿波罗,169349,图鉴资料 / 罕见 / 闪耀的阿波罗,1
dc,国际服,图鉴资料,报复的美狄亚,169350,图鉴资料 / 罕见 / 报复的美狄亚,1
dc,国际服,图鉴资料,热血的维斯塔,169351,图鉴资料 / 罕见 / 热血的维斯塔,1
dc,国际服,图鉴资料,调味的高嘉,169352,图鉴资料 / 罕见 / 调味的高嘉,1
dc,国际服,图鉴资料,毒舌的巴里斯,169353,图鉴资料 / 罕见 / 毒舌的巴里斯,1
dc,国际服,图鉴资料,断连的忒弥斯,169354,图鉴资料 / 罕见 / 断连的忒弥斯,1
dc,国际服,图鉴资料,修复的卜塔,169357,图鉴资料 / 罕见 / 修复的卜塔,1
dc,国际服,图鉴资料,牺牲的贞德,169358,图鉴资料 / 罕见 / 牺牲的贞德,1
dc,国际服,图鉴资料,守护的传奇,169359,图鉴资料 / 罕见 / 守护的传奇,1
dc,国际服,图鉴资料,狂言的比利特,169360,图鉴资料 / 罕见 / 狂言的比利特,1
dc,国际服,图鉴资料,守序的沙玛什,169362,图鉴资料 / 罕见 / 守序的沙玛什,1
dc,国际服,图鉴资料,恶毒的卡莉普索,169363,图鉴资料 / 罕见 / 恶毒的卡莉普索,1
dc,国际服,图鉴资料,怠惰的缪妮摩西妮,169364,图鉴资料 / 罕见 / 怠惰的缪妮摩西妮,1
dc,国际服,图鉴资料,静谧的戴安娜,169367,图鉴资料 / 罕见 / 静谧的戴安娜,1
dc,国际服,图鉴资料,活跃的阿莱克托,169368,图鉴资料 / 罕见 / 活跃的阿莱克托,1
dc,国际服,图鉴资料,天真的弗蕾亚,169369,图鉴资料 / 罕见 / 天真的弗蕾亚,1
dc,国际服,图鉴资料,觉醒的辛西亚,169370,图鉴资料 / 罕见 / 觉醒的辛西亚,1
dc,国际服,图鉴资料,激情的厄里丝,169371,图鉴资料 / 罕见 / 激情的厄里丝,1
dc,国际服,图鉴资料,看门犬库西,169372,图鉴资料 / 罕见 / 看门犬库西,1
dc,国际服,图鉴资料,奉仕的迪诺,169373,图鉴资料 / 罕见 / 奉仕的迪诺,1
dc,国际服,图鉴资料,虚张声势的狄蜜特,169374,图鉴资料 / 罕见 / 虚张声势的狄蜜特,1
dc,国际服,图鉴资料,妲比,169375,图鉴资料 / 罕见 / 妲比,1
dc,国际服,图鉴资料,丽莎,169376,图鉴资料 / 罕见 / 丽莎,1
dc,国际服,图鉴资料,莫娜,169377,图鉴资料 / 罕见 / 莫娜,1
dc,国际服,图鉴资料,好孩子的礼物袋,169382,图鉴资料 / 常见 / 好孩子的礼物袋,1
dc,国际服,图鉴资料,冰王苍龙,169385,图鉴资料 / 常见 / 冰王苍龙,1
dc,国际服,图鉴资料,黑羽的暗隆,169389,图鉴资料 / 常见 / 黑羽的暗隆,1
dc,国际服,图鉴资料,光羽的光隆,169391,图鉴资料 / 常见 / 光羽的光隆,1
dc,国际服,图鉴资料,绿羽的草隆,169393,图鉴资料 / 常见 / 绿羽的草隆,1
dc,国际服,图鉴资料,红羽的火隆,169396,图鉴资料 / 常见 / 红羽的火隆,1
dc,国际服,图鉴资料,水羽的波隆,169399,图鉴资料 / 常见 / 水羽的波隆,1
dc,国际服,图鉴资料,紫色的复仇女孩,169402,图鉴资料 / 常见 / 紫色的复仇女孩,1
dc,国际服,图鉴资料,发光的复仇女孩,169405,图鉴资料 / 常见 / 发光的复仇女孩,1
dc,国际服,图鉴资料,绿色的复仇女孩,169407,图鉴资料 / 常见 / 绿色的复仇女孩,1
dc,国际服,图鉴资料,红色的复仇女孩,169410,图鉴资料 / 常见 / 红色的复仇女孩,1
dc,国际服,图鉴资料,蓝色的复仇女孩,169380,图鉴资料 / 常见 / 蓝色的复仇女孩,1
dc,国际服,图鉴资料,暗黑的看守者,169383,图鉴资料 / 常见 / 暗黑的看守者,1
dc,国际服,图鉴资料,光明的看守者,169386,图鉴资料 / 常见 / 光明的看守者,1
dc,国际服,图鉴资料,绿色的看守者,169388,图鉴资料 / 常见 / 绿色的看守者,1
dc,国际服,图鉴资料,红色的看守者,169390,图鉴资料 / 常见 / 红色的看守者,1
dc,国际服,图鉴资料,蓝色的看守者,169394,图鉴资料 / 常见 / 蓝色的看守者,1
dc,国际服,图鉴资料,吵杂的毛球毛球,169397,图鉴资料 / 常见 / 吵杂的毛球毛球,1
dc,国际服,图鉴资料,热血的封箱者,169403,图鉴资料 / 常见 / 热血的封箱者,1
dc,国际服,图鉴资料,惊人的宝箱怪,169408,图鉴资料 / 常见 / 惊人的宝箱怪,1
dc,国际服,图鉴资料,球鞋斗土,169411,图鉴资料 / 常见 / 球鞋斗土,1
dc,国际服,图鉴资料,疯狂兔兔阿姆斯,169413,图鉴资料 / 常见 / 疯狂兔兔阿姆斯,1
dc,国际服,图鉴资料,噩梦曼提,169379,图鉴资料 / 常见 / 噩梦曼提,1
dc,国际服,图鉴资料,DJ赫兹,169381,图鉴资料 / 常见 / DJ赫兹,1
dc,国际服,图鉴资料,嗡嗡的噪音,169384,图鉴资料 / 常见 / 嗡嗡的噪音,1
dc,国际服,图鉴资料,束领结的侍者,169387,图鉴资料 / 常见 / 束领结的侍者,1
dc,国际服,图鉴资料,毒药安瓿,169392,图鉴资料 / 常见 / 毒药安瓿,1
dc,国际服,图鉴资料,绿头盔巴祖卡,169395,图鉴资料 / 常见 / 绿头盔巴祖卡,1
dc,国际服,图鉴资料,沙漠的巴西利斯克,169398,图鉴资料 / 常见 / 沙漠的巴西利斯克,1
dc,国际服,图鉴资料,泛用型锁链杀手,169401,图鉴资料 / 常见 / 泛用型锁链杀手,1
dc,国际服,图鉴资料,破坏的卡利宇迦,169404,图鉴资料 / 常见 / 破坏的卡利宇迦,1
dc,国际服,图鉴资料,声音传讯者,169406,图鉴资料 / 常见 / 声音传讯者,1
dc,国际服,图鉴资料,四分五裂泰迪,169409,图鉴资料 / 常见 / 四分五裂泰迪,1
dc,国际服,图鉴资料,冷酷的冰龙,169412,图鉴资料 / 常见 / 冷酷的冰龙,1
dc,国际服,图鉴资料,愤怒的炎龙,169414,图鉴资料 / 常见 / 愤怒的炎龙,1
dc,国际服,图鉴资料,炎热夏日,595283,图鉴资料 / 歌牌：5星 / 炎热夏日,1
dc,国际服,图鉴资料,坐在阳伞下,593141,图鉴资料 / 歌牌：5星 / 坐在阳伞下,1
dc,国际服,图鉴资料,海边的水枪大战,593125,图鉴资料 / 歌牌：5星 / 海边的水枪大战,1
dc,国际服,图鉴资料,社长，打得好！,591538,图鉴资料 / 歌牌：5星 / 社长，打得好！,1
dc,国际服,图鉴资料,魔王后裔,589623,图鉴资料 / 歌牌：5星 / 魔王后裔,1
dc,国际服,图鉴资料,莉莎的撞球技术,587029,图鉴资料 / 歌牌：5星 / 莉莎的撞球技术,1
dc,国际服,图鉴资料,天才美少年的时间,584753,图鉴资料 / 歌牌：5星 / 天才美少年的时间,1
dc,国际服,图鉴资料,我们一起度过的冬天,584752,图鉴资料 / 歌牌：5星 / 我们一起度过的冬天,1
dc,国际服,图鉴资料,平静的绵羊牧场,582294,图鉴资料 / 歌牌：5星 / 平静的绵羊牧场,1
dc,国际服,图鉴资料,如炎般光辉,582300,图鉴资料 / 歌牌：5星 / 如炎般光辉,1
dc,国际服,图鉴资料,亡命之徒,582298,图鉴资料 / 歌牌：5星 / 亡命之徒,1
dc,国际服,图鉴资料,礼物已经到了,582301,图鉴资料 / 歌牌：5星 / 礼物已经到了,1
dc,国际服,图鉴资料,女神显现,582286,图鉴资料 / 歌牌：5星 / 女神显现,1
dc,国际服,图鉴资料,被骑在头上的恶魔,582285,图鉴资料 / 歌牌：5星 / 被骑在头上的恶魔,1
dc,国际服,图鉴资料,甜蜜的友情巧克力,582283,图鉴资料 / 歌牌：5星 / 甜蜜的友情巧克力,1
dc,国际服,图鉴资料,炼狱与地狱之间,582281,图鉴资料 / 歌牌：5星 / 炼狱与地狱之间,1
dc,国际服,图鉴资料,来多点酒！,580155,图鉴资料 / 歌牌：5星 / 来多点酒！,1
dc,国际服,图鉴资料,贵公子的新年,580154,图鉴资料 / 歌牌：5星 / 贵公子的新年,1
dc,国际服,图鉴资料,多事的跨年晚会,578000,图鉴资料 / 歌牌：5星 / 多事的跨年晚会,1
dc,国际服,图鉴资料,妲比的特别派对时间,577999,图鉴资料 / 歌牌：5星 / 妲比的特别派对时间,1
dc,国际服,图鉴资料,Shall we dance？,577997,图鉴资料 / 歌牌：5星 / Shall we dance？,1
dc,国际服,图鉴资料,最美打扮,577995,图鉴资料 / 歌牌：5星 / 最美打扮,1
dc,国际服,图鉴资料,与你的夏日,577994,图鉴资料 / 歌牌：5星 / 与你的夏日,1
dc,国际服,图鉴资料,纯粹的恶意,171917,图鉴资料 / 歌牌：5星 / 纯粹的恶意,1
dc,国际服,图鉴资料,格斗游戏宅,171909,图鉴资料 / 歌牌：5星 / 格斗游戏宅,1
dc,国际服,图鉴资料,你准备好了吗？,169030,图鉴资料 / 歌牌：5星 / 你准备好了吗？,1
dc,国际服,图鉴资料,女王的记忆,169041,图鉴资料 / 歌牌：5星 / 女王的记忆,1
dc,国际服,图鉴资料,头脑战,169040,图鉴资料 / 歌牌：5星 / 头脑战,1
dc,国际服,图鉴资料,两人的誓言,169039,图鉴资料 / 歌牌：5星 / 两人的誓言,1
dc,国际服,图鉴资料,你有集点卡吗？,169038,图鉴资料 / 歌牌：5星 / 你有集点卡吗？,1
dc,国际服,图鉴资料,太阳之影,169037,图鉴资料 / 歌牌：5星 / 太阳之影,1
dc,国际服,图鉴资料,善恶交锋,169036,图鉴资料 / 歌牌：5星 / 善恶交锋,1
dc,国际服,图鉴资料,无尽的战斗,169035,图鉴资料 / 歌牌：5星 / 无尽的战斗,1
dc,国际服,图鉴资料,蔚蓝的少女,169034,图鉴资料 / 歌牌：5星 / 蔚蓝的少女,1
dc,国际服,图鉴资料,超活力斗士,169032,图鉴资料 / 歌牌：5星 / 超活力斗士,1
dc,国际服,图鉴资料,只要跟着朋友，我愿意前往任何地方,169031,图鉴资料 / 歌牌：5星 / 只要跟着朋友，我愿意前往任何地方,1
dc,国际服,图鉴资料,希特莉的诱惑,167083,图鉴资料 / 歌牌：5星 / 希特莉的诱惑,1
dc,国际服,图鉴资料,最后一步,167077,图鉴资料 / 歌牌：5星 / 最后一步,1
dc,国际服,图鉴资料,异能人的晒痕,167076,图鉴资料 / 歌牌：5星 / 异能人的晒痕,1
dc,国际服,图鉴资料,享受夏天的方法,165121,图鉴资料 / 歌牌：5星 / 享受夏天的方法,1
dc,国际服,图鉴资料,献给你的绚烂微笑,165111,图鉴资料 / 歌牌：5星 / 献给你的绚烂微笑,1
dc,国际服,图鉴资料,夏日海滩的吸血鬼女王,165107,图鉴资料 / 歌牌：5星 / 夏日海滩的吸血鬼女王,1
dc,国际服,图鉴资料,跟随都桂花的不速之客,162566,图鉴资料 / 歌牌：5星 / 跟随都桂花的不速之客,1
dc,国际服,图鉴资料,花之乐园,160177,图鉴资料 / 歌牌：5星 / 花之乐园,1
dc,国际服,图鉴资料,复活的赛特,160179,图鉴资料 / 歌牌：5星 / 复活的赛特,1
dc,国际服,图鉴资料,安息吧,157030,图鉴资料 / 歌牌：5星 / 安息吧,1
dc,国际服,图鉴资料,朱诺的礼物,155248,图鉴资料 / 歌牌：5星 / 朱诺的礼物,1
dc,国际服,图鉴资料,报答之吻,153061,图鉴资料 / 歌牌：5星 / 报答之吻,1
dc,国际服,图鉴资料,血腥茶会,151210,图鉴资料 / 歌牌：5星 / 血腥茶会,1
dc,国际服,图鉴资料,致命甜点,97167,图鉴资料 / 歌牌：5星 / 致命甜点,1
dc,国际服,图鉴资料,帝瓦兹的礼物,96761,图鉴资料 / 歌牌：5星 / 帝瓦兹的礼物,1
dc,国际服,图鉴资料,虎猎狐,96762,图鉴资料 / 歌牌：5星 / 虎猎狐,1
dc,国际服,图鉴资料,米丽安的回忆,96278,图鉴资料 / 歌牌：5星 / 米丽安的回忆,1
dc,国际服,图鉴资料,我们独自的世界,96279,图鉴资料 / 歌牌：5星 / 我们独自的世界,1
dc,国际服,图鉴资料,放松,94890,图鉴资料 / 歌牌：5星 / 放松,1
dc,国际服,图鉴资料,平和的咖啡厅,93899,图鉴资料 / 歌牌：5星 / 平和的咖啡厅,1
dc,国际服,图鉴资料,求求你醒来吧,92654,图鉴资料 / 歌牌：5星 / 求求你醒来吧,1
dc,国际服,图鉴资料,小魅魔的点心时间,91785,图鉴资料 / 歌牌：5星 / 小魅魔的点心时间,1
dc,国际服,图鉴资料,普洛瑟罗的万圣节服装,90647,图鉴资料 / 歌牌：5星 / 普洛瑟罗的万圣节服装,1
dc,国际服,图鉴资料,失去的一切,90648,图鉴资料 / 歌牌：5星 / 失去的一切,1
dc,国际服,图鉴资料,长候之终,87908,图鉴资料 / 歌牌：5星 / 长候之终,1
dc,国际服,图鉴资料,欢迎,85355,图鉴资料 / 歌牌：5星 / 欢迎,1
dc,国际服,图鉴资料,我们一起去海滩玩吧,83947,图鉴资料 / 歌牌：5星 / 我们一起去海滩玩吧,1
dc,国际服,图鉴资料,华丽的夏日,83948,图鉴资料 / 歌牌：5星 / 华丽的夏日,1
dc,国际服,图鉴资料,穿上泳衣,83949,图鉴资料 / 歌牌：5星 / 穿上泳衣,1
dc,国际服,图鉴资料,家中的夏日约会,83950,图鉴资料 / 歌牌：5星 / 家中的夏日约会,1
dc,国际服,图鉴资料,前往闪耀浪涛,82896,图鉴资料 / 歌牌：5星 / 前往闪耀浪涛,1
dc,国际服,图鉴资料,鲁萨尔卡得不到回报的爱情,81541,图鉴资料 / 歌牌：5星 / 鲁萨尔卡得不到回报的爱情,1
dc,国际服,图鉴资料,祈祷少女,77373,图鉴资料 / 歌牌：5星 / 祈祷少女,1
dc,国际服,图鉴资料,你好，我的爱人,78347,图鉴资料 / 歌牌：5星 / 你好，我的爱人,1
dc,国际服,图鉴资料,捣蛋鬼莫娜,75613,图鉴资料 / 歌牌：5星 / 捣蛋鬼莫娜,1
dc,国际服,图鉴资料,深海之汇,74430,图鉴资料 / 歌牌：5星 / 深海之汇,1
dc,国际服,图鉴资料,格外小心,72730,图鉴资料 / 歌牌：5星 / 格外小心,1
dc,国际服,图鉴资料,夏娃之怒,71698,图鉴资料 / 歌牌：5星 / 夏娃之怒,1
dc,国际服,图鉴资料,里欧的礼物,71699,图鉴资料 / 歌牌：5星 / 里欧的礼物,1
dc,国际服,图鉴资料,王子抱,70403,图鉴资料 / 歌牌：5星 / 王子抱,1
dc,国际服,图鉴资料,在姐姐怀里,69339,图鉴资料 / 歌牌：5星 / 在姐姐怀里,1
dc,国际服,图鉴资料,意外的情人节,69340,图鉴资料 / 歌牌：5星 / 意外的情人节,1
dc,国际服,图鉴资料,正义的基准,68058,图鉴资料 / 歌牌：5星 / 正义的基准,1
dc,国际服,图鉴资料,真心的歌声,66529,图鉴资料 / 歌牌：5星 / 真心的歌声,1
dc,国际服,图鉴资料,定装,65279,图鉴资料 / 歌牌：5星 / 定装,1
dc,国际服,图鉴资料,甜美的作曲家,65280,图鉴资料 / 歌牌：5星 / 甜美的作曲家,1
dc,国际服,图鉴资料,第二次死亡,62509,图鉴资料 / 歌牌：5星 / 第二次死亡,1
dc,国际服,图鉴资料,温暖的休息时间,61204,图鉴资料 / 歌牌：5星 / 温暖的休息时间,1
dc,国际服,图鉴资料,爱恋的开始,60242,图鉴资料 / 歌牌：5星 / 爱恋的开始,1
dc,国际服,图鉴资料,不好意思...?,58559,图鉴资料 / 歌牌：5星 / 不好意思...?,1
dc,国际服,图鉴资料,慵懒的海边,58549,图鉴资料 / 歌牌：5星 / 慵懒的海边,1
dc,国际服,图鉴资料,重振旗鼓,57113,图鉴资料 / 歌牌：5星 / 重振旗鼓,1
dc,国际服,图鉴资料,满月露娜,54479,图鉴资料 / 歌牌：5星 / 满月露娜,1
dc,国际服,图鉴资料,夏日餐宴,50272,图鉴资料 / 歌牌：5星 / 夏日餐宴,1
dc,国际服,图鉴资料,夏日假期,50271,图鉴资料 / 歌牌：5星 / 夏日假期,1
dc,国际服,图鉴资料,怨与业,47603,图鉴资料 / 歌牌：5星 / 怨与业,1
dc,国际服,图鉴资料,潜水,45460,图鉴资料 / 歌牌：5星 / 潜水,1
dc,国际服,图鉴资料,玫瑰花下,41988,图鉴资料 / 歌牌：5星 / 玫瑰花下,1
dc,国际服,图鉴资料,表演的时候到了,21011,图鉴资料 / 歌牌：5星 / 表演的时候到了,1
dc,国际服,图鉴资料,妲比在这里,39097,图鉴资料 / 歌牌：5星 / 妲比在这里,1
dc,国际服,图鉴资料,紧张刺激扑克牌,38436,图鉴资料 / 歌牌：5星 / 紧张刺激扑克牌,1
dc,国际服,图鉴资料,灵感,35310,图鉴资料 / 歌牌：5星 / 灵感,1
dc,国际服,图鉴资料,百年佳約,29594,图鉴资料 / 歌牌：5星 / 百年佳約,1
dc,国际服,图鉴资料,深谷落穴,27486,图鉴资料 / 歌牌：5星 / 深谷落穴,1
dc,国际服,图鉴资料,沙滩陷阱的腐乳,27485,图鉴资料 / 歌牌：5星 / 沙滩陷阱的腐乳,1
dc,国际服,图鉴资料,斗争之心,26568,图鉴资料 / 歌牌：5星 / 斗争之心,1
dc,国际服,图鉴资料,宁静时刻,25599,图鉴资料 / 歌牌：5星 / 宁静时刻,1
dc,国际服,图鉴资料,蛋糕的美学,23844,图鉴资料 / 歌牌：5星 / 蛋糕的美学,1
dc,国际服,图鉴资料,周年纪念日,21007,图鉴资料 / 歌牌：5星 / 周年纪念日,1
dc,国际服,图鉴资料,星空舞台,21008,图鉴资料 / 歌牌：5星 / 星空舞台,1
dc,国际服,图鉴资料,S.O.W,21009,图鉴资料 / 歌牌：5星 / S.O.W,1
dc,国际服,图鉴资料,万圣节歌姬,21010,图鉴资料 / 歌牌：5星 / 万圣节歌姬,1
dc,国际服,图鉴资料,迷途羔羊的祝福,21013,图鉴资料 / 歌牌：5星 / 迷途羔羊的祝福,1
dc,国际服,图鉴资料,终极挣扎,21014,图鉴资料 / 歌牌：5星 / 终极挣扎,1
dc,国际服,图鉴资料,无能恶魔的特训,21015,图鉴资料 / 歌牌：5星 / 无能恶魔的特训,1
dc,国际服,图鉴资料,第七次逃家,21016,图鉴资料 / 歌牌：5星 / 第七次逃家,1
dc,国际服,图鉴资料,禁忌的果实,21017,图鉴资料 / 歌牌：5星 / 禁忌的果实,1
dc,国际服,图鉴资料,午休时刻,21018,图鉴资料 / 歌牌：5星 / 午休时刻,1
dc,国际服,图鉴资料,夏日庆典之夜,21019,图鉴资料 / 歌牌：5星 / 夏日庆典之夜,1
dc,国际服,图鉴资料,假期,21020,图鉴资料 / 歌牌：5星 / 假期,1
dc,国际服,图鉴资料,在海滩放松,21021,图鉴资料 / 歌牌：5星 / 在海滩放松,1
dc,国际服,图鉴资料,双夜之主,21022,图鉴资料 / 歌牌：5星 / 双夜之主,1
dc,国际服,图鉴资料,好友三重奏,21023,图鉴资料 / 歌牌：5星 / 好友三重奏,1
dc,国际服,图鉴资料,神观之梦,21024,图鉴资料 / 歌牌：5星 / 神观之梦,1
dc,国际服,图鉴资料,海岸女神,21025,图鉴资料 / 歌牌：5星 / 海岸女神,1
dc,国际服,图鉴资料,徘徊的道士,21026,图鉴资料 / 歌牌：5星 / 徘徊的道士,1
dc,国际服,图鉴资料,綾音,21027,图鉴资料 / 歌牌：5星 / 綾音,1
dc,国际服,图鉴资料,环,21028,图鉴资料 / 歌牌：5星 / 环,1
dc,国际服,图鉴资料,紫藤下的约定,21029,图鉴资料 / 歌牌：5星 / 紫藤下的约定,1
dc,国际服,图鉴资料,海中约会,21030,图鉴资料 / 歌牌：5星 / 海中约会,1
dc,国际服,图鉴资料,深夜小伙伴,21031,图鉴资料 / 歌牌：5星 / 深夜小伙伴,1
dc,国际服,图鉴资料,S.T.F.,21032,图鉴资料 / 歌牌：5星 / S.T.F.,1
dc,国际服,图鉴资料,狩猎恶魔的恶魔,21033,图鉴资料 / 歌牌：5星 / 狩猎恶魔的恶魔,1
dc,国际服,图鉴资料,微笑的力量,21034,图鉴资料 / 歌牌：5星 / 微笑的力量,1
dc,国际服,图鉴资料,贯穿天堂的骄傲,21035,图鉴资料 / 歌牌：5星 / 贯穿天堂的骄傲,1
dc,国际服,图鉴资料,与那名女祭司一起,21036,图鉴资料 / 歌牌：5星 / 与那名女祭司一起,1
dc,国际服,图鉴资料,天使般的微笑,21012,图鉴资料 / 歌牌：5星 / 天使般的微笑,1
dc,国际服,图鉴资料,银河的休息处,21037,图鉴资料 / 歌牌：5星 / 银河的休息处,1
dc,国际服,图鉴资料,作战会议！,171908,图鉴资料 / 4星 / 作战会议！,1
dc,国际服,图鉴资料,巨大的休息处,21049,图鉴资料 / 4星 / 巨大的休息处,1
dc,国际服,图鉴资料,今天是好孩子魔亚哦,21048,图鉴资料 / 4星 / 今天是好孩子魔亚哦,1
dc,国际服,图鉴资料,女神的洗礼,21047,图鉴资料 / 4星 / 女神的洗礼,1
dc,国际服,图鉴资料,时间结束,21046,图鉴资料 / 4星 / 时间结束,1
dc,国际服,图鉴资料,跳高高,21045,图鉴资料 / 4星 / 跳高高,1
dc,国际服,图鉴资料,战略家的夜晚,21044,图鉴资料 / 4星 / 战略家的夜晚,1
dc,国际服,图鉴资料,Hero,21043,图鉴资料 / 4星 / Hero,1
dc,国际服,图鉴资料,梦幻队伍,21042,图鉴资料 / 4星 / 梦幻队伍,1
dc,国际服,图鉴资料,享乐之城,21041,图鉴资料 / 4星 / 享乐之城,1
dc,国际服,图鉴资料,露娜,21040,图鉴资料 / 4星 / 露娜,1
dc,国际服,图鉴资料,女天狗,21039,图鉴资料 / 4星 / 女天狗,1
dc,国际服,图鉴资料,Nightmare,21038,图鉴资料 / 4星 / Nightmare,1
dc,国际服,图鉴资料,一般的休息处,21058,图鉴资料 / 3星 / 一般的休息处,1
dc,国际服,图鉴资料,海中偶像,21057,图鉴资料 / 3星 / 海中偶像,1
dc,国际服,图鉴资料,最甜蜜的求婚,21056,图鉴资料 / 3星 / 最甜蜜的求婚,1
dc,国际服,图鉴资料,秘密的约会,21055,图鉴资料 / 3星 / 秘密的约会,1
dc,国际服,图鉴资料,午后列车,21054,图鉴资料 / 3星 / 午后列车,1
dc,国际服,图鉴资料,小小袭击者,21053,图鉴资料 / 3星 / 小小袭击者,1
dc,国际服,图鉴资料,认真的员工,21052,图鉴资料 / 3星 / 认真的员工,1
dc,国际服,图鉴资料,心,21051,图鉴资料 / 3星 / 心,1
dc,国际服,图鉴资料,海咲,21050,图鉴资料 / 3星 / 海咲,1
dc,国际服,同人博物馆,一月,65533,同人博物馆 / 官方壁纸2021 / 一月,1
dc,国际服,同人博物馆,二月,71056,同人博物馆 / 官方壁纸2021 / 二月,1
dc,国际服,同人博物馆,三月,74058,同人博物馆 / 官方壁纸2021 / 三月,1
dc,国际服,同人博物馆,四月,74061,同人博物馆 / 官方壁纸2021 / 四月,1
dc,国际服,同人博物馆,五月,78154,同人博物馆 / 官方壁纸2021 / 五月,1
dc,国际服,同人博物馆,六月,78155,同人博物馆 / 官方壁纸2021 / 六月,1
dc,国际服,同人博物馆,七月,82501,同人博物馆 / 官方壁纸2021 / 七月,1
dc,国际服,同人博物馆,一月,26205,同人博物馆 / 官方壁纸2020 / 一月,1
dc,国际服,同人博物馆,二月,27621,同人博物馆 / 官方壁纸2020 / 二月,1
dc,国际服,同人博物馆,三月,28196,同人博物馆 / 官方壁纸2020 / 三月,1
dc,国际服,同人博物馆,四月,29356,同人博物馆 / 官方壁纸2020 / 四月,1
dc,国际服,同人博物馆,五月,30639,同人博物馆 / 官方壁纸2020 / 五月,1
dc,国际服,同人博物馆,六月,44685,同人博物馆 / 官方壁纸2020 / 六月,1
dc,国际服,同人博物馆,七月,44687,同人博物馆 / 官方壁纸2020 / 七月,1
dc,国际服,同人博物馆,八月,47240,同人博物馆 / 官方壁纸2020 / 八月,1
dc,国际服,同人博物馆,九月,53030,同人博物馆 / 官方壁纸2020 / 九月,1
dc,国际服,同人博物馆,十月,57355,同人博物馆 / 官方壁纸2020 / 十月,1
dc,国际服,同人博物馆,十一月,59960,同人博物馆 / 官方壁纸2020 / 十一月,1
dc,国际服,同人博物馆,三周年,65531,同人博物馆 / 官方壁纸2020 / 三周年,1
dc,国际服,同人博物馆,十二月,65532,同人博物馆 / 官方壁纸2020 / 十二月,1
dc,国际服,同人博物馆,第一话,21582,同人博物馆 / 官方漫画 / 第一话,1
dc,国际服,同人博物馆,第二话,21584,同人博物馆 / 官方漫画 / 第二话,1
dc,国际服,同人博物馆,第三话,21585,同人博物馆 / 官方漫画 / 第三话,1
dc,国际服,同人博物馆,第四话,21586,同人博物馆 / 官方漫画 / 第四话,1
dc,国际服,同人博物馆,第五话,21592,同人博物馆 / 官方漫画 / 第五话,1
dc,国际服,同人博物馆,第六话,21593,同人博物馆 / 官方漫画 / 第六话,1
dc,国际服,同人博物馆,Live2d,71164,同人博物馆 / live2d大赏 / Live2d,1
dc,国际服,同人博物馆,模型解包提取,588002,同人博物馆 / live2d大赏 / 模型解包提取,1
dc,国际服,同人博物馆,Pt.1,92047,同人博物馆 / 原声带 / Pt.1,1
dc,国际服,同人博物馆,Pt.2,584204,同人博物馆 / 原声带 / Pt.2,1
dc,国际服,同人博物馆,LOKI_S STORY Ⅰ,97078,同人博物馆 / 漫画汉化 / LOKI_S STORY Ⅰ,1
dc,国际服,同人博物馆,#1,96593,同人博物馆 / 四格漫画  1-10 / #1,1
dc,国际服,同人博物馆,#2,96594,同人博物馆 / 四格漫画  1-10 / #2,1
dc,国际服,同人博物馆,#3,96595,同人博物馆 / 四格漫画  1-10 / #3,1
dc,国际服,同人博物馆,#4,96596,同人博物馆 / 四格漫画  1-10 / #4,1
dc,国际服,同人博物馆,#5,96597,同人博物馆 / 四格漫画  1-10 / #5,1
dc,国际服,同人博物馆,#6,96598,同人博物馆 / 四格漫画  1-10 / #6,1
dc,国际服,同人博物馆,#7,96599,同人博物馆 / 四格漫画  1-10 / #7,1
dc,国际服,同人博物馆,#8,96600,同人博物馆 / 四格漫画  1-10 / #8,1
dc,国际服,同人博物馆,#9,96601,同人博物馆 / 四格漫画  1-10 / #9,1
dc,国际服,同人博物馆,#10,96602,同人博物馆 / 四格漫画  1-10 / #10,1
dc,国际服,同人博物馆,#11,21275,同人博物馆 / 11-20 / #11,1
dc,国际服,同人博物馆,#12,21276,同人博物馆 / 11-20 / #12,1
dc,国际服,同人博物馆,#13,21277,同人博物馆 / 11-20 / #13,1
dc,国际服,同人博物馆,#14,21278,同人博物馆 / 11-20 / #14,1
dc,国际服,同人博物馆,#15,22124,同人博物馆 / 11-20 / #15,1
dc,国际服,同人博物馆,#16,23610,同人博物馆 / 11-20 / #16,1
dc,国际服,同人博物馆,#17,24488,同人博物馆 / 11-20 / #17,1
dc,国际服,同人博物馆,#18,24823,同人博物馆 / 11-20 / #18,1
dc,国际服,同人博物馆,#19,25723,同人博物馆 / 11-20 / #19,1
dc,国际服,同人博物馆,#20,26936,同人博物馆 / 11-20 / #20,1
dc,国际服,同人博物馆,#21,27618,同人博物馆 / 21-30 / #21,1
dc,国际服,同人博物馆,#22,28694,同人博物馆 / 21-30 / #22,1
dc,国际服,同人博物馆,#23,29696,同人博物馆 / 21-30 / #23,1
dc,国际服,同人博物馆,#24,33031,同人博物馆 / 21-30 / #24,1
dc,国际服,同人博物馆,#25,34883,同人博物馆 / 21-30 / #25,1
dc,国际服,同人博物馆,#26,37071,同人博物馆 / 21-30 / #26,1
dc,国际服,同人博物馆,＃27,38558,同人博物馆 / 21-30 / ＃27,1
dc,国际服,同人博物馆,# 28,41228,同人博物馆 / 21-30 / # 28,1
dc,国际服,同人博物馆,# 29,44684,同人博物馆 / 21-30 / # 29,1
dc,国际服,同人博物馆,# 30,47342,同人博物馆 / 21-30 / # 30,1
dc,国际服,同人博物馆,# 31,49659,同人博物馆 / 31-40 / # 31,1
dc,国际服,同人博物馆,# 32,52079,同人博物馆 / 31-40 / # 32,1
dc,国际服,同人博物馆,# 33,54468,同人博物馆 / 31-40 / # 33,1
dc,国际服,同人博物馆,# 34,56746,同人博物馆 / 31-40 / # 34,1
dc,国际服,同人博物馆,# 35,57791,同人博物馆 / 31-40 / # 35,1
dc,国际服,同人博物馆,# 36,59273,同人博物馆 / 31-40 / # 36,1
dc,国际服,同人博物馆,# 37,60946,同人博物馆 / 31-40 / # 37,1
dc,国际服,同人博物馆,# 38,61796,同人博物馆 / 31-40 / # 38,1
dc,国际服,同人博物馆,#39,65735,同人博物馆 / 31-40 / #39,1
dc,国际服,同人博物馆,#40,65736,同人博物馆 / 31-40 / #40,1
dc,国际服,同人博物馆,#41,65739,同人博物馆 / 41 / #41,1
dc,国际服,日韩专区,笼统向攻略,22686,日韩专区 / 韩服攻略 / 笼统向攻略,1
dc,国际服,日韩专区,新版乱斗小技巧,26957,日韩专区 / 韩服攻略 / 新版乱斗小技巧,1
dc,国际服,日韩专区,S10 夏日射手特集,71177,日韩专区 / 诸神强袭特集 / S10 夏日射手特集,1
dc,国际服,日韩专区,S11 艳阳下的恶魔特集,71179,日韩专区 / 诸神强袭特集 / S11 艳阳下的恶魔特集,1
dc,国际服,日韩专区,S13 垂怜经特集,71182,日韩专区 / 诸神强袭特集 / S13 垂怜经特集,1
dc,国际服,日韩专区,S15 悲惨世界特集,71190,日韩专区 / 诸神强袭特集 / S15 悲惨世界特集,1
dc,国际服,日韩专区,S16 童年的终结特集,71195,日韩专区 / 诸神强袭特集 / S16 童年的终结特集,1
dc,国际服,日韩专区,新人引导,22249,日韩专区 / 日服攻略 / 新人引导,1
dc,国际服,日韩专区,还魂推荐,22862,日韩专区 / 日服攻略 / 还魂推荐,1
dc,国际服,日韩专区,西瓦WB,22251,日韩专区 / 日服攻略 / 西瓦WB,1
dc,国际服,日韩专区,鲁茵RAID,22250,日韩专区 / 日服攻略 / 鲁茵RAID,1
dc,国际服,日韩专区,赫克特WB,23987,日韩专区 / 日服攻略 / 赫克特WB,1
destinychild,韩服,入门攻略,保姆教程,166659,入门攻略 / 入坑必看 / 保姆教程,1
destinychild,韩服,入门攻略,快速注册,578666,入门攻略 / 入坑必看 / 快速注册,1
destinychild,韩服,入门攻略,萌新百问,52695,入门攻略 / 入坑必看 / 萌新百问,1
destinychild,韩服,入门攻略,每日任务,82285,入门攻略 / 入坑必看 / 每日任务,1
destinychild,韩服,入门攻略,关于初始号,154150,入门攻略 / 入坑必看 / 关于初始号,1
destinychild,韩服,入门攻略,活动视频,153677,入门攻略 / 入坑必看 / 活动视频,1
destinychild,韩服,入门攻略,提升流畅度,153165,入门攻略 / 入坑必看 / 提升流畅度,1
destinychild,韩服,入门攻略,兑换码,584472,入门攻略 / 入坑必看 / 兑换码,1
destinychild,韩服,入门攻略,萌新名词粗解,591309,入门攻略 / 入坑必看 / 萌新名词粗解,1
destinychild,韩服,入门攻略,攻略组招新,50264,入门攻略 / 相关工具 / 攻略组招新,1
destinychild,韩服,入门攻略,抽卡模拟器,161592,入门攻略 / 相关工具 / 抽卡模拟器,1
destinychild,韩服,入门攻略,界面翻译,70042,入门攻略 / 相关工具 / 界面翻译,1
destinychild,韩服,入门攻略,自动斩车器,160737,入门攻略 / 相关工具 / 自动斩车器,1
destinychild,韩服,入门攻略,游戏自动化,162330,入门攻略 / 相关工具 / 游戏自动化,1
destinychild,韩服,入门攻略,PCK工具,591241,入门攻略 / 相关工具 / PCK工具,1
destinychild,韩服,入门攻略,加个框框,585279,入门攻略 / 相关工具 / 加个框框,1
destinychild,韩服,入门攻略,0.说明,156697,入门攻略 / DC韩语速成 / 0.说明,1
destinychild,韩服,入门攻略,1.母音(元音),156716,入门攻略 / DC韩语速成 / 1.母音(元音),1
destinychild,韩服,入门攻略,2.子音(辅音),156790,入门攻略 / DC韩语速成 / 2.子音(辅音),1
destinychild,韩服,入门攻略,3.收音,157006,入门攻略 / DC韩语速成 / 3.收音,1
destinychild,韩服,入门攻略,5.游戏界面,157010,入门攻略 / DC韩语速成 / 5.游戏界面,1
destinychild,韩服,入门攻略,66.汉化,159199,入门攻略 / DC韩语速成 / 66.汉化,1
destinychild,韩服,入门攻略,天子选择,164262,入门攻略 / 变强五步 / 天子选择,1
destinychild,韩服,入门攻略,如何提练度,157898,入门攻略 / 变强五步 / 如何提练度,1
destinychild,韩服,入门攻略,全资源获取,161028,入门攻略 / 变强五步 / 全资源获取,1
destinychild,韩服,入门攻略,全商店攻略,164568,入门攻略 / 变强五步 / 全商店攻略,1
destinychild,韩服,玩法介绍,点火系统,165459,玩法介绍 / 战斗提升 / 点火系统,1
destinychild,韩服,玩法介绍,玩偶玩法,90725,玩法介绍 / 战斗提升 / 玩偶玩法,1
destinychild,韩服,玩法介绍,温泉攻略,164838,玩法介绍 / 战斗提升 / 温泉攻略,1
destinychild,韩服,玩法介绍,装备强化,167061,玩法介绍 / 战斗提升 / 装备强化,1
destinychild,韩服,玩法介绍,FT计算器,589699,玩法介绍 / 战斗提升 / FT计算器,1
destinychild,韩服,玩法介绍,挖矿攻略,166473,玩法介绍 / 理财/节省经济 / 挖矿攻略,1
destinychild,韩服,玩法介绍,理财方法,167325,玩法介绍 / 理财/节省经济 / 理财方法,1
destinychild,韩服,玩法介绍,看广告攻略,169195,玩法介绍 / 理财/节省经济 / 看广告攻略,1
destinychild,韩服,玩法介绍,PVP介绍/指路,164372,玩法介绍 / 战斗玩法 / PVP介绍/指路,1
destinychild,韩服,玩法介绍,乱斗介绍,168406,玩法介绍 / 战斗玩法 / 乱斗介绍,1
destinychild,韩服,玩法介绍,双重乱斗介绍,74377,玩法介绍 / 战斗玩法 / 双重乱斗介绍,1
destinychild,韩服,玩法介绍,皮肤塔介绍/攻略,81743,玩法介绍 / 战斗玩法 / 皮肤塔介绍/攻略,1
destinychild,韩服,玩法介绍,地铁介绍,167124,玩法介绍 / 战斗玩法 / 地铁介绍,1
destinychild,韩服,玩法介绍,地狱介绍/指路,164164,玩法介绍 / 战斗玩法 / 地狱介绍/指路,1
destinychild,韩服,玩法介绍,Rd图文详解,53131,玩法介绍 / 战斗玩法 / Rd图文详解,1
destinychild,韩服,玩法介绍,WB介绍,169159,玩法介绍 / 战斗玩法 / WB介绍,1
destinychild,韩服,玩法介绍,太空漫步,90679,玩法介绍 / 战斗玩法 / 太空漫步,1
destinychild,韩服,玩法介绍,翻牌攻略,154272,玩法介绍 / 战斗玩法 / 翻牌攻略,1
destinychild,韩服,玩法介绍,优先泡温泉的天子,159032,玩法介绍 / 温泉、挖矿和翻牌 / 优先泡温泉的天子,1
destinychild,韩服,玩法介绍,二/三星挖矿,160549,玩法介绍 / 温泉、挖矿和翻牌 / 二/三星挖矿,1
destinychild,韩服,玩法介绍,翻牌梭哈,169817,玩法介绍 / 温泉、挖矿和翻牌 / 翻牌梭哈,1
destinychild,韩服,玩法介绍,人偶回收方法,585433,玩法介绍 / 温泉、挖矿和翻牌 / 人偶回收方法,1
destinychild,韩服,玩法介绍,三刀PVP,594916,玩法介绍 / 温泉、挖矿和翻牌 / 三刀PVP,1
destinychild,韩服,抽卡建议,新人抽卡建议,155264,抽卡建议 / 抽卡建议 / 新人抽卡建议,1
destinychild,韩服,抽卡建议,7.20 抽卡建议,595348,抽卡建议 / 抽卡建议 / 7.20 抽卡建议,1
destinychild,韩服,抽卡建议,8-3抽卡建议,595351,抽卡建议 / 抽卡建议 / 8-3抽卡建议,1
destinychild,韩服,抽卡建议,7.6抽卡建议,593008,抽卡建议 / 抽卡归档 / 7.6抽卡建议,1
destinychild,韩服,抽卡建议,6.22抽卡建议,593007,抽卡建议 / 抽卡归档 / 6.22抽卡建议,1
destinychild,韩服,抽卡建议,6.8抽卡建议,591322,抽卡建议 / 抽卡归档 / 6.8抽卡建议,1
destinychild,韩服,抽卡建议,5.25抽卡建议,591314,抽卡建议 / 抽卡归档 / 5.25抽卡建议,1
destinychild,韩服,抽卡建议,5.11抽卡建议,589649,抽卡建议 / 抽卡归档 / 5.11抽卡建议,1
destinychild,韩服,抽卡建议,4.27抽卡建议,589644,抽卡建议 / 抽卡归档 / 4.27抽卡建议,1
destinychild,韩服,抽卡建议,4.13抽卡建议,587938,抽卡建议 / 抽卡归档 / 4.13抽卡建议,1
destinychild,韩服,抽卡建议,3.30抽卡建议,587039,抽卡建议 / 抽卡归档 / 3.30抽卡建议,1
destinychild,韩服,抽卡建议,23-3-16抽卡建议,585986,抽卡建议 / 抽卡归档 / 23-3-16抽卡建议,1
destinychild,韩服,抽卡建议,23-3-2抽卡建议,584836,抽卡建议 / 抽卡归档 / 23-3-2抽卡建议,1
destinychild,韩服,抽卡建议,12-08抽卡建议,171992,抽卡建议 / 抽卡归档 / 12-08抽卡建议,1
destinychild,韩服,抽卡建议,12-22抽卡建议,171997,抽卡建议 / 抽卡归档 / 12-22抽卡建议,1
destinychild,韩服,抽卡建议,23-01-05抽卡建议,580186,抽卡建议 / 抽卡归档 / 23-01-05抽卡建议,1
destinychild,韩服,抽卡建议,23-2-16抽卡建议,582306,抽卡建议 / 抽卡归档 / 23-2-16抽卡建议,1
destinychild,韩服,抽卡建议,23-01-19抽卡建议,580191,抽卡建议 / 抽卡归档 / 23-01-19抽卡建议,1
destinychild,韩服,抽卡建议,23-2-02抽卡建议,582304,抽卡建议 / 抽卡归档 / 23-2-02抽卡建议,1
destinychild,韩服,进阶攻略,点火石图鉴版,95715,进阶攻略 / 精品攻略 / 点火石图鉴版,1
destinychild,韩服,进阶攻略,玩偶馆攻略,577273,进阶攻略 / 精品攻略 / 玩偶馆攻略,1
destinychild,韩服,进阶攻略,RD刀装备&附魔推荐,88021,进阶攻略 / 精品攻略 / RD刀装备&附魔推荐,1
destinychild,韩服,进阶攻略,新S附魔简评&推荐,87997,进阶攻略 / 精品攻略 / 新S附魔简评&推荐,1
destinychild,韩服,进阶攻略,铁匠铺攻略,577512,进阶攻略 / 精品攻略 / 铁匠铺攻略,1
destinychild,韩服,进阶攻略,WB兑换推荐,165451,进阶攻略 / 精品攻略 / WB兑换推荐,1
destinychild,韩服,进阶攻略,星云攻略,158846,进阶攻略 / 精品攻略 / 星云攻略,1
destinychild,韩服,进阶攻略,星云4攻略,584510,进阶攻略 / 精品攻略 / 星云4攻略,1
destinychild,韩服,进阶攻略,星云WB,584717,进阶攻略 / 精品攻略 / 星云WB,1
destinychild,韩服,进阶攻略,天子升星,77413,进阶攻略 / 数据进阶资料 / 天子升星,1
destinychild,韩服,进阶攻略,技能机制,77119,进阶攻略 / 数据进阶资料 / 技能机制,1
destinychild,韩服,进阶攻略,战斗机制,594618,进阶攻略 / 数据进阶资料 / 战斗机制,1
destinychild,韩服,进阶攻略,增伤技能,161379,进阶攻略 / 数据进阶资料 / 增伤技能,1
destinychild,韩服,进阶攻略,伤害篇（1）,71359,进阶攻略 / 数据进阶资料 / 伤害篇（1）,1
destinychild,韩服,进阶攻略,伤害篇（2）,71519,进阶攻略 / 数据进阶资料 / 伤害篇（2）,1
destinychild,韩服,进阶攻略,伤害公式,86419,进阶攻略 / 数据进阶资料 / 伤害公式,1
destinychild,韩服,进阶攻略,伤害计算器,71205,进阶攻略 / 数据进阶资料 / 伤害计算器,1
destinychild,韩服,进阶攻略,Child面板属性,154930,进阶攻略 / 数据进阶资料 / Child面板属性,1
destinychild,韩服,进阶攻略,Boss属性技能,151227,进阶攻略 / 数据进阶资料 / Boss属性技能,1
destinychild,韩服,进阶攻略,Boss防御计算,78080,进阶攻略 / 数据进阶资料 / Boss防御计算,1
destinychild,韩服,进阶攻略,Boss战刀点火附魔,584929,进阶攻略 / 数据进阶资料 / Boss战刀点火附魔,1
destinychild,韩服,进阶攻略,WB刀点火石优选,82362,进阶攻略 / 数据进阶资料 / WB刀点火石优选,1
destinychild,韩服,进阶攻略,温泉礼物,155442,进阶攻略 / 数据进阶资料 / 温泉礼物,1
destinychild,韩服,进阶攻略,温泉经验表,155184,进阶攻略 / 数据进阶资料 / 温泉经验表,1
destinychild,韩服,进阶攻略,PvP攻略高阶,81419,进阶攻略 / 数据进阶资料 / PvP攻略高阶,1
destinychild,韩服,进阶攻略,还魂分析,58437,进阶攻略 / 数据进阶资料 / 还魂分析,1
destinychild,韩服,进阶攻略,历届Raid回顾,88435,进阶攻略 / 数据进阶资料 / 历届Raid回顾,1
destinychild,韩服,进阶攻略,白/绿 人偶攻略,151619,进阶攻略 / 旧攻略待更新 / 白/绿 人偶攻略,1
destinychild,韩服,进阶攻略,最速日常队,153635,进阶攻略 / 旧攻略待更新 / 最速日常队,1
destinychild,韩服,进阶攻略,练级方法,81793,进阶攻略 / 旧攻略待更新 / 练级方法,1
destinychild,韩服,进阶攻略,Buff翻译,51548,进阶攻略 / 旧攻略待更新 / Buff翻译,1
destinychild,韩服,进阶攻略,Buff角图鉴,153435,进阶攻略 / 旧攻略待更新 / Buff角图鉴,1
destinychild,韩服,进阶攻略,附魔介绍,51547,进阶攻略 / 旧攻略待更新 / 附魔介绍,1
destinychild,韩服,进阶攻略,附魔详解,71525,进阶攻略 / 旧攻略待更新 / 附魔详解,1
destinychild,韩服,进阶攻略,PVP入门,85389,进阶攻略 / 旧攻略待更新 / PVP入门,1
destinychild,韩服,进阶攻略,WB萌新指北,52807,进阶攻略 / 旧攻略待更新 / WB萌新指北,1
destinychild,韩服,进阶攻略,基础入门,84899,进阶攻略 / 旧攻略归档 / 基础入门,1
destinychild,韩服,进阶攻略,萌新天子推荐,51402,进阶攻略 / 旧攻略归档 / 萌新天子推荐,1
destinychild,韩服,进阶攻略,萌新必看,81814,进阶攻略 / 旧攻略归档 / 萌新必看,1
destinychild,韩服,进阶攻略,庆祝WIKI迎来全新版本,82019,进阶攻略 / 旧攻略归档 / 庆祝WIKI迎来全新版本,1
destinychild,韩服,进阶攻略,箱子出货率,91488,进阶攻略 / 旧攻略归档 / 箱子出货率,1
destinychild,韩服,进阶攻略,4.7自选箱,153434,进阶攻略 / 旧攻略归档 / 4.7自选箱,1
destinychild,韩服,进阶攻略,玛瑙本性价比计算,92882,进阶攻略 / 旧攻略归档 / 玛瑙本性价比计算,1
destinychild,韩服,进阶攻略,暗系角色推荐,57599,进阶攻略 / 旧攻略归档 / 暗系角色推荐,1
destinychild,韩服,进阶攻略,全天子攻略,168545,进阶攻略 / 长期更新攻略 / 全天子攻略,1
destinychild,韩服,进阶攻略,全魂卡攻略,96710,进阶攻略 / 长期更新攻略 / 全魂卡攻略,1
destinychild,韩服,进阶攻略,全玩偶攻略,96705,进阶攻略 / 长期更新攻略 / 全玩偶攻略,1
destinychild,韩服,进阶攻略,什么是BG,163338,进阶攻略 / 长期更新攻略 / 什么是BG,1
destinychild,韩服,进阶攻略,PVP前百攻略,163844,进阶攻略 / 长期更新攻略 / PVP前百攻略,1
destinychild,韩服,进阶攻略,WB攻略分享(有意愿继续维护的请随意),89833,进阶攻略 / 长期更新攻略 / WB攻略分享(有意愿继续维护的请随意),1
destinychild,韩服,进阶攻略,Raid全攻略,95082,进阶攻略 / 长期更新攻略 / Raid全攻略,1
destinychild,韩服,进阶攻略,DC未来更新,165100,进阶攻略 / 长期更新攻略 / DC未来更新,1
destinychild,韩服,进阶攻略,7.20更新一图流,595357,进阶攻略 / 限时活动攻略 / 7.20更新一图流,1
destinychild,韩服,进阶攻略,8.17~9.21活动安排,597675,进阶攻略 / 限时活动攻略 / 8.17~9.21活动安排,1
destinychild,韩服,进阶攻略,6.22更新一图流,593390,进阶攻略 / 以往限时活动攻略 / 6.22更新一图流,1
destinychild,韩服,进阶攻略,6.8更新一图流,592384,进阶攻略 / 以往限时活动攻略 / 6.8更新一图流,1
destinychild,韩服,进阶攻略,限时一年全U包,591811,进阶攻略 / 以往限时活动攻略 / 限时一年全U包,1
destinychild,韩服,进阶攻略,5.25更新一图流,591386,进阶攻略 / 以往限时活动攻略 / 5.25更新一图流,1
destinychild,韩服,进阶攻略,🎈气球兑换推荐,590266,进阶攻略 / 以往限时活动攻略 / 🎈气球兑换推荐,1
destinychild,韩服,进阶攻略,5.11更新一图流,590607,进阶攻略 / 以往限时活动攻略 / 5.11更新一图流,1
destinychild,韩服,进阶攻略,4.27更新公告一图流,589674,进阶攻略 / 以往限时活动攻略 / 4.27更新公告一图流,1
destinychild,韩服,进阶攻略,双重乱斗攻略,588028,进阶攻略 / 以往限时活动攻略 / 双重乱斗攻略,1
destinychild,韩服,进阶攻略,史诗自选推荐,585451,进阶攻略 / 以往限时活动攻略 / 史诗自选推荐,1
destinychild,韩服,进阶攻略,新-财富密码,584469,进阶攻略 / 以往限时活动攻略 / 新-财富密码,1
destinychild,韩服,进阶攻略,双重乱斗粗攻略,582830,进阶攻略 / 以往限时活动攻略 / 双重乱斗粗攻略,1
destinychild,韩服,进阶攻略,光RB对抗策略,580529,进阶攻略 / 以往限时活动攻略 / 光RB对抗策略,1
destinychild,韩服,进阶攻略,水RB对抗策略,578487,进阶攻略 / 以往限时活动攻略 / 水RB对抗策略,1
destinychild,韩服,进阶攻略,更新RC领奖截图,172194,进阶攻略 / 以往限时活动攻略 / 更新RC领奖截图,1
destinychild,韩服,进阶攻略,9月29乱斗粗攻略,167804,进阶攻略 / 以往限时活动攻略 / 9月29乱斗粗攻略,1
destinychild,韩服,进阶攻略,8.4乱斗粗攻略,163845,进阶攻略 / 以往限时活动攻略 / 8.4乱斗粗攻略,1
destinychild,韩服,进阶攻略,6.9乱斗粗攻略,158619,进阶攻略 / 以往限时活动攻略 / 6.9乱斗粗攻略,1
destinychild,韩服,进阶攻略,暗rd实际战斗阵容推荐,157195,进阶攻略 / 以往限时活动攻略 / 暗rd实际战斗阵容推荐,1
destinychild,韩服,进阶攻略,平民暗rb第30层实录,153577,进阶攻略 / 以往限时活动攻略 / 平民暗rb第30层实录,1
destinychild,韩服,进阶攻略,水WB一票51亿（新刀突破极限）,95663,进阶攻略 / 以往限时活动攻略 / 水WB一票51亿（新刀突破极限）,1
destinychild,韩服,进阶攻略,水WB一票41亿,95010,进阶攻略 / 以往限时活动攻略 / 水WB一票41亿,1
destinychild,韩服,进阶攻略,12.9火系Raid副本推荐阵容,94145,进阶攻略 / 以往限时活动攻略 / 12.9火系Raid副本推荐阵容,1
destinychild,韩服,进阶攻略,10.28水系RAID+RB小学六年义务教育图书集,90754,进阶攻略 / 以往限时活动攻略 / 10.28水系RAID+RB小学六年义务教育图书集,1
destinychild,韩服,进阶攻略,10.28RAID「木系队伍」攻略集,90731,进阶攻略 / 以往限时活动攻略 / 10.28RAID「木系队伍」攻略集,1
destinychild,韩服,进阶攻略,9/9木系WB先前阵容,87765,进阶攻略 / 以往限时活动攻略 / 9/9木系WB先前阵容,1
destinychild,韩服,进阶攻略,9/9木WB攻略,87897,进阶攻略 / 以往限时活动攻略 / 9/9木WB攻略,1
destinychild,韩服,进阶攻略,8/26光RD罗刹队思路以及作业,86967,进阶攻略 / 以往限时活动攻略 / 8/26光RD罗刹队思路以及作业,1
destinychild,韩服,进阶攻略,8/26光R暗系队伍攻略集,86798,进阶攻略 / 以往限时活动攻略 / 8/26光R暗系队伍攻略集,1
destinychild,韩服,进阶攻略,8/26光R作业,86797,进阶攻略 / 以往限时活动攻略 / 8/26光R作业,1
destinychild,韩服,进阶攻略,7月1号丽莎作业,81827,进阶攻略 / 以往限时活动攻略 / 7月1号丽莎作业,1
destinychild,韩服,进阶攻略,7月15号WB攻略,82364,进阶攻略 / 以往限时活动攻略 / 7月15号WB攻略,1
destinychild,韩服,进阶攻略,6.17号火raid预攻略,78278,进阶攻略 / 以往限时活动攻略 / 6.17号火raid预攻略,1
destinychild,韩服,进阶攻略,火Rd作业,80699,进阶攻略 / 以往限时活动攻略 / 火Rd作业,1
destinychild,韩服,进阶攻略,28th斩车队伍推荐,75908,进阶攻略 / 以往限时活动攻略 / 28th斩车队伍推荐,1
destinychild,韩服,进阶攻略,四周年自选推荐,59224,进阶攻略 / 以往限时活动攻略 / 四周年自选推荐,1
destinychild,韩服,进阶攻略,2020.9火wb平民阵容,52829,进阶攻略 / 以往限时活动攻略 / 2020.9火wb平民阵容,1
destinychild,韩服,进阶攻略,wb魅惑流阵容,52785,进阶攻略 / 以往限时活动攻略 / wb魅惑流阵容,1
destinychild,韩服,进阶攻略,wb火,53102,进阶攻略 / 以往限时活动攻略 / wb火,1
destinychild,韩服,进阶攻略,水WB双加成单4X点火刀无人偶5.5E+,57271,进阶攻略 / 以往限时活动攻略 / 水WB双加成单4X点火刀无人偶5.5E+,1
destinychild,韩服,进阶攻略,鹿佬水raid攻略,55110,进阶攻略 / 以往限时活动攻略 / 鹿佬水raid攻略,1
destinychild,韩服,进阶攻略,水WB阵容搭配,57128,进阶攻略 / 以往限时活动攻略 / 水WB阵容搭配,1
destinychild,韩服,进阶攻略,水系Raid云阵容百科,54253,进阶攻略 / 以往限时活动攻略 / 水系Raid云阵容百科,1
destinychild,韩服,进阶攻略,水Raid无对策无安妮挂机斩车分享,54611,进阶攻略 / 以往限时活动攻略 / 水Raid无对策无安妮挂机斩车分享,1
destinychild,韩服,进阶攻略,暗raid攻略,59569,进阶攻略 / 以往限时活动攻略 / 暗raid攻略,1
destinychild,韩服,进阶攻略,11.5光系世界BOSS阵容图,60199,进阶攻略 / 以往限时活动攻略 / 11.5光系世界BOSS阵容图,1
destinychild,韩服,进阶攻略,光WB无雷芳平民阵容9.6E分享,60411,进阶攻略 / 以往限时活动攻略 / 光WB无雷芳平民阵容9.6E分享,1
destinychild,韩服,进阶攻略,鹿佬终极攻略,60553,进阶攻略 / 以往限时活动攻略 / 鹿佬终极攻略,1
destinychild,韩服,进阶攻略,11.22牛头鹿木Raid理解,61560,进阶攻略 / 以往限时活动攻略 / 11.22牛头鹿木Raid理解,1
destinychild,韩服,进阶攻略,11.19木Raid角色介绍,61203,进阶攻略 / 以往限时活动攻略 / 11.19木Raid角色介绍,1
destinychild,韩服,进阶攻略,木Raid无对策巨卡斩车实录,61460,进阶攻略 / 以往限时活动攻略 / 木Raid无对策巨卡斩车实录,1
destinychild,韩服,进阶攻略,翻牌H8作业双加成,62561,进阶攻略 / 以往限时活动攻略 / 翻牌H8作业双加成,1
destinychild,韩服,进阶攻略,新乱斗无伤过12,62578,进阶攻略 / 以往限时活动攻略 / 新乱斗无伤过12,1
destinychild,韩服,进阶攻略,新乱斗无拘束debuff角12胜,66754,进阶攻略 / 以往限时活动攻略 / 新乱斗无拘束debuff角12胜,1
destinychild,韩服,进阶攻略,火WB初试20E平民阵容分享,71942,进阶攻略 / 以往限时活动攻略 / 火WB初试20E平民阵容分享,1
destinychild,韩服,进阶攻略,暗Raid无对策斩车思路,75662,进阶攻略 / 以往限时活动攻略 / 暗Raid无对策斩车思路,1
destinychild,韩服,进阶攻略,暗Raid无对策光莫娜婚巴水罗刹斩车分享,75931,进阶攻略 / 以往限时活动攻略 / 暗Raid无对策光莫娜婚巴水罗刹斩车分享,1
destinychild,韩服,进阶攻略,火RB无对策单票4.6E+分享,80633,进阶攻略 / 以往限时活动攻略 / 火RB无对策单票4.6E+分享,1
destinychild,韩服,进阶攻略,【火WB云组队】低练度队伍分享,154698,进阶攻略 / 以往限时活动攻略 / 【火WB云组队】低练度队伍分享,1
destinychild,韩服,图鉴资料,全天子文字版,154546,图鉴资料 / 图鉴列表 / 全天子文字版,1
destinychild,韩服,图鉴资料,有用的3星4星,154835,图鉴资料 / 图鉴列表 / 有用的3星4星,1
destinychild,韩服,图鉴资料,天子定位图鉴,153517,图鉴资料 / 图鉴列表 / 天子定位图鉴,1
destinychild,韩服,图鉴资料,装备节奏榜,80674,图鉴资料 / 图鉴列表 / 装备节奏榜,1
destinychild,韩服,图鉴资料,魂卡筛查表,60886,图鉴资料 / 图鉴列表 / 魂卡筛查表,1
destinychild,韩服,图鉴资料,附魔图鉴,50536,图鉴资料 / 图鉴列表 / 附魔图鉴,1
destinychild,韩服,图鉴资料,彩附魔图鉴,162581,图鉴资料 / 图鉴列表 / 彩附魔图鉴,1
destinychild,韩服,图鉴资料,BUFF图鉴,165555,图鉴资料 / 图鉴列表 / BUFF图鉴,1
destinychild,韩服,图鉴资料,Live2D游玩,588263,图鉴资料 / 图鉴列表 / Live2D游玩,1
destinychild,韩服,图鉴资料,DC美图欣赏,165290,图鉴资料 / 同人美图/剧情 / DC美图欣赏,1
destinychild,韩服,图鉴资料,美术鉴赏,165700,图鉴资料 / 同人美图/剧情 / 美术鉴赏,1
destinychild,韩服,图鉴资料,点火树文字,165592,图鉴资料 / 同人美图/剧情 / 点火树文字,1
destinychild,韩服,图鉴资料,氪金皮肤,166804,图鉴资料 / 美术鉴赏分流 / 氪金皮肤,1
destinychild,韩服,图鉴资料,氪金皮肤2,581915,图鉴资料 / 美术鉴赏分流 / 氪金皮肤2,1
destinychild,韩服,图鉴资料,活动皮肤,166901,图鉴资料 / 美术鉴赏分流 / 活动皮肤,1
destinychild,韩服,图鉴资料,RD皮肤,166918,图鉴资料 / 美术鉴赏分流 / RD皮肤,1
destinychild,韩服,图鉴资料,RD皮肤2,581250,图鉴资料 / 美术鉴赏分流 / RD皮肤2,1
destinychild,韩服,图鉴资料,新偶像队,167151,图鉴资料 / 美术鉴赏分流 / 新偶像队,1
destinychild,韩服,图鉴资料,美术八卦,579248,图鉴资料 / 美术鉴赏分流 / 美术八卦,1
destinychild,韩服,图鉴资料,狗哥,154676,图鉴资料 / 玩偶：橙色传说 / 狗哥,1
destinychild,韩服,图鉴资料,嫦娥,90857,图鉴资料 / 玩偶：橙色传说 / 嫦娥,1
destinychild,韩服,图鉴资料,伊芙,90880,图鉴资料 / 玩偶：橙色传说 / 伊芙,1
destinychild,韩服,图鉴资料,木伞,154677,图鉴资料 / 玩偶：橙色传说 / 木伞,1
destinychild,韩服,图鉴资料,木炮,90864,图鉴资料 / 玩偶：橙色传说 / 木炮,1
destinychild,韩服,图鉴资料,猪王,90879,图鉴资料 / 玩偶：橙色传说 / 猪王,1
destinychild,韩服,图鉴资料,摩根,167277,图鉴资料 / 玩偶：橙色传说 / 摩根,1
destinychild,韩服,图鉴资料,万圣梅芙,90858,图鉴资料 / 玩偶：橙色传说 / 万圣梅芙,1
destinychild,韩服,图鉴资料,提箱,90878,图鉴资料 / 玩偶：橙色传说 / 提箱,1
destinychild,韩服,图鉴资料,狗姐,167278,图鉴资料 / 玩偶：橙色传说 / 狗姐,1
destinychild,韩服,图鉴资料,艳后,90877,图鉴资料 / 玩偶：橙色传说 / 艳后,1
destinychild,韩服,图鉴资料,复活奶,90846,图鉴资料 / 玩偶：橙色传说 / 复活奶,1
destinychild,韩服,图鉴资料,枪萝,593001,图鉴资料 / 玩偶：橙色传说 / 枪萝,1
destinychild,韩服,图鉴资料,美杜莎,90881,图鉴资料 / 玩偶：橙色传说 / 美杜莎,1
destinychild,韩服,图鉴资料,弗雷,90882,图鉴资料 / 玩偶：橙色传说 / 弗雷,1
destinychild,韩服,图鉴资料,排球,595228,图鉴资料 / 紫色史诗 / 排球,1
destinychild,韩服,图鉴资料,莎乐美,595229,图鉴资料 / 紫色史诗 / 莎乐美,1
destinychild,韩服,图鉴资料,机械丽莎,589637,图鉴资料 / 紫色史诗 / 机械丽莎,1
destinychild,韩服,图鉴资料,比利,589638,图鉴资料 / 紫色史诗 / 比利,1
destinychild,韩服,图鉴资料,水护士,585202,图鉴资料 / 紫色史诗 / 水护士,1
destinychild,韩服,图鉴资料,水达比,585203,图鉴资料 / 紫色史诗 / 水达比,1
destinychild,韩服,图鉴资料,海葵,167279,图鉴资料 / 紫色史诗 / 海葵,1
destinychild,韩服,图鉴资料,滑雪,167280,图鉴资料 / 紫色史诗 / 滑雪,1
destinychild,韩服,图鉴资料,土星,154683,图鉴资料 / 紫色史诗 / 土星,1
destinychild,韩服,图鉴资料,水皇冠,154679,图鉴资料 / 紫色史诗 / 水皇冠,1
destinychild,韩服,图鉴资料,巴里,90889,图鉴资料 / 紫色史诗 / 巴里,1
destinychild,韩服,图鉴资料,柳条,90888,图鉴资料 / 紫色史诗 / 柳条,1
destinychild,韩服,图鉴资料,沉默龙,90901,图鉴资料 / 紫色史诗 / 沉默龙,1
destinychild,韩服,图鉴资料,水老头,91327,图鉴资料 / 紫色史诗 / 水老头,1
destinychild,韩服,图鉴资料,小丑鱼,91321,图鉴资料 / 紫色史诗 / 小丑鱼,1
destinychild,韩服,图鉴资料,冰盾,90897,图鉴资料 / 紫色史诗 / 冰盾,1
destinychild,韩服,图鉴资料,水人鱼,91324,图鉴资料 / 紫色史诗 / 水人鱼,1
destinychild,韩服,图鉴资料,水炮,91337,图鉴资料 / 紫色史诗 / 水炮,1
destinychild,韩服,图鉴资料,相机,595230,图鉴资料 / 紫色史诗 / 相机,1
destinychild,韩服,图鉴资料,木丽莎,595231,图鉴资料 / 紫色史诗 / 木丽莎,1
destinychild,韩服,图鉴资料,木锤,591304,图鉴资料 / 紫色史诗 / 木锤,1
destinychild,韩服,图鉴资料,南瓜头,591305,图鉴资料 / 紫色史诗 / 南瓜头,1
destinychild,韩服,图鉴资料,木娥,587018,图鉴资料 / 紫色史诗 / 木娥,1
destinychild,韩服,图鉴资料,黑猫,587019,图鉴资料 / 紫色史诗 / 黑猫,1
destinychild,韩服,图鉴资料,大木奶,167281,图鉴资料 / 紫色史诗 / 大木奶,1
destinychild,韩服,图鉴资料,羊妹,167282,图鉴资料 / 紫色史诗 / 羊妹,1
destinychild,韩服,图鉴资料,圣诞妮可,154688,图鉴资料 / 紫色史诗 / 圣诞妮可,1
destinychild,韩服,图鉴资料,毒木枪,154680,图鉴资料 / 紫色史诗 / 毒木枪,1
destinychild,韩服,图鉴资料,旧圣诞妹,90893,图鉴资料 / 紫色史诗 / 旧圣诞妹,1
destinychild,韩服,图鉴资料,木仓鼠,90895,图鉴资料 / 紫色史诗 / 木仓鼠,1
destinychild,韩服,图鉴资料,木奶,91326,图鉴资料 / 紫色史诗 / 木奶,1
destinychild,韩服,图鉴资料,木基佬,90899,图鉴资料 / 紫色史诗 / 木基佬,1
destinychild,韩服,图鉴资料,木高达,90902,图鉴资料 / 紫色史诗 / 木高达,1
destinychild,韩服,图鉴资料,木背包,91323,图鉴资料 / 紫色史诗 / 木背包,1
destinychild,韩服,图鉴资料,木琴,91328,图鉴资料 / 紫色史诗 / 木琴,1
destinychild,韩服,图鉴资料,美国妹,91335,图鉴资料 / 紫色史诗 / 美国妹,1
destinychild,韩服,图鉴资料,火仓鼠,589639,图鉴资料 / 紫色史诗 / 火仓鼠,1
destinychild,韩服,图鉴资料,火教皇,589640,图鉴资料 / 紫色史诗 / 火教皇,1
destinychild,韩服,图鉴资料,火弓,587021,图鉴资料 / 紫色史诗 / 火弓,1
destinychild,韩服,图鉴资料,圣诞勒达,587023,图鉴资料 / 紫色史诗 / 圣诞勒达,1
destinychild,韩服,图鉴资料,管家,167283,图鉴资料 / 紫色史诗 / 管家,1
destinychild,韩服,图鉴资料,潜水莫娜,167284,图鉴资料 / 紫色史诗 / 潜水莫娜,1
destinychild,韩服,图鉴资料,刀妹,154682,图鉴资料 / 紫色史诗 / 刀妹,1
destinychild,韩服,图鉴资料,火狗,154678,图鉴资料 / 紫色史诗 / 火狗,1
destinychild,韩服,图鉴资料,火护士,90887,图鉴资料 / 紫色史诗 / 火护士,1
destinychild,韩服,图鉴资料,火兔子,90890,图鉴资料 / 紫色史诗 / 火兔子,1
destinychild,韩服,图鉴资料,南瓜梅芙,90894,图鉴资料 / 紫色史诗 / 南瓜梅芙,1
destinychild,韩服,图鉴资料,哈迪斯,90903,图鉴资料 / 紫色史诗 / 哈迪斯,1
destinychild,韩服,图鉴资料,火奶,91316,图鉴资料 / 紫色史诗 / 火奶,1
destinychild,韩服,图鉴资料,泡泡枪,91320,图鉴资料 / 紫色史诗 / 泡泡枪,1
destinychild,韩服,图鉴资料,火呆毛,91332,图鉴资料 / 紫色史诗 / 火呆毛,1
destinychild,韩服,图鉴资料,熊妹,91336,图鉴资料 / 紫色史诗 / 熊妹,1
destinychild,韩服,图鉴资料,光莫娜,593003,图鉴资料 / 紫色史诗 / 光莫娜,1
destinychild,韩服,图鉴资料,法老,593004,图鉴资料 / 紫色史诗 / 法老,1
destinychild,韩服,图鉴资料,糖猫,585204,图鉴资料 / 紫色史诗 / 糖猫,1
destinychild,韩服,图鉴资料,铃铛,585205,图鉴资料 / 紫色史诗 / 铃铛,1
destinychild,韩服,图鉴资料,普巴,167285,图鉴资料 / 紫色史诗 / 普巴,1
destinychild,韩服,图鉴资料,光琴,167286,图鉴资料 / 紫色史诗 / 光琴,1
destinychild,韩服,图鉴资料,金星,154687,图鉴资料 / 紫色史诗 / 金星,1
destinychild,韩服,图鉴资料,海王星,154684,图鉴资料 / 紫色史诗 / 海王星,1
destinychild,韩服,图鉴资料,光阿三,90892,图鉴资料 / 紫色史诗 / 光阿三,1
destinychild,韩服,图鉴资料,光女警,90896,图鉴资料 / 紫色史诗 / 光女警,1
destinychild,韩服,图鉴资料,光魔方,90900,图鉴资料 / 紫色史诗 / 光魔方,1
destinychild,韩服,图鉴资料,教皇,91317,图鉴资料 / 紫色史诗 / 教皇,1
destinychild,韩服,图鉴资料,埃及猫,91325,图鉴资料 / 紫色史诗 / 埃及猫,1
destinychild,韩服,图鉴资料,光白切鸡,90904,图鉴资料 / 紫色史诗 / 光白切鸡,1
destinychild,韩服,图鉴资料,罗刹,91329,图鉴资料 / 紫色史诗 / 罗刹,1
destinychild,韩服,图鉴资料,亚里亚,91333,图鉴资料 / 紫色史诗 / 亚里亚,1
destinychild,韩服,图鉴资料,暗罗汉,593005,图鉴资料 / 紫色史诗 / 暗罗汉,1
destinychild,韩服,图鉴资料,老太婆,593006,图鉴资料 / 紫色史诗 / 老太婆,1
destinychild,韩服,图鉴资料,复活刀,591306,图鉴资料 / 紫色史诗 / 复活刀,1
destinychild,韩服,图鉴资料,暗鸟,591307,图鉴资料 / 紫色史诗 / 暗鸟,1
destinychild,韩服,图鉴资料,呼啦圈,167392,图鉴资料 / 紫色史诗 / 呼啦圈,1
destinychild,韩服,图鉴资料,凯布利,167287,图鉴资料 / 紫色史诗 / 凯布利,1
destinychild,韩服,图鉴资料,火星,154685,图鉴资料 / 紫色史诗 / 火星,1
destinychild,韩服,图鉴资料,蛇萝,154681,图鉴资料 / 紫色史诗 / 蛇萝,1
destinychild,韩服,图鉴资料,独眼,90891,图鉴资料 / 紫色史诗 / 独眼,1
destinychild,韩服,图鉴资料,暗月月,90898,图鉴资料 / 紫色史诗 / 暗月月,1
destinychild,韩服,图鉴资料,暗基佬,91318,图鉴资料 / 紫色史诗 / 暗基佬,1
destinychild,韩服,图鉴资料,"A,I",91319,"图鉴资料 / 紫色史诗 / A,I",1
destinychild,韩服,图鉴资料,人妻,91322,图鉴资料 / 紫色史诗 / 人妻,1
destinychild,韩服,图鉴资料,老板娘,91330,图鉴资料 / 紫色史诗 / 老板娘,1
destinychild,韩服,图鉴资料,暗奶,91331,图鉴资料 / 紫色史诗 / 暗奶,1
destinychild,韩服,图鉴资料,泡面,91334,图鉴资料 / 紫色史诗 / 泡面,1
destinychild,韩服,图鉴资料,水环形炮,91040,图鉴资料 / 蓝色稀有 / 水环形炮,1
destinychild,韩服,图鉴资料,水奶猫,91042,图鉴资料 / 蓝色稀有 / 水奶猫,1
destinychild,韩服,图鉴资料,水扑克,91050,图鉴资料 / 蓝色稀有 / 水扑克,1
destinychild,韩服,图鉴资料,水酒杯,91053,图鉴资料 / 蓝色稀有 / 水酒杯,1
destinychild,韩服,图鉴资料,水恶魔,91059,图鉴资料 / 蓝色稀有 / 水恶魔,1
destinychild,韩服,图鉴资料,水泳圈,91063,图鉴资料 / 蓝色稀有 / 水泳圈,1
destinychild,韩服,图鉴资料,水AI,91066,图鉴资料 / 蓝色稀有 / 水AI,1
destinychild,韩服,图鉴资料,水警察,91067,图鉴资料 / 蓝色稀有 / 水警察,1
destinychild,韩服,图鉴资料,水魔法师,91072,图鉴资料 / 蓝色稀有 / 水魔法师,1
destinychild,韩服,图鉴资料,水大提琴,91073,图鉴资料 / 蓝色稀有 / 水大提琴,1
destinychild,韩服,图鉴资料,水翻车鱼,91077,图鉴资料 / 蓝色稀有 / 水翻车鱼,1
destinychild,韩服,图鉴资料,水扫地,91079,图鉴资料 / 蓝色稀有 / 水扫地,1
destinychild,韩服,图鉴资料,水游戏机,91095,图鉴资料 / 蓝色稀有 / 水游戏机,1
destinychild,韩服,图鉴资料,木圣诞鹿,91030,图鉴资料 / 蓝色稀有 / 木圣诞鹿,1
destinychild,韩服,图鉴资料,木狗头死神,91032,图鉴资料 / 蓝色稀有 / 木狗头死神,1
destinychild,韩服,图鉴资料,木击剑,91034,图鉴资料 / 蓝色稀有 / 木击剑,1
destinychild,韩服,图鉴资料,木伪娘,91035,图鉴资料 / 蓝色稀有 / 木伪娘,1
destinychild,韩服,图鉴资料,木白鸡,91044,图鉴资料 / 蓝色稀有 / 木白鸡,1
destinychild,韩服,图鉴资料,木拳击,91058,图鉴资料 / 蓝色稀有 / 木拳击,1
destinychild,韩服,图鉴资料,木弓箭,91068,图鉴资料 / 蓝色稀有 / 木弓箭,1
destinychild,韩服,图鉴资料,木吉他,91070,图鉴资料 / 蓝色稀有 / 木吉他,1
destinychild,韩服,图鉴资料,木野花,91071,图鉴资料 / 蓝色稀有 / 木野花,1
destinychild,韩服,图鉴资料,木厨娘,91080,图鉴资料 / 蓝色稀有 / 木厨娘,1
destinychild,韩服,图鉴资料,木向日葵,91083,图鉴资料 / 蓝色稀有 / 木向日葵,1
destinychild,韩服,图鉴资料,木刺客,91084,图鉴资料 / 蓝色稀有 / 木刺客,1
destinychild,韩服,图鉴资料,木婚纱,91092,图鉴资料 / 蓝色稀有 / 木婚纱,1
destinychild,韩服,图鉴资料,木玩偶,91097,图鉴资料 / 蓝色稀有 / 木玩偶,1
destinychild,韩服,图鉴资料,火圣诞老人,91031,图鉴资料 / 蓝色稀有 / 火圣诞老人,1
destinychild,韩服,图鉴资料,火花环,91043,图鉴资料 / 蓝色稀有 / 火花环,1
destinychild,韩服,图鉴资料,火圣诞帽,91045,图鉴资料 / 蓝色稀有 / 火圣诞帽,1
destinychild,韩服,图鉴资料,火金币,91046,图鉴资料 / 蓝色稀有 / 火金币,1
destinychild,韩服,图鉴资料,火尤娜,91052,图鉴资料 / 蓝色稀有 / 火尤娜,1
destinychild,韩服,图鉴资料,火男人,91056,图鉴资料 / 蓝色稀有 / 火男人,1
destinychild,韩服,图鉴资料,火束缚,91060,图鉴资料 / 蓝色稀有 / 火束缚,1
destinychild,韩服,图鉴资料,火架子鼓,91064,图鉴资料 / 蓝色稀有 / 火架子鼓,1
destinychild,韩服,图鉴资料,火大炮,91075,图鉴资料 / 蓝色稀有 / 火大炮,1
destinychild,韩服,图鉴资料,火拔刀,91078,图鉴资料 / 蓝色稀有 / 火拔刀,1
destinychild,韩服,图鉴资料,火情书,91082,图鉴资料 / 蓝色稀有 / 火情书,1
destinychild,韩服,图鉴资料,火魔术师,91096,图鉴资料 / 蓝色稀有 / 火魔术师,1
destinychild,韩服,图鉴资料,火机枪,91099,图鉴资料 / 蓝色稀有 / 火机枪,1
destinychild,韩服,图鉴资料,光埃及猫,91038,图鉴资料 / 蓝色稀有 / 光埃及猫,1
destinychild,韩服,图鉴资料,光斯巴达,91041,图鉴资料 / 蓝色稀有 / 光斯巴达,1
destinychild,韩服,图鉴资料,光魔法帽,91047,图鉴资料 / 蓝色稀有 / 光魔法帽,1
destinychild,韩服,图鉴资料,光盾,91051,图鉴资料 / 蓝色稀有 / 光盾,1
destinychild,韩服,图鉴资料,光天使,91055,图鉴资料 / 蓝色稀有 / 光天使,1
destinychild,韩服,图鉴资料,光霰弹,91062,图鉴资料 / 蓝色稀有 / 光霰弹,1
destinychild,韩服,图鉴资料,光束缚,91065,图鉴资料 / 蓝色稀有 / 光束缚,1
destinychild,韩服,图鉴资料,光鲜花,91069,图鉴资料 / 蓝色稀有 / 光鲜花,1
destinychild,韩服,图鉴资料,光飞刀,91076,图鉴资料 / 蓝色稀有 / 光飞刀,1
destinychild,韩服,图鉴资料,光玫瑰,91081,图鉴资料 / 蓝色稀有 / 光玫瑰,1
destinychild,韩服,图鉴资料,光侦探,91091,图鉴资料 / 蓝色稀有 / 光侦探,1
destinychild,韩服,图鉴资料,光勒达,91093,图鉴资料 / 蓝色稀有 / 光勒达,1
destinychild,韩服,图鉴资料,光欧若拉,91094,图鉴资料 / 蓝色稀有 / 光欧若拉,1
destinychild,韩服,图鉴资料,光大剑,91100,图鉴资料 / 蓝色稀有 / 光大剑,1
destinychild,韩服,图鉴资料,暗梦游,91037,图鉴资料 / 蓝色稀有 / 暗梦游,1
destinychild,韩服,图鉴资料,暗机枪,91036,图鉴资料 / 蓝色稀有 / 暗机枪,1
destinychild,韩服,图鉴资料,暗吸血鬼,91039,图鉴资料 / 蓝色稀有 / 暗吸血鬼,1
destinychild,韩服,图鉴资料,暗烟枪,91048,图鉴资料 / 蓝色稀有 / 暗烟枪,1
destinychild,韩服,图鉴资料,暗狮子,91049,图鉴资料 / 蓝色稀有 / 暗狮子,1
destinychild,韩服,图鉴资料,小丑,91054,图鉴资料 / 蓝色稀有 / 小丑,1
destinychild,韩服,图鉴资料,暗口罩,91057,图鉴资料 / 蓝色稀有 / 暗口罩,1
destinychild,韩服,图鉴资料,暗断头台,91061,图鉴资料 / 蓝色稀有 / 暗断头台,1
destinychild,韩服,图鉴资料,暗吉他,91074,图鉴资料 / 蓝色稀有 / 暗吉他,1
destinychild,韩服,图鉴资料,暗魔女,91085,图鉴资料 / 蓝色稀有 / 暗魔女,1
destinychild,韩服,图鉴资料,暗女仆,91089,图鉴资料 / 蓝色稀有 / 暗女仆,1
destinychild,韩服,图鉴资料,暗跳窗,91090,图鉴资料 / 蓝色稀有 / 暗跳窗,1
destinychild,韩服,图鉴资料,暗提裙,91098,图鉴资料 / 蓝色稀有 / 暗提裙,1
destinychild,韩服,图鉴资料,麻花辫,91134,图鉴资料 / 绿色罕见 / 麻花辫,1
destinychild,韩服,图鉴资料,双马尾,91136,图鉴资料 / 绿色罕见 / 双马尾,1
destinychild,韩服,图鉴资料,丸子头,91138,图鉴资料 / 绿色罕见 / 丸子头,1
destinychild,韩服,图鉴资料,魔童,91141,图鉴资料 / 绿色罕见 / 魔童,1
destinychild,韩服,图鉴资料,黑卡蒂,91145,图鉴资料 / 绿色罕见 / 黑卡蒂,1
destinychild,韩服,图鉴资料,扩音器,91156,图鉴资料 / 绿色罕见 / 扩音器,1
destinychild,韩服,图鉴资料,汤勺妹,91161,图鉴资料 / 绿色罕见 / 汤勺妹,1
destinychild,韩服,图鉴资料,圣女贞德,91165,图鉴资料 / 绿色罕见 / 圣女贞德,1
destinychild,韩服,图鉴资料,潜泳妹,91169,图鉴资料 / 绿色罕见 / 潜泳妹,1
destinychild,韩服,图鉴资料,发夹,91170,图鉴资料 / 绿色罕见 / 发夹,1
destinychild,韩服,图鉴资料,3星水护士,91177,图鉴资料 / 绿色罕见 / 3星水护士,1
destinychild,韩服,图鉴资料,水主丽莎,91180,图鉴资料 / 绿色罕见 / 水主丽莎,1
destinychild,韩服,图鉴资料,网球妹,91132,图鉴资料 / 绿色罕见 / 网球妹,1
destinychild,韩服,图鉴资料,草精灵,91140,图鉴资料 / 绿色罕见 / 草精灵,1
destinychild,韩服,图鉴资料,向日葵,91158,图鉴资料 / 绿色罕见 / 向日葵,1
destinychild,韩服,图鉴资料,三星木基佬,91162,图鉴资料 / 绿色罕见 / 三星木基佬,1
destinychild,韩服,图鉴资料,修理工,91164,图鉴资料 / 绿色罕见 / 修理工,1
destinychild,韩服,图鉴资料,鲜花妹,91171,图鉴资料 / 绿色罕见 / 鲜花妹,1
destinychild,韩服,图鉴资料,猫娘,91173,图鉴资料 / 绿色罕见 / 猫娘,1
destinychild,韩服,图鉴资料,太妹,91175,图鉴资料 / 绿色罕见 / 太妹,1
destinychild,韩服,图鉴资料,甲胄妹,91133,图鉴资料 / 绿色罕见 / 甲胄妹,1
destinychild,韩服,图鉴资料,小魔龙,91142,图鉴资料 / 绿色罕见 / 小魔龙,1
destinychild,韩服,图鉴资料,黑老大,91143,图鉴资料 / 绿色罕见 / 黑老大,1
destinychild,韩服,图鉴资料,火盾,91146,图鉴资料 / 绿色罕见 / 火盾,1
destinychild,韩服,图鉴资料,火拳,91147,图鉴资料 / 绿色罕见 / 火拳,1
destinychild,韩服,图鉴资料,黑皮,91148,图鉴资料 / 绿色罕见 / 黑皮,1
destinychild,韩服,图鉴资料,魔女,91150,图鉴资料 / 绿色罕见 / 魔女,1
destinychild,韩服,图鉴资料,发带,91151,图鉴资料 / 绿色罕见 / 发带,1
destinychild,韩服,图鉴资料,女格斗,91160,图鉴资料 / 绿色罕见 / 女格斗,1
destinychild,韩服,图鉴资料,三星火兔子,91168,图鉴资料 / 绿色罕见 / 三星火兔子,1
destinychild,韩服,图鉴资料,3星火护士,91178,图鉴资料 / 绿色罕见 / 3星火护士,1
destinychild,韩服,图鉴资料,达比,91179,图鉴资料 / 绿色罕见 / 达比,1
destinychild,韩服,图鉴资料,埃及女仆,91129,图鉴资料 / 绿色罕见 / 埃及女仆,1
destinychild,韩服,图鉴资料,光蝴蝶,91131,图鉴资料 / 绿色罕见 / 光蝴蝶,1
destinychild,韩服,图鉴资料,齐刘海,91137,图鉴资料 / 绿色罕见 / 齐刘海,1
destinychild,韩服,图鉴资料,太刀妹,91144,图鉴资料 / 绿色罕见 / 太刀妹,1
destinychild,韩服,图鉴资料,马猴烧酒,91155,图鉴资料 / 绿色罕见 / 马猴烧酒,1
destinychild,韩服,图鉴资料,圣枪修女,91163,图鉴资料 / 绿色罕见 / 圣枪修女,1
destinychild,韩服,图鉴资料,祭师,91167,图鉴资料 / 绿色罕见 / 祭师,1
destinychild,韩服,图鉴资料,旺财,91176,图鉴资料 / 绿色罕见 / 旺财,1
destinychild,韩服,图鉴资料,诗蔻蒂,91130,图鉴资料 / 绿色罕见 / 诗蔻蒂,1
destinychild,韩服,图鉴资料,苹果姐,91135,图鉴资料 / 绿色罕见 / 苹果姐,1
destinychild,韩服,图鉴资料,铁甲面,91139,图鉴资料 / 绿色罕见 / 铁甲面,1
destinychild,韩服,图鉴资料,面罩,91149,图鉴资料 / 绿色罕见 / 面罩,1
destinychild,韩服,图鉴资料,女武神,91152,图鉴资料 / 绿色罕见 / 女武神,1
destinychild,韩服,图鉴资料,莫扎特,91154,图鉴资料 / 绿色罕见 / 莫扎特,1
destinychild,韩服,图鉴资料,暗提灯,91157,图鉴资料 / 绿色罕见 / 暗提灯,1
destinychild,韩服,图鉴资料,傀儡师,91159,图鉴资料 / 绿色罕见 / 傀儡师,1
destinychild,韩服,图鉴资料,女忍,91166,图鉴资料 / 绿色罕见 / 女忍,1
destinychild,韩服,图鉴资料,女仆妹,91172,图鉴资料 / 绿色罕见 / 女仆妹,1
destinychild,韩服,图鉴资料,怪盗,91174,图鉴资料 / 绿色罕见 / 怪盗,1
destinychild,韩服,图鉴资料,莫娜,91181,图鉴资料 / 绿色罕见 / 莫娜,1
destinychild,韩服,图鉴资料, 水胖,90951,图鉴资料 / 白色普通 /  水胖,1
destinychild,韩服,图鉴资料, 水滴,90956,图鉴资料 / 白色普通 /  水滴,1
destinychild,韩服,图鉴资料, 水气球,90961,图鉴资料 / 白色普通 /  水气球,1
destinychild,韩服,图鉴资料, 水大眼,90966,图鉴资料 / 白色普通 /  水大眼,1
destinychild,韩服,图鉴资料, 水喇叭,90973,图鉴资料 / 白色普通 /  水喇叭,1
destinychild,韩服,图鉴资料, 水恶魔,90983,图鉴资料 / 白色普通 /  水恶魔,1
destinychild,韩服,图鉴资料, 木水滴,90954,图鉴资料 / 白色普通 /  木水滴,1
destinychild,韩服,图鉴资料, 木气球,90959,图鉴资料 / 白色普通 /  木气球,1
destinychild,韩服,图鉴资料, 木大眼,90964,图鉴资料 / 白色普通 /  木大眼,1
destinychild,韩服,图鉴资料, 毛球,90967,图鉴资料 / 白色普通 /  毛球,1
destinychild,韩服,图鉴资料, 木螳螂,90972,图鉴资料 / 白色普通 /  木螳螂,1
destinychild,韩服,图鉴资料, 木混混,90975,图鉴资料 / 白色普通 /  木混混,1
destinychild,韩服,图鉴资料, 木针筒,90976,图鉴资料 / 白色普通 /  木针筒,1
destinychild,韩服,图鉴资料, 木地龙,90978,图鉴资料 / 白色普通 /  木地龙,1
destinychild,韩服,图鉴资料, 火水滴,90955,图鉴资料 / 白色普通 /  火水滴,1
destinychild,韩服,图鉴资料, 火气球,90960,图鉴资料 / 白色普通 /  火气球,1
destinychild,韩服,图鉴资料, 火大眼,90965,图鉴资料 / 白色普通 /  火大眼,1
destinychild,韩服,图鉴资料, 小宝箱,90969,图鉴资料 / 白色普通 /  小宝箱,1
destinychild,韩服,图鉴资料, 兜帽兔,90970,图鉴资料 / 白色普通 /  兜帽兔,1
destinychild,韩服,图鉴资料, 火机枪,90977,图鉴资料 / 白色普通 /  火机枪,1
destinychild,韩服,图鉴资料, 火恶魔,90984,图鉴资料 / 白色普通 /  火恶魔,1
destinychild,韩服,图鉴资料, 光水滴,90953,图鉴资料 / 白色普通 /  光水滴,1
destinychild,韩服,图鉴资料, 光气球,90958,图鉴资料 / 白色普通 /  光气球,1
destinychild,韩服,图鉴资料, 光大眼,90963,图鉴资料 / 白色普通 /  光大眼,1
destinychild,韩服,图鉴资料, 光宝箱,90968,图鉴资料 / 白色普通 /  光宝箱,1
destinychild,韩服,图鉴资料, 木桶兔,90971,图鉴资料 / 白色普通 /  木桶兔,1
destinychild,韩服,图鉴资料, 光喇叭,90974,图鉴资料 / 白色普通 /  光喇叭,1
destinychild,韩服,图鉴资料, 光熊,90980,图鉴资料 / 白色普通 /  光熊,1
destinychild,韩服,图鉴资料,棉花熊,90982,图鉴资料 / 白色普通 / 棉花熊,1
destinychild,韩服,图鉴资料,暗大嘴,90950,图鉴资料 / 白色普通 / 暗大嘴,1
destinychild,韩服,图鉴资料, 暗水滴,90952,图鉴资料 / 白色普通 /  暗水滴,1
destinychild,韩服,图鉴资料, 暗气球,90957,图鉴资料 / 白色普通 /  暗气球,1
destinychild,韩服,图鉴资料, 暗大眼,90962,图鉴资料 / 白色普通 /  暗大眼,1
destinychild,韩服,图鉴资料, 暗死神,90979,图鉴资料 / 白色普通 /  暗死神,1
destinychild,韩服,图鉴资料, 暗无眼,90981,图鉴资料 / 白色普通 /  暗无眼,1
destinychild,韩服,图鉴资料,中二,592998,图鉴资料 / 五星光   / 中二,1
destinychild,韩服,图鉴资料,奶光,584504,图鉴资料 / 五星光   / 奶光,1
destinychild,韩服,图鉴资料,摩根,581879,图鉴资料 / 五星光   / 摩根,1
destinychild,韩服,图鉴资料,光呼啦圈,577401,图鉴资料 / 五星光   / 光呼啦圈,1
destinychild,韩服,图鉴资料,电话妖,170964,图鉴资料 / 五星光   / 电话妖,1
destinychild,韩服,图鉴资料,毛妹,168724,图鉴资料 / 五星光   / 毛妹,1
destinychild,韩服,图鉴资料,妹妹头,162130,图鉴资料 / 五星光   / 妹妹头,1
destinychild,韩服,图鉴资料,电椅,156758,图鉴资料 / 五星光   / 电椅,1
destinychild,韩服,图鉴资料,奥拉夫,152964,图鉴资料 / 五星光   / 奥拉夫,1
destinychild,韩服,图鉴资料,光剑,151950,图鉴资料 / 五星光   / 光剑,1
destinychild,韩服,图鉴资料,VVA,96766,图鉴资料 / 五星光   / VVA,1
destinychild,韩服,图鉴资料,十字弓,92659,图鉴资料 / 五星光   / 十字弓,1
destinychild,韩服,图鉴资料,圣女,86642,图鉴资料 / 五星光   / 圣女,1
destinychild,韩服,图鉴资料,亚马逊,82884,图鉴资料 / 五星光   / 亚马逊,1
destinychild,韩服,图鉴资料,光豹子,81660,图鉴资料 / 五星光   / 光豹子,1
destinychild,韩服,图鉴资料,巴里,77377,图鉴资料 / 五星光   / 巴里,1
destinychild,韩服,图鉴资料,金毛,76464,图鉴资料 / 五星光   / 金毛,1
destinychild,韩服,图鉴资料,光相机,75328,图鉴资料 / 五星光   / 光相机,1
destinychild,韩服,图鉴资料,光击剑,70436,图鉴资料 / 五星光   / 光击剑,1
destinychild,韩服,图鉴资料,花篮,69383,图鉴资料 / 五星光   / 花篮,1
destinychild,韩服,图鉴资料,洛基,68063,图鉴资料 / 五星光   / 洛基,1
destinychild,韩服,图鉴资料,土星,65297,图鉴资料 / 五星光   / 土星,1
destinychild,韩服,图鉴资料,新亚里亚,65298,图鉴资料 / 五星光   / 新亚里亚,1
destinychild,韩服,图鉴资料,大白,60196,图鉴资料 / 五星光   / 大白,1
destinychild,韩服,图鉴资料,帕拉丁,58471,图鉴资料 / 五星光   / 帕拉丁,1
destinychild,韩服,图鉴资料,岛主,50511,图鉴资料 / 五星光   / 岛主,1
destinychild,韩服,图鉴资料,土星,50509,图鉴资料 / 五星光   / 土星,1
destinychild,韩服,图鉴资料,猫头鹰,50435,图鉴资料 / 五星光   / 猫头鹰,1
destinychild,韩服,图鉴资料,大帽子,50504,图鉴资料 / 五星光   / 大帽子,1
destinychild,韩服,图鉴资料,光鸟,50508,图鉴资料 / 五星光   / 光鸟,1
destinychild,韩服,图鉴资料,雅典娜,50523,图鉴资料 / 五星光   / 雅典娜,1
destinychild,韩服,图鉴资料,塞特,50506,图鉴资料 / 五星光   / 塞特,1
destinychild,韩服,图鉴资料,光胖次,50507,图鉴资料 / 五星光   / 光胖次,1
destinychild,韩服,图鉴资料,屎王,50514,图鉴资料 / 五星光   / 屎王,1
destinychild,韩服,图鉴资料,光月月,50434,图鉴资料 / 五星光   / 光月月,1
destinychild,韩服,图鉴资料,光琴,50520,图鉴资料 / 五星光   / 光琴,1
destinychild,韩服,图鉴资料,乱斗娘,50517,图鉴资料 / 五星光   / 乱斗娘,1
destinychild,韩服,图鉴资料,光莫娜,50476,图鉴资料 / 五星光   / 光莫娜,1
destinychild,韩服,图鉴资料,光铃铛,50524,图鉴资料 / 五星光   / 光铃铛,1
destinychild,韩服,图鉴资料,婚巴,50496,图鉴资料 / 五星光   / 婚巴,1
destinychild,韩服,图鉴资料,花奶,50497,图鉴资料 / 五星光   / 花奶,1
destinychild,韩服,图鉴资料,狗姐,50505,图鉴资料 / 五星光   / 狗姐,1
destinychild,韩服,图鉴资料,夏尔,50522,图鉴资料 / 五星光   / 夏尔,1
destinychild,韩服,图鉴资料,糖猫,50521,图鉴资料 / 五星光   / 糖猫,1
destinychild,韩服,图鉴资料,法老,50512,图鉴资料 / 五星光   / 法老,1
destinychild,韩服,图鉴资料,金星,50495,图鉴资料 / 五星光   / 金星,1
destinychild,韩服,图鉴资料,海王星,50519,图鉴资料 / 五星光   / 海王星,1
destinychild,韩服,图鉴资料,普巴,50479,图鉴资料 / 五星光   / 普巴,1
destinychild,韩服,图鉴资料,露娜,50516,图鉴资料 / 五星光   / 露娜,1
destinychild,韩服,图鉴资料,艳后,50110,图鉴资料 / 五星光   / 艳后,1
destinychild,韩服,图鉴资料,阿三,50289,图鉴资料 / 五星光   / 阿三,1
destinychild,韩服,图鉴资料,光裙,50108,图鉴资料 / 五星光   / 光裙,1
destinychild,韩服,图鉴资料,罗刹,50266,图鉴资料 / 五星光   / 罗刹,1
destinychild,韩服,图鉴资料,教皇,50076,图鉴资料 / 五星光   / 教皇,1
destinychild,韩服,图鉴资料,女警,50068,图鉴资料 / 五星光   / 女警,1
destinychild,韩服,图鉴资料,复活奶,50027,图鉴资料 / 五星光   / 复活奶,1
destinychild,韩服,图鉴资料,光魔方,50022,图鉴资料 / 五星光   / 光魔方,1
destinychild,韩服,图鉴资料,埃及猫,50011,图鉴资料 / 五星光   / 埃及猫,1
destinychild,韩服,图鉴资料,亚里亚,50006,图鉴资料 / 五星光   / 亚里亚,1
destinychild,韩服,图鉴资料,白斩鸡,49975,图鉴资料 / 五星光   / 白斩鸡,1
destinychild,韩服,图鉴资料,暗提琴,592999,图鉴资料 / 五星暗 / 暗提琴,1
destinychild,韩服,图鉴资料,小丑兔,591177,图鉴资料 / 五星暗 / 小丑兔,1
destinychild,韩服,图鉴资料,暗罗汉,581881,图鉴资料 / 五星暗 / 暗罗汉,1
destinychild,韩服,图鉴资料,娜迦,581880,图鉴资料 / 五星暗 / 娜迦,1
destinychild,韩服,图鉴资料,乌鸦,579761,图鉴资料 / 五星暗 / 乌鸦,1
destinychild,韩服,图鉴资料,暗护士,170965,图鉴资料 / 五星暗 / 暗护士,1
destinychild,韩服,图鉴资料,机枪,166777,图鉴资料 / 五星暗 / 机枪,1
destinychild,韩服,图鉴资料,鸡尾酒,156759,图鉴资料 / 五星暗 / 鸡尾酒,1
destinychild,韩服,图鉴资料,死神,155235,图鉴资料 / 五星暗 / 死神,1
destinychild,韩服,图鉴资料,萨尼,92658,图鉴资料 / 五星暗 / 萨尼,1
destinychild,韩服,图鉴资料,雅美 ,91787,图鉴资料 / 五星暗 / 雅美 ,1
destinychild,韩服,图鉴资料,小钢炮,89346,图鉴资料 / 五星暗 / 小钢炮,1
destinychild,韩服,图鉴资料,棒球,86643,图鉴资料 / 五星暗 / 棒球,1
destinychild,韩服,图鉴资料,暗伞,85357,图鉴资料 / 五星暗 / 暗伞,1
destinychild,韩服,图鉴资料,福尔基斯,82885,图鉴资料 / 五星暗 / 福尔基斯,1
destinychild,韩服,图鉴资料,暗豹子,81659,图鉴资料 / 五星暗 / 暗豹子,1
destinychild,韩服,图鉴资料,对魔忍,77378,图鉴资料 / 五星暗 / 对魔忍,1
destinychild,韩服,图鉴资料,暗塞特,75327,图鉴资料 / 五星暗 / 暗塞特,1
destinychild,韩服,图鉴资料,暗精灵,73733,图鉴资料 / 五星暗 / 暗精灵,1
destinychild,韩服,图鉴资料,暗伊芙,68064,图鉴资料 / 五星暗 / 暗伊芙,1
destinychild,韩服,图鉴资料,新玛斯,65299,图鉴资料 / 五星暗 / 新玛斯,1
destinychild,韩服,图鉴资料,苹果妹,63866,图鉴资料 / 五星暗 / 苹果妹,1
destinychild,韩服,图鉴资料,暗丽莎,62476,图鉴资料 / 五星暗 / 暗丽莎,1
destinychild,韩服,图鉴资料,哪吒,60198,图鉴资料 / 五星暗 / 哪吒,1
destinychild,韩服,图鉴资料,铁匠,58472,图鉴资料 / 五星暗 / 铁匠,1
destinychild,韩服,图鉴资料,兔女郎,50502,图鉴资料 / 五星暗 / 兔女郎,1
destinychild,韩服,图鉴资料,赛车,50501,图鉴资料 / 五星暗 / 赛车,1
destinychild,韩服,图鉴资料,乳贴,50491,图鉴资料 / 五星暗 / 乳贴,1
destinychild,韩服,图鉴资料,毒奶,50490,图鉴资料 / 五星暗 / 毒奶,1
destinychild,韩服,图鉴资料,天鹅,50500,图鉴资料 / 五星暗 / 天鹅,1
destinychild,韩服,图鉴资料,鲁邦,50489,图鉴资料 / 五星暗 / 鲁邦,1
destinychild,韩服,图鉴资料,阿罗汉,50499,图鉴资料 / 五星暗 / 阿罗汉,1
destinychild,韩服,图鉴资料,帕拉斯,50498,图鉴资料 / 五星暗 / 帕拉斯,1
destinychild,韩服,图鉴资料,提裙,50488,图鉴资料 / 五星暗 / 提裙,1
destinychild,韩服,图鉴资料,呼啦圈,50487,图鉴资料 / 五星暗 / 呼啦圈,1
destinychild,韩服,图鉴资料,骷髅姐,50486,图鉴资料 / 五星暗 / 骷髅姐,1
destinychild,韩服,图鉴资料,枪萝,50475,图鉴资料 / 五星暗 / 枪萝,1
destinychild,韩服,图鉴资料,母女丼,50474,图鉴资料 / 五星暗 / 母女丼,1
destinychild,韩服,图鉴资料,暗达菲,50473,图鉴资料 / 五星暗 / 暗达菲,1
destinychild,韩服,图鉴资料,老太婆,50472,图鉴资料 / 五星暗 / 老太婆,1
destinychild,韩服,图鉴资料,复活刀,50471,图鉴资料 / 五星暗 / 复活刀,1
destinychild,韩服,图鉴资料,暗鸟,50470,图鉴资料 / 五星暗 / 暗鸟,1
destinychild,韩服,图鉴资料,玛斯,50469,图鉴资料 / 五星暗 / 玛斯,1
destinychild,韩服,图鉴资料,蛇萝,50468,图鉴资料 / 五星暗 / 蛇萝,1
destinychild,韩服,图鉴资料,凯布里,50115,图鉴资料 / 五星暗 / 凯布里,1
destinychild,韩服,图鉴资料,琪修卡,50114,图鉴资料 / 五星暗 / 琪修卡,1
destinychild,韩服,图鉴资料,独眼,50467,图鉴资料 / 五星暗 / 独眼,1
destinychild,韩服,图鉴资料,美杜莎,50299,图鉴资料 / 五星暗 / 美杜莎,1
destinychild,韩服,图鉴资料,暗月月,50281,图鉴资料 / 五星暗 / 暗月月,1
destinychild,韩服,图鉴资料,老板娘,50092,图鉴资料 / 五星暗 / 老板娘,1
destinychild,韩服,图鉴资料,屁孩,50089,图鉴资料 / 五星暗 / 屁孩,1
destinychild,韩服,图鉴资料,暗奶,50070,图鉴资料 / 五星暗 / 暗奶,1
destinychild,韩服,图鉴资料,人妻,50014,图鉴资料 / 五星暗 / 人妻,1
destinychild,韩服,图鉴资料,雷德,50004,图鉴资料 / 五星暗 / 雷德,1
destinychild,韩服,图鉴资料,A.I,50003,图鉴资料 / 五星暗 / A.I,1
destinychild,韩服,图鉴资料,泡面,49989,图鉴资料 / 五星暗 / 泡面,1
destinychild,韩服,图鉴资料,火花环,589552,图鉴资料 /   五星火   / 火花环,1
destinychild,韩服,图鉴资料,火蝴蝶,586601,图鉴资料 /   五星火   / 火蝴蝶,1
destinychild,韩服,图鉴资料,小圆,581882,图鉴资料 /   五星火   / 小圆,1
destinychild,韩服,图鉴资料,奈德,579762,图鉴资料 /   五星火   / 奈德,1
destinychild,韩服,图鉴资料,凤凰男,168726,图鉴资料 /   五星火   / 凤凰男,1
destinychild,韩服,图鉴资料,索尔,168725,图鉴资料 /   五星火   / 索尔,1
destinychild,韩服,图鉴资料,仙姑,166776,图鉴资料 /   五星火   / 仙姑,1
destinychild,韩服,图鉴资料,宝箱娘,159494,图鉴资料 /   五星火   / 宝箱娘,1
destinychild,韩服,图鉴资料,jojo,156760,图鉴资料 /   五星火   / jojo,1
destinychild,韩服,图鉴资料,粉毛,151155,图鉴资料 /   五星火   / 粉毛,1
destinychild,韩服,图鉴资料,狐狸,96268,图鉴资料 /   五星火   / 狐狸,1
destinychild,韩服,图鉴资料,假达比,93902,图鉴资料 /   五星火   / 假达比,1
destinychild,韩服,图鉴资料,红莲,89802,图鉴资料 /   五星火   / 红莲,1
destinychild,韩服,图鉴资料,地狱犬,87911,图鉴资料 /   五星火   / 地狱犬,1
destinychild,韩服,图鉴资料,烟鬼,83946,图鉴资料 /   五星火   / 烟鬼,1
destinychild,韩服,图鉴资料,老八,78333,图鉴资料 /   五星火   / 老八,1
destinychild,韩服,图鉴资料,金刚狼,73732,图鉴资料 /   五星火   / 金刚狼,1
destinychild,韩服,图鉴资料,对眼,71707,图鉴资料 /   五星火   / 对眼,1
destinychild,韩服,图鉴资料,火击剑,70435,图鉴资料 /   五星火   / 火击剑,1
destinychild,韩服,图鉴资料,火花篮,69382,图鉴资料 /   五星火   / 火花篮,1
destinychild,韩服,图鉴资料,火千叶,68065,图鉴资料 /   五星火   / 火千叶,1
destinychild,韩服,图鉴资料,蛇杖,63862,图鉴资料 /   五星火   / 蛇杖,1
destinychild,韩服,图鉴资料,圣剑,61210,图鉴资料 /   五星火   / 圣剑,1
destinychild,韩服,图鉴资料,雷芳,57180,图鉴资料 /   五星火   / 雷芳,1
destinychild,韩服,图鉴资料,黑皮奶,52620,图鉴资料 /   五星火   / 黑皮奶,1
destinychild,韩服,图鉴资料,花剑,50567,图鉴资料 /   五星火   / 花剑,1
destinychild,韩服,图鉴资料,吕布,50573,图鉴资料 /   五星火   / 吕布,1
destinychild,韩服,图鉴资料,火相机,50591,图鉴资料 /   五星火   / 火相机,1
destinychild,韩服,图鉴资料,乐达,50631,图鉴资料 /   五星火   / 乐达,1
destinychild,韩服,图鉴资料,千叶,50856,图鉴资料 /   五星火   / 千叶,1
destinychild,韩服,图鉴资料,火槌奶,50855,图鉴资料 /   五星火   / 火槌奶,1
destinychild,韩服,图鉴资料,火凯,50679,图鉴资料 /   五星火   / 火凯,1
destinychild,韩服,图鉴资料,魔龙,50678,图鉴资料 /   五星火   / 魔龙,1
destinychild,韩服,图鉴资料,九尾,50677,图鉴资料 /   五星火   / 九尾,1
destinychild,韩服,图鉴资料,剪刀妹,50676,图鉴资料 /   五星火   / 剪刀妹,1
destinychild,韩服,图鉴资料,魔女,50675,图鉴资料 /   五星火   / 魔女,1
destinychild,韩服,图鉴资料,该隐,50674,图鉴资料 /   五星火   / 该隐,1
destinychild,韩服,图鉴资料,甜甜圈,50673,图鉴资料 /   五星火   / 甜甜圈,1
destinychild,韩服,图鉴资料,沙狐,50672,图鉴资料 /   五星火   / 沙狐,1
destinychild,韩服,图鉴资料,火弓,50671,图鉴资料 /   五星火   / 火弓,1
destinychild,韩服,图鉴资料,火教皇,50670,图鉴资料 /   五星火   / 火教皇,1
destinychild,韩服,图鉴资料,火伞,50669,图鉴资料 /   五星火   / 火伞,1
destinychild,韩服,图鉴资料,圣诞乐达,50668,图鉴资料 /   五星火   / 圣诞乐达,1
destinychild,韩服,图鉴资料,穗香,50667,图鉴资料 /   五星火   / 穗香,1
destinychild,韩服,图鉴资料,火伊芙,50666,图鉴资料 /   五星火   / 火伊芙,1
destinychild,韩服,图鉴资料,火镰刀,50665,图鉴资料 /   五星火   / 火镰刀,1
destinychild,韩服,图鉴资料,南瓜妹,151537,图鉴资料 /   五星火   / 南瓜妹,1
destinychild,韩服,图鉴资料,火达菲,50663,图鉴资料 /   五星火   / 火达菲,1
destinychild,韩服,图鉴资料,火狗,50662,图鉴资料 /   五星火   / 火狗,1
destinychild,韩服,图鉴资料,火莫娜,50661,图鉴资料 /   五星火   / 火莫娜,1
destinychild,韩服,图鉴资料,火仓鼠,50660,图鉴资料 /   五星火   / 火仓鼠,1
destinychild,韩服,图鉴资料,血石娘,50659,图鉴资料 /   五星火   / 血石娘,1
destinychild,韩服,图鉴资料,火护士,50658,图鉴资料 /   五星火   / 火护士,1
destinychild,韩服,图鉴资料,火兔子,50624,图鉴资料 /   五星火   / 火兔子,1
destinychild,韩服,图鉴资料,草莓,50602,图鉴资料 /   五星火   / 草莓,1
destinychild,韩服,图鉴资料,火管家,50600,图鉴资料 /   五星火   / 火管家,1
destinychild,韩服,图鉴资料,摩根,50118,图鉴资料 /   五星火   / 摩根,1
destinychild,韩服,图鉴资料,萨拉丁,50111,图鉴资料 /   五星火   / 萨拉丁,1
destinychild,韩服,图鉴资料,火南瓜,50107,图鉴资料 /   五星火   / 火南瓜,1
destinychild,韩服,图鉴资料,泡泡枪,50055,图鉴资料 /   五星火   / 泡泡枪,1
destinychild,韩服,图鉴资料,火呆毛,50034,图鉴资料 /   五星火   / 火呆毛,1
destinychild,韩服,图鉴资料,火奶,50017,图鉴资料 /   五星火   / 火奶,1
destinychild,韩服,图鉴资料,火骷髅,50007,图鉴资料 /   五星火   / 火骷髅,1
destinychild,韩服,图鉴资料,提箱,50005,图鉴资料 /   五星火   / 提箱,1
destinychild,韩服,图鉴资料,火背包,49972,图鉴资料 /   五星火   / 火背包,1
destinychild,韩服,图鉴资料,绷带,595171,图鉴资料 /   五星木   / 绷带,1
destinychild,韩服,图鉴资料,木魔女,591179,图鉴资料 /   五星木   / 木魔女,1
destinychild,韩服,图鉴资料,机娘,586600,图鉴资料 /   五星木   / 机娘,1
destinychild,韩服,图鉴资料,贪婪鬼,577404,图鉴资料 /   五星木   / 贪婪鬼,1
destinychild,韩服,图鉴资料,妲努,170966,图鉴资料 /   五星木   / 妲努,1
destinychild,韩服,图鉴资料,木修女,164723,图鉴资料 /   五星木   / 木修女,1
destinychild,韩服,图鉴资料,木猫猫,162132,图鉴资料 /   五星木   / 木猫猫,1
destinychild,韩服,图鉴资料,西瓜盾,159492,图鉴资料 /   五星木   / 西瓜盾,1
destinychild,韩服,图鉴资料,船长,159491,图鉴资料 /   五星木   / 船长,1
destinychild,韩服,图鉴资料,木祭师,151153,图鉴资料 /   五星木   / 木祭师,1
destinychild,韩服,图鉴资料,拉妮,96267,图鉴资料 /   五星木   / 拉妮,1
destinychild,韩服,图鉴资料,PPT,94871,图鉴资料 /   五星木   / PPT,1
destinychild,韩服,图鉴资料,格里拉,94872,图鉴资料 /   五星木   / 格里拉,1
destinychild,韩服,图鉴资料,萨拉修,90678,图鉴资料 /   五星木   / 萨拉修,1
destinychild,韩服,图鉴资料,轮滑,89347,图鉴资料 /   五星木   / 轮滑,1
destinychild,韩服,图鉴资料,木枪,87910,图鉴资料 /   五星木   / 木枪,1
destinychild,韩服,图鉴资料,吸血鬼,83945,图鉴资料 /   五星木   / 吸血鬼,1
destinychild,韩服,图鉴资料,脚臭猫,76465,图鉴资料 /   五星木   / 脚臭猫,1
destinychild,韩服,图鉴资料,滑板,74438,图鉴资料 /   五星木   / 滑板,1
destinychild,韩服,图鉴资料,尤娜,72733,图鉴资料 /   五星木   / 尤娜,1
destinychild,韩服,图鉴资料,木巧克力,69381,图鉴资料 /   五星木   / 木巧克力,1
destinychild,韩服,图鉴资料,木金星,66541,图鉴资料 /   五星木   / 木金星,1
destinychild,韩服,图鉴资料,木莫娜,62474,图鉴资料 /   五星木   / 木莫娜,1
destinychild,韩服,图鉴资料,大队长,61211,图鉴资料 /   五星木   / 大队长,1
destinychild,韩服,图鉴资料,金币娘,58473,图鉴资料 /   五星木   / 金币娘,1
destinychild,韩服,图鉴资料,绫音,57178,图鉴资料 /   五星木   / 绫音,1
destinychild,韩服,图鉴资料,小女友,54460,图鉴资料 /   五星木   / 小女友,1
destinychild,韩服,图鉴资料,基佬,50595,图鉴资料 /   五星木   / 基佬,1
destinychild,韩服,图鉴资料,罗宾,50599,图鉴资料 /   五星木   / 罗宾,1
destinychild,韩服,图鉴资料,木吉他,50604,图鉴资料 /   五星木   / 木吉他,1
destinychild,韩服,图鉴资料,木偶,50608,图鉴资料 /   五星木   / 木偶,1
destinychild,韩服,图鉴资料,白猫,50626,图鉴资料 /   五星木   / 白猫,1
destinychild,韩服,图鉴资料,大木奶,51431,图鉴资料 /   五星木   / 大木奶,1
destinychild,韩服,图鉴资料,木凯,51423,图鉴资料 /   五星木   / 木凯,1
destinychild,韩服,图鉴资料,黑猫,51433,图鉴资料 /   五星木   / 黑猫,1
destinychild,韩服,图鉴资料,咪咪,51430,图鉴资料 /   五星木   / 咪咪,1
destinychild,韩服,图鉴资料,木糖猫,51417,图鉴资料 /   五星木   / 木糖猫,1
destinychild,韩服,图鉴资料,相机,51403,图鉴资料 /   五星木   / 相机,1
destinychild,韩服,图鉴资料,藪貓,51413,图鉴资料 /   五星木   / 藪貓,1
destinychild,韩服,图鉴资料,路茵,51459,图鉴资料 /   五星木   / 路茵,1
destinychild,韩服,图鉴资料,羊妹,51419,图鉴资料 /   五星木   / 羊妹,1
destinychild,韩服,图鉴资料,罗斯,50980,图鉴资料 /   五星木   / 罗斯,1
destinychild,韩服,图鉴资料,木南瓜,51429,图鉴资料 /   五星木   / 木南瓜,1
destinychild,韩服,图鉴资料,木丽莎,51398,图鉴资料 /   五星木   / 木丽莎,1
destinychild,韩服,图鉴资料,木双刃,51408,图鉴资料 /   五星木   / 木双刃,1
destinychild,韩服,图鉴资料,木娥,51406,图鉴资料 /   五星木   / 木娥,1
destinychild,韩服,图鉴资料,妮可,50623,图鉴资料 /   五星木   / 妮可,1
destinychild,韩服,图鉴资料,嘉米,50596,图鉴资料 /   五星木   / 嘉米,1
destinychild,韩服,图鉴资料,木伞,50590,图鉴资料 /   五星木   / 木伞,1
destinychild,韩服,图鉴资料,木槌,50116,图鉴资料 /   五星木   / 木槌,1
destinychild,韩服,图鉴资料,莫娜,50584,图鉴资料 /   五星木   / 莫娜,1
destinychild,韩服,图鉴资料,木炮,50112,图鉴资料 /   五星木   / 木炮,1
destinychild,韩服,图鉴资料,木毒奶,50572,图鉴资料 /   五星木   / 木毒奶,1
destinychild,韩服,图鉴资料,仓鼠,50302,图鉴资料 /   五星木   / 仓鼠,1
destinychild,韩服,图鉴资料,克兰普斯,50109,图鉴资料 /   五星木   / 克兰普斯,1
destinychild,韩服,图鉴资料,木基佬,50088,图鉴资料 /   五星木   / 木基佬,1
destinychild,韩服,图鉴资料,小木乃,50041,图鉴资料 /   五星木   / 小木乃,1
destinychild,韩服,图鉴资料,猪皇,50030,图鉴资料 /   五星木   / 猪皇,1
destinychild,韩服,图鉴资料,高达,50029,图鉴资料 /   五星木   / 高达,1
destinychild,韩服,图鉴资料,美国妹,50020,图鉴资料 /   五星木   / 美国妹,1
destinychild,韩服,图鉴资料,木背包,50071,图鉴资料 /   五星木   / 木背包,1
destinychild,韩服,图鉴资料,琵琶,49966,图鉴资料 /   五星木   / 琵琶,1
destinychild,韩服,图鉴资料,忍者龟,595172,图鉴资料 / 五星水 / 忍者龟,1
destinychild,韩服,图鉴资料,金钱猫,589553,图鉴资料 / 五星水 / 金钱猫,1
destinychild,韩服,图鉴资料,水猫猫,584505,图鉴资料 / 五星水 / 水猫猫,1
destinychild,韩服,图鉴资料,薄荷,581883,图鉴资料 / 五星水 / 薄荷,1
destinychild,韩服,图鉴资料,水AI,577405,图鉴资料 / 五星水 / 水AI,1
destinychild,韩服,图鉴资料,青钢刀,168728,图鉴资料 / 五星水 / 青钢刀,1
destinychild,韩服,图鉴资料,拉姆,168727,图鉴资料 / 五星水 / 拉姆,1
destinychild,韩服,图鉴资料,梦神,164724,图鉴资料 / 五星水 / 梦神,1
destinychild,韩服,图鉴资料,章鱼,155234,图鉴资料 / 五星水 / 章鱼,1
destinychild,韩服,图鉴资料,水忍,152965,图鉴资料 / 五星水 / 水忍,1
destinychild,韩服,图鉴资料,水妮可,94870,图鉴资料 / 五星水 / 水妮可,1
destinychild,韩服,图鉴资料,水牛,93903,图鉴资料 / 五星水 / 水牛,1
destinychild,韩服,图鉴资料,师妹,90677,图鉴资料 / 五星水 / 师妹,1
destinychild,韩服,图鉴资料,蔷薇,89803,图鉴资料 / 五星水 / 蔷薇,1
destinychild,韩服,图鉴资料,水伞,85356,图鉴资料 / 五星水 / 水伞,1
destinychild,韩服,图鉴资料,杜鹃,78334,图鉴资料 / 五星水 / 杜鹃,1
destinychild,韩服,图鉴资料,独角兽,74437,图鉴资料 / 五星水 / 独角兽,1
destinychild,韩服,图鉴资料,水机车,72734,图鉴资料 / 五星水 / 水机车,1
destinychild,韩服,图鉴资料,肥宅,71709,图鉴资料 / 五星水 / 肥宅,1
destinychild,韩服,图鉴资料,海王星,66542,图鉴资料 / 五星水 / 海王星,1
destinychild,韩服,图鉴资料,水罗汉,63863,图鉴资料 / 五星水 / 水罗汉,1
destinychild,韩服,图鉴资料,水白切,54458,图鉴资料 / 五星水 / 水白切,1
destinychild,韩服,图鉴资料,卡卡,52621,图鉴资料 / 五星水 / 卡卡,1
destinychild,韩服,图鉴资料,鲸妈,50562,图鉴资料 / 五星水 / 鲸妈,1
destinychild,韩服,图鉴资料,水星,50566,图鉴资料 / 五星水 / 水星,1
destinychild,韩服,图鉴资料,水罗刹,50571,图鉴资料 / 五星水 / 水罗刹,1
destinychild,韩服,图鉴资料,手铐,50583,图鉴资料 / 五星水 / 手铐,1
destinychild,韩服,图鉴资料,巧克力,50605,图鉴资料 / 五星水 / 巧克力,1
destinychild,韩服,图鉴资料,牛仔,50622,图鉴资料 / 五星水 / 牛仔,1
destinychild,韩服,图鉴资料,水黑猫,50629,图鉴资料 / 五星水 / 水黑猫,1
destinychild,韩服,图鉴资料,虎牙,50880,图鉴资料 / 五星水 / 虎牙,1
destinychild,韩服,图鉴资料,水狙,50879,图鉴资料 / 五星水 / 水狙,1
destinychild,韩服,图鉴资料,青钢影,50878,图鉴资料 / 五星水 / 青钢影,1
destinychild,韩服,图鉴资料,琳,50877,图鉴资料 / 五星水 / 琳,1
destinychild,韩服,图鉴资料,蛾子,50876,图鉴资料 / 五星水 / 蛾子,1
destinychild,韩服,图鉴资料,菩萨,50875,图鉴资料 / 五星水 / 菩萨,1
destinychild,韩服,图鉴资料,比利,50874,图鉴资料 / 五星水 / 比利,1
destinychild,韩服,图鉴资料,诺艾尔,50873,图鉴资料 / 五星水 / 诺艾尔,1
destinychild,韩服,图鉴资料,马科托,50872,图鉴资料 / 五星水 / 马科托,1
destinychild,韩服,图鉴资料,伪娘,50871,图鉴资料 / 五星水 / 伪娘,1
destinychild,韩服,图鉴资料,莎乐美,50870,图鉴资料 / 五星水 / 莎乐美,1
destinychild,韩服,图鉴资料,浣熊,50869,图鉴资料 / 五星水 / 浣熊,1
destinychild,韩服,图鉴资料,呱呱,50868,图鉴资料 / 五星水 / 呱呱,1
destinychild,韩服,图鉴资料,公主初音,50867,图鉴资料 / 五星水 / 公主初音,1
destinychild,韩服,图鉴资料,霞,50866,图鉴资料 / 五星水 / 霞,1
destinychild,韩服,图鉴资料,水达菲,50865,图鉴资料 / 五星水 / 水达菲,1
destinychild,韩服,图鉴资料,水护士,50864,图鉴资料 / 五星水 / 水护士,1
destinychild,韩服,图鉴资料,水丽莎,50863,图鉴资料 / 五星水 / 水丽莎,1
destinychild,韩服,图鉴资料,雪初音,50862,图鉴资料 / 五星水 / 雪初音,1
destinychild,韩服,图鉴资料,初音未来,50861,图鉴资料 / 五星水 / 初音未来,1
destinychild,韩服,图鉴资料,狗哥,50617,图鉴资料 / 五星水 / 狗哥,1
destinychild,韩服,图鉴资料,水土星,50606,图鉴资料 / 五星水 / 水土星,1
destinychild,韩服,图鉴资料,海葵,50598,图鉴资料 / 五星水 / 海葵,1
destinychild,韩服,图鉴资料,春丽,50117,图鉴资料 / 五星水 / 春丽,1
destinychild,韩服,图鉴资料,排球,50593,图鉴资料 / 五星水 / 排球,1
destinychild,韩服,图鉴资料,水皇冠,50582,图鉴资料 / 五星水 / 水皇冠,1
destinychild,韩服,图鉴资料,巴里,50113,图鉴资料 / 五星水 / 巴里,1
destinychild,韩服,图鉴资料,柳妹,50580,图鉴资料 / 五星水 / 柳妹,1
destinychild,韩服,图鉴资料,鲤鱼,50570,图鉴资料 / 五星水 / 鲤鱼,1
destinychild,韩服,图鉴资料,水基佬,50273,图鉴资料 / 五星水 / 水基佬,1
destinychild,韩服,图鉴资料,水胖次,50270,图鉴资料 / 五星水 / 水胖次,1
destinychild,韩服,图鉴资料,伊芙,50101,图鉴资料 / 五星水 / 伊芙,1
destinychild,韩服,图鉴资料,嫦娥,50052,图鉴资料 / 五星水 / 嫦娥,1
destinychild,韩服,图鉴资料,人鱼,50051,图鉴资料 / 五星水 / 人鱼,1
destinychild,韩服,图鉴资料,水枪,50033,图鉴资料 / 五星水 / 水枪,1
destinychild,韩服,图鉴资料,吴亦凡,50025,图鉴资料 / 五星水 / 吴亦凡,1
destinychild,韩服,图鉴资料,沉默龙,50008,图鉴资料 / 五星水 / 沉默龙,1
destinychild,韩服,图鉴资料,小丑鱼,49996,图鉴资料 / 五星水 / 小丑鱼,1
destinychild,韩服,图鉴资料,水老头,49942,图鉴资料 / 五星水 / 水老头,1
destinychild,韩服,图鉴资料,不公平的奥卡希奥,63483,图鉴资料 / 四星光 / 不公平的奥卡希奥,1
destinychild,韩服,图鉴资料,审判哥莫拉,63522,图鉴资料 / 四星光 / 审判哥莫拉,1
destinychild,韩服,图鉴资料,唱歌的巴斯特,63523,图鉴资料 / 四星光 / 唱歌的巴斯特,1
destinychild,韩服,图鉴资料,漂流的倪博拉,63524,图鉴资料 / 四星光 / 漂流的倪博拉,1
destinychild,韩服,图鉴资料,异界的默林,63525,图鉴资料 / 四星光 / 异界的默林,1
destinychild,韩服,图鉴资料,明镜的比特莱斯,63526,图鉴资料 / 四星光 / 明镜的比特莱斯,1
destinychild,韩服,图鉴资料,决战的提塔尼亚,63616,图鉴资料 / 四星光 / 决战的提塔尼亚,1
destinychild,韩服,图鉴资料,流浪的少女侦探,63617,图鉴资料 / 四星光 / 流浪的少女侦探,1
destinychild,韩服,图鉴资料,剑客普利卡,63618,图鉴资料 / 四星光 / 剑客普利卡,1
destinychild,韩服,图鉴资料,花园的波莫纳,63619,图鉴资料 / 四星光 / 花园的波莫纳,1
destinychild,韩服,图鉴资料,娴熟的卡尔克斯,63620,图鉴资料 / 四星光 / 娴熟的卡尔克斯,1
destinychild,韩服,图鉴资料,开心欧若拉,63635,图鉴资料 / 四星光 / 开心欧若拉,1
destinychild,韩服,图鉴资料,斗志赫尔克里士,63636,图鉴资料 / 四星光 / 斗志赫尔克里士,1
destinychild,韩服,图鉴资料,蛮干的赫尔莫德,63637,图鉴资料 / 四星光 / 蛮干的赫尔莫德,1
destinychild,韩服,图鉴资料,舒服的伊丝塔,63638,图鉴资料 / 四星光 / 舒服的伊丝塔,1
destinychild,韩服,图鉴资料,成功的勒达,63739,图鉴资料 / 四星光 / 成功的勒达,1
destinychild,韩服,图鉴资料,绽放的埃拉多,63740,图鉴资料 / 四星光 / 绽放的埃拉多,1
destinychild,韩服,图鉴资料,莫里尤,57121,图鉴资料 / 四星暗 / 莫里尤,1
destinychild,韩服,图鉴资料,小丑,51941,图鉴资料 / 四星暗 / 小丑,1
destinychild,韩服,图鉴资料,吉他,51794,图鉴资料 / 四星暗 / 吉他,1
destinychild,韩服,图鉴资料,黑暗古妮尔,63484,图鉴资料 / 四星暗 / 黑暗古妮尔,1
destinychild,韩服,图鉴资料,夜之庆典提丰,63485,图鉴资料 / 四星暗 / 夜之庆典提丰,1
destinychild,韩服,图鉴资料,混沌的锡德拉,63486,图鉴资料 / 四星暗 / 混沌的锡德拉,1
destinychild,韩服,图鉴资料,做梦的安努恩,63487,图鉴资料 / 四星暗 / 做梦的安努恩,1
destinychild,韩服,图鉴资料,敬爱的比艾塔斯,63488,图鉴资料 / 四星暗 / 敬爱的比艾塔斯,1
destinychild,韩服,图鉴资料,沉默的仄洛斯,63529,图鉴资料 / 四星暗 / 沉默的仄洛斯,1
destinychild,韩服,图鉴资料,爱慕的涅班,63612,图鉴资料 / 四星暗 / 爱慕的涅班,1
destinychild,韩服,图鉴资料,小公主希栢利,63613,图鉴资料 / 四星暗 / 小公主希栢利,1
destinychild,韩服,图鉴资料,做梦的阿提密斯,63621,图鉴资料 / 四星暗 / 做梦的阿提密斯,1
destinychild,韩服,图鉴资料,黎明普洛塞庇娜,63622,图鉴资料 / 四星暗 / 黎明普洛塞庇娜,1
destinychild,韩服,图鉴资料,自以为是的艾迪沙,63736,图鉴资料 / 四星暗 / 自以为是的艾迪沙,1
destinychild,韩服,图鉴资料,凌晨的断头台,63737,图鉴资料 / 四星暗 / 凌晨的断头台,1
destinychild,韩服,图鉴资料,古老的剥制,63738,图鉴资料 / 四星暗 / 古老的剥制,1
destinychild,韩服,图鉴资料,艾尔托拉,61572,图鉴资料 / 四星火 / 艾尔托拉,1
destinychild,韩服,图鉴资料,塔利亚,61073,图鉴资料 / 四星火 / 塔利亚,1
destinychild,韩服,图鉴资料,鲁道夫,51942,图鉴资料 / 四星火 / 鲁道夫,1
destinychild,韩服,图鉴资料,赛车手达菲,63479,图鉴资料 / 四星火 / 赛车手达菲,1
destinychild,韩服,图鉴资料,唱歌的艾克,63480,图鉴资料 / 四星火 / 唱歌的艾克,1
destinychild,韩服,图鉴资料,执着的弗林斯,63481,图鉴资料 / 四星火 / 执着的弗林斯,1
destinychild,韩服,图鉴资料,堕落的生物,63482,图鉴资料 / 四星火 / 堕落的生物,1
destinychild,韩服,图鉴资料,寂静仙女,63528,图鉴资料 / 四星火 / 寂静仙女,1
destinychild,韩服,图鉴资料,战场内德,63611,图鉴资料 / 四星火 / 战场内德,1
destinychild,韩服,图鉴资料,沉默九头蛇,63614,图鉴资料 / 四星火 / 沉默九头蛇,1
destinychild,韩服,图鉴资料,闪亮的优娜,63615,图鉴资料 / 四星火 / 闪亮的优娜,1
destinychild,韩服,图鉴资料,幻想达芙妮,63623,图鉴资料 / 四星火 / 幻想达芙妮,1
destinychild,韩服,图鉴资料,内心的普利吉娅,63641,图鉴资料 / 四星火 / 内心的普利吉娅,1
destinychild,韩服,图鉴资料,危险的普普普勒多娜,63741,图鉴资料 / 四星火 / 危险的普普普勒多娜,1
destinychild,韩服,图鉴资料,士兵亥图勒,63742,图鉴资料 / 四星火 / 士兵亥图勒,1
destinychild,韩服,图鉴资料,束缚球女士,63743,图鉴资料 / 四星火 / 束缚球女士,1
destinychild,韩服,图鉴资料,探索的芬里尔,63744,图鉴资料 / 四星火 / 探索的芬里尔,1
destinychild,韩服,图鉴资料,帽子戏法,63491,图鉴资料 / 四星木 / 帽子戏法,1
destinychild,韩服,图鉴资料,安可,63476,图鉴资料 / 四星木 / 安可,1
destinychild,韩服,图鉴资料,阿卡莫伦,63472,图鉴资料 / 四星木 / 阿卡莫伦,1
destinychild,韩服,图鉴资料,特里斯丹,63416,图鉴资料 / 四星木 / 特里斯丹,1
destinychild,韩服,图鉴资料,塞勒涅,63411,图鉴资料 / 四星木 / 塞勒涅,1
destinychild,韩服,图鉴资料,奥德修斯,63410,图鉴资料 / 四星木 / 奥德修斯,1
destinychild,韩服,图鉴资料,欧罗巴,63408,图鉴资料 / 四星木 / 欧罗巴,1
destinychild,韩服,图鉴资料,提西波涅,63127,图鉴资料 / 四星木 / 提西波涅,1
destinychild,韩服,图鉴资料,可拉,63123,图鉴资料 / 四星木 / 可拉,1
destinychild,韩服,图鉴资料,阿穆尔,62808,图鉴资料 / 四星木 / 阿穆尔,1
destinychild,韩服,图鉴资料,芙劳拉,61046,图鉴资料 / 四星木 / 芙劳拉,1
destinychild,韩服,图鉴资料,安博露西亚,57118,图鉴资料 / 四星木 / 安博露西亚,1
destinychild,韩服,图鉴资料,寂静红鼻子,63527,图鉴资料 / 四星木 / 寂静红鼻子,1
destinychild,韩服,图鉴资料,夜晚的缪斯,63640,图鉴资料 / 四星木 / 夜晚的缪斯,1
destinychild,韩服,图鉴资料,玛雅维尔,62790,图鉴资料 / 四星水 / 玛雅维尔,1
destinychild,韩服,图鉴资料,多特,62783,图鉴资料 / 四星水 / 多特,1
destinychild,韩服,图鉴资料,伊西丝,62777,图鉴资料 / 四星水 / 伊西丝,1
destinychild,韩服,图鉴资料,达奴,61377,图鉴资料 / 四星水 / 达奴,1
destinychild,韩服,图鉴资料,莎拉,61230,图鉴资料 / 四星水 / 莎拉,1
destinychild,韩服,图鉴资料,由衣,61222,图鉴资料 / 四星水 / 由衣,1
destinychild,韩服,图鉴资料,赫柏,61201,图鉴资料 / 四星水 / 赫柏,1
destinychild,韩服,图鉴资料,艾丽希恩,61195,图鉴资料 / 四星水 / 艾丽希恩,1
destinychild,韩服,图鉴资料,苏内特,61027,图鉴资料 / 四星水 / 苏内特,1
destinychild,韩服,图鉴资料,奇里诺斯,61019,图鉴资料 / 四星水 / 奇里诺斯,1
destinychild,韩服,图鉴资料,扫把,51793,图鉴资料 / 四星水 / 扫把,1
destinychild,韩服,图鉴资料,战狂阿尔格斯,63639,图鉴资料 / 四星水 / 战狂阿尔格斯,1
destinychild,韩服,图鉴资料,梦境万圣节,63745,图鉴资料 / 四星水 / 梦境万圣节,1
destinychild,韩服,图鉴资料,达菲,51773,图鉴资料 / 有价值的三星 / 达菲,1
destinychild,韩服,图鉴资料,魔龙,52738,图鉴资料 / 有价值的三星 / 魔龙,1
destinychild,韩服,图鉴资料,安瓿,82435,图鉴资料 / 有价值的三星 / 安瓿,1
destinychild,韩服,图鉴资料,提柯,82436,图鉴资料 / 有价值的三星 / 提柯,1
destinychild,韩服,图鉴资料,復仇的火女,82438,图鉴资料 / 有价值的三星 / 復仇的火女,1
destinychild,韩服,图鉴资料,赫兹,82442,图鉴资料 / 有价值的三星 / 赫兹,1
destinychild,韩服,图鉴资料,木基佬,51792,图鉴资料 / 有价值的三星 / 木基佬,1
destinychild,韩服,图鉴资料,芙蕾雅,82439,图鉴资料 / 有价值的三星 / 芙蕾雅,1
destinychild,韩服,图鉴资料,毛球,82441,图鉴资料 / 有价值的三星 / 毛球,1
destinychild,韩服,图鉴资料,莫娜,82350,图鉴资料 / 有价值的三星 / 莫娜,1
destinychild,韩服,图鉴资料,漆黑的注视者,82351,图鉴资料 / 有价值的三星 / 漆黑的注视者,1
destinychild,韩服,图鉴资料,传达者,82352,图鉴资料 / 有价值的三星 / 传达者,1
destinychild,韩服,图鉴资料,布莱梅,82353,图鉴资料 / 有价值的三星 / 布莱梅,1
destinychild,韩服,图鉴资料,雅娜,82355,图鉴资料 / 有价值的三星 / 雅娜,1
destinychild,韩服,图鉴资料,丽萨,154823,图鉴资料 / 有价值的三星 / 丽萨,1
destinychild,韩服,图鉴资料,黑卡蒂,154831,图鉴资料 / 有价值的三星 / 黑卡蒂,1
destinychild,韩服,图鉴资料,卡索莉,154832,图鉴资料 / 有价值的三星 / 卡索莉,1
destinychild,韩服,图鉴资料,一个炎热的夏日,595227,图鉴资料 / 魂卡图鉴 / 一个炎热的夏日,1
destinychild,韩服,图鉴资料,坐在阳伞下,593156,图鉴资料 / 魂卡图鉴 / 坐在阳伞下,1
destinychild,韩服,图鉴资料,女神再临,593002,图鉴资料 / 魂卡图鉴 / 女神再临,1
destinychild,韩服,图鉴资料,一起散步吧,591303,图鉴资料 / 魂卡图鉴 / 一起散步吧,1
destinychild,韩服,图鉴资料,夕阳下的枪口,589631,图鉴资料 / 魂卡图鉴 / 夕阳下的枪口,1
destinychild,韩服,图鉴资料,困境中艺术家的眼眸,587016,图鉴资料 / 魂卡图鉴 / 困境中艺术家的眼眸,1
destinychild,韩服,图鉴资料,丽莎的特别辅导,584780,图鉴资料 / 魂卡图鉴 / 丽莎的特别辅导,1
destinychild,韩服,图鉴资料,甜蜜与间谍,582302,图鉴资料 / 魂卡图鉴 / 甜蜜与间谍,1
destinychild,韩服,图鉴资料,终焉之门,580150,图鉴资料 / 魂卡图鉴 / 终焉之门,1
destinychild,韩服,图鉴资料,妖精的祝福,577916,图鉴资料 / 魂卡图鉴 / 妖精的祝福,1
destinychild,韩服,图鉴资料,纯粹的光,577917,图鉴资料 / 魂卡图鉴 / 纯粹的光,1
destinychild,韩服,图鉴资料,达比们的晚餐,168969,图鉴资料 / 魂卡图鉴 / 达比们的晚餐,1
destinychild,韩服,图鉴资料,谈谈情跳跳舞,168968,图鉴资料 / 魂卡图鉴 / 谈谈情跳跳舞,1
destinychild,韩服,图鉴资料,最美的妆容,168967,图鉴资料 / 魂卡图鉴 / 最美的妆容,1
destinychild,韩服,图鉴资料,华丽的年终派对,168966,图鉴资料 / 魂卡图鉴 / 华丽的年终派对,1
destinychild,韩服,图鉴资料,夏日阳光下,168965,图鉴资料 / 魂卡图鉴 / 夏日阳光下,1
destinychild,韩服,图鉴资料,与珍贵的同僚们永远一起,168964,图鉴资料 / 魂卡图鉴 / 与珍贵的同僚们永远一起,1
destinychild,韩服,图鉴资料,意气风发的乱战斗士,168963,图鉴资料 / 魂卡图鉴 / 意气风发的乱战斗士,1
destinychild,韩服,图鉴资料,秘药完成,167072,图鉴资料 / 魂卡图鉴 / 秘药完成,1
destinychild,韩服,图鉴资料,海上水枪大战,165090,图鉴资料 / 魂卡图鉴 / 海上水枪大战,1
destinychild,韩服,图鉴资料,柑橘的诱惑,162571,图鉴资料 / 魂卡图鉴 / 柑橘的诱惑,1
destinychild,韩服,图鉴资料,向目标迈进一步,162569,图鉴资料 / 魂卡图鉴 / 向目标迈进一步,1
destinychild,韩服,图鉴资料,烈日下,162568,图鉴资料 / 魂卡图鉴 / 烈日下,1
destinychild,韩服,图鉴资料,耀眼的瞬间,160176,图鉴资料 / 魂卡图鉴 / 耀眼的瞬间,1
destinychild,韩服,图鉴资料,灿烂的笑容给你,160174,图鉴资料 / 魂卡图鉴 / 灿烂的笑容给你,1
destinychild,韩服,图鉴资料,沙滩排球比赛！,160175,图鉴资料 / 魂卡图鉴 / 沙滩排球比赛！,1
destinychild,韩服,图鉴资料,老板好球,157046,图鉴资料 / 魂卡图鉴 / 老板好球,1
destinychild,韩服,图鉴资料,忧虑时刻,155241,图鉴资料 / 魂卡图鉴 / 忧虑时刻,1
destinychild,韩服,图鉴资料,魔王的继承者,152966,图鉴资料 / 魂卡图鉴 / 魔王的继承者,1
destinychild,韩服,图鉴资料,致命甜点,97173,图鉴资料 / 魂卡图鉴 / 致命甜点,1
destinychild,韩服,图鉴资料,抓虎的狐狸,96764,图鉴资料 / 魂卡图鉴 / 抓虎的狐狸,1
destinychild,韩服,图鉴资料,血腥的下午茶,96765,图鉴资料 / 魂卡图鉴 / 血腥的下午茶,1
destinychild,韩服,图鉴资料,丽莎的台球实力是？,96269,图鉴资料 / 魂卡图鉴 / 丽莎的台球实力是？,1
destinychild,韩服,图鉴资料,心情转换,94882,图鉴资料 / 魂卡图鉴 / 心情转换,1
destinychild,韩服,图鉴资料,死亡凯布里,94886,图鉴资料 / 魂卡图鉴 / 死亡凯布里,1
destinychild,韩服,图鉴资料,女神出现,94884,图鉴资料 / 魂卡图鉴 / 女神出现,1
destinychild,韩服,图鉴资料,像火花一样灿烂,94883,图鉴资料 / 魂卡图鉴 / 像火花一样灿烂,1
destinychild,韩服,图鉴资料,礼物送达,94885,图鉴资料 / 魂卡图鉴 / 礼物送达,1
destinychild,韩服,图鉴资料,我们一起度过的冬天,93904,图鉴资料 / 魂卡图鉴 / 我们一起度过的冬天,1
destinychild,韩服,图鉴资料,悠闲的咖啡厅,92660,图鉴资料 / 魂卡图鉴 / 悠闲的咖啡厅,1
destinychild,韩服,图鉴资料,小魅魔的点心时间,159664,图鉴资料 / 魂卡图鉴 / 小魅魔的点心时间,1
destinychild,韩服,图鉴资料,女王的回忆,90688,图鉴资料 / 魂卡图鉴 / 女王的回忆,1
destinychild,韩服,图鉴资料,同伴的誓言,90686,图鉴资料 / 魂卡图鉴 / 同伴的誓言,1
destinychild,韩服,图鉴资料,要积累积分吗？,159685,图鉴资料 / 魂卡图鉴 / 要积累积分吗？,1
destinychild,韩服,图鉴资料,太阳的影子,90684,图鉴资料 / 魂卡图鉴 / 太阳的影子,1
destinychild,韩服,图鉴资料,邪恶的交战,90683,图鉴资料 / 魂卡图鉴 / 邪恶的交战,1
destinychild,韩服,图鉴资料,在无休止的战斗中,90682,图鉴资料 / 魂卡图鉴 / 在无休止的战斗中,1
destinychild,韩服,图鉴资料,炼狱与地狱的境界,90680,图鉴资料 / 魂卡图鉴 / 炼狱与地狱的境界,1
destinychild,韩服,图鉴资料,凯尔的万圣节,90681,图鉴资料 / 魂卡图鉴 / 凯尔的万圣节,1
destinychild,韩服,图鉴资料,头脑之战,90687,图鉴资料 / 魂卡图鉴 / 头脑之战,1
destinychild,韩服,图鉴资料,秋天枫叶的休息地,89351,图鉴资料 / 魂卡图鉴 / 秋天枫叶的休息地,1
destinychild,韩服,图鉴资料,如何享受夏天,86644,图鉴资料 / 魂卡图鉴 / 如何享受夏天,1
destinychild,韩服,图鉴资料,你准备好了吗？,83963,图鉴资料 / 魂卡图鉴 / 你准备好了吗？,1
destinychild,韩服,图鉴资料,来溪谷玩吧,82886,图鉴资料 / 魂卡图鉴 / 来溪谷玩吧,1
destinychild,韩服,图鉴资料,夜星空,81663,图鉴资料 / 魂卡图鉴 / 夜星空,1
destinychild,韩服,图鉴资料,不速之客,78344,图鉴资料 / 魂卡图鉴 / 不速之客,1
destinychild,韩服,图鉴资料,和平的羊群牧场,78343,图鉴资料 / 魂卡图鉴 / 和平的羊群牧场,1
destinychild,韩服,图鉴资料,灵魂罗曼史MT,77379,图鉴资料 / 魂卡图鉴 / 灵魂罗曼史MT,1
destinychild,韩服,图鉴资料,浪漫的婚纱,76466,图鉴资料 / 魂卡图鉴 / 浪漫的婚纱,1
destinychild,韩服,图鉴资料,苏醒的赛特,75403,图鉴资料 / 魂卡图鉴 / 苏醒的赛特,1
destinychild,韩服,图鉴资料,花之女王,75404,图鉴资料 / 魂卡图鉴 / 花之女王,1
destinychild,韩服,图鉴资料,春日海洋的漫步,74440,图鉴资料 / 魂卡图鉴 / 春日海洋的漫步,1
destinychild,韩服,图鉴资料,温暖春日,73734,图鉴资料 / 魂卡图鉴 / 温暖春日,1
destinychild,韩服,图鉴资料,安然入睡,72735,图鉴资料 / 魂卡图鉴 / 安然入睡,1
destinychild,韩服,图鉴资料,卡塔利奥的礼物,71710,图鉴资料 / 魂卡图鉴 / 卡塔利奥的礼物,1
destinychild,韩服,图鉴资料,卡塔尤诺的礼物,71711,图鉴资料 / 魂卡图鉴 / 卡塔尤诺的礼物,1
destinychild,韩服,图鉴资料,蒂瓦兹的礼物,69376,图鉴资料 / 魂卡图鉴 / 蒂瓦兹的礼物,1
destinychild,韩服,图鉴资料,满是失误的情人节,69378,图鉴资料 / 魂卡图鉴 / 满是失误的情人节,1
destinychild,韩服,图鉴资料,姐姐的怀抱,69377,图鉴资料 / 魂卡图鉴 / 姐姐的怀抱,1
destinychild,韩服,图鉴资料,接吻回应,68066,图鉴资料 / 魂卡图鉴 / 接吻回应,1
destinychild,韩服,图鉴资料,真心的歌声,66540,图鉴资料 / 魂卡图鉴 / 真心的歌声,1
destinychild,韩服,图鉴资料,为了我们的成功舞台,65302,图鉴资料 / 魂卡图鉴 / 为了我们的成功舞台,1
destinychild,韩服,图鉴资料,马斯的作曲实力是？,65301,图鉴资料 / 魂卡图鉴 / 马斯的作曲实力是？,1
destinychild,韩服,图鉴资料,米利亚姆的记忆,63884,图鉴资料 / 魂卡图鉴 / 米利亚姆的记忆,1
destinychild,韩服,图鉴资料,我们创造的世界,63883,图鉴资料 / 魂卡图鉴 / 我们创造的世界,1
destinychild,韩服,图鉴资料,到此为止醒来吧,61219,图鉴资料 / 魂卡图鉴 / 到此为止醒来吧,1
destinychild,韩服,图鉴资料,温暖的休息,61220,图鉴资料 / 魂卡图鉴 / 温暖的休息,1
destinychild,韩服,图鉴资料,失去的东西,60796,图鉴资料 / 魂卡图鉴 / 失去的东西,1
destinychild,韩服,图鉴资料,未知的心,60797,图鉴资料 / 魂卡图鉴 / 未知的心,1
destinychild,韩服,图鉴资料,长久等待的尽头,60798,图鉴资料 / 魂卡图鉴 / 长久等待的尽头,1
destinychild,韩服,图鉴资料,快请进,60799,图鉴资料 / 魂卡图鉴 / 快请进,1
destinychild,韩服,图鉴资料,五彩的沙滩,60782,图鉴资料 / 魂卡图鉴 / 五彩的沙滩,1
destinychild,韩服,图鉴资料,一起去戏水,50985,图鉴资料 / 魂卡图鉴 / 一起去戏水,1
destinychild,韩服,图鉴资料,奢华夏日,50986,图鉴资料 / 魂卡图鉴 / 奢华夏日,1
destinychild,韩服,图鉴资料,换泳装,50987,图鉴资料 / 魂卡图鉴 / 换泳装,1
destinychild,韩服,图鉴资料,湿漉漉的夏季,50988,图鉴资料 / 魂卡图鉴 / 湿漉漉的夏季,1
destinychild,韩服,图鉴资料,盛夏假期,50993,图鉴资料 / 魂卡图鉴 / 盛夏假期,1
destinychild,韩服,图鉴资料,奔向耀眼的波涛,50994,图鉴资料 / 魂卡图鉴 / 奔向耀眼的波涛,1
destinychild,韩服,图鉴资料,海滩美食节,50996,图鉴资料 / 魂卡图鉴 / 海滩美食节,1
destinychild,韩服,图鉴资料,露莎卡之心,50997,图鉴资料 / 魂卡图鉴 / 露莎卡之心,1
destinychild,韩服,图鉴资料,激情对决,51001,图鉴资料 / 魂卡图鉴 / 激情对决,1
destinychild,韩服,图鉴资料,我们的爱情…,51226,图鉴资料 / 魂卡图鉴 / 我们的爱情…,1
destinychild,韩服,图鉴资料,纯粹之恶,51232,图鉴资料 / 魂卡图鉴 / 纯粹之恶,1
destinychild,韩服,图鉴资料,祈祷少女,51233,图鉴资料 / 魂卡图鉴 / 祈祷少女,1
destinychild,韩服,图鉴资料,机械战争,51236,图鉴资料 / 魂卡图鉴 / 机械战争,1
destinychild,韩服,图鉴资料,你好 吾之爱,51243,图鉴资料 / 魂卡图鉴 / 你好 吾之爱,1
destinychild,韩服,图鉴资料,两颗心,51245,图鉴资料 / 魂卡图鉴 / 两颗心,1
destinychild,韩服,图鉴资料,美人降临,51246,图鉴资料 / 魂卡图鉴 / 美人降临,1
destinychild,韩服,图鉴资料,周年聚会,51247,图鉴资料 / 魂卡图鉴 / 周年聚会,1
destinychild,韩服,图鉴资料,夏娃之怒,51248,图鉴资料 / 魂卡图鉴 / 夏娃之怒,1
destinychild,韩服,图鉴资料,心是唯一,51254,图鉴资料 / 魂卡图鉴 / 心是唯一,1
destinychild,韩服,图鉴资料,秋夕的嬉戏,51256,图鉴资料 / 魂卡图鉴 / 秋夕的嬉戏,1
destinychild,韩服,图鉴资料,野狐奇谈,51409,图鉴资料 / 魂卡图鉴 / 野狐奇谈,1
destinychild,韩服,图鉴资料,疾风水之妖精,51410,图鉴资料 / 魂卡图鉴 / 疾风水之妖精,1
destinychild,韩服,图鉴资料,王子抱,51425,图鉴资料 / 魂卡图鉴 / 王子抱,1
destinychild,韩服,图鉴资料,那天的记忆,51426,图鉴资料 / 魂卡图鉴 / 那天的记忆,1
destinychild,韩服,图鉴资料,爱的永恒誓言,51427,图鉴资料 / 魂卡图鉴 / 爱的永恒誓言,1
destinychild,韩服,图鉴资料,夜间外出,51241,图鉴资料 / 魂卡图鉴 / 夜间外出,1
destinychild,韩服,图鉴资料,与你共享下午茶,51240,图鉴资料 / 魂卡图鉴 / 与你共享下午茶,1
destinychild,韩服,图鉴资料,迟到，迟到了！,51239,图鉴资料 / 魂卡图鉴 / 迟到，迟到了！,1
destinychild,韩服,图鉴资料,春季约会,51228,图鉴资料 / 魂卡图鉴 / 春季约会,1
destinychild,韩服,图鉴资料,甜蜜射击,51242,图鉴资料 / 魂卡图鉴 / 甜蜜射击,1
destinychild,韩服,图鉴资料,天才美少年的时间,51238,图鉴资料 / 魂卡图鉴 / 天才美少年的时间,1
destinychild,韩服,图鉴资料,美式冰咖啡,51428,图鉴资料 / 魂卡图鉴 / 美式冰咖啡,1
destinychild,韩服,图鉴资料,Welcome to America,51230,图鉴资料 / 魂卡图鉴 / Welcome to America,1
destinychild,韩服,图鉴资料,流浪的道士,51231,图鉴资料 / 魂卡图鉴 / 流浪的道士,1
destinychild,韩服,图鉴资料,劳累后的午睡时光,51229,图鉴资料 / 魂卡图鉴 / 劳累后的午睡时光,1
destinychild,韩服,图鉴资料,独家！午夜约会,51227,图鉴资料 / 魂卡图鉴 / 独家！午夜约会,1
destinychild,韩服,图鉴资料,心思一转,51218,图鉴资料 / 魂卡图鉴 / 心思一转,1
destinychild,韩服,图鉴资料,海边陷井的俘虏,51219,图鉴资料 / 魂卡图鉴 / 海边陷井的俘虏,1
destinychild,韩服,图鉴资料,深山里的陷阱,51220,图鉴资料 / 魂卡图鉴 / 深山里的陷阱,1
destinychild,韩服,图鉴资料,吸血鬼女士,50990,图鉴资料 / 魂卡图鉴 / 吸血鬼女士,1
destinychild,韩服,图鉴资料,甜栗子巧克力,50989,图鉴资料 / 魂卡图鉴 / 甜栗子巧克力,1
destinychild,韩服,图鉴资料,奇特花园,50983,图鉴资料 / 魂卡图鉴 / 奇特花园,1
destinychild,韩服,图鉴资料,深海的幽会,50982,图鉴资料 / 魂卡图鉴 / 深海的幽会,1
destinychild,韩服,图鉴资料,秘密颂歌,50981,图鉴资料 / 魂卡图鉴 / 秘密颂歌,1
destinychild,韩服,图鉴资料,像个恶魔般的坏人！,50977,图鉴资料 / 魂卡图鉴 / 像个恶魔般的坏人！,1
destinychild,韩服,图鉴资料,紫藤花的承诺,50976,图鉴资料 / 魂卡图鉴 / 紫藤花的承诺,1
destinychild,韩服,图鉴资料,Under the Sea,50975,图鉴资料 / 魂卡图鉴 / Under the Sea,1
destinychild,韩服,图鉴资料,午夜伙伴,50974,图鉴资料 / 魂卡图鉴 / 午夜伙伴,1
destinychild,韩服,图鉴资料,灰白的猎人,50970,图鉴资料 / 魂卡图鉴 / 灰白的猎人,1
destinychild,韩服,图鉴资料,微笑的力量,50969,图鉴资料 / 魂卡图鉴 / 微笑的力量,1
destinychild,韩服,图鉴资料,贯穿蓝天的自信,50968,图鉴资料 / 魂卡图鉴 / 贯穿蓝天的自信,1
destinychild,韩服,图鉴资料,宝蓝色的少女,50966,图鉴资料 / 魂卡图鉴 / 宝蓝色的少女,1
destinychild,韩服,图鉴资料,特别工作组,50971,图鉴资料 / 魂卡图鉴 / 特别工作组,1
destinychild,韩服,图鉴资料,和牧师一起,50951,图鉴资料 / 魂卡图鉴 / 和牧师一起,1
destinychild,韩服,图鉴资料,打扰一下...?,60784,图鉴资料 / 魂卡图鉴 / 打扰一下...?,1
destinychild,韩服,图鉴资料,慵懒的海边,60783,图鉴资料 / 魂卡图鉴 / 慵懒的海边,1
destinychild,韩服,图鉴资料,天使的微笑,51255,图鉴资料 / 魂卡图鉴 / 天使的微笑,1
destinychild,韩服,图鉴资料,双主,51411,图鉴资料 / 魂卡图鉴 / 双主,1
destinychild,韩服,图鉴资料,3位好朋友,51412,图鉴资料 / 魂卡图鉴 / 3位好朋友,1
destinychild,韩服,图鉴资料,神的梦想,51424,图鉴资料 / 魂卡图鉴 / 神的梦想,1
destinychild,韩服,图鉴资料,PPP On Stage,51222,图鉴资料 / 魂卡图鉴 / PPP On Stage,1
destinychild,韩服,图鉴资料,阳光普照的温泉,51221,图鉴资料 / 魂卡图鉴 / 阳光普照的温泉,1
destinychild,韩服,图鉴资料,给羔羊的祝福,50992,图鉴资料 / 魂卡图鉴 / 给羔羊的祝福,1
destinychild,韩服,图鉴资料,极限的修罗场,50991,图鉴资料 / 魂卡图鉴 / 极限的修罗场,1
destinychild,韩服,图鉴资料,绫音,50979,图鉴资料 / 魂卡图鉴 / 绫音,1
destinychild,韩服,图鉴资料,环,50978,图鉴资料 / 魂卡图鉴 / 环,1
dcj,日服,新手入门,萌新指北,162007,新手入门 / 游戏系统 / 萌新指北,1
dcj,日服,新手入门,天子用法,162282,新手入门 / 游戏系统 / 天子用法,1
dcj,日服,新手入门,天子培养,162310,新手入门 / 游戏系统 / 天子培养,1
dcj,日服,新手入门,从零pve,157439,新手入门 / 游戏系统 / 从零pve,1
dcj,日服,新手入门,魔界温泉,81175,新手入门 / 游戏系统 / 魔界温泉,1
dcj,日服,新手入门,RB模式详解,83817,新手入门 / 游戏系统 / RB模式详解,1
dcj,日服,新手入门,人偶星图新系统前瞻,92246,新手入门 / 游戏系统 / 人偶星图新系统前瞻,1
dcj,日服,新手入门,活动时间表,82521,新手入门 / 游戏系统 / 活动时间表,1
dcj,日服,新手入门,PVP DEBUFF科普,83714,新手入门 / 游戏系统 / PVP DEBUFF科普,1
dcj,日服,新手入门,WB入门,164153,新手入门 / 游戏系统 / WB入门,1
dcj,日服,新手入门,DMM开游事项,579099,新手入门 / 游戏系统 / DMM开游事项,1
dcj,日服,新手入门,RACE简介,584278,新手入门 / 游戏系统 / RACE简介,1
dcj,日服,新手入门,入坑攻略-初始选择,75602,新手入门 / 工具 / 入坑攻略-初始选择,1
dcj,日服,进阶讨论,个人节奏榜,154651,进阶讨论 / 攻略合集 / 个人节奏榜,1
dcj,日服,进阶讨论,魂卡推荐,82520,进阶讨论 / 攻略合集 / 魂卡推荐,1
dcj,日服,进阶讨论,魂卡节奏榜,84662,进阶讨论 / 攻略合集 / 魂卡节奏榜,1
dcj,日服,进阶讨论,人偶节奏榜,169725,进阶讨论 / 攻略合集 / 人偶节奏榜,1
dcj,日服,进阶讨论,点火推荐,81745,进阶讨论 / 攻略合集 / 点火推荐,1
dcj,日服,进阶讨论,还魂优先级,84657,进阶讨论 / 攻略合集 / 还魂优先级,1
dcj,日服,进阶讨论,点火石挑选,92312,进阶讨论 / 攻略合集 / 点火石挑选,1
dcj,日服,进阶讨论,6连刀点火石排名,82518,进阶讨论 / 攻略合集 / 6连刀点火石排名,1
dcj,日服,进阶讨论,百分比刀点火石排名,84808,进阶讨论 / 攻略合集 / 百分比刀点火石排名,1
dcj,日服,进阶讨论,无氪乱斗个人心得,82527,进阶讨论 / 攻略合集 / 无氪乱斗个人心得,1
dcj,日服,进阶讨论,附魔攻略,82522,进阶讨论 / 攻略合集 / 附魔攻略,1
dcj,日服,进阶讨论,暴击机制科普,91937,进阶讨论 / 攻略合集 / 暴击机制科普,1
dcj,日服,进阶讨论,百分比刀科普,91938,进阶讨论 / 攻略合集 / 百分比刀科普,1
dcj,日服,进阶讨论,减防机制与穿甲BUFF分析,91939,进阶讨论 / 攻略合集 / 减防机制与穿甲BUFF分析,1
dcj,日服,进阶讨论,伤害计算篇,165693,进阶讨论 / 攻略合集 / 伤害计算篇,1
dcj,日服,进阶讨论,BUFF与DEBUFF,578785,进阶讨论 / 攻略合集 / BUFF与DEBUFF,1
dcj,日服,进阶讨论,RB、RACE角色总表,170895,进阶讨论 / 攻略合集 / RB、RACE角色总表,1
dcj,日服,进阶讨论,RB、RACE通用魂卡,583797,进阶讨论 / 攻略合集 / RB、RACE通用魂卡,1
dcj,日服,进阶讨论,WB角色总表,585688,进阶讨论 / 攻略合集 / WB角色总表,1
dcj,日服,进阶讨论,WB点火优先级,586437,进阶讨论 / 攻略合集 / WB点火优先级,1
dcj,日服,进阶讨论,装备附魔资料,586242,进阶讨论 / 攻略合集 / 装备附魔资料,1
dcj,日服,进阶讨论,WB通用作业,586389,进阶讨论 / 攻略合集 / WB通用作业,1
dcj,日服,进阶讨论,普池可用角色,586561,进阶讨论 / 攻略合集 / 普池可用角色,1
dcj,日服,进阶讨论,PVE角色强度自助评估,588908,进阶讨论 / 攻略合集 / PVE角色强度自助评估,1
dcj,日服,进阶讨论,15人乱斗,594052,进阶讨论 / 攻略合集 / 15人乱斗,1
dcj,日服,进阶讨论,点火石挑选基础知识,88143,进阶讨论 / 过期攻略 / 点火石挑选基础知识,1
dcj,日服,进阶讨论,点火基础知识,82517,进阶讨论 / 过期攻略 / 点火基础知识,1
dcj,日服,进阶讨论,天子节奏榜（7.1更新）,82519,进阶讨论 / 过期攻略 / 天子节奏榜（7.1更新）,1
dcj,日服,常驻玩法攻略,地狱地铁攻略,167679,常驻玩法攻略 / 星云地铁 / 地狱地铁攻略,1
dcj,日服,常驻玩法攻略,星图困难3攻略,164717,常驻玩法攻略 / 星云地铁 / 星图困难3攻略,1
dcj,日服,常驻玩法攻略,星图困难1-2攻略,93040,常驻玩法攻略 / 星云地铁 / 星图困难1-2攻略,1
dcj,日服,常驻玩法攻略,星云WB攻略,96445,常驻玩法攻略 / 星云地铁 / 星云WB攻略,1
dcj,日服,常驻玩法攻略,星云火狐狸攻略,150658,常驻玩法攻略 / 星云地铁 / 星云火狐狸攻略,1
dcj,日服,常驻玩法攻略,困难星云火boss,161702,常驻玩法攻略 / 星云地铁 / 困难星云火boss,1
dcj,日服,常驻玩法攻略,星图普通速刷攻略,92931,常驻玩法攻略 / 星云地铁 / 星图普通速刷攻略,1
dcj,日服,常驻玩法攻略,木队星云boss,165317,常驻玩法攻略 / 星云地铁 / 木队星云boss,1
dcj,日服,常驻玩法攻略,地狱地铁-强,171737,常驻玩法攻略 / 星云地铁 / 地狱地铁-强,1
dcj,日服,常驻玩法攻略,星云4,587208,常驻玩法攻略 / 星云地铁 / 星云4,1
dcj,日服,常驻玩法攻略,暗人偶选择攻略（PVE）,94542,常驻玩法攻略 / 人偶选择 / 暗人偶选择攻略（PVE）,1
dcj,日服,常驻玩法攻略,水人偶选择攻略（PVE）,94432,常驻玩法攻略 / 人偶选择 / 水人偶选择攻略（PVE）,1
dcj,日服,常驻玩法攻略,火人偶选择攻略（PVE）,94228,常驻玩法攻略 / 人偶选择 / 火人偶选择攻略（PVE）,1
dcj,日服,常驻玩法攻略,木人偶选择攻略（PVE）,94146,常驻玩法攻略 / 人偶选择 / 木人偶选择攻略（PVE）,1
dcj,日服,常驻玩法攻略,光人偶选择攻略（PVE）,94147,常驻玩法攻略 / 人偶选择 / 光人偶选择攻略（PVE）,1
dcj,日服,活动攻略,活动千里眼,579947,活动攻略 / 最新攻略 / 活动千里眼,1
dcj,日服,活动攻略,5.5周年兑换码,591404,活动攻略 / 最新攻略 / 5.5周年兑换码,1
dcj,日服,活动攻略,2023夏活丽莎补课,596509,活动攻略 / 最新攻略 / 2023夏活丽莎补课,1
dcj,日服,活动攻略,2023-07-06木WB,594023,活动攻略 / 往期回顾 / 2023-07-06木WB,1
dcj,日服,活动攻略,2023-06-22水RB,593285,活动攻略 / 往期回顾 / 2023-06-22水RB,1
dcj,日服,活动攻略,2023-06-08暗RACE,591935,活动攻略 / 往期回顾 / 2023-06-08暗RACE,1
dcj,日服,活动攻略,2023-05-25火RB,590328,活动攻略 / 往期回顾 / 2023-05-25火RB,1
dcj,日服,活动攻略,2023-05-11火WB,589888,活动攻略 / 往期回顾 / 2023-05-11火WB,1
dcj,日服,活动攻略,4.27新角评价,589825,活动攻略 / 往期回顾 / 4.27新角评价,1
dcj,日服,活动攻略,3.30新角评价,587267,活动攻略 / 往期回顾 / 3.30新角评价,1
dcj,日服,活动攻略,3.16新角评价,586165,活动攻略 / 往期回顾 / 3.16新角评价,1
dcj,日服,活动攻略,2.2新角评价,582730,活动攻略 / 往期回顾 / 2.2新角评价,1
dcj,日服,活动攻略,1.19新角评价,581552,活动攻略 / 往期回顾 / 1.19新角评价,1
dcj,日服,活动攻略,1.05新角评价,580457,活动攻略 / 往期回顾 / 1.05新角评价,1
dcj,日服,活动攻略,1.1 新角评价,579939,活动攻略 / 往期回顾 / 1.1 新角评价,1
dcj,日服,活动攻略,2023-04-27暗RB,588833,活动攻略 / 往期回顾 / 2023-04-27暗RB,1
dcj,日服,活动攻略,2023-04-13木RACE,588005,活动攻略 / 往期回顾 / 2023-04-13木RACE,1
dcj,日服,活动攻略,2023-03-30光RB,586882,活动攻略 / 往期回顾 / 2023-03-30光RB,1
dcj,日服,活动攻略,3.02新角评价,585133,活动攻略 / 往期回顾 / 3.02新角评价,1
dcj,日服,活动攻略,2023-03-16光WB,585694,活动攻略 / 往期回顾 / 2023-03-16光WB,1
dcj,日服,活动攻略,2023-03-02火RB,584817,活动攻略 / 往期回顾 / 2023-03-02火RB,1
dcj,日服,活动攻略,2023-02-02木RB,582230,活动攻略 / 往期回顾 / 2023-02-02木RB,1
dcj,日服,活动攻略,2023-01-05火RB,580268,活动攻略 / 往期回顾 / 2023-01-05火RB,1
dcj,日服,活动攻略,2022-12-22暗WB,578875,活动攻略 / 往期回顾 / 2022-12-22暗WB,1
dcj,日服,活动攻略,冬活新角评价,578065,活动攻略 / 往期回顾 / 冬活新角评价,1
dcj,日服,活动攻略,2022-12-08水RB,576257,活动攻略 / 往期回顾 / 2022-12-08水RB,1
dcj,日服,活动攻略,11.24 新角評價,576618,活动攻略 / 往期回顾 / 11.24 新角評價,1
dcj,日服,活动攻略,11.10 新角评价,172109,活动攻略 / 往期回顾 / 11.10 新角评价,1
dcj,日服,活动攻略,10.27 新角评价,170264,活动攻略 / 往期回顾 / 10.27 新角评价,1
dcj,日服,活动攻略,10.27光RD预攻略,169629,活动攻略 / 往期回顾 / 10.27光RD预攻略,1
dcj,日服,活动攻略,10.13 新角评价,169529,活动攻略 / 往期回顾 / 10.13 新角评价,1
dcj,日服,活动攻略,9.29 新角评价,168231,活动攻略 / 往期回顾 / 9.29 新角评价,1
dcj,日服,活动攻略,9.15木RD攻略,167306,活动攻略 / 往期回顾 / 9.15木RD攻略,1
dcj,日服,活动攻略,9.15 新角评价,167479,活动攻略 / 往期回顾 / 9.15 新角评价,1
dcj,日服,活动攻略,9.01新角评价,166234,活动攻略 / 往期回顾 / 9.01新角评价,1
dcj,日服,活动攻略,狂三のrd,164961,活动攻略 / 往期回顾 / 狂三のrd,1
dcj,日服,活动攻略,无限乱斗活动,165322,活动攻略 / 往期回顾 / 无限乱斗活动,1
dcj,日服,活动攻略,最新日历,162284,活动攻略 / 往期回顾 / 最新日历,1
dcj,日服,活动攻略,8.19 新角评价,165342,活动攻略 / 往期回顾 / 8.19 新角评价,1
dcj,日服,活动攻略,8.19暗RB攻略,165604,活动攻略 / 往期回顾 / 8.19暗RB攻略,1
dcj,日服,活动攻略,8.19暗RD攻略,165607,活动攻略 / 往期回顾 / 8.19暗RD攻略,1
dcj,日服,活动攻略,木wb攻略,162983,活动攻略 / 往期回顾 / 木wb攻略,1
dcj,日服,活动攻略,8.04 新角评价,164081,活动攻略 / 往期回顾 / 8.04 新角评价,1
dcj,日服,活动攻略,7.21水rd作业,162909,活动攻略 / 往期回顾 / 7.21水rd作业,1
dcj,日服,活动攻略,7.21水rb攻略,162475,活动攻略 / 往期回顾 / 7.21水rb攻略,1
dcj,日服,活动攻略,7.21 新角评价,162880,活动攻略 / 往期回顾 / 7.21 新角评价,1
dcj,日服,活动攻略,7.07新角评价,161667,活动攻略 / 往期回顾 / 7.07新角评价,1
dcj,日服,活动攻略,6.23新角评价,160672,活动攻略 / 往期回顾 / 6.23新角评价,1
dcj,日服,活动攻略,6.09新角评价,158994,活动攻略 / 往期回顾 / 6.09新角评价,1
dcj,日服,活动攻略,5.26新角评价,157349,活动攻略 / 往期回顾 / 5.26新角评价,1
dcj,日服,活动攻略,5.26火Raid攻略,157538,活动攻略 / 往期回顾 / 5.26火Raid攻略,1
dcj,日服,活动攻略,5.12新角评价,156236,活动攻略 / 往期回顾 / 5.12新角评价,1
dcj,日服,活动攻略,4.28新角评价,155439,活动攻略 / 往期回顾 / 4.28新角评价,1
dcj,日服,活动攻略,4.28木WB,155527,活动攻略 / 往期回顾 / 4.28木WB,1
dcj,日服,活动攻略,4.14新角评价,154412,活动攻略 / 往期回顾 / 4.14新角评价,1
dcj,日服,活动攻略,2.24新角評價,151256,活动攻略 / 往期回顾 / 2.24新角評價,1
dcj,日服,活动攻略,3.17新角评价,151997,活动攻略 / 往期回顾 / 3.17新角评价,1
dcj,日服,活动攻略,2.10新角评价,91922,活动攻略 / 往期回顾 / 2.10新角评价,1
dcj,日服,活动攻略,2.10火RAID组队攻略,91902,活动攻略 / 往期回顾 / 2.10火RAID组队攻略,1
dcj,日服,活动攻略,1.27新角评价,150580,活动攻略 / 往期回顾 / 1.27新角评价,1
dcj,日服,活动攻略,1.13木RD组队攻略,96198,活动攻略 / 往期回顾 / 1.13木RD组队攻略,1
dcj,日服,活动攻略,1.13新角评价,96378,活动攻略 / 往期回顾 / 1.13新角评价,1
dcj,日服,活动攻略,12.23新角评价,95360,活动攻略 / 往期回顾 / 12.23新角评价,1
dcj,日服,活动攻略,水WB组队攻略,94093,活动攻略 / 往期回顾 / 水WB组队攻略,1
dcj,日服,活动攻略,12.9暗WB组队攻略,93978,活动攻略 / 往期回顾 / 12.9暗WB组队攻略,1
dcj,日服,活动攻略,12.9新角评价,94026,活动攻略 / 往期回顾 / 12.9新角评价,1
dcj,日服,活动攻略,周年活动建议（点火石自选）,92106,活动攻略 / 往期回顾 / 周年活动建议（点火石自选）,1
dcj,日服,活动攻略,11.25新角评价,93274,活动攻略 / 往期回顾 / 11.25新角评价,1
dcj,日服,活动攻略,11.11火RB组队攻略,91971,活动攻略 / 往期回顾 / 11.11火RB组队攻略,1
dcj,日服,活动攻略,10.28新角评价,90541,活动攻略 / 往期回顾 / 10.28新角评价,1
dcj,日服,活动攻略,10.14新角评价,90581,活动攻略 / 往期回顾 / 10.14新角评价,1
dcj,日服,活动攻略,火WB组队预攻略,89625,活动攻略 / 往期回顾 / 火WB组队预攻略,1
dcj,日服,活动攻略,木WB组队攻略,88027,活动攻略 / 往期回顾 / 木WB组队攻略,1
dcj,日服,活动攻略,光艳后改技能,151026,活动攻略 / 往期回顾 / 光艳后改技能,1
dcj,日服,活动攻略,暗RAID组队攻略,89410,活动攻略 / 往期回顾 / 暗RAID组队攻略,1
dcj,日服,人偶图鉴,女仆摩根,92818,人偶图鉴 / 橙色传说 / 女仆摩根,1
dcj,日服,人偶图鉴,称霸的朱庇特,92820,人偶图鉴 / 橙色传说 / 称霸的朱庇特,1
dcj,日服,人偶图鉴,化身的嫦娥,92822,人偶图鉴 / 橙色传说 / 化身的嫦娥,1
dcj,日服,人偶图鉴,禁忌的夏娃,92823,人偶图鉴 / 橙色传说 / 禁忌的夏娃,1
dcj,日服,人偶图鉴,伪君子巴贝尔,154578,人偶图鉴 / 橙色传说 / 伪君子巴贝尔,1
dcj,日服,人偶图鉴,不屈的自请妃,92819,人偶图鉴 / 橙色传说 / 不屈的自请妃,1
dcj,日服,人偶图鉴,有野心的玛门,92821,人偶图鉴 / 橙色传说 / 有野心的玛门,1
dcj,日服,人偶图鉴,淑女巴托里,154581,人偶图鉴 / 橙色传说 / 淑女巴托里,1
dcj,日服,人偶图鉴,法老克丽欧佩特拉,92815,人偶图鉴 / 橙色传说 / 法老克丽欧佩特拉,1
dcj,日服,人偶图鉴,盲信的玛亚特,92826,人偶图鉴 / 橙色传说 / 盲信的玛亚特,1
dcj,日服,人偶图鉴,君临美杜莎,92824,人偶图鉴 / 橙色传说 / 君临美杜莎,1
dcj,日服,人偶图鉴,弗雷,92825,人偶图鉴 / 橙色传说 / 弗雷,1
dcj,日服,人偶图鉴,暗枪萝莉,593246,人偶图鉴 / 橙色传说 / 暗枪萝莉,1
dcj,日服,人偶图鉴,渴望的维尔德,92830,人偶图鉴 / 紫色史诗 / 渴望的维尔德,1
dcj,日服,人偶图鉴,净火的狄蜜特,92831,人偶图鉴 / 紫色史诗 / 净火的狄蜜特,1
dcj,日服,人偶图鉴,和谐的梅芙,92837,人偶图鉴 / 紫色史诗 / 和谐的梅芙,1
dcj,日服,人偶图鉴,沸腾的黑帝斯,92846,人偶图鉴 / 紫色史诗 / 沸腾的黑帝斯,1
dcj,日服,人偶图鉴,西方的欧若拉,92848,人偶图鉴 / 紫色史诗 / 西方的欧若拉,1
dcj,日服,人偶图鉴,小不点迪娜希,92852,人偶图鉴 / 紫色史诗 / 小不点迪娜希,1
dcj,日服,人偶图鉴,白炎的赫斯提亚,92864,人偶图鉴 / 紫色史诗 / 白炎的赫斯提亚,1
dcj,日服,人偶图鉴,浪费家荷米斯,92868,人偶图鉴 / 紫色史诗 / 浪费家荷米斯,1
dcj,日服,人偶图鉴,嘲笑的提尔锋,154592,人偶图鉴 / 紫色史诗 / 嘲笑的提尔锋,1
dcj,日服,人偶图鉴,魔术师艾莉,154583,人偶图鉴 / 紫色史诗 / 魔术师艾莉,1
dcj,日服,人偶图鉴,转世的柳道士,92832,人偶图鉴 / 紫色史诗 / 转世的柳道士,1
dcj,日服,人偶图鉴,祈祷的钵里,92833,人偶图鉴 / 紫色史诗 / 祈祷的钵里,1
dcj,日服,人偶图鉴,冰刃尤弥尔,92840,人偶图鉴 / 紫色史诗 / 冰刃尤弥尔,1
dcj,日服,人偶图鉴,蓝暗影奥尔加,92844,人偶图鉴 / 紫色史诗 / 蓝暗影奥尔加,1
dcj,日服,人偶图鉴,做梦的那伊阿得斯,92853,人偶图鉴 / 紫色史诗 / 做梦的那伊阿得斯,1
dcj,日服,人偶图鉴,优柔寡断的鲁萨尔卡,92856,人偶图鉴 / 紫色史诗 / 优柔寡断的鲁萨尔卡,1
dcj,日服,人偶图鉴,位置的桑纳托斯,92859,人偶图鉴 / 紫色史诗 / 位置的桑纳托斯,1
dcj,日服,人偶图鉴,疾走的玛尔斯,92869,人偶图鉴 / 紫色史诗 / 疾走的玛尔斯,1
dcj,日服,人偶图鉴,荣耀的米莉娜,154584,人偶图鉴 / 紫色史诗 / 荣耀的米莉娜,1
dcj,日服,人偶图鉴,欺瞒的坎普斯,92836,人偶图鉴 / 紫色史诗 / 欺瞒的坎普斯,1
dcj,日服,人偶图鉴,情报员布朗尼,92838,人偶图鉴 / 紫色史诗 / 情报员布朗尼,1
dcj,日服,人偶图鉴,审美的迈达斯,92842,人偶图鉴 / 紫色史诗 / 审美的迈达斯,1
dcj,日服,人偶图鉴,恶棍亚巴顿,92845,人偶图鉴 / 紫色史诗 / 恶棍亚巴顿,1
dcj,日服,人偶图鉴,冒险家艾波娜,92855,人偶图鉴 / 紫色史诗 / 冒险家艾波娜,1
dcj,日服,人偶图鉴,赞美的绪林克斯,92858,人偶图鉴 / 紫色史诗 / 赞美的绪林克斯,1
dcj,日服,人偶图鉴,午夜的赛莲,92860,人偶图鉴 / 紫色史诗 / 午夜的赛莲,1
dcj,日服,人偶图鉴,自负的赫拉,92867,人偶图鉴 / 紫色史诗 / 自负的赫拉,1
dcj,日服,人偶图鉴,神圣的妮可,154594,人偶图鉴 / 紫色史诗 / 神圣的妮可,1
dcj,日服,人偶图鉴,盲信的卢因,154589,人偶图鉴 / 紫色史诗 / 盲信的卢因,1
dcj,日服,人偶图鉴,沙漠的荷鲁斯,92835,人偶图鉴 / 紫色史诗 / 沙漠的荷鲁斯,1
dcj,日服,人偶图鉴,正义的马弗德特,92839,人偶图鉴 / 紫色史诗 / 正义的马弗德特,1
dcj,日服,人偶图鉴,魔法魔亚,92843,人偶图鉴 / 紫色史诗 / 魔法魔亚,1
dcj,日服,人偶图鉴,白翼的迪亚布罗,92847,人偶图鉴 / 紫色史诗 / 白翼的迪亚布罗,1
dcj,日服,人偶图鉴,宣言的黛娜,92849,人偶图鉴 / 紫色史诗 / 宣言的黛娜,1
dcj,日服,人偶图鉴,野生的芭丝黛特,92857,人偶图鉴 / 紫色史诗 / 野生的芭丝黛特,1
dcj,日服,人偶图鉴,驱魔师尼尔提,92861,人偶图鉴 / 紫色史诗 / 驱魔师尼尔提,1
dcj,日服,人偶图鉴,歌唱的亚里亚,92865,人偶图鉴 / 紫色史诗 / 歌唱的亚里亚,1
dcj,日服,人偶图鉴,天真维纳斯,154595,人偶图鉴 / 紫色史诗 / 天真维纳斯,1
dcj,日服,人偶图鉴,努力家纳普图,154598,人偶图鉴 / 紫色史诗 / 努力家纳普图,1
dcj,日服,人偶图鉴,虚幻的迪朗达尔,92834,人偶图鉴 / 紫色史诗 / 虚幻的迪朗达尔,1
dcj,日服,人偶图鉴,月光狼人,92841,人偶图鉴 / 紫色史诗 / 月光狼人,1
dcj,日服,人偶图鉴,守护雷德克洛斯,92850,人偶图鉴 / 紫色史诗 / 守护雷德克洛斯,1
dcj,日服,人偶图鉴,A.I,92851,人偶图鉴 / 紫色史诗 / A.I,1
dcj,日服,人偶图鉴,皇后伊丽莎白,92854,人偶图鉴 / 紫色史诗 / 皇后伊丽莎白,1
dcj,日服,人偶图鉴,兰菲,92862,人偶图鉴 / 紫色史诗 / 兰菲,1
dcj,日服,人偶图鉴,迟疑的梅提斯,92863,人偶图鉴 / 紫色史诗 / 迟疑的梅提斯,1
dcj,日服,人偶图鉴,流浪者潘迪恩,92866,人偶图鉴 / 紫色史诗 / 流浪者潘迪恩,1
dcj,日服,人偶图鉴,漂亮马尔斯,154596,人偶图鉴 / 紫色史诗 / 漂亮马尔斯,1
dcj,日服,人偶图鉴,神秘萨图恩,154597,人偶图鉴 / 紫色史诗 / 神秘萨图恩,1
dcj,日服,人偶图鉴,指引者丽塔,154591,人偶图鉴 / 紫色史诗 / 指引者丽塔,1
dcj,日服,人偶图鉴,光莫娜,589713,人偶图鉴 / 紫色史诗 / 光莫娜,1
dcj,日服,人偶图鉴,水护士,589714,人偶图鉴 / 紫色史诗 / 水护士,1
dcj,日服,人偶图鉴,守护神阿普,589715,人偶图鉴 / 紫色史诗 / 守护神阿普,1
dcj,日服,人偶图鉴,机械丽莎,589716,人偶图鉴 / 紫色史诗 / 机械丽莎,1
dcj,日服,人偶图鉴,水达比,591382,人偶图鉴 / 紫色史诗 / 水达比,1
dcj,日服,人偶图鉴,光糖猫,591383,人偶图鉴 / 紫色史诗 / 光糖猫,1
dcj,日服,人偶图鉴,水比利,591384,人偶图鉴 / 紫色史诗 / 水比利,1
dcj,日服,人偶图鉴,光尼曼,591385,人偶图鉴 / 紫色史诗 / 光尼曼,1
dcj,日服,人偶图鉴,火米拉,593247,人偶图鉴 / 紫色史诗 / 火米拉,1
dcj,日服,人偶图鉴,木锤,593248,人偶图鉴 / 紫色史诗 / 木锤,1
dcj,日服,人偶图鉴,奥哈多,593249,人偶图鉴 / 紫色史诗 / 奥哈多,1
dcj,日服,人偶图鉴,火教皇,593250,人偶图鉴 / 紫色史诗 / 火教皇,1
dcj,日服,人偶图鉴,沉默的红鼻子,95833,人偶图鉴 / 蓝色稀有 / 沉默的红鼻子,1
dcj,日服,人偶图鉴,沉默的妖精,95834,人偶图鉴 / 蓝色稀有 / 沉默的妖精,1
dcj,日服,人偶图鉴,护卫官安卡,95835,人偶图鉴 / 蓝色稀有 / 护卫官安卡,1
dcj,日服,人偶图鉴,旁观者奥德修斯,95836,人偶图鉴 / 蓝色稀有 / 旁观者奥德修斯,1
dcj,日服,人偶图鉴,拦网崔斯坦,95837,人偶图鉴 / 蓝色稀有 / 拦网崔斯坦,1
dcj,日服,人偶图鉴,敬爱皮耶塔丝,95838,人偶图鉴 / 蓝色稀有 / 敬爱皮耶塔丝,1
dcj,日服,人偶图鉴,做梦的未知者,96059,人偶图鉴 / 蓝色稀有 / 做梦的未知者,1
dcj,日服,人偶图鉴,唱歌的芭丝特,96060,人偶图鉴 / 蓝色稀有 / 唱歌的芭丝特,1
dcj,日服,人偶图鉴,暗夜祭泰风,96061,人偶图鉴 / 蓝色稀有 / 暗夜祭泰风,1
dcj,日服,人偶图鉴,一触即发的达奴,96062,人偶图鉴 / 蓝色稀有 / 一触即发的达奴,1
dcj,日服,人偶图鉴,斗志高昂的海克力士,96063,人偶图鉴 / 蓝色稀有 / 斗志高昂的海克力士,1
dcj,日服,人偶图鉴,电光阿尔戈斯,96064,人偶图鉴 / 蓝色稀有 / 电光阿尔戈斯,1
dcj,日服,人偶图鉴,幻想的达芙妮,158576,人偶图鉴 / 蓝色稀有 / 幻想的达芙妮,1
dcj,日服,人偶图鉴,虚假的海翠克,158571,人偶图鉴 / 蓝色稀有 / 虚假的海翠克,1
dcj,日服,人偶图鉴,不请自来的鲁道夫,158572,人偶图鉴 / 蓝色稀有 / 不请自来的鲁道夫,1
dcj,日服,人偶图鉴,恍惚的艾德拉多,158573,人偶图鉴 / 蓝色稀有 / 恍惚的艾德拉多,1
dcj,日服,人偶图鉴,异界的梅林,158574,人偶图鉴 / 蓝色稀有 / 异界的梅林,1
dcj,日服,人偶图鉴,沉默的厄洛斯,158575,人偶图鉴 / 蓝色稀有 / 沉默的厄洛斯,1
dcj,日服,人偶图鉴,小公主希栢利,159271,人偶图鉴 / 蓝色稀有 / 小公主希栢利,1
dcj,日服,人偶图鉴,模仿的伊西斯,159272,人偶图鉴 / 蓝色稀有 / 模仿的伊西斯,1
dcj,日服,人偶图鉴,蛮勇的赫尔莫德,159273,人偶图鉴 / 蓝色稀有 / 蛮勇的赫尔莫德,1
dcj,日服,人偶图鉴,闪耀的尤娜,159274,人偶图鉴 / 蓝色稀有 / 闪耀的尤娜,1
dcj,日服,人偶图鉴,盛夏的赫柏,159275,人偶图鉴 / 蓝色稀有 / 盛夏的赫柏,1
dcj,日服,人偶图鉴,小丑伊南娜,159276,人偶图鉴 / 蓝色稀有 / 小丑伊南娜,1
dcj,日服,人偶图鉴,决战的提泰妮亚,159277,人偶图鉴 / 蓝色稀有 / 决战的提泰妮亚,1
dcj,日服,人偶图鉴,固执的弗林斯,159278,人偶图鉴 / 蓝色稀有 / 固执的弗林斯,1
dcj,日服,人偶图鉴,热血的阿伽门农,159279,人偶图鉴 / 蓝色稀有 / 热血的阿伽门农,1
dcj,日服,人偶图鉴,梦幻的万圣节,159280,人偶图鉴 / 蓝色稀有 / 梦幻的万圣节,1
dcj,日服,人偶图鉴,束缚的蕾蒂,159281,人偶图鉴 / 蓝色稀有 / 束缚的蕾蒂,1
dcj,日服,人偶图鉴,水龙,93488,人偶图鉴 / 白色普通 / 水龙,1
dcj,日服,人偶图鉴,光喇叭,93489,人偶图鉴 / 白色普通 / 光喇叭,1
dcj,日服,人偶图鉴,木大眼,93490,人偶图鉴 / 白色普通 / 木大眼,1
dcj,日服,人偶图鉴,火气球,93491,人偶图鉴 / 白色普通 / 火气球,1
dcj,日服,人偶图鉴,木气球,93492,人偶图鉴 / 白色普通 / 木气球,1
dcj,日服,人偶图鉴,火水滴,93493,人偶图鉴 / 白色普通 / 火水滴,1
dcj,日服,人偶图鉴,木水滴,93494,人偶图鉴 / 白色普通 / 木水滴,1
dcj,日服,五星天子图鉴,狄刻,591397,五星天子图鉴 / 五星光属性 / 狄刻,1
dcj,日服,五星天子图鉴,光摩根,589692,五星天子图鉴 / 五星光属性 / 光摩根,1
dcj,日服,五星天子图鉴,蒙德斯,586064,五星天子图鉴 / 五星光属性 / 蒙德斯,1
dcj,日服,五星天子图鉴,奥菲斯,578783,五星天子图鉴 / 五星光属性 / 奥菲斯,1
dcj,日服,五星天子图鉴,彼列,578918,五星天子图鉴 / 五星光属性 / 彼列,1
dcj,日服,五星天子图鉴,米莉亚（限定）,578920,五星天子图鉴 / 五星光属性 / 米莉亚（限定）,1
dcj,日服,五星天子图鉴,双马尾,165267,五星天子图鉴 / 五星光属性 / 双马尾,1
dcj,日服,五星天子图鉴,奥拉夫,162037,五星天子图鉴 / 五星光属性 / 奥拉夫,1
dcj,日服,五星天子图鉴,密涅瓦,162038,五星天子图鉴 / 五星光属性 / 密涅瓦,1
dcj,日服,五星天子图鉴,阿克拉西亚,162024,五星天子图鉴 / 五星光属性 / 阿克拉西亚,1
dcj,日服,五星天子图鉴,薇薇安,164766,五星天子图鉴 / 五星光属性 / 薇薇安,1
dcj,日服,五星天子图鉴,守护神奥佩普,164768,五星天子图鉴 / 五星光属性 / 守护神奥佩普,1
dcj,日服,五星天子图鉴,猎户座,95754,五星天子图鉴 / 五星光属性 / 猎户座,1
dcj,日服,五星天子图鉴,相机,89396,五星天子图鉴 / 五星光属性 / 相机,1
dcj,日服,五星天子图鉴,印第安人,84125,五星天子图鉴 / 五星光属性 / 印第安人,1
dcj,日服,五星天子图鉴,光豹子,83031,五星天子图鉴 / 五星光属性 / 光豹子,1
dcj,日服,五星天子图鉴,洛基,81744,五星天子图鉴 / 五星光属性 / 洛基,1
dcj,日服,五星天子图鉴,光巴里,578955,五星天子图鉴 / 五星光属性 / 光巴里,1
dcj,日服,五星天子图鉴,光狗,81429,五星天子图鉴 / 五星光属性 / 光狗,1
dcj,日服,五星天子图鉴,光琴,81431,五星天子图鉴 / 五星光属性 / 光琴,1
dcj,日服,五星天子图鉴,光击剑,81426,五星天子图鉴 / 五星光属性 / 光击剑,1
dcj,日服,五星天子图鉴,艾尔布,82030,五星天子图鉴 / 五星光属性 / 艾尔布,1
dcj,日服,五星天子图鉴,提泰妮亚,82032,五星天子图鉴 / 五星光属性 / 提泰妮亚,1
dcj,日服,五星天子图鉴,萨图恩,82546,五星天子图鉴 / 五星光属性 / 萨图恩,1
dcj,日服,五星天子图鉴,顶级亚利亚,82548,五星天子图鉴 / 五星光属性 / 顶级亚利亚,1
dcj,日服,五星天子图鉴,千鹤,82549,五星天子图鉴 / 五星光属性 / 千鹤,1
dcj,日服,五星天子图鉴,白兔子,81015,五星天子图鉴 / 五星光属性 / 白兔子,1
dcj,日服,五星天子图鉴,蒙眼,81054,五星天子图鉴 / 五星光属性 / 蒙眼,1
dcj,日服,五星天子图鉴,赛特,83672,五星天子图鉴 / 五星光属性 / 赛特,1
dcj,日服,五星天子图鉴,朱诺,83675,五星天子图鉴 / 五星光属性 / 朱诺,1
dcj,日服,五星天子图鉴,梦想家土星,578962,五星天子图鉴 / 五星光属性 / 梦想家土星,1
dcj,日服,五星天子图鉴,萨曼罗拉,578959,五星天子图鉴 / 五星光属性 / 萨曼罗拉,1
dcj,日服,五星天子图鉴,黛博拉,578984,五星天子图鉴 / 五星光属性 / 黛博拉,1
dcj,日服,五星天子图鉴,冰雪艾希,578985,五星天子图鉴 / 五星光属性 / 冰雪艾希,1
dcj,日服,五星天子图鉴,光莫娜,578986,五星天子图鉴 / 五星光属性 / 光莫娜,1
dcj,日服,五星天子图鉴,花奶,578987,五星天子图鉴 / 五星光属性 / 花奶,1
dcj,日服,五星天子图鉴,婚纱,578988,五星天子图鉴 / 五星光属性 / 婚纱,1
dcj,日服,五星天子图鉴,史莱姆,579016,五星天子图鉴 / 五星光属性 / 史莱姆,1
dcj,日服,五星天子图鉴,神乐的沃尔夫,579017,五星天子图鉴 / 五星光属性 / 神乐的沃尔夫,1
dcj,日服,五星天子图鉴,维纳斯,579018,五星天子图鉴 / 五星光属性 / 维纳斯,1
dcj,日服,五星天子图鉴,海王星,579024,五星天子图鉴 / 五星光属性 / 海王星,1
dcj,日服,五星天子图鉴,雅典娜,579026,五星天子图鉴 / 五星光属性 / 雅典娜,1
dcj,日服,五星天子图鉴,光弗雷,579028,五星天子图鉴 / 五星光属性 / 光弗雷,1
dcj,日服,五星天子图鉴,光猫耳尼曼,165764,五星天子图鉴 / 五星光属性 / 光猫耳尼曼,1
dcj,日服,五星天子图鉴,巴雷特,579153,五星天子图鉴 / 五星光属性 / 巴雷特,1
dcj,日服,五星天子图鉴,露娜,579154,五星天子图鉴 / 五星光属性 / 露娜,1
dcj,日服,五星天子图鉴,霍尔茨,579156,五星天子图鉴 / 五星光属性 / 霍尔茨,1
dcj,日服,五星天子图鉴,艳后,579158,五星天子图鉴 / 五星光属性 / 艳后,1
dcj,日服,五星天子图鉴,光裙,579160,五星天子图鉴 / 五星光属性 / 光裙,1
dcj,日服,五星天子图鉴,糖猫,579164,五星天子图鉴 / 五星光属性 / 糖猫,1
dcj,日服,五星天子图鉴,夏露露,579165,五星天子图鉴 / 五星光属性 / 夏露露,1
dcj,日服,五星天子图鉴,魔方,579166,五星天子图鉴 / 五星光属性 / 魔方,1
dcj,日服,五星天子图鉴,宋丹丹,579167,五星天子图鉴 / 五星光属性 / 宋丹丹,1
dcj,日服,五星天子图鉴,教皇,579336,五星天子图鉴 / 五星光属性 / 教皇,1
dcj,日服,五星天子图鉴,女警,579315,五星天子图鉴 / 五星光属性 / 女警,1
dcj,日服,五星天子图鉴,复活奶,579318,五星天子图鉴 / 五星光属性 / 复活奶,1
dcj,日服,五星天子图鉴,埃及猫,579472,五星天子图鉴 / 五星光属性 / 埃及猫,1
dcj,日服,五星天子图鉴,亚里亚,579473,五星天子图鉴 / 五星光属性 / 亚里亚,1
dcj,日服,五星天子图鉴,白斩鸡,579474,五星天子图鉴 / 五星光属性 / 白斩鸡,1
dcj,日服,五星天子图鉴,阿罗汉（暗）,589701,五星天子图鉴 / 五星暗属性 / 阿罗汉（暗）,1
dcj,日服,五星天子图鉴,娜迦,589697,五星天子图鉴 / 五星暗属性 / 娜迦,1
dcj,日服,五星天子图鉴,犹大,587101,五星天子图鉴 / 五星暗属性 / 犹大,1
dcj,日服,五星天子图鉴,暗护士,586063,五星天子图鉴 / 五星暗属性 / 暗护士,1
dcj,日服,五星天子图鉴,贝利塔,580266,五星天子图鉴 / 五星暗属性 / 贝利塔,1
dcj,日服,五星天子图鉴,俱毗罗,578911,五星天子图鉴 / 五星暗属性 / 俱毗罗,1
dcj,日服,五星天子图鉴,沙漠死神（误）,168447,五星天子图鉴 / 五星暗属性 / 沙漠死神（误）,1
dcj,日服,五星天子图鉴,兰菲,81000,五星天子图鉴 / 五星暗属性 / 兰菲,1
dcj,日服,五星天子图鉴,棒球棍,578928,五星天子图鉴 / 五星暗属性 / 棒球棍,1
dcj,日服,五星天子图鉴,小苹果,578934,五星天子图鉴 / 五星暗属性 / 小苹果,1
dcj,日服,五星天子图鉴,桑尼,578944,五星天子图鉴 / 五星暗属性 / 桑尼,1
dcj,日服,五星天子图鉴,雅米,578945,五星天子图鉴 / 五星暗属性 / 雅米,1
dcj,日服,五星天子图鉴,迪亚努斯,90128,五星天子图鉴 / 五星暗属性 / 迪亚努斯,1
dcj,日服,五星天子图鉴,牺牲生命 赛特,89948,五星天子图鉴 / 五星暗属性 / 牺牲生命 赛特,1
dcj,日服,五星天子图鉴,菲洛特斯,86929,五星天子图鉴 / 五星暗属性 / 菲洛特斯,1
dcj,日服,五星天子图鉴,悠闲的福尔基斯,84126,五星天子图鉴 / 五星暗属性 / 悠闲的福尔基斯,1
dcj,日服,五星天子图鉴,诺托斯,83032,五星天子图鉴 / 五星暗属性 / 诺托斯,1
dcj,日服,五星天子图鉴,苍炎伊芙,81741,五星天子图鉴 / 五星暗属性 / 苍炎伊芙,1
dcj,日服,五星天子图鉴,玛尔杜克,81041,五星天子图鉴 / 五星暗属性 / 玛尔杜克,1
dcj,日服,五星天子图鉴,杜里亚德斯,81040,五星天子图鉴 / 五星暗属性 / 杜里亚德斯,1
dcj,日服,五星天子图鉴,赫帕托斯,81039,五星天子图鉴 / 五星暗属性 / 赫帕托斯,1
dcj,日服,五星天子图鉴,偶像玛尔斯,81038,五星天子图鉴 / 五星暗属性 / 偶像玛尔斯,1
dcj,日服,五星天子图鉴,丽莎,81037,五星天子图鉴 / 五星暗属性 / 丽莎,1
dcj,日服,五星天子图鉴,娜塔,81036,五星天子图鉴 / 五星暗属性 / 娜塔,1
dcj,日服,五星天子图鉴,阿罗汉,81035,五星天子图鉴 / 五星暗属性 / 阿罗汉,1
dcj,日服,五星天子图鉴,赛美勒,81034,五星天子图鉴 / 五星暗属性 / 赛美勒,1
dcj,日服,五星天子图鉴,阿提密斯,81033,五星天子图鉴 / 五星暗属性 / 阿提密斯,1
dcj,日服,五星天子图鉴,克洛托,81032,五星天子图鉴 / 五星暗属性 / 克洛托,1
dcj,日服,五星天子图鉴,泽菲罗斯,81031,五星天子图鉴 / 五星暗属性 / 泽菲罗斯,1
dcj,日服,五星天子图鉴,提瓦兹,81030,五星天子图鉴 / 五星暗属性 / 提瓦兹,1
dcj,日服,五星天子图鉴,蜜卡拉,81029,五星天子图鉴 / 五星暗属性 / 蜜卡拉,1
dcj,日服,五星天子图鉴,雷亚西尔维娅,81028,五星天子图鉴 / 五星暗属性 / 雷亚西尔维娅,1
dcj,日服,五星天子图鉴,罗宾,81027,五星天子图鉴 / 五星暗属性 / 罗宾,1
dcj,日服,五星天子图鉴,奥弗伊丝,81026,五星天子图鉴 / 五星暗属性 / 奥弗伊丝,1
dcj,日服,五星天子图鉴,达比,81025,五星天子图鉴 / 五星暗属性 / 达比,1
dcj,日服,五星天子图鉴,莱玛,81024,五星天子图鉴 / 五星暗属性 / 莱玛,1
dcj,日服,五星天子图鉴,伊菲斯,81023,五星天子图鉴 / 五星暗属性 / 伊菲斯,1
dcj,日服,五星天子图鉴,库巴巴,81022,五星天子图鉴 / 五星暗属性 / 库巴巴,1
dcj,日服,五星天子图鉴,报丧女妖,81021,五星天子图鉴 / 五星暗属性 / 报丧女妖,1
dcj,日服,五星天子图鉴,摩亚,81020,五星天子图鉴 / 五星暗属性 / 摩亚,1
dcj,日服,五星天子图鉴,蒂玛斯,579076,五星天子图鉴 / 五星暗属性 / 蒂玛斯,1
dcj,日服,五星天子图鉴,神秘的土星,579078,五星天子图鉴 / 五星暗属性 / 神秘的土星,1
dcj,日服,五星天子图鉴,帕拉斯,579084,五星天子图鉴 / 五星暗属性 / 帕拉斯,1
dcj,日服,五星天子图鉴,丽塔,579086,五星天子图鉴 / 五星暗属性 / 丽塔,1
dcj,日服,五星天子图鉴,弥达斯,579170,五星天子图鉴 / 五星暗属性 / 弥达斯,1
dcj,日服,五星天子图鉴,美杜莎,579171,五星天子图鉴 / 五星暗属性 / 美杜莎,1
dcj,日服,五星天子图鉴,迪朗达尔,579175,五星天子图鉴 / 五星暗属性 / 迪朗达尔,1
dcj,日服,五星天子图鉴,华尔夫,579176,五星天子图鉴 / 五星暗属性 / 华尔夫,1
dcj,日服,五星天子图鉴,凯布里,579177,五星天子图鉴 / 五星暗属性 / 凯布里,1
dcj,日服,五星天子图鉴,玛亚特,579178,五星天子图鉴 / 五星暗属性 / 玛亚特,1
dcj,日服,五星天子图鉴,弗雷,80999,五星天子图鉴 / 五星暗属性 / 弗雷,1
dcj,日服,五星天子图鉴,梅缇丝,80998,五星天子图鉴 / 五星暗属性 / 梅缇丝,1
dcj,日服,五星天子图鉴,伊丽莎白,80997,五星天子图鉴 / 五星暗属性 / 伊丽莎白,1
dcj,日服,五星天子图鉴,雷德克洛斯,80996,五星天子图鉴 / 五星暗属性 / 雷德克洛斯,1
dcj,日服,五星天子图鉴,A.I,80995,五星天子图鉴 / 五星暗属性 / A.I,1
dcj,日服,五星天子图鉴,潘迪恩,80994,五星天子图鉴 / 五星暗属性 / 潘迪恩,1
dcj,日服,五星天子图鉴,伊奥,593255,五星天子图鉴 / 五星火属性 / 伊奥,1
dcj,日服,五星天子图鉴,魔女,589706,五星天子图鉴 / 五星火属性 / 魔女,1
dcj,日服,五星天子图鉴,奈德,587105,五星天子图鉴 / 五星火属性 / 奈德,1
dcj,日服,五星天子图鉴,鲁弗斯,586062,五星天子图鉴 / 五星火属性 / 鲁弗斯,1
dcj,日服,五星天子图鉴,何仙姑,582731,五星天子图鉴 / 五星火属性 / 何仙姑,1
dcj,日服,五星天子图鉴,卡拉拉特莉,81594,五星天子图鉴 / 五星火属性 / 卡拉拉特莉,1
dcj,日服,五星天子图鉴,阿尔米德,578903,五星天子图鉴 / 五星火属性 / 阿尔米德,1
dcj,日服,五星天子图鉴,索尔（限定）,578921,五星天子图鉴 / 五星火属性 / 索尔（限定）,1
dcj,日服,五星天子图鉴,新狐狸,168460,五星天子图鉴 / 五星火属性 / 新狐狸,1
dcj,日服,五星天子图鉴,大头,164114,五星天子图鉴 / 五星火属性 / 大头,1
dcj,日服,五星天子图鉴,塔防达比,162290,五星天子图鉴 / 五星火属性 / 塔防达比,1
dcj,日服,五星天子图鉴,上瘾的埃利希顿,162469,五星天子图鉴 / 五星火属性 / 上瘾的埃利希顿,1
dcj,日服,五星天子图鉴,烟鬼,578935,五星天子图鉴 / 五星火属性 / 烟鬼,1
dcj,日服,五星天子图鉴,米拉,578942,五星天子图鉴 / 五星火属性 / 米拉,1
dcj,日服,五星天子图鉴,红莲,90916,五星天子图鉴 / 五星火属性 / 红莲,1
dcj,日服,五星天子图鉴,爱染王拉加,578940,五星天子图鉴 / 五星火属性 / 爱染王拉加,1
dcj,日服,五星天子图鉴,厄瑞巴斯,88028,五星天子图鉴 / 五星火属性 / 厄瑞巴斯,1
dcj,日服,五星天子图鉴,燃烧的千叶,81742,五星天子图鉴 / 五星火属性 / 燃烧的千叶,1
dcj,日服,五星天子图鉴,卡德凯斯,578953,五星天子图鉴 / 五星火属性 / 卡德凯斯,1
dcj,日服,五星天子图鉴,阿尔特米西亚,81599,五星天子图鉴 / 五星火属性 / 阿尔特米西亚,1
dcj,日服,五星天子图鉴,特蕾莎,81598,五星天子图鉴 / 五星火属性 / 特蕾莎,1
dcj,日服,五星天子图鉴,格林纳德·维亚特,578949,五星天子图鉴 / 五星火属性 / 格林纳德·维亚特,1
dcj,日服,五星天子图鉴,火盾、摩潘,578948,五星天子图鉴 / 五星火属性 / 火盾、摩潘,1
dcj,日服,五星天子图鉴,萨卡克·梅蒂斯,578956,五星天子图鉴 / 五星火属性 / 萨卡克·梅蒂斯,1
dcj,日服,五星天子图鉴,雷雀（限定）,578969,五星天子图鉴 / 五星火属性 / 雷雀（限定）,1
dcj,日服,五星天子图鉴,奶牛,578968,五星天子图鉴 / 五星火属性 / 奶牛,1
dcj,日服,五星天子图鉴,阿尔戈斯,578967,五星天子图鉴 / 五星火属性 / 阿尔戈斯,1
dcj,日服,五星天子图鉴,劳菲,578966,五星天子图鉴 / 五星火属性 / 劳菲,1
dcj,日服,五星天子图鉴,火人鱼,578961,五星天子图鉴 / 五星火属性 / 火人鱼,1
dcj,日服,五星天子图鉴,除魔师该隐,579000,五星天子图鉴 / 五星火属性 / 除魔师该隐,1
dcj,日服,五星天子图鉴,甜心勒达,579001,五星天子图鉴 / 五星火属性 / 甜心勒达,1
dcj,日服,五星天子图鉴,菲尔那多,579004,五星天子图鉴 / 五星火属性 / 菲尔那多,1
dcj,日服,五星天子图鉴,爱恨的达比,579005,五星天子图鉴 / 五星火属性 / 爱恨的达比,1
dcj,日服,五星天子图鉴,平静的吉娃,579006,五星天子图鉴 / 五星火属性 / 平静的吉娃,1
dcj,日服,五星天子图鉴,出轨的凯瑟琳（限定）,579008,五星天子图鉴 / 五星火属性 / 出轨的凯瑟琳（限定）,1
dcj,日服,五星天子图鉴,孤剑、魔龙,579009,五星天子图鉴 / 五星火属性 / 孤剑、魔龙,1
dcj,日服,五星天子图鉴,九尾,579010,五星天子图鉴 / 五星火属性 / 九尾,1
dcj,日服,五星天子图鉴,庆野,81580,五星天子图鉴 / 五星火属性 / 庆野,1
dcj,日服,五星天子图鉴,甜甜圈,579011,五星天子图鉴 / 五星火属性 / 甜甜圈,1
dcj,日服,五星天子图鉴,菲内克（限定）,579087,五星天子图鉴 / 五星火属性 / 菲内克（限定）,1
dcj,日服,五星天子图鉴,金币娘,579088,五星天子图鉴 / 五星火属性 / 金币娘,1
dcj,日服,五星天子图鉴,火教皇,579090,五星天子图鉴 / 五星火属性 / 火教皇,1
dcj,日服,五星天子图鉴,火护士,579091,五星天子图鉴 / 五星火属性 / 火护士,1
dcj,日服,五星天子图鉴,火伞,579092,五星天子图鉴 / 五星火属性 / 火伞,1
dcj,日服,五星天子图鉴,圣诞勒达,579093,五星天子图鉴 / 五星火属性 / 圣诞勒达,1
dcj,日服,五星天子图鉴,火伊芙,579098,五星天子图鉴 / 五星火属性 / 火伊芙,1
dcj,日服,五星天子图鉴,梅芙,579100,五星天子图鉴 / 五星火属性 / 梅芙,1
dcj,日服,五星天子图鉴,魔术师阿里尔,579101,五星天子图鉴 / 五星火属性 / 魔术师阿里尔,1
dcj,日服,五星天子图鉴,穗香（限定）,579102,五星天子图鉴 / 五星火属性 / 穗香（限定）,1
dcj,日服,五星天子图鉴,红霞（限定）,579104,五星天子图鉴 / 五星火属性 / 红霞（限定）,1
dcj,日服,五星天子图鉴,布骊姬,579106,五星天子图鉴 / 五星火属性 / 布骊姬,1
dcj,日服,五星天子图鉴,火莫娜,579231,五星天子图鉴 / 五星火属性 / 火莫娜,1
dcj,日服,五星天子图鉴,魔王达比,579233,五星天子图鉴 / 五星火属性 / 魔王达比,1
dcj,日服,五星天子图鉴,草莓,579237,五星天子图鉴 / 五星火属性 / 草莓,1
dcj,日服,五星天子图鉴,摩根,579238,五星天子图鉴 / 五星火属性 / 摩根,1
dcj,日服,五星天子图鉴,维尔德,579240,五星天子图鉴 / 五星火属性 / 维尔德,1
dcj,日服,五星天子图鉴,迪娜希,81094,五星天子图鉴 / 五星火属性 / 迪娜希,1
dcj,日服,五星天子图鉴,火呆毛,579475,五星天子图鉴 / 五星火属性 / 火呆毛,1
dcj,日服,五星天子图鉴,梅芙,81093,五星天子图鉴 / 五星火属性 / 梅芙,1
dcj,日服,五星天子图鉴,欧洛拉,81095,五星天子图鉴 / 五星火属性 / 欧洛拉,1
dcj,日服,五星天子图鉴,哈迪斯,81091,五星天子图鉴 / 五星火属性 / 哈迪斯,1
dcj,日服,五星天子图鉴,朱庇特,81092,五星天子图鉴 / 五星火属性 / 朱庇特,1
dcj,日服,五星天子图鉴,埃尔墨斯,579477,五星天子图鉴 / 五星火属性 / 埃尔墨斯,1
dcj,日服,五星天子图鉴,忍者琪隆,595384,五星天子图鉴 / 五星水属性 / 忍者琪隆,1
dcj,日服,五星天子图鉴,芙蕾雅,591393,五星天子图鉴 / 五星水属性 / 芙蕾雅,1
dcj,日服,五星天子图鉴,薄荷,589711,五星天子图鉴 / 五星水属性 / 薄荷,1
dcj,日服,五星天子图鉴,毗卢婆,586061,五星天子图鉴 / 五星水属性 / 毗卢婆,1
dcj,日服,五星天子图鉴,梦神,580264,五星天子图鉴 / 五星水属性 / 梦神,1
dcj,日服,五星天子图鉴,水AI,578917,五星天子图鉴 / 五星水属性 / 水AI,1
dcj,日服,五星天子图鉴,拉姆（限定）,578922,五星天子图鉴 / 五星水属性 / 拉姆（限定）,1
dcj,日服,五星天子图鉴,巴里,578923,五星天子图鉴 / 五星水属性 / 巴里,1
dcj,日服,五星天子图鉴,尊主 卡纳洛阿,162026,五星天子图鉴 / 五星水属性 / 尊主 卡纳洛阿,1
dcj,日服,五星天子图鉴,牡丹,165688,五星天子图鉴 / 五星水属性 / 牡丹,1
dcj,日服,五星天子图鉴,传奇,162170,五星天子图鉴 / 五星水属性 / 传奇,1
dcj,日服,五星天子图鉴,牛角妹,162285,五星天子图鉴 / 五星水属性 / 牛角妹,1
dcj,日服,五星天子图鉴,李施美（师妹）,578930,五星天子图鉴 / 五星水属性 / 李施美（师妹）,1
dcj,日服,五星天子图鉴,伊比法尼科尔,578943,五星天子图鉴 / 五星水属性 / 伊比法尼科尔,1
dcj,日服,五星天子图鉴,杜鹃花,91897,五星天子图鉴 / 五星水属性 / 杜鹃花,1
dcj,日服,五星天子图鉴,叶子,90915,五星天子图鉴 / 五星水属性 / 叶子,1
dcj,日服,五星天子图鉴,图兰,86922,五星天子图鉴 / 五星水属性 / 图兰,1
dcj,日服,五星天子图鉴,库巴巴,85563,五星天子图鉴 / 五星水属性 / 库巴巴,1
dcj,日服,五星天子图鉴,阿罗汉,578954,五星天子图鉴 / 五星水属性 / 阿罗汉,1
dcj,日服,五星天子图鉴,梅西耶,578951,五星天子图鉴 / 五星水属性 / 梅西耶,1
dcj,日服,五星天子图鉴,河流艾尔,81042,五星天子图鉴 / 五星水属性 / 河流艾尔,1
dcj,日服,五星天子图鉴,轻飘飘 提奥法诺,81055,五星天子图鉴 / 五星水属性 / 轻飘飘 提奥法诺,1
dcj,日服,五星天子图鉴,加油你的 捏普努,81056,五星天子图鉴 / 五星水属性 / 加油你的 捏普努,1
dcj,日服,五星天子图鉴,贪婪 プロケル,81057,五星天子图鉴 / 五星水属性 / 贪婪 プロケル,1
dcj,日服,五星天子图鉴,冰刃 尤弥尔,81058,五星天子图鉴 / 五星水属性 / 冰刃 尤弥尔,1
dcj,日服,五星天子图鉴,尼尔提,81202,五星天子图鉴 / 五星水属性 / 尼尔提,1
dcj,日服,五星天子图鉴,卡卡,81203,五星天子图鉴 / 五星水属性 / 卡卡,1
dcj,日服,五星天子图鉴,墨丘利,81204,五星天子图鉴 / 五星水属性 / 墨丘利,1
dcj,日服,五星天子图鉴,驱魔师博鲁巴,81205,五星天子图鉴 / 五星水属性 / 驱魔师博鲁巴,1
dcj,日服,五星天子图鉴,无法无天 哈比,81206,五星天子图鉴 / 五星水属性 / 无法无天 哈比,1
dcj,日服,五星天子图鉴,温柔 雷欧,81207,五星天子图鉴 / 五星水属性 / 温柔 雷欧,1
dcj,日服,五星天子图鉴,可爱 爱洛斯,81208,五星天子图鉴 / 五星水属性 / 可爱 爱洛斯,1
dcj,日服,五星天子图鉴,炼金术士 梅托塞拉,81209,五星天子图鉴 / 五星水属性 / 炼金术士 梅托塞拉,1
dcj,日服,五星天子图鉴,塞露凯特,81471,五星天子图鉴 / 五星水属性 / 塞露凯特,1
dcj,日服,五星天子图鉴,巴凯特,81472,五星天子图鉴 / 五星水属性 / 巴凯特,1
dcj,日服,五星天子图鉴,吉尔提尼,81473,五星天子图鉴 / 五星水属性 / 吉尔提尼,1
dcj,日服,五星天子图鉴,琳,81474,五星天子图鉴 / 五星水属性 / 琳,1
dcj,日服,五星天子图鉴,提丝贝,81475,五星天子图鉴 / 五星水属性 / 提丝贝,1
dcj,日服,五星天子图鉴,玛芙蒂特,81476,五星天子图鉴 / 五星水属性 / 玛芙蒂特,1
dcj,日服,五星天子图鉴,比利,81477,五星天子图鉴 / 五星水属性 / 比利,1
dcj,日服,五星天子图鉴,玛克特（限定）,83352,五星天子图鉴 / 五星水属性 / 玛克特（限定）,1
dcj,日服,五星天子图鉴,诺艾尔（限定）,81488,五星天子图鉴 / 五星水属性 / 诺艾尔（限定）,1
dcj,日服,五星天子图鉴,萨洛美,81489,五星天子图鉴 / 五星水属性 / 萨洛美,1
dcj,日服,五星天子图鉴,小浣熊（限定）,81490,五星天子图鉴 / 五星水属性 / 小浣熊（限定）,1
dcj,日服,五星天子图鉴,巴贝鲁,81491,五星天子图鉴 / 五星水属性 / 巴贝鲁,1
dcj,日服,五星天子图鉴,迪诺,81492,五星天子图鉴 / 五星水属性 / 迪诺,1
dcj,日服,五星天子图鉴,贝丝,579107,五星天子图鉴 / 五星水属性 / 贝丝,1
dcj,日服,五星天子图鉴,雪初音（限定）,579108,五星天子图鉴 / 五星水属性 / 雪初音（限定）,1
dcj,日服,五星天子图鉴,霞（限定）,579110,五星天子图鉴 / 五星水属性 / 霞（限定）,1
dcj,日服,五星天子图鉴,排球,165825,五星天子图鉴 / 五星水属性 / 排球,1
dcj,日服,五星天子图鉴,水达比,579243,五星天子图鉴 / 五星水属性 / 水达比,1
dcj,日服,五星天子图鉴,卡里普索,579245,五星天子图鉴 / 五星水属性 / 卡里普索,1
dcj,日服,五星天子图鉴,忒堤斯,579250,五星天子图鉴 / 五星水属性 / 忒堤斯,1
dcj,日服,五星天子图鉴,机械丽莎,579251,五星天子图鉴 / 五星水属性 / 机械丽莎,1
dcj,日服,五星天子图鉴,春丽（限定）,579253,五星天子图鉴 / 五星水属性 / 春丽（限定）,1
dcj,日服,五星天子图鉴,艾修,579254,五星天子图鉴 / 五星水属性 / 艾修,1
dcj,日服,五星天子图鉴,米丽娜,579255,五星天子图鉴 / 五星水属性 / 米丽娜,1
dcj,日服,五星天子图鉴,初音（限定）,579257,五星天子图鉴 / 五星水属性 / 初音（限定）,1
dcj,日服,五星天子图鉴,雪初音（限定）,579258,五星天子图鉴 / 五星水属性 / 雪初音（限定）,1
dcj,日服,五星天子图鉴,圣诞老人,579259,五星天子图鉴 / 五星水属性 / 圣诞老人,1
dcj,日服,五星天子图鉴,伊芙,579480,五星天子图鉴 / 五星水属性 / 伊芙,1
dcj,日服,五星天子图鉴,嫦娥,579481,五星天子图鉴 / 五星水属性 / 嫦娥,1
dcj,日服,五星天子图鉴,卢卡,579487,五星天子图鉴 / 五星水属性 / 卢卡,1
dcj,日服,五星天子图鉴,水盾,579491,五星天子图鉴 / 五星水属性 / 水盾,1
dcj,日服,五星天子图鉴,沉默龙,579492,五星天子图鉴 / 五星水属性 / 沉默龙,1
dcj,日服,五星天子图鉴,丑人鱼,579494,五星天子图鉴 / 五星水属性 / 丑人鱼,1
dcj,日服,五星天子图鉴,水老头,579496,五星天子图鉴 / 五星水属性 / 水老头,1
dcj,日服,五星天子图鉴,塞勒涅,595398,五星天子图鉴 / 五星木属性 / 塞勒涅,1
dcj,日服,五星天子图鉴,欧罗巴,593253,五星天子图鉴 / 五星木属性 / 欧罗巴,1
dcj,日服,五星天子图鉴,达奴,582735,五星天子图鉴 / 五星木属性 / 达奴,1
dcj,日服,五星天子图鉴,西特里,579118,五星天子图鉴 / 五星木属性 / 西特里,1
dcj,日服,五星天子图鉴,史古基,578877,五星天子图鉴 / 五星木属性 / 史古基,1
dcj,日服,五星天子图鉴,梅加拉,578907,五星天子图鉴 / 五星木属性 / 梅加拉,1
dcj,日服,五星天子图鉴,黑虎,168465,五星天子图鉴 / 五星木属性 / 黑虎,1
dcj,日服,五星天子图鉴,木奶猫芙蕾雅,165639,五星天子图鉴 / 五星木属性 / 木奶猫芙蕾雅,1
dcj,日服,五星天子图鉴,西瓜,164117,五星天子图鉴 / 五星木属性 / 西瓜,1
dcj,日服,五星天子图鉴,咸鱼,164664,五星天子图鉴 / 五星木属性 / 咸鱼,1
dcj,日服,五星天子图鉴,自然的杰米娜,162471,五星天子图鉴 / 五星木属性 / 自然的杰米娜,1
dcj,日服,五星天子图鉴,木狂暴、萨拉斯,578931,五星天子图鉴 / 五星木属性 / 木狂暴、萨拉斯,1
dcj,日服,五星天子图鉴,斯特里戈伊,578936,五星天子图鉴 / 五星木属性 / 斯特里戈伊,1
dcj,日服,五星天子图鉴,PPT佩皮塔,578938,五星天子图鉴 / 五星木属性 / PPT佩皮塔,1
dcj,日服,五星天子图鉴,格里拉,579530,五星天子图鉴 / 五星木属性 / 格里拉,1
dcj,日服,五星天子图鉴,格伦德尔,90129,五星天子图鉴 / 五星木属性 / 格伦德尔,1
dcj,日服,五星天子图鉴,莫尼亚,88029,五星天子图鉴 / 五星木属性 / 莫尼亚,1
dcj,日服,五星天子图鉴,尤娜,85573,五星天子图鉴 / 五星木属性 / 尤娜,1
dcj,日服,五星天子图鉴,凯特茜,81090,五星天子图鉴 / 五星木属性 / 凯特茜,1
dcj,日服,五星天子图鉴,罗莎娜,578957,五星天子图鉴 / 五星木属性 / 罗莎娜,1
dcj,日服,五星天子图鉴,除魔师米利安,578950,五星天子图鉴 / 五星木属性 / 除魔师米利安,1
dcj,日服,五星天子图鉴,内马尔,578946,五星天子图鉴 / 五星木属性 / 内马尔,1
dcj,日服,五星天子图鉴,维纳斯,578978,五星天子图鉴 / 五星木属性 / 维纳斯,1
dcj,日服,五星天子图鉴,欧若拉,578976,五星天子图鉴 / 五星木属性 / 欧若拉,1
dcj,日服,五星天子图鉴,温泉莫娜,578972,五星天子图鉴 / 五星木属性 / 温泉莫娜,1
dcj,日服,五星天子图鉴,铃音（限定）,578971,五星天子图鉴 / 五星木属性 / 铃音（限定）,1
dcj,日服,五星天子图鉴,喜剧的阿尔蒂斯,578960,五星天子图鉴 / 五星木属性 / 喜剧的阿尔蒂斯,1
dcj,日服,五星天子图鉴,罗宾,578958,五星天子图鉴 / 五星木属性 / 罗宾,1
dcj,日服,五星天子图鉴,怪盗拉弗斯,578991,五星天子图鉴 / 五星木属性 / 怪盗拉弗斯,1
dcj,日服,五星天子图鉴,定制地狱,578992,五星天子图鉴 / 五星木属性 / 定制地狱,1
dcj,日服,五星天子图鉴,木糖猫,578993,五星天子图鉴 / 五星木属性 / 木糖猫,1
dcj,日服,五星天子图鉴,诱惑的黑客,578994,五星天子图鉴 / 五星木属性 / 诱惑的黑客,1
dcj,日服,五星天子图鉴,路易斯,578995,五星天子图鉴 / 五星木属性 / 路易斯,1
dcj,日服,五星天子图鉴,凯瑟琳（限定）,578996,五星天子图鉴 / 五星木属性 / 凯瑟琳（限定）,1
dcj,日服,五星天子图鉴,安妮,578998,五星天子图鉴 / 五星木属性 / 安妮,1
dcj,日服,五星天子图鉴,纳维,578999,五星天子图鉴 / 五星木属性 / 纳维,1
dcj,日服,五星天子图鉴,木相机,579112,五星天子图鉴 / 五星木属性 / 木相机,1
dcj,日服,五星天子图鉴,薮猫（限定）,579113,五星天子图鉴 / 五星木属性 / 薮猫（限定）,1
dcj,日服,五星天子图鉴,木锤,579114,五星天子图鉴 / 五星木属性 / 木锤,1
dcj,日服,五星天子图鉴,羊妹,579115,五星天子图鉴 / 五星木属性 / 羊妹,1
dcj,日服,五星天子图鉴,妮可,579116,五星天子图鉴 / 五星木属性 / 妮可,1
dcj,日服,五星天子图鉴,巴托里,81069,五星天子图鉴 / 五星木属性 / 巴托里,1
dcj,日服,五星天子图鉴,奥哈德,579117,五星天子图鉴 / 五星木属性 / 奥哈德,1
dcj,日服,五星天子图鉴,玛丽·萝丝,81066,五星天子图鉴 / 五星木属性 / 玛丽·萝丝,1
dcj,日服,五星天子图鉴,木丽莎,579260,五星天子图鉴 / 五星木属性 / 木丽莎,1
dcj,日服,五星天子图鉴,柳道士,579261,五星天子图鉴 / 五星木属性 / 柳道士,1
dcj,日服,五星天子图鉴,自请妃,579262,五星天子图鉴 / 五星木属性 / 自请妃,1
dcj,日服,五星天子图鉴,木莫娜,579263,五星天子图鉴 / 五星木属性 / 木莫娜,1
dcj,日服,五星天子图鉴,卢因斯,579281,五星天子图鉴 / 五星木属性 / 卢因斯,1
dcj,日服,五星天子图鉴,军奶,579283,五星天子图鉴 / 五星木属性 / 军奶,1
dcj,日服,五星天子图鉴,木鼠,579284,五星天子图鉴 / 五星木属性 / 木鼠,1
dcj,日服,五星天子图鉴,加米（限定）,579289,五星天子图鉴 / 五星木属性 / 加米（限定）,1
dcj,日服,五星天子图鉴,木嫦娥,579292,五星天子图鉴 / 五星木属性 / 木嫦娥,1
dcj,日服,五星天子图鉴,坎卜斯,81050,五星天子图鉴 / 五星木属性 / 坎卜斯,1
dcj,日服,五星天子图鉴,弥达斯,579531,五星天子图鉴 / 五星木属性 / 弥达斯,1
dcj,日服,五星天子图鉴,木奶,579523,五星天子图鉴 / 五星木属性 / 木奶,1
dcj,日服,五星天子图鉴,猪皇,579524,五星天子图鉴 / 五星木属性 / 猪皇,1
dcj,日服,五星天子图鉴,木高达,579525,五星天子图鉴 / 五星木属性 / 木高达,1
dcj,日服,五星天子图鉴,美国佬,579526,五星天子图鉴 / 五星木属性 / 美国佬,1
dcj,日服,五星天子图鉴,背包,579528,五星天子图鉴 / 五星木属性 / 背包,1
dcj,日服,五星天子图鉴,赛莲,579532,五星天子图鉴 / 五星木属性 / 赛莲,1
dcj,日服,五星天子图鉴,检索细则,578885,五星天子图鉴 / 检索细则 / 检索细则,1
dcj,日服,花牌,一个炎热的夏日,595389,花牌 / 五星花牌 / 一个炎热的夏日,1
dcj,日服,花牌,在遮阳伞下,593252,花牌 / 五星花牌 / 在遮阳伞下,1
dcj,日服,花牌,艺术家苦恼的眼光,593251,花牌 / 五星花牌 / 艺术家苦恼的眼光,1
dcj,日服,花牌,丽莎的课外课程,591971,花牌 / 五星花牌 / 丽莎的课外课程,1
dcj,日服,花牌,甜味和辛辣,591972,花牌 / 五星花牌 / 甜味和辛辣,1
dcj,日服,花牌,空中庭園,591973,花牌 / 五星花牌 / 空中庭園,1
dcj,日服,花牌,最后一关,591975,花牌 / 五星花牌 / 最后一关,1
dcj,日服,花牌,完成的圣水,591977,花牌 / 五星花牌 / 完成的圣水,1
dcj,日服,花牌,在海上玩水枪,591976,花牌 / 五星花牌 / 在海上玩水枪,1
dcj,日服,花牌,纯粹的光,591978,花牌 / 五星花牌 / 纯粹的光,1
dcj,日服,花牌,妖精的祝福,591980,花牌 / 五星花牌 / 妖精的祝福,1
dcj,日服,花牌,动荡的年终派对,591981,花牌 / 五星花牌 / 动荡的年终派对,1
dcj,日服,花牌,达比们的晚餐时间,591982,花牌 / 五星花牌 / 达比们的晚餐时间,1
dcj,日服,花牌,Shall we dance?,591983,花牌 / 五星花牌 / Shall we dance?,1
dcj,日服,花牌,最佳着装,591984,花牌 / 五星花牌 / 最佳着装,1
dcj,日服,花牌,回忆之夜,591985,花牌 / 五星花牌 / 回忆之夜,1
dcj,日服,花牌,老板，好球!,591986,花牌 / 五星花牌 / 老板，好球!,1
dcj,日服,花牌,超活力斗士,591991,花牌 / 五星花牌 / 超活力斗士,1
dcj,日服,花牌,和重要的伙伴一起去任何地方,591992,花牌 / 五星花牌 / 和重要的伙伴一起去任何地方,1
dcj,日服,花牌,丽莎的台球技术,591994,花牌 / 五星花牌 / 丽莎的台球技术,1
dcj,日服,花牌,西特利的诱惑,591999,花牌 / 五星花牌 / 西特利的诱惑,1
dcj,日服,花牌,萨满的日光浴,591990,花牌 / 五星花牌 / 萨满的日光浴,1
dcj,日服,花牌,离目标只有一步之遥,591996,花牌 / 五星花牌 / 离目标只有一步之遥,1
dcj,日服,花牌,享受夏天的方法,592002,花牌 / 五星花牌 / 享受夏天的方法,1
dcj,日服,花牌,对你灿烂的微笑,592000,花牌 / 五星花牌 / 对你灿烂的微笑,1
dcj,日服,花牌,夏日海上的吸血鬼女王,591989,花牌 / 五星花牌 / 夏日海上的吸血鬼女王,1
dcj,日服,花牌,一起度过的冬天,591979,花牌 / 五星花牌 / 一起度过的冬天,1
dcj,日服,花牌,炼狱和地狱的边界,592001,花牌 / 五星花牌 / 炼狱和地狱的边界,1
dcj,日服,花牌,凯布利,592013,花牌 / 五星花牌 / 凯布利,1
dcj,日服,花牌,女神顕現,592014,花牌 / 五星花牌 / 女神顕現,1
dcj,日服,花牌,礼物到了。,592015,花牌 / 五星花牌 / 礼物到了。,1
dcj,日服,花牌,像火焰一样闪耀,592016,花牌 / 五星花牌 / 像火焰一样闪耀,1
dcj,日服,花牌,疯狂的下午茶时间,591993,花牌 / 五星花牌 / 疯狂的下午茶时间,1
dcj,日服,花牌,死亡甜点,592008,花牌 / 五星花牌 / 死亡甜点,1
dcj,日服,花牌,猎虎的狐狸,592010,花牌 / 五星花牌 / 猎虎的狐狸,1
dcj,日服,花牌,女神再臨,592011,花牌 / 五星花牌 / 女神再臨,1
dcj,日服,花牌,Are you ready?,592012,花牌 / 五星花牌 / Are you ready?,1
dcj,日服,花牌,気分転換,592018,花牌 / 五星花牌 / 気分転換,1
dcj,日服,花牌,休闲的咖啡馆,592020,花牌 / 五星花牌 / 休闲的咖啡馆,1
dcj,日服,花牌,女王的回忆（艳后）,592021,花牌 / 五星花牌 / 女王的回忆（艳后）,1
dcj,日服,花牌,两人的誓言,592022,花牌 / 五星花牌 / 两人的誓言,1
dcj,日服,花牌,你有积分卡吗?,592023,花牌 / 五星花牌 / 你有积分卡吗?,1
dcj,日服,花牌,太阳的影子,592024,花牌 / 五星花牌 / 太阳的影子,1
dcj,日服,花牌,邪恶与邪恶的交战,592025,花牌 / 五星花牌 / 邪恶与邪恶的交战,1
dcj,日服,花牌,无休止的战斗,592027,花牌 / 五星花牌 / 无休止的战斗,1
dcj,日服,花牌,小小梦魔的点心时间,592019,花牌 / 五星花牌 / 小小梦魔的点心时间,1
dcj,日服,花牌,頭脳戦,592033,花牌 / 五星花牌 / 頭脳戦,1
dcj,日服,花牌,意想不到的伴侣,592005,花牌 / 五星花牌 / 意想不到的伴侣,1
dcj,日服,花牌,普罗克尔的万圣节cosplay,592034,花牌 / 五星花牌 / 普罗克尔的万圣节cosplay,1
dcj,日服,花牌,旅途中的小憩,592035,花牌 / 五星花牌 / 旅途中的小憩,1
dcj,日服,花牌,复活赛特,592003,花牌 / 五星花牌 / 复活赛特,1
dcj,日服,花牌,安息吧,592006,花牌 / 五星花牌 / 安息吧,1
dcj,日服,花牌,水力发射器,592036,花牌 / 五星花牌 / 水力发射器,1
dcj,日服,花牌,仰望银河,592004,花牌 / 五星花牌 / 仰望银河,1
dcj,日服,花牌,别哭，里奥,592007,花牌 / 五星花牌 / 别哭，里奥,1
dcj,日服,花牌,宁静的牧羊场,592037,花牌 / 五星花牌 / 宁静的牧羊场,1
dcj,日服,花牌,新人歓迎会,592038,花牌 / 五星花牌 / 新人歓迎会,1
dcj,日服,花牌,新娘服装的浪漫,592039,花牌 / 五星花牌 / 新娘服装的浪漫,1
dcj,日服,花牌,米里亚姆的记忆,592040,花牌 / 五星花牌 / 米里亚姆的记忆,1
dcj,日服,花牌,手牵手,592009,花牌 / 五星花牌 / 手牵手,1
dcj,日服,花牌,花的天堂,592043,花牌 / 五星花牌 / 花的天堂,1
dcj,日服,花牌,在春天的海边散步,592044,花牌 / 五星花牌 / 在春天的海边散步,1
dcj,日服,花牌,贝丝赏花,592045,花牌 / 五星花牌 / 贝丝赏花,1
dcj,日服,花牌,等我，小夜子,591995,花牌 / 五星花牌 / 等我，小夜子,1
dcj,日服,花牌,鬼若子丽莎的花舞,592046,花牌 / 五星花牌 / 鬼若子丽莎的花舞,1
dcj,日服,花牌,里奥的礼物,592047,花牌 / 五星花牌 / 里奥的礼物,1
dcj,日服,花牌,朱诺的感觉,592048,花牌 / 五星花牌 / 朱诺的感觉,1
dcj,日服,花牌,再来点巧克力,592049,花牌 / 五星花牌 / 再来点巧克力,1
dcj,日服,花牌,卡因大人!,592050,花牌 / 五星花牌 / 卡因大人!,1
dcj,日服,花牌,和你姐姐一起,592051,花牌 / 五星花牌 / 和你姐姐一起,1
dcj,日服,花牌,失去的人们,592054,花牌 / 五星花牌 / 失去的人们,1
dcj,日服,花牌,我全心全意地唱,592055,花牌 / 五星花牌 / 我全心全意地唱,1
dcj,日服,花牌,适配,592056,花牌 / 五星花牌 / 适配,1
dcj,日服,花牌,甜蜜的作曲家,592057,花牌 / 五星花牌 / 甜蜜的作曲家,1
dcj,日服,花牌,终于见到你了,592058,花牌 / 五星花牌 / 终于见到你了,1
dcj,日服,花牌,温泉旅行,592059,花牌 / 五星花牌 / 温泉旅行,1
dcj,日服,花牌,我一直在等你,592060,花牌 / 五星花牌 / 我一直在等你,1
dcj,日服,花牌,命运中的恋爱,592061,花牌 / 五星花牌 / 命运中的恋爱,1
dcj,日服,花牌,打扰了... ?,592063,花牌 / 五星花牌 / 打扰了... ?,1
dcj,日服,花牌,黄昏的海边,592064,花牌 / 五星花牌 / 黄昏的海边,1
dcj,日服,花牌,深海会合,592065,花牌 / 五星花牌 / 深海会合,1
dcj,日服,花牌,最强的转校生,592071,花牌 / 五星花牌 / 最强的转校生,1
dcj,日服,花牌,我们去海边玩吧,592070,花牌 / 五星花牌 / 我们去海边玩吧,1
dcj,日服,花牌,豪华的夏天,592069,花牌 / 五星花牌 / 豪华的夏天,1
dcj,日服,花牌,怎么穿?,592068,花牌 / 五星花牌 / 怎么穿?,1
dcj,日服,花牌,在家的夏季约会,592067,花牌 / 五星花牌 / 在家的夏季约会,1
dcj,日服,花牌,夏季度假,592066,花牌 / 五星花牌 / 夏季度假,1
dcj,日服,花牌,海滩自助餐,591998,花牌 / 五星花牌 / 海滩自助餐,1
dcj,日服,花牌,夏天去冲浪!,592072,花牌 / 五星花牌 / 夏天去冲浪!,1
dcj,日服,花牌,卢萨尔卡的单相思,592074,花牌 / 五星花牌 / 卢萨尔卡的单相思,1
dcj,日服,花牌,第二次死亡,592137,花牌 / 五星花牌 / 第二次死亡,1
dcj,日服,花牌,扑克牌,592076,花牌 / 五星花牌 / 扑克牌,1
dcj,日服,花牌,恋爱的开始,592077,花牌 / 五星花牌 / 恋爱的开始,1
dcj,日服,花牌,无辜的恶意,592078,花牌 / 五星花牌 / 无辜的恶意,1
dcj,日服,花牌,祈祷的少女,592079,花牌 / 五星花牌 / 祈祷的少女,1
dcj,日服,花牌,对战游戏书呆子,592080,花牌 / 五星花牌 / 对战游戏书呆子,1
dcj,日服,花牌,王子抱抱,592081,花牌 / 五星花牌 / 王子抱抱,1
dcj,日服,花牌,过河拆桥,592082,花牌 / 五星花牌 / 过河拆桥,1
dcj,日服,花牌,周年纪念!,592083,花牌 / 五星花牌 / 周年纪念!,1
dcj,日服,花牌,强烈的思念,592085,花牌 / 五星花牌 / 强烈的思念,1
dcj,日服,花牌,天使的微笑,592086,花牌 / 五星花牌 / 天使的微笑,1
dcj,日服,花牌,怨与业,592087,花牌 / 五星花牌 / 怨与业,1
dcj,日服,花牌,池畔,592088,花牌 / 五星花牌 / 池畔,1
dcj,日服,花牌,多米纳斯 · 多奥,592089,花牌 / 五星花牌 / 多米纳斯 · 多奥,1
dcj,日服,花牌,好朋友三人组,592090,花牌 / 五星花牌 / 好朋友三人组,1
dcj,日服,花牌,神所看见的梦,592091,花牌 / 五星花牌 / 神所看见的梦,1
dcj,日服,花牌,永恒的誓言,592092,花牌 / 五星花牌 / 永恒的誓言,1
dcj,日服,花牌,月夜温泉,592093,花牌 / 五星花牌 / 月夜温泉,1
dcj,日服,花牌,PPP启动阶段,592096,花牌 / 五星花牌 / PPP启动阶段,1
dcj,日服,花牌,阳光穿过树叶的温泉,592097,花牌 / 五星花牌 / 阳光穿过树叶的温泉,1
dcj,日服,花牌,软绵绵的甜瓜面包,592098,花牌 / 五星花牌 / 软绵绵的甜瓜面包,1
dcj,日服,花牌,油亮水蜜桃,592099,花牌 / 五星花牌 / 油亮水蜜桃,1
dcj,日服,花牌,祝福迷途的羔羊,592100,花牌 / 五星花牌 / 祝福迷途的羔羊,1
dcj,日服,花牌,极端的混乱,592101,花牌 / 五星花牌 / 极端的混乱,1
dcj,日服,花牌,失去的梦,592102,花牌 / 五星花牌 / 失去的梦,1
dcj,日服,花牌,手工巧克力,592103,花牌 / 五星花牌 / 手工巧克力,1
dcj,日服,花牌,暗黑街的女主人,592105,花牌 / 五星花牌 / 暗黑街的女主人,1
dcj,日服,花牌,上帝保佑,592106,花牌 / 五星花牌 / 上帝保佑,1
dcj,日服,花牌,宝藏猎人,592107,花牌 / 五星花牌 / 宝藏猎人,1
dcj,日服,花牌,梅尔蒂圣诞节,592110,花牌 / 五星花牌 / 梅尔蒂圣诞节,1
dcj,日服,花牌,珍贵的礼物,592108,花牌 / 五星花牌 / 珍贵的礼物,1
dcj,日服,花牌,危险的赌徒,592111,花牌 / 五星花牌 / 危险的赌徒,1
dcj,日服,花牌,蛋糕的美学,592112,花牌 / 五星花牌 / 蛋糕的美学,1
dcj,日服,花牌,赛车服,592113,花牌 / 五星花牌 / 赛车服,1
dcj,日服,花牌,短暂的和平,592114,花牌 / 五星花牌 / 短暂的和平,1
dcj,日服,花牌,天才美少年的冒险,592109,花牌 / 五星花牌 / 天才美少年的冒险,1
dcj,日服,花牌,贵公子的新年,592117,花牌 / 五星花牌 / 贵公子的新年,1
dcj,日服,花牌,拿酒来!,592116,花牌 / 五星花牌 / 拿酒来!,1
dcj,日服,花牌,回家部的新年,592115,花牌 / 五星花牌 / 回家部的新年,1
dcj,日服,花牌,圣诞礼物,592119,花牌 / 五星花牌 / 圣诞礼物,1
dcj,日服,花牌,星光舞台,592120,花牌 / 五星花牌 / 星光舞台,1
dcj,日服,花牌,灵感,592121,花牌 / 五星花牌 / 灵感,1
dcj,日服,花牌,月下美人,592122,花牌 / 五星花牌 / 月下美人,1
dcj,日服,花牌,佐佐木小次郎的回归,592123,花牌 / 五星花牌 / 佐佐木小次郎的回归,1
dcj,日服,花牌,安德莎玫瑰,592124,花牌 / 五星花牌 / 安德莎玫瑰,1
dcj,日服,花牌,万圣节的歌女,592125,花牌 / 五星花牌 / 万圣节的歌女,1
dcj,日服,花牌,表演时间!,592126,花牌 / 五星花牌 / 表演时间!,1
dcj,日服,花牌,绫音,592127,花牌 / 五星花牌 / 绫音,1
dcj,日服,花牌,玉树,592128,花牌 / 五星花牌 / 玉树,1
dcj,日服,花牌,放荡不羁的思想,592129,花牌 / 五星花牌 / 放荡不羁的思想,1
dcj,日服,花牌,互相争吵的心,592130,花牌 / 五星花牌 / 互相争吵的心,1
dcj,日服,花牌,第七次离家出走,592131,花牌 / 五星花牌 / 第七次离家出走,1
dcj,日服,花牌,禁果,592132,花牌 / 五星花牌 / 禁果,1
dcj,日服,花牌,冰美式加诺,592133,花牌 / 五星花牌 / 冰美式加诺,1
dcj,日服,花牌,海边的女神,592134,花牌 / 五星花牌 / 海边的女神,1
dcj,日服,花牌,烈日下的刀刃,592135,花牌 / 五星花牌 / 烈日下的刀刃,1
dcj,日服,花牌,潜水！,592136,花牌 / 五星花牌 / 潜水！,1
dcj,日服,花牌,希金斯的女儿们,592138,花牌 / 五星花牌 / 希金斯的女儿们,1
dcj,日服,花牌,遠藤兄弟,592139,花牌 / 五星花牌 / 遠藤兄弟,1
dcj,日服,花牌,夏日祭典之夜,592140,花牌 / 五星花牌 / 夏日祭典之夜,1
dcj,日服,花牌,VACATION,592141,花牌 / 五星花牌 / VACATION,1
dcj,日服,花牌,海滩休闲,592142,花牌 / 五星花牌 / 海滩休闲,1
dcj,日服,花牌,海中约会,592143,花牌 / 五星花牌 / 海中约会,1
dcj,日服,花牌,下午休息,592144,花牌 / 五星花牌 / 下午休息,1
dcj,日服,花牌,S.O.W,592145,花牌 / 五星花牌 / S.O.W,1
dcj,日服,花牌,公主抱,592146,花牌 / 五星花牌 / 公主抱,1
dcj,日服,花牌,传说的勇者,592147,花牌 / 五星花牌 / 传说的勇者,1
dcj,日服,花牌,午夜伴侣,592148,花牌 / 五星花牌 / 午夜伴侣,1
dcj,日服,花牌,一个流浪的道士,592149,花牌 / 五星花牌 / 一个流浪的道士,1
dcj,日服,花牌,审判日,592172,花牌 / 五星花牌 / 审判日,1
dcj,日服,花牌,Believe,592174,花牌 / 五星花牌 / Believe,1
dcj,日服,花牌,被束缚在屁股后面的恶魔,592175,花牌 / 五星花牌 / 被束缚在屁股后面的恶魔,1
dcj,日服,花牌,藤条架下的承诺,592176,花牌 / 五星花牌 / 藤条架下的承诺,1
dcj,日服,花牌,调教恶魔的专家,592177,花牌 / 五星花牌 / 调教恶魔的专家,1
dcj,日服,花牌,撒旦的王座,592178,花牌 / 五星花牌 / 撒旦的王座,1
dcj,日服,花牌,S.T.F,592181,花牌 / 五星花牌 / S.T.F,1
dcj,日服,花牌,猎杀恶魔的恶魔,592182,花牌 / 五星花牌 / 猎杀恶魔的恶魔,1
dcj,日服,花牌,微笑的力量,592184,花牌 / 五星花牌 / 微笑的力量,1
dcj,日服,花牌,穿越碧天的矜持,592185,花牌 / 五星花牌 / 穿越碧天的矜持,1
dcj,日服,花牌,绀蓝的少女,592187,花牌 / 五星花牌 / 绀蓝的少女,1
dcj,日服,花牌,和一个牧师一起,592188,花牌 / 五星花牌 / 和一个牧师一起,1
dcj,日服,花牌,作战会议!,592190,花牌 / 四星花牌 / 作战会议!,1
dcj,日服,花牌,NIGHTMARE,592191,花牌 / 四星花牌 / NIGHTMARE,1
dcj,日服,花牌,女天狗,592192,花牌 / 四星花牌 / 女天狗,1
dcj,日服,花牌,露娜,592193,花牌 / 四星花牌 / 露娜,1
dcj,日服,花牌,仰望青云,592194,花牌 / 四星花牌 / 仰望青云,1
dcj,日服,花牌,蕾西亚,592195,花牌 / 四星花牌 / 蕾西亚,1
dcj,日服,花牌,享乐之城,592196,花牌 / 四星花牌 / 享乐之城,1
dcj,日服,花牌,梦之队,592197,花牌 / 四星花牌 / 梦之队,1
dcj,日服,花牌,HERO,592198,花牌 / 四星花牌 / HERO,1
dcj,日服,花牌,战略家之夜,592199,花牌 / 四星花牌 / 战略家之夜,1
dcj,日服,花牌,高跳,592200,花牌 / 四星花牌 / 高跳,1
dcj,日服,花牌,TIME OVER,592201,花牌 / 四星花牌 / TIME OVER,1
dcj,日服,花牌,女神的洗礼,592202,花牌 / 四星花牌 / 女神的洗礼,1
dcj,日服,花牌,今天是好孩子魔亚哦,592203,花牌 / 四星花牌 / 今天是好孩子魔亚哦,1
dcj,日服,花牌,美咲,592204,花牌 / 三星花牌 / 美咲,1
dcj,日服,花牌,心,592205,花牌 / 三星花牌 / 心,1
dcj,日服,花牌,认真的劳动者,592206,花牌 / 三星花牌 / 认真的劳动者,1
dcj,日服,花牌,小小的袭击者,592207,花牌 / 三星花牌 / 小小的袭击者,1
dcj,日服,花牌,下午的列车,592208,花牌 / 三星花牌 / 下午的列车,1
dcj,日服,花牌,秘密约会,592209,花牌 / 三星花牌 / 秘密约会,1
dcj,日服,花牌,甜蜜求婚,592210,花牌 / 三星花牌 / 甜蜜求婚,1
dcj,日服,花牌,海洋偶像,592211,花牌 / 三星花牌 / 海洋偶像,1
