[Licensing::Module] Trying to connect to existing licensing client channel...
Built from '6000.3/staging' branch; Version is '6000.3.23f1 (09d2ecc7fb28) revision 643820'; Using compiler version '194234433'; Build Type 'Release'
[Licensing::IpcConnector] Channel LicenseClient-Administrator doesn't exist
OS: 'Windows 11  (10.0.26200) Professional' Language: 'zh' Physical Memory: 32581 MB
BatchMode: 0, IsHumanControllingUs: 1, StartBugReporterOnCrash: 1, Is64bit: 1
System  architecture: x64
Process architecture: x64
Date: 2026-09-16T05:00:53Z
[Licensing::Module] Successfully launched the LicensingClient (PId: 5688)
[Licensing::IpcConnector] Successfully connected to: "LicenseClient-Administrator" at "2026-09-16T05:00:56.2239531Z"

COMMAND LINE ARGUMENTS:
D:\Unity\Hub\Editor\6000.3.23f1\Editor\Unity.exe
-projectPath
F:\天命之子\client
-natural-play
-natural-scenario
np.basic.v1
-executeMethod
Resonance.EditorTools.NaturalPlaySmoke.CliBasic
-logFile
F:\天命之子\DC_RECON_KIT\m1\REVIEW_a82801b\logs\editor-np-basic-v1-20260916T050046.log
Successfully changed project path to: F:\天命之子\client
F:/天命之子/client
[UnityMemory] Configuration Parameters - Can be set up in boot.config
    "memorysetup-temp-allocator-size-nav-mesh-worker=65536"
    "memorysetup-temp-allocator-size-audio-worker=65536"
    "memorysetup-temp-allocator-size-gfx=262144"
    "memorysetup-allocator-temp-initial-block-size-main=262144"
    "memorysetup-allocator-temp-initial-block-size-worker=262144"
    "memorysetup-temp-allocator-size-background-worker=32768"
    "memorysetup-temp-allocator-size-job-worker=262144"
    "memorysetup-temp-allocator-size-preload-manager=33554432"
    "memorysetup-remapper-allocator-initial-capacity=32768"
    "memorysetup-temp-allocator-size-gi-baking-worker=262144"
    "memorysetup-temp-allocator-size-gi-baking-worker=262144"
    "memorysetup-temp-allocator-size-gi-baking-worker=262144"
    "memorysetup-temp-allocator-size-gi-baking-worker=262144"
    "memorysetup-temp-allocator-size-gi-baking-worker=262144"
    "memorysetup-bucket-allocator-granularity=16"
    "memorysetup-bucket-allocator-bucket-count=8"
    "memorysetup-bucket-allocator-block-size=33554432"
    "memorysetup-bucket-allocator-block-count=8"
    "memorysetup-main-allocator-block-size=16777216"
    "memorysetup-thread-allocator-block-size=16777216"
    "memorysetup-gfx-main-allocator-block-size=16777216"
    "memorysetup-gfx-thread-allocator-block-size=16777216"
    "memorysetup-cache-allocator-block-size=4194304"
    "memorysetup-typetree-allocator-block-size=2097152"
    "memorysetup-profiler-bucket-allocator-granularity=16"
    "memorysetup-profiler-bucket-allocator-bucket-count=8"
    "memorysetup-profiler-bucket-allocator-block-size=33554432"
    "memorysetup-profiler-bucket-allocator-block-count=8"
    "memorysetup-profiler-allocator-block-size=16777216"
    "memorysetup-profiler-editor-allocator-block-size=1048576"
    "memorysetup-temp-allocator-size-main=16777216"
    "memorysetup-job-temp-allocator-block-size=2097152"
    "memorysetup-job-temp-allocator-block-size-background=1048576"
    "memorysetup-job-temp-allocator-reduction-small-platforms=262144"
    "memorysetup-temp-allocator-size-cloud-worker=32768"
Player connection [63368]  Target information:

Player connection [63368]  * "[IP] 192.168.1.54 [Port] 55504 [Flags] 2 [Guid] 3998285953 [EditorId] 3998285953 [Version] 1048832 [Id] WindowsEditor(7,DESKTOP-AKI3LSA) [Debug] 1 [PackageName] WindowsEditor [ProjectName] Editor" 

Player connection [63368]  * "[IP] 198.18.0.1 [Port] 55504 [Flags] 2 [Guid] 3998285953 [EditorId] 3998285953 [Version] 1048832 [Id] WindowsEditor(7,DESKTOP-AKI3LSA) [Debug] 1 [PackageName] WindowsEditor [ProjectName] Editor" 

Player connection [63368] Host joined multi-casting on [225.0.0.222:54997]...
Player connection [63368] Host joined alternative multi-casting on [225.0.0.222:34997]...
Input System module state changed to: Initialized.
[Physics::Module] Initialized fallback backend.
[Physics::Module] Id: 0xdecafbad
[Licensing::Client] Code 10 while verifying Licensing Client signature (process Id: 5688, path: "D:/Unity/Hub/Editor/6000.3.23f1/Editor/Data/Resources/Licensing/Client/Unity.Licensing.Client.exe")
[Licensing::Module] LicensingClient has failed validation; ignoring
[Package Manager] Connected to IPC stream "Upm-36484" after 1.4 seconds.
[Licensing::Module] Licensing is not yet initialized.
[Licensing::Client] Handshaking with LicensingClient:
  Version:                 1.18.3+d7ffd15
  Session Id:              ab5d28d8aa0e460d876c383984a9b28b
  Correlation Id:          2df469f4adea294f0cf64bb49c0b2349
  External correlation Id: 2117624660184818382
  Machine Id:              2I/XDZsLcGAfRljEGy76IATF7BI=
[Licensing::Module] Successfully connected to LicensingClient on channel: "LicenseClient-Administrator" (connect: 1.98s, validation: 3.21s, handshake: 1.35s)
[Licensing::IpcConnector] Successfully connected to: "LicenseClient-Administrator-notifications" at "2026-09-16T05:01:00.787275Z"
[Licensing::Module] Connected to LicensingClient (PId: 5688, launch time: 0.55, total connection time: 6.54s)
[Licensing::Module] Error: Access token is unavailable; failed to update
[Licensing::Client] Successfully resolved entitlement details
[Licensing::Module] License group:
  Id: F4-99BH-9QMP-CCW5-HN7U-XXXX
  Product: Unity Personal
  Type: ULF
  Expiration: 2026-09-24T19:37:20Z
[Licensing::Module] License group:
  Id: ewogICJzdWJzR3JvdXAiIDogInVuaXR5IGVkaXRvciIsCiAgIm5hbWVzcGFjZSIgOiAidW5pdHlfZWRpdG9yIiwKICAidHlwZSIgOiAiRURJVE9SIiwKICAidGFnIiA6ICJVbml0eVBlcnNvbmFsXXXX
  Product: Unity Personal Version
  Type: Assigned
  Expiration: Unlimited
[Licensing::Client] Successfully updated license, isAsync: True, time: 0.02
[Licensing::Client] Successfully resolved entitlement details
[Licensing::Module] License group:
  Id: F4-99BH-9QMP-CCW5-HN7U-XXXX
  Product: Unity Personal
  Type: ULF
  Expiration: 2026-09-24T19:37:20Z
[Licensing::Module] License group:
  Id: ewogICJzdWJzR3JvdXAiIDogInVuaXR5IGVkaXRvciIsCiAgIm5hbWVzcGFjZSIgOiAidW5pdHlfZWRpdG9yIiwKICAidHlwZSIgOiAiRURJVE9SIiwKICAidGFnIiA6ICJVbml0eVBlcnNvbmFsXXXX
  Product: Unity Personal Version
  Type: Assigned
  Expiration: Unlimited
[Licensing::Module] Licensing Background thread has ended after 7.38s
[Licensing::Module] Licensing is initialized (took 2.86s).
[Licensing::Client] Successfully resolved entitlement details
[Licensing::Module] License group:
  Id: F4-99BH-9QMP-CCW5-HN7U-XXXX
  Product: Unity Personal
  Type: ULF
  Expiration: 2026-09-24T19:37:20Z
[Licensing::Module] License group:
  Id: ewogICJzdWJzR3JvdXAiIDogInVuaXR5IGVkaXRvciIsCiAgIm5hbWVzcGFjZSIgOiAidW5pdHlfZWRpdG9yIiwKICAidHlwZSIgOiAiRURJVE9SIiwKICAidGFnIiA6ICJVbml0eVBlcnNvbmFsXXXX
  Product: Unity Personal Version
  Type: Assigned
  Expiration: Unlimited
Library Redirect Path: Library/
[Physics::Module] Selected backend.
[Physics::Module] Name: PhysX
[Physics::Module] Id: 0xf2b8ea05
[Physics::Module] SDK Version: 4.1.2
[Physics::Module] Integration Version: 1.0.0
[Physics::Module] Threading Mode: Multi-Threaded
Refreshing native plugins compatible for Editor in 9.79 ms, found 3 plugins.
Preloading 0 native plugins for Editor in 0.00 ms.
Initialize engine version: 6000.3.23f1 (09d2ecc7fb28)
[Subsystems] Discovering subsystems at path D:/Unity/Hub/Editor/6000.3.23f1/Editor/Data/Resources/UnitySubsystems
[Subsystems] Discovering subsystems at path F:/天命之子/client/Assets
[D3D12 Device Filter] Vendor Name: NVIDIA
[D3D12 Device Filter] Device Name: NVIDIA GeForce RTX 4060 Ti
[D3D12 Device Filter] Driver Version: 32.0.16.1047
[D3D12 Device Filter] Feature Level: 12.2
[D3D12 Device Filter] Graphics Memory: 7949 MB
[D3D12 Device Filter] Processor Count: 16
[D3D12 Device Filter] Device Type: Discrete
GfxDevice: creating device client; kGfxThreadingModeSplitJobs
d3d12: failed to query info queue interface (0x80004002).
Direct3D:
    Version:         Direct3D 12 [level 12.2]
    Renderer:        NVIDIA GeForce RTX 4060 Ti (ID=0x2803)
    Vendor:          NVIDIA
    VRAM:            7949 MB
    App VRAM Budget: 7181 MB
    Driver:          32.0.16.1047
Initialize mono
Mono path[0] = 'D:/Unity/Hub/Editor/6000.3.23f1/Editor/Data/Managed'
Mono path[1] = 'D:/Unity/Hub/Editor/6000.3.23f1/Editor/Data/MonoBleedingEdge/lib/mono/unityjit-win32'
Mono config path = 'D:/Unity/Hub/Editor/6000.3.23f1/Editor/Data/MonoBleedingEdge/etc'
Using monoOptions --debugger-agent=transport=dt_socket,embedding=1,server=y,suspend=n,address=127.0.0.1:56484
Using cacheserver namespaces - metadata:defaultmetadata, artifacts:defaultartifacts
Using cacheserver namespaces - metadata:defaultmetadata, artifacts:defaultartifacts
ImportWorker Server TCP listen port: 0
AcceleratorClientConnectionCallback - disconnected - :0
Begin MonoManager ReloadAssembly
Registering precompiled unity dll's ...
Register platform support module: D:/Unity/Hub/Editor/6000.3.23f1/Editor/Data/PlaybackEngines/WindowsStandaloneSupport/UnityEditor.WindowsStandalone.Extensions.dll
[Licensing::Client] Successfully resolved entitlement details
[Licensing::Module] License group:
  Id: F4-99BH-9QMP-CCW5-HN7U-XXXX
  Product: Unity Personal
  Type: ULF
  Expiration: 2026-09-24T19:37:20Z
[Licensing::Module] License group:
  Id: ewogICJzdWJzR3JvdXAiIDogInVuaXR5IGVkaXRvciIsCiAgIm5hbWVzcGFjZSIgOiAidW5pdHlfZWRpdG9yIiwKICAidHlwZSIgOiAiRURJVE9SIiwKICAidGFnIiA6ICJVbml0eVBlcnNvbmFsXXXX
  Product: Unity Personal Version
  Type: Assigned
  Expiration: Unlimited
Register platform support module: D:/Unity/Hub/Editor/6000.3.23f1/Editor/Data/PlaybackEngines/AndroidPlayer/UnityEditor.Android.Extensions.dll
Registered in 0.061888 seconds.
- Loaded All Assemblies, in  1.762 seconds
Native extension for Android target not found
Native extension for WindowsStandalone target not found
Package Manager log level set to [2]
ScheduleIndexationOnStartup MainProcess:False IndexOnStartup:True
Mono: successfully reloaded assembly
- Finished resetting the current domain, in  1.135 seconds
Domain Reload Profiling: 2898ms
	BeginReloadAssembly (645ms)
		ExecutionOrderSort (0ms)
		DisableScriptedObjects (0ms)
		BackupInstance (0ms)
		ReleaseScriptingObjects (0ms)
		CreateAndSetChildDomain (3ms)
	RebuildCommonClasses (196ms)
	RebuildNativeTypeToScriptingClass (71ms)
	initialDomainReloadingComplete (214ms)
	LoadAllAssembliesAndSetupDomain (636ms)
		LoadAssemblies (607ms)
		RebuildTransferFunctionScriptingTraits (0ms)
		AnalyzeDomain (629ms)
			TypeCache.Refresh (625ms)
				TypeCache.ScanAssembly (598ms)
			BuildScriptInfoCaches (0ms)
			ResolveRequiredComponents (1ms)
	FinalizeReload (1137ms)
		ReleaseScriptCaches (0ms)
		RebuildScriptCaches (0ms)
		SetupLoadedEditorAssemblies (1068ms)
			LogAssemblyErrors (0ms)
			InitializePlatformSupportModulesInManaged (314ms)
			SetLoadedEditorAssemblies (6ms)
			BeforeProcessingInitializeOnLoad (146ms)
			ProcessInitializeOnLoadAttributes (416ms)
			ProcessInitializeOnLoadMethodAttributes (186ms)
			AfterProcessingInitializeOnLoad (0ms)
			EditorAssembliesLoaded (1ms)
		ExecutionOrderSort2 (0ms)
		AwakeInstancesAfterBackupRestoration (0ms)
[Licensing::Client] Successfully resolved entitlement details
[Licensing::Module] License group:
  Id: F4-99BH-9QMP-CCW5-HN7U-XXXX
  Product: Unity Personal
  Type: ULF
  Expiration: 2026-09-24T19:37:20Z
[Licensing::Module] License group:
  Id: ewogICJzdWJzR3JvdXAiIDogInVuaXR5IGVkaXRvciIsCiAgIm5hbWVzcGFjZSIgOiAidW5pdHlfZWRpdG9yIiwKICAidHlwZSIgOiAiRURJVE9SIiwKICAidGFnIiA6ICJVbml0eVBlcnNvbmFsXXXX
  Product: Unity Personal Version
  Type: Assigned
  Expiration: Unlimited
Application.AssetDatabase Initial Refresh Start
[Package Manager] Restoring resolved packages state from cache
[Licensing::Client] Successfully resolved entitlement details
[Package Manager] Registered 51 packages:
  Packages from [https://packages.unity.com]:
    com.unity.ide.visualstudio@2.0.22 (location: F:\天命之子\client\Library\PackageCache\com.unity.ide.visualstudio@8140e851d83e)
    com.unity.inputsystem@1.14.2 (location: F:\天命之子\client\Library\PackageCache\com.unity.inputsystem@be6c4fd0abf5)
    com.unity.2d.animation@11.0.0 (location: F:\天命之子\client\Library\PackageCache\com.unity.2d.animation@a1db3619cb6f)
    com.unity.2d.common@12.0.4 (location: F:\天命之子\client\Library\PackageCache\com.unity.2d.common@3e42aeccb30d)
    com.unity.collections@2.6.8 (location: F:\天命之子\client\Library\PackageCache\com.unity.collections@84e8eb3fc12e)
    com.unity.burst@1.8.30 (location: F:\天命之子\client\Library\PackageCache\com.unity.burst@2f3d916873ea)
    com.unity.mathematics@1.3.3 (location: F:\天命之子\client\Library\PackageCache\com.unity.mathematics@19a9377c4ffa)
    com.unity.nuget.mono-cecil@1.11.6 (location: F:\天命之子\client\Library\PackageCache\com.unity.nuget.mono-cecil@ecb9724e46ff)
    com.unity.test-framework.performance@3.5.0 (location: F:\天命之子\client\Library\PackageCache\com.unity.test-framework.performance@8b56083ec0f0)
    com.unity.searcher@4.9.5 (location: F:\天命之子\client\Library\PackageCache\com.unity.searcher@a463122f2c00)
  Built-in packages:
    com.unity.render-pipelines.universal@17.3.0 (location: F:\天命之子\client\Library\PackageCache\com.unity.render-pipelines.universal@7865b6b91f8a)
    com.unity.test-framework@1.6.0 (location: F:\天命之子\client\Library\PackageCache\com.unity.test-framework@bd7f943e9647)
    com.unity.ugui@2.0.0 (location: F:\天命之子\client\Library\PackageCache\com.unity.ugui@27635d171b1a)
    com.unity.2d.sprite@1.0.0 (location: F:\天命之子\client\Library\PackageCache\com.unity.2d.sprite@5b922524bd83)
    com.unity.modules.ai@1.0.0 (location: F:\天命之子\client\Library\PackageCache\com.unity.modules.ai)
    com.unity.modules.androidjni@1.0.0 (location: F:\天命之子\client\Library\PackageCache\com.unity.modules.androidjni)
    com.unity.modules.animation@1.0.0 (location: F:\天命之子\client\Library\PackageCache\com.unity.modules.animation)
    com.unity.modules.assetbundle@1.0.0 (location: F:\天命之子\client\Library\PackageCache\com.unity.modules.assetbundle)
    com.unity.modules.audio@1.0.0 (location: F:\天命之子\client\Library\PackageCache\com.unity.modules.audio)
    com.unity.modules.cloth@1.0.0 (location: F:\天命之子\client\Library\PackageCache\com.unity.modules.cloth)
    com.unity.modules.director@1.0.0 (location: F:\天命之子\client\Library\PackageCache\com.unity.modules.director)
    com.unity.modules.imageconversion@1.0.0 (location: F:\天命之子\client\Library\PackageCache\com.unity.modules.imageconversion)
    com.unity.modules.imgui@1.0.0 (location: F:\天命之子\client\Library\PackageCache\com.unity.modules.imgui)
    com.unity.modules.jsonserialize@1.0.0 (location: F:\天命之子\client\Library\PackageCache\com.unity.modules.jsonserialize)
    com.unity.modules.particlesystem@1.0.0 (location: F:\天命之子\client\Library\PackageCache\com.unity.modules.particlesystem)
    com.unity.modules.physics@1.0.0 (location: F:\天命之子\client\Library\PackageCache\com.unity.modules.physics)
    com.unity.modules.physics2d@1.0.0 (location: F:\天命之子\client\Library\PackageCache\com.unity.modules.physics2d)
    com.unity.modules.screencapture@1.0.0 (location: F:\天命之子\client\Library\PackageCache\com.unity.modules.screencapture)
    com.unity.modules.terrain@1.0.0 (location: F:\天命之子\client\Library\PackageCache\com.unity.modules.terrain)
    com.unity.modules.terrainphysics@1.0.0 (location: F:\天命之子\client\Library\PackageCache\com.unity.modules.terrainphysics)
    com.unity.modules.tilemap@1.0.0 (location: F:\天命之子\client\Library\PackageCache\com.unity.modules.tilemap)
    com.unity.modules.ui@1.0.0 (location: F:\天命之子\client\Library\PackageCache\com.unity.modules.ui)
    com.unity.modules.uielements@1.0.0 (location: F:\天命之子\client\Library\PackageCache\com.unity.modules.uielements)
    com.unity.modules.umbra@1.0.0 (location: F:\天命之子\client\Library\PackageCache\com.unity.modules.umbra)
    com.unity.modules.unityanalytics@1.0.0 (location: F:\天命之子\client\Library\PackageCache\com.unity.modules.unityanalytics)
    com.unity.modules.unitywebrequest@1.0.0 (location: F:\天命之子\client\Library\PackageCache\com.unity.modules.unitywebrequest)
    com.unity.modules.unitywebrequestassetbundle@1.0.0 (location: F:\天命之子\client\Library\PackageCache\com.unity.modules.unitywebrequestassetbundle)
    com.unity.modules.unitywebrequestaudio@1.0.0 (location: F:\天命之子\client\Library\PackageCache\com.unity.modules.unitywebrequestaudio)
    com.unity.modules.unitywebrequesttexture@1.0.0 (location: F:\天命之子\client\Library\PackageCache\com.unity.modules.unitywebrequesttexture)
    com.unity.modules.unitywebrequestwww@1.0.0 (location: F:\天命之子\client\Library\PackageCache\com.unity.modules.unitywebrequestwww)
    com.unity.modules.vehicles@1.0.0 (location: F:\天命之子\client\Library\PackageCache\com.unity.modules.vehicles)
    com.unity.modules.video@1.0.0 (location: F:\天命之子\client\Library\PackageCache\com.unity.modules.video)
    com.unity.modules.vr@1.0.0 (location: F:\天命之子\client\Library\PackageCache\com.unity.modules.vr)
    com.unity.modules.wind@1.0.0 (location: F:\天命之子\client\Library\PackageCache\com.unity.modules.wind)
    com.unity.modules.xr@1.0.0 (location: F:\天命之子\client\Library\PackageCache\com.unity.modules.xr)
    com.unity.modules.subsystems@1.0.0 (location: F:\天命之子\client\Library\PackageCache\com.unity.modules.subsystems)
    com.unity.modules.hierarchycore@1.0.0 (location: F:\天命之子\client\Library\PackageCache\com.unity.modules.hierarchycore)
    com.unity.ext.nunit@2.0.5 (location: F:\天命之子\client\Library\PackageCache\com.unity.ext.nunit@d8c07649098d)
    com.unity.render-pipelines.core@17.3.0 (location: F:\天命之子\client\Library\PackageCache\com.unity.render-pipelines.core@0bb36005e9ba)
    com.unity.shadergraph@17.3.0 (location: F:\天命之子\client\Library\PackageCache\com.unity.shadergraph@b4b75cc00891)
    com.unity.render-pipelines.universal-config@17.0.3 (location: F:\天命之子\client\Library\PackageCache\com.unity.render-pipelines.universal-config@8dc1aab4af1d)
[Subsystems] No new subsystems found in resolved package list.
[Package Manager] Done registering packages in 0.11 seconds
[Package Manager] Done resolving packages in 3.79 seconds
[Licensing::Client] Successfully resolved entitlement details
[Package Manager] Registered 51 packages:
  Packages from [https://packages.unity.com]:
    com.unity.ide.visualstudio@2.0.22 (location: F:\天命之子\client\Library\PackageCache\com.unity.ide.visualstudio@8140e851d83e)
    com.unity.inputsystem@1.14.2 (location: F:\天命之子\client\Library\PackageCache\com.unity.inputsystem@be6c4fd0abf5)
    com.unity.2d.animation@11.0.0 (location: F:\天命之子\client\Library\PackageCache\com.unity.2d.animation@a1db3619cb6f)
    com.unity.2d.common@12.0.4 (location: F:\天命之子\client\Library\PackageCache\com.unity.2d.common@3e42aeccb30d)
    com.unity.collections@2.6.8 (location: F:\天命之子\client\Library\PackageCache\com.unity.collections@84e8eb3fc12e)
    com.unity.burst@1.8.30 (location: F:\天命之子\client\Library\PackageCache\com.unity.burst@2f3d916873ea)
    com.unity.mathematics@1.3.3 (location: F:\天命之子\client\Library\PackageCache\com.unity.mathematics@19a9377c4ffa)
    com.unity.nuget.mono-cecil@1.11.6 (location: F:\天命之子\client\Library\PackageCache\com.unity.nuget.mono-cecil@ecb9724e46ff)
    com.unity.test-framework.performance@3.5.0 (location: F:\天命之子\client\Library\PackageCache\com.unity.test-framework.performance@8b56083ec0f0)
    com.unity.searcher@4.9.5 (location: F:\天命之子\client\Library\PackageCache\com.unity.searcher@a463122f2c00)
  Built-in packages:
    com.unity.render-pipelines.universal@17.3.0 (location: F:\天命之子\client\Library\PackageCache\com.unity.render-pipelines.universal@7865b6b91f8a)
    com.unity.test-framework@1.6.0 (location: F:\天命之子\client\Library\PackageCache\com.unity.test-framework@bd7f943e9647)
    com.unity.ugui@2.0.0 (location: F:\天命之子\client\Library\PackageCache\com.unity.ugui@27635d171b1a)
    com.unity.2d.sprite@1.0.0 (location: F:\天命之子\client\Library\PackageCache\com.unity.2d.sprite@5b922524bd83)
    com.unity.modules.ai@1.0.0 (location: F:\天命之子\client\Library\PackageCache\com.unity.modules.ai)
    com.unity.modules.androidjni@1.0.0 (location: F:\天命之子\client\Library\PackageCache\com.unity.modules.androidjni)
    com.unity.modules.animation@1.0.0 (location: F:\天命之子\client\Library\PackageCache\com.unity.modules.animation)
    com.unity.modules.assetbundle@1.0.0 (location: F:\天命之子\client\Library\PackageCache\com.unity.modules.assetbundle)
    com.unity.modules.audio@1.0.0 (location: F:\天命之子\client\Library\PackageCache\com.unity.modules.audio)
    com.unity.modules.cloth@1.0.0 (location: F:\天命之子\client\Library\PackageCache\com.unity.modules.cloth)
    com.unity.modules.director@1.0.0 (location: F:\天命之子\client\Library\PackageCache\com.unity.modules.director)
    com.unity.modules.imageconversion@1.0.0 (location: F:\天命之子\client\Library\PackageCache\com.unity.modules.imageconversion)
    com.unity.modules.imgui@1.0.0 (location: F:\天命之子\client\Library\PackageCache\com.unity.modules.imgui)
    com.unity.modules.jsonserialize@1.0.0 (location: F:\天命之子\client\Library\PackageCache\com.unity.modules.jsonserialize)
    com.unity.modules.particlesystem@1.0.0 (location: F:\天命之子\client\Library\PackageCache\com.unity.modules.particlesystem)
    com.unity.modules.physics@1.0.0 (location: F:\天命之子\client\Library\PackageCache\com.unity.modules.physics)
    com.unity.modules.physics2d@1.0.0 (location: F:\天命之子\client\Library\PackageCache\com.unity.modules.physics2d)
    com.unity.modules.screencapture@1.0.0 (location: F:\天命之子\client\Library\PackageCache\com.unity.modules.screencapture)
    com.unity.modules.terrain@1.0.0 (location: F:\天命之子\client\Library\PackageCache\com.unity.modules.terrain)
    com.unity.modules.terrainphysics@1.0.0 (location: F:\天命之子\client\Library\PackageCache\com.unity.modules.terrainphysics)
    com.unity.modules.tilemap@1.0.0 (location: F:\天命之子\client\Library\PackageCache\com.unity.modules.tilemap)
    com.unity.modules.ui@1.0.0 (location: F:\天命之子\client\Library\PackageCache\com.unity.modules.ui)
    com.unity.modules.uielements@1.0.0 (location: F:\天命之子\client\Library\PackageCache\com.unity.modules.uielements)
    com.unity.modules.umbra@1.0.0 (location: F:\天命之子\client\Library\PackageCache\com.unity.modules.umbra)
    com.unity.modules.unityanalytics@1.0.0 (location: F:\天命之子\client\Library\PackageCache\com.unity.modules.unityanalytics)
    com.unity.modules.unitywebrequest@1.0.0 (location: F:\天命之子\client\Library\PackageCache\com.unity.modules.unitywebrequest)
    com.unity.modules.unitywebrequestassetbundle@1.0.0 (location: F:\天命之子\client\Library\PackageCache\com.unity.modules.unitywebrequestassetbundle)
    com.unity.modules.unitywebrequestaudio@1.0.0 (location: F:\天命之子\client\Library\PackageCache\com.unity.modules.unitywebrequestaudio)
    com.unity.modules.unitywebrequesttexture@1.0.0 (location: F:\天命之子\client\Library\PackageCache\com.unity.modules.unitywebrequesttexture)
    com.unity.modules.unitywebrequestwww@1.0.0 (location: F:\天命之子\client\Library\PackageCache\com.unity.modules.unitywebrequestwww)
    com.unity.modules.vehicles@1.0.0 (location: F:\天命之子\client\Library\PackageCache\com.unity.modules.vehicles)
    com.unity.modules.video@1.0.0 (location: F:\天命之子\client\Library\PackageCache\com.unity.modules.video)
    com.unity.modules.vr@1.0.0 (location: F:\天命之子\client\Library\PackageCache\com.unity.modules.vr)
    com.unity.modules.wind@1.0.0 (location: F:\天命之子\client\Library\PackageCache\com.unity.modules.wind)
    com.unity.modules.xr@1.0.0 (location: F:\天命之子\client\Library\PackageCache\com.unity.modules.xr)
    com.unity.modules.subsystems@1.0.0 (location: F:\天命之子\client\Library\PackageCache\com.unity.modules.subsystems)
    com.unity.modules.hierarchycore@1.0.0 (location: F:\天命之子\client\Library\PackageCache\com.unity.modules.hierarchycore)
    com.unity.ext.nunit@2.0.5 (location: F:\天命之子\client\Library\PackageCache\com.unity.ext.nunit@d8c07649098d)
    com.unity.render-pipelines.core@17.3.0 (location: F:\天命之子\client\Library\PackageCache\com.unity.render-pipelines.core@0bb36005e9ba)
    com.unity.shadergraph@17.3.0 (location: F:\天命之子\client\Library\PackageCache\com.unity.shadergraph@b4b75cc00891)
    com.unity.render-pipelines.universal-config@17.0.3 (location: F:\天命之子\client\Library\PackageCache\com.unity.render-pipelines.universal-config@8dc1aab4af1d)
[Subsystems] No new subsystems found in resolved package list.
[Package Manager] Done registering packages in 0.00 seconds
[ScriptCompilation] Requested script compilation because: Assetdatabase observed changes in script compilation related files
Starting: D:\Unity\Hub\Editor\6000.3.23f1\Editor\Data\Tools\BuildPipeline\bee_backend.exe --ipc --defer-dag-verification --dagfile="Library/Bee/1900b0aE.dag" --continue-on-failure --profile="Library/Bee/backend1.traceevents" ScriptAssemblies
WorkingDir: F:/天命之子/client
ExitCode: 0 Duration: 25s
[631/808    1s] ILPP-Configuration Library/ilpp-configuration.nevergeneratedoutput
[788/808    4s] Csc Library/Bee/artifacts/1900b0aE.dag/Resonance.Battle.dll (+2 others)
[789/808    4s] Csc Library/Bee/artifacts/1900b0aE.dag/Resonance.App.dll (+2 others)
Assets\Scripts\Resonance.App\Characters\PuppetRig.cs(78,14): warning CS0414: The field 'PuppetRig._hasFoot' is assigned but its value is never used

Assets\Scripts\Resonance.App\Characters\PuppetRig.cs(77,14): warning CS0414: The field 'PuppetRig._hasHand' is assigned but its value is never used

Assets\Scripts\Resonance.App\Characters\PuppetRig.cs(75,14): warning CS0414: The field 'PuppetRig._hasHead' is assigned but its value is never used

Assets\Scripts\Resonance.App\Debug\VerticalSliceSmokeRuntime.cs(55,14): warning CS0414: The field 'VerticalSliceSmokeRuntime._loseShot' is assigned but its value is never used

Assets\Scripts\Resonance.App\Characters\PuppetRig.cs(76,14): warning CS0414: The field 'PuppetRig._hasHair' is assigned but its value is never used
[790/808    1s] Csc Library/Bee/artifacts/1900b0aE.dag/Resonance.Editor.dll (+2 others)
[791/808    2s] ILPostProcess Library/Bee/artifacts/1900b0aE.dag/post-processed/Resonance.App.dll (+pdb)
Processing assembly Library/Bee/artifacts/1900b0aE.dag/Resonance.App.dll, with 140 defines and 264 references

processors: Unity.Jobs.CodeGen.JobsILPostProcessor, zzzUnity.Burst.CodeGen.BurstILPostProcessor

running Unity.Jobs.CodeGen.JobsILPostProcessor

running zzzUnity.Burst.CodeGen.BurstILPostProcessor
[792/808    6s] ILPostProcess Library/Bee/artifacts/1900b0aE.dag/post-processed/Resonance.Battle.dll (+pdb)
Processing assembly Library/Bee/artifacts/1900b0aE.dag/Resonance.Battle.dll, with 140 defines and 127 references

processors: Unity.Jobs.CodeGen.JobsILPostProcessor, zzzUnity.Burst.CodeGen.BurstILPostProcessor

running Unity.Jobs.CodeGen.JobsILPostProcessor

running zzzUnity.Burst.CodeGen.BurstILPostProcessor
[793/808    0s] CopyFiles Library/ScriptAssemblies/Resonance.App.pdb
[794/808    0s] CopyFiles Library/ScriptAssemblies/Resonance.App.dll
[795/808    0s] CopyFiles Library/ScriptAssemblies/Resonance.Battle.dll
[796/808    0s] CopyFiles Library/ScriptAssemblies/Resonance.Battle.pdb
[797/808    1s] ILPostProcess Library/Bee/artifacts/1900b0aE.dag/post-processed/Resonance.Editor.dll (+pdb)
Processing assembly Library/Bee/artifacts/1900b0aE.dag/Resonance.Editor.dll, with 138 defines and 276 references

processors: Unity.Jobs.CodeGen.JobsILPostProcessor, zzzUnity.Burst.CodeGen.BurstILPostProcessor

running Unity.Jobs.CodeGen.JobsILPostProcessor

running zzzUnity.Burst.CodeGen.BurstILPostProcessor
[798/808    0s] CopyFiles Library/ScriptAssemblies/Resonance.Editor.dll
[799/808    0s] CopyFiles Library/ScriptAssemblies/Resonance.Editor.pdb
[800/808    2s] Csc Library/Bee/artifacts/1900b0aE.dag/Assembly-CSharp.dll (+2 others)
[801/808    3s] Csc Library/Bee/artifacts/1900b0aE.dag/Assembly-CSharp-Editor.dll (+2 others)
[BUSY       8s] ILPostProcess Library/Bee/artifacts/1900b0aE.dag/post-processed/Assembly-CSharp.dll (+pdb)
[802/808   11s] ILPostProcess Library/Bee/artifacts/1900b0aE.dag/post-processed/Assembly-CSharp.dll (+pdb)
Processing assembly Library/Bee/artifacts/1900b0aE.dag/Assembly-CSharp.dll, with 140 defines and 307 references

processors: Unity.Jobs.CodeGen.JobsILPostProcessor, zzzUnity.Burst.CodeGen.BurstILPostProcessor

running Unity.Jobs.CodeGen.JobsILPostProcessor

running zzzUnity.Burst.CodeGen.BurstILPostProcessor
[803/808    8s] ILPostProcess Library/Bee/artifacts/1900b0aE.dag/post-processed/Assembly-CSharp-Editor.dll (+pdb)
Processing assembly Library/Bee/artifacts/1900b0aE.dag/Assembly-CSharp-Editor.dll, with 138 defines and 323 references

processors: Unity.Jobs.CodeGen.JobsILPostProcessor, zzzUnity.Burst.CodeGen.BurstILPostProcessor

running Unity.Jobs.CodeGen.JobsILPostProcessor

running zzzUnity.Burst.CodeGen.BurstILPostProcessor
[804/808    0s] CopyFiles Library/ScriptAssemblies/Assembly-CSharp.dll
[805/808    0s] CopyFiles Library/ScriptAssemblies/Assembly-CSharp.pdb
[806/808    0s] CopyFiles Library/ScriptAssemblies/Assembly-CSharp-Editor.pdb
[807/808    0s] CopyFiles Library/ScriptAssemblies/Assembly-CSharp-Editor.dll
*** Tundra build success (24.95 seconds), 21 items updated, 808 evaluated
Assets\Scripts\Resonance.App\Characters\PuppetRig.cs(78,14): warning CS0414: The field 'PuppetRig._hasFoot' is assigned but its value is never used
Assets\Scripts\Resonance.App\Characters\PuppetRig.cs(77,14): warning CS0414: The field 'PuppetRig._hasHand' is assigned but its value is never used
Assets\Scripts\Resonance.App\Characters\PuppetRig.cs(75,14): warning CS0414: The field 'PuppetRig._hasHead' is assigned but its value is never used
Assets\Scripts\Resonance.App\Debug\VerticalSliceSmokeRuntime.cs(55,14): warning CS0414: The field 'VerticalSliceSmokeRuntime._loseShot' is assigned but its value is never used
Assets\Scripts\Resonance.App\Characters\PuppetRig.cs(76,14): warning CS0414: The field 'PuppetRig._hasHair' is assigned but its value is never used
AssetDatabase: script compilation time: 34.766713s
Begin MonoManager ReloadAssembly
- Loaded All Assemblies, in  1.477 seconds
Refreshing native plugins compatible for Editor in 5.09 ms, found 4 plugins.
Missing types referenced from component UniversalRenderPipelineGlobalSettings on game object UniversalRenderPipelineGlobalSettings:
	UnityEngine.PathTracing.Core.WorldRenderPipelineResources, Unity.PathTracing.Runtime (1 object)
Native extension for Android target not found
Native extension for WindowsStandalone target not found
[MODES] ModeService[none].Initialize
[MODES] ModeService[none].LoadModes
[MODES] Loading mode Default (0) for mode-current-id-契灵回响
<RI> Initializing input.
Using Windows.Gaming.Input
<RI> Input initialized.
[NATURAL-PLAY] game view portrait index=7
UnityEngine.Debug:ExtractStackTraceNoAlloc (byte*,int,string)
UnityEngine.StackTraceUtility:ExtractStackTrace ()
UnityEngine.DebugLogHandler:Internal_Log (UnityEngine.LogType,UnityEngine.LogOption,string,UnityEngine.Object)
UnityEngine.DebugLogHandler:LogFormat (UnityEngine.LogType,UnityEngine.Object,string,object[])
UnityEngine.Logger:Log (UnityEngine.LogType,object)
UnityEngine.Debug:Log (object)
Resonance.EditorTools.NaturalPlaySmoke:FocusPortraitGameView () (at Assets/Editor/Smoke/NaturalPlaySmoke.cs:247)
Resonance.EditorTools.NaturalPlaySmoke:TryEnterPlay () (at Assets/Editor/Smoke/NaturalPlaySmoke.cs:196)
Resonance.EditorTools.NaturalPlaySmoke:RequestRun (string) (at Assets/Editor/Smoke/NaturalPlaySmoke.cs:133)
Resonance.EditorTools.NaturalPlaySmoke:TryArmFromCommandLine () (at Assets/Editor/Smoke/NaturalPlaySmoke.cs:101)
Resonance.EditorTools.NaturalPlaySmoke:.cctor () (at Assets/Editor/Smoke/NaturalPlaySmoke.cs:34)
System.Runtime.CompilerServices.RuntimeHelpers:RunClassConstructor (System.RuntimeTypeHandle)
UnityEditor.EditorAssemblies:ProcessInitializeOnLoadAttributes (System.Type[])

(Filename: Assets/Editor/Smoke/NaturalPlaySmoke.cs Line: 247)

[NATURAL-PLAY] entering play mode
UnityEngine.Debug:ExtractStackTraceNoAlloc (byte*,int,string)
UnityEngine.StackTraceUtility:ExtractStackTrace ()
UnityEngine.DebugLogHandler:Internal_Log (UnityEngine.LogType,UnityEngine.LogOption,string,UnityEngine.Object)
UnityEngine.DebugLogHandler:LogFormat (UnityEngine.LogType,UnityEngine.Object,string,object[])
UnityEngine.Logger:Log (UnityEngine.LogType,object)
UnityEngine.Debug:Log (object)
Resonance.EditorTools.NaturalPlaySmoke:TryEnterPlay () (at Assets/Editor/Smoke/NaturalPlaySmoke.cs:197)
Resonance.EditorTools.NaturalPlaySmoke:RequestRun (string) (at Assets/Editor/Smoke/NaturalPlaySmoke.cs:133)
Resonance.EditorTools.NaturalPlaySmoke:TryArmFromCommandLine () (at Assets/Editor/Smoke/NaturalPlaySmoke.cs:101)
Resonance.EditorTools.NaturalPlaySmoke:.cctor () (at Assets/Editor/Smoke/NaturalPlaySmoke.cs:34)
System.Runtime.CompilerServices.RuntimeHelpers:RunClassConstructor (System.RuntimeTypeHandle)
UnityEditor.EditorAssemblies:ProcessInitializeOnLoadAttributes (System.Type[])

(Filename: Assets/Editor/Smoke/NaturalPlaySmoke.cs Line: 197)

ScheduleIndexationOnStartup MainProcess:True IndexOnStartup:True
Mono: successfully reloaded assembly
- Finished resetting the current domain, in  6.179 seconds
Domain Reload Profiling: 7653ms
	BeginReloadAssembly (406ms)
		ExecutionOrderSort (0ms)
		DisableScriptedObjects (40ms)
		BackupInstance (0ms)
		ReleaseScriptingObjects (0ms)
		CreateAndSetChildDomain (154ms)
	RebuildCommonClasses (63ms)
	RebuildNativeTypeToScriptingClass (32ms)
	initialDomainReloadingComplete (59ms)
	LoadAllAssembliesAndSetupDomain (914ms)
		LoadAssemblies (670ms)
		RebuildTransferFunctionScriptingTraits (0ms)
		AnalyzeDomain (405ms)
			TypeCache.Refresh (313ms)
				TypeCache.ScanAssembly (285ms)
			BuildScriptInfoCaches (71ms)
			ResolveRequiredComponents (17ms)
	FinalizeReload (6179ms)
		ReleaseScriptCaches (0ms)
		RebuildScriptCaches (0ms)
		SetupLoadedEditorAssemblies (5363ms)
			LogAssemblyErrors (0ms)
			InitializePlatformSupportModulesInManaged (105ms)
			SetLoadedEditorAssemblies (4ms)
			BeforeProcessingInitializeOnLoad (645ms)
			ProcessInitializeOnLoadAttributes (4409ms)
			ProcessInitializeOnLoadMethodAttributes (196ms)
			AfterProcessingInitializeOnLoad (3ms)
			EditorAssembliesLoaded (1ms)
		ExecutionOrderSort2 (0ms)
		AwakeInstancesAfterBackupRestoration (94ms)
Refreshing native plugins compatible for Editor in 1.21 ms, found 4 plugins.
Preloading 0 native plugins for Editor in 0.00 ms.
Asset Pipeline Refresh (id=6f62e5ecb49f0df428e84e7694064969): Total: 50.737 seconds - Initiated by InitialRefreshV2(ForceSynchronousImport)
	Summary:
		Imports: total=0 (actual=0, local cache=0, cache server=0)
		Asset DB Process Time: managed=0 ms, native=7995 ms
		Asset DB Callback time: managed=2339 ms, native=4071 ms
		Scripting: domain reloads=1, domain reload time=1477 ms, compile time=34768 ms, other=85 ms
		Project Asset Count: scripts=1008, non-scripts=2764
		Asset File Changes: new=0, changed=10, moved=0, deleted=0
		Scan Filter Count: 0
	InvokeCustomDependenciesCallbacks: 0.002ms
	InvokePackagesCallback: 4059.224ms
	ApplyChangesToAssetFolders: 0.823ms
	Scan: 1014.664ms
	OnSourceAssetsModified: 1.082ms
	CategorizeAssetsWithTransientArtifact: 64.938ms
	ProcessAssetsWithTransientArtifactChanges: 225.103ms
	CategorizeAssets: 62.843ms
	ImportOutOfDateAssets: 6236.177ms (-28576.649ms without children)
		CompileScripts: 34768.414ms
		ReloadNativeAssets: 0.033ms
		UnloadImportedAssets: 42.888ms
		EnsureUptoDateAssetsAreRegisteredWithGuidPM: 0.753ms
		InitializingProgressBar: 0.001ms
		PostProcessAllAssetNotificationsAddChangedAssets: 0.001ms
		OnDemandSchedulerStart: 0.737ms
	PostProcessAllAssets: 2342.156ms
	Hotreload: 10.171ms
	GatherAllCurrentPrimaryArtifactRevisions: 0.003ms
	UnloadStreamsBegin: 3.210ms
	PersistCurrentRevisions: 0.143ms
	UnloadStreamsEnd: 0.002ms
	GenerateScriptTypeHashes: 3.649ms
	Untracked: 36716.782ms

Application.AssetDatabase Initial Refresh End
Launched and connected shader compiler UnityShaderCompiler.exe after 0.28 seconds
Scanning for USB devices : 2.418ms
Initializing Unity extensions:
CreateDirectory 'C:/Users/Administrator/AppData/LocalLow/Resonance/契灵回响/../../Unity/Editor' failed: 系统找不到指定的路径。
 (current dir: F:/天命之子/client)
CreateDirectory 'C:/Users/Administrator/AppData/LocalLow/Resonance/契灵回响/../../Unity/Editor' failed: 系统找不到指定的路径。
 (current dir: F:/天命之子/client)
Unloading 19 Unused Serialized files (Serialized files now loaded: 0)
Unloading 4211 unused Assets / (4.8 MB). Loaded Objects now: 5900.
Memory consumption went from 314.4 MB to 309.6 MB.
Total: 15.908400 ms (FindLiveObjects: 0.455600 ms CreateObjectMapping: 0.501000 ms MarkObjects: 12.535500 ms  DeleteObjects: 2.414100 ms)

[LAYOUT] About to load UserSettings\Layouts\default-6000.dwlt, keepMainWindow=False
[LAYOUT] About to save layout F:\天命之子\client\UserSettings\Layouts\default-6000.dwlt
[LAYOUT] About to save layout C:/Users/Administrator/AppData/Roaming/Unity/Editor-5.x/Preferences\Layouts\current\default-6000.dwlt
[MODES] ModeService[default].InitializeCurrentMode
[MODES] ModeService[default].RaiseModeChanged(default, default)
This project uses Input Manager, which is marked for deprecation. To manage input in your project, use the <a href="https://docs.unity3d.com/Packages/com.unity.inputsystem@latest">Input System package</a> instead.
[NATURAL-PLAY] game view portrait index=7
UnityEngine.Debug:ExtractStackTraceNoAlloc (byte*,int,string)
UnityEngine.StackTraceUtility:ExtractStackTrace ()
UnityEngine.DebugLogHandler:Internal_Log (UnityEngine.LogType,UnityEngine.LogOption,string,UnityEngine.Object)
UnityEngine.DebugLogHandler:LogFormat (UnityEngine.LogType,UnityEngine.Object,string,object[])
UnityEngine.Logger:Log (UnityEngine.LogType,object)
UnityEngine.Debug:Log (object)
Resonance.EditorTools.NaturalPlaySmoke:FocusPortraitGameView () (at Assets/Editor/Smoke/NaturalPlaySmoke.cs:247)
Resonance.EditorTools.NaturalPlaySmoke:TryEnterPlay () (at Assets/Editor/Smoke/NaturalPlaySmoke.cs:196)
Resonance.EditorTools.NaturalPlaySmoke:RequestRun (string) (at Assets/Editor/Smoke/NaturalPlaySmoke.cs:133)
Resonance.EditorTools.NaturalPlaySmoke:CliBasic () (at Assets/Editor/Smoke/NaturalPlaySmoke.cs:71)

(Filename: Assets/Editor/Smoke/NaturalPlaySmoke.cs Line: 247)

[NATURAL-PLAY] entering play mode
UnityEngine.Debug:ExtractStackTraceNoAlloc (byte*,int,string)
UnityEngine.StackTraceUtility:ExtractStackTrace ()
UnityEngine.DebugLogHandler:Internal_Log (UnityEngine.LogType,UnityEngine.LogOption,string,UnityEngine.Object)
UnityEngine.DebugLogHandler:LogFormat (UnityEngine.LogType,UnityEngine.Object,string,object[])
UnityEngine.Logger:Log (UnityEngine.LogType,object)
UnityEngine.Debug:Log (object)
Resonance.EditorTools.NaturalPlaySmoke:TryEnterPlay () (at Assets/Editor/Smoke/NaturalPlaySmoke.cs:197)
Resonance.EditorTools.NaturalPlaySmoke:RequestRun (string) (at Assets/Editor/Smoke/NaturalPlaySmoke.cs:133)
Resonance.EditorTools.NaturalPlaySmoke:CliBasic () (at Assets/Editor/Smoke/NaturalPlaySmoke.cs:71)

(Filename: Assets/Editor/Smoke/NaturalPlaySmoke.cs Line: 197)

[Project] Loading completed in 73.480 seconds
	Project init time: 				64.342 seconds
		Template init time: 		0.000 seconds
		Package Manager init time: 		4.379 seconds
		Asset Database init time: 		1.479 seconds
		Global illumination init time: 	0.653 seconds
		Assemblies load time: 			2.940 seconds
		Unity extensions init time: 	0.004 seconds
		Asset Database refresh time: 	50.737 seconds
	Scene opening time: 			6.624 seconds
##utp:{"type":"ProjectInfo","version":2,"phase":"Immediate","time":1789534927064,"processId":36484,"projectLoad":73.47953389999999,"projectInit":64.3419399,"templateInit":0.0,"packageManagerInit":4.3793615,"assetDatabaseInit":1.4785158,"globalIlluminationInit":0.6530114,"assembliesLoad":2.9397438,"unityExtensionsInit":0.0043741,"assetDatabaseRefresh":50.7374669,"sceneOpening":6.624043}
##utp:{"type":"EditorInfo","version":2,"phase":"Immediate","time":1789534927064,"processId":36484,"editorVersion":"6000.3.23f1 (09d2ecc7fb28)","branch":"6000.3/staging","buildType":"Release","platform":"Windows"}
[Licensing::Client] Successfully resolved entitlement details
[Licensing::Module] License group:
  Id: F4-99BH-9QMP-CCW5-HN7U-XXXX
  Product: Unity Personal
  Type: ULF
  Expiration: 2026-09-24T19:37:20Z
[Licensing::Module] License group:
  Id: ewogICJzdWJzR3JvdXAiIDogInVuaXR5IGVkaXRvciIsCiAgIm5hbWVzcGFjZSIgOiAidW5pdHlfZWRpdG9yIiwKICAidHlwZSIgOiAiRURJVE9SIiwKICAidGFnIiA6ICJVbml0eVBlcnNvbmFsXXXX
  Product: Unity Personal Version
  Type: Assigned
  Expiration: Unlimited
Reloading assemblies for play mode.
Reloading assemblies after forced synchronous recompile.
[Licensing::Client] Successfully resolved entitlement details
[Licensing::Module] License group:
  Id: F4-99BH-9QMP-CCW5-HN7U-XXXX
  Product: Unity Personal
  Type: ULF
  Expiration: 2026-09-24T19:37:20Z
[Licensing::Module] License group:
  Id: ewogICJzdWJzR3JvdXAiIDogInVuaXR5IGVkaXRvciIsCiAgIm5hbWVzcGFjZSIgOiAidW5pdHlfZWRpdG9yIiwKICAidHlwZSIgOiAiRURJVE9SIiwKICAidGFnIiA6ICJVbml0eVBlcnNvbmFsXXXX
  Product: Unity Personal Version
  Type: Assigned
  Expiration: Unlimited
Begin MonoManager ReloadAssembly
- Loaded All Assemblies, in  0.855 seconds
Refreshing native plugins compatible for Editor in 1.20 ms, found 4 plugins.
Missing types referenced from component UniversalRenderPipelineGlobalSettings on game object UniversalRenderPipelineGlobalSettings:
	UnityEngine.PathTracing.Core.WorldRenderPipelineResources, Unity.PathTracing.Runtime (1 object)
Native extension for Android target not found
Native extension for WindowsStandalone target not found
ScheduleIndexationOnStartup MainProcess:True IndexOnStartup:True
[MODES] ModeService[none].Initialize
[MODES] ModeService[none].LoadModes
[Licensing::Client] Successfully resolved entitlement details
[Licensing::Module] License group:
  Id: F4-99BH-9QMP-CCW5-HN7U-XXXX
  Product: Unity Personal
  Type: ULF
  Expiration: 2026-09-24T19:37:20Z
[Licensing::Module] License group:
  Id: ewogICJzdWJzR3JvdXAiIDogInVuaXR5IGVkaXRvciIsCiAgIm5hbWVzcGFjZSIgOiAidW5pdHlfZWRpdG9yIiwKICAidHlwZSIgOiAiRURJVE9SIiwKICAidGFnIiA6ICJVbml0eVBlcnNvbmFsXXXX
  Product: Unity Personal Version
  Type: Assigned
  Expiration: Unlimited
Mono: successfully reloaded assembly
- Finished resetting the current domain, in  2.033 seconds
Domain Reload Profiling: 2889ms
	BeginReloadAssembly (564ms)
		ExecutionOrderSort (0ms)
		DisableScriptedObjects (104ms)
		BackupInstance (0ms)
		ReleaseScriptingObjects (0ms)
		CreateAndSetChildDomain (268ms)
	RebuildCommonClasses (48ms)
	RebuildNativeTypeToScriptingClass (16ms)
	initialDomainReloadingComplete (25ms)
	LoadAllAssembliesAndSetupDomain (202ms)
		LoadAssemblies (172ms)
		RebuildTransferFunctionScriptingTraits (0ms)
		AnalyzeDomain (165ms)
			TypeCache.Refresh (6ms)
				TypeCache.ScanAssembly (0ms)
			BuildScriptInfoCaches (122ms)
			ResolveRequiredComponents (33ms)
	FinalizeReload (2034ms)
		ReleaseScriptCaches (0ms)
		RebuildScriptCaches (0ms)
		SetupLoadedEditorAssemblies (815ms)
			LogAssemblyErrors (0ms)
			InitializePlatformSupportModulesInManaged (43ms)
			SetLoadedEditorAssemblies (4ms)
			BeforeProcessingInitializeOnLoad (175ms)
			ProcessInitializeOnLoadAttributes (499ms)
			ProcessInitializeOnLoadMethodAttributes (91ms)
			AfterProcessingInitializeOnLoad (2ms)
			EditorAssembliesLoaded (0ms)
		ExecutionOrderSort2 (0ms)
		AwakeInstancesAfterBackupRestoration (752ms)
Asset Pipeline Refresh (id=e90818f4ac0d214459a67c8666f9feb1): Total: 4.067 seconds - Initiated by StopAssetImportingV2(ForceSynchronousImport | ForceDomainReload)
	Summary:
		Imports: total=0 (actual=0, local cache=0, cache server=0)
		Asset DB Process Time: managed=0 ms, native=2144 ms
		Asset DB Callback time: managed=1012 ms, native=0 ms
		Scripting: domain reloads=1, domain reload time=907 ms, compile time=2 ms, other=0 ms
		Project Asset Count: scripts=1008, non-scripts=2764
		Asset File Changes: new=0, changed=0, moved=0, deleted=0
		Scan Filter Count: 0
	InvokeCustomDependenciesCallbacks: 0.001ms
	InvokePackagesCallback: 1.626ms
	ApplyChangesToAssetFolders: 0.260ms
	Scan: 0.001ms
	OnSourceAssetsModified: 0.002ms
	CategorizeAssetsWithTransientArtifact: 0.004ms
	ProcessAssetsWithTransientArtifactChanges: 2.555ms
	CategorizeAssets: 55.825ms
	ImportOutOfDateAssets: 2043.657ms (2036.389ms without children)
		CompileScripts: 1.668ms
		CollectScriptTypesHashes: 1.771ms
		ReloadNativeAssets: 1.093ms
		UnloadImportedAssets: 1.459ms
		EnsureUptoDateAssetsAreRegisteredWithGuidPM: 0.823ms
		InitializingProgressBar: 0.001ms
		PostProcessAllAssetNotificationsAddChangedAssets: 0.000ms
		OnDemandSchedulerStart: 0.454ms
	PostProcessAllAssets: 1012.502ms
	GatherAllCurrentPrimaryArtifactRevisions: 0.204ms
	UnloadStreamsBegin: 1.416ms
	PersistCurrentRevisions: 0.155ms
	UnloadStreamsEnd: 0.002ms
	GenerateScriptTypeHashes: 5.093ms
	Untracked: 948.467ms

Loaded scene 'Temp/__Backupscenes/0.backup'
	Deserialize:            0.728 ms
	Integration:            315.133 ms
	Integration of assets:  0.002 ms
	Thread Wait Time:       0.019 ms
	Total Operation Time:   315.882 ms
EMERALD_LOADED parts=4 vertices=11873 parameters=6
UnityEngine.Debug:ExtractStackTraceNoAlloc (byte*,int,string)
UnityEngine.StackTraceUtility:ExtractStackTrace ()
UnityEngine.DebugLogHandler:Internal_Log (UnityEngine.LogType,UnityEngine.LogOption,string,UnityEngine.Object)
UnityEngine.DebugLogHandler:LogFormat (UnityEngine.LogType,UnityEngine.Object,string,object[])
UnityEngine.Logger:Log (UnityEngine.LogType,object)
UnityEngine.Debug:Log (object)
EmeraldInochi.InochiStandee:Initialize () (at Assets/EmeraldInochi/InochiStandee.cs:94)
EmeraldInochi.InochiStandee:Attach (UnityEngine.Transform) (at Assets/EmeraldInochi/InochiStandee.cs:51)
Resonance.App.EmeraldLobby:TryAttach (UnityEngine.Transform,System.Collections.Generic.List`1<UnityEngine.GameObject>) (at Assets/Scripts/Resonance.App/UI/EmeraldLobby.cs:16)
Resonance.App.GameRoot:DrawHome () (at Assets/Scripts/Resonance.App/Core/GameRoot.cs:446)
Resonance.App.GameRoot:Show (Resonance.App.GameRoot/ScreenId) (at Assets/Scripts/Resonance.App/Core/GameRoot.cs:406)
Resonance.App.GameRoot:<DrawBoot>b__80_0 () (at Assets/Scripts/Resonance.App/Core/GameRoot.cs:436)
Resonance.App.BootSplash/Hold:Update () (at Assets/Scripts/Resonance.App/UI/BootSplash.cs:83)

(Filename: Assets/EmeraldInochi/InochiStandee.cs Line: 94)

[NATURAL-PLAY] game view portrait index=7
UnityEngine.Debug:ExtractStackTraceNoAlloc (byte*,int,string)
UnityEngine.StackTraceUtility:ExtractStackTrace ()
UnityEngine.DebugLogHandler:Internal_Log (UnityEngine.LogType,UnityEngine.LogOption,string,UnityEngine.Object)
UnityEngine.DebugLogHandler:LogFormat (UnityEngine.LogType,UnityEngine.Object,string,object[])
UnityEngine.Logger:Log (UnityEngine.LogType,object)
UnityEngine.Debug:Log (object)
Resonance.EditorTools.NaturalPlaySmoke:FocusPortraitGameView () (at Assets/Editor/Smoke/NaturalPlaySmoke.cs:247)
Resonance.EditorTools.NaturalPlaySmoke:OnPlayMode (UnityEditor.PlayModeStateChange) (at Assets/Editor/Smoke/NaturalPlaySmoke.cs:141)
UnityEditor.EditorApplication:Internal_PlayModeStateChanged (UnityEditor.PlayModeStateChange)

(Filename: Assets/Editor/Smoke/NaturalPlaySmoke.cs Line: 247)

Asset Pipeline Refresh (id=fe796e53d62465d489233eacaea91833): Total: 0.010 seconds - Initiated by RefreshV2(NoUpdateAssetOptions)
CreateDirectory 'C:/Users/Administrator/AppData/LocalLow/Unity/Caches' failed: 系统找不到指定的路径。
 (current dir: F:/天命之子/client)
Start Indexing on Editor startup
[Indexing] Starting Initial Indexing for Assets
Failed to create GICache directory at the default location: C:/Users/Administrator/AppData/LocalLow/Unity/Caches/GiCache.
CreateDirectory 'C:/Users/Administrator/AppData/LocalLow/Unity/Caches' failed: 系统找不到指定的路径。
 (current dir: F:/天命之子/client)
Failed to create GICache directory at the default location: C:/Users/Administrator/AppData/LocalLow/Unity/Caches/GiCache.
CreateDirectory 'C:/Users/Administrator/AppData/LocalLow/Unity/Caches' failed: 系统找不到指定的路径。
 (current dir: F:/天命之子/client)
[Licensing::Client] Successfully resolved entitlement details
[Licensing::Client] Successfully resolved entitlement details
Failed to create GICache directory at the default location: C:/Users/Administrator/AppData/LocalLow/Unity/Caches/GiCache.
CreateDirectory 'C:/Users/Administrator/AppData/LocalLow/Unity/Caches' failed: 系统找不到指定的路径。
 (current dir: F:/天命之子/client)
Failed to create GICache directory at the default location: C:/Users/Administrator/AppData/LocalLow/Unity/Caches/GiCache.
CreateDirectory 'C:/Users/Administrator/AppData/LocalLow/Unity/Caches' failed: 系统找不到指定的路径。
 (current dir: F:/天命之子/client)
Failed to create GICache directory at the default location: C:/Users/Administrator/AppData/LocalLow/Unity/Caches/GiCache.
CreateDirectory 'C:/Users/Administrator/AppData/LocalLow/Unity/Caches' failed: 系统找不到指定的路径。
 (current dir: F:/天命之子/client)
Failed to create GICache directory at the default location: C:/Users/Administrator/AppData/LocalLow/Unity/Caches/GiCache.
CreateDirectory 'C:/Users/Administrator/AppData/LocalLow/Unity/Caches' failed: 系统找不到指定的路径。
 (current dir: F:/天命之子/client)
Failed to create GICache directory at the default location: C:/Users/Administrator/AppData/LocalLow/Unity/Caches/GiCache.
CreateDirectory 'C:/Users/Administrator/AppData/LocalLow/Unity/Caches' failed: 系统找不到指定的路径。
 (current dir: F:/天命之子/client)
Failed to create GICache directory at the default location: C:/Users/Administrator/AppData/LocalLow/Unity/Caches/GiCache.
CreateDirectory 'C:/Users/Administrator/AppData/LocalLow/Unity/Caches' failed: 系统找不到指定的路径。
 (current dir: F:/天命之子/client)
Failed to create GICache directory at the default location: C:/Users/Administrator/AppData/LocalLow/Unity/Caches/GiCache.
CreateDirectory 'C:/Users/Administrator/AppData/LocalLow/Unity/Caches' failed: 系统找不到指定的路径。
 (current dir: F:/天命之子/client)
Failed to create GICache directory at the default location: C:/Users/Administrator/AppData/LocalLow/Unity/Caches/GiCache.
CreateDirectory 'C:/Users/Administrator/AppData/LocalLow/Unity/Caches' failed: 系统找不到指定的路径。
 (current dir: F:/天命之子/client)
Failed to create GICache directory at the default location: C:/Users/Administrator/AppData/LocalLow/Unity/Caches/GiCache.
CreateDirectory 'C:/Users/Administrator/AppData/LocalLow/Unity/Caches' failed: 系统找不到指定的路径。
 (current dir: F:/天命之子/client)
Failed to create GICache directory at the default location: C:/Users/Administrator/AppData/LocalLow/Unity/Caches/GiCache.
CreateDirectory 'C:/Users/Administrator/AppData/LocalLow/Unity/Caches' failed: 系统找不到指定的路径。
 (current dir: F:/天命之子/client)
Failed to create GICache directory at the default location: C:/Users/Administrator/AppData/LocalLow/Unity/Caches/GiCache.
CreateDirectory 'C:/Users/Administrator/AppData/LocalLow/Unity/Caches' failed: 系统找不到指定的路径。
 (current dir: F:/天命之子/client)
Failed to create GICache directory at the default location: C:/Users/Administrator/AppData/LocalLow/Unity/Caches/GiCache.
CreateDirectory 'C:/Users/Administrator/AppData/LocalLow/Unity/Caches' failed: 系统找不到指定的路径。
 (current dir: F:/天命之子/client)
Failed to create GICache directory at the default location: C:/Users/Administrator/AppData/LocalLow/Unity/Caches/GiCache.
CreateDirectory 'C:/Users/Administrator/AppData/LocalLow/Unity/Caches' failed: 系统找不到指定的路径。
 (current dir: F:/天命之子/client)
Failed to create GICache directory at the default location: C:/Users/Administrator/AppData/LocalLow/Unity/Caches/GiCache.
CreateDirectory 'C:/Users/Administrator/AppData/LocalLow/Unity/Caches' failed: 系统找不到指定的路径。
 (current dir: F:/天命之子/client)
Failed to create GICache directory at the default location: C:/Users/Administrator/AppData/LocalLow/Unity/Caches/GiCache.
CreateDirectory 'C:/Users/Administrator/AppData/LocalLow/Unity/Caches' failed: 系统找不到指定的路径。
 (current dir: F:/天命之子/client)
Failed to create GICache directory at the default location: C:/Users/Administrator/AppData/LocalLow/Unity/Caches/GiCache.
CreateDirectory 'C:/Users/Administrator/AppData/LocalLow/Unity/Caches' failed: 系统找不到指定的路径。
 (current dir: F:/天命之子/client)
Failed to create GICache directory at the default location: C:/Users/Administrator/AppData/LocalLow/Unity/Caches/GiCache.
CreateDirectory 'C:/Users/Administrator/AppData/LocalLow/Unity/Caches' failed: 系统找不到指定的路径。
 (current dir: F:/天命之子/client)
Failed to create GICache directory at the default location: C:/Users/Administrator/AppData/LocalLow/Unity/Caches/GiCache.
CreateDirectory 'C:/Users/Administrator/AppData/LocalLow/Unity/Caches' failed: 系统找不到指定的路径。
 (current dir: F:/天命之子/client)
Failed to create GICache directory at the default location: C:/Users/Administrator/AppData/LocalLow/Unity/Caches/GiCache.
CreateDirectory 'C:/Users/Administrator/AppData/LocalLow/Unity/Caches' failed: 系统找不到指定的路径。
 (current dir: F:/天命之子/client)
Failed to create GICache directory at the default location: C:/Users/Administrator/AppData/LocalLow/Unity/Caches/GiCache.
CreateDirectory 'C:/Users/Administrator/AppData/LocalLow/Unity/Caches' failed: 系统找不到指定的路径。
 (current dir: F:/天命之子/client)
Failed to create GICache directory at the default location: C:/Users/Administrator/AppData/LocalLow/Unity/Caches/GiCache.
CreateDirectory 'C:/Users/Administrator/AppData/LocalLow/Unity/Caches' failed: 系统找不到指定的路径。
 (current dir: F:/天命之子/client)
Failed to create GICache directory at the default location: C:/Users/Administrator/AppData/LocalLow/Unity/Caches/GiCache.
CreateDirectory 'C:/Users/Administrator/AppData/LocalLow/Unity/Caches' failed: 系统找不到指定的路径。
 (current dir: F:/天命之子/client)
Failed to create GICache directory at the default location: C:/Users/Administrator/AppData/LocalLow/Unity/Caches/GiCache.
CreateDirectory 'C:/Users/Administrator/AppData/LocalLow/Unity/Caches' failed: 系统找不到指定的路径。
 (current dir: F:/天命之子/client)
Failed to create GICache directory at the default location: C:/Users/Administrator/AppData/LocalLow/Unity/Caches/GiCache.
CreateDirectory 'C:/Users/Administrator/AppData/LocalLow/Unity/Caches' failed: 系统找不到指定的路径。
 (current dir: F:/天命之子/client)
Failed to create GICache directory at the default location: C:/Users/Administrator/AppData/LocalLow/Unity/Caches/GiCache.
CreateDirectory 'C:/Users/Administrator/AppData/LocalLow/Unity/Caches' failed: 系统找不到指定的路径。
 (current dir: F:/天命之子/client)
Failed to create GICache directory at the default location: C:/Users/Administrator/AppData/LocalLow/Unity/Caches/GiCache.
CreateDirectory 'C:/Users/Administrator/AppData/LocalLow/Unity/Caches' failed: 系统找不到指定的路径。
 (current dir: F:/天命之子/client)
Failed to create GICache directory at the default location: C:/Users/Administrator/AppData/LocalLow/Unity/Caches/GiCache.
CreateDirectory 'C:/Users/Administrator/AppData/LocalLow/Unity/Caches' failed: 系统找不到指定的路径。
 (current dir: F:/天命之子/client)
Failed to create GICache directory at the default location: C:/Users/Administrator/AppData/LocalLow/Unity/Caches/GiCache.
CreateDirectory 'C:/Users/Administrator/AppData/LocalLow/Unity/Caches' failed: 系统找不到指定的路径。
 (current dir: F:/天命之子/client)
Failed to create GICache directory at the default location: C:/Users/Administrator/AppData/LocalLow/Unity/Caches/GiCache.
CreateDirectory 'C:/Users/Administrator/AppData/LocalLow/Unity/Caches' failed: 系统找不到指定的路径。
 (current dir: F:/天命之子/client)
Failed to create GICache directory at the default location: C:/Users/Administrator/AppData/LocalLow/Unity/Caches/GiCache.
CreateDirectory 'C:/Users/Administrator/AppData/LocalLow/Unity/Caches' failed: 系统找不到指定的路径。
 (current dir: F:/天命之子/client)
Failed to create GICache directory at the default location: C:/Users/Administrator/AppData/LocalLow/Unity/Caches/GiCache.
CreateDirectory 'C:/Users/Administrator/AppData/LocalLow/Unity/Caches' failed: 系统找不到指定的路径。
 (current dir: F:/天命之子/client)
Failed to create GICache directory at the default location: C:/Users/Administrator/AppData/LocalLow/Unity/Caches/GiCache.
CreateDirectory 'C:/Users/Administrator/AppData/LocalLow/Unity/Caches' failed: 系统找不到指定的路径。
 (current dir: F:/天命之子/client)
Failed to create GICache directory at the default location: C:/Users/Administrator/AppData/LocalLow/Unity/Caches/GiCache.
CreateDirectory 'C:/Users/Administrator/AppData/LocalLow/Unity/Caches' failed: 系统找不到指定的路径。
 (current dir: F:/天命之子/client)
Failed to create GICache directory at the default location: C:/Users/Administrator/AppData/LocalLow/Unity/Caches/GiCache.
CreateDirectory 'C:/Users/Administrator/AppData/LocalLow/Unity/Caches' failed: 系统找不到指定的路径。
 (current dir: F:/天命之子/client)
Failed to create GICache directory at the default location: C:/Users/Administrator/AppData/LocalLow/Unity/Caches/GiCache.
CreateDirectory 'C:/Users/Administrator/AppData/LocalLow/Unity/Caches' failed: 系统找不到指定的路径。
 (current dir: F:/天命之子/client)
Failed to create GICache directory at the default location: C:/Users/Administrator/AppData/LocalLow/Unity/Caches/GiCache.
CreateDirectory 'C:/Users/Administrator/AppData/LocalLow/Unity/Caches' failed: 系统找不到指定的路径。
 (current dir: F:/天命之子/client)
Failed to create GICache directory at the default location: C:/Users/Administrator/AppData/LocalLow/Unity/Caches/GiCache.
CreateDirectory 'C:/Users/Administrator/AppData/LocalLow/Unity/Caches' failed: 系统找不到指定的路径。
 (current dir: F:/天命之子/client)
Failed to create GICache directory at the default location: C:/Users/Administrator/AppData/LocalLow/Unity/Caches/GiCache.
CreateDirectory 'C:/Users/Administrator/AppData/LocalLow/Unity/Caches' failed: 系统找不到指定的路径。
 (current dir: F:/天命之子/client)
Failed to create GICache directory at the default location: C:/Users/Administrator/AppData/LocalLow/Unity/Caches/GiCache.
CreateDirectory 'C:/Users/Administrator/AppData/LocalLow/Unity/Caches' failed: 系统找不到指定的路径。
 (current dir: F:/天命之子/client)
Failed to create GICache directory at the default location: C:/Users/Administrator/AppData/LocalLow/Unity/Caches/GiCache.
CreateDirectory 'C:/Users/Administrator/AppData/LocalLow/Unity/Caches' failed: 系统找不到指定的路径。
 (current dir: F:/天命之子/client)
Failed to create GICache directory at the default location: C:/Users/Administrator/AppData/LocalLow/Unity/Caches/GiCache.
CreateDirectory 'C:/Users/Administrator/AppData/LocalLow/Unity/Caches' failed: 系统找不到指定的路径。
 (current dir: F:/天命之子/client)
Failed to create GICache directory at the default location: C:/Users/Administrator/AppData/LocalLow/Unity/Caches/GiCache.
CreateDirectory 'C:/Users/Administrator/AppData/LocalLow/Unity/Caches' failed: 系统找不到指定的路径。
 (current dir: F:/天命之子/client)
Failed to create GICache directory at the default location: C:/Users/Administrator/AppData/LocalLow/Unity/Caches/GiCache.
CreateDirectory 'C:/Users/Administrator/AppData/LocalLow/Unity/Caches' failed: 系统找不到指定的路径。
 (current dir: F:/天命之子/client)
Failed to create GICache directory at the default location: C:/Users/Administrator/AppData/LocalLow/Unity/Caches/GiCache.
CreateDirectory 'C:/Users/Administrator/AppData/LocalLow/Unity/Caches' failed: 系统找不到指定的路径。
 (current dir: F:/天命之子/client)
Failed to create GICache directory at the default location: C:/Users/Administrator/AppData/LocalLow/Unity/Caches/GiCache.
CreateDirectory 'C:/Users/Administrator/AppData/LocalLow/Unity/Caches' failed: 系统找不到指定的路径。
 (current dir: F:/天命之子/client)
Failed to create GICache directory at the default location: C:/Users/Administrator/AppData/LocalLow/Unity/Caches/GiCache.
CreateDirectory 'C:/Users/Administrator/AppData/LocalLow/Unity/Caches' failed: 系统找不到指定的路径。
 (current dir: F:/天命之子/client)
Failed to create GICache directory at the default location: C:/Users/Administrator/AppData/LocalLow/Unity/Caches/GiCache.
CreateDirectory 'C:/Users/Administrator/AppData/LocalLow/Unity/Caches' failed: 系统找不到指定的路径。
 (current dir: F:/天命之子/client)
Failed to create GICache directory at the default location: C:/Users/Administrator/AppData/LocalLow/Unity/Caches/GiCache.
CreateDirectory 'C:/Users/Administrator/AppData/LocalLow/Unity/Caches' failed: 系统找不到指定的路径。
 (current dir: F:/天命之子/client)
Failed to create GICache directory at the default location: C:/Users/Administrator/AppData/LocalLow/Unity/Caches/GiCache.
CreateDirectory 'C:/Users/Administrator/AppData/LocalLow/Unity/Caches' failed: 系统找不到指定的路径。
 (current dir: F:/天命之子/client)
Failed to create GICache directory at the default location: C:/Users/Administrator/AppData/LocalLow/Unity/Caches/GiCache.
CreateDirectory 'C:/Users/Administrator/AppData/LocalLow/Unity/Caches' failed: 系统找不到指定的路径。
 (current dir: F:/天命之子/client)
Failed to create GICache directory at the default location: C:/Users/Administrator/AppData/LocalLow/Unity/Caches/GiCache.
CreateDirectory 'C:/Users/Administrator/AppData/LocalLow/Unity/Caches' failed: 系统找不到指定的路径。
 (current dir: F:/天命之子/client)
Failed to create GICache directory at the default location: C:/Users/Administrator/AppData/LocalLow/Unity/Caches/GiCache.
CreateDirectory 'C:/Users/Administrator/AppData/LocalLow/Unity/Caches' failed: 系统找不到指定的路径。
 (current dir: F:/天命之子/client)
Failed to create GICache directory at the default location: C:/Users/Administrator/AppData/LocalLow/Unity/Caches/GiCache.
CreateDirectory 'C:/Users/Administrator/AppData/LocalLow/Unity/Caches' failed: 系统找不到指定的路径。
 (current dir: F:/天命之子/client)
Failed to create GICache directory at the default location: C:/Users/Administrator/AppData/LocalLow/Unity/Caches/GiCache.
CreateDirectory 'C:/Users/Administrator/AppData/LocalLow/Unity/Caches' failed: 系统找不到指定的路径。
 (current dir: F:/天命之子/client)
Failed to create GICache directory at the default location: C:/Users/Administrator/AppData/LocalLow/Unity/Caches/GiCache.
CreateDirectory 'C:/Users/Administrator/AppData/LocalLow/Unity/Caches' failed: 系统找不到指定的路径。
 (current dir: F:/天命之子/client)
Failed to create GICache directory at the default location: C:/Users/Administrator/AppData/LocalLow/Unity/Caches/GiCache.
CreateDirectory 'C:/Users/Administrator/AppData/LocalLow/Unity/Caches' failed: 系统找不到指定的路径。
 (current dir: F:/天命之子/client)
Failed to create GICache directory at the default location: C:/Users/Administrator/AppData/LocalLow/Unity/Caches/GiCache.
CreateDirectory 'C:/Users/Administrator/AppData/LocalLow/Unity/Caches' failed: 系统找不到指定的路径。
 (current dir: F:/天命之子/client)
Failed to create GICache directory at the default location: C:/Users/Administrator/AppData/LocalLow/Unity/Caches/GiCache.
CreateDirectory 'C:/Users/Administrator/AppData/LocalLow/Unity/Caches' failed: 系统找不到指定的路径。
 (current dir: F:/天命之子/client)
Failed to create GICache directory at the default location: C:/Users/Administrator/AppData/LocalLow/Unity/Caches/GiCache.
CreateDirectory 'C:/Users/Administrator/AppData/LocalLow/Unity/Caches' failed: 系统找不到指定的路径。
 (current dir: F:/天命之子/client)
Failed to create GICache directory at the default location: C:/Users/Administrator/AppData/LocalLow/Unity/Caches/GiCache.
CreateDirectory 'C:/Users/Administrator/AppData/LocalLow/Unity/Caches' failed: 系统找不到指定的路径。
 (current dir: F:/天命之子/client)
Failed to create GICache directory at the default location: C:/Users/Administrator/AppData/LocalLow/Unity/Caches/GiCache.
CreateDirectory 'C:/Users/Administrator/AppData/LocalLow/Unity/Caches' failed: 系统找不到指定的路径。
 (current dir: F:/天命之子/client)
Failed to create GICache directory at the default location: C:/Users/Administrator/AppData/LocalLow/Unity/Caches/GiCache.
CreateDirectory 'C:/Users/Administrator/AppData/LocalLow/Unity/Caches' failed: 系统找不到指定的路径。
 (current dir: F:/天命之子/client)
Failed to create GICache directory at the default location: C:/Users/Administrator/AppData/LocalLow/Unity/Caches/GiCache.
CreateDirectory 'C:/Users/Administrator/AppData/LocalLow/Unity/Caches' failed: 系统找不到指定的路径。
 (current dir: F:/天命之子/client)
Failed to create GICache directory at the default location: C:/Users/Administrator/AppData/LocalLow/Unity/Caches/GiCache.
CreateDirectory 'C:/Users/Administrator/AppData/LocalLow/Unity/Caches' failed: 系统找不到指定的路径。
 (current dir: F:/天命之子/client)
Failed to create GICache directory at the default location: C:/Users/Administrator/AppData/LocalLow/Unity/Caches/GiCache.
CreateDirectory 'C:/Users/Administrator/AppData/LocalLow/Unity/Caches' failed: 系统找不到指定的路径。
 (current dir: F:/天命之子/client)
Failed to create GICache directory at the default location: C:/Users/Administrator/AppData/LocalLow/Unity/Caches/GiCache.
CreateDirectory 'C:/Users/Administrator/AppData/LocalLow/Unity/Caches' failed: 系统找不到指定的路径。
 (current dir: F:/天命之子/client)
Failed to create GICache directory at the default location: C:/Users/Administrator/AppData/LocalLow/Unity/Caches/GiCache.
CreateDirectory 'C:/Users/Administrator/AppData/LocalLow/Unity/Caches' failed: 系统找不到指定的路径。
 (current dir: F:/天命之子/client)
Failed to create GICache directory at the default location: C:/Users/Administrator/AppData/LocalLow/Unity/Caches/GiCache.
CreateDirectory 'C:/Users/Administrator/AppData/LocalLow/Unity/Caches' failed: 系统找不到指定的路径。
 (current dir: F:/天命之子/client)
Failed to create GICache directory at the default location: C:/Users/Administrator/AppData/LocalLow/Unity/Caches/GiCache.
CreateDirectory 'C:/Users/Administrator/AppData/LocalLow/Unity/Caches' failed: 系统找不到指定的路径。
 (current dir: F:/天命之子/client)
Failed to create GICache directory at the default location: C:/Users/Administrator/AppData/LocalLow/Unity/Caches/GiCache.
CreateDirectory 'C:/Users/Administrator/AppData/LocalLow/Unity/Caches' failed: 系统找不到指定的路径。
 (current dir: F:/天命之子/client)
Failed to create GICache directory at the default location: C:/Users/Administrator/AppData/LocalLow/Unity/Caches/GiCache.
CreateDirectory 'C:/Users/Administrator/AppData/LocalLow/Unity/Caches' failed: 系统找不到指定的路径。
 (current dir: F:/天命之子/client)
Failed to create GICache directory at the default location: C:/Users/Administrator/AppData/LocalLow/Unity/Caches/GiCache.
CreateDirectory 'C:/Users/Administrator/AppData/LocalLow/Unity/Caches' failed: 系统找不到指定的路径。
 (current dir: F:/天命之子/client)
Failed to create GICache directory at the default location: C:/Users/Administrator/AppData/LocalLow/Unity/Caches/GiCache.
CreateDirectory 'C:/Users/Administrator/AppData/LocalLow/Unity/Caches' failed: 系统找不到指定的路径。
 (current dir: F:/天命之子/client)
Failed to create GICache directory at the default location: C:/Users/Administrator/AppData/LocalLow/Unity/Caches/GiCache.
CreateDirectory 'C:/Users/Administrator/AppData/LocalLow/Unity/Caches' failed: 系统找不到指定的路径。
 (current dir: F:/天命之子/client)
Failed to create GICache directory at the default location: C:/Users/Administrator/AppData/LocalLow/Unity/Caches/GiCache.
CreateDirectory 'C:/Users/Administrator/AppData/LocalLow/Unity/Caches' failed: 系统找不到指定的路径。
 (current dir: F:/天命之子/client)
Failed to create GICache directory at the default location: C:/Users/Administrator/AppData/LocalLow/Unity/Caches/GiCache.
CreateDirectory 'C:/Users/Administrator/AppData/LocalLow/Unity/Caches' failed: 系统找不到指定的路径。
 (current dir: F:/天命之子/client)
Failed to create GICache directory at the default location: C:/Users/Administrator/AppData/LocalLow/Unity/Caches/GiCache.
CreateDirectory 'C:/Users/Administrator/AppData/LocalLow/Unity/Caches' failed: 系统找不到指定的路径。
 (current dir: F:/天命之子/client)
Failed to create GICache directory at the default location: C:/Users/Administrator/AppData/LocalLow/Unity/Caches/GiCache.
CreateDirectory 'C:/Users/Administrator/AppData/LocalLow/Unity/Caches' failed: 系统找不到指定的路径。
 (current dir: F:/天命之子/client)
Failed to create GICache directory at the default location: C:/Users/Administrator/AppData/LocalLow/Unity/Caches/GiCache.
CreateDirectory 'C:/Users/Administrator/AppData/LocalLow/Unity/Caches' failed: 系统找不到指定的路径。
 (current dir: F:/天命之子/client)
Failed to create GICache directory at the default location: C:/Users/Administrator/AppData/LocalLow/Unity/Caches/GiCache.
CreateDirectory 'C:/Users/Administrator/AppData/LocalLow/Unity/Caches' failed: 系统找不到指定的路径。
 (current dir: F:/天命之子/client)
Failed to create GICache directory at the default location: C:/Users/Administrator/AppData/LocalLow/Unity/Caches/GiCache.
CreateDirectory 'C:/Users/Administrator/AppData/LocalLow/Unity/Caches' failed: 系统找不到指定的路径。
 (current dir: F:/天命之子/client)
Failed to create GICache directory at the default location: C:/Users/Administrator/AppData/LocalLow/Unity/Caches/GiCache.
CreateDirectory 'C:/Users/Administrator/AppData/LocalLow/Unity/Caches' failed: 系统找不到指定的路径。
 (current dir: F:/天命之子/client)
Failed to create GICache directory at the default location: C:/Users/Administrator/AppData/LocalLow/Unity/Caches/GiCache.
CreateDirectory 'C:/Users/Administrator/AppData/LocalLow/Unity/Caches' failed: 系统找不到指定的路径。
 (current dir: F:/天命之子/client)
Failed to create GICache directory at the default location: C:/Users/Administrator/AppData/LocalLow/Unity/Caches/GiCache.
CreateDirectory 'C:/Users/Administrator/AppData/LocalLow/Unity/Caches' failed: 系统找不到指定的路径。
 (current dir: F:/天命之子/client)
Failed to create GICache directory at the default location: C:/Users/Administrator/AppData/LocalLow/Unity/Caches/GiCache.
CreateDirectory 'C:/Users/Administrator/AppData/LocalLow/Unity/Caches' failed: 系统找不到指定的路径。
 (current dir: F:/天命之子/client)
Failed to create GICache directory at the default location: C:/Users/Administrator/AppData/LocalLow/Unity/Caches/GiCache.
CreateDirectory 'C:/Users/Administrator/AppData/LocalLow/Unity/Caches' failed: 系统找不到指定的路径。
 (current dir: F:/天命之子/client)
Failed to create GICache directory at the default location: C:/Users/Administrator/AppData/LocalLow/Unity/Caches/GiCache.
CreateDirectory 'C:/Users/Administrator/AppData/LocalLow/Unity/Caches' failed: 系统找不到指定的路径。
 (current dir: F:/天命之子/client)
Failed to create GICache directory at the default location: C:/Users/Administrator/AppData/LocalLow/Unity/Caches/GiCache.
CreateDirectory 'C:/Users/Administrator/AppData/LocalLow/Unity/Caches' failed: 系统找不到指定的路径。
 (current dir: F:/天命之子/client)
Failed to create GICache directory at the default location: C:/Users/Administrator/AppData/LocalLow/Unity/Caches/GiCache.
CreateDirectory 'C:/Users/Administrator/AppData/LocalLow/Unity/Caches' failed: 系统找不到指定的路径。
 (current dir: F:/天命之子/client)
Failed to create GICache directory at the default location: C:/Users/Administrator/AppData/LocalLow/Unity/Caches/GiCache.
CreateDirectory 'C:/Users/Administrator/AppData/LocalLow/Unity/Caches' failed: 系统找不到指定的路径。
 (current dir: F:/天命之子/client)
Failed to create GICache directory at the default location: C:/Users/Administrator/AppData/LocalLow/Unity/Caches/GiCache.
CreateDirectory 'C:/Users/Administrator/AppData/LocalLow/Unity/Caches' failed: 系统找不到指定的路径。
 (current dir: F:/天命之子/client)
Failed to create GICache directory at the default location: C:/Users/Administrator/AppData/LocalLow/Unity/Caches/GiCache.
CreateDirectory 'C:/Users/Administrator/AppData/LocalLow/Unity/Caches' failed: 系统找不到指定的路径。
 (current dir: F:/天命之子/client)
Failed to create GICache directory at the default location: C:/Users/Administrator/AppData/LocalLow/Unity/Caches/GiCache.
CreateDirectory 'C:/Users/Administrator/AppData/LocalLow/Unity/Caches' failed: 系统找不到指定的路径。
 (current dir: F:/天命之子/client)
Failed to create GICache directory at the default location: C:/Users/Administrator/AppData/LocalLow/Unity/Caches/GiCache.
CreateDirectory 'C:/Users/Administrator/AppData/LocalLow/Unity/Caches' failed: 系统找不到指定的路径。
 (current dir: F:/天命之子/client)
Failed to create GICache directory at the default location: C:/Users/Administrator/AppData/LocalLow/Unity/Caches/GiCache.
CreateDirectory 'C:/Users/Administrator/AppData/LocalLow/Unity/Caches' failed: 系统找不到指定的路径。
 (current dir: F:/天命之子/client)
Failed to create GICache directory at the default location: C:/Users/Administrator/AppData/LocalLow/Unity/Caches/GiCache.
CreateDirectory 'C:/Users/Administrator/AppData/LocalLow/Unity/Caches' failed: 系统找不到指定的路径。
 (current dir: F:/天命之子/client)
Failed to create GICache directory at the default location: C:/Users/Administrator/AppData/LocalLow/Unity/Caches/GiCache.
CreateDirectory 'C:/Users/Administrator/AppData/LocalLow/Unity/Caches' failed: 系统找不到指定的路径。
 (current dir: F:/天命之子/client)
Failed to create GICache directory at the default location: C:/Users/Administrator/AppData/LocalLow/Unity/Caches/GiCache.
CreateDirectory 'C:/Users/Administrator/AppData/LocalLow/Unity/Caches' failed: 系统找不到指定的路径。
 (current dir: F:/天命之子/client)
Failed to create GICache directory at the default location: C:/Users/Administrator/AppData/LocalLow/Unity/Caches/GiCache.
CreateDirectory 'C:/Users/Administrator/AppData/LocalLow/Unity/Caches' failed: 系统找不到指定的路径。
 (current dir: F:/天命之子/client)
Failed to create GICache directory at the default location: C:/Users/Administrator/AppData/LocalLow/Unity/Caches/GiCache.
CreateDirectory 'C:/Users/Administrator/AppData/LocalLow/Unity/Caches' failed: 系统找不到指定的路径。
 (current dir: F:/天命之子/client)
Failed to create GICache directory at the default location: C:/Users/Administrator/AppData/LocalLow/Unity/Caches/GiCache.
CreateDirectory 'C:/Users/Administrator/AppData/LocalLow/Unity/Caches' failed: 系统找不到指定的路径。
 (current dir: F:/天命之子/client)
Failed to create GICache directory at the default location: C:/Users/Administrator/AppData/LocalLow/Unity/Caches/GiCache.
CreateDirectory 'C:/Users/Administrator/AppData/LocalLow/Unity/Caches' failed: 系统找不到指定的路径。
 (current dir: F:/天命之子/client)
Failed to create GICache directory at the default location: C:/Users/Administrator/AppData/LocalLow/Unity/Caches/GiCache.
CreateDirectory 'C:/Users/Administrator/AppData/LocalLow/Unity/Caches' failed: 系统找不到指定的路径。
 (current dir: F:/天命之子/client)
Failed to create GICache directory at the default location: C:/Users/Administrator/AppData/LocalLow/Unity/Caches/GiCache.
CreateDirectory 'C:/Users/Administrator/AppData/LocalLow/Unity/Caches' failed: 系统找不到指定的路径。
 (current dir: F:/天命之子/client)
Failed to create GICache directory at the default location: C:/Users/Administrator/AppData/LocalLow/Unity/Caches/GiCache.
CreateDirectory 'C:/Users/Administrator/AppData/LocalLow/Unity/Caches' failed: 系统找不到指定的路径。
 (current dir: F:/天命之子/client)
Failed to create GICache directory at the default location: C:/Users/Administrator/AppData/LocalLow/Unity/Caches/GiCache.
CreateDirectory 'C:/Users/Administrator/AppData/LocalLow/Unity/Caches' failed: 系统找不到指定的路径。
 (current dir: F:/天命之子/client)
Failed to create GICache directory at the default location: C:/Users/Administrator/AppData/LocalLow/Unity/Caches/GiCache.
CreateDirectory 'C:/Users/Administrator/AppData/LocalLow/Unity/Caches' failed: 系统找不到指定的路径。
 (current dir: F:/天命之子/client)
Failed to create GICache directory at the default location: C:/Users/Administrator/AppData/LocalLow/Unity/Caches/GiCache.
CreateDirectory 'C:/Users/Administrator/AppData/LocalLow/Unity/Caches' failed: 系统找不到指定的路径。
 (current dir: F:/天命之子/client)
Failed to create GICache directory at the default location: C:/Users/Administrator/AppData/LocalLow/Unity/Caches/GiCache.
CreateDirectory 'C:/Users/Administrator/AppData/LocalLow/Unity/Caches' failed: 系统找不到指定的路径。
 (current dir: F:/天命之子/client)
Failed to create GICache directory at the default location: C:/Users/Administrator/AppData/LocalLow/Unity/Caches/GiCache.
CreateDirectory 'C:/Users/Administrator/AppData/LocalLow/Unity/Caches' failed: 系统找不到指定的路径。
 (current dir: F:/天命之子/client)
Failed to create GICache directory at the default location: C:/Users/Administrator/AppData/LocalLow/Unity/Caches/GiCache.
CreateDirectory 'C:/Users/Administrator/AppData/LocalLow/Unity/Caches' failed: 系统找不到指定的路径。
 (current dir: F:/天命之子/client)
Failed to create GICache directory at the default location: C:/Users/Administrator/AppData/LocalLow/Unity/Caches/GiCache.
CreateDirectory 'C:/Users/Administrator/AppData/LocalLow/Unity/Caches' failed: 系统找不到指定的路径。
 (current dir: F:/天命之子/client)
Failed to create GICache directory at the default location: C:/Users/Administrator/AppData/LocalLow/Unity/Caches/GiCache.
CreateDirectory 'C:/Users/Administrator/AppData/LocalLow/Unity/Caches' failed: 系统找不到指定的路径。
 (current dir: F:/天命之子/client)
Failed to create GICache directory at the default location: C:/Users/Administrator/AppData/LocalLow/Unity/Caches/GiCache.
CreateDirectory 'C:/Users/Administrator/AppData/LocalLow/Unity/Caches' failed: 系统找不到指定的路径。
 (current dir: F:/天命之子/client)
Failed to create GICache directory at the default location: C:/Users/Administrator/AppData/LocalLow/Unity/Caches/GiCache.
CreateDirectory 'C:/Users/Administrator/AppData/LocalLow/Unity/Caches' failed: 系统找不到指定的路径。
 (current dir: F:/天命之子/client)
Failed to create GICache directory at the default location: C:/Users/Administrator/AppData/LocalLow/Unity/Caches/GiCache.
CreateDirectory 'C:/Users/Administrator/AppData/LocalLow/Unity/Caches' failed: 系统找不到指定的路径。
 (current dir: F:/天命之子/client)
Failed to create GICache directory at the default location: C:/Users/Administrator/AppData/LocalLow/Unity/Caches/GiCache.
CreateDirectory 'C:/Users/Administrator/AppData/LocalLow/Unity/Caches' failed: 系统找不到指定的路径。
 (current dir: F:/天命之子/client)
Failed to create GICache directory at the default location: C:/Users/Administrator/AppData/LocalLow/Unity/Caches/GiCache.
CreateDirectory 'C:/Users/Administrator/AppData/LocalLow/Unity/Caches' failed: 系统找不到指定的路径。
 (current dir: F:/天命之子/client)
Failed to create GICache directory at the default location: C:/Users/Administrator/AppData/LocalLow/Unity/Caches/GiCache.
CreateDirectory 'C:/Users/Administrator/AppData/LocalLow/Unity/Caches' failed: 系统找不到指定的路径。
 (current dir: F:/天命之子/client)
Failed to create GICache directory at the default location: C:/Users/Administrator/AppData/LocalLow/Unity/Caches/GiCache.
CreateDirectory 'C:/Users/Administrator/AppData/LocalLow/Unity/Caches' failed: 系统找不到指定的路径。
 (current dir: F:/天命之子/client)
Failed to create GICache directory at the default location: C:/Users/Administrator/AppData/LocalLow/Unity/Caches/GiCache.
CreateDirectory 'C:/Users/Administrator/AppData/LocalLow/Unity/Caches' failed: 系统找不到指定的路径。
 (current dir: F:/天命之子/client)
Failed to create GICache directory at the default location: C:/Users/Administrator/AppData/LocalLow/Unity/Caches/GiCache.
CreateDirectory 'C:/Users/Administrator/AppData/LocalLow/Unity/Caches' failed: 系统找不到指定的路径。
 (current dir: F:/天命之子/client)
Failed to create GICache directory at the default location: C:/Users/Administrator/AppData/LocalLow/Unity/Caches/GiCache.
CreateDirectory 'C:/Users/Administrator/AppData/LocalLow/Unity/Caches' failed: 系统找不到指定的路径。
 (current dir: F:/天命之子/client)
Failed to create GICache directory at the default location: C:/Users/Administrator/AppData/LocalLow/Unity/Caches/GiCache.
CreateDirectory 'C:/Users/Administrator/AppData/LocalLow/Unity/Caches' failed: 系统找不到指定的路径。
 (current dir: F:/天命之子/client)
Failed to create GICache directory at the default location: C:/Users/Administrator/AppData/LocalLow/Unity/Caches/GiCache.
CreateDirectory 'C:/Users/Administrator/AppData/LocalLow/Unity/Caches' failed: 系统找不到指定的路径。
 (current dir: F:/天命之子/client)
Failed to create GICache directory at the default location: C:/Users/Administrator/AppData/LocalLow/Unity/Caches/GiCache.
CreateDirectory 'C:/Users/Administrator/AppData/LocalLow/Unity/Caches' failed: 系统找不到指定的路径。
 (current dir: F:/天命之子/client)
Failed to create GICache directory at the default location: C:/Users/Administrator/AppData/LocalLow/Unity/Caches/GiCache.
CreateDirectory 'C:/Users/Administrator/AppData/LocalLow/Unity/Caches' failed: 系统找不到指定的路径。
 (current dir: F:/天命之子/client)
Failed to create GICache directory at the default location: C:/Users/Administrator/AppData/LocalLow/Unity/Caches/GiCache.
CreateDirectory 'C:/Users/Administrator/AppData/LocalLow/Unity/Caches' failed: 系统找不到指定的路径。
 (current dir: F:/天命之子/client)
Failed to create GICache directory at the default location: C:/Users/Administrator/AppData/LocalLow/Unity/Caches/GiCache.
CreateDirectory 'C:/Users/Administrator/AppData/LocalLow/Unity/Caches' failed: 系统找不到指定的路径。
 (current dir: F:/天命之子/client)
Failed to create GICache directory at the default location: C:/Users/Administrator/AppData/LocalLow/Unity/Caches/GiCache.
CreateDirectory 'C:/Users/Administrator/AppData/LocalLow/Unity/Caches' failed: 系统找不到指定的路径。
 (current dir: F:/天命之子/client)
Failed to create GICache directory at the default location: C:/Users/Administrator/AppData/LocalLow/Unity/Caches/GiCache.
CreateDirectory 'C:/Users/Administrator/AppData/LocalLow/Unity/Caches' failed: 系统找不到指定的路径。
 (current dir: F:/天命之子/client)
Failed to create GICache directory at the default location: C:/Users/Administrator/AppData/LocalLow/Unity/Caches/GiCache.
CreateDirectory 'C:/Users/Administrator/AppData/LocalLow/Unity/Caches' failed: 系统找不到指定的路径。
 (current dir: F:/天命之子/client)
Failed to create GICache directory at the default location: C:/Users/Administrator/AppData/LocalLow/Unity/Caches/GiCache.
CreateDirectory 'C:/Users/Administrator/AppData/LocalLow/Unity/Caches' failed: 系统找不到指定的路径。
 (current dir: F:/天命之子/client)
Failed to create GICache directory at the default location: C:/Users/Administrator/AppData/LocalLow/Unity/Caches/GiCache.
CreateDirectory 'C:/Users/Administrator/AppData/LocalLow/Unity/Caches' failed: 系统找不到指定的路径。
 (current dir: F:/天命之子/client)
Failed to create GICache directory at the default location: C:/Users/Administrator/AppData/LocalLow/Unity/Caches/GiCache.
CreateDirectory 'C:/Users/Administrator/AppData/LocalLow/Unity/Caches' failed: 系统找不到指定的路径。
 (current dir: F:/天命之子/client)
Failed to create GICache directory at the default location: C:/Users/Administrator/AppData/LocalLow/Unity/Caches/GiCache.
CreateDirectory 'C:/Users/Administrator/AppData/LocalLow/Unity/Caches' failed: 系统找不到指定的路径。
 (current dir: F:/天命之子/client)
Failed to create GICache directory at the default location: C:/Users/Administrator/AppData/LocalLow/Unity/Caches/GiCache.
CreateDirectory 'C:/Users/Administrator/AppData/LocalLow/Unity/Caches' failed: 系统找不到指定的路径。
 (current dir: F:/天命之子/client)
Failed to create GICache directory at the default location: C:/Users/Administrator/AppData/LocalLow/Unity/Caches/GiCache.
CreateDirectory 'C:/Users/Administrator/AppData/LocalLow/Unity/Caches' failed: 系统找不到指定的路径。
 (current dir: F:/天命之子/client)
Failed to create GICache directory at the default location: C:/Users/Administrator/AppData/LocalLow/Unity/Caches/GiCache.
CreateDirectory 'C:/Users/Administrator/AppData/LocalLow/Unity/Caches' failed: 系统找不到指定的路径。
 (current dir: F:/天命之子/client)
Failed to create GICache directory at the default location: C:/Users/Administrator/AppData/LocalLow/Unity/Caches/GiCache.
CreateDirectory 'C:/Users/Administrator/AppData/LocalLow/Unity/Caches' failed: 系统找不到指定的路径。
 (current dir: F:/天命之子/client)
Failed to create GICache directory at the default location: C:/Users/Administrator/AppData/LocalLow/Unity/Caches/GiCache.
CreateDirectory 'C:/Users/Administrator/AppData/LocalLow/Unity/Caches' failed: 系统找不到指定的路径。
 (current dir: F:/天命之子/client)
Failed to create GICache directory at the default location: C:/Users/Administrator/AppData/LocalLow/Unity/Caches/GiCache.
CreateDirectory 'C:/Users/Administrator/AppData/LocalLow/Unity/Caches' failed: 系统找不到指定的路径。
 (current dir: F:/天命之子/client)
Failed to create GICache directory at the default location: C:/Users/Administrator/AppData/LocalLow/Unity/Caches/GiCache.
CreateDirectory 'C:/Users/Administrator/AppData/LocalLow/Unity/Caches' failed: 系统找不到指定的路径。
 (current dir: F:/天命之子/client)
Failed to create GICache directory at the default location: C:/Users/Administrator/AppData/LocalLow/Unity/Caches/GiCache.
CreateDirectory 'C:/Users/Administrator/AppData/LocalLow/Unity/Caches' failed: 系统找不到指定的路径。
 (current dir: F:/天命之子/client)
Failed to create GICache directory at the default location: C:/Users/Administrator/AppData/LocalLow/Unity/Caches/GiCache.
CreateDirectory 'C:/Users/Administrator/AppData/LocalLow/Unity/Caches' failed: 系统找不到指定的路径。
 (current dir: F:/天命之子/client)
Failed to create GICache directory at the default location: C:/Users/Administrator/AppData/LocalLow/Unity/Caches/GiCache.
CreateDirectory 'C:/Users/Administrator/AppData/LocalLow/Unity/Caches' failed: 系统找不到指定的路径。
 (current dir: F:/天命之子/client)
Failed to create GICache directory at the default location: C:/Users/Administrator/AppData/LocalLow/Unity/Caches/GiCache.
CreateDirectory 'C:/Users/Administrator/AppData/LocalLow/Unity/Caches' failed: 系统找不到指定的路径。
 (current dir: F:/天命之子/client)
Failed to create GICache directory at the default location: C:/Users/Administrator/AppData/LocalLow/Unity/Caches/GiCache.
CreateDirectory 'C:/Users/Administrator/AppData/LocalLow/Unity/Caches' failed: 系统找不到指定的路径。
 (current dir: F:/天命之子/client)
Failed to create GICache directory at the default location: C:/Users/Administrator/AppData/LocalLow/Unity/Caches/GiCache.
CreateDirectory 'C:/Users/Administrator/AppData/LocalLow/Unity/Caches' failed: 系统找不到指定的路径。
 (current dir: F:/天命之子/client)
Failed to create GICache directory at the default location: C:/Users/Administrator/AppData/LocalLow/Unity/Caches/GiCache.
CreateDirectory 'C:/Users/Administrator/AppData/LocalLow/Unity/Caches' failed: 系统找不到指定的路径。
 (current dir: F:/天命之子/client)
Failed to create GICache directory at the default location: C:/Users/Administrator/AppData/LocalLow/Unity/Caches/GiCache.
CreateDirectory 'C:/Users/Administrator/AppData/LocalLow/Unity/Caches' failed: 系统找不到指定的路径。
 (current dir: F:/天命之子/client)
Failed to create GICache directory at the default location: C:/Users/Administrator/AppData/LocalLow/Unity/Caches/GiCache.
CreateDirectory 'C:/Users/Administrator/AppData/LocalLow/Unity/Caches' failed: 系统找不到指定的路径。
 (current dir: F:/天命之子/client)
Failed to create GICache directory at the default location: C:/Users/Administrator/AppData/LocalLow/Unity/Caches/GiCache.
CreateDirectory 'C:/Users/Administrator/AppData/LocalLow/Unity/Caches' failed: 系统找不到指定的路径。
 (current dir: F:/天命之子/client)
Failed to create GICache directory at the default location: C:/Users/Administrator/AppData/LocalLow/Unity/Caches/GiCache.
CreateDirectory 'C:/Users/Administrator/AppData/LocalLow/Unity/Caches' failed: 系统找不到指定的路径。
 (current dir: F:/天命之子/client)
Failed to create GICache directory at the default location: C:/Users/Administrator/AppData/LocalLow/Unity/Caches/GiCache.
CreateDirectory 'C:/Users/Administrator/AppData/LocalLow/Unity/Caches' failed: 系统找不到指定的路径。
 (current dir: F:/天命之子/client)
Failed to create GICache directory at the default location: C:/Users/Administrator/AppData/LocalLow/Unity/Caches/GiCache.
CreateDirectory 'C:/Users/Administrator/AppData/LocalLow/Unity/Caches' failed: 系统找不到指定的路径。
 (current dir: F:/天命之子/client)
Failed to create GICache directory at the default location: C:/Users/Administrator/AppData/LocalLow/Unity/Caches/GiCache.
CreateDirectory 'C:/Users/Administrator/AppData/LocalLow/Unity/Caches' failed: 系统找不到指定的路径。
 (current dir: F:/天命之子/client)
Failed to create GICache directory at the default location: C:/Users/Administrator/AppData/LocalLow/Unity/Caches/GiCache.
CreateDirectory 'C:/Users/Administrator/AppData/LocalLow/Unity/Caches' failed: 系统找不到指定的路径。
 (current dir: F:/天命之子/client)
Failed to create GICache directory at the default location: C:/Users/Administrator/AppData/LocalLow/Unity/Caches/GiCache.
CreateDirectory 'C:/Users/Administrator/AppData/LocalLow/Unity/Caches' failed: 系统找不到指定的路径。
 (current dir: F:/天命之子/client)
Failed to create GICache directory at the default location: C:/Users/Administrator/AppData/LocalLow/Unity/Caches/GiCache.
CreateDirectory 'C:/Users/Administrator/AppData/LocalLow/Unity/Caches' failed: 系统找不到指定的路径。
 (current dir: F:/天命之子/client)
Failed to create GICache directory at the default location: C:/Users/Administrator/AppData/LocalLow/Unity/Caches/GiCache.
CreateDirectory 'C:/Users/Administrator/AppData/LocalLow/Unity/Caches' failed: 系统找不到指定的路径。
 (current dir: F:/天命之子/client)
Failed to create GICache directory at the default location: C:/Users/Administrator/AppData/LocalLow/Unity/Caches/GiCache.
CreateDirectory 'C:/Users/Administrator/AppData/LocalLow/Unity/Caches' failed: 系统找不到指定的路径。
 (current dir: F:/天命之子/client)
Failed to create GICache directory at the default location: C:/Users/Administrator/AppData/LocalLow/Unity/Caches/GiCache.
CreateDirectory 'C:/Users/Administrator/AppData/LocalLow/Unity/Caches' failed: 系统找不到指定的路径。
 (current dir: F:/天命之子/client)
Failed to create GICache directory at the default location: C:/Users/Administrator/AppData/LocalLow/Unity/Caches/GiCache.
CreateDirectory 'C:/Users/Administrator/AppData/LocalLow/Unity/Caches' failed: 系统找不到指定的路径。
 (current dir: F:/天命之子/client)
Failed to create GICache directory at the default location: C:/Users/Administrator/AppData/LocalLow/Unity/Caches/GiCache.
CreateDirectory 'C:/Users/Administrator/AppData/LocalLow/Unity/Caches' failed: 系统找不到指定的路径。
 (current dir: F:/天命之子/client)
Failed to create GICache directory at the default location: C:/Users/Administrator/AppData/LocalLow/Unity/Caches/GiCache.
CreateDirectory 'C:/Users/Administrator/AppData/LocalLow/Unity/Caches' failed: 系统找不到指定的路径。
 (current dir: F:/天命之子/client)
Failed to create GICache directory at the default location: C:/Users/Administrator/AppData/LocalLow/Unity/Caches/GiCache.
CreateDirectory 'C:/Users/Administrator/AppData/LocalLow/Unity/Caches' failed: 系统找不到指定的路径。
 (current dir: F:/天命之子/client)
Failed to create GICache directory at the default location: C:/Users/Administrator/AppData/LocalLow/Unity/Caches/GiCache.
CreateDirectory 'C:/Users/Administrator/AppData/LocalLow/Unity/Caches' failed: 系统找不到指定的路径。
 (current dir: F:/天命之子/client)
Failed to create GICache directory at the default location: C:/Users/Administrator/AppData/LocalLow/Unity/Caches/GiCache.
CreateDirectory 'C:/Users/Administrator/AppData/LocalLow/Unity/Caches' failed: 系统找不到指定的路径。
 (current dir: F:/天命之子/client)
Failed to create GICache directory at the default location: C:/Users/Administrator/AppData/LocalLow/Unity/Caches/GiCache.
CreateDirectory 'C:/Users/Administrator/AppData/LocalLow/Unity/Caches' failed: 系统找不到指定的路径。
 (current dir: F:/天命之子/client)
Failed to create GICache directory at the default location: C:/Users/Administrator/AppData/LocalLow/Unity/Caches/GiCache.
CreateDirectory 'C:/Users/Administrator/AppData/LocalLow/Unity/Caches' failed: 系统找不到指定的路径。
 (current dir: F:/天命之子/client)
Failed to create GICache directory at the default location: C:/Users/Administrator/AppData/LocalLow/Unity/Caches/GiCache.
CreateDirectory 'C:/Users/Administrator/AppData/LocalLow/Unity/Caches' failed: 系统找不到指定的路径。
 (current dir: F:/天命之子/client)
Failed to create GICache directory at the default location: C:/Users/Administrator/AppData/LocalLow/Unity/Caches/GiCache.
CreateDirectory 'C:/Users/Administrator/AppData/LocalLow/Unity/Caches' failed: 系统找不到指定的路径。
 (current dir: F:/天命之子/client)
Failed to create GICache directory at the default location: C:/Users/Administrator/AppData/LocalLow/Unity/Caches/GiCache.
CreateDirectory 'C:/Users/Administrator/AppData/LocalLow/Unity/Caches' failed: 系统找不到指定的路径。
 (current dir: F:/天命之子/client)
Failed to create GICache directory at the default location: C:/Users/Administrator/AppData/LocalLow/Unity/Caches/GiCache.
CreateDirectory 'C:/Users/Administrator/AppData/LocalLow/Unity/Caches' failed: 系统找不到指定的路径。
 (current dir: F:/天命之子/client)
Failed to create GICache directory at the default location: C:/Users/Administrator/AppData/LocalLow/Unity/Caches/GiCache.
CreateDirectory 'C:/Users/Administrator/AppData/LocalLow/Unity/Caches' failed: 系统找不到指定的路径。
 (current dir: F:/天命之子/client)
Failed to create GICache directory at the default location: C:/Users/Administrator/AppData/LocalLow/Unity/Caches/GiCache.
CreateDirectory 'C:/Users/Administrator/AppData/LocalLow/Unity/Caches' failed: 系统找不到指定的路径。
 (current dir: F:/天命之子/client)
Failed to create GICache directory at the default location: C:/Users/Administrator/AppData/LocalLow/Unity/Caches/GiCache.
CreateDirectory 'C:/Users/Administrator/AppData/LocalLow/Unity/Caches' failed: 系统找不到指定的路径。
 (current dir: F:/天命之子/client)
Failed to create GICache directory at the default location: C:/Users/Administrator/AppData/LocalLow/Unity/Caches/GiCache.
CreateDirectory 'C:/Users/Administrator/AppData/LocalLow/Unity/Caches' failed: 系统找不到指定的路径。
 (current dir: F:/天命之子/client)
Failed to create GICache directory at the default location: C:/Users/Administrator/AppData/LocalLow/Unity/Caches/GiCache.
CreateDirectory 'C:/Users/Administrator/AppData/LocalLow/Unity/Caches' failed: 系统找不到指定的路径。
 (current dir: F:/天命之子/client)
Failed to create GICache directory at the default location: C:/Users/Administrator/AppData/LocalLow/Unity/Caches/GiCache.
CreateDirectory 'C:/Users/Administrator/AppData/LocalLow/Unity/Caches' failed: 系统找不到指定的路径。
 (current dir: F:/天命之子/client)
Failed to create GICache directory at the default location: C:/Users/Administrator/AppData/LocalLow/Unity/Caches/GiCache.
CreateDirectory 'C:/Users/Administrator/AppData/LocalLow/Unity/Caches' failed: 系统找不到指定的路径。
 (current dir: F:/天命之子/client)
Failed to create GICache directory at the default location: C:/Users/Administrator/AppData/LocalLow/Unity/Caches/GiCache.
CreateDirectory 'C:/Users/Administrator/AppData/LocalLow/Unity/Caches' failed: 系统找不到指定的路径。
 (current dir: F:/天命之子/client)
Failed to create GICache directory at the default location: C:/Users/Administrator/AppData/LocalLow/Unity/Caches/GiCache.
CreateDirectory 'C:/Users/Administrator/AppData/LocalLow/Unity/Caches' failed: 系统找不到指定的路径。
 (current dir: F:/天命之子/client)
Failed to create GICache directory at the default location: C:/Users/Administrator/AppData/LocalLow/Unity/Caches/GiCache.
CreateDirectory 'C:/Users/Administrator/AppData/LocalLow/Unity/Caches' failed: 系统找不到指定的路径。
 (current dir: F:/天命之子/client)
Failed to create GICache directory at the default location: C:/Users/Administrator/AppData/LocalLow/Unity/Caches/GiCache.
CreateDirectory 'C:/Users/Administrator/AppData/LocalLow/Unity/Caches' failed: 系统找不到指定的路径。
 (current dir: F:/天命之子/client)
Failed to create GICache directory at the default location: C:/Users/Administrator/AppData/LocalLow/Unity/Caches/GiCache.
CreateDirectory 'C:/Users/Administrator/AppData/LocalLow/Unity/Caches' failed: 系统找不到指定的路径。
 (current dir: F:/天命之子/client)
Failed to create GICache directory at the default location: C:/Users/Administrator/AppData/LocalLow/Unity/Caches/GiCache.
CreateDirectory 'C:/Users/Administrator/AppData/LocalLow/Unity/Caches' failed: 系统找不到指定的路径。
 (current dir: F:/天命之子/client)
Failed to create GICache directory at the default location: C:/Users/Administrator/AppData/LocalLow/Unity/Caches/GiCache.
CreateDirectory 'C:/Users/Administrator/AppData/LocalLow/Unity/Caches' failed: 系统找不到指定的路径。
 (current dir: F:/天命之子/client)
Failed to create GICache directory at the default location: C:/Users/Administrator/AppData/LocalLow/Unity/Caches/GiCache.
CreateDirectory 'C:/Users/Administrator/AppData/LocalLow/Unity/Caches' failed: 系统找不到指定的路径。
 (current dir: F:/天命之子/client)
Failed to create GICache directory at the default location: C:/Users/Administrator/AppData/LocalLow/Unity/Caches/GiCache.
CreateDirectory 'C:/Users/Administrator/AppData/LocalLow/Unity/Caches' failed: 系统找不到指定的路径。
 (current dir: F:/天命之子/client)
Failed to create GICache directory at the default location: C:/Users/Administrator/AppData/LocalLow/Unity/Caches/GiCache.
CreateDirectory 'C:/Users/Administrator/AppData/LocalLow/Unity/Caches' failed: 系统找不到指定的路径。
 (current dir: F:/天命之子/client)
Failed to create GICache directory at the default location: C:/Users/Administrator/AppData/LocalLow/Unity/Caches/GiCache.
CreateDirectory 'C:/Users/Administrator/AppData/LocalLow/Unity/Caches' failed: 系统找不到指定的路径。
 (current dir: F:/天命之子/client)
Failed to create GICache directory at the default location: C:/Users/Administrator/AppData/LocalLow/Unity/Caches/GiCache.
CreateDirectory 'C:/Users/Administrator/AppData/LocalLow/Unity/Caches' failed: 系统找不到指定的路径。
 (current dir: F:/天命之子/client)
Failed to create GICache directory at the default location: C:/Users/Administrator/AppData/LocalLow/Unity/Caches/GiCache.
CreateDirectory 'C:/Users/Administrator/AppData/LocalLow/Unity/Caches' failed: 系统找不到指定的路径。
 (current dir: F:/天命之子/client)
Failed to create GICache directory at the default location: C:/Users/Administrator/AppData/LocalLow/Unity/Caches/GiCache.
CreateDirectory 'C:/Users/Administrator/AppData/LocalLow/Unity/Caches' failed: 系统找不到指定的路径。
 (current dir: F:/天命之子/client)
Failed to create GICache directory at the default location: C:/Users/Administrator/AppData/LocalLow/Unity/Caches/GiCache.
CreateDirectory 'C:/Users/Administrator/AppData/LocalLow/Unity/Caches' failed: 系统找不到指定的路径。
 (current dir: F:/天命之子/client)
Failed to create GICache directory at the default location: C:/Users/Administrator/AppData/LocalLow/Unity/Caches/GiCache.
CreateDirectory 'C:/Users/Administrator/AppData/LocalLow/Unity/Caches' failed: 系统找不到指定的路径。
 (current dir: F:/天命之子/client)
Failed to create GICache directory at the default location: C:/Users/Administrator/AppData/LocalLow/Unity/Caches/GiCache.
CreateDirectory 'C:/Users/Administrator/AppData/LocalLow/Unity/Caches' failed: 系统找不到指定的路径。
 (current dir: F:/天命之子/client)
Failed to create GICache directory at the default location: C:/Users/Administrator/AppData/LocalLow/Unity/Caches/GiCache.
CreateDirectory 'C:/Users/Administrator/AppData/LocalLow/Unity/Caches' failed: 系统找不到指定的路径。
 (current dir: F:/天命之子/client)
Failed to create GICache directory at the default location: C:/Users/Administrator/AppData/LocalLow/Unity/Caches/GiCache.
CreateDirectory 'C:/Users/Administrator/AppData/LocalLow/Unity/Caches' failed: 系统找不到指定的路径。
 (current dir: F:/天命之子/client)
Failed to create GICache directory at the default location: C:/Users/Administrator/AppData/LocalLow/Unity/Caches/GiCache.
CreateDirectory 'C:/Users/Administrator/AppData/LocalLow/Unity/Caches' failed: 系统找不到指定的路径。
 (current dir: F:/天命之子/client)
Failed to create GICache directory at the default location: C:/Users/Administrator/AppData/LocalLow/Unity/Caches/GiCache.
CreateDirectory 'C:/Users/Administrator/AppData/LocalLow/Unity/Caches' failed: 系统找不到指定的路径。
 (current dir: F:/天命之子/client)
Failed to create GICache directory at the default location: C:/Users/Administrator/AppData/LocalLow/Unity/Caches/GiCache.
CreateDirectory 'C:/Users/Administrator/AppData/LocalLow/Unity/Caches' failed: 系统找不到指定的路径。
 (current dir: F:/天命之子/client)
Failed to create GICache directory at the default location: C:/Users/Administrator/AppData/LocalLow/Unity/Caches/GiCache.
CreateDirectory 'C:/Users/Administrator/AppData/LocalLow/Unity/Caches' failed: 系统找不到指定的路径。
 (current dir: F:/天命之子/client)
Failed to create GICache directory at the default location: C:/Users/Administrator/AppData/LocalLow/Unity/Caches/GiCache.
CreateDirectory 'C:/Users/Administrator/AppData/LocalLow/Unity/Caches' failed: 系统找不到指定的路径。
 (current dir: F:/天命之子/client)
Failed to create GICache directory at the default location: C:/Users/Administrator/AppData/LocalLow/Unity/Caches/GiCache.
CreateDirectory 'C:/Users/Administrator/AppData/LocalLow/Unity/Caches' failed: 系统找不到指定的路径。
 (current dir: F:/天命之子/client)
Failed to create GICache directory at the default location: C:/Users/Administrator/AppData/LocalLow/Unity/Caches/GiCache.
CreateDirectory 'C:/Users/Administrator/AppData/LocalLow/Unity/Caches' failed: 系统找不到指定的路径。
 (current dir: F:/天命之子/client)
Failed to create GICache directory at the default location: C:/Users/Administrator/AppData/LocalLow/Unity/Caches/GiCache.
CreateDirectory 'C:/Users/Administrator/AppData/LocalLow/Unity/Caches' failed: 系统找不到指定的路径。
 (current dir: F:/天命之子/client)
Failed to create GICache directory at the default location: C:/Users/Administrator/AppData/LocalLow/Unity/Caches/GiCache.
CreateDirectory 'C:/Users/Administrator/AppData/LocalLow/Unity/Caches' failed: 系统找不到指定的路径。
 (current dir: F:/天命之子/client)
Failed to create GICache directory at the default location: C:/Users/Administrator/AppData/LocalLow/Unity/Caches/GiCache.
CreateDirectory 'C:/Users/Administrator/AppData/LocalLow/Unity/Caches' failed: 系统找不到指定的路径。
 (current dir: F:/天命之子/client)
Failed to create GICache directory at the default location: C:/Users/Administrator/AppData/LocalLow/Unity/Caches/GiCache.
CreateDirectory 'C:/Users/Administrator/AppData/LocalLow/Unity/Caches' failed: 系统找不到指定的路径。
 (current dir: F:/天命之子/client)
Failed to create GICache directory at the default location: C:/Users/Administrator/AppData/LocalLow/Unity/Caches/GiCache.
CreateDirectory 'C:/Users/Administrator/AppData/LocalLow/Unity/Caches' failed: 系统找不到指定的路径。
 (current dir: F:/天命之子/client)
Failed to create GICache directory at the default location: C:/Users/Administrator/AppData/LocalLow/Unity/Caches/GiCache.
CreateDirectory 'C:/Users/Administrator/AppData/LocalLow/Unity/Caches' failed: 系统找不到指定的路径。
 (current dir: F:/天命之子/client)
Failed to create GICache directory at the default location: C:/Users/Administrator/AppData/LocalLow/Unity/Caches/GiCache.
CreateDirectory 'C:/Users/Administrator/AppData/LocalLow/Unity/Caches' failed: 系统找不到指定的路径。
 (current dir: F:/天命之子/client)
Failed to create GICache directory at the default location: C:/Users/Administrator/AppData/LocalLow/Unity/Caches/GiCache.
CreateDirectory 'C:/Users/Administrator/AppData/LocalLow/Unity/Caches' failed: 系统找不到指定的路径。
 (current dir: F:/天命之子/client)
Failed to create GICache directory at the default location: C:/Users/Administrator/AppData/LocalLow/Unity/Caches/GiCache.
CreateDirectory 'C:/Users/Administrator/AppData/LocalLow/Unity/Caches' failed: 系统找不到指定的路径。
 (current dir: F:/天命之子/client)
Failed to create GICache directory at the default location: C:/Users/Administrator/AppData/LocalLow/Unity/Caches/GiCache.
CreateDirectory 'C:/Users/Administrator/AppData/LocalLow/Unity/Caches' failed: 系统找不到指定的路径。
 (current dir: F:/天命之子/client)
Failed to create GICache directory at the default location: C:/Users/Administrator/AppData/LocalLow/Unity/Caches/GiCache.
CreateDirectory 'C:/Users/Administrator/AppData/LocalLow/Unity/Caches' failed: 系统找不到指定的路径。
 (current dir: F:/天命之子/client)
Failed to create GICache directory at the default location: C:/Users/Administrator/AppData/LocalLow/Unity/Caches/GiCache.
CreateDirectory 'C:/Users/Administrator/AppData/LocalLow/Unity/Caches' failed: 系统找不到指定的路径。
 (current dir: F:/天命之子/client)
Failed to create GICache directory at the default location: C:/Users/Administrator/AppData/LocalLow/Unity/Caches/GiCache.
CreateDirectory 'C:/Users/Administrator/AppData/LocalLow/Unity/Caches' failed: 系统找不到指定的路径。
 (current dir: F:/天命之子/client)
Failed to create GICache directory at the default location: C:/Users/Administrator/AppData/LocalLow/Unity/Caches/GiCache.
CreateDirectory 'C:/Users/Administrator/AppData/LocalLow/Unity/Caches' failed: 系统找不到指定的路径。
 (current dir: F:/天命之子/client)
Failed to create GICache directory at the default location: C:/Users/Administrator/AppData/LocalLow/Unity/Caches/GiCache.
CreateDirectory 'C:/Users/Administrator/AppData/LocalLow/Unity/Caches' failed: 系统找不到指定的路径。
 (current dir: F:/天命之子/client)
Failed to create GICache directory at the default location: C:/Users/Administrator/AppData/LocalLow/Unity/Caches/GiCache.
CreateDirectory 'C:/Users/Administrator/AppData/LocalLow/Unity/Caches' failed: 系统找不到指定的路径。
 (current dir: F:/天命之子/client)
Failed to create GICache directory at the default location: C:/Users/Administrator/AppData/LocalLow/Unity/Caches/GiCache.
CreateDirectory 'C:/Users/Administrator/AppData/LocalLow/Unity/Caches' failed: 系统找不到指定的路径。
 (current dir: F:/天命之子/client)
Failed to create GICache directory at the default location: C:/Users/Administrator/AppData/LocalLow/Unity/Caches/GiCache.
CreateDirectory 'C:/Users/Administrator/AppData/LocalLow/Unity/Caches' failed: 系统找不到指定的路径。
 (current dir: F:/天命之子/client)
Failed to create GICache directory at the default location: C:/Users/Administrator/AppData/LocalLow/Unity/Caches/GiCache.
CreateDirectory 'C:/Users/Administrator/AppData/LocalLow/Unity/Caches' failed: 系统找不到指定的路径。
 (current dir: F:/天命之子/client)
Failed to create GICache directory at the default location: C:/Users/Administrator/AppData/LocalLow/Unity/Caches/GiCache.
CreateDirectory 'C:/Users/Administrator/AppData/LocalLow/Unity/Caches' failed: 系统找不到指定的路径。
 (current dir: F:/天命之子/client)
Failed to create GICache directory at the default location: C:/Users/Administrator/AppData/LocalLow/Unity/Caches/GiCache.
CreateDirectory 'C:/Users/Administrator/AppData/LocalLow/Unity/Caches' failed: 系统找不到指定的路径。
 (current dir: F:/天命之子/client)
Failed to create GICache directory at the default location: C:/Users/Administrator/AppData/LocalLow/Unity/Caches/GiCache.
CreateDirectory 'C:/Users/Administrator/AppData/LocalLow/Unity/Caches' failed: 系统找不到指定的路径。
 (current dir: F:/天命之子/client)
Failed to create GICache directory at the default location: C:/Users/Administrator/AppData/LocalLow/Unity/Caches/GiCache.
CreateDirectory 'C:/Users/Administrator/AppData/LocalLow/Unity/Caches' failed: 系统找不到指定的路径。
 (current dir: F:/天命之子/client)
Failed to create GICache directory at the default location: C:/Users/Administrator/AppData/LocalLow/Unity/Caches/GiCache.
CreateDirectory 'C:/Users/Administrator/AppData/LocalLow/Unity/Caches' failed: 系统找不到指定的路径。
 (current dir: F:/天命之子/client)
Failed to create GICache directory at the default location: C:/Users/Administrator/AppData/LocalLow/Unity/Caches/GiCache.
CreateDirectory 'C:/Users/Administrator/AppData/LocalLow/Unity/Caches' failed: 系统找不到指定的路径。
 (current dir: F:/天命之子/client)
Failed to create GICache directory at the default location: C:/Users/Administrator/AppData/LocalLow/Unity/Caches/GiCache.
CreateDirectory 'C:/Users/Administrator/AppData/LocalLow/Unity/Caches' failed: 系统找不到指定的路径。
 (current dir: F:/天命之子/client)
Failed to create GICache directory at the default location: C:/Users/Administrator/AppData/LocalLow/Unity/Caches/GiCache.
CreateDirectory 'C:/Users/Administrator/AppData/LocalLow/Unity/Caches' failed: 系统找不到指定的路径。
 (current dir: F:/天命之子/client)
Failed to create GICache directory at the default location: C:/Users/Administrator/AppData/LocalLow/Unity/Caches/GiCache.
CreateDirectory 'C:/Users/Administrator/AppData/LocalLow/Unity/Caches' failed: 系统找不到指定的路径。
 (current dir: F:/天命之子/client)
Failed to create GICache directory at the default location: C:/Users/Administrator/AppData/LocalLow/Unity/Caches/GiCache.
CreateDirectory 'C:/Users/Administrator/AppData/LocalLow/Unity/Caches' failed: 系统找不到指定的路径。
 (current dir: F:/天命之子/client)
Failed to create GICache directory at the default location: C:/Users/Administrator/AppData/LocalLow/Unity/Caches/GiCache.
CreateDirectory 'C:/Users/Administrator/AppData/LocalLow/Unity/Caches' failed: 系统找不到指定的路径。
 (current dir: F:/天命之子/client)
Failed to create GICache directory at the default location: C:/Users/Administrator/AppData/LocalLow/Unity/Caches/GiCache.
CreateDirectory 'C:/Users/Administrator/AppData/LocalLow/Unity/Caches' failed: 系统找不到指定的路径。
 (current dir: F:/天命之子/client)
Failed to create GICache directory at the default location: C:/Users/Administrator/AppData/LocalLow/Unity/Caches/GiCache.
CreateDirectory 'C:/Users/Administrator/AppData/LocalLow/Unity/Caches' failed: 系统找不到指定的路径。
 (current dir: F:/天命之子/client)
Failed to create GICache directory at the default location: C:/Users/Administrator/AppData/LocalLow/Unity/Caches/GiCache.
CreateDirectory 'C:/Users/Administrator/AppData/LocalLow/Unity/Caches' failed: 系统找不到指定的路径。
 (current dir: F:/天命之子/client)
Failed to create GICache directory at the default location: C:/Users/Administrator/AppData/LocalLow/Unity/Caches/GiCache.
CreateDirectory 'C:/Users/Administrator/AppData/LocalLow/Unity/Caches' failed: 系统找不到指定的路径。
 (current dir: F:/天命之子/client)
Failed to create GICache directory at the default location: C:/Users/Administrator/AppData/LocalLow/Unity/Caches/GiCache.
CreateDirectory 'C:/Users/Administrator/AppData/LocalLow/Unity/Caches' failed: 系统找不到指定的路径。
 (current dir: F:/天命之子/client)
Failed to create GICache directory at the default location: C:/Users/Administrator/AppData/LocalLow/Unity/Caches/GiCache.
CreateDirectory 'C:/Users/Administrator/AppData/LocalLow/Unity/Caches' failed: 系统找不到指定的路径。
 (current dir: F:/天命之子/client)
Failed to create GICache directory at the default location: C:/Users/Administrator/AppData/LocalLow/Unity/Caches/GiCache.
CreateDirectory 'C:/Users/Administrator/AppData/LocalLow/Unity/Caches' failed: 系统找不到指定的路径。
 (current dir: F:/天命之子/client)
Failed to create GICache directory at the default location: C:/Users/Administrator/AppData/LocalLow/Unity/Caches/GiCache.
CreateDirectory 'C:/Users/Administrator/AppData/LocalLow/Unity/Caches' failed: 系统找不到指定的路径。
 (current dir: F:/天命之子/client)
Failed to create GICache directory at the default location: C:/Users/Administrator/AppData/LocalLow/Unity/Caches/GiCache.
CreateDirectory 'C:/Users/Administrator/AppData/LocalLow/Unity/Caches' failed: 系统找不到指定的路径。
 (current dir: F:/天命之子/client)
Failed to create GICache directory at the default location: C:/Users/Administrator/AppData/LocalLow/Unity/Caches/GiCache.
CreateDirectory 'C:/Users/Administrator/AppData/LocalLow/Unity/Caches' failed: 系统找不到指定的路径。
 (current dir: F:/天命之子/client)
Failed to create GICache directory at the default location: C:/Users/Administrator/AppData/LocalLow/Unity/Caches/GiCache.
CreateDirectory 'C:/Users/Administrator/AppData/LocalLow/Unity/Caches' failed: 系统找不到指定的路径。
 (current dir: F:/天命之子/client)
Failed to create GICache directory at the default location: C:/Users/Administrator/AppData/LocalLow/Unity/Caches/GiCache.
CreateDirectory 'C:/Users/Administrator/AppData/LocalLow/Unity/Caches' failed: 系统找不到指定的路径。
 (current dir: F:/天命之子/client)
Failed to create GICache directory at the default location: C:/Users/Administrator/AppData/LocalLow/Unity/Caches/GiCache.
CreateDirectory 'C:/Users/Administrator/AppData/LocalLow/Unity/Caches' failed: 系统找不到指定的路径。
 (current dir: F:/天命之子/client)
Failed to create GICache directory at the default location: C:/Users/Administrator/AppData/LocalLow/Unity/Caches/GiCache.
CreateDirectory 'C:/Users/Administrator/AppData/LocalLow/Unity/Caches' failed: 系统找不到指定的路径。
 (current dir: F:/天命之子/client)
Failed to create GICache directory at the default location: C:/Users/Administrator/AppData/LocalLow/Unity/Caches/GiCache.
CreateDirectory 'C:/Users/Administrator/AppData/LocalLow/Unity/Caches' failed: 系统找不到指定的路径。
 (current dir: F:/天命之子/client)
Failed to create GICache directory at the default location: C:/Users/Administrator/AppData/LocalLow/Unity/Caches/GiCache.
CreateDirectory 'C:/Users/Administrator/AppData/LocalLow/Unity/Caches' failed: 系统找不到指定的路径。
 (current dir: F:/天命之子/client)
Failed to create GICache directory at the default location: C:/Users/Administrator/AppData/LocalLow/Unity/Caches/GiCache.
CreateDirectory 'C:/Users/Administrator/AppData/LocalLow/Unity/Caches' failed: 系统找不到指定的路径。
 (current dir: F:/天命之子/client)
Failed to create GICache directory at the default location: C:/Users/Administrator/AppData/LocalLow/Unity/Caches/GiCache.
CreateDirectory 'C:/Users/Administrator/AppData/LocalLow/Unity/Caches' failed: 系统找不到指定的路径。
 (current dir: F:/天命之子/client)
Failed to create GICache directory at the default location: C:/Users/Administrator/AppData/LocalLow/Unity/Caches/GiCache.
CreateDirectory 'C:/Users/Administrator/AppData/LocalLow/Unity/Caches' failed: 系统找不到指定的路径。
 (current dir: F:/天命之子/client)
Failed to create GICache directory at the default location: C:/Users/Administrator/AppData/LocalLow/Unity/Caches/GiCache.
CreateDirectory 'C:/Users/Administrator/AppData/LocalLow/Unity/Caches' failed: 系统找不到指定的路径。
 (current dir: F:/天命之子/client)
Failed to create GICache directory at the default location: C:/Users/Administrator/AppData/LocalLow/Unity/Caches/GiCache.
CreateDirectory 'C:/Users/Administrator/AppData/LocalLow/Unity/Caches' failed: 系统找不到指定的路径。
 (current dir: F:/天命之子/client)
Failed to create GICache directory at the default location: C:/Users/Administrator/AppData/LocalLow/Unity/Caches/GiCache.
CreateDirectory 'C:/Users/Administrator/AppData/LocalLow/Unity/Caches' failed: 系统找不到指定的路径。
 (current dir: F:/天命之子/client)
Failed to create GICache directory at the default location: C:/Users/Administrator/AppData/LocalLow/Unity/Caches/GiCache.
CreateDirectory 'C:/Users/Administrator/AppData/LocalLow/Unity/Caches' failed: 系统找不到指定的路径。
 (current dir: F:/天命之子/client)
Failed to create GICache directory at the default location: C:/Users/Administrator/AppData/LocalLow/Unity/Caches/GiCache.
CreateDirectory 'C:/Users/Administrator/AppData/LocalLow/Unity/Caches' failed: 系统找不到指定的路径。
 (current dir: F:/天命之子/client)
Failed to create GICache directory at the default location: C:/Users/Administrator/AppData/LocalLow/Unity/Caches/GiCache.
CreateDirectory 'C:/Users/Administrator/AppData/LocalLow/Unity/Caches' failed: 系统找不到指定的路径。
 (current dir: F:/天命之子/client)
Failed to create GICache directory at the default location: C:/Users/Administrator/AppData/LocalLow/Unity/Caches/GiCache.
CreateDirectory 'C:/Users/Administrator/AppData/LocalLow/Unity/Caches' failed: 系统找不到指定的路径。
 (current dir: F:/天命之子/client)
Failed to create GICache directory at the default location: C:/Users/Administrator/AppData/LocalLow/Unity/Caches/GiCache.
CreateDirectory 'C:/Users/Administrator/AppData/LocalLow/Unity/Caches' failed: 系统找不到指定的路径。
 (current dir: F:/天命之子/client)
Failed to create GICache directory at the default location: C:/Users/Administrator/AppData/LocalLow/Unity/Caches/GiCache.
CreateDirectory 'C:/Users/Administrator/AppData/LocalLow/Unity/Caches' failed: 系统找不到指定的路径。
 (current dir: F:/天命之子/client)
Failed to create GICache directory at the default location: C:/Users/Administrator/AppData/LocalLow/Unity/Caches/GiCache.
CreateDirectory 'C:/Users/Administrator/AppData/LocalLow/Unity/Caches' failed: 系统找不到指定的路径。
 (current dir: F:/天命之子/client)
Failed to create GICache directory at the default location: C:/Users/Administrator/AppData/LocalLow/Unity/Caches/GiCache.
CreateDirectory 'C:/Users/Administrator/AppData/LocalLow/Unity/Caches' failed: 系统找不到指定的路径。
 (current dir: F:/天命之子/client)
Failed to create GICache directory at the default location: C:/Users/Administrator/AppData/LocalLow/Unity/Caches/GiCache.
CreateDirectory 'C:/Users/Administrator/AppData/LocalLow/Unity/Caches' failed: 系统找不到指定的路径。
 (current dir: F:/天命之子/client)
Failed to create GICache directory at the default location: C:/Users/Administrator/AppData/LocalLow/Unity/Caches/GiCache.
CreateDirectory 'C:/Users/Administrator/AppData/LocalLow/Unity/Caches' failed: 系统找不到指定的路径。
 (current dir: F:/天命之子/client)
Failed to create GICache directory at the default location: C:/Users/Administrator/AppData/LocalLow/Unity/Caches/GiCache.
CreateDirectory 'C:/Users/Administrator/AppData/LocalLow/Unity/Caches' failed: 系统找不到指定的路径。
 (current dir: F:/天命之子/client)
Failed to create GICache directory at the default location: C:/Users/Administrator/AppData/LocalLow/Unity/Caches/GiCache.
CreateDirectory 'C:/Users/Administrator/AppData/LocalLow/Unity/Caches' failed: 系统找不到指定的路径。
 (current dir: F:/天命之子/client)
Failed to create GICache directory at the default location: C:/Users/Administrator/AppData/LocalLow/Unity/Caches/GiCache.
CreateDirectory 'C:/Users/Administrator/AppData/LocalLow/Unity/Caches' failed: 系统找不到指定的路径。
 (current dir: F:/天命之子/client)
Failed to create GICache directory at the default location: C:/Users/Administrator/AppData/LocalLow/Unity/Caches/GiCache.
CreateDirectory 'C:/Users/Administrator/AppData/LocalLow/Unity/Caches' failed: 系统找不到指定的路径。
 (current dir: F:/天命之子/client)
Failed to create GICache directory at the default location: C:/Users/Administrator/AppData/LocalLow/Unity/Caches/GiCache.
CreateDirectory 'C:/Users/Administrator/AppData/LocalLow/Unity/Caches' failed: 系统找不到指定的路径。
 (current dir: F:/天命之子/client)
Failed to create GICache directory at the default location: C:/Users/Administrator/AppData/LocalLow/Unity/Caches/GiCache.
CreateDirectory 'C:/Users/Administrator/AppData/LocalLow/Unity/Caches' failed: 系统找不到指定的路径。
 (current dir: F:/天命之子/client)
Failed to create GICache directory at the default location: C:/Users/Administrator/AppData/LocalLow/Unity/Caches/GiCache.
CreateDirectory 'C:/Users/Administrator/AppData/LocalLow/Unity/Caches' failed: 系统找不到指定的路径。
 (current dir: F:/天命之子/client)
Failed to create GICache directory at the default location: C:/Users/Administrator/AppData/LocalLow/Unity/Caches/GiCache.
CreateDirectory 'C:/Users/Administrator/AppData/LocalLow/Unity/Caches' failed: 系统找不到指定的路径。
 (current dir: F:/天命之子/client)
Failed to create GICache directory at the default location: C:/Users/Administrator/AppData/LocalLow/Unity/Caches/GiCache.
CreateDirectory 'C:/Users/Administrator/AppData/LocalLow/Unity/Caches' failed: 系统找不到指定的路径。
 (current dir: F:/天命之子/client)
Failed to create GICache directory at the default location: C:/Users/Administrator/AppData/LocalLow/Unity/Caches/GiCache.
CreateDirectory 'C:/Users/Administrator/AppData/LocalLow/Unity/Caches' failed: 系统找不到指定的路径。
 (current dir: F:/天命之子/client)
Failed to create GICache directory at the default location: C:/Users/Administrator/AppData/LocalLow/Unity/Caches/GiCache.
CreateDirectory 'C:/Users/Administrator/AppData/LocalLow/Unity/Caches' failed: 系统找不到指定的路径。
 (current dir: F:/天命之子/client)
Failed to create GICache directory at the default location: C:/Users/Administrator/AppData/LocalLow/Unity/Caches/GiCache.
CreateDirectory 'C:/Users/Administrator/AppData/LocalLow/Unity/Caches' failed: 系统找不到指定的路径。
 (current dir: F:/天命之子/client)
Failed to create GICache directory at the default location: C:/Users/Administrator/AppData/LocalLow/Unity/Caches/GiCache.
CreateDirectory 'C:/Users/Administrator/AppData/LocalLow/Unity/Caches' failed: 系统找不到指定的路径。
 (current dir: F:/天命之子/client)
Failed to create GICache directory at the default location: C:/Users/Administrator/AppData/LocalLow/Unity/Caches/GiCache.
CreateDirectory 'C:/Users/Administrator/AppData/LocalLow/Unity/Caches' failed: 系统找不到指定的路径。
 (current dir: F:/天命之子/client)
Failed to create GICache directory at the default location: C:/Users/Administrator/AppData/LocalLow/Unity/Caches/GiCache.
CreateDirectory 'C:/Users/Administrator/AppData/LocalLow/Unity/Caches' failed: 系统找不到指定的路径。
 (current dir: F:/天命之子/client)
Failed to create GICache directory at the default location: C:/Users/Administrator/AppData/LocalLow/Unity/Caches/GiCache.
CreateDirectory 'C:/Users/Administrator/AppData/LocalLow/Unity/Caches' failed: 系统找不到指定的路径。
 (current dir: F:/天命之子/client)
Failed to create GICache directory at the default location: C:/Users/Administrator/AppData/LocalLow/Unity/Caches/GiCache.
CreateDirectory 'C:/Users/Administrator/AppData/LocalLow/Unity/Caches' failed: 系统找不到指定的路径。
 (current dir: F:/天命之子/client)
Failed to create GICache directory at the default location: C:/Users/Administrator/AppData/LocalLow/Unity/Caches/GiCache.
CreateDirectory 'C:/Users/Administrator/AppData/LocalLow/Unity/Caches' failed: 系统找不到指定的路径。
 (current dir: F:/天命之子/client)
Failed to create GICache directory at the default location: C:/Users/Administrator/AppData/LocalLow/Unity/Caches/GiCache.
CreateDirectory 'C:/Users/Administrator/AppData/LocalLow/Unity/Caches' failed: 系统找不到指定的路径。
 (current dir: F:/天命之子/client)
Failed to create GICache directory at the default location: C:/Users/Administrator/AppData/LocalLow/Unity/Caches/GiCache.
CreateDirectory 'C:/Users/Administrator/AppData/LocalLow/Unity/Caches' failed: 系统找不到指定的路径。
 (current dir: F:/天命之子/client)
Failed to create GICache directory at the default location: C:/Users/Administrator/AppData/LocalLow/Unity/Caches/GiCache.
CreateDirectory 'C:/Users/Administrator/AppData/LocalLow/Unity/Caches' failed: 系统找不到指定的路径。
 (current dir: F:/天命之子/client)
Failed to create GICache directory at the default location: C:/Users/Administrator/AppData/LocalLow/Unity/Caches/GiCache.
CreateDirectory 'C:/Users/Administrator/AppData/LocalLow/Unity/Caches' failed: 系统找不到指定的路径。
 (current dir: F:/天命之子/client)
Failed to create GICache directory at the default location: C:/Users/Administrator/AppData/LocalLow/Unity/Caches/GiCache.
CreateDirectory 'C:/Users/Administrator/AppData/LocalLow/Unity/Caches' failed: 系统找不到指定的路径。
 (current dir: F:/天命之子/client)
Failed to create GICache directory at the default location: C:/Users/Administrator/AppData/LocalLow/Unity/Caches/GiCache.
CreateDirectory 'C:/Users/Administrator/AppData/LocalLow/Unity/Caches' failed: 系统找不到指定的路径。
 (current dir: F:/天命之子/client)
Failed to create GICache directory at the default location: C:/Users/Administrator/AppData/LocalLow/Unity/Caches/GiCache.
CreateDirectory 'C:/Users/Administrator/AppData/LocalLow/Unity/Caches' failed: 系统找不到指定的路径。
 (current dir: F:/天命之子/client)
Failed to create GICache directory at the default location: C:/Users/Administrator/AppData/LocalLow/Unity/Caches/GiCache.
CreateDirectory 'C:/Users/Administrator/AppData/LocalLow/Unity/Caches' failed: 系统找不到指定的路径。
 (current dir: F:/天命之子/client)
Failed to create GICache directory at the default location: C:/Users/Administrator/AppData/LocalLow/Unity/Caches/GiCache.
CreateDirectory 'C:/Users/Administrator/AppData/LocalLow/Unity/Caches' failed: 系统找不到指定的路径。
 (current dir: F:/天命之子/client)
Failed to create GICache directory at the default location: C:/Users/Administrator/AppData/LocalLow/Unity/Caches/GiCache.
CreateDirectory 'C:/Users/Administrator/AppData/LocalLow/Unity/Caches' failed: 系统找不到指定的路径。
 (current dir: F:/天命之子/client)
Failed to create GICache directory at the default location: C:/Users/Administrator/AppData/LocalLow/Unity/Caches/GiCache.
CreateDirectory 'C:/Users/Administrator/AppData/LocalLow/Unity/Caches' failed: 系统找不到指定的路径。
 (current dir: F:/天命之子/client)
Failed to create GICache directory at the default location: C:/Users/Administrator/AppData/LocalLow/Unity/Caches/GiCache.
CreateDirectory 'C:/Users/Administrator/AppData/LocalLow/Unity/Caches' failed: 系统找不到指定的路径。
 (current dir: F:/天命之子/client)
Failed to create GICache directory at the default location: C:/Users/Administrator/AppData/LocalLow/Unity/Caches/GiCache.
CreateDirectory 'C:/Users/Administrator/AppData/LocalLow/Unity/Caches' failed: 系统找不到指定的路径。
 (current dir: F:/天命之子/client)
Failed to create GICache directory at the default location: C:/Users/Administrator/AppData/LocalLow/Unity/Caches/GiCache.
CreateDirectory 'C:/Users/Administrator/AppData/LocalLow/Unity/Caches' failed: 系统找不到指定的路径。
 (current dir: F:/天命之子/client)
Failed to create GICache directory at the default location: C:/Users/Administrator/AppData/LocalLow/Unity/Caches/GiCache.
CreateDirectory 'C:/Users/Administrator/AppData/LocalLow/Unity/Caches' failed: 系统找不到指定的路径。
 (current dir: F:/天命之子/client)
Failed to create GICache directory at the default location: C:/Users/Administrator/AppData/LocalLow/Unity/Caches/GiCache.
CreateDirectory 'C:/Users/Administrator/AppData/LocalLow/Unity/Caches' failed: 系统找不到指定的路径。
 (current dir: F:/天命之子/client)
Failed to create GICache directory at the default location: C:/Users/Administrator/AppData/LocalLow/Unity/Caches/GiCache.
CreateDirectory 'C:/Users/Administrator/AppData/LocalLow/Unity/Caches' failed: 系统找不到指定的路径。
 (current dir: F:/天命之子/client)
Failed to create GICache directory at the default location: C:/Users/Administrator/AppData/LocalLow/Unity/Caches/GiCache.
CreateDirectory 'C:/Users/Administrator/AppData/LocalLow/Unity/Caches' failed: 系统找不到指定的路径。
 (current dir: F:/天命之子/client)
Failed to create GICache directory at the default location: C:/Users/Administrator/AppData/LocalLow/Unity/Caches/GiCache.
CreateDirectory 'C:/Users/Administrator/AppData/LocalLow/Unity/Caches' failed: 系统找不到指定的路径。
 (current dir: F:/天命之子/client)
Failed to create GICache directory at the default location: C:/Users/Administrator/AppData/LocalLow/Unity/Caches/GiCache.
CreateDirectory 'C:/Users/Administrator/AppData/LocalLow/Unity/Caches' failed: 系统找不到指定的路径。
 (current dir: F:/天命之子/client)
Failed to create GICache directory at the default location: C:/Users/Administrator/AppData/LocalLow/Unity/Caches/GiCache.
CreateDirectory 'C:/Users/Administrator/AppData/LocalLow/Unity/Caches' failed: 系统找不到指定的路径。
 (current dir: F:/天命之子/client)
Failed to create GICache directory at the default location: C:/Users/Administrator/AppData/LocalLow/Unity/Caches/GiCache.
CreateDirectory 'C:/Users/Administrator/AppData/LocalLow/Unity/Caches' failed: 系统找不到指定的路径。
 (current dir: F:/天命之子/client)
Failed to create GICache directory at the default location: C:/Users/Administrator/AppData/LocalLow/Unity/Caches/GiCache.
CreateDirectory 'C:/Users/Administrator/AppData/LocalLow/Unity/Caches' failed: 系统找不到指定的路径。
 (current dir: F:/天命之子/client)
Failed to create GICache directory at the default location: C:/Users/Administrator/AppData/LocalLow/Unity/Caches/GiCache.
CreateDirectory 'C:/Users/Administrator/AppData/LocalLow/Unity/Caches' failed: 系统找不到指定的路径。
 (current dir: F:/天命之子/client)
Failed to create GICache directory at the default location: C:/Users/Administrator/AppData/LocalLow/Unity/Caches/GiCache.
CreateDirectory 'C:/Users/Administrator/AppData/LocalLow/Unity/Caches' failed: 系统找不到指定的路径。
 (current dir: F:/天命之子/client)
Failed to create GICache directory at the default location: C:/Users/Administrator/AppData/LocalLow/Unity/Caches/GiCache.
CreateDirectory 'C:/Users/Administrator/AppData/LocalLow/Unity/Caches' failed: 系统找不到指定的路径。
 (current dir: F:/天命之子/client)
Failed to create GICache directory at the default location: C:/Users/Administrator/AppData/LocalLow/Unity/Caches/GiCache.
CreateDirectory 'C:/Users/Administrator/AppData/LocalLow/Unity/Caches' failed: 系统找不到指定的路径。
 (current dir: F:/天命之子/client)
Failed to create GICache directory at the default location: C:/Users/Administrator/AppData/LocalLow/Unity/Caches/GiCache.
CreateDirectory 'C:/Users/Administrator/AppData/LocalLow/Unity/Caches' failed: 系统找不到指定的路径。
 (current dir: F:/天命之子/client)
Failed to create GICache directory at the default location: C:/Users/Administrator/AppData/LocalLow/Unity/Caches/GiCache.
CreateDirectory 'C:/Users/Administrator/AppData/LocalLow/Unity/Caches' failed: 系统找不到指定的路径。
 (current dir: F:/天命之子/client)
Failed to create GICache directory at the default location: C:/Users/Administrator/AppData/LocalLow/Unity/Caches/GiCache.
CreateDirectory 'C:/Users/Administrator/AppData/LocalLow/Unity/Caches' failed: 系统找不到指定的路径。
 (current dir: F:/天命之子/client)
Failed to create GICache directory at the default location: C:/Users/Administrator/AppData/LocalLow/Unity/Caches/GiCache.
CreateDirectory 'C:/Users/Administrator/AppData/LocalLow/Unity/Caches' failed: 系统找不到指定的路径。
 (current dir: F:/天命之子/client)
Failed to create GICache directory at the default location: C:/Users/Administrator/AppData/LocalLow/Unity/Caches/GiCache.
CreateDirectory 'C:/Users/Administrator/AppData/LocalLow/Unity/Caches' failed: 系统找不到指定的路径。
 (current dir: F:/天命之子/client)
Failed to create GICache directory at the default location: C:/Users/Administrator/AppData/LocalLow/Unity/Caches/GiCache.
CreateDirectory 'C:/Users/Administrator/AppData/LocalLow/Unity/Caches' failed: 系统找不到指定的路径。
 (current dir: F:/天命之子/client)
Failed to create GICache directory at the default location: C:/Users/Administrator/AppData/LocalLow/Unity/Caches/GiCache.
CreateDirectory 'C:/Users/Administrator/AppData/LocalLow/Unity/Caches' failed: 系统找不到指定的路径。
 (current dir: F:/天命之子/client)
Failed to create GICache directory at the default location: C:/Users/Administrator/AppData/LocalLow/Unity/Caches/GiCache.
CreateDirectory 'C:/Users/Administrator/AppData/LocalLow/Unity/Caches' failed: 系统找不到指定的路径。
 (current dir: F:/天命之子/client)
Failed to create GICache directory at the default location: C:/Users/Administrator/AppData/LocalLow/Unity/Caches/GiCache.
CreateDirectory 'C:/Users/Administrator/AppData/LocalLow/Unity/Caches' failed: 系统找不到指定的路径。
 (current dir: F:/天命之子/client)
Failed to create GICache directory at the default location: C:/Users/Administrator/AppData/LocalLow/Unity/Caches/GiCache.
CreateDirectory 'C:/Users/Administrator/AppData/LocalLow/Unity/Caches' failed: 系统找不到指定的路径。
 (current dir: F:/天命之子/client)
Failed to create GICache directory at the default location: C:/Users/Administrator/AppData/LocalLow/Unity/Caches/GiCache.
CreateDirectory 'C:/Users/Administrator/AppData/LocalLow/Unity/Caches' failed: 系统找不到指定的路径。
 (current dir: F:/天命之子/client)
Failed to create GICache directory at the default location: C:/Users/Administrator/AppData/LocalLow/Unity/Caches/GiCache.
CreateDirectory 'C:/Users/Administrator/AppData/LocalLow/Unity/Caches' failed: 系统找不到指定的路径。
 (current dir: F:/天命之子/client)
Failed to create GICache directory at the default location: C:/Users/Administrator/AppData/LocalLow/Unity/Caches/GiCache.
CreateDirectory 'C:/Users/Administrator/AppData/LocalLow/Unity/Caches' failed: 系统找不到指定的路径。
 (current dir: F:/天命之子/client)
Failed to create GICache directory at the default location: C:/Users/Administrator/AppData/LocalLow/Unity/Caches/GiCache.
CreateDirectory 'C:/Users/Administrator/AppData/LocalLow/Unity/Caches' failed: 系统找不到指定的路径。
 (current dir: F:/天命之子/client)
Failed to create GICache directory at the default location: C:/Users/Administrator/AppData/LocalLow/Unity/Caches/GiCache.
CreateDirectory 'C:/Users/Administrator/AppData/LocalLow/Unity/Caches' failed: 系统找不到指定的路径。
 (current dir: F:/天命之子/client)
Failed to create GICache directory at the default location: C:/Users/Administrator/AppData/LocalLow/Unity/Caches/GiCache.
CreateDirectory 'C:/Users/Administrator/AppData/LocalLow/Unity/Caches' failed: 系统找不到指定的路径。
 (current dir: F:/天命之子/client)
Failed to create GICache directory at the default location: C:/Users/Administrator/AppData/LocalLow/Unity/Caches/GiCache.
CreateDirectory 'C:/Users/Administrator/AppData/LocalLow/Unity/Caches' failed: 系统找不到指定的路径。
 (current dir: F:/天命之子/client)
Failed to create GICache directory at the default location: C:/Users/Administrator/AppData/LocalLow/Unity/Caches/GiCache.
CreateDirectory 'C:/Users/Administrator/AppData/LocalLow/Unity/Caches' failed: 系统找不到指定的路径。
 (current dir: F:/天命之子/client)
Failed to create GICache directory at the default location: C:/Users/Administrator/AppData/LocalLow/Unity/Caches/GiCache.
CreateDirectory 'C:/Users/Administrator/AppData/LocalLow/Unity/Caches' failed: 系统找不到指定的路径。
 (current dir: F:/天命之子/client)
Failed to create GICache directory at the default location: C:/Users/Administrator/AppData/LocalLow/Unity/Caches/GiCache.
CreateDirectory 'C:/Users/Administrator/AppData/LocalLow/Unity/Caches' failed: 系统找不到指定的路径。
 (current dir: F:/天命之子/client)
Failed to create GICache directory at the default location: C:/Users/Administrator/AppData/LocalLow/Unity/Caches/GiCache.
CreateDirectory 'C:/Users/Administrator/AppData/LocalLow/Unity/Caches' failed: 系统找不到指定的路径。
 (current dir: F:/天命之子/client)
Failed to create GICache directory at the default location: C:/Users/Administrator/AppData/LocalLow/Unity/Caches/GiCache.
CreateDirectory 'C:/Users/Administrator/AppData/LocalLow/Unity/Caches' failed: 系统找不到指定的路径。
 (current dir: F:/天命之子/client)
Failed to create GICache directory at the default location: C:/Users/Administrator/AppData/LocalLow/Unity/Caches/GiCache.
CreateDirectory 'C:/Users/Administrator/AppData/LocalLow/Unity/Caches' failed: 系统找不到指定的路径。
 (current dir: F:/天命之子/client)
Failed to create GICache directory at the default location: C:/Users/Administrator/AppData/LocalLow/Unity/Caches/GiCache.
CreateDirectory 'C:/Users/Administrator/AppData/LocalLow/Unity/Caches' failed: 系统找不到指定的路径。
 (current dir: F:/天命之子/client)
Failed to create GICache directory at the default location: C:/Users/Administrator/AppData/LocalLow/Unity/Caches/GiCache.
CreateDirectory 'C:/Users/Administrator/AppData/LocalLow/Unity/Caches' failed: 系统找不到指定的路径。
 (current dir: F:/天命之子/client)
Failed to create GICache directory at the default location: C:/Users/Administrator/AppData/LocalLow/Unity/Caches/GiCache.
CreateDirectory 'C:/Users/Administrator/AppData/LocalLow/Unity/Caches' failed: 系统找不到指定的路径。
 (current dir: F:/天命之子/client)
Failed to create GICache directory at the default location: C:/Users/Administrator/AppData/LocalLow/Unity/Caches/GiCache.
CreateDirectory 'C:/Users/Administrator/AppData/LocalLow/Unity/Caches' failed: 系统找不到指定的路径。
 (current dir: F:/天命之子/client)
Failed to create GICache directory at the default location: C:/Users/Administrator/AppData/LocalLow/Unity/Caches/GiCache.
CreateDirectory 'C:/Users/Administrator/AppData/LocalLow/Unity/Caches' failed: 系统找不到指定的路径。
 (current dir: F:/天命之子/client)
Failed to create GICache directory at the default location: C:/Users/Administrator/AppData/LocalLow/Unity/Caches/GiCache.
CreateDirectory 'C:/Users/Administrator/AppData/LocalLow/Unity/Caches' failed: 系统找不到指定的路径。
 (current dir: F:/天命之子/client)
Failed to create GICache directory at the default location: C:/Users/Administrator/AppData/LocalLow/Unity/Caches/GiCache.
CreateDirectory 'C:/Users/Administrator/AppData/LocalLow/Unity/Caches' failed: 系统找不到指定的路径。
 (current dir: F:/天命之子/client)
Failed to create GICache directory at the default location: C:/Users/Administrator/AppData/LocalLow/Unity/Caches/GiCache.
CreateDirectory 'C:/Users/Administrator/AppData/LocalLow/Unity/Caches' failed: 系统找不到指定的路径。
 (current dir: F:/天命之子/client)
Failed to create GICache directory at the default location: C:/Users/Administrator/AppData/LocalLow/Unity/Caches/GiCache.
CreateDirectory 'C:/Users/Administrator/AppData/LocalLow/Unity/Caches' failed: 系统找不到指定的路径。
 (current dir: F:/天命之子/client)
Failed to create GICache directory at the default location: C:/Users/Administrator/AppData/LocalLow/Unity/Caches/GiCache.
CreateDirectory 'C:/Users/Administrator/AppData/LocalLow/Unity/Caches' failed: 系统找不到指定的路径。
 (current dir: F:/天命之子/client)
Failed to create GICache directory at the default location: C:/Users/Administrator/AppData/LocalLow/Unity/Caches/GiCache.
CreateDirectory 'C:/Users/Administrator/AppData/LocalLow/Unity/Caches' failed: 系统找不到指定的路径。
 (current dir: F:/天命之子/client)
Failed to create GICache directory at the default location: C:/Users/Administrator/AppData/LocalLow/Unity/Caches/GiCache.
CreateDirectory 'C:/Users/Administrator/AppData/LocalLow/Unity/Caches' failed: 系统找不到指定的路径。
 (current dir: F:/天命之子/client)
Failed to create GICache directory at the default location: C:/Users/Administrator/AppData/LocalLow/Unity/Caches/GiCache.
CreateDirectory 'C:/Users/Administrator/AppData/LocalLow/Unity/Caches' failed: 系统找不到指定的路径。
 (current dir: F:/天命之子/client)
Failed to create GICache directory at the default location: C:/Users/Administrator/AppData/LocalLow/Unity/Caches/GiCache.
CreateDirectory 'C:/Users/Administrator/AppData/LocalLow/Unity/Caches' failed: 系统找不到指定的路径。
 (current dir: F:/天命之子/client)
Failed to create GICache directory at the default location: C:/Users/Administrator/AppData/LocalLow/Unity/Caches/GiCache.
CreateDirectory 'C:/Users/Administrator/AppData/LocalLow/Unity/Caches' failed: 系统找不到指定的路径。
 (current dir: F:/天命之子/client)
Failed to create GICache directory at the default location: C:/Users/Administrator/AppData/LocalLow/Unity/Caches/GiCache.
CreateDirectory 'C:/Users/Administrator/AppData/LocalLow/Unity/Caches' failed: 系统找不到指定的路径。
 (current dir: F:/天命之子/client)
Failed to create GICache directory at the default location: C:/Users/Administrator/AppData/LocalLow/Unity/Caches/GiCache.
CreateDirectory 'C:/Users/Administrator/AppData/LocalLow/Unity/Caches' failed: 系统找不到指定的路径。
 (current dir: F:/天命之子/client)
Failed to create GICache directory at the default location: C:/Users/Administrator/AppData/LocalLow/Unity/Caches/GiCache.
CreateDirectory 'C:/Users/Administrator/AppData/LocalLow/Unity/Caches' failed: 系统找不到指定的路径。
 (current dir: F:/天命之子/client)
Failed to create GICache directory at the default location: C:/Users/Administrator/AppData/LocalLow/Unity/Caches/GiCache.
CreateDirectory 'C:/Users/Administrator/AppData/LocalLow/Unity/Caches' failed: 系统找不到指定的路径。
 (current dir: F:/天命之子/client)
Failed to create GICache directory at the default location: C:/Users/Administrator/AppData/LocalLow/Unity/Caches/GiCache.
CreateDirectory 'C:/Users/Administrator/AppData/LocalLow/Unity/Caches' failed: 系统找不到指定的路径。
 (current dir: F:/天命之子/client)
Failed to create GICache directory at the default location: C:/Users/Administrator/AppData/LocalLow/Unity/Caches/GiCache.
CreateDirectory 'C:/Users/Administrator/AppData/LocalLow/Unity/Caches' failed: 系统找不到指定的路径。
 (current dir: F:/天命之子/client)
Failed to create GICache directory at the default location: C:/Users/Administrator/AppData/LocalLow/Unity/Caches/GiCache.
CreateDirectory 'C:/Users/Administrator/AppData/LocalLow/Unity/Caches' failed: 系统找不到指定的路径。
 (current dir: F:/天命之子/client)
Failed to create GICache directory at the default location: C:/Users/Administrator/AppData/LocalLow/Unity/Caches/GiCache.
CreateDirectory 'C:/Users/Administrator/AppData/LocalLow/Unity/Caches' failed: 系统找不到指定的路径。
 (current dir: F:/天命之子/client)
Failed to create GICache directory at the default location: C:/Users/Administrator/AppData/LocalLow/Unity/Caches/GiCache.
CreateDirectory 'C:/Users/Administrator/AppData/LocalLow/Unity/Caches' failed: 系统找不到指定的路径。
 (current dir: F:/天命之子/client)
Failed to create GICache directory at the default location: C:/Users/Administrator/AppData/LocalLow/Unity/Caches/GiCache.
CreateDirectory 'C:/Users/Administrator/AppData/LocalLow/Unity/Caches' failed: 系统找不到指定的路径。
 (current dir: F:/天命之子/client)
Failed to create GICache directory at the default location: C:/Users/Administrator/AppData/LocalLow/Unity/Caches/GiCache.
CreateDirectory 'C:/Users/Administrator/AppData/LocalLow/Unity/Caches' failed: 系统找不到指定的路径。
 (current dir: F:/天命之子/client)
Failed to create GICache directory at the default location: C:/Users/Administrator/AppData/LocalLow/Unity/Caches/GiCache.
CreateDirectory 'C:/Users/Administrator/AppData/LocalLow/Unity/Caches' failed: 系统找不到指定的路径。
 (current dir: F:/天命之子/client)
Failed to create GICache directory at the default location: C:/Users/Administrator/AppData/LocalLow/Unity/Caches/GiCache.
CreateDirectory 'C:/Users/Administrator/AppData/LocalLow/Unity/Caches' failed: 系统找不到指定的路径。
 (current dir: F:/天命之子/client)
Failed to create GICache directory at the default location: C:/Users/Administrator/AppData/LocalLow/Unity/Caches/GiCache.
CreateDirectory 'C:/Users/Administrator/AppData/LocalLow/Unity/Caches' failed: 系统找不到指定的路径。
 (current dir: F:/天命之子/client)
Failed to create GICache directory at the default location: C:/Users/Administrator/AppData/LocalLow/Unity/Caches/GiCache.
CreateDirectory 'C:/Users/Administrator/AppData/LocalLow/Unity/Caches' failed: 系统找不到指定的路径。
 (current dir: F:/天命之子/client)
Failed to create GICache directory at the default location: C:/Users/Administrator/AppData/LocalLow/Unity/Caches/GiCache.
CreateDirectory 'C:/Users/Administrator/AppData/LocalLow/Unity/Caches' failed: 系统找不到指定的路径。
 (current dir: F:/天命之子/client)
Failed to create GICache directory at the default location: C:/Users/Administrator/AppData/LocalLow/Unity/Caches/GiCache.
CreateDirectory 'C:/Users/Administrator/AppData/LocalLow/Unity/Caches' failed: 系统找不到指定的路径。
 (current dir: F:/天命之子/client)
Failed to create GICache directory at the default location: C:/Users/Administrator/AppData/LocalLow/Unity/Caches/GiCache.
CreateDirectory 'C:/Users/Administrator/AppData/LocalLow/Unity/Caches' failed: 系统找不到指定的路径。
 (current dir: F:/天命之子/client)
Failed to create GICache directory at the default location: C:/Users/Administrator/AppData/LocalLow/Unity/Caches/GiCache.
CreateDirectory 'C:/Users/Administrator/AppData/LocalLow/Unity/Caches' failed: 系统找不到指定的路径。
 (current dir: F:/天命之子/client)
Failed to create GICache directory at the default location: C:/Users/Administrator/AppData/LocalLow/Unity/Caches/GiCache.
CreateDirectory 'C:/Users/Administrator/AppData/LocalLow/Unity/Caches' failed: 系统找不到指定的路径。
 (current dir: F:/天命之子/client)
Failed to create GICache directory at the default location: C:/Users/Administrator/AppData/LocalLow/Unity/Caches/GiCache.
CreateDirectory 'C:/Users/Administrator/AppData/LocalLow/Unity/Caches' failed: 系统找不到指定的路径。
 (current dir: F:/天命之子/client)
Failed to create GICache directory at the default location: C:/Users/Administrator/AppData/LocalLow/Unity/Caches/GiCache.
CreateDirectory 'C:/Users/Administrator/AppData/LocalLow/Unity/Caches' failed: 系统找不到指定的路径。
 (current dir: F:/天命之子/client)
Failed to create GICache directory at the default location: C:/Users/Administrator/AppData/LocalLow/Unity/Caches/GiCache.
CreateDirectory 'C:/Users/Administrator/AppData/LocalLow/Unity/Caches' failed: 系统找不到指定的路径。
 (current dir: F:/天命之子/client)
Failed to create GICache directory at the default location: C:/Users/Administrator/AppData/LocalLow/Unity/Caches/GiCache.
CreateDirectory 'C:/Users/Administrator/AppData/LocalLow/Unity/Caches' failed: 系统找不到指定的路径。
 (current dir: F:/天命之子/client)
Failed to create GICache directory at the default location: C:/Users/Administrator/AppData/LocalLow/Unity/Caches/GiCache.
CreateDirectory 'C:/Users/Administrator/AppData/LocalLow/Unity/Caches' failed: 系统找不到指定的路径。
 (current dir: F:/天命之子/client)
Failed to create GICache directory at the default location: C:/Users/Administrator/AppData/LocalLow/Unity/Caches/GiCache.
CreateDirectory 'C:/Users/Administrator/AppData/LocalLow/Unity/Caches' failed: 系统找不到指定的路径。
 (current dir: F:/天命之子/client)
Failed to create GICache directory at the default location: C:/Users/Administrator/AppData/LocalLow/Unity/Caches/GiCache.
CreateDirectory 'C:/Users/Administrator/AppData/LocalLow/Unity/Caches' failed: 系统找不到指定的路径。
 (current dir: F:/天命之子/client)
Failed to create GICache directory at the default location: C:/Users/Administrator/AppData/LocalLow/Unity/Caches/GiCache.
CreateDirectory 'C:/Users/Administrator/AppData/LocalLow/Unity/Caches' failed: 系统找不到指定的路径。
 (current dir: F:/天命之子/client)
Failed to create GICache directory at the default location: C:/Users/Administrator/AppData/LocalLow/Unity/Caches/GiCache.
CreateDirectory 'C:/Users/Administrator/AppData/LocalLow/Unity/Caches' failed: 系统找不到指定的路径。
 (current dir: F:/天命之子/client)
Failed to create GICache directory at the default location: C:/Users/Administrator/AppData/LocalLow/Unity/Caches/GiCache.
CreateDirectory 'C:/Users/Administrator/AppData/LocalLow/Unity/Caches' failed: 系统找不到指定的路径。
 (current dir: F:/天命之子/client)
Failed to create GICache directory at the default location: C:/Users/Administrator/AppData/LocalLow/Unity/Caches/GiCache.
CreateDirectory 'C:/Users/Administrator/AppData/LocalLow/Unity/Caches' failed: 系统找不到指定的路径。
 (current dir: F:/天命之子/client)
Failed to create GICache directory at the default location: C:/Users/Administrator/AppData/LocalLow/Unity/Caches/GiCache.
CreateDirectory 'C:/Users/Administrator/AppData/LocalLow/Unity/Caches' failed: 系统找不到指定的路径。
 (current dir: F:/天命之子/client)
Failed to create GICache directory at the default location: C:/Users/Administrator/AppData/LocalLow/Unity/Caches/GiCache.
CreateDirectory 'C:/Users/Administrator/AppData/LocalLow/Unity/Caches' failed: 系统找不到指定的路径。
 (current dir: F:/天命之子/client)
Failed to create GICache directory at the default location: C:/Users/Administrator/AppData/LocalLow/Unity/Caches/GiCache.
CreateDirectory 'C:/Users/Administrator/AppData/LocalLow/Unity/Caches' failed: 系统找不到指定的路径。
 (current dir: F:/天命之子/client)
Failed to create GICache directory at the default location: C:/Users/Administrator/AppData/LocalLow/Unity/Caches/GiCache.
CreateDirectory 'C:/Users/Administrator/AppData/LocalLow/Unity/Caches' failed: 系统找不到指定的路径。
 (current dir: F:/天命之子/client)
Failed to create GICache directory at the default location: C:/Users/Administrator/AppData/LocalLow/Unity/Caches/GiCache.
CreateDirectory 'C:/Users/Administrator/AppData/LocalLow/Unity/Caches' failed: 系统找不到指定的路径。
 (current dir: F:/天命之子/client)
Failed to create GICache directory at the default location: C:/Users/Administrator/AppData/LocalLow/Unity/Caches/GiCache.
CreateDirectory 'C:/Users/Administrator/AppData/LocalLow/Unity/Caches' failed: 系统找不到指定的路径。
 (current dir: F:/天命之子/client)
Failed to create GICache directory at the default location: C:/Users/Administrator/AppData/LocalLow/Unity/Caches/GiCache.
CreateDirectory 'C:/Users/Administrator/AppData/LocalLow/Unity/Caches' failed: 系统找不到指定的路径。
 (current dir: F:/天命之子/client)
Failed to create GICache directory at the default location: C:/Users/Administrator/AppData/LocalLow/Unity/Caches/GiCache.
CreateDirectory 'C:/Users/Administrator/AppData/LocalLow/Unity/Caches' failed: 系统找不到指定的路径。
 (current dir: F:/天命之子/client)
Failed to create GICache directory at the default location: C:/Users/Administrator/AppData/LocalLow/Unity/Caches/GiCache.
CreateDirectory 'C:/Users/Administrator/AppData/LocalLow/Unity/Caches' failed: 系统找不到指定的路径。
 (current dir: F:/天命之子/client)
Failed to create GICache directory at the default location: C:/Users/Administrator/AppData/LocalLow/Unity/Caches/GiCache.
CreateDirectory 'C:/Users/Administrator/AppData/LocalLow/Unity/Caches' failed: 系统找不到指定的路径。
 (current dir: F:/天命之子/client)
Failed to create GICache directory at the default location: C:/Users/Administrator/AppData/LocalLow/Unity/Caches/GiCache.
CreateDirectory 'C:/Users/Administrator/AppData/LocalLow/Unity/Caches' failed: 系统找不到指定的路径。
 (current dir: F:/天命之子/client)
Failed to create GICache directory at the default location: C:/Users/Administrator/AppData/LocalLow/Unity/Caches/GiCache.
CreateDirectory 'C:/Users/Administrator/AppData/LocalLow/Unity/Caches' failed: 系统找不到指定的路径。
 (current dir: F:/天命之子/client)
Failed to create GICache directory at the default location: C:/Users/Administrator/AppData/LocalLow/Unity/Caches/GiCache.
CreateDirectory 'C:/Users/Administrator/AppData/LocalLow/Unity/Caches' failed: 系统找不到指定的路径。
 (current dir: F:/天命之子/client)
Failed to create GICache directory at the default location: C:/Users/Administrator/AppData/LocalLow/Unity/Caches/GiCache.
CreateDirectory 'C:/Users/Administrator/AppData/LocalLow/Unity/Caches' failed: 系统找不到指定的路径。
 (current dir: F:/天命之子/client)
Failed to create GICache directory at the default location: C:/Users/Administrator/AppData/LocalLow/Unity/Caches/GiCache.
CreateDirectory 'C:/Users/Administrator/AppData/LocalLow/Unity/Caches' failed: 系统找不到指定的路径。
 (current dir: F:/天命之子/client)
Failed to create GICache directory at the default location: C:/Users/Administrator/AppData/LocalLow/Unity/Caches/GiCache.
CreateDirectory 'C:/Users/Administrator/AppData/LocalLow/Unity/Caches' failed: 系统找不到指定的路径。
 (current dir: F:/天命之子/client)
Failed to create GICache directory at the default location: C:/Users/Administrator/AppData/LocalLow/Unity/Caches/GiCache.
CreateDirectory 'C:/Users/Administrator/AppData/LocalLow/Unity/Caches' failed: 系统找不到指定的路径。
 (current dir: F:/天命之子/client)
Failed to create GICache directory at the default location: C:/Users/Administrator/AppData/LocalLow/Unity/Caches/GiCache.
CreateDirectory 'C:/Users/Administrator/AppData/LocalLow/Unity/Caches' failed: 系统找不到指定的路径。
 (current dir: F:/天命之子/client)
Failed to create GICache directory at the default location: C:/Users/Administrator/AppData/LocalLow/Unity/Caches/GiCache.
CreateDirectory 'C:/Users/Administrator/AppData/LocalLow/Unity/Caches' failed: 系统找不到指定的路径。
 (current dir: F:/天命之子/client)
Failed to create GICache directory at the default location: C:/Users/Administrator/AppData/LocalLow/Unity/Caches/GiCache.
CreateDirectory 'C:/Users/Administrator/AppData/LocalLow/Unity/Caches' failed: 系统找不到指定的路径。
 (current dir: F:/天命之子/client)
Failed to create GICache directory at the default location: C:/Users/Administrator/AppData/LocalLow/Unity/Caches/GiCache.
CreateDirectory 'C:/Users/Administrator/AppData/LocalLow/Unity/Caches' failed: 系统找不到指定的路径。
 (current dir: F:/天命之子/client)
Failed to create GICache directory at the default location: C:/Users/Administrator/AppData/LocalLow/Unity/Caches/GiCache.
CreateDirectory 'C:/Users/Administrator/AppData/LocalLow/Unity/Caches' failed: 系统找不到指定的路径。
 (current dir: F:/天命之子/client)
Failed to create GICache directory at the default location: C:/Users/Administrator/AppData/LocalLow/Unity/Caches/GiCache.
CreateDirectory 'C:/Users/Administrator/AppData/LocalLow/Unity/Caches' failed: 系统找不到指定的路径。
 (current dir: F:/天命之子/client)
Failed to create GICache directory at the default location: C:/Users/Administrator/AppData/LocalLow/Unity/Caches/GiCache.
CreateDirectory 'C:/Users/Administrator/AppData/LocalLow/Unity/Caches' failed: 系统找不到指定的路径。
 (current dir: F:/天命之子/client)
Failed to create GICache directory at the default location: C:/Users/Administrator/AppData/LocalLow/Unity/Caches/GiCache.
CreateDirectory 'C:/Users/Administrator/AppData/LocalLow/Unity/Caches' failed: 系统找不到指定的路径。
 (current dir: F:/天命之子/client)
Failed to create GICache directory at the default location: C:/Users/Administrator/AppData/LocalLow/Unity/Caches/GiCache.
CreateDirectory 'C:/Users/Administrator/AppData/LocalLow/Unity/Caches' failed: 系统找不到指定的路径。
 (current dir: F:/天命之子/client)
Failed to create GICache directory at the default location: C:/Users/Administrator/AppData/LocalLow/Unity/Caches/GiCache.
CreateDirectory 'C:/Users/Administrator/AppData/LocalLow/Unity/Caches' failed: 系统找不到指定的路径。
 (current dir: F:/天命之子/client)
Failed to create GICache directory at the default location: C:/Users/Administrator/AppData/LocalLow/Unity/Caches/GiCache.
CreateDirectory 'C:/Users/Administrator/AppData/LocalLow/Unity/Caches' failed: 系统找不到指定的路径。
 (current dir: F:/天命之子/client)
Failed to create GICache directory at the default location: C:/Users/Administrator/AppData/LocalLow/Unity/Caches/GiCache.
CreateDirectory 'C:/Users/Administrator/AppData/LocalLow/Unity/Caches' failed: 系统找不到指定的路径。
 (current dir: F:/天命之子/client)
Failed to create GICache directory at the default location: C:/Users/Administrator/AppData/LocalLow/Unity/Caches/GiCache.
CreateDirectory 'C:/Users/Administrator/AppData/LocalLow/Unity/Caches' failed: 系统找不到指定的路径。
 (current dir: F:/天命之子/client)
Failed to create GICache directory at the default location: C:/Users/Administrator/AppData/LocalLow/Unity/Caches/GiCache.
CreateDirectory 'C:/Users/Administrator/AppData/LocalLow/Unity/Caches' failed: 系统找不到指定的路径。
 (current dir: F:/天命之子/client)
Failed to create GICache directory at the default location: C:/Users/Administrator/AppData/LocalLow/Unity/Caches/GiCache.
CreateDirectory 'C:/Users/Administrator/AppData/LocalLow/Unity/Caches' failed: 系统找不到指定的路径。
 (current dir: F:/天命之子/client)
Failed to create GICache directory at the default location: C:/Users/Administrator/AppData/LocalLow/Unity/Caches/GiCache.
CreateDirectory 'C:/Users/Administrator/AppData/LocalLow/Unity/Caches' failed: 系统找不到指定的路径。
 (current dir: F:/天命之子/client)
Failed to create GICache directory at the default location: C:/Users/Administrator/AppData/LocalLow/Unity/Caches/GiCache.
CreateDirectory 'C:/Users/Administrator/AppData/LocalLow/Unity/Caches' failed: 系统找不到指定的路径。
 (current dir: F:/天命之子/client)
Failed to create GICache directory at the default location: C:/Users/Administrator/AppData/LocalLow/Unity/Caches/GiCache.
CreateDirectory 'C:/Users/Administrator/AppData/LocalLow/Unity/Caches' failed: 系统找不到指定的路径。
 (current dir: F:/天命之子/client)
Failed to create GICache directory at the default location: C:/Users/Administrator/AppData/LocalLow/Unity/Caches/GiCache.
CreateDirectory 'C:/Users/Administrator/AppData/LocalLow/Unity/Caches' failed: 系统找不到指定的路径。
 (current dir: F:/天命之子/client)
Failed to create GICache directory at the default location: C:/Users/Administrator/AppData/LocalLow/Unity/Caches/GiCache.
CreateDirectory 'C:/Users/Administrator/AppData/LocalLow/Unity/Caches' failed: 系统找不到指定的路径。
 (current dir: F:/天命之子/client)
Failed to create GICache directory at the default location: C:/Users/Administrator/AppData/LocalLow/Unity/Caches/GiCache.
CreateDirectory 'C:/Users/Administrator/AppData/LocalLow/Unity/Caches' failed: 系统找不到指定的路径。
 (current dir: F:/天命之子/client)
Failed to create GICache directory at the default location: C:/Users/Administrator/AppData/LocalLow/Unity/Caches/GiCache.
CreateDirectory 'C:/Users/Administrator/AppData/LocalLow/Unity/Caches' failed: 系统找不到指定的路径。
 (current dir: F:/天命之子/client)
Failed to create GICache directory at the default location: C:/Users/Administrator/AppData/LocalLow/Unity/Caches/GiCache.
CreateDirectory 'C:/Users/Administrator/AppData/LocalLow/Unity/Caches' failed: 系统找不到指定的路径。
 (current dir: F:/天命之子/client)
Failed to create GICache directory at the default location: C:/Users/Administrator/AppData/LocalLow/Unity/Caches/GiCache.
CreateDirectory 'C:/Users/Administrator/AppData/LocalLow/Unity/Caches' failed: 系统找不到指定的路径。
 (current dir: F:/天命之子/client)
Failed to create GICache directory at the default location: C:/Users/Administrator/AppData/LocalLow/Unity/Caches/GiCache.
CreateDirectory 'C:/Users/Administrator/AppData/LocalLow/Unity/Caches' failed: 系统找不到指定的路径。
 (current dir: F:/天命之子/client)
Failed to create GICache directory at the default location: C:/Users/Administrator/AppData/LocalLow/Unity/Caches/GiCache.
CreateDirectory 'C:/Users/Administrator/AppData/LocalLow/Unity/Caches' failed: 系统找不到指定的路径。
 (current dir: F:/天命之子/client)
Failed to create GICache directory at the default location: C:/Users/Administrator/AppData/LocalLow/Unity/Caches/GiCache.
CreateDirectory 'C:/Users/Administrator/AppData/LocalLow/Unity/Caches' failed: 系统找不到指定的路径。
 (current dir: F:/天命之子/client)
Failed to create GICache directory at the default location: C:/Users/Administrator/AppData/LocalLow/Unity/Caches/GiCache.
CreateDirectory 'C:/Users/Administrator/AppData/LocalLow/Unity/Caches' failed: 系统找不到指定的路径。
 (current dir: F:/天命之子/client)
Failed to create GICache directory at the default location: C:/Users/Administrator/AppData/LocalLow/Unity/Caches/GiCache.
CreateDirectory 'C:/Users/Administrator/AppData/LocalLow/Unity/Caches' failed: 系统找不到指定的路径。
 (current dir: F:/天命之子/client)
Failed to create GICache directory at the default location: C:/Users/Administrator/AppData/LocalLow/Unity/Caches/GiCache.
CreateDirectory 'C:/Users/Administrator/AppData/LocalLow/Unity/Caches' failed: 系统找不到指定的路径。
 (current dir: F:/天命之子/client)
Failed to create GICache directory at the default location: C:/Users/Administrator/AppData/LocalLow/Unity/Caches/GiCache.
CreateDirectory 'C:/Users/Administrator/AppData/LocalLow/Unity/Caches' failed: 系统找不到指定的路径。
 (current dir: F:/天命之子/client)
Failed to create GICache directory at the default location: C:/Users/Administrator/AppData/LocalLow/Unity/Caches/GiCache.
CreateDirectory 'C:/Users/Administrator/AppData/LocalLow/Unity/Caches' failed: 系统找不到指定的路径。
 (current dir: F:/天命之子/client)
Failed to create GICache directory at the default location: C:/Users/Administrator/AppData/LocalLow/Unity/Caches/GiCache.
CreateDirectory 'C:/Users/Administrator/AppData/LocalLow/Unity/Caches' failed: 系统找不到指定的路径。
 (current dir: F:/天命之子/client)
Failed to create GICache directory at the default location: C:/Users/Administrator/AppData/LocalLow/Unity/Caches/GiCache.
CreateDirectory 'C:/Users/Administrator/AppData/LocalLow/Unity/Caches' failed: 系统找不到指定的路径。
 (current dir: F:/天命之子/client)
Failed to create GICache directory at the default location: C:/Users/Administrator/AppData/LocalLow/Unity/Caches/GiCache.
CreateDirectory 'C:/Users/Administrator/AppData/LocalLow/Unity/Caches' failed: 系统找不到指定的路径。
 (current dir: F:/天命之子/client)
Failed to create GICache directory at the default location: C:/Users/Administrator/AppData/LocalLow/Unity/Caches/GiCache.
CreateDirectory 'C:/Users/Administrator/AppData/LocalLow/Unity/Caches' failed: 系统找不到指定的路径。
 (current dir: F:/天命之子/client)
Failed to create GICache directory at the default location: C:/Users/Administrator/AppData/LocalLow/Unity/Caches/GiCache.
CreateDirectory 'C:/Users/Administrator/AppData/LocalLow/Unity/Caches' failed: 系统找不到指定的路径。
 (current dir: F:/天命之子/client)
Failed to create GICache directory at the default location: C:/Users/Administrator/AppData/LocalLow/Unity/Caches/GiCache.
CreateDirectory 'C:/Users/Administrator/AppData/LocalLow/Unity/Caches' failed: 系统找不到指定的路径。
 (current dir: F:/天命之子/client)
Failed to create GICache directory at the default location: C:/Users/Administrator/AppData/LocalLow/Unity/Caches/GiCache.
CreateDirectory 'C:/Users/Administrator/AppData/LocalLow/Unity/Caches' failed: 系统找不到指定的路径。
 (current dir: F:/天命之子/client)
Failed to create GICache directory at the default location: C:/Users/Administrator/AppData/LocalLow/Unity/Caches/GiCache.
CreateDirectory 'C:/Users/Administrator/AppData/LocalLow/Unity/Caches' failed: 系统找不到指定的路径。
 (current dir: F:/天命之子/client)
Failed to create GICache directory at the default location: C:/Users/Administrator/AppData/LocalLow/Unity/Caches/GiCache.
CreateDirectory 'C:/Users/Administrator/AppData/LocalLow/Unity/Caches' failed: 系统找不到指定的路径。
 (current dir: F:/天命之子/client)
Failed to create GICache directory at the default location: C:/Users/Administrator/AppData/LocalLow/Unity/Caches/GiCache.
CreateDirectory 'C:/Users/Administrator/AppData/LocalLow/Unity/Caches' failed: 系统找不到指定的路径。
 (current dir: F:/天命之子/client)
Failed to create GICache directory at the default location: C:/Users/Administrator/AppData/LocalLow/Unity/Caches/GiCache.
CreateDirectory 'C:/Users/Administrator/AppData/LocalLow/Unity/Caches' failed: 系统找不到指定的路径。
 (current dir: F:/天命之子/client)
Failed to create GICache directory at the default location: C:/Users/Administrator/AppData/LocalLow/Unity/Caches/GiCache.
CreateDirectory 'C:/Users/Administrator/AppData/LocalLow/Unity/Caches' failed: 系统找不到指定的路径。
 (current dir: F:/天命之子/client)
Failed to create GICache directory at the default location: C:/Users/Administrator/AppData/LocalLow/Unity/Caches/GiCache.
CreateDirectory 'C:/Users/Administrator/AppData/LocalLow/Unity/Caches' failed: 系统找不到指定的路径。
 (current dir: F:/天命之子/client)
Failed to create GICache directory at the default location: C:/Users/Administrator/AppData/LocalLow/Unity/Caches/GiCache.
CreateDirectory 'C:/Users/Administrator/AppData/LocalLow/Unity/Caches' failed: 系统找不到指定的路径。
 (current dir: F:/天命之子/client)
Failed to create GICache directory at the default location: C:/Users/Administrator/AppData/LocalLow/Unity/Caches/GiCache.
CreateDirectory 'C:/Users/Administrator/AppData/LocalLow/Unity/Caches' failed: 系统找不到指定的路径。
 (current dir: F:/天命之子/client)
Failed to create GICache directory at the default location: C:/Users/Administrator/AppData/LocalLow/Unity/Caches/GiCache.
CreateDirectory 'C:/Users/Administrator/AppData/LocalLow/Unity/Caches' failed: 系统找不到指定的路径。
 (current dir: F:/天命之子/client)
Failed to create GICache directory at the default location: C:/Users/Administrator/AppData/LocalLow/Unity/Caches/GiCache.
CreateDirectory 'C:/Users/Administrator/AppData/LocalLow/Unity/Caches' failed: 系统找不到指定的路径。
 (current dir: F:/天命之子/client)
Failed to create GICache directory at the default location: C:/Users/Administrator/AppData/LocalLow/Unity/Caches/GiCache.
CreateDirectory 'C:/Users/Administrator/AppData/LocalLow/Unity/Caches' failed: 系统找不到指定的路径。
 (current dir: F:/天命之子/client)
Failed to create GICache directory at the default location: C:/Users/Administrator/AppData/LocalLow/Unity/Caches/GiCache.
CreateDirectory 'C:/Users/Administrator/AppData/LocalLow/Unity/Caches' failed: 系统找不到指定的路径。
 (current dir: F:/天命之子/client)
Failed to create GICache directory at the default location: C:/Users/Administrator/AppData/LocalLow/Unity/Caches/GiCache.
CreateDirectory 'C:/Users/Administrator/AppData/LocalLow/Unity/Caches' failed: 系统找不到指定的路径。
 (current dir: F:/天命之子/client)
Failed to create GICache directory at the default location: C:/Users/Administrator/AppData/LocalLow/Unity/Caches/GiCache.
CreateDirectory 'C:/Users/Administrator/AppData/LocalLow/Unity/Caches' failed: 系统找不到指定的路径。
 (current dir: F:/天命之子/client)
Failed to create GICache directory at the default location: C:/Users/Administrator/AppData/LocalLow/Unity/Caches/GiCache.
CreateDirectory 'C:/Users/Administrator/AppData/LocalLow/Unity/Caches' failed: 系统找不到指定的路径。
 (current dir: F:/天命之子/client)
Failed to create GICache directory at the default location: C:/Users/Administrator/AppData/LocalLow/Unity/Caches/GiCache.
CreateDirectory 'C:/Users/Administrator/AppData/LocalLow/Unity/Caches' failed: 系统找不到指定的路径。
 (current dir: F:/天命之子/client)
Failed to create GICache directory at the default location: C:/Users/Administrator/AppData/LocalLow/Unity/Caches/GiCache.
CreateDirectory 'C:/Users/Administrator/AppData/LocalLow/Unity/Caches' failed: 系统找不到指定的路径。
 (current dir: F:/天命之子/client)
Failed to create GICache directory at the default location: C:/Users/Administrator/AppData/LocalLow/Unity/Caches/GiCache.
CreateDirectory 'C:/Users/Administrator/AppData/LocalLow/Unity/Caches' failed: 系统找不到指定的路径。
 (current dir: F:/天命之子/client)
Failed to create GICache directory at the default location: C:/Users/Administrator/AppData/LocalLow/Unity/Caches/GiCache.
CreateDirectory 'C:/Users/Administrator/AppData/LocalLow/Unity/Caches' failed: 系统找不到指定的路径。
 (current dir: F:/天命之子/client)
Failed to create GICache directory at the default location: C:/Users/Administrator/AppData/LocalLow/Unity/Caches/GiCache.
CreateDirectory 'C:/Users/Administrator/AppData/LocalLow/Unity/Caches' failed: 系统找不到指定的路径。
 (current dir: F:/天命之子/client)
Failed to create GICache directory at the default location: C:/Users/Administrator/AppData/LocalLow/Unity/Caches/GiCache.
CreateDirectory 'C:/Users/Administrator/AppData/LocalLow/Unity/Caches' failed: 系统找不到指定的路径。
 (current dir: F:/天命之子/client)
Failed to create GICache directory at the default location: C:/Users/Administrator/AppData/LocalLow/Unity/Caches/GiCache.
CreateDirectory 'C:/Users/Administrator/AppData/LocalLow/Unity/Caches' failed: 系统找不到指定的路径。
 (current dir: F:/天命之子/client)
Failed to create GICache directory at the default location: C:/Users/Administrator/AppData/LocalLow/Unity/Caches/GiCache.
CreateDirectory 'C:/Users/Administrator/AppData/LocalLow/Unity/Caches' failed: 系统找不到指定的路径。
 (current dir: F:/天命之子/client)
Failed to create GICache directory at the default location: C:/Users/Administrator/AppData/LocalLow/Unity/Caches/GiCache.
CreateDirectory 'C:/Users/Administrator/AppData/LocalLow/Unity/Caches' failed: 系统找不到指定的路径。
 (current dir: F:/天命之子/client)
Failed to create GICache directory at the default location: C:/Users/Administrator/AppData/LocalLow/Unity/Caches/GiCache.
CreateDirectory 'C:/Users/Administrator/AppData/LocalLow/Unity/Caches' failed: 系统找不到指定的路径。
 (current dir: F:/天命之子/client)
Failed to create GICache directory at the default location: C:/Users/Administrator/AppData/LocalLow/Unity/Caches/GiCache.
CreateDirectory 'C:/Users/Administrator/AppData/LocalLow/Unity/Caches' failed: 系统找不到指定的路径。
 (current dir: F:/天命之子/client)
Failed to create GICache directory at the default location: C:/Users/Administrator/AppData/LocalLow/Unity/Caches/GiCache.
CreateDirectory 'C:/Users/Administrator/AppData/LocalLow/Unity/Caches' failed: 系统找不到指定的路径。
 (current dir: F:/天命之子/client)
Failed to create GICache directory at the default location: C:/Users/Administrator/AppData/LocalLow/Unity/Caches/GiCache.
CreateDirectory 'C:/Users/Administrator/AppData/LocalLow/Unity/Caches' failed: 系统找不到指定的路径。
 (current dir: F:/天命之子/client)
Failed to create GICache directory at the default location: C:/Users/Administrator/AppData/LocalLow/Unity/Caches/GiCache.
CreateDirectory 'C:/Users/Administrator/AppData/LocalLow/Unity/Caches' failed: 系统找不到指定的路径。
 (current dir: F:/天命之子/client)
Failed to create GICache directory at the default location: C:/Users/Administrator/AppData/LocalLow/Unity/Caches/GiCache.
CreateDirectory 'C:/Users/Administrator/AppData/LocalLow/Unity/Caches' failed: 系统找不到指定的路径。
 (current dir: F:/天命之子/client)
Failed to create GICache directory at the default location: C:/Users/Administrator/AppData/LocalLow/Unity/Caches/GiCache.
CreateDirectory 'C:/Users/Administrator/AppData/LocalLow/Unity/Caches' failed: 系统找不到指定的路径。
 (current dir: F:/天命之子/client)
Failed to create GICache directory at the default location: C:/Users/Administrator/AppData/LocalLow/Unity/Caches/GiCache.
CreateDirectory 'C:/Users/Administrator/AppData/LocalLow/Unity/Caches' failed: 系统找不到指定的路径。
 (current dir: F:/天命之子/client)
Failed to create GICache directory at the default location: C:/Users/Administrator/AppData/LocalLow/Unity/Caches/GiCache.
CreateDirectory 'C:/Users/Administrator/AppData/LocalLow/Unity/Caches' failed: 系统找不到指定的路径。
 (current dir: F:/天命之子/client)
Failed to create GICache directory at the default location: C:/Users/Administrator/AppData/LocalLow/Unity/Caches/GiCache.
CreateDirectory 'C:/Users/Administrator/AppData/LocalLow/Unity/Caches' failed: 系统找不到指定的路径。
 (current dir: F:/天命之子/client)
Failed to create GICache directory at the default location: C:/Users/Administrator/AppData/LocalLow/Unity/Caches/GiCache.
CreateDirectory 'C:/Users/Administrator/AppData/LocalLow/Unity/Caches' failed: 系统找不到指定的路径。
 (current dir: F:/天命之子/client)
Failed to create GICache directory at the default location: C:/Users/Administrator/AppData/LocalLow/Unity/Caches/GiCache.
CreateDirectory 'C:/Users/Administrator/AppData/LocalLow/Unity/Caches' failed: 系统找不到指定的路径。
 (current dir: F:/天命之子/client)
Failed to create GICache directory at the default location: C:/Users/Administrator/AppData/LocalLow/Unity/Caches/GiCache.
CreateDirectory 'C:/Users/Administrator/AppData/LocalLow/Unity/Caches' failed: 系统找不到指定的路径。
 (current dir: F:/天命之子/client)
Failed to create GICache directory at the default location: C:/Users/Administrator/AppData/LocalLow/Unity/Caches/GiCache.
CreateDirectory 'C:/Users/Administrator/AppData/LocalLow/Unity/Caches' failed: 系统找不到指定的路径。
 (current dir: F:/天命之子/client)
Failed to create GICache directory at the default location: C:/Users/Administrator/AppData/LocalLow/Unity/Caches/GiCache.
CreateDirectory 'C:/Users/Administrator/AppData/LocalLow/Unity/Caches' failed: 系统找不到指定的路径。
 (current dir: F:/天命之子/client)
Android Extension - Scanning For ADB Devices 9151 ms
Failed to create GICache directory at the default location: C:/Users/Administrator/AppData/LocalLow/Unity/Caches/GiCache.
CreateDirectory 'C:/Users/Administrator/AppData/LocalLow/Unity/Caches' failed: 系统找不到指定的路径。
 (current dir: F:/天命之子/client)
Failed to create GICache directory at the default location: C:/Users/Administrator/AppData/LocalLow/Unity/Caches/GiCache.
CreateDirectory 'C:/Users/Administrator/AppData/LocalLow/Unity/Caches' failed: 系统找不到指定的路径。
 (current dir: F:/天命之子/client)
Failed to create GICache directory at the default location: C:/Users/Administrator/AppData/LocalLow/Unity/Caches/GiCache.
CreateDirectory 'C:/Users/Administrator/AppData/LocalLow/Unity/Caches' failed: 系统找不到指定的路径。
 (current dir: F:/天命之子/client)
Failed to create GICache directory at the default location: C:/Users/Administrator/AppData/LocalLow/Unity/Caches/GiCache.
CreateDirectory 'C:/Users/Administrator/AppData/LocalLow/Unity/Caches' failed: 系统找不到指定的路径。
 (current dir: F:/天命之子/client)
Failed to create GICache directory at the default location: C:/Users/Administrator/AppData/LocalLow/Unity/Caches/GiCache.
CreateDirectory 'C:/Users/Administrator/AppData/LocalLow/Unity/Caches' failed: 系统找不到指定的路径。
 (current dir: F:/天命之子/client)
Failed to create GICache directory at the default location: C:/Users/Administrator/AppData/LocalLow/Unity/Caches/GiCache.
CreateDirectory 'C:/Users/Administrator/AppData/LocalLow/Unity/Caches' failed: 系统找不到指定的路径。
 (current dir: F:/天命之子/client)
Failed to create GICache directory at the default location: C:/Users/Administrator/AppData/LocalLow/Unity/Caches/GiCache.
CreateDirectory 'C:/Users/Administrator/AppData/LocalLow/Unity/Caches' failed: 系统找不到指定的路径。
 (current dir: F:/天命之子/client)
Failed to create GICache directory at the default location: C:/Users/Administrator/AppData/LocalLow/Unity/Caches/GiCache.
CreateDirectory 'C:/Users/Administrator/AppData/LocalLow/Unity/Caches' failed: 系统找不到指定的路径。
 (current dir: F:/天命之子/client)
Failed to create GICache directory at the default location: C:/Users/Administrator/AppData/LocalLow/Unity/Caches/GiCache.
CreateDirectory 'C:/Users/Administrator/AppData/LocalLow/Unity/Caches' failed: 系统找不到指定的路径。
 (current dir: F:/天命之子/client)
Failed to create GICache directory at the default location: C:/Users/Administrator/AppData/LocalLow/Unity/Caches/GiCache.
CreateDirectory 'C:/Users/Administrator/AppData/LocalLow/Unity/Caches' failed: 系统找不到指定的路径。
 (current dir: F:/天命之子/client)
Failed to create GICache directory at the default location: C:/Users/Administrator/AppData/LocalLow/Unity/Caches/GiCache.
CreateDirectory 'C:/Users/Administrator/AppData/LocalLow/Unity/Caches' failed: 系统找不到指定的路径。
 (current dir: F:/天命之子/client)
Failed to create GICache directory at the default location: C:/Users/Administrator/AppData/LocalLow/Unity/Caches/GiCache.
CreateDirectory 'C:/Users/Administrator/AppData/LocalLow/Unity/Caches' failed: 系统找不到指定的路径。
 (current dir: F:/天命之子/client)
Failed to create GICache directory at the default location: C:/Users/Administrator/AppData/LocalLow/Unity/Caches/GiCache.
CreateDirectory 'C:/Users/Administrator/AppData/LocalLow/Unity/Caches' failed: 系统找不到指定的路径。
 (current dir: F:/天命之子/client)
Failed to create GICache directory at the default location: C:/Users/Administrator/AppData/LocalLow/Unity/Caches/GiCache.
CreateDirectory 'C:/Users/Administrator/AppData/LocalLow/Unity/Caches' failed: 系统找不到指定的路径。
 (current dir: F:/天命之子/client)
Failed to create GICache directory at the default location: C:/Users/Administrator/AppData/LocalLow/Unity/Caches/GiCache.
CreateDirectory 'C:/Users/Administrator/AppData/LocalLow/Unity/Caches' failed: 系统找不到指定的路径。
 (current dir: F:/天命之子/client)
Failed to create GICache directory at the default location: C:/Users/Administrator/AppData/LocalLow/Unity/Caches/GiCache.
CreateDirectory 'C:/Users/Administrator/AppData/LocalLow/Unity/Caches' failed: 系统找不到指定的路径。
 (current dir: F:/天命之子/client)
Failed to create GICache directory at the default location: C:/Users/Administrator/AppData/LocalLow/Unity/Caches/GiCache.
CreateDirectory 'C:/Users/Administrator/AppData/LocalLow/Unity/Caches' failed: 系统找不到指定的路径。
 (current dir: F:/天命之子/client)
Failed to create GICache directory at the default location: C:/Users/Administrator/AppData/LocalLow/Unity/Caches/GiCache.
CreateDirectory 'C:/Users/Administrator/AppData/LocalLow/Unity/Caches' failed: 系统找不到指定的路径。
 (current dir: F:/天命之子/client)
Failed to create GICache directory at the default location: C:/Users/Administrator/AppData/LocalLow/Unity/Caches/GiCache.
CreateDirectory 'C:/Users/Administrator/AppData/LocalLow/Unity/Caches' failed: 系统找不到指定的路径。
 (current dir: F:/天命之子/client)
Failed to create GICache directory at the default location: C:/Users/Administrator/AppData/LocalLow/Unity/Caches/GiCache.
CreateDirectory 'C:/Users/Administrator/AppData/LocalLow/Unity/Caches' failed: 系统找不到指定的路径。
 (current dir: F:/天命之子/client)
Failed to create GICache directory at the default location: C:/Users/Administrator/AppData/LocalLow/Unity/Caches/GiCache.
CreateDirectory 'C:/Users/Administrator/AppData/LocalLow/Unity/Caches' failed: 系统找不到指定的路径。
 (current dir: F:/天命之子/client)
Failed to create GICache directory at the default location: C:/Users/Administrator/AppData/LocalLow/Unity/Caches/GiCache.
CreateDirectory 'C:/Users/Administrator/AppData/LocalLow/Unity/Caches' failed: 系统找不到指定的路径。
 (current dir: F:/天命之子/client)
Failed to create GICache directory at the default location: C:/Users/Administrator/AppData/LocalLow/Unity/Caches/GiCache.
CreateDirectory 'C:/Users/Administrator/AppData/LocalLow/Unity/Caches' failed: 系统找不到指定的路径。
 (current dir: F:/天命之子/client)
Failed to create GICache directory at the default location: C:/Users/Administrator/AppData/LocalLow/Unity/Caches/GiCache.
CreateDirectory 'C:/Users/Administrator/AppData/LocalLow/Unity/Caches' failed: 系统找不到指定的路径。
 (current dir: F:/天命之子/client)
Failed to create GICache directory at the default location: C:/Users/Administrator/AppData/LocalLow/Unity/Caches/GiCache.
CreateDirectory 'C:/Users/Administrator/AppData/LocalLow/Unity/Caches' failed: 系统找不到指定的路径。
 (current dir: F:/天命之子/client)
Failed to create GICache directory at the default location: C:/Users/Administrator/AppData/LocalLow/Unity/Caches/GiCache.
CreateDirectory 'C:/Users/Administrator/AppData/LocalLow/Unity/Caches' failed: 系统找不到指定的路径。
 (current dir: F:/天命之子/client)
Failed to create GICache directory at the default location: C:/Users/Administrator/AppData/LocalLow/Unity/Caches/GiCache.
CreateDirectory 'C:/Users/Administrator/AppData/LocalLow/Unity/Caches' failed: 系统找不到指定的路径。
 (current dir: F:/天命之子/client)
Failed to create GICache directory at the default location: C:/Users/Administrator/AppData/LocalLow/Unity/Caches/GiCache.
CreateDirectory 'C:/Users/Administrator/AppData/LocalLow/Unity/Caches' failed: 系统找不到指定的路径。
 (current dir: F:/天命之子/client)
Failed to create GICache directory at the default location: C:/Users/Administrator/AppData/LocalLow/Unity/Caches/GiCache.
CreateDirectory 'C:/Users/Administrator/AppData/LocalLow/Unity/Caches' failed: 系统找不到指定的路径。
 (current dir: F:/天命之子/client)
Failed to create GICache directory at the default location: C:/Users/Administrator/AppData/LocalLow/Unity/Caches/GiCache.
CreateDirectory 'C:/Users/Administrator/AppData/LocalLow/Unity/Caches' failed: 系统找不到指定的路径。
 (current dir: F:/天命之子/client)
Failed to create GICache directory at the default location: C:/Users/Administrator/AppData/LocalLow/Unity/Caches/GiCache.
CreateDirectory 'C:/Users/Administrator/AppData/LocalLow/Unity/Caches' failed: 系统找不到指定的路径。
 (current dir: F:/天命之子/client)
Failed to create GICache directory at the default location: C:/Users/Administrator/AppData/LocalLow/Unity/Caches/GiCache.
CreateDirectory 'C:/Users/Administrator/AppData/LocalLow/Unity/Caches' failed: 系统找不到指定的路径。
 (current dir: F:/天命之子/client)
Failed to create GICache directory at the default location: C:/Users/Administrator/AppData/LocalLow/Unity/Caches/GiCache.
CreateDirectory 'C:/Users/Administrator/AppData/LocalLow/Unity/Caches' failed: 系统找不到指定的路径。
 (current dir: F:/天命之子/client)
Failed to create GICache directory at the default location: C:/Users/Administrator/AppData/LocalLow/Unity/Caches/GiCache.
CreateDirectory 'C:/Users/Administrator/AppData/LocalLow/Unity/Caches' failed: 系统找不到指定的路径。
 (current dir: F:/天命之子/client)
Failed to create GICache directory at the default location: C:/Users/Administrator/AppData/LocalLow/Unity/Caches/GiCache.
CreateDirectory 'C:/Users/Administrator/AppData/LocalLow/Unity/Caches' failed: 系统找不到指定的路径。
 (current dir: F:/天命之子/client)
Failed to create GICache directory at the default location: C:/Users/Administrator/AppData/LocalLow/Unity/Caches/GiCache.
CreateDirectory 'C:/Users/Administrator/AppData/LocalLow/Unity/Caches' failed: 系统找不到指定的路径。
 (current dir: F:/天命之子/client)
Failed to create GICache directory at the default location: C:/Users/Administrator/AppData/LocalLow/Unity/Caches/GiCache.
CreateDirectory 'C:/Users/Administrator/AppData/LocalLow/Unity/Caches' failed: 系统找不到指定的路径。
 (current dir: F:/天命之子/client)
Failed to create GICache directory at the default location: C:/Users/Administrator/AppData/LocalLow/Unity/Caches/GiCache.
CreateDirectory 'C:/Users/Administrator/AppData/LocalLow/Unity/Caches' failed: 系统找不到指定的路径。
 (current dir: F:/天命之子/client)
Failed to create GICache directory at the default location: C:/Users/Administrator/AppData/LocalLow/Unity/Caches/GiCache.
CreateDirectory 'C:/Users/Administrator/AppData/LocalLow/Unity/Caches' failed: 系统找不到指定的路径。
 (current dir: F:/天命之子/client)
Failed to create GICache directory at the default location: C:/Users/Administrator/AppData/LocalLow/Unity/Caches/GiCache.
CreateDirectory 'C:/Users/Administrator/AppData/LocalLow/Unity/Caches' failed: 系统找不到指定的路径。
 (current dir: F:/天命之子/client)
Failed to create GICache directory at the default location: C:/Users/Administrator/AppData/LocalLow/Unity/Caches/GiCache.
CreateDirectory 'C:/Users/Administrator/AppData/LocalLow/Unity/Caches' failed: 系统找不到指定的路径。
 (current dir: F:/天命之子/client)
Failed to create GICache directory at the default location: C:/Users/Administrator/AppData/LocalLow/Unity/Caches/GiCache.
CreateDirectory 'C:/Users/Administrator/AppData/LocalLow/Unity/Caches' failed: 系统找不到指定的路径。
 (current dir: F:/天命之子/client)
Failed to create GICache directory at the default location: C:/Users/Administrator/AppData/LocalLow/Unity/Caches/GiCache.
CreateDirectory 'C:/Users/Administrator/AppData/LocalLow/Unity/Caches' failed: 系统找不到指定的路径。
 (current dir: F:/天命之子/client)
Failed to create GICache directory at the default location: C:/Users/Administrator/AppData/LocalLow/Unity/Caches/GiCache.
CreateDirectory 'C:/Users/Administrator/AppData/LocalLow/Unity/Caches' failed: 系统找不到指定的路径。
 (current dir: F:/天命之子/client)
Failed to create GICache directory at the default location: C:/Users/Administrator/AppData/LocalLow/Unity/Caches/GiCache.
CreateDirectory 'C:/Users/Administrator/AppData/LocalLow/Unity/Caches' failed: 系统找不到指定的路径。
 (current dir: F:/天命之子/client)
Failed to create GICache directory at the default location: C:/Users/Administrator/AppData/LocalLow/Unity/Caches/GiCache.
CreateDirectory 'C:/Users/Administrator/AppData/LocalLow/Unity/Caches' failed: 系统找不到指定的路径。
 (current dir: F:/天命之子/client)
Failed to create GICache directory at the default location: C:/Users/Administrator/AppData/LocalLow/Unity/Caches/GiCache.
CreateDirectory 'C:/Users/Administrator/AppData/LocalLow/Unity/Caches' failed: 系统找不到指定的路径。
 (current dir: F:/天命之子/client)
Failed to create GICache directory at the default location: C:/Users/Administrator/AppData/LocalLow/Unity/Caches/GiCache.
CreateDirectory 'C:/Users/Administrator/AppData/LocalLow/Unity/Caches' failed: 系统找不到指定的路径。
 (current dir: F:/天命之子/client)
Failed to create GICache directory at the default location: C:/Users/Administrator/AppData/LocalLow/Unity/Caches/GiCache.
CreateDirectory 'C:/Users/Administrator/AppData/LocalLow/Unity/Caches' failed: 系统找不到指定的路径。
 (current dir: F:/天命之子/client)
Failed to create GICache directory at the default location: C:/Users/Administrator/AppData/LocalLow/Unity/Caches/GiCache.
CreateDirectory 'C:/Users/Administrator/AppData/LocalLow/Unity/Caches' failed: 系统找不到指定的路径。
 (current dir: F:/天命之子/client)
Failed to create GICache directory at the default location: C:/Users/Administrator/AppData/LocalLow/Unity/Caches/GiCache.
CreateDirectory 'C:/Users/Administrator/AppData/LocalLow/Unity/Caches' failed: 系统找不到指定的路径。
 (current dir: F:/天命之子/client)
Failed to create GICache directory at the default location: C:/Users/Administrator/AppData/LocalLow/Unity/Caches/GiCache.
CreateDirectory 'C:/Users/Administrator/AppData/LocalLow/Unity/Caches' failed: 系统找不到指定的路径。
 (current dir: F:/天命之子/client)
Failed to create GICache directory at the default location: C:/Users/Administrator/AppData/LocalLow/Unity/Caches/GiCache.
CreateDirectory 'C:/Users/Administrator/AppData/LocalLow/Unity/Caches' failed: 系统找不到指定的路径。
 (current dir: F:/天命之子/client)
Failed to create GICache directory at the default location: C:/Users/Administrator/AppData/LocalLow/Unity/Caches/GiCache.
CreateDirectory 'C:/Users/Administrator/AppData/LocalLow/Unity/Caches' failed: 系统找不到指定的路径。
 (current dir: F:/天命之子/client)
Failed to create GICache directory at the default location: C:/Users/Administrator/AppData/LocalLow/Unity/Caches/GiCache.
CreateDirectory 'C:/Users/Administrator/AppData/LocalLow/Unity/Caches' failed: 系统找不到指定的路径。
 (current dir: F:/天命之子/client)
Failed to create GICache directory at the default location: C:/Users/Administrator/AppData/LocalLow/Unity/Caches/GiCache.
CreateDirectory 'C:/Users/Administrator/AppData/LocalLow/Unity/Caches' failed: 系统找不到指定的路径。
 (current dir: F:/天命之子/client)
Failed to create GICache directory at the default location: C:/Users/Administrator/AppData/LocalLow/Unity/Caches/GiCache.
CreateDirectory 'C:/Users/Administrator/AppData/LocalLow/Unity/Caches' failed: 系统找不到指定的路径。
 (current dir: F:/天命之子/client)
Failed to create GICache directory at the default location: C:/Users/Administrator/AppData/LocalLow/Unity/Caches/GiCache.
CreateDirectory 'C:/Users/Administrator/AppData/LocalLow/Unity/Caches' failed: 系统找不到指定的路径。
 (current dir: F:/天命之子/client)
Failed to create GICache directory at the default location: C:/Users/Administrator/AppData/LocalLow/Unity/Caches/GiCache.
CreateDirectory 'C:/Users/Administrator/AppData/LocalLow/Unity/Caches' failed: 系统找不到指定的路径。
 (current dir: F:/天命之子/client)
Failed to create GICache directory at the default location: C:/Users/Administrator/AppData/LocalLow/Unity/Caches/GiCache.
CreateDirectory 'C:/Users/Administrator/AppData/LocalLow/Unity/Caches' failed: 系统找不到指定的路径。
 (current dir: F:/天命之子/client)
Failed to create GICache directory at the default location: C:/Users/Administrator/AppData/LocalLow/Unity/Caches/GiCache.
CreateDirectory 'C:/Users/Administrator/AppData/LocalLow/Unity/Caches' failed: 系统找不到指定的路径。
 (current dir: F:/天命之子/client)
Failed to create GICache directory at the default location: C:/Users/Administrator/AppData/LocalLow/Unity/Caches/GiCache.
CreateDirectory 'C:/Users/Administrator/AppData/LocalLow/Unity/Caches' failed: 系统找不到指定的路径。
 (current dir: F:/天命之子/client)
Failed to create GICache directory at the default location: C:/Users/Administrator/AppData/LocalLow/Unity/Caches/GiCache.
CreateDirectory 'C:/Users/Administrator/AppData/LocalLow/Unity/Caches' failed: 系统找不到指定的路径。
 (current dir: F:/天命之子/client)
Failed to create GICache directory at the default location: C:/Users/Administrator/AppData/LocalLow/Unity/Caches/GiCache.
CreateDirectory 'C:/Users/Administrator/AppData/LocalLow/Unity/Caches' failed: 系统找不到指定的路径。
 (current dir: F:/天命之子/client)
Failed to create GICache directory at the default location: C:/Users/Administrator/AppData/LocalLow/Unity/Caches/GiCache.
CreateDirectory 'C:/Users/Administrator/AppData/LocalLow/Unity/Caches' failed: 系统找不到指定的路径。
 (current dir: F:/天命之子/client)
Failed to create GICache directory at the default location: C:/Users/Administrator/AppData/LocalLow/Unity/Caches/GiCache.
CreateDirectory 'C:/Users/Administrator/AppData/LocalLow/Unity/Caches' failed: 系统找不到指定的路径。
 (current dir: F:/天命之子/client)
Failed to create GICache directory at the default location: C:/Users/Administrator/AppData/LocalLow/Unity/Caches/GiCache.
CreateDirectory 'C:/Users/Administrator/AppData/LocalLow/Unity/Caches' failed: 系统找不到指定的路径。
 (current dir: F:/天命之子/client)
Failed to create GICache directory at the default location: C:/Users/Administrator/AppData/LocalLow/Unity/Caches/GiCache.
CreateDirectory 'C:/Users/Administrator/AppData/LocalLow/Unity/Caches' failed: 系统找不到指定的路径。
 (current dir: F:/天命之子/client)
Failed to create GICache directory at the default location: C:/Users/Administrator/AppData/LocalLow/Unity/Caches/GiCache.
CreateDirectory 'C:/Users/Administrator/AppData/LocalLow/Unity/Caches' failed: 系统找不到指定的路径。
 (current dir: F:/天命之子/client)
Failed to create GICache directory at the default location: C:/Users/Administrator/AppData/LocalLow/Unity/Caches/GiCache.
CreateDirectory 'C:/Users/Administrator/AppData/LocalLow/Unity/Caches' failed: 系统找不到指定的路径。
 (current dir: F:/天命之子/client)
Failed to create GICache directory at the default location: C:/Users/Administrator/AppData/LocalLow/Unity/Caches/GiCache.
CreateDirectory 'C:/Users/Administrator/AppData/LocalLow/Unity/Caches' failed: 系统找不到指定的路径。
 (current dir: F:/天命之子/client)
Failed to create GICache directory at the default location: C:/Users/Administrator/AppData/LocalLow/Unity/Caches/GiCache.
CreateDirectory 'C:/Users/Administrator/AppData/LocalLow/Unity/Caches' failed: 系统找不到指定的路径。
 (current dir: F:/天命之子/client)
Failed to create GICache directory at the default location: C:/Users/Administrator/AppData/LocalLow/Unity/Caches/GiCache.
CreateDirectory 'C:/Users/Administrator/AppData/LocalLow/Unity/Caches' failed: 系统找不到指定的路径。
 (current dir: F:/天命之子/client)
Failed to create GICache directory at the default location: C:/Users/Administrator/AppData/LocalLow/Unity/Caches/GiCache.
CreateDirectory 'C:/Users/Administrator/AppData/LocalLow/Unity/Caches' failed: 系统找不到指定的路径。
 (current dir: F:/天命之子/client)
Failed to create GICache directory at the default location: C:/Users/Administrator/AppData/LocalLow/Unity/Caches/GiCache.
CreateDirectory 'C:/Users/Administrator/AppData/LocalLow/Unity/Caches' failed: 系统找不到指定的路径。
 (current dir: F:/天命之子/client)
Failed to create GICache directory at the default location: C:/Users/Administrator/AppData/LocalLow/Unity/Caches/GiCache.
CreateDirectory 'C:/Users/Administrator/AppData/LocalLow/Unity/Caches' failed: 系统找不到指定的路径。
 (current dir: F:/天命之子/client)
Failed to create GICache directory at the default location: C:/Users/Administrator/AppData/LocalLow/Unity/Caches/GiCache.
CreateDirectory 'C:/Users/Administrator/AppData/LocalLow/Unity/Caches' failed: 系统找不到指定的路径。
 (current dir: F:/天命之子/client)
Failed to create GICache directory at the default location: C:/Users/Administrator/AppData/LocalLow/Unity/Caches/GiCache.
CreateDirectory 'C:/Users/Administrator/AppData/LocalLow/Unity/Caches' failed: 系统找不到指定的路径。
 (current dir: F:/天命之子/client)
Failed to create GICache directory at the default location: C:/Users/Administrator/AppData/LocalLow/Unity/Caches/GiCache.
CreateDirectory 'C:/Users/Administrator/AppData/LocalLow/Unity/Caches' failed: 系统找不到指定的路径。
 (current dir: F:/天命之子/client)
Failed to create GICache directory at the default location: C:/Users/Administrator/AppData/LocalLow/Unity/Caches/GiCache.
CreateDirectory 'C:/Users/Administrator/AppData/LocalLow/Unity/Caches' failed: 系统找不到指定的路径。
 (current dir: F:/天命之子/client)
Failed to create GICache directory at the default location: C:/Users/Administrator/AppData/LocalLow/Unity/Caches/GiCache.
CreateDirectory 'C:/Users/Administrator/AppData/LocalLow/Unity/Caches' failed: 系统找不到指定的路径。
 (current dir: F:/天命之子/client)
Failed to create GICache directory at the default location: C:/Users/Administrator/AppData/LocalLow/Unity/Caches/GiCache.
CreateDirectory 'C:/Users/Administrator/AppData/LocalLow/Unity/Caches' failed: 系统找不到指定的路径。
 (current dir: F:/天命之子/client)
Failed to create GICache directory at the default location: C:/Users/Administrator/AppData/LocalLow/Unity/Caches/GiCache.
CreateDirectory 'C:/Users/Administrator/AppData/LocalLow/Unity/Caches' failed: 系统找不到指定的路径。
 (current dir: F:/天命之子/client)
Failed to create GICache directory at the default location: C:/Users/Administrator/AppData/LocalLow/Unity/Caches/GiCache.
CreateDirectory 'C:/Users/Administrator/AppData/LocalLow/Unity/Caches' failed: 系统找不到指定的路径。
 (current dir: F:/天命之子/client)
Failed to create GICache directory at the default location: C:/Users/Administrator/AppData/LocalLow/Unity/Caches/GiCache.
CreateDirectory 'C:/Users/Administrator/AppData/LocalLow/Unity/Caches' failed: 系统找不到指定的路径。
 (current dir: F:/天命之子/client)
Failed to create GICache directory at the default location: C:/Users/Administrator/AppData/LocalLow/Unity/Caches/GiCache.
CreateDirectory 'C:/Users/Administrator/AppData/LocalLow/Unity/Caches' failed: 系统找不到指定的路径。
 (current dir: F:/天命之子/client)
Failed to create GICache directory at the default location: C:/Users/Administrator/AppData/LocalLow/Unity/Caches/GiCache.
CreateDirectory 'C:/Users/Administrator/AppData/LocalLow/Unity/Caches' failed: 系统找不到指定的路径。
 (current dir: F:/天命之子/client)
Failed to create GICache directory at the default location: C:/Users/Administrator/AppData/LocalLow/Unity/Caches/GiCache.
CreateDirectory 'C:/Users/Administrator/AppData/LocalLow/Unity/Caches' failed: 系统找不到指定的路径。
 (current dir: F:/天命之子/client)
Failed to create GICache directory at the default location: C:/Users/Administrator/AppData/LocalLow/Unity/Caches/GiCache.
CreateDirectory 'C:/Users/Administrator/AppData/LocalLow/Unity/Caches' failed: 系统找不到指定的路径。
 (current dir: F:/天命之子/client)
Failed to create GICache directory at the default location: C:/Users/Administrator/AppData/LocalLow/Unity/Caches/GiCache.
CreateDirectory 'C:/Users/Administrator/AppData/LocalLow/Unity/Caches' failed: 系统找不到指定的路径。
 (current dir: F:/天命之子/client)
Failed to create GICache directory at the default location: C:/Users/Administrator/AppData/LocalLow/Unity/Caches/GiCache.
CreateDirectory 'C:/Users/Administrator/AppData/LocalLow/Unity/Caches' failed: 系统找不到指定的路径。
 (current dir: F:/天命之子/client)
Failed to create GICache directory at the default location: C:/Users/Administrator/AppData/LocalLow/Unity/Caches/GiCache.
CreateDirectory 'C:/Users/Administrator/AppData/LocalLow/Unity/Caches' failed: 系统找不到指定的路径。
 (current dir: F:/天命之子/client)
Failed to create GICache directory at the default location: C:/Users/Administrator/AppData/LocalLow/Unity/Caches/GiCache.
CreateDirectory 'C:/Users/Administrator/AppData/LocalLow/Unity/Caches' failed: 系统找不到指定的路径。
 (current dir: F:/天命之子/client)
Failed to create GICache directory at the default location: C:/Users/Administrator/AppData/LocalLow/Unity/Caches/GiCache.
CreateDirectory 'C:/Users/Administrator/AppData/LocalLow/Unity/Caches' failed: 系统找不到指定的路径。
 (current dir: F:/天命之子/client)
Failed to create GICache directory at the default location: C:/Users/Administrator/AppData/LocalLow/Unity/Caches/GiCache.
CreateDirectory 'C:/Users/Administrator/AppData/LocalLow/Unity/Caches' failed: 系统找不到指定的路径。
 (current dir: F:/天命之子/client)
Failed to create GICache directory at the default location: C:/Users/Administrator/AppData/LocalLow/Unity/Caches/GiCache.
CreateDirectory 'C:/Users/Administrator/AppData/LocalLow/Unity/Caches' failed: 系统找不到指定的路径。
 (current dir: F:/天命之子/client)
Failed to create GICache directory at the default location: C:/Users/Administrator/AppData/LocalLow/Unity/Caches/GiCache.
CreateDirectory 'C:/Users/Administrator/AppData/LocalLow/Unity/Caches' failed: 系统找不到指定的路径。
 (current dir: F:/天命之子/client)
Failed to create GICache directory at the default location: C:/Users/Administrator/AppData/LocalLow/Unity/Caches/GiCache.
CreateDirectory 'C:/Users/Administrator/AppData/LocalLow/Unity/Caches' failed: 系统找不到指定的路径。
 (current dir: F:/天命之子/client)
Failed to create GICache directory at the default location: C:/Users/Administrator/AppData/LocalLow/Unity/Caches/GiCache.
CreateDirectory 'C:/Users/Administrator/AppData/LocalLow/Unity/Caches' failed: 系统找不到指定的路径。
 (current dir: F:/天命之子/client)
Failed to create GICache directory at the default location: C:/Users/Administrator/AppData/LocalLow/Unity/Caches/GiCache.
CreateDirectory 'C:/Users/Administrator/AppData/LocalLow/Unity/Caches' failed: 系统找不到指定的路径。
 (current dir: F:/天命之子/client)
Failed to create GICache directory at the default location: C:/Users/Administrator/AppData/LocalLow/Unity/Caches/GiCache.
CreateDirectory 'C:/Users/Administrator/AppData/LocalLow/Unity/Caches' failed: 系统找不到指定的路径。
 (current dir: F:/天命之子/client)
Failed to create GICache directory at the default location: C:/Users/Administrator/AppData/LocalLow/Unity/Caches/GiCache.
CreateDirectory 'C:/Users/Administrator/AppData/LocalLow/Unity/Caches' failed: 系统找不到指定的路径。
 (current dir: F:/天命之子/client)
Failed to create GICache directory at the default location: C:/Users/Administrator/AppData/LocalLow/Unity/Caches/GiCache.
CreateDirectory 'C:/Users/Administrator/AppData/LocalLow/Unity/Caches' failed: 系统找不到指定的路径。
 (current dir: F:/天命之子/client)
Failed to create GICache directory at the default location: C:/Users/Administrator/AppData/LocalLow/Unity/Caches/GiCache.
CreateDirectory 'C:/Users/Administrator/AppData/LocalLow/Unity/Caches' failed: 系统找不到指定的路径。
 (current dir: F:/天命之子/client)
Failed to create GICache directory at the default location: C:/Users/Administrator/AppData/LocalLow/Unity/Caches/GiCache.
CreateDirectory 'C:/Users/Administrator/AppData/LocalLow/Unity/Caches' failed: 系统找不到指定的路径。
 (current dir: F:/天命之子/client)
Failed to create GICache directory at the default location: C:/Users/Administrator/AppData/LocalLow/Unity/Caches/GiCache.
CreateDirectory 'C:/Users/Administrator/AppData/LocalLow/Unity/Caches' failed: 系统找不到指定的路径。
 (current dir: F:/天命之子/client)
Failed to create GICache directory at the default location: C:/Users/Administrator/AppData/LocalLow/Unity/Caches/GiCache.
CreateDirectory 'C:/Users/Administrator/AppData/LocalLow/Unity/Caches' failed: 系统找不到指定的路径。
 (current dir: F:/天命之子/client)
Failed to create GICache directory at the default location: C:/Users/Administrator/AppData/LocalLow/Unity/Caches/GiCache.
CreateDirectory 'C:/Users/Administrator/AppData/LocalLow/Unity/Caches' failed: 系统找不到指定的路径。
 (current dir: F:/天命之子/client)
Failed to create GICache directory at the default location: C:/Users/Administrator/AppData/LocalLow/Unity/Caches/GiCache.
CreateDirectory 'C:/Users/Administrator/AppData/LocalLow/Unity/Caches' failed: 系统找不到指定的路径。
 (current dir: F:/天命之子/client)
Failed to create GICache directory at the default location: C:/Users/Administrator/AppData/LocalLow/Unity/Caches/GiCache.
CreateDirectory 'C:/Users/Administrator/AppData/LocalLow/Unity/Caches' failed: 系统找不到指定的路径。
 (current dir: F:/天命之子/client)
Failed to create GICache directory at the default location: C:/Users/Administrator/AppData/LocalLow/Unity/Caches/GiCache.
CreateDirectory 'C:/Users/Administrator/AppData/LocalLow/Unity/Caches' failed: 系统找不到指定的路径。
 (current dir: F:/天命之子/client)
Failed to create GICache directory at the default location: C:/Users/Administrator/AppData/LocalLow/Unity/Caches/GiCache.
CreateDirectory 'C:/Users/Administrator/AppData/LocalLow/Unity/Caches' failed: 系统找不到指定的路径。
 (current dir: F:/天命之子/client)
Failed to create GICache directory at the default location: C:/Users/Administrator/AppData/LocalLow/Unity/Caches/GiCache.
CreateDirectory 'C:/Users/Administrator/AppData/LocalLow/Unity/Caches' failed: 系统找不到指定的路径。
 (current dir: F:/天命之子/client)
Failed to create GICache directory at the default location: C:/Users/Administrator/AppData/LocalLow/Unity/Caches/GiCache.
CreateDirectory 'C:/Users/Administrator/AppData/LocalLow/Unity/Caches' failed: 系统找不到指定的路径。
 (current dir: F:/天命之子/client)
Failed to create GICache directory at the default location: C:/Users/Administrator/AppData/LocalLow/Unity/Caches/GiCache.
CreateDirectory 'C:/Users/Administrator/AppData/LocalLow/Unity/Caches' failed: 系统找不到指定的路径。
 (current dir: F:/天命之子/client)
Failed to create GICache directory at the default location: C:/Users/Administrator/AppData/LocalLow/Unity/Caches/GiCache.
CreateDirectory 'C:/Users/Administrator/AppData/LocalLow/Unity/Caches' failed: 系统找不到指定的路径。
 (current dir: F:/天命之子/client)
Failed to create GICache directory at the default location: C:/Users/Administrator/AppData/LocalLow/Unity/Caches/GiCache.
CreateDirectory 'C:/Users/Administrator/AppData/LocalLow/Unity/Caches' failed: 系统找不到指定的路径。
 (current dir: F:/天命之子/client)
Failed to create GICache directory at the default location: C:/Users/Administrator/AppData/LocalLow/Unity/Caches/GiCache.
CreateDirectory 'C:/Users/Administrator/AppData/LocalLow/Unity/Caches' failed: 系统找不到指定的路径。
 (current dir: F:/天命之子/client)
Failed to create GICache directory at the default location: C:/Users/Administrator/AppData/LocalLow/Unity/Caches/GiCache.
CreateDirectory 'C:/Users/Administrator/AppData/LocalLow/Unity/Caches' failed: 系统找不到指定的路径。
 (current dir: F:/天命之子/client)
Failed to create GICache directory at the default location: C:/Users/Administrator/AppData/LocalLow/Unity/Caches/GiCache.
CreateDirectory 'C:/Users/Administrator/AppData/LocalLow/Unity/Caches' failed: 系统找不到指定的路径。
 (current dir: F:/天命之子/client)
Failed to create GICache directory at the default location: C:/Users/Administrator/AppData/LocalLow/Unity/Caches/GiCache.
CreateDirectory 'C:/Users/Administrator/AppData/LocalLow/Unity/Caches' failed: 系统找不到指定的路径。
 (current dir: F:/天命之子/client)
Failed to create GICache directory at the default location: C:/Users/Administrator/AppData/LocalLow/Unity/Caches/GiCache.
CreateDirectory 'C:/Users/Administrator/AppData/LocalLow/Unity/Caches' failed: 系统找不到指定的路径。
 (current dir: F:/天命之子/client)
Failed to create GICache directory at the default location: C:/Users/Administrator/AppData/LocalLow/Unity/Caches/GiCache.
CreateDirectory 'C:/Users/Administrator/AppData/LocalLow/Unity/Caches' failed: 系统找不到指定的路径。
 (current dir: F:/天命之子/client)
Failed to create GICache directory at the default location: C:/Users/Administrator/AppData/LocalLow/Unity/Caches/GiCache.
CreateDirectory 'C:/Users/Administrator/AppData/LocalLow/Unity/Caches' failed: 系统找不到指定的路径。
 (current dir: F:/天命之子/client)
Failed to create GICache directory at the default location: C:/Users/Administrator/AppData/LocalLow/Unity/Caches/GiCache.
CreateDirectory 'C:/Users/Administrator/AppData/LocalLow/Unity/Caches' failed: 系统找不到指定的路径。
 (current dir: F:/天命之子/client)
Failed to create GICache directory at the default location: C:/Users/Administrator/AppData/LocalLow/Unity/Caches/GiCache.
CreateDirectory 'C:/Users/Administrator/AppData/LocalLow/Unity/Caches' failed: 系统找不到指定的路径。
 (current dir: F:/天命之子/client)
Failed to create GICache directory at the default location: C:/Users/Administrator/AppData/LocalLow/Unity/Caches/GiCache.
CreateDirectory 'C:/Users/Administrator/AppData/LocalLow/Unity/Caches' failed: 系统找不到指定的路径。
 (current dir: F:/天命之子/client)
Failed to create GICache directory at the default location: C:/Users/Administrator/AppData/LocalLow/Unity/Caches/GiCache.
CreateDirectory 'C:/Users/Administrator/AppData/LocalLow/Unity/Caches' failed: 系统找不到指定的路径。
 (current dir: F:/天命之子/client)
Failed to create GICache directory at the default location: C:/Users/Administrator/AppData/LocalLow/Unity/Caches/GiCache.
CreateDirectory 'C:/Users/Administrator/AppData/LocalLow/Unity/Caches' failed: 系统找不到指定的路径。
 (current dir: F:/天命之子/client)
Failed to create GICache directory at the default location: C:/Users/Administrator/AppData/LocalLow/Unity/Caches/GiCache.
CreateDirectory 'C:/Users/Administrator/AppData/LocalLow/Unity/Caches' failed: 系统找不到指定的路径。
 (current dir: F:/天命之子/client)
Failed to create GICache directory at the default location: C:/Users/Administrator/AppData/LocalLow/Unity/Caches/GiCache.
CreateDirectory 'C:/Users/Administrator/AppData/LocalLow/Unity/Caches' failed: 系统找不到指定的路径。
 (current dir: F:/天命之子/client)
Failed to create GICache directory at the default location: C:/Users/Administrator/AppData/LocalLow/Unity/Caches/GiCache.
CreateDirectory 'C:/Users/Administrator/AppData/LocalLow/Unity/Caches' failed: 系统找不到指定的路径。
 (current dir: F:/天命之子/client)
Failed to create GICache directory at the default location: C:/Users/Administrator/AppData/LocalLow/Unity/Caches/GiCache.
CreateDirectory 'C:/Users/Administrator/AppData/LocalLow/Unity/Caches' failed: 系统找不到指定的路径。
 (current dir: F:/天命之子/client)
Failed to create GICache directory at the default location: C:/Users/Administrator/AppData/LocalLow/Unity/Caches/GiCache.
CreateDirectory 'C:/Users/Administrator/AppData/LocalLow/Unity/Caches' failed: 系统找不到指定的路径。
 (current dir: F:/天命之子/client)
Failed to create GICache directory at the default location: C:/Users/Administrator/AppData/LocalLow/Unity/Caches/GiCache.
CreateDirectory 'C:/Users/Administrator/AppData/LocalLow/Unity/Caches' failed: 系统找不到指定的路径。
 (current dir: F:/天命之子/client)
Failed to create GICache directory at the default location: C:/Users/Administrator/AppData/LocalLow/Unity/Caches/GiCache.
CreateDirectory 'C:/Users/Administrator/AppData/LocalLow/Unity/Caches' failed: 系统找不到指定的路径。
 (current dir: F:/天命之子/client)
Failed to create GICache directory at the default location: C:/Users/Administrator/AppData/LocalLow/Unity/Caches/GiCache.
CreateDirectory 'C:/Users/Administrator/AppData/LocalLow/Unity/Caches' failed: 系统找不到指定的路径。
 (current dir: F:/天命之子/client)
Failed to create GICache directory at the default location: C:/Users/Administrator/AppData/LocalLow/Unity/Caches/GiCache.
CreateDirectory 'C:/Users/Administrator/AppData/LocalLow/Unity/Caches' failed: 系统找不到指定的路径。
 (current dir: F:/天命之子/client)
Failed to create GICache directory at the default location: C:/Users/Administrator/AppData/LocalLow/Unity/Caches/GiCache.
CreateDirectory 'C:/Users/Administrator/AppData/LocalLow/Unity/Caches' failed: 系统找不到指定的路径。
 (current dir: F:/天命之子/client)
Failed to create GICache directory at the default location: C:/Users/Administrator/AppData/LocalLow/Unity/Caches/GiCache.
CreateDirectory 'C:/Users/Administrator/AppData/LocalLow/Unity/Caches' failed: 系统找不到指定的路径。
 (current dir: F:/天命之子/client)
Failed to create GICache directory at the default location: C:/Users/Administrator/AppData/LocalLow/Unity/Caches/GiCache.
CreateDirectory 'C:/Users/Administrator/AppData/LocalLow/Unity/Caches' failed: 系统找不到指定的路径。
 (current dir: F:/天命之子/client)
Failed to create GICache directory at the default location: C:/Users/Administrator/AppData/LocalLow/Unity/Caches/GiCache.
CreateDirectory 'C:/Users/Administrator/AppData/LocalLow/Unity/Caches' failed: 系统找不到指定的路径。
 (current dir: F:/天命之子/client)
Failed to create GICache directory at the default location: C:/Users/Administrator/AppData/LocalLow/Unity/Caches/GiCache.
CreateDirectory 'C:/Users/Administrator/AppData/LocalLow/Unity/Caches' failed: 系统找不到指定的路径。
 (current dir: F:/天命之子/client)
Failed to create GICache directory at the default location: C:/Users/Administrator/AppData/LocalLow/Unity/Caches/GiCache.
CreateDirectory 'C:/Users/Administrator/AppData/LocalLow/Unity/Caches' failed: 系统找不到指定的路径。
 (current dir: F:/天命之子/client)
Failed to create GICache directory at the default location: C:/Users/Administrator/AppData/LocalLow/Unity/Caches/GiCache.
CreateDirectory 'C:/Users/Administrator/AppData/LocalLow/Unity/Caches' failed: 系统找不到指定的路径。
 (current dir: F:/天命之子/client)
Failed to create GICache directory at the default location: C:/Users/Administrator/AppData/LocalLow/Unity/Caches/GiCache.
CreateDirectory 'C:/Users/Administrator/AppData/LocalLow/Unity/Caches' failed: 系统找不到指定的路径。
 (current dir: F:/天命之子/client)
Failed to create GICache directory at the default location: C:/Users/Administrator/AppData/LocalLow/Unity/Caches/GiCache.
CreateDirectory 'C:/Users/Administrator/AppData/LocalLow/Unity/Caches' failed: 系统找不到指定的路径。
 (current dir: F:/天命之子/client)
Failed to create GICache directory at the default location: C:/Users/Administrator/AppData/LocalLow/Unity/Caches/GiCache.
CreateDirectory 'C:/Users/Administrator/AppData/LocalLow/Unity/Caches' failed: 系统找不到指定的路径。
 (current dir: F:/天命之子/client)
Failed to create GICache directory at the default location: C:/Users/Administrator/AppData/LocalLow/Unity/Caches/GiCache.
CreateDirectory 'C:/Users/Administrator/AppData/LocalLow/Unity/Caches' failed: 系统找不到指定的路径。
 (current dir: F:/天命之子/client)
Failed to create GICache directory at the default location: C:/Users/Administrator/AppData/LocalLow/Unity/Caches/GiCache.
CreateDirectory 'C:/Users/Administrator/AppData/LocalLow/Unity/Caches' failed: 系统找不到指定的路径。
 (current dir: F:/天命之子/client)
Failed to create GICache directory at the default location: C:/Users/Administrator/AppData/LocalLow/Unity/Caches/GiCache.
CreateDirectory 'C:/Users/Administrator/AppData/LocalLow/Unity/Caches' failed: 系统找不到指定的路径。
 (current dir: F:/天命之子/client)
Failed to create GICache directory at the default location: C:/Users/Administrator/AppData/LocalLow/Unity/Caches/GiCache.
CreateDirectory 'C:/Users/Administrator/AppData/LocalLow/Unity/Caches' failed: 系统找不到指定的路径。
 (current dir: F:/天命之子/client)
Failed to create GICache directory at the default location: C:/Users/Administrator/AppData/LocalLow/Unity/Caches/GiCache.
CreateDirectory 'C:/Users/Administrator/AppData/LocalLow/Unity/Caches' failed: 系统找不到指定的路径。
 (current dir: F:/天命之子/client)
Failed to create GICache directory at the default location: C:/Users/Administrator/AppData/LocalLow/Unity/Caches/GiCache.
CreateDirectory 'C:/Users/Administrator/AppData/LocalLow/Unity/Caches' failed: 系统找不到指定的路径。
 (current dir: F:/天命之子/client)
Failed to create GICache directory at the default location: C:/Users/Administrator/AppData/LocalLow/Unity/Caches/GiCache.
CreateDirectory 'C:/Users/Administrator/AppData/LocalLow/Unity/Caches' failed: 系统找不到指定的路径。
 (current dir: F:/天命之子/client)
Failed to create GICache directory at the default location: C:/Users/Administrator/AppData/LocalLow/Unity/Caches/GiCache.
CreateDirectory 'C:/Users/Administrator/AppData/LocalLow/Unity/Caches' failed: 系统找不到指定的路径。
 (current dir: F:/天命之子/client)
Failed to create GICache directory at the default location: C:/Users/Administrator/AppData/LocalLow/Unity/Caches/GiCache.
CreateDirectory 'C:/Users/Administrator/AppData/LocalLow/Unity/Caches' failed: 系统找不到指定的路径。
 (current dir: F:/天命之子/client)
Failed to create GICache directory at the default location: C:/Users/Administrator/AppData/LocalLow/Unity/Caches/GiCache.
CreateDirectory 'C:/Users/Administrator/AppData/LocalLow/Unity/Caches' failed: 系统找不到指定的路径。
 (current dir: F:/天命之子/client)
Failed to create GICache directory at the default location: C:/Users/Administrator/AppData/LocalLow/Unity/Caches/GiCache.
CreateDirectory 'C:/Users/Administrator/AppData/LocalLow/Unity/Caches' failed: 系统找不到指定的路径。
 (current dir: F:/天命之子/client)
Failed to create GICache directory at the default location: C:/Users/Administrator/AppData/LocalLow/Unity/Caches/GiCache.
CreateDirectory 'C:/Users/Administrator/AppData/LocalLow/Unity/Caches' failed: 系统找不到指定的路径。
 (current dir: F:/天命之子/client)
Failed to create GICache directory at the default location: C:/Users/Administrator/AppData/LocalLow/Unity/Caches/GiCache.
CreateDirectory 'C:/Users/Administrator/AppData/LocalLow/Unity/Caches' failed: 系统找不到指定的路径。
 (current dir: F:/天命之子/client)
Failed to create GICache directory at the default location: C:/Users/Administrator/AppData/LocalLow/Unity/Caches/GiCache.
CreateDirectory 'C:/Users/Administrator/AppData/LocalLow/Unity/Caches' failed: 系统找不到指定的路径。
 (current dir: F:/天命之子/client)
Failed to create GICache directory at the default location: C:/Users/Administrator/AppData/LocalLow/Unity/Caches/GiCache.
CreateDirectory 'C:/Users/Administrator/AppData/LocalLow/Unity/Caches' failed: 系统找不到指定的路径。
 (current dir: F:/天命之子/client)
Failed to create GICache directory at the default location: C:/Users/Administrator/AppData/LocalLow/Unity/Caches/GiCache.
CreateDirectory 'C:/Users/Administrator/AppData/LocalLow/Unity/Caches' failed: 系统找不到指定的路径。
 (current dir: F:/天命之子/client)
Failed to create GICache directory at the default location: C:/Users/Administrator/AppData/LocalLow/Unity/Caches/GiCache.
CreateDirectory 'C:/Users/Administrator/AppData/LocalLow/Unity/Caches' failed: 系统找不到指定的路径。
 (current dir: F:/天命之子/client)
Failed to create GICache directory at the default location: C:/Users/Administrator/AppData/LocalLow/Unity/Caches/GiCache.
CreateDirectory 'C:/Users/Administrator/AppData/LocalLow/Unity/Caches' failed: 系统找不到指定的路径。
 (current dir: F:/天命之子/client)
Failed to create GICache directory at the default location: C:/Users/Administrator/AppData/LocalLow/Unity/Caches/GiCache.
CreateDirectory 'C:/Users/Administrator/AppData/LocalLow/Unity/Caches' failed: 系统找不到指定的路径。
 (current dir: F:/天命之子/client)
Failed to create GICache directory at the default location: C:/Users/Administrator/AppData/LocalLow/Unity/Caches/GiCache.
CreateDirectory 'C:/Users/Administrator/AppData/LocalLow/Unity/Caches' failed: 系统找不到指定的路径。
 (current dir: F:/天命之子/client)
Failed to create GICache directory at the default location: C:/Users/Administrator/AppData/LocalLow/Unity/Caches/GiCache.
CreateDirectory 'C:/Users/Administrator/AppData/LocalLow/Unity/Caches' failed: 系统找不到指定的路径。
 (current dir: F:/天命之子/client)
Failed to create GICache directory at the default location: C:/Users/Administrator/AppData/LocalLow/Unity/Caches/GiCache.
CreateDirectory 'C:/Users/Administrator/AppData/LocalLow/Unity/Caches' failed: 系统找不到指定的路径。
 (current dir: F:/天命之子/client)
Failed to create GICache directory at the default location: C:/Users/Administrator/AppData/LocalLow/Unity/Caches/GiCache.
CreateDirectory 'C:/Users/Administrator/AppData/LocalLow/Unity/Caches' failed: 系统找不到指定的路径。
 (current dir: F:/天命之子/client)
Failed to create GICache directory at the default location: C:/Users/Administrator/AppData/LocalLow/Unity/Caches/GiCache.
CreateDirectory 'C:/Users/Administrator/AppData/LocalLow/Unity/Caches' failed: 系统找不到指定的路径。
 (current dir: F:/天命之子/client)
Failed to create GICache directory at the default location: C:/Users/Administrator/AppData/LocalLow/Unity/Caches/GiCache.
CreateDirectory 'C:/Users/Administrator/AppData/LocalLow/Unity/Caches' failed: 系统找不到指定的路径。
 (current dir: F:/天命之子/client)
Failed to create GICache directory at the default location: C:/Users/Administrator/AppData/LocalLow/Unity/Caches/GiCache.
CreateDirectory 'C:/Users/Administrator/AppData/LocalLow/Unity/Caches' failed: 系统找不到指定的路径。
 (current dir: F:/天命之子/client)
Failed to create GICache directory at the default location: C:/Users/Administrator/AppData/LocalLow/Unity/Caches/GiCache.
CreateDirectory 'C:/Users/Administrator/AppData/LocalLow/Unity/Caches' failed: 系统找不到指定的路径。
 (current dir: F:/天命之子/client)
Failed to create GICache directory at the default location: C:/Users/Administrator/AppData/LocalLow/Unity/Caches/GiCache.
CreateDirectory 'C:/Users/Administrator/AppData/LocalLow/Unity/Caches' failed: 系统找不到指定的路径。
 (current dir: F:/天命之子/client)
Failed to create GICache directory at the default location: C:/Users/Administrator/AppData/LocalLow/Unity/Caches/GiCache.
CreateDirectory 'C:/Users/Administrator/AppData/LocalLow/Unity/Caches' failed: 系统找不到指定的路径。
 (current dir: F:/天命之子/client)
Failed to create GICache directory at the default location: C:/Users/Administrator/AppData/LocalLow/Unity/Caches/GiCache.
CreateDirectory 'C:/Users/Administrator/AppData/LocalLow/Unity/Caches' failed: 系统找不到指定的路径。
 (current dir: F:/天命之子/client)
Failed to create GICache directory at the default location: C:/Users/Administrator/AppData/LocalLow/Unity/Caches/GiCache.
CreateDirectory 'C:/Users/Administrator/AppData/LocalLow/Unity/Caches' failed: 系统找不到指定的路径。
 (current dir: F:/天命之子/client)
Failed to create GICache directory at the default location: C:/Users/Administrator/AppData/LocalLow/Unity/Caches/GiCache.
CreateDirectory 'C:/Users/Administrator/AppData/LocalLow/Unity/Caches' failed: 系统找不到指定的路径。
 (current dir: F:/天命之子/client)
Failed to create GICache directory at the default location: C:/Users/Administrator/AppData/LocalLow/Unity/Caches/GiCache.
CreateDirectory 'C:/Users/Administrator/AppData/LocalLow/Unity/Caches' failed: 系统找不到指定的路径。
 (current dir: F:/天命之子/client)
Failed to create GICache directory at the default location: C:/Users/Administrator/AppData/LocalLow/Unity/Caches/GiCache.
CreateDirectory 'C:/Users/Administrator/AppData/LocalLow/Unity/Caches' failed: 系统找不到指定的路径。
 (current dir: F:/天命之子/client)
Failed to create GICache directory at the default location: C:/Users/Administrator/AppData/LocalLow/Unity/Caches/GiCache.
CreateDirectory 'C:/Users/Administrator/AppData/LocalLow/Unity/Caches' failed: 系统找不到指定的路径。
 (current dir: F:/天命之子/client)
Failed to create GICache directory at the default location: C:/Users/Administrator/AppData/LocalLow/Unity/Caches/GiCache.
CreateDirectory 'C:/Users/Administrator/AppData/LocalLow/Unity/Caches' failed: 系统找不到指定的路径。
 (current dir: F:/天命之子/client)
Failed to create GICache directory at the default location: C:/Users/Administrator/AppData/LocalLow/Unity/Caches/GiCache.
CreateDirectory 'C:/Users/Administrator/AppData/LocalLow/Unity/Caches' failed: 系统找不到指定的路径。
 (current dir: F:/天命之子/client)
Failed to create GICache directory at the default location: C:/Users/Administrator/AppData/LocalLow/Unity/Caches/GiCache.
CreateDirectory 'C:/Users/Administrator/AppData/LocalLow/Unity/Caches' failed: 系统找不到指定的路径。
 (current dir: F:/天命之子/client)
Failed to create GICache directory at the default location: C:/Users/Administrator/AppData/LocalLow/Unity/Caches/GiCache.
CreateDirectory 'C:/Users/Administrator/AppData/LocalLow/Unity/Caches' failed: 系统找不到指定的路径。
 (current dir: F:/天命之子/client)
Failed to create GICache directory at the default location: C:/Users/Administrator/AppData/LocalLow/Unity/Caches/GiCache.
CreateDirectory 'C:/Users/Administrator/AppData/LocalLow/Unity/Caches' failed: 系统找不到指定的路径。
 (current dir: F:/天命之子/client)
Failed to create GICache directory at the default location: C:/Users/Administrator/AppData/LocalLow/Unity/Caches/GiCache.
CreateDirectory 'C:/Users/Administrator/AppData/LocalLow/Unity/Caches' failed: 系统找不到指定的路径。
 (current dir: F:/天命之子/client)
Failed to create GICache directory at the default location: C:/Users/Administrator/AppData/LocalLow/Unity/Caches/GiCache.
CreateDirectory 'C:/Users/Administrator/AppData/LocalLow/Unity/Caches' failed: 系统找不到指定的路径。
 (current dir: F:/天命之子/client)
Failed to create GICache directory at the default location: C:/Users/Administrator/AppData/LocalLow/Unity/Caches/GiCache.
CreateDirectory 'C:/Users/Administrator/AppData/LocalLow/Unity/Caches' failed: 系统找不到指定的路径。
 (current dir: F:/天命之子/client)
Failed to create GICache directory at the default location: C:/Users/Administrator/AppData/LocalLow/Unity/Caches/GiCache.
CreateDirectory 'C:/Users/Administrator/AppData/LocalLow/Unity/Caches' failed: 系统找不到指定的路径。
 (current dir: F:/天命之子/client)
Failed to create GICache directory at the default location: C:/Users/Administrator/AppData/LocalLow/Unity/Caches/GiCache.
CreateDirectory 'C:/Users/Administrator/AppData/LocalLow/Unity/Caches' failed: 系统找不到指定的路径。
 (current dir: F:/天命之子/client)
Failed to create GICache directory at the default location: C:/Users/Administrator/AppData/LocalLow/Unity/Caches/GiCache.
CreateDirectory 'C:/Users/Administrator/AppData/LocalLow/Unity/Caches' failed: 系统找不到指定的路径。
 (current dir: F:/天命之子/client)
Failed to create GICache directory at the default location: C:/Users/Administrator/AppData/LocalLow/Unity/Caches/GiCache.
CreateDirectory 'C:/Users/Administrator/AppData/LocalLow/Unity/Caches' failed: 系统找不到指定的路径。
 (current dir: F:/天命之子/client)
Failed to create GICache directory at the default location: C:/Users/Administrator/AppData/LocalLow/Unity/Caches/GiCache.
CreateDirectory 'C:/Users/Administrator/AppData/LocalLow/Unity/Caches' failed: 系统找不到指定的路径。
 (current dir: F:/天命之子/client)
Failed to create GICache directory at the default location: C:/Users/Administrator/AppData/LocalLow/Unity/Caches/GiCache.
CreateDirectory 'C:/Users/Administrator/AppData/LocalLow/Unity/Caches' failed: 系统找不到指定的路径。
 (current dir: F:/天命之子/client)
Failed to create GICache directory at the default location: C:/Users/Administrator/AppData/LocalLow/Unity/Caches/GiCache.
CreateDirectory 'C:/Users/Administrator/AppData/LocalLow/Unity/Caches' failed: 系统找不到指定的路径。
 (current dir: F:/天命之子/client)
Failed to create GICache directory at the default location: C:/Users/Administrator/AppData/LocalLow/Unity/Caches/GiCache.
CreateDirectory 'C:/Users/Administrator/AppData/LocalLow/Unity/Caches' failed: 系统找不到指定的路径。
 (current dir: F:/天命之子/client)
Failed to create GICache directory at the default location: C:/Users/Administrator/AppData/LocalLow/Unity/Caches/GiCache.
CreateDirectory 'C:/Users/Administrator/AppData/LocalLow/Unity/Caches' failed: 系统找不到指定的路径。
 (current dir: F:/天命之子/client)
Failed to create GICache directory at the default location: C:/Users/Administrator/AppData/LocalLow/Unity/Caches/GiCache.
CreateDirectory 'C:/Users/Administrator/AppData/LocalLow/Unity/Caches' failed: 系统找不到指定的路径。
 (current dir: F:/天命之子/client)
Failed to create GICache directory at the default location: C:/Users/Administrator/AppData/LocalLow/Unity/Caches/GiCache.
CreateDirectory 'C:/Users/Administrator/AppData/LocalLow/Unity/Caches' failed: 系统找不到指定的路径。
 (current dir: F:/天命之子/client)
Failed to create GICache directory at the default location: C:/Users/Administrator/AppData/LocalLow/Unity/Caches/GiCache.
CreateDirectory 'C:/Users/Administrator/AppData/LocalLow/Unity/Caches' failed: 系统找不到指定的路径。
 (current dir: F:/天命之子/client)
Failed to create GICache directory at the default location: C:/Users/Administrator/AppData/LocalLow/Unity/Caches/GiCache.
CreateDirectory 'C:/Users/Administrator/AppData/LocalLow/Unity/Caches' failed: 系统找不到指定的路径。
 (current dir: F:/天命之子/client)
Failed to create GICache directory at the default location: C:/Users/Administrator/AppData/LocalLow/Unity/Caches/GiCache.
CreateDirectory 'C:/Users/Administrator/AppData/LocalLow/Unity/Caches' failed: 系统找不到指定的路径。
 (current dir: F:/天命之子/client)
Failed to create GICache directory at the default location: C:/Users/Administrator/AppData/LocalLow/Unity/Caches/GiCache.
CreateDirectory 'C:/Users/Administrator/AppData/LocalLow/Unity/Caches' failed: 系统找不到指定的路径。
 (current dir: F:/天命之子/client)
Failed to create GICache directory at the default location: C:/Users/Administrator/AppData/LocalLow/Unity/Caches/GiCache.
CreateDirectory 'C:/Users/Administrator/AppData/LocalLow/Unity/Caches' failed: 系统找不到指定的路径。
 (current dir: F:/天命之子/client)
Failed to create GICache directory at the default location: C:/Users/Administrator/AppData/LocalLow/Unity/Caches/GiCache.
CreateDirectory 'C:/Users/Administrator/AppData/LocalLow/Unity/Caches' failed: 系统找不到指定的路径。
 (current dir: F:/天命之子/client)
Failed to create GICache directory at the default location: C:/Users/Administrator/AppData/LocalLow/Unity/Caches/GiCache.
CreateDirectory 'C:/Users/Administrator/AppData/LocalLow/Unity/Caches' failed: 系统找不到指定的路径。
 (current dir: F:/天命之子/client)
Failed to create GICache directory at the default location: C:/Users/Administrator/AppData/LocalLow/Unity/Caches/GiCache.
CreateDirectory 'C:/Users/Administrator/AppData/LocalLow/Unity/Caches' failed: 系统找不到指定的路径。
 (current dir: F:/天命之子/client)
Failed to create GICache directory at the default location: C:/Users/Administrator/AppData/LocalLow/Unity/Caches/GiCache.
CreateDirectory 'C:/Users/Administrator/AppData/LocalLow/Unity/Caches' failed: 系统找不到指定的路径。
 (current dir: F:/天命之子/client)
Failed to create GICache directory at the default location: C:/Users/Administrator/AppData/LocalLow/Unity/Caches/GiCache.
CreateDirectory 'C:/Users/Administrator/AppData/LocalLow/Unity/Caches' failed: 系统找不到指定的路径。
 (current dir: F:/天命之子/client)
Failed to create GICache directory at the default location: C:/Users/Administrator/AppData/LocalLow/Unity/Caches/GiCache.
CreateDirectory 'C:/Users/Administrator/AppData/LocalLow/Unity/Caches' failed: 系统找不到指定的路径。
 (current dir: F:/天命之子/client)
Failed to create GICache directory at the default location: C:/Users/Administrator/AppData/LocalLow/Unity/Caches/GiCache.
CreateDirectory 'C:/Users/Administrator/AppData/LocalLow/Unity/Caches' failed: 系统找不到指定的路径。
 (current dir: F:/天命之子/client)
Failed to create GICache directory at the default location: C:/Users/Administrator/AppData/LocalLow/Unity/Caches/GiCache.
CreateDirectory 'C:/Users/Administrator/AppData/LocalLow/Unity/Caches' failed: 系统找不到指定的路径。
 (current dir: F:/天命之子/client)
Failed to create GICache directory at the default location: C:/Users/Administrator/AppData/LocalLow/Unity/Caches/GiCache.
CreateDirectory 'C:/Users/Administrator/AppData/LocalLow/Unity/Caches' failed: 系统找不到指定的路径。
 (current dir: F:/天命之子/client)
Failed to create GICache directory at the default location: C:/Users/Administrator/AppData/LocalLow/Unity/Caches/GiCache.
CreateDirectory 'C:/Users/Administrator/AppData/LocalLow/Unity/Caches' failed: 系统找不到指定的路径。
 (current dir: F:/天命之子/client)
Failed to create GICache directory at the default location: C:/Users/Administrator/AppData/LocalLow/Unity/Caches/GiCache.
CreateDirectory 'C:/Users/Administrator/AppData/LocalLow/Unity/Caches' failed: 系统找不到指定的路径。
 (current dir: F:/天命之子/client)
Failed to create GICache directory at the default location: C:/Users/Administrator/AppData/LocalLow/Unity/Caches/GiCache.
CreateDirectory 'C:/Users/Administrator/AppData/LocalLow/Unity/Caches' failed: 系统找不到指定的路径。
 (current dir: F:/天命之子/client)
Failed to create GICache directory at the default location: C:/Users/Administrator/AppData/LocalLow/Unity/Caches/GiCache.
CreateDirectory 'C:/Users/Administrator/AppData/LocalLow/Unity/Caches' failed: 系统找不到指定的路径。
 (current dir: F:/天命之子/client)
Failed to create GICache directory at the default location: C:/Users/Administrator/AppData/LocalLow/Unity/Caches/GiCache.
CreateDirectory 'C:/Users/Administrator/AppData/LocalLow/Unity/Caches' failed: 系统找不到指定的路径。
 (current dir: F:/天命之子/client)
Failed to create GICache directory at the default location: C:/Users/Administrator/AppData/LocalLow/Unity/Caches/GiCache.
CreateDirectory 'C:/Users/Administrator/AppData/LocalLow/Unity/Caches' failed: 系统找不到指定的路径。
 (current dir: F:/天命之子/client)
Failed to create GICache directory at the default location: C:/Users/Administrator/AppData/LocalLow/Unity/Caches/GiCache.
CreateDirectory 'C:/Users/Administrator/AppData/LocalLow/Unity/Caches' failed: 系统找不到指定的路径。
 (current dir: F:/天命之子/client)
Failed to create GICache directory at the default location: C:/Users/Administrator/AppData/LocalLow/Unity/Caches/GiCache.
CreateDirectory 'C:/Users/Administrator/AppData/LocalLow/Unity/Caches' failed: 系统找不到指定的路径。
 (current dir: F:/天命之子/client)
Failed to create GICache directory at the default location: C:/Users/Administrator/AppData/LocalLow/Unity/Caches/GiCache.
CreateDirectory 'C:/Users/Administrator/AppData/LocalLow/Unity/Caches' failed: 系统找不到指定的路径。
 (current dir: F:/天命之子/client)
Failed to create GICache directory at the default location: C:/Users/Administrator/AppData/LocalLow/Unity/Caches/GiCache.
CreateDirectory 'C:/Users/Administrator/AppData/LocalLow/Unity/Caches' failed: 系统找不到指定的路径。
 (current dir: F:/天命之子/client)
Failed to create GICache directory at the default location: C:/Users/Administrator/AppData/LocalLow/Unity/Caches/GiCache.
CreateDirectory 'C:/Users/Administrator/AppData/LocalLow/Unity/Caches' failed: 系统找不到指定的路径。
 (current dir: F:/天命之子/client)
Failed to create GICache directory at the default location: C:/Users/Administrator/AppData/LocalLow/Unity/Caches/GiCache.
CreateDirectory 'C:/Users/Administrator/AppData/LocalLow/Unity/Caches' failed: 系统找不到指定的路径。
 (current dir: F:/天命之子/client)
Failed to create GICache directory at the default location: C:/Users/Administrator/AppData/LocalLow/Unity/Caches/GiCache.
CreateDirectory 'C:/Users/Administrator/AppData/LocalLow/Unity/Caches' failed: 系统找不到指定的路径。
 (current dir: F:/天命之子/client)
Failed to create GICache directory at the default location: C:/Users/Administrator/AppData/LocalLow/Unity/Caches/GiCache.
CreateDirectory 'C:/Users/Administrator/AppData/LocalLow/Unity/Caches' failed: 系统找不到指定的路径。
 (current dir: F:/天命之子/client)
Failed to create GICache directory at the default location: C:/Users/Administrator/AppData/LocalLow/Unity/Caches/GiCache.
CreateDirectory 'C:/Users/Administrator/AppData/LocalLow/Unity/Caches' failed: 系统找不到指定的路径。
 (current dir: F:/天命之子/client)
Failed to create GICache directory at the default location: C:/Users/Administrator/AppData/LocalLow/Unity/Caches/GiCache.
CreateDirectory 'C:/Users/Administrator/AppData/LocalLow/Unity/Caches' failed: 系统找不到指定的路径。
 (current dir: F:/天命之子/client)
Failed to create GICache directory at the default location: C:/Users/Administrator/AppData/LocalLow/Unity/Caches/GiCache.
CreateDirectory 'C:/Users/Administrator/AppData/LocalLow/Unity/Caches' failed: 系统找不到指定的路径。
 (current dir: F:/天命之子/client)
Failed to create GICache directory at the default location: C:/Users/Administrator/AppData/LocalLow/Unity/Caches/GiCache.
CreateDirectory 'C:/Users/Administrator/AppData/LocalLow/Unity/Caches' failed: 系统找不到指定的路径。
 (current dir: F:/天命之子/client)
Failed to create GICache directory at the default location: C:/Users/Administrator/AppData/LocalLow/Unity/Caches/GiCache.
CreateDirectory 'C:/Users/Administrator/AppData/LocalLow/Unity/Caches' failed: 系统找不到指定的路径。
 (current dir: F:/天命之子/client)
Failed to create GICache directory at the default location: C:/Users/Administrator/AppData/LocalLow/Unity/Caches/GiCache.
CreateDirectory 'C:/Users/Administrator/AppData/LocalLow/Unity/Caches' failed: 系统找不到指定的路径。
 (current dir: F:/天命之子/client)
Failed to create GICache directory at the default location: C:/Users/Administrator/AppData/LocalLow/Unity/Caches/GiCache.
CreateDirectory 'C:/Users/Administrator/AppData/LocalLow/Unity/Caches' failed: 系统找不到指定的路径。
 (current dir: F:/天命之子/client)
Failed to create GICache directory at the default location: C:/Users/Administrator/AppData/LocalLow/Unity/Caches/GiCache.
CreateDirectory 'C:/Users/Administrator/AppData/LocalLow/Unity/Caches' failed: 系统找不到指定的路径。
 (current dir: F:/天命之子/client)
Failed to create GICache directory at the default location: C:/Users/Administrator/AppData/LocalLow/Unity/Caches/GiCache.
CreateDirectory 'C:/Users/Administrator/AppData/LocalLow/Unity/Caches' failed: 系统找不到指定的路径。
 (current dir: F:/天命之子/client)
Failed to create GICache directory at the default location: C:/Users/Administrator/AppData/LocalLow/Unity/Caches/GiCache.
CreateDirectory 'C:/Users/Administrator/AppData/LocalLow/Unity/Caches' failed: 系统找不到指定的路径。
 (current dir: F:/天命之子/client)
Failed to create GICache directory at the default location: C:/Users/Administrator/AppData/LocalLow/Unity/Caches/GiCache.
CreateDirectory 'C:/Users/Administrator/AppData/LocalLow/Unity/Caches' failed: 系统找不到指定的路径。
 (current dir: F:/天命之子/client)
Failed to create GICache directory at the default location: C:/Users/Administrator/AppData/LocalLow/Unity/Caches/GiCache.
CreateDirectory 'C:/Users/Administrator/AppData/LocalLow/Unity/Caches' failed: 系统找不到指定的路径。
 (current dir: F:/天命之子/client)
Failed to create GICache directory at the default location: C:/Users/Administrator/AppData/LocalLow/Unity/Caches/GiCache.
CreateDirectory 'C:/Users/Administrator/AppData/LocalLow/Unity/Caches' failed: 系统找不到指定的路径。
 (current dir: F:/天命之子/client)
Failed to create GICache directory at the default location: C:/Users/Administrator/AppData/LocalLow/Unity/Caches/GiCache.
CreateDirectory 'C:/Users/Administrator/AppData/LocalLow/Unity/Caches' failed: 系统找不到指定的路径。
 (current dir: F:/天命之子/client)
Failed to create GICache directory at the default location: C:/Users/Administrator/AppData/LocalLow/Unity/Caches/GiCache.
CreateDirectory 'C:/Users/Administrator/AppData/LocalLow/Unity/Caches' failed: 系统找不到指定的路径。
 (current dir: F:/天命之子/client)
Failed to create GICache directory at the default location: C:/Users/Administrator/AppData/LocalLow/Unity/Caches/GiCache.
CreateDirectory 'C:/Users/Administrator/AppData/LocalLow/Unity/Caches' failed: 系统找不到指定的路径。
 (current dir: F:/天命之子/client)
Failed to create GICache directory at the default location: C:/Users/Administrator/AppData/LocalLow/Unity/Caches/GiCache.
CreateDirectory 'C:/Users/Administrator/AppData/LocalLow/Unity/Caches' failed: 系统找不到指定的路径。
 (current dir: F:/天命之子/client)
Failed to create GICache directory at the default location: C:/Users/Administrator/AppData/LocalLow/Unity/Caches/GiCache.
CreateDirectory 'C:/Users/Administrator/AppData/LocalLow/Unity/Caches' failed: 系统找不到指定的路径。
 (current dir: F:/天命之子/client)
Failed to create GICache directory at the default location: C:/Users/Administrator/AppData/LocalLow/Unity/Caches/GiCache.
CreateDirectory 'C:/Users/Administrator/AppData/LocalLow/Unity/Caches' failed: 系统找不到指定的路径。
 (current dir: F:/天命之子/client)
Failed to create GICache directory at the default location: C:/Users/Administrator/AppData/LocalLow/Unity/Caches/GiCache.
CreateDirectory 'C:/Users/Administrator/AppData/LocalLow/Unity/Caches' failed: 系统找不到指定的路径。
 (current dir: F:/天命之子/client)
Failed to create GICache directory at the default location: C:/Users/Administrator/AppData/LocalLow/Unity/Caches/GiCache.
CreateDirectory 'C:/Users/Administrator/AppData/LocalLow/Unity/Caches' failed: 系统找不到指定的路径。
 (current dir: F:/天命之子/client)
Failed to create GICache directory at the default location: C:/Users/Administrator/AppData/LocalLow/Unity/Caches/GiCache.
CreateDirectory 'C:/Users/Administrator/AppData/LocalLow/Unity/Caches' failed: 系统找不到指定的路径。
 (current dir: F:/天命之子/client)
Failed to create GICache directory at the default location: C:/Users/Administrator/AppData/LocalLow/Unity/Caches/GiCache.
CreateDirectory 'C:/Users/Administrator/AppData/LocalLow/Unity/Caches' failed: 系统找不到指定的路径。
 (current dir: F:/天命之子/client)
Failed to create GICache directory at the default location: C:/Users/Administrator/AppData/LocalLow/Unity/Caches/GiCache.
CreateDirectory 'C:/Users/Administrator/AppData/LocalLow/Unity/Caches' failed: 系统找不到指定的路径。
 (current dir: F:/天命之子/client)
Failed to create GICache directory at the default location: C:/Users/Administrator/AppData/LocalLow/Unity/Caches/GiCache.
CreateDirectory 'C:/Users/Administrator/AppData/LocalLow/Unity/Caches' failed: 系统找不到指定的路径。
 (current dir: F:/天命之子/client)
Failed to create GICache directory at the default location: C:/Users/Administrator/AppData/LocalLow/Unity/Caches/GiCache.
CreateDirectory 'C:/Users/Administrator/AppData/LocalLow/Unity/Caches' failed: 系统找不到指定的路径。
 (current dir: F:/天命之子/client)
Failed to create GICache directory at the default location: C:/Users/Administrator/AppData/LocalLow/Unity/Caches/GiCache.
CreateDirectory 'C:/Users/Administrator/AppData/LocalLow/Unity/Caches' failed: 系统找不到指定的路径。
 (current dir: F:/天命之子/client)
Failed to create GICache directory at the default location: C:/Users/Administrator/AppData/LocalLow/Unity/Caches/GiCache.
CreateDirectory 'C:/Users/Administrator/AppData/LocalLow/Unity/Caches' failed: 系统找不到指定的路径。
 (current dir: F:/天命之子/client)
Failed to create GICache directory at the default location: C:/Users/Administrator/AppData/LocalLow/Unity/Caches/GiCache.
CreateDirectory 'C:/Users/Administrator/AppData/LocalLow/Unity/Caches' failed: 系统找不到指定的路径。
 (current dir: F:/天命之子/client)
Failed to create GICache directory at the default location: C:/Users/Administrator/AppData/LocalLow/Unity/Caches/GiCache.
CreateDirectory 'C:/Users/Administrator/AppData/LocalLow/Unity/Caches' failed: 系统找不到指定的路径。
 (current dir: F:/天命之子/client)
Failed to create GICache directory at the default location: C:/Users/Administrator/AppData/LocalLow/Unity/Caches/GiCache.
CreateDirectory 'C:/Users/Administrator/AppData/LocalLow/Unity/Caches' failed: 系统找不到指定的路径。
 (current dir: F:/天命之子/client)
Failed to create GICache directory at the default location: C:/Users/Administrator/AppData/LocalLow/Unity/Caches/GiCache.
CreateDirectory 'C:/Users/Administrator/AppData/LocalLow/Unity/Caches' failed: 系统找不到指定的路径。
 (current dir: F:/天命之子/client)
Failed to create GICache directory at the default location: C:/Users/Administrator/AppData/LocalLow/Unity/Caches/GiCache.
CreateDirectory 'C:/Users/Administrator/AppData/LocalLow/Unity/Caches' failed: 系统找不到指定的路径。
 (current dir: F:/天命之子/client)
Failed to create GICache directory at the default location: C:/Users/Administrator/AppData/LocalLow/Unity/Caches/GiCache.
CreateDirectory 'C:/Users/Administrator/AppData/LocalLow/Unity/Caches' failed: 系统找不到指定的路径。
 (current dir: F:/天命之子/client)
Failed to create GICache directory at the default location: C:/Users/Administrator/AppData/LocalLow/Unity/Caches/GiCache.
CreateDirectory 'C:/Users/Administrator/AppData/LocalLow/Unity/Caches' failed: 系统找不到指定的路径。
 (current dir: F:/天命之子/client)
Failed to create GICache directory at the default location: C:/Users/Administrator/AppData/LocalLow/Unity/Caches/GiCache.
CreateDirectory 'C:/Users/Administrator/AppData/LocalLow/Unity/Caches' failed: 系统找不到指定的路径。
 (current dir: F:/天命之子/client)
Failed to create GICache directory at the default location: C:/Users/Administrator/AppData/LocalLow/Unity/Caches/GiCache.
CreateDirectory 'C:/Users/Administrator/AppData/LocalLow/Unity/Caches' failed: 系统找不到指定的路径。
 (current dir: F:/天命之子/client)
Failed to create GICache directory at the default location: C:/Users/Administrator/AppData/LocalLow/Unity/Caches/GiCache.
CreateDirectory 'C:/Users/Administrator/AppData/LocalLow/Unity/Caches' failed: 系统找不到指定的路径。
 (current dir: F:/天命之子/client)
Failed to create GICache directory at the default location: C:/Users/Administrator/AppData/LocalLow/Unity/Caches/GiCache.
CreateDirectory 'C:/Users/Administrator/AppData/LocalLow/Unity/Caches' failed: 系统找不到指定的路径。
 (current dir: F:/天命之子/client)
Failed to create GICache directory at the default location: C:/Users/Administrator/AppData/LocalLow/Unity/Caches/GiCache.
CreateDirectory 'C:/Users/Administrator/AppData/LocalLow/Unity/Caches' failed: 系统找不到指定的路径。
 (current dir: F:/天命之子/client)
Failed to create GICache directory at the default location: C:/Users/Administrator/AppData/LocalLow/Unity/Caches/GiCache.
CreateDirectory 'C:/Users/Administrator/AppData/LocalLow/Unity/Caches' failed: 系统找不到指定的路径。
 (current dir: F:/天命之子/client)
Failed to create GICache directory at the default location: C:/Users/Administrator/AppData/LocalLow/Unity/Caches/GiCache.
CreateDirectory 'C:/Users/Administrator/AppData/LocalLow/Unity/Caches' failed: 系统找不到指定的路径。
 (current dir: F:/天命之子/client)
Failed to create GICache directory at the default location: C:/Users/Administrator/AppData/LocalLow/Unity/Caches/GiCache.
CreateDirectory 'C:/Users/Administrator/AppData/LocalLow/Unity/Caches' failed: 系统找不到指定的路径。
 (current dir: F:/天命之子/client)
Failed to create GICache directory at the default location: C:/Users/Administrator/AppData/LocalLow/Unity/Caches/GiCache.
CreateDirectory 'C:/Users/Administrator/AppData/LocalLow/Unity/Caches' failed: 系统找不到指定的路径。
 (current dir: F:/天命之子/client)
Failed to create GICache directory at the default location: C:/Users/Administrator/AppData/LocalLow/Unity/Caches/GiCache.
CreateDirectory 'C:/Users/Administrator/AppData/LocalLow/Unity/Caches' failed: 系统找不到指定的路径。
 (current dir: F:/天命之子/client)
Failed to create GICache directory at the default location: C:/Users/Administrator/AppData/LocalLow/Unity/Caches/GiCache.
CreateDirectory 'C:/Users/Administrator/AppData/LocalLow/Unity/Caches' failed: 系统找不到指定的路径。
 (current dir: F:/天命之子/client)
Failed to create GICache directory at the default location: C:/Users/Administrator/AppData/LocalLow/Unity/Caches/GiCache.
CreateDirectory 'C:/Users/Administrator/AppData/LocalLow/Unity/Caches' failed: 系统找不到指定的路径。
 (current dir: F:/天命之子/client)
Failed to create GICache directory at the default location: C:/Users/Administrator/AppData/LocalLow/Unity/Caches/GiCache.
CreateDirectory 'C:/Users/Administrator/AppData/LocalLow/Unity/Caches' failed: 系统找不到指定的路径。
 (current dir: F:/天命之子/client)
Failed to create GICache directory at the default location: C:/Users/Administrator/AppData/LocalLow/Unity/Caches/GiCache.
CreateDirectory 'C:/Users/Administrator/AppData/LocalLow/Unity/Caches' failed: 系统找不到指定的路径。
 (current dir: F:/天命之子/client)
Failed to create GICache directory at the default location: C:/Users/Administrator/AppData/LocalLow/Unity/Caches/GiCache.
CreateDirectory 'C:/Users/Administrator/AppData/LocalLow/Unity/Caches' failed: 系统找不到指定的路径。
 (current dir: F:/天命之子/client)
Failed to create GICache directory at the default location: C:/Users/Administrator/AppData/LocalLow/Unity/Caches/GiCache.
CreateDirectory 'C:/Users/Administrator/AppData/LocalLow/Unity/Caches' failed: 系统找不到指定的路径。
 (current dir: F:/天命之子/client)
Failed to create GICache directory at the default location: C:/Users/Administrator/AppData/LocalLow/Unity/Caches/GiCache.
CreateDirectory 'C:/Users/Administrator/AppData/LocalLow/Unity/Caches' failed: 系统找不到指定的路径。
 (current dir: F:/天命之子/client)
Failed to create GICache directory at the default location: C:/Users/Administrator/AppData/LocalLow/Unity/Caches/GiCache.
CreateDirectory 'C:/Users/Administrator/AppData/LocalLow/Unity/Caches' failed: 系统找不到指定的路径。
 (current dir: F:/天命之子/client)
Failed to create GICache directory at the default location: C:/Users/Administrator/AppData/LocalLow/Unity/Caches/GiCache.
CreateDirectory 'C:/Users/Administrator/AppData/LocalLow/Unity/Caches' failed: 系统找不到指定的路径。
 (current dir: F:/天命之子/client)
Failed to create GICache directory at the default location: C:/Users/Administrator/AppData/LocalLow/Unity/Caches/GiCache.
CreateDirectory 'C:/Users/Administrator/AppData/LocalLow/Unity/Caches' failed: 系统找不到指定的路径。
 (current dir: F:/天命之子/client)
Failed to create GICache directory at the default location: C:/Users/Administrator/AppData/LocalLow/Unity/Caches/GiCache.
CreateDirectory 'C:/Users/Administrator/AppData/LocalLow/Unity/Caches' failed: 系统找不到指定的路径。
 (current dir: F:/天命之子/client)
Failed to create GICache directory at the default location: C:/Users/Administrator/AppData/LocalLow/Unity/Caches/GiCache.
CreateDirectory 'C:/Users/Administrator/AppData/LocalLow/Unity/Caches' failed: 系统找不到指定的路径。
 (current dir: F:/天命之子/client)
Failed to create GICache directory at the default location: C:/Users/Administrator/AppData/LocalLow/Unity/Caches/GiCache.
CreateDirectory 'C:/Users/Administrator/AppData/LocalLow/Unity/Caches' failed: 系统找不到指定的路径。
 (current dir: F:/天命之子/client)
Failed to create GICache directory at the default location: C:/Users/Administrator/AppData/LocalLow/Unity/Caches/GiCache.
CreateDirectory 'C:/Users/Administrator/AppData/LocalLow/Unity/Caches' failed: 系统找不到指定的路径。
 (current dir: F:/天命之子/client)
Failed to create GICache directory at the default location: C:/Users/Administrator/AppData/LocalLow/Unity/Caches/GiCache.
CreateDirectory 'C:/Users/Administrator/AppData/LocalLow/Unity/Caches' failed: 系统找不到指定的路径。
 (current dir: F:/天命之子/client)
Failed to create GICache directory at the default location: C:/Users/Administrator/AppData/LocalLow/Unity/Caches/GiCache.
CreateDirectory 'C:/Users/Administrator/AppData/LocalLow/Unity/Caches' failed: 系统找不到指定的路径。
 (current dir: F:/天命之子/client)
Failed to create GICache directory at the default location: C:/Users/Administrator/AppData/LocalLow/Unity/Caches/GiCache.
CreateDirectory 'C:/Users/Administrator/AppData/LocalLow/Unity/Caches' failed: 系统找不到指定的路径。
 (current dir: F:/天命之子/client)
Failed to create GICache directory at the default location: C:/Users/Administrator/AppData/LocalLow/Unity/Caches/GiCache.
CreateDirectory 'C:/Users/Administrator/AppData/LocalLow/Unity/Caches' failed: 系统找不到指定的路径。
 (current dir: F:/天命之子/client)
Failed to create GICache directory at the default location: C:/Users/Administrator/AppData/LocalLow/Unity/Caches/GiCache.
CreateDirectory 'C:/Users/Administrator/AppData/LocalLow/Unity/Caches' failed: 系统找不到指定的路径。
 (current dir: F:/天命之子/client)
Failed to create GICache directory at the default location: C:/Users/Administrator/AppData/LocalLow/Unity/Caches/GiCache.
CreateDirectory 'C:/Users/Administrator/AppData/LocalLow/Unity/Caches' failed: 系统找不到指定的路径。
 (current dir: F:/天命之子/client)
Failed to create GICache directory at the default location: C:/Users/Administrator/AppData/LocalLow/Unity/Caches/GiCache.
CreateDirectory 'C:/Users/Administrator/AppData/LocalLow/Unity/Caches' failed: 系统找不到指定的路径。
 (current dir: F:/天命之子/client)
Failed to create GICache directory at the default location: C:/Users/Administrator/AppData/LocalLow/Unity/Caches/GiCache.
CreateDirectory 'C:/Users/Administrator/AppData/LocalLow/Unity/Caches' failed: 系统找不到指定的路径。
 (current dir: F:/天命之子/client)
Failed to create GICache directory at the default location: C:/Users/Administrator/AppData/LocalLow/Unity/Caches/GiCache.
CreateDirectory 'C:/Users/Administrator/AppData/LocalLow/Unity/Caches' failed: 系统找不到指定的路径。
 (current dir: F:/天命之子/client)
Failed to create GICache directory at the default location: C:/Users/Administrator/AppData/LocalLow/Unity/Caches/GiCache.
CreateDirectory 'C:/Users/Administrator/AppData/LocalLow/Unity/Caches' failed: 系统找不到指定的路径。
 (current dir: F:/天命之子/client)
Failed to create GICache directory at the default location: C:/Users/Administrator/AppData/LocalLow/Unity/Caches/GiCache.
CreateDirectory 'C:/Users/Administrator/AppData/LocalLow/Unity/Caches' failed: 系统找不到指定的路径。
 (current dir: F:/天命之子/client)
Failed to create GICache directory at the default location: C:/Users/Administrator/AppData/LocalLow/Unity/Caches/GiCache.
CreateDirectory 'C:/Users/Administrator/AppData/LocalLow/Unity/Caches' failed: 系统找不到指定的路径。
 (current dir: F:/天命之子/client)
Failed to create GICache directory at the default location: C:/Users/Administrator/AppData/LocalLow/Unity/Caches/GiCache.
CreateDirectory 'C:/Users/Administrator/AppData/LocalLow/Unity/Caches' failed: 系统找不到指定的路径。
 (current dir: F:/天命之子/client)
Failed to create GICache directory at the default location: C:/Users/Administrator/AppData/LocalLow/Unity/Caches/GiCache.
CreateDirectory 'C:/Users/Administrator/AppData/LocalLow/Unity/Caches' failed: 系统找不到指定的路径。
 (current dir: F:/天命之子/client)
Failed to create GICache directory at the default location: C:/Users/Administrator/AppData/LocalLow/Unity/Caches/GiCache.
CreateDirectory 'C:/Users/Administrator/AppData/LocalLow/Unity/Caches' failed: 系统找不到指定的路径。
 (current dir: F:/天命之子/client)
Failed to create GICache directory at the default location: C:/Users/Administrator/AppData/LocalLow/Unity/Caches/GiCache.
CreateDirectory 'C:/Users/Administrator/AppData/LocalLow/Unity/Caches' failed: 系统找不到指定的路径。
 (current dir: F:/天命之子/client)
Failed to create GICache directory at the default location: C:/Users/Administrator/AppData/LocalLow/Unity/Caches/GiCache.
CreateDirectory 'C:/Users/Administrator/AppData/LocalLow/Unity/Caches' failed: 系统找不到指定的路径。
 (current dir: F:/天命之子/client)
Failed to create GICache directory at the default location: C:/Users/Administrator/AppData/LocalLow/Unity/Caches/GiCache.
CreateDirectory 'C:/Users/Administrator/AppData/LocalLow/Unity/Caches' failed: 系统找不到指定的路径。
 (current dir: F:/天命之子/client)
Failed to create GICache directory at the default location: C:/Users/Administrator/AppData/LocalLow/Unity/Caches/GiCache.
CreateDirectory 'C:/Users/Administrator/AppData/LocalLow/Unity/Caches' failed: 系统找不到指定的路径。
 (current dir: F:/天命之子/client)
Failed to create GICache directory at the default location: C:/Users/Administrator/AppData/LocalLow/Unity/Caches/GiCache.
CreateDirectory 'C:/Users/Administrator/AppData/LocalLow/Unity/Caches' failed: 系统找不到指定的路径。
 (current dir: F:/天命之子/client)
Failed to create GICache directory at the default location: C:/Users/Administrator/AppData/LocalLow/Unity/Caches/GiCache.
CreateDirectory 'C:/Users/Administrator/AppData/LocalLow/Unity/Caches' failed: 系统找不到指定的路径。
 (current dir: F:/天命之子/client)
Failed to create GICache directory at the default location: C:/Users/Administrator/AppData/LocalLow/Unity/Caches/GiCache.
CreateDirectory 'C:/Users/Administrator/AppData/LocalLow/Unity/Caches' failed: 系统找不到指定的路径。
 (current dir: F:/天命之子/client)
Failed to create GICache directory at the default location: C:/Users/Administrator/AppData/LocalLow/Unity/Caches/GiCache.
CreateDirectory 'C:/Users/Administrator/AppData/LocalLow/Unity/Caches' failed: 系统找不到指定的路径。
 (current dir: F:/天命之子/client)
Failed to create GICache directory at the default location: C:/Users/Administrator/AppData/LocalLow/Unity/Caches/GiCache.
CreateDirectory 'C:/Users/Administrator/AppData/LocalLow/Unity/Caches' failed: 系统找不到指定的路径。
 (current dir: F:/天命之子/client)
Failed to create GICache directory at the default location: C:/Users/Administrator/AppData/LocalLow/Unity/Caches/GiCache.
CreateDirectory 'C:/Users/Administrator/AppData/LocalLow/Unity/Caches' failed: 系统找不到指定的路径。
 (current dir: F:/天命之子/client)
Failed to create GICache directory at the default location: C:/Users/Administrator/AppData/LocalLow/Unity/Caches/GiCache.
CreateDirectory 'C:/Users/Administrator/AppData/LocalLow/Unity/Caches' failed: 系统找不到指定的路径。
 (current dir: F:/天命之子/client)
Failed to create GICache directory at the default location: C:/Users/Administrator/AppData/LocalLow/Unity/Caches/GiCache.
CreateDirectory 'C:/Users/Administrator/AppData/LocalLow/Unity/Caches' failed: 系统找不到指定的路径。
 (current dir: F:/天命之子/client)
Failed to create GICache directory at the default location: C:/Users/Administrator/AppData/LocalLow/Unity/Caches/GiCache.
CreateDirectory 'C:/Users/Administrator/AppData/LocalLow/Unity/Caches' failed: 系统找不到指定的路径。
 (current dir: F:/天命之子/client)
Failed to create GICache directory at the default location: C:/Users/Administrator/AppData/LocalLow/Unity/Caches/GiCache.
CreateDirectory 'C:/Users/Administrator/AppData/LocalLow/Unity/Caches' failed: 系统找不到指定的路径。
 (current dir: F:/天命之子/client)
Failed to create GICache directory at the default location: C:/Users/Administrator/AppData/LocalLow/Unity/Caches/GiCache.
CreateDirectory 'C:/Users/Administrator/AppData/LocalLow/Unity/Caches' failed: 系统找不到指定的路径。
 (current dir: F:/天命之子/client)
Failed to create GICache directory at the default location: C:/Users/Administrator/AppData/LocalLow/Unity/Caches/GiCache.
CreateDirectory 'C:/Users/Administrator/AppData/LocalLow/Unity/Caches' failed: 系统找不到指定的路径。
 (current dir: F:/天命之子/client)
Failed to create GICache directory at the default location: C:/Users/Administrator/AppData/LocalLow/Unity/Caches/GiCache.
CreateDirectory 'C:/Users/Administrator/AppData/LocalLow/Unity/Caches' failed: 系统找不到指定的路径。
 (current dir: F:/天命之子/client)
Failed to create GICache directory at the default location: C:/Users/Administrator/AppData/LocalLow/Unity/Caches/GiCache.
CreateDirectory 'C:/Users/Administrator/AppData/LocalLow/Unity/Caches' failed: 系统找不到指定的路径。
 (current dir: F:/天命之子/client)
Failed to create GICache directory at the default location: C:/Users/Administrator/AppData/LocalLow/Unity/Caches/GiCache.
CreateDirectory 'C:/Users/Administrator/AppData/LocalLow/Unity/Caches' failed: 系统找不到指定的路径。
 (current dir: F:/天命之子/client)
Failed to create GICache directory at the default location: C:/Users/Administrator/AppData/LocalLow/Unity/Caches/GiCache.
CreateDirectory 'C:/Users/Administrator/AppData/LocalLow/Unity/Caches' failed: 系统找不到指定的路径。
 (current dir: F:/天命之子/client)
Failed to create GICache directory at the default location: C:/Users/Administrator/AppData/LocalLow/Unity/Caches/GiCache.
CreateDirectory 'C:/Users/Administrator/AppData/LocalLow/Unity/Caches' failed: 系统找不到指定的路径。
 (current dir: F:/天命之子/client)
Failed to create GICache directory at the default location: C:/Users/Administrator/AppData/LocalLow/Unity/Caches/GiCache.
CreateDirectory 'C:/Users/Administrator/AppData/LocalLow/Unity/Caches' failed: 系统找不到指定的路径。
 (current dir: F:/天命之子/client)
Failed to create GICache directory at the default location: C:/Users/Administrator/AppData/LocalLow/Unity/Caches/GiCache.
CreateDirectory 'C:/Users/Administrator/AppData/LocalLow/Unity/Caches' failed: 系统找不到指定的路径。
 (current dir: F:/天命之子/client)
Failed to create GICache directory at the default location: C:/Users/Administrator/AppData/LocalLow/Unity/Caches/GiCache.
CreateDirectory 'C:/Users/Administrator/AppData/LocalLow/Unity/Caches' failed: 系统找不到指定的路径。
 (current dir: F:/天命之子/client)
Failed to create GICache directory at the default location: C:/Users/Administrator/AppData/LocalLow/Unity/Caches/GiCache.
CreateDirectory 'C:/Users/Administrator/AppData/LocalLow/Unity/Caches' failed: 系统找不到指定的路径。
 (current dir: F:/天命之子/client)
Failed to create GICache directory at the default location: C:/Users/Administrator/AppData/LocalLow/Unity/Caches/GiCache.
CreateDirectory 'C:/Users/Administrator/AppData/LocalLow/Unity/Caches' failed: 系统找不到指定的路径。
 (current dir: F:/天命之子/client)
Failed to create GICache directory at the default location: C:/Users/Administrator/AppData/LocalLow/Unity/Caches/GiCache.
CreateDirectory 'C:/Users/Administrator/AppData/LocalLow/Unity/Caches' failed: 系统找不到指定的路径。
 (current dir: F:/天命之子/client)
Failed to create GICache directory at the default location: C:/Users/Administrator/AppData/LocalLow/Unity/Caches/GiCache.
CreateDirectory 'C:/Users/Administrator/AppData/LocalLow/Unity/Caches' failed: 系统找不到指定的路径。
 (current dir: F:/天命之子/client)
Failed to create GICache directory at the default location: C:/Users/Administrator/AppData/LocalLow/Unity/Caches/GiCache.
CreateDirectory 'C:/Users/Administrator/AppData/LocalLow/Unity/Caches' failed: 系统找不到指定的路径。
 (current dir: F:/天命之子/client)
Failed to create GICache directory at the default location: C:/Users/Administrator/AppData/LocalLow/Unity/Caches/GiCache.
CreateDirectory 'C:/Users/Administrator/AppData/LocalLow/Unity/Caches' failed: 系统找不到指定的路径。
 (current dir: F:/天命之子/client)
Failed to create GICache directory at the default location: C:/Users/Administrator/AppData/LocalLow/Unity/Caches/GiCache.
CreateDirectory 'C:/Users/Administrator/AppData/LocalLow/Unity/Caches' failed: 系统找不到指定的路径。
 (current dir: F:/天命之子/client)
Failed to create GICache directory at the default location: C:/Users/Administrator/AppData/LocalLow/Unity/Caches/GiCache.
CreateDirectory 'C:/Users/Administrator/AppData/LocalLow/Unity/Caches' failed: 系统找不到指定的路径。
 (current dir: F:/天命之子/client)
Failed to create GICache directory at the default location: C:/Users/Administrator/AppData/LocalLow/Unity/Caches/GiCache.
CreateDirectory 'C:/Users/Administrator/AppData/LocalLow/Unity/Caches' failed: 系统找不到指定的路径。
 (current dir: F:/天命之子/client)
Failed to create GICache directory at the default location: C:/Users/Administrator/AppData/LocalLow/Unity/Caches/GiCache.
CreateDirectory 'C:/Users/Administrator/AppData/LocalLow/Unity/Caches' failed: 系统找不到指定的路径。
 (current dir: F:/天命之子/client)
Failed to create GICache directory at the default location: C:/Users/Administrator/AppData/LocalLow/Unity/Caches/GiCache.
CreateDirectory 'C:/Users/Administrator/AppData/LocalLow/Unity/Caches' failed: 系统找不到指定的路径。
 (current dir: F:/天命之子/client)
Failed to create GICache directory at the default location: C:/Users/Administrator/AppData/LocalLow/Unity/Caches/GiCache.
CreateDirectory 'C:/Users/Administrator/AppData/LocalLow/Unity/Caches' failed: 系统找不到指定的路径。
 (current dir: F:/天命之子/client)
Failed to create GICache directory at the default location: C:/Users/Administrator/AppData/LocalLow/Unity/Caches/GiCache.
CreateDirectory 'C:/Users/Administrator/AppData/LocalLow/Unity/Caches' failed: 系统找不到指定的路径。
 (current dir: F:/天命之子/client)
Failed to create GICache directory at the default location: C:/Users/Administrator/AppData/LocalLow/Unity/Caches/GiCache.
CreateDirectory 'C:/Users/Administrator/AppData/LocalLow/Unity/Caches' failed: 系统找不到指定的路径。
 (current dir: F:/天命之子/client)
Failed to create GICache directory at the default location: C:/Users/Administrator/AppData/LocalLow/Unity/Caches/GiCache.
CreateDirectory 'C:/Users/Administrator/AppData/LocalLow/Unity/Caches' failed: 系统找不到指定的路径。
 (current dir: F:/天命之子/client)
Failed to create GICache directory at the default location: C:/Users/Administrator/AppData/LocalLow/Unity/Caches/GiCache.
CreateDirectory 'C:/Users/Administrator/AppData/LocalLow/Unity/Caches' failed: 系统找不到指定的路径。
 (current dir: F:/天命之子/client)
Failed to create GICache directory at the default location: C:/Users/Administrator/AppData/LocalLow/Unity/Caches/GiCache.
CreateDirectory 'C:/Users/Administrator/AppData/LocalLow/Unity/Caches' failed: 系统找不到指定的路径。
 (current dir: F:/天命之子/client)
Failed to create GICache directory at the default location: C:/Users/Administrator/AppData/LocalLow/Unity/Caches/GiCache.
CreateDirectory 'C:/Users/Administrator/AppData/LocalLow/Unity/Caches' failed: 系统找不到指定的路径。
 (current dir: F:/天命之子/client)
Failed to create GICache directory at the default location: C:/Users/Administrator/AppData/LocalLow/Unity/Caches/GiCache.
CreateDirectory 'C:/Users/Administrator/AppData/LocalLow/Unity/Caches' failed: 系统找不到指定的路径。
 (current dir: F:/天命之子/client)
Failed to create GICache directory at the default location: C:/Users/Administrator/AppData/LocalLow/Unity/Caches/GiCache.
CreateDirectory 'C:/Users/Administrator/AppData/LocalLow/Unity/Caches' failed: 系统找不到指定的路径。
 (current dir: F:/天命之子/client)
Failed to create GICache directory at the default location: C:/Users/Administrator/AppData/LocalLow/Unity/Caches/GiCache.
CreateDirectory 'C:/Users/Administrator/AppData/LocalLow/Unity/Caches' failed: 系统找不到指定的路径。
 (current dir: F:/天命之子/client)
Failed to create GICache directory at the default location: C:/Users/Administrator/AppData/LocalLow/Unity/Caches/GiCache.
CreateDirectory 'C:/Users/Administrator/AppData/LocalLow/Unity/Caches' failed: 系统找不到指定的路径。
 (current dir: F:/天命之子/client)
Failed to create GICache directory at the default location: C:/Users/Administrator/AppData/LocalLow/Unity/Caches/GiCache.
CreateDirectory 'C:/Users/Administrator/AppData/LocalLow/Unity/Caches' failed: 系统找不到指定的路径。
 (current dir: F:/天命之子/client)
Failed to create GICache directory at the default location: C:/Users/Administrator/AppData/LocalLow/Unity/Caches/GiCache.
CreateDirectory 'C:/Users/Administrator/AppData/LocalLow/Unity/Caches' failed: 系统找不到指定的路径。
 (current dir: F:/天命之子/client)
Failed to create GICache directory at the default location: C:/Users/Administrator/AppData/LocalLow/Unity/Caches/GiCache.
CreateDirectory 'C:/Users/Administrator/AppData/LocalLow/Unity/Caches' failed: 系统找不到指定的路径。
 (current dir: F:/天命之子/client)
Failed to create GICache directory at the default location: C:/Users/Administrator/AppData/LocalLow/Unity/Caches/GiCache.
CreateDirectory 'C:/Users/Administrator/AppData/LocalLow/Unity/Caches' failed: 系统找不到指定的路径。
 (current dir: F:/天命之子/client)
Failed to create GICache directory at the default location: C:/Users/Administrator/AppData/LocalLow/Unity/Caches/GiCache.
CreateDirectory 'C:/Users/Administrator/AppData/LocalLow/Unity/Caches' failed: 系统找不到指定的路径。
 (current dir: F:/天命之子/client)
Failed to create GICache directory at the default location: C:/Users/Administrator/AppData/LocalLow/Unity/Caches/GiCache.
CreateDirectory 'C:/Users/Administrator/AppData/LocalLow/Unity/Caches' failed: 系统找不到指定的路径。
 (current dir: F:/天命之子/client)
Failed to create GICache directory at the default location: C:/Users/Administrator/AppData/LocalLow/Unity/Caches/GiCache.
CreateDirectory 'C:/Users/Administrator/AppData/LocalLow/Unity/Caches' failed: 系统找不到指定的路径。
 (current dir: F:/天命之子/client)
Failed to create GICache directory at the default location: C:/Users/Administrator/AppData/LocalLow/Unity/Caches/GiCache.
CreateDirectory 'C:/Users/Administrator/AppData/LocalLow/Unity/Caches' failed: 系统找不到指定的路径。
 (current dir: F:/天命之子/client)
Failed to create GICache directory at the default location: C:/Users/Administrator/AppData/LocalLow/Unity/Caches/GiCache.
CreateDirectory 'C:/Users/Administrator/AppData/LocalLow/Unity/Caches' failed: 系统找不到指定的路径。
 (current dir: F:/天命之子/client)
Failed to create GICache directory at the default location: C:/Users/Administrator/AppData/LocalLow/Unity/Caches/GiCache.
CreateDirectory 'C:/Users/Administrator/AppData/LocalLow/Unity/Caches' failed: 系统找不到指定的路径。
 (current dir: F:/天命之子/client)
Failed to create GICache directory at the default location: C:/Users/Administrator/AppData/LocalLow/Unity/Caches/GiCache.
CreateDirectory 'C:/Users/Administrator/AppData/LocalLow/Unity/Caches' failed: 系统找不到指定的路径。
 (current dir: F:/天命之子/client)
Failed to create GICache directory at the default location: C:/Users/Administrator/AppData/LocalLow/Unity/Caches/GiCache.
CreateDirectory 'C:/Users/Administrator/AppData/LocalLow/Unity/Caches' failed: 系统找不到指定的路径。
 (current dir: F:/天命之子/client)
Failed to create GICache directory at the default location: C:/Users/Administrator/AppData/LocalLow/Unity/Caches/GiCache.
CreateDirectory 'C:/Users/Administrator/AppData/LocalLow/Unity/Caches' failed: 系统找不到指定的路径。
 (current dir: F:/天命之子/client)
Failed to create GICache directory at the default location: C:/Users/Administrator/AppData/LocalLow/Unity/Caches/GiCache.
CreateDirectory 'C:/Users/Administrator/AppData/LocalLow/Unity/Caches' failed: 系统找不到指定的路径。
 (current dir: F:/天命之子/client)
Failed to create GICache directory at the default location: C:/Users/Administrator/AppData/LocalLow/Unity/Caches/GiCache.
CreateDirectory 'C:/Users/Administrator/AppData/LocalLow/Unity/Caches' failed: 系统找不到指定的路径。
 (current dir: F:/天命之子/client)
Failed to create GICache directory at the default location: C:/Users/Administrator/AppData/LocalLow/Unity/Caches/GiCache.
CreateDirectory 'C:/Users/Administrator/AppData/LocalLow/Unity/Caches' failed: 系统找不到指定的路径。
 (current dir: F:/天命之子/client)
Failed to create GICache directory at the default location: C:/Users/Administrator/AppData/LocalLow/Unity/Caches/GiCache.
CreateDirectory 'C:/Users/Administrator/AppData/LocalLow/Unity/Caches' failed: 系统找不到指定的路径。
 (current dir: F:/天命之子/client)
Failed to create GICache directory at the default location: C:/Users/Administrator/AppData/LocalLow/Unity/Caches/GiCache.
CreateDirectory 'C:/Users/Administrator/AppData/LocalLow/Unity/Caches' failed: 系统找不到指定的路径。
 (current dir: F:/天命之子/client)
Failed to create GICache directory at the default location: C:/Users/Administrator/AppData/LocalLow/Unity/Caches/GiCache.
CreateDirectory 'C:/Users/Administrator/AppData/LocalLow/Unity/Caches' failed: 系统找不到指定的路径。
 (current dir: F:/天命之子/client)
Failed to create GICache directory at the default location: C:/Users/Administrator/AppData/LocalLow/Unity/Caches/GiCache.
CreateDirectory 'C:/Users/Administrator/AppData/LocalLow/Unity/Caches' failed: 系统找不到指定的路径。
 (current dir: F:/天命之子/client)
Failed to create GICache directory at the default location: C:/Users/Administrator/AppData/LocalLow/Unity/Caches/GiCache.
CreateDirectory 'C:/Users/Administrator/AppData/LocalLow/Unity/Caches' failed: 系统找不到指定的路径。
 (current dir: F:/天命之子/client)
Failed to create GICache directory at the default location: C:/Users/Administrator/AppData/LocalLow/Unity/Caches/GiCache.
CreateDirectory 'C:/Users/Administrator/AppData/LocalLow/Unity/Caches' failed: 系统找不到指定的路径。
 (current dir: F:/天命之子/client)
Failed to create GICache directory at the default location: C:/Users/Administrator/AppData/LocalLow/Unity/Caches/GiCache.
CreateDirectory 'C:/Users/Administrator/AppData/LocalLow/Unity/Caches' failed: 系统找不到指定的路径。
 (current dir: F:/天命之子/client)
Failed to create GICache directory at the default location: C:/Users/Administrator/AppData/LocalLow/Unity/Caches/GiCache.
CreateDirectory 'C:/Users/Administrator/AppData/LocalLow/Unity/Caches' failed: 系统找不到指定的路径。
 (current dir: F:/天命之子/client)
Failed to create GICache directory at the default location: C:/Users/Administrator/AppData/LocalLow/Unity/Caches/GiCache.
CreateDirectory 'C:/Users/Administrator/AppData/LocalLow/Unity/Caches' failed: 系统找不到指定的路径。
 (current dir: F:/天命之子/client)
Failed to create GICache directory at the default location: C:/Users/Administrator/AppData/LocalLow/Unity/Caches/GiCache.
CreateDirectory 'C:/Users/Administrator/AppData/LocalLow/Unity/Caches' failed: 系统找不到指定的路径。
 (current dir: F:/天命之子/client)
Failed to create GICache directory at the default location: C:/Users/Administrator/AppData/LocalLow/Unity/Caches/GiCache.
CreateDirectory 'C:/Users/Administrator/AppData/LocalLow/Unity/Caches' failed: 系统找不到指定的路径。
 (current dir: F:/天命之子/client)
Failed to create GICache directory at the default location: C:/Users/Administrator/AppData/LocalLow/Unity/Caches/GiCache.
CreateDirectory 'C:/Users/Administrator/AppData/LocalLow/Unity/Caches' failed: 系统找不到指定的路径。
 (current dir: F:/天命之子/client)
Failed to create GICache directory at the default location: C:/Users/Administrator/AppData/LocalLow/Unity/Caches/GiCache.
CreateDirectory 'C:/Users/Administrator/AppData/LocalLow/Unity/Caches' failed: 系统找不到指定的路径。
 (current dir: F:/天命之子/client)
Failed to create GICache directory at the default location: C:/Users/Administrator/AppData/LocalLow/Unity/Caches/GiCache.
CreateDirectory 'C:/Users/Administrator/AppData/LocalLow/Unity/Caches' failed: 系统找不到指定的路径。
 (current dir: F:/天命之子/client)
Failed to create GICache directory at the default location: C:/Users/Administrator/AppData/LocalLow/Unity/Caches/GiCache.
CreateDirectory 'C:/Users/Administrator/AppData/LocalLow/Unity/Caches' failed: 系统找不到指定的路径。
 (current dir: F:/天命之子/client)
Failed to create GICache directory at the default location: C:/Users/Administrator/AppData/LocalLow/Unity/Caches/GiCache.
CreateDirectory 'C:/Users/Administrator/AppData/LocalLow/Unity/Caches' failed: 系统找不到指定的路径。
 (current dir: F:/天命之子/client)
Failed to create GICache directory at the default location: C:/Users/Administrator/AppData/LocalLow/Unity/Caches/GiCache.
CreateDirectory 'C:/Users/Administrator/AppData/LocalLow/Unity/Caches' failed: 系统找不到指定的路径。
 (current dir: F:/天命之子/client)
Failed to create GICache directory at the default location: C:/Users/Administrator/AppData/LocalLow/Unity/Caches/GiCache.
CreateDirectory 'C:/Users/Administrator/AppData/LocalLow/Unity/Caches' failed: 系统找不到指定的路径。
 (current dir: F:/天命之子/client)
Failed to create GICache directory at the default location: C:/Users/Administrator/AppData/LocalLow/Unity/Caches/GiCache.
CreateDirectory 'C:/Users/Administrator/AppData/LocalLow/Unity/Caches' failed: 系统找不到指定的路径。
 (current dir: F:/天命之子/client)
Failed to create GICache directory at the default location: C:/Users/Administrator/AppData/LocalLow/Unity/Caches/GiCache.
CreateDirectory 'C:/Users/Administrator/AppData/LocalLow/Unity/Caches' failed: 系统找不到指定的路径。
 (current dir: F:/天命之子/client)
Failed to create GICache directory at the default location: C:/Users/Administrator/AppData/LocalLow/Unity/Caches/GiCache.
CreateDirectory 'C:/Users/Administrator/AppData/LocalLow/Unity/Caches' failed: 系统找不到指定的路径。
 (current dir: F:/天命之子/client)
Failed to create GICache directory at the default location: C:/Users/Administrator/AppData/LocalLow/Unity/Caches/GiCache.
CreateDirectory 'C:/Users/Administrator/AppData/LocalLow/Unity/Caches' failed: 系统找不到指定的路径。
 (current dir: F:/天命之子/client)
Failed to create GICache directory at the default location: C:/Users/Administrator/AppData/LocalLow/Unity/Caches/GiCache.
CreateDirectory 'C:/Users/Administrator/AppData/LocalLow/Unity/Caches' failed: 系统找不到指定的路径。
 (current dir: F:/天命之子/client)
Failed to create GICache directory at the default location: C:/Users/Administrator/AppData/LocalLow/Unity/Caches/GiCache.
CreateDirectory 'C:/Users/Administrator/AppData/LocalLow/Unity/Caches' failed: 系统找不到指定的路径。
 (current dir: F:/天命之子/client)
Failed to create GICache directory at the default location: C:/Users/Administrator/AppData/LocalLow/Unity/Caches/GiCache.
CreateDirectory 'C:/Users/Administrator/AppData/LocalLow/Unity/Caches' failed: 系统找不到指定的路径。
 (current dir: F:/天命之子/client)
Failed to create GICache directory at the default location: C:/Users/Administrator/AppData/LocalLow/Unity/Caches/GiCache.
CreateDirectory 'C:/Users/Administrator/AppData/LocalLow/Unity/Caches' failed: 系统找不到指定的路径。
 (current dir: F:/天命之子/client)
Failed to create GICache directory at the default location: C:/Users/Administrator/AppData/LocalLow/Unity/Caches/GiCache.
CreateDirectory 'C:/Users/Administrator/AppData/LocalLow/Unity/Caches' failed: 系统找不到指定的路径。
 (current dir: F:/天命之子/client)
Failed to create GICache directory at the default location: C:/Users/Administrator/AppData/LocalLow/Unity/Caches/GiCache.
CreateDirectory 'C:/Users/Administrator/AppData/LocalLow/Unity/Caches' failed: 系统找不到指定的路径。
 (current dir: F:/天命之子/client)
Failed to create GICache directory at the default location: C:/Users/Administrator/AppData/LocalLow/Unity/Caches/GiCache.
CreateDirectory 'C:/Users/Administrator/AppData/LocalLow/Unity/Caches' failed: 系统找不到指定的路径。
 (current dir: F:/天命之子/client)
Failed to create GICache directory at the default location: C:/Users/Administrator/AppData/LocalLow/Unity/Caches/GiCache.
CreateDirectory 'C:/Users/Administrator/AppData/LocalLow/Unity/Caches' failed: 系统找不到指定的路径。
 (current dir: F:/天命之子/client)
Failed to create GICache directory at the default location: C:/Users/Administrator/AppData/LocalLow/Unity/Caches/GiCache.
CreateDirectory 'C:/Users/Administrator/AppData/LocalLow/Unity/Caches' failed: 系统找不到指定的路径。
 (current dir: F:/天命之子/client)
Failed to create GICache directory at the default location: C:/Users/Administrator/AppData/LocalLow/Unity/Caches/GiCache.
CreateDirectory 'C:/Users/Administrator/AppData/LocalLow/Unity/Caches' failed: 系统找不到指定的路径。
 (current dir: F:/天命之子/client)
Failed to create GICache directory at the default location: C:/Users/Administrator/AppData/LocalLow/Unity/Caches/GiCache.
CreateDirectory 'C:/Users/Administrator/AppData/LocalLow/Unity/Caches' failed: 系统找不到指定的路径。
 (current dir: F:/天命之子/client)
Failed to create GICache directory at the default location: C:/Users/Administrator/AppData/LocalLow/Unity/Caches/GiCache.
CreateDirectory 'C:/Users/Administrator/AppData/LocalLow/Unity/Caches' failed: 系统找不到指定的路径。
 (current dir: F:/天命之子/client)
Failed to create GICache directory at the default location: C:/Users/Administrator/AppData/LocalLow/Unity/Caches/GiCache.
CreateDirectory 'C:/Users/Administrator/AppData/LocalLow/Unity/Caches' failed: 系统找不到指定的路径。
 (current dir: F:/天命之子/client)
Failed to create GICache directory at the default location: C:/Users/Administrator/AppData/LocalLow/Unity/Caches/GiCache.
CreateDirectory 'C:/Users/Administrator/AppData/LocalLow/Unity/Caches' failed: 系统找不到指定的路径。
 (current dir: F:/天命之子/client)
Failed to create GICache directory at the default location: C:/Users/Administrator/AppData/LocalLow/Unity/Caches/GiCache.
CreateDirectory 'C:/Users/Administrator/AppData/LocalLow/Unity/Caches' failed: 系统找不到指定的路径。
 (current dir: F:/天命之子/client)
Failed to create GICache directory at the default location: C:/Users/Administrator/AppData/LocalLow/Unity/Caches/GiCache.
CreateDirectory 'C:/Users/Administrator/AppData/LocalLow/Unity/Caches' failed: 系统找不到指定的路径。
 (current dir: F:/天命之子/client)
Failed to create GICache directory at the default location: C:/Users/Administrator/AppData/LocalLow/Unity/Caches/GiCache.
CreateDirectory 'C:/Users/Administrator/AppData/LocalLow/Unity/Caches' failed: 系统找不到指定的路径。
 (current dir: F:/天命之子/client)
Failed to create GICache directory at the default location: C:/Users/Administrator/AppData/LocalLow/Unity/Caches/GiCache.
CreateDirectory 'C:/Users/Administrator/AppData/LocalLow/Unity/Caches' failed: 系统找不到指定的路径。
 (current dir: F:/天命之子/client)
Failed to create GICache directory at the default location: C:/Users/Administrator/AppData/LocalLow/Unity/Caches/GiCache.
CreateDirectory 'C:/Users/Administrator/AppData/LocalLow/Unity/Caches' failed: 系统找不到指定的路径。
 (current dir: F:/天命之子/client)
Failed to create GICache directory at the default location: C:/Users/Administrator/AppData/LocalLow/Unity/Caches/GiCache.
CreateDirectory 'C:/Users/Administrator/AppData/LocalLow/Unity/Caches' failed: 系统找不到指定的路径。
 (current dir: F:/天命之子/client)
Failed to create GICache directory at the default location: C:/Users/Administrator/AppData/LocalLow/Unity/Caches/GiCache.
CreateDirectory 'C:/Users/Administrator/AppData/LocalLow/Unity/Caches' failed: 系统找不到指定的路径。
 (current dir: F:/天命之子/client)
Failed to create GICache directory at the default location: C:/Users/Administrator/AppData/LocalLow/Unity/Caches/GiCache.
CreateDirectory 'C:/Users/Administrator/AppData/LocalLow/Unity/Caches' failed: 系统找不到指定的路径。
 (current dir: F:/天命之子/client)
Failed to create GICache directory at the default location: C:/Users/Administrator/AppData/LocalLow/Unity/Caches/GiCache.
CreateDirectory 'C:/Users/Administrator/AppData/LocalLow/Unity/Caches' failed: 系统找不到指定的路径。
 (current dir: F:/天命之子/client)
Failed to create GICache directory at the default location: C:/Users/Administrator/AppData/LocalLow/Unity/Caches/GiCache.
CreateDirectory 'C:/Users/Administrator/AppData/LocalLow/Unity/Caches' failed: 系统找不到指定的路径。
 (current dir: F:/天命之子/client)
Failed to create GICache directory at the default location: C:/Users/Administrator/AppData/LocalLow/Unity/Caches/GiCache.
CreateDirectory 'C:/Users/Administrator/AppData/LocalLow/Unity/Caches' failed: 系统找不到指定的路径。
 (current dir: F:/天命之子/client)
Failed to create GICache directory at the default location: C:/Users/Administrator/AppData/LocalLow/Unity/Caches/GiCache.
CreateDirectory 'C:/Users/Administrator/AppData/LocalLow/Unity/Caches' failed: 系统找不到指定的路径。
 (current dir: F:/天命之子/client)
Failed to create GICache directory at the default location: C:/Users/Administrator/AppData/LocalLow/Unity/Caches/GiCache.
CreateDirectory 'C:/Users/Administrator/AppData/LocalLow/Unity/Caches' failed: 系统找不到指定的路径。
 (current dir: F:/天命之子/client)
Failed to create GICache directory at the default location: C:/Users/Administrator/AppData/LocalLow/Unity/Caches/GiCache.
CreateDirectory 'C:/Users/Administrator/AppData/LocalLow/Unity/Caches' failed: 系统找不到指定的路径。
 (current dir: F:/天命之子/client)
Failed to create GICache directory at the default location: C:/Users/Administrator/AppData/LocalLow/Unity/Caches/GiCache.
CreateDirectory 'C:/Users/Administrator/AppData/LocalLow/Unity/Caches' failed: 系统找不到指定的路径。
 (current dir: F:/天命之子/client)
Failed to create GICache directory at the default location: C:/Users/Administrator/AppData/LocalLow/Unity/Caches/GiCache.
CreateDirectory 'C:/Users/Administrator/AppData/LocalLow/Unity/Caches' failed: 系统找不到指定的路径。
 (current dir: F:/天命之子/client)
Failed to create GICache directory at the default location: C:/Users/Administrator/AppData/LocalLow/Unity/Caches/GiCache.
CreateDirectory 'C:/Users/Administrator/AppData/LocalLow/Unity/Caches' failed: 系统找不到指定的路径。
 (current dir: F:/天命之子/client)
Failed to create GICache directory at the default location: C:/Users/Administrator/AppData/LocalLow/Unity/Caches/GiCache.
CreateDirectory 'C:/Users/Administrator/AppData/LocalLow/Unity/Caches' failed: 系统找不到指定的路径。
 (current dir: F:/天命之子/client)
Failed to create GICache directory at the default location: C:/Users/Administrator/AppData/LocalLow/Unity/Caches/GiCache.
CreateDirectory 'C:/Users/Administrator/AppData/LocalLow/Unity/Caches' failed: 系统找不到指定的路径。
 (current dir: F:/天命之子/client)
Failed to create GICache directory at the default location: C:/Users/Administrator/AppData/LocalLow/Unity/Caches/GiCache.
CreateDirectory 'C:/Users/Administrator/AppData/LocalLow/Unity/Caches' failed: 系统找不到指定的路径。
 (current dir: F:/天命之子/client)
Failed to create GICache directory at the default location: C:/Users/Administrator/AppData/LocalLow/Unity/Caches/GiCache.
CreateDirectory 'C:/Users/Administrator/AppData/LocalLow/Unity/Caches' failed: 系统找不到指定的路径。
 (current dir: F:/天命之子/client)
Failed to create GICache directory at the default location: C:/Users/Administrator/AppData/LocalLow/Unity/Caches/GiCache.
CreateDirectory 'C:/Users/Administrator/AppData/LocalLow/Unity/Caches' failed: 系统找不到指定的路径。
 (current dir: F:/天命之子/client)
Failed to create GICache directory at the default location: C:/Users/Administrator/AppData/LocalLow/Unity/Caches/GiCache.
CreateDirectory 'C:/Users/Administrator/AppData/LocalLow/Unity/Caches' failed: 系统找不到指定的路径。
 (current dir: F:/天命之子/client)
Failed to create GICache directory at the default location: C:/Users/Administrator/AppData/LocalLow/Unity/Caches/GiCache.
CreateDirectory 'C:/Users/Administrator/AppData/LocalLow/Unity/Caches' failed: 系统找不到指定的路径。
 (current dir: F:/天命之子/client)
Failed to create GICache directory at the default location: C:/Users/Administrator/AppData/LocalLow/Unity/Caches/GiCache.
CreateDirectory 'C:/Users/Administrator/AppData/LocalLow/Unity/Caches' failed: 系统找不到指定的路径。
 (current dir: F:/天命之子/client)
Failed to create GICache directory at the default location: C:/Users/Administrator/AppData/LocalLow/Unity/Caches/GiCache.
CreateDirectory 'C:/Users/Administrator/AppData/LocalLow/Unity/Caches' failed: 系统找不到指定的路径。
 (current dir: F:/天命之子/client)
Failed to create GICache directory at the default location: C:/Users/Administrator/AppData/LocalLow/Unity/Caches/GiCache.
CreateDirectory 'C:/Users/Administrator/AppData/LocalLow/Unity/Caches' failed: 系统找不到指定的路径。
 (current dir: F:/天命之子/client)
Failed to create GICache directory at the default location: C:/Users/Administrator/AppData/LocalLow/Unity/Caches/GiCache.
CreateDirectory 'C:/Users/Administrator/AppData/LocalLow/Unity/Caches' failed: 系统找不到指定的路径。
 (current dir: F:/天命之子/client)
Failed to create GICache directory at the default location: C:/Users/Administrator/AppData/LocalLow/Unity/Caches/GiCache.
CreateDirectory 'C:/Users/Administrator/AppData/LocalLow/Unity/Caches' failed: 系统找不到指定的路径。
 (current dir: F:/天命之子/client)
Failed to create GICache directory at the default location: C:/Users/Administrator/AppData/LocalLow/Unity/Caches/GiCache.
CreateDirectory 'C:/Users/Administrator/AppData/LocalLow/Unity/Caches' failed: 系统找不到指定的路径。
 (current dir: F:/天命之子/client)
Failed to create GICache directory at the default location: C:/Users/Administrator/AppData/LocalLow/Unity/Caches/GiCache.
CreateDirectory 'C:/Users/Administrator/AppData/LocalLow/Unity/Caches' failed: 系统找不到指定的路径。
 (current dir: F:/天命之子/client)
Failed to create GICache directory at the default location: C:/Users/Administrator/AppData/LocalLow/Unity/Caches/GiCache.
CreateDirectory 'C:/Users/Administrator/AppData/LocalLow/Unity/Caches' failed: 系统找不到指定的路径。
 (current dir: F:/天命之子/client)
Failed to create GICache directory at the default location: C:/Users/Administrator/AppData/LocalLow/Unity/Caches/GiCache.
CreateDirectory 'C:/Users/Administrator/AppData/LocalLow/Unity/Caches' failed: 系统找不到指定的路径。
 (current dir: F:/天命之子/client)
Failed to create GICache directory at the default location: C:/Users/Administrator/AppData/LocalLow/Unity/Caches/GiCache.
CreateDirectory 'C:/Users/Administrator/AppData/LocalLow/Unity/Caches' failed: 系统找不到指定的路径。
 (current dir: F:/天命之子/client)
Failed to create GICache directory at the default location: C:/Users/Administrator/AppData/LocalLow/Unity/Caches/GiCache.
CreateDirectory 'C:/Users/Administrator/AppData/LocalLow/Unity/Caches' failed: 系统找不到指定的路径。
 (current dir: F:/天命之子/client)
Failed to create GICache directory at the default location: C:/Users/Administrator/AppData/LocalLow/Unity/Caches/GiCache.
CreateDirectory 'C:/Users/Administrator/AppData/LocalLow/Unity/Caches' failed: 系统找不到指定的路径。
 (current dir: F:/天命之子/client)
Failed to create GICache directory at the default location: C:/Users/Administrator/AppData/LocalLow/Unity/Caches/GiCache.
CreateDirectory 'C:/Users/Administrator/AppData/LocalLow/Unity/Caches' failed: 系统找不到指定的路径。
 (current dir: F:/天命之子/client)
Failed to create GICache directory at the default location: C:/Users/Administrator/AppData/LocalLow/Unity/Caches/GiCache.
CreateDirectory 'C:/Users/Administrator/AppData/LocalLow/Unity/Caches' failed: 系统找不到指定的路径。
 (current dir: F:/天命之子/client)
Failed to create GICache directory at the default location: C:/Users/Administrator/AppData/LocalLow/Unity/Caches/GiCache.
CreateDirectory 'C:/Users/Administrator/AppData/LocalLow/Unity/Caches' failed: 系统找不到指定的路径。
 (current dir: F:/天命之子/client)
Failed to create GICache directory at the default location: C:/Users/Administrator/AppData/LocalLow/Unity/Caches/GiCache.
CreateDirectory 'C:/Users/Administrator/AppData/LocalLow/Unity/Caches' failed: 系统找不到指定的路径。
 (current dir: F:/天命之子/client)
Failed to create GICache directory at the default location: C:/Users/Administrator/AppData/LocalLow/Unity/Caches/GiCache.
CreateDirectory 'C:/Users/Administrator/AppData/LocalLow/Unity/Caches' failed: 系统找不到指定的路径。
 (current dir: F:/天命之子/client)
EMERALD_LOADED parts=4 vertices=11873 parameters=6
UnityEngine.Debug:ExtractStackTraceNoAlloc (byte*,int,string)
UnityEngine.StackTraceUtility:ExtractStackTrace ()
UnityEngine.DebugLogHandler:Internal_Log (UnityEngine.LogType,UnityEngine.LogOption,string,UnityEngine.Object)
UnityEngine.DebugLogHandler:LogFormat (UnityEngine.LogType,UnityEngine.Object,string,object[])
UnityEngine.Logger:Log (UnityEngine.LogType,object)
UnityEngine.Debug:Log (object)
EmeraldInochi.InochiStandee:Initialize () (at Assets/EmeraldInochi/InochiStandee.cs:94)
EmeraldInochi.InochiStandee:Attach (UnityEngine.Transform) (at Assets/EmeraldInochi/InochiStandee.cs:51)
Resonance.App.EmeraldLobby:TryAttach (UnityEngine.Transform,System.Collections.Generic.List`1<UnityEngine.GameObject>) (at Assets/Scripts/Resonance.App/UI/EmeraldLobby.cs:16)
Resonance.App.GameRoot:DrawHome () (at Assets/Scripts/Resonance.App/Core/GameRoot.cs:446)
Resonance.App.GameRoot:Show (Resonance.App.GameRoot/ScreenId) (at Assets/Scripts/Resonance.App/Core/GameRoot.cs:406)
Resonance.App.GameRoot:<ToggleBattlePause>b__67_0 () (at Assets/Scripts/Resonance.App/Core/GameRoot.cs:212)
Resonance.App.UiChrome/<>c__DisplayClass18_0:<Hit>b__0 () (at Assets/Scripts/Resonance.App/UI/UiChrome.cs:554)
UnityEngine.Events.InvokableCall:Invoke ()
UnityEngine.Events.UnityEvent:Invoke ()
UnityEngine.UI.Button:Press () (at ./Library/PackageCache/com.unity.ugui@27635d171b1a/Runtime/UGUI/UI/Core/Button.cs:71)
UnityEngine.UI.Button:OnPointerClick (UnityEngine.EventSystems.PointerEventData) (at ./Library/PackageCache/com.unity.ugui@27635d171b1a/Runtime/UGUI/UI/Core/Button.cs:115)
UnityEngine.EventSystems.ExecuteEvents:Execute (UnityEngine.EventSystems.IPointerClickHandler,UnityEngine.EventSystems.BaseEventData) (at ./Library/PackageCache/com.unity.ugui@27635d171b1a/Runtime/UGUI/EventSystem/ExecuteEvents.cs:57)
UnityEngine.EventSystems.ExecuteEvents:Execute<UnityEngine.EventSystems.IPointerClickHandler> (UnityEngine.GameObject,UnityEngine.EventSystems.BaseEventData,UnityEngine.EventSystems.ExecuteEvents/EventFunction`1<UnityEngine.EventSystems.IPointerClickHandler>) (at ./Library/PackageCache/com.unity.ugui@27635d171b1a/Runtime/UGUI/EventSystem/ExecuteEvents.cs:272)
Resonance.App.NaturalPlayRuntime/<PointerAt>d__80:MoveNext () (at Assets/Scripts/Resonance.App/Debug/NaturalPlayRuntime.cs:1367)
UnityEngine.SetupCoroutine:InvokeMoveNext (System.Collections.IEnumerator,intptr)

(Filename: Assets/EmeraldInochi/InochiStandee.cs Line: 94)

Failed to create GICache directory at the default location: C:/Users/Administrator/AppData/LocalLow/Unity/Caches/GiCache.
CreateDirectory 'C:/Users/Administrator/AppData/LocalLow/Unity/Caches' failed: 系统找不到指定的路径。
 (current dir: F:/天命之子/client)
Failed to create GICache directory at the default location: C:/Users/Administrator/AppData/LocalLow/Unity/Caches/GiCache.
CreateDirectory 'C:/Users/Administrator/AppData/LocalLow/Unity/Caches' failed: 系统找不到指定的路径。
 (current dir: F:/天命之子/client)
Failed to create GICache directory at the default location: C:/Users/Administrator/AppData/LocalLow/Unity/Caches/GiCache.
CreateDirectory 'C:/Users/Administrator/AppData/LocalLow/Unity/Caches' failed: 系统找不到指定的路径。
 (current dir: F:/天命之子/client)
Failed to create GICache directory at the default location: C:/Users/Administrator/AppData/LocalLow/Unity/Caches/GiCache.
CreateDirectory 'C:/Users/Administrator/AppData/LocalLow/Unity/Caches' failed: 系统找不到指定的路径。
 (current dir: F:/天命之子/client)
Failed to create GICache directory at the default location: C:/Users/Administrator/AppData/LocalLow/Unity/Caches/GiCache.
CreateDirectory 'C:/Users/Administrator/AppData/LocalLow/Unity/Caches' failed: 系统找不到指定的路径。
 (current dir: F:/天命之子/client)
Failed to create GICache directory at the default location: C:/Users/Administrator/AppData/LocalLow/Unity/Caches/GiCache.
CreateDirectory 'C:/Users/Administrator/AppData/LocalLow/Unity/Caches' failed: 系统找不到指定的路径。
 (current dir: F:/天命之子/client)
Failed to create GICache directory at the default location: C:/Users/Administrator/AppData/LocalLow/Unity/Caches/GiCache.
CreateDirectory 'C:/Users/Administrator/AppData/LocalLow/Unity/Caches' failed: 系统找不到指定的路径。
 (current dir: F:/天命之子/client)
Failed to create GICache directory at the default location: C:/Users/Administrator/AppData/LocalLow/Unity/Caches/GiCache.
CreateDirectory 'C:/Users/Administrator/AppData/LocalLow/Unity/Caches' failed: 系统找不到指定的路径。
 (current dir: F:/天命之子/client)
Failed to create GICache directory at the default location: C:/Users/Administrator/AppData/LocalLow/Unity/Caches/GiCache.
CreateDirectory 'C:/Users/Administrator/AppData/LocalLow/Unity/Caches' failed: 系统找不到指定的路径。
 (current dir: F:/天命之子/client)
Failed to create GICache directory at the default location: C:/Users/Administrator/AppData/LocalLow/Unity/Caches/GiCache.
CreateDirectory 'C:/Users/Administrator/AppData/LocalLow/Unity/Caches' failed: 系统找不到指定的路径。
 (current dir: F:/天命之子/client)
Failed to create GICache directory at the default location: C:/Users/Administrator/AppData/LocalLow/Unity/Caches/GiCache.
CreateDirectory 'C:/Users/Administrator/AppData/LocalLow/Unity/Caches' failed: 系统找不到指定的路径。
 (current dir: F:/天命之子/client)
Failed to create GICache directory at the default location: C:/Users/Administrator/AppData/LocalLow/Unity/Caches/GiCache.
CreateDirectory 'C:/Users/Administrator/AppData/LocalLow/Unity/Caches' failed: 系统找不到指定的路径。
 (current dir: F:/天命之子/client)
Failed to create GICache directory at the default location: C:/Users/Administrator/AppData/LocalLow/Unity/Caches/GiCache.
CreateDirectory 'C:/Users/Administrator/AppData/LocalLow/Unity/Caches' failed: 系统找不到指定的路径。
 (current dir: F:/天命之子/client)
[CAPTURE] Win32 IO returned 1224. Path: F:\天命之子\client\captures\np_11_home.png
UnityEngine.Debug:ExtractStackTraceNoAlloc (byte*,int,string)
UnityEngine.StackTraceUtility:ExtractStackTrace ()
UnityEngine.DebugLogHandler:Internal_Log (UnityEngine.LogType,UnityEngine.LogOption,string,UnityEngine.Object)
UnityEngine.DebugLogHandler:LogFormat (UnityEngine.LogType,UnityEngine.Object,string,object[])
UnityEngine.Logger:Log (UnityEngine.LogType,object)
UnityEngine.Debug:LogWarning (object)
Resonance.App.CaptureShots/<Shot>d__8:MoveNext () (at Assets/Scripts/Resonance.App/Debug/CaptureRuntime.cs:55)
UnityEngine.SetupCoroutine:InvokeMoveNext (System.Collections.IEnumerator,intptr)
UnityEditor.EditorGUIUtility:RenderPlayModeViewCamerasInternal (UnityEngine.RenderTexture,int,UnityEngine.Vector2,bool,bool)
UnityEditor.PlayModeView:RenderView (UnityEngine.Vector2,bool)
UnityEditor.GameView:OnGUI ()
UnityEditor.HostView:InvokeOnGUI (UnityEngine.Rect)
UnityEditor.DockArea:DrawView (UnityEngine.Rect)
UnityEditor.DockArea:OldOnGUI ()
UnityEngine.UIElements.IMGUIContainer:DoOnGUI (UnityEngine.Event,UnityEngine.Matrix4x4,UnityEngine.Rect,bool,UnityEngine.Rect,System.Action,bool)
UnityEngine.UIElements.IMGUIContainer:HandleIMGUIEvent (UnityEngine.Event,UnityEngine.Matrix4x4,UnityEngine.Rect,System.Action,bool)
UnityEngine.UIElements.IMGUIContainer:DoIMGUIRepaint ()
UnityEngine.UIElements.UIR.RenderChainCommand:ExecuteNonDrawMesh (UnityEngine.UIElements.UIR.DrawParams,single,System.Exception&)
UnityEngine.UIElements.UIR.UIRenderDevice:EvaluateChain (UnityEngine.UIElements.UIR.RenderChainCommand,UnityEngine.Material,UnityEngine.Texture,UnityEngine.Texture,System.Nullable`1<UnityEngine.Rect>,UnityEngine.Vector2,single,bool,UnityEngine.UIElements.TextureSlotCount,bool,System.Exception&)
UnityEngine.UIElements.UIR.RenderTreeManager:RenderSingleTree (UnityEngine.UIElements.UIR.RenderTree,UnityEngine.RenderTexture,UnityEngine.RectInt,UnityEngine.Rect)
UnityEngine.UIElements.UIR.RenderTreeManager:RenderRootTree ()
UnityEngine.UIElements.UIRRepaintUpdater:Render ()
UnityEngine.UIElements.BaseVisualElementPanel:Render ()
UnityEngine.UIElements.Panel:Render ()
UnityEngine.UIElements.UIElementsUtility:DoDispatch (UnityEngine.UIElements.BaseVisualElementPanel)
UnityEngine.UIElements.UIElementsUtility:UnityEngine.UIElements.IUIElementsUtility.ProcessEvent (int,intptr,bool&)
UnityEngine.UIElements.UIEventRegistration:ProcessEvent (int,intptr)
UnityEngine.UIElements.UIEventRegistration/<>c:<.cctor>b__1_2 (int,intptr)
UnityEngine.GUIUtility:ProcessEvent (int,intptr,bool&)

(Filename: Assets/Scripts/Resonance.App/Debug/CaptureRuntime.cs Line: 55)

Failed to create GICache directory at the default location: C:/Users/Administrator/AppData/LocalLow/Unity/Caches/GiCache.
CreateDirectory 'C:/Users/Administrator/AppData/LocalLow/Unity/Caches' failed: 系统找不到指定的路径。
 (current dir: F:/天命之子/client)
[NATURAL-PLAY]
PASS
historical_baseline=DC_RECON_KIT/m1/G2_REVIEW_20260913/artifacts/natural-play/run7
historical_verdict=FAIL BattlePlay missing=Tap,Slide
historical_note=run7 kept as FAIL; this session does not rewrite it to PASS
pointer=UnityEngine.EventSystem
os_touch=NOT_CLAIMED
provenance=DESIGN_PLACEHOLDER
schema=G2R14-NP-1
plan=np.basic.v1
session=np-20260916T050211
battle_ids=np-20260916T050211-001,np-20260916T050211-002
battle_1=np-20260916T050211-001 scenario=np.basic.v1 stage=NP-BASIC persisted=1 outcome=Victory digest=82e2a191679937cb4fa48392fe523caa71e82b82e00a730207a6dae51ca0ddc0 dir=F:\天命之子\client\captures\natural-play\battles\np-20260916T050211-001
battle_2=np-20260916T050211-002 scenario=np.basic.v1 stage=NP-BASIC persisted=1 outcome=InProgress digest=5c1d4bc8a4214b428175a49d8ccb24413766d315a527a0519617ca1b23db2335 dir=F:\天命之子\client\captures\natural-play\battles\np-20260916T050211-002
catalog=DESIGN_PLACEHOLDER G2R14-NP-1 mode=np.basic.v1+A53_SUB_STRIP_DOT_FLAME sub=A53_SUB_STRIP_DOT_FLAME fights=1 chargeSec=1.25 declaredAutoDriveGain=2 honorDeclared=True tickUnitFloor=Math.Max(14f,DriveGain) until integrator hunk roster=ok
captures=np_01_battle.png,np_06_pause.png,np_07_speed.png,np_03_slide.png,np_02_tap.png,np_09_result.png,np_10_rematch.png,np_11_home.png
screen=Home
title=CLEAR!!
drive=0 fever=False ever=False speed=2 auto=Manual outcome=InProgress wave=0

phase	expected	observed	frame	ms
VerificationCatalog	DESIGN_PLACEHOLDER before FIGHT	DESIGN_PLACEHOLDER G2R14-NP-1 mode=np.basic.v1+A53_SUB_STRIP_DOT_FLAME sub=A53_SUB_STRIP_DOT_FLAME fights=1 chargeSec=1.25 declaredAutoDriveGain=2 honorDeclared=True tickUnitFloor=Math.Max(14f,DriveGain) until integrator hunk roster=ok	1	0
HomeVisible	screen=Home	screen=Home	2	7029
TapToStage	tap 关卡	tapped GameRoot/Canvas/首页/关卡	3	7276
StageVisible	screen=Stage	screen=Stage	4	7740
TapStart	tap FIGHT	tapped GameRoot/Canvas/StageBoard/WavePreview/FIGHT	6	8845
BattleVisible	screen=Battle hud=p0	screen=Battle hud=p0 wave=0	16	8981
BattleId	unique battle_id + frozen BattleInitialHeader + RunHeader	id=np-20260916T050211-001 scenario=np.basic.v1 frozen=True header=seed=7022828;rules=g2-patha-2026-09-13;profile=JP_LEGACY_EMPIRICAL;auto=Manual;speed=1;forceNoCrit=0;stage=NP-BASIC;data=g2id1-c99b2d37d756087b199c7f5f9d7ecbd099de010140483cde37e8736584802cb9;party=C001,C007,C010,C003,C005	17	8991
TapPause	tap || PAUSE	tapped GameRoot/Canvas/|| PAUSE	19	9214
PauseVisible	PauseBoard + Paused	PauseBoard Paused=true	36	9340
Resume	tap CONTINUE	tapped GameRoot/Canvas/PauseBoard/CONTINUE	39	9470
Resume	no PauseBoard + !Paused	resumed	56	9594
SpeedToggle	tap >> X1 SPEED	tapped GameRoot/Canvas/>> X1 SPEED	58	9617
SpeedToggle	Speed!=1	Speed=2	75	9742
SlidePortrait	slideUp p0 dy>80	SlideCd=8	95	10145
TapPortrait	tap p0	tapped GameRoot/Canvas/p0	261	12045
TapSkill	p0 Tap Submit + Charge consumed	charge 100->26.7	267	12205
BattlePlay	Tap+Slide via pointer before Drive remap	reached screen=Battle last=TAP  冰刃  直斩 drive=30 qte=-1 fever=False feverEver=False feverGauge=0 paused=False speed=2 auto=Manual wave=0 outcome=InProgress cmd=seq=5 tick=95 kind=Tap slot=0 source=Player accepted=True reason=None timing=Bad value=0	268	12362
ResultVisible	screen=Result	screen=Result title=CLEAR!!	888	20717
ResultVisible	ResultBoard interactable	board=True interactable=True	892	20809
Rematch	tap NEXT	tapped GameRoot/Canvas/ResultBoard/NEXT	894	20998
RematchBattle	screen=Battle hud=p0	screen=Battle hud=p0 wave=0	908	21119
BattleId	unique battle_id + frozen BattleInitialHeader + RunHeader	id=np-20260916T050211-002 scenario=np.basic.v1 frozen=True header=seed=7035406;rules=g2-patha-2026-09-13;profile=JP_LEGACY_EMPIRICAL;auto=Manual;speed=2;forceNoCrit=0;stage=NP-BASIC;data=g2id1-c99b2d37d756087b199c7f5f9d7ecbd099de010140483cde37e8736584802cb9;party=C001,C007,C010,C003,C005	909	21126
ExitPause	tap || PAUSE	tapped GameRoot/Canvas/|| PAUSE	911	21292
ExitPause	PauseBoard + Paused	PauseBoard Paused=true	925	21413
ExitHome	tap HOME	tapped GameRoot/Canvas/PauseBoard/HOME	927	21713
HomeReturn	screen=Home	screen=Home	938	21838

--- inputs ---
note natural-play start
note historical_baseline=DC_RECON_KIT/m1/G2_REVIEW_20260913/artifacts/natural-play/run7 verdict=FAIL BattlePlay missing=Tap,Slide (kept; not rewritten)
note pointer=UnityEngine.EventSystem os_touch=NOT_CLAIMED
note plan mode=np.basic.v1 fights=1 provenance=DESIGN_PLACEHOLDER schema=G2R14-NP-1
note catalog DESIGN_PLACEHOLDER G2R14-NP-1 mode=np.basic.v1+A53_SUB_STRIP_DOT_FLAME sub=A53_SUB_STRIP_DOT_FLAME fights=1 chargeSec=1.25 declaredAutoDriveGain=2 honorDeclared=True tickUnitFloor=Math.Max(14f,DriveGain) until integrator hunk roster=ok
note ok VerificationCatalog DESIGN_PLACEHOLDER G2R14-NP-1 mode=np.basic.v1+A53_SUB_STRIP_DOT_FLAME sub=A53_SUB_STRIP_DOT_FLAME fights=1 chargeSec=1.25 declaredAutoDriveGain=2 honorDeclared=True tickUnitFloor=Math.Max(14f,DriveGain) until integrator hunk roster=ok
note ok HomeVisible screen=Home
frame=2 t=7.029 kind=tap pos=289,438 target=none after=battle=null screen=Stage
note ok TapToStage tapped GameRoot/Canvas/首页/关卡
note ok StageVisible screen=Stage
frame=5 t=8.319 kind=tap pos=540,250 target=none after=screen=Battle last=第一波 drive=0 qte=-1 fever=False feverEver=False feverGauge=0 paused=False speed=1 auto=Manual wave=0 outcome=InProgress
note ok TapStart tapped GameRoot/Canvas/StageBoard/WavePreview/FIGHT
note ok BattleVisible screen=Battle hud=p0 wave=0
note ok BattleId id=np-20260916T050211-001 scenario=np.basic.v1 frozen=True header=seed=7022828;rules=g2-patha-2026-09-13;profile=JP_LEGACY_EMPIRICAL;auto=Manual;speed=1;forceNoCrit=0;stage=NP-BASIC;data=g2id1-c99b2d37d756087b199c7f5f9d7ecbd099de010140483cde37e8736584802cb9;party=C001,C007,C010,C003,C005
note shot np_01_battle.png
frame=18 t=9.138 kind=tap pos=97,1824 target=GameRoot/Canvas/|| PAUSE after=screen=Battle last=第一波 drive=0 qte=-1 fever=False feverEver=False feverGauge=0 paused=True speed=1 auto=Manual wave=0 outcome=InProgress cmd=seq=1 tick=18 kind=Pause slot=0 source=Player accepted=True reason=None timing=Bad value=0
note ok TapPause tapped GameRoot/Canvas/|| PAUSE
note ok PauseVisible PauseBoard Paused=true
note shot np_06_pause.png
frame=38 t=9.460 kind=tap pos=540,538 target=none after=screen=Battle last=第一波 drive=0 qte=-1 fever=False feverEver=False feverGauge=0 paused=False speed=1 auto=Manual wave=0 outcome=InProgress cmd=seq=2 tick=18 kind=Resume slot=0 source=Player accepted=True reason=None timing=Bad value=0
note ok Resume tapped GameRoot/Canvas/PauseBoard/CONTINUE
note ok Resume resumed
frame=57 t=9.601 kind=tap pos=119,1747 target=GameRoot/Canvas/>> X1 SPEED after=screen=Battle last=第一波 drive=0 qte=-1 fever=False feverEver=False feverGauge=0 paused=False speed=2 auto=Manual wave=0 outcome=InProgress cmd=seq=3 tick=22 kind=SetSpeed slot=0 source=Player accepted=True reason=None timing=Bad value=2
note ok SpeedToggle tapped GameRoot/Canvas/>> X1 SPEED
note ok SpeedToggle Speed=2
note shot np_07_speed.png
frame=83 t=9.932 kind=slide pos=119,307 target=GameRoot/Canvas/p0 after=screen=Battle last=SLIDE  冰刃  裂空 drive=14 qte=-1 fever=False feverEver=False feverGauge=0 paused=False speed=2 auto=Manual wave=0 outcome=InProgress cmd=seq=4 tick=32 kind=Slide slot=0 source=Player accepted=True reason=None timing=Bad value=0
note ok SlidePortrait SlideCd=8
note shot np_03_slide.png
frame=260 t=12.021 kind=tap pos=119,307 target=GameRoot/Canvas/p0 after=screen=Battle last=TAP  冰刃  直斩 drive=30 qte=-1 fever=False feverEver=False feverGauge=0 paused=False speed=2 auto=Manual wave=0 outcome=InProgress cmd=seq=5 tick=95 kind=Tap slot=0 source=Player accepted=True reason=None timing=Bad value=0
note ok TapPortrait tapped GameRoot/Canvas/p0
note ok TapSkill charge 100->26.7
note shot np_02_tap.png
note ok BattlePlay reached screen=Battle last=TAP  冰刃  直斩 drive=30 qte=-1 fever=False feverEver=False feverGauge=0 paused=False speed=2 auto=Manual wave=0 outcome=InProgress cmd=seq=5 tick=95 kind=Tap slot=0 source=Player accepted=True reason=None timing=Bad value=0
note ok ResultVisible screen=Result title=CLEAR!!
note persist np-20260916T050211-001 why=pre-next status=F:\天命之子\client\captures\natural-play\battles\np-20260916T050211-001 outcome=Victory digest=82e2a191679937cb4fa48392fe523caa71e82b82e00a730207a6dae51ca0ddc0 replay=F:\天命之子\client\captures\natural-play\battles\np-20260916T050211-001\replay.jsonl
frame=888 t=20.718 kind=tap pos=540,960 target=none after=screen=Result last=胜利 drive=98 qte=-1 fever=False feverEver=False feverGauge=0 paused=False speed=2 auto=Manual wave=1 outcome=Victory cmd=seq=5 tick=95 kind=Tap slot=0 source=Player accepted=True reason=None timing=Bad value=0
frame=890 t=20.789 kind=tap pos=540,960 target=GameRoot/Canvas/vfxStageClear/veil after=screen=Result last=胜利 drive=98 qte=-1 fever=False feverEver=False feverGauge=0 paused=False speed=2 auto=Manual wave=1 outcome=Victory cmd=seq=5 tick=95 kind=Tap slot=0 source=Player accepted=True reason=None timing=Bad value=0
note ok ResultVisible board=True interactable=True
note shot np_09_result.png
frame=893 t=20.900 kind=tap pos=756,576 target=none after=screen=Battle last=第一波 drive=0 qte=-1 fever=False feverEver=False feverGauge=0 paused=False speed=2 auto=Manual wave=0 outcome=InProgress
note ok Rematch tapped GameRoot/Canvas/ResultBoard/NEXT
note ok RematchBattle screen=Battle hud=p0 wave=0
note ok BattleId id=np-20260916T050211-002 scenario=np.basic.v1 frozen=True header=seed=7035406;rules=g2-patha-2026-09-13;profile=JP_LEGACY_EMPIRICAL;auto=Manual;speed=2;forceNoCrit=0;stage=NP-BASIC;data=g2id1-c99b2d37d756087b199c7f5f9d7ecbd099de010140483cde37e8736584802cb9;party=C001,C007,C010,C003,C005
note shot np_10_rematch.png
note persist np-20260916T050211-002 why=rematch-enter status=F:\天命之子\client\captures\natural-play\battles\np-20260916T050211-002 outcome=InProgress digest=9cc567c7f61017ec3e733dc47d64c284a149782a909e651d89de0a5780ce9dd4 replay=F:\天命之子\client\captures\natural-play\battles\np-20260916T050211-002\replay.jsonl
frame=910 t=21.264 kind=tap pos=97,1824 target=GameRoot/Canvas/|| PAUSE after=screen=Battle last=第一波 drive=0 qte=-1 fever=False feverEver=False feverGauge=0 paused=True speed=2 auto=Manual wave=0 outcome=InProgress cmd=seq=1 tick=10 kind=Pause slot=0 source=Player accepted=True reason=None timing=Bad value=0
note ok ExitPause tapped GameRoot/Canvas/|| PAUSE
note ok ExitPause PauseBoard Paused=true
note persist np-20260916T050211-002 why=pre-home status=F:\天命之子\client\captures\natural-play\battles\np-20260916T050211-002 outcome=InProgress digest=5c1d4bc8a4214b428175a49d8ccb24413766d315a527a0519617ca1b23db2335 replay=F:\天命之子\client\captures\natural-play\battles\np-20260916T050211-002\replay.jsonl
frame=926 t=21.422 kind=tap pos=238,538 target=none after=screen=Home last=第一波 drive=0 qte=-1 fever=False feverEver=False feverGauge=0 paused=True speed=2 auto=Manual wave=0 outcome=InProgress cmd=seq=1 tick=10 kind=Pause slot=0 source=Player accepted=True reason=None timing=Bad value=0
note ok ExitHome tapped GameRoot/Canvas/PauseBoard/HOME
note ok HomeReturn screen=Home
note shot np_11_home.png
note persist np-20260916T050211-002 why=quit status=F:\天命之子\client\captures\natural-play\battles\np-20260916T050211-002 outcome=InProgress digest=5c1d4bc8a4214b428175a49d8ccb24413766d315a527a0519617ca1b23db2335 replay=F:\天命之子\client\captures\natural-play\battles\np-20260916T050211-002\replay.jsonl

--- frozen battle headers (authoritative) ---
np-20260916T050211-001	seed=7022828;rules=g2-patha-2026-09-13;profile=JP_LEGACY_EMPIRICAL;auto=Manual;speed=1;forceNoCrit=0;stage=NP-BASIC;data=g2id1-c99b2d37d756087b199c7f5f9d7ecbd099de010140483cde37e8736584802cb9;party=C001,C007,C010,C003,C005
np-20260916T050211-002	seed=7035406;rules=g2-patha-2026-09-13;profile=JP_LEGACY_EMPIRICAL;auto=Manual;speed=2;forceNoCrit=0;stage=NP-BASIC;data=g2id1-c99b2d37d756087b199c7f5f9d7ecbd099de010140483cde37e8736584802cb9;party=C001,C007,C010,C003,C005

--- live RunHeader (current GameRoot.Battle; may be fight 2) ---
seed=7035406;rules=g2-patha-2026-09-13;profile=JP_LEGACY_EMPIRICAL;auto=Manual;speed=2;forceNoCrit=0;stage=NP-BASIC;data=g2id1-739d8b44874327aba5cc7bbf1de521bdd7e524983b1452f749fcacbf4d40f054;party=C001,C007,C010,C003,C005

--- live CommandLog (current GameRoot.Battle; per-fight files are authoritative) ---
seq=1 tick=10 kind=Pause slot=0 source=Player accepted=True reason=None timing=Bad value=0

--- reflection (read-only) ---
BattleSim.CommandLog (public, read-only)
BattleSim.RunHeader() (read-only)
UnityEngine.Debug:ExtractStackTraceNoAlloc (byte*,int,string)
UnityEngine.StackTraceUtility:ExtractStackTrace ()
UnityEngine.DebugLogHandler:Internal_Log (UnityEngine.LogType,UnityEngine.LogOption,string,UnityEngine.Object)
UnityEngine.DebugLogHandler:LogFormat (UnityEngine.LogType,UnityEngine.Object,string,object[])
UnityEngine.Logger:Log (UnityEngine.LogType,object)
UnityEngine.Debug:Log (object)
Resonance.App.NaturalPlayRuntime:WriteAndQuit (bool) (at Assets/Scripts/Resonance.App/Debug/NaturalPlayRuntime.cs:1719)
Resonance.App.NaturalPlayRuntime:Pass () (at Assets/Scripts/Resonance.App/Debug/NaturalPlayRuntime.cs:1640)
Resonance.App.NaturalPlayRuntime/<Run>d__43:MoveNext () (at Assets/Scripts/Resonance.App/Debug/NaturalPlayRuntime.cs:277)
UnityEngine.SetupCoroutine:InvokeMoveNext (System.Collections.IEnumerator,intptr)

(Filename: Assets/Scripts/Resonance.App/Debug/NaturalPlayRuntime.cs Line: 1719)

Failed to create GICache directory at the default location: C:/Users/Administrator/AppData/LocalLow/Unity/Caches/GiCache.
CreateDirectory 'C:/Users/Administrator/AppData/LocalLow/Unity/Caches' failed: 系统找不到指定的路径。
 (current dir: F:/天命之子/client)
Unloading 22 Unused Serialized files (Serialized files now loaded: 0)
Loaded scene 'Temp/__Backupscenes/0.backup'
	Deserialize:            0.643 ms
	Integration:            188.435 ms
	Integration of assets:  0.002 ms
	Thread Wait Time:       0.020 ms
	Total Operation Time:   189.101 ms
Unloading 73 unused Assets / (17.7 MB). Loaded Objects now: 6049.
Memory consumption went from 349.1 MB to 331.4 MB.
Total: 20.710100 ms (FindLiveObjects: 0.384800 ms CreateObjectMapping: 0.255900 ms MarkObjects: 14.176600 ms  DeleteObjects: 5.891100 ms)

[Licensing::Client] Successfully resolved entitlement details
[Licensing::Module] License group:
  Id: F4-99BH-9QMP-CCW5-HN7U-XXXX
  Product: Unity Personal
  Type: ULF
  Expiration: 2026-09-24T19:37:20Z
[Licensing::Module] License group:
  Id: ewogICJzdWJzR3JvdXAiIDogInVuaXR5IGVkaXRvciIsCiAgIm5hbWVzcGFjZSIgOiAidW5pdHlfZWRpdG9yIiwKICAidHlwZSIgOiAiRURJVE9SIiwKICAidGFnIiA6ICJVbml0eVBlcnNvbmFsXXXX
  Product: Unity Personal Version
  Type: Assigned
  Expiration: Unlimited
Starting new worker id: 0 with log in F:/天命之子/client/Logs/AssetImportWorker0.log
Failed to create GICache directory at the default location: C:/Users/Administrator/AppData/LocalLow/Unity/Caches/GiCache.
CreateDirectory 'C:/Users/Administrator/AppData/LocalLow/Unity/Caches' failed: 系统找不到指定的路径。
 (current dir: F:/天命之子/client)
[NATURAL-PLAY] quitting editor after result pass=True
UnityEngine.Debug:ExtractStackTraceNoAlloc (byte*,int,string)
UnityEngine.StackTraceUtility:ExtractStackTrace ()
UnityEngine.DebugLogHandler:Internal_Log (UnityEngine.LogType,UnityEngine.LogOption,string,UnityEngine.Object)
UnityEngine.DebugLogHandler:LogFormat (UnityEngine.LogType,UnityEngine.Object,string,object[])
UnityEngine.Logger:Log (UnityEngine.LogType,object)
UnityEngine.Debug:Log (object)
Resonance.EditorTools.NaturalPlaySmoke:QuitIfDone () (at Assets/Editor/Smoke/NaturalPlaySmoke.cs:226)
Resonance.EditorTools.NaturalPlaySmoke:Poll () (at Assets/Editor/Smoke/NaturalPlaySmoke.cs:171)
UnityEditor.EditorApplication:Internal_CallUpdateFunctions ()

(Filename: Assets/Editor/Smoke/NaturalPlaySmoke.cs Line: 226)

[Licensing::Client] Successfully resolved entitlement details
[Licensing::Module] License group:
  Id: F4-99BH-9QMP-CCW5-HN7U-XXXX
  Product: Unity Personal
  Type: ULF
  Expiration: 2026-09-24T19:37:20Z
[Licensing::Module] License group:
  Id: ewogICJzdWJzR3JvdXAiIDogInVuaXR5IGVkaXRvciIsCiAgIm5hbWVzcGFjZSIgOiAidW5pdHlfZWRpdG9yIiwKICAidHlwZSIgOiAiRURJVE9SIiwKICAidGFnIiA6ICJVbml0eVBlcnNvbmFsXXXX
  Product: Unity Personal Version
  Type: Assigned
  Expiration: Unlimited
[LAYOUT] About to save layout F:\天命之子\client\UserSettings\Layouts\default-6000.dwlt
[LAYOUT] About to save layout C:/Users/Administrator/AppData/Roaming/Unity/Editor-5.x/Preferences\Layouts\current\default-6000.dwlt
Killing ADB server in 2.6977567 seconds.
Input System module state changed to: ShutdownInProgress.
Input System polling thread exited.
Input System module state changed to: Shutdown.
[Physics::Module] Cleanup current backend.
[Physics::Module] Id: 0xf2b8ea05
[Licensing::IpcConnector] LicenseClient-Administrator-notifications channel disconnected successfully.
[Licensing::IpcConnector] LicenseClient-Administrator channel disconnected successfully.
AcceleratorClientConnectionCallback - disconnected - :0
Cleanup mono
Checking for leaked weakptr:
  Found no leaked weakptrs.
[Package Manager] Server process was shutdown
Internal: There are remaining Allocations on the JobTempAlloc. This is a leak, and will impact performance
To Debug, run app with -diag-job-temp-memory-leak-validation cmd line argument. This will output the callstacks of the leaked allocations.
Internal: There are remaining Allocations on the JobTempAlloc. This is a leak, and will impact performance
To Debug, run app with -diag-job-temp-memory-leak-validation cmd line argument. This will output the callstacks of the leaked allocations.
##utp:{"type":"MemoryLeaks","version":2,"phase":"Immediate","time":1789534956639,"processId":36484,"allocatedMemory":16304816,"memoryLabels":[{"Default":29313},{"Permanent":15236},{"NewDelete":431305},{"Thread":4237960},{"Manager":821632},{"VertexData":8},{"Geometry":816},{"Texture":296},{"Shader":89593},{"Material":24},{"GfxDevice":57928},{"Animation":392},{"Audio":2664},{"FreeType":8},{"FontEngine":736},{"Physics":2146},{"Physics2D":16},{"Serialization":176967},{"Input":14984},{"JobScheduler":33024},{"TextLib":16120},{"Mono":32},{"MonoCode":184},{"ScriptingNativeRuntime":155060},{"BaseObject":1640688},{"Resource":1336},{"Renderer":3000},{"Transform":4685},{"File":33167},{"WebCam":616},{"Culling":32},{"Terrain":11394},{"Wind":24},{"STL":40},{"String":35476},{"DynamicArray":109937},{"HashMap":130646},{"Utility":2661010},{"Curl":48},{"PoolAlloc":2296},{"AI":80},{"TypeTree":13861},{"ScriptManager":512},{"RuntimeInitializeOnLoadManager":64},{"SpriteAtlas":112},{"GI":7792},{"Director":8240},{"CloudService":13360},{"WebRequest":552},{"VR":47994},{"SceneManager":504},{"Video":208},{"LazyScriptCache":32},{"NativeArray":9768},{"Camera":17},{"Secure":265},{"SerializationCache":1576},{"APIUpdating":10320},{"Subsystems":336},{"VirtualTexturing":57888},{"StaticSafetyDebugInfo":278528},{"Analytics":464},{"Hierarchy":608},{"CoreStats":13112},{"Identifiers":6480},{"Gui":237},{"EditorUtility":187108},{"VersionControl":4},{"Undo":947},{"AssetDatabase":4876611},{"EditorGi":328},{"UnityConnect":29344},{"Upm":1896},{"AssetCompliance":64},{"DrivenProperties":72},{"LocalIPC":219},{"ProfilerEditor":9746},{"CoreBusinessMetrics":3504},{"Licensing":1264},{"AssetReference":32},{"IPCStream":32}]}
