[Licensing::Module] Trying to connect to existing licensing client channel...
Built from '6000.3/staging' branch; Version is '6000.3.23f1 (09d2ecc7fb28) revision 643820'; Using compiler version '194234433'; Build Type 'Release'
[Licensing::IpcConnector] Channel LicenseClient-Administrator doesn't exist
OS: 'Windows 11  (10.0.26200) Professional' Language: 'zh' Physical Memory: 32581 MB
BatchMode: 0, IsHumanControllingUs: 1, StartBugReporterOnCrash: 1, Is64bit: 1
System  architecture: x64
Process architecture: x64
Date: 2026-09-14T15:37:02Z
[Licensing::Module] Successfully launched the LicensingClient (PId: 55760)

COMMAND LINE ARGUMENTS:
D:\Unity\Hub\Editor\6000.3.23f1\Editor\Unity.exe
-projectPath
F:\天命之子\client
-natural-play
-natural-scenario
np.auto.v1
-executeMethod
Resonance.EditorTools.NaturalPlaySmoke.CliAuto
-logFile
F:\天命之子\DC_RECON_KIT\m1\REVIEW_1b2ca8e\logs\editor-np-auto-v1-20260914T153700.log
Successfully changed project path to: F:\天命之子\client
F:/天命之子/client
[UnityMemory] Configuration Parameters - Can be set up in boot.config
    "memorysetup-temp-allocator-size-nav-mesh-worker=65536"
    "memorysetup-temp-allocator-size-audio-worker=65536"
    "memorysetup-temp-allocator-size-gfx=262144"
    "memorysetup-allocator-temp-initial-block-size-main=262144"
    "memorysetup-allocator-temp-initial-block-size-worker=262144"
    "memorysetup-temp-allocator-size-background-worker=32768"
    "memorysetup-temp-allocator-size-job-worker=262144"
    "memorysetup-temp-allocator-size-preload-manager=33554432"
    "memorysetup-remapper-allocator-initial-capacity=32768"
    "memorysetup-temp-allocator-size-gi-baking-worker=262144"
    "memorysetup-temp-allocator-size-gi-baking-worker=262144"
    "memorysetup-temp-allocator-size-gi-baking-worker=262144"
    "memorysetup-temp-allocator-size-gi-baking-worker=262144"
    "memorysetup-temp-allocator-size-gi-baking-worker=262144"
    "memorysetup-bucket-allocator-granularity=16"
    "memorysetup-bucket-allocator-bucket-count=8"
    "memorysetup-bucket-allocator-block-size=33554432"
    "memorysetup-bucket-allocator-block-count=8"
    "memorysetup-main-allocator-block-size=16777216"
    "memorysetup-thread-allocator-block-size=16777216"
    "memorysetup-gfx-main-allocator-block-size=16777216"
    "memorysetup-gfx-thread-allocator-block-size=16777216"
    "memorysetup-cache-allocator-block-size=4194304"
    "memorysetup-typetree-allocator-block-size=2097152"
    "memorysetup-profiler-bucket-allocator-granularity=16"
    "memorysetup-profiler-bucket-allocator-bucket-count=8"
    "memorysetup-profiler-bucket-allocator-block-size=33554432"
    "memorysetup-profiler-bucket-allocator-block-count=8"
    "memorysetup-profiler-allocator-block-size=16777216"
    "memorysetup-profiler-editor-allocator-block-size=1048576"
    "memorysetup-temp-allocator-size-main=16777216"
    "memorysetup-job-temp-allocator-block-size=2097152"
    "memorysetup-job-temp-allocator-block-size-background=1048576"
    "memorysetup-job-temp-allocator-reduction-small-platforms=262144"
    "memorysetup-temp-allocator-size-cloud-worker=32768"
Player connection [17520]  Target information:

Player connection [17520]  * "[IP] 192.168.1.54 [Port] 55504 [Flags] 2 [Guid] 1435342494 [EditorId] 1435342494 [Version] 1048832 [Id] WindowsEditor(7,DESKTOP-AKI3LSA) [Debug] 1 [PackageName] WindowsEditor [ProjectName] Editor" 

Player connection [17520]  * "[IP] 198.18.0.1 [Port] 55504 [Flags] 2 [Guid] 1435342494 [EditorId] 1435342494 [Version] 1048832 [Id] WindowsEditor(7,DESKTOP-AKI3LSA) [Debug] 1 [PackageName] WindowsEditor [ProjectName] Editor" 

Player connection [17520] Host joined multi-casting on [225.0.0.222:54997]...
Player connection [17520] Host joined alternative multi-casting on [225.0.0.222:34997]...
Input System module state changed to: Initialized.
[Physics::Module] Initialized fallback backend.
[Physics::Module] Id: 0xdecafbad
[Licensing::IpcConnector] Successfully connected to: "LicenseClient-Administrator" at "2026-09-14T15:37:04.0487317Z"
[Licensing::Client] Code 10 while verifying Licensing Client signature (process Id: 55760, path: "D:/Unity/Hub/Editor/6000.3.23f1/Editor/Data/Resources/Licensing/Client/Unity.Licensing.Client.exe")
[Licensing::Module] LicensingClient has failed validation; ignoring
[Package Manager] Connected to IPC stream "Upm-43128" after 0.8 seconds.
[Licensing::Module] Licensing is not yet initialized.
[Licensing::Client] Handshaking with LicensingClient:
  Version:                 1.18.3+d7ffd15
  Session Id:              3139079f3cdd4a8bb8a92a0d8c30aeeb
  Correlation Id:          ed9e4ed14a31c2fbb27d8884b612f795
  External correlation Id: 1401077164830290539
  Machine Id:              2I/XDZsLcGAfRljEGy76IATF7BI=
[Licensing::Module] Successfully connected to LicensingClient on channel: "LicenseClient-Administrator" (connect: 1.29s, validation: 0.58s, handshake: 0.14s)
[Licensing::IpcConnector] Successfully connected to: "LicenseClient-Administrator-notifications" at "2026-09-14T15:37:04.7641453Z"
[Licensing::Module] Connected to LicensingClient (PId: 55760, launch time: 0.08, total connection time: 2.00s)
[Licensing::Module] Error: Access token is unavailable; failed to update
[Licensing::Client] Successfully resolved entitlement details
[Licensing::Module] License group:
  Id: F4-99BH-9QMP-CCW5-HN7U-XXXX
  Product: Unity Personal
  Type: ULF
  Expiration: 2026-09-24T16:31:42Z
[Licensing::Module] License group:
  Id: ewogICJzdWJzR3JvdXAiIDogInVuaXR5IGVkaXRvciIsCiAgIm5hbWVzcGFjZSIgOiAidW5pdHlfZWRpdG9yIiwKICAidHlwZSIgOiAiRURJVE9SIiwKICAidGFnIiA6ICJVbml0eVBlcnNvbmFsXXXX
  Product: Unity Personal Version
  Type: Assigned
  Expiration: Unlimited
[Licensing::Client] Successfully updated license, isAsync: True, time: 0.01
[Licensing::Client] Successfully resolved entitlement details
[Licensing::Module] License group:
  Id: F4-99BH-9QMP-CCW5-HN7U-XXXX
  Product: Unity Personal
  Type: ULF
  Expiration: 2026-09-24T16:31:42Z
[Licensing::Module] License group:
  Id: ewogICJzdWJzR3JvdXAiIDogInVuaXR5IGVkaXRvciIsCiAgIm5hbWVzcGFjZSIgOiAidW5pdHlfZWRpdG9yIiwKICAidHlwZSIgOiAiRURJVE9SIiwKICAidGFnIiA6ICJVbml0eVBlcnNvbmFsXXXX
  Product: Unity Personal Version
  Type: Assigned
  Expiration: Unlimited
[Licensing::Module] Licensing Background thread has ended after 2.16s
[Licensing::Module] Licensing is initialized (took 0.55s).
[Licensing::Client] Successfully resolved entitlement details
[Licensing::Module] License group:
  Id: F4-99BH-9QMP-CCW5-HN7U-XXXX
  Product: Unity Personal
  Type: ULF
  Expiration: 2026-09-24T16:31:42Z
[Licensing::Module] License group:
  Id: ewogICJzdWJzR3JvdXAiIDogInVuaXR5IGVkaXRvciIsCiAgIm5hbWVzcGFjZSIgOiAidW5pdHlfZWRpdG9yIiwKICAidHlwZSIgOiAiRURJVE9SIiwKICAidGFnIiA6ICJVbml0eVBlcnNvbmFsXXXX
  Product: Unity Personal Version
  Type: Assigned
  Expiration: Unlimited
Library Redirect Path: Library/
[Physics::Module] Selected backend.
[Physics::Module] Name: PhysX
[Physics::Module] Id: 0xf2b8ea05
[Physics::Module] SDK Version: 4.1.2
[Physics::Module] Integration Version: 1.0.0
[Physics::Module] Threading Mode: Multi-Threaded
Refreshing native plugins compatible for Editor in 0.00 ms, found 0 plugins.
Preloading 0 native plugins for Editor in 0.00 ms.
Initialize engine version: 6000.3.23f1 (09d2ecc7fb28)
[Subsystems] Discovering subsystems at path D:/Unity/Hub/Editor/6000.3.23f1/Editor/Data/Resources/UnitySubsystems
[Subsystems] Discovering subsystems at path F:/天命之子/client/Assets
[D3D12 Device Filter] Vendor Name: NVIDIA
[D3D12 Device Filter] Device Name: NVIDIA GeForce RTX 4060 Ti
[D3D12 Device Filter] Driver Version: 32.0.16.1047
[D3D12 Device Filter] Feature Level: 12.2
[D3D12 Device Filter] Graphics Memory: 7949 MB
[D3D12 Device Filter] Processor Count: 16
[D3D12 Device Filter] Device Type: Discrete
GfxDevice: creating device client; kGfxThreadingModeSplitJobs
d3d12: failed to query info queue interface (0x80004002).
Direct3D:
    Version:         Direct3D 12 [level 12.2]
    Renderer:        NVIDIA GeForce RTX 4060 Ti (ID=0x2803)
    Vendor:          NVIDIA
    VRAM:            7949 MB
    App VRAM Budget: 7181 MB
    Driver:          32.0.16.1047
Shader 'Standard': fallback shader 'VertexLit' not found
Shader 'Hidden/Internal-GUIRoundedRect': fallback shader 'Hidden/Internal-GUITextureClip' not found
Shader 'Hidden/Internal-GUIRoundedRectWithColorPerBorder': fallback shader 'Hidden/Internal-GUITextureClip' not found
Initialize mono
Mono path[0] = 'D:/Unity/Hub/Editor/6000.3.23f1/Editor/Data/Managed'
Mono path[1] = 'D:/Unity/Hub/Editor/6000.3.23f1/Editor/Data/MonoBleedingEdge/lib/mono/unityjit-win32'
Mono config path = 'D:/Unity/Hub/Editor/6000.3.23f1/Editor/Data/MonoBleedingEdge/etc'
Using monoOptions --debugger-agent=transport=dt_socket,embedding=1,server=y,suspend=n,address=127.0.0.1:56128
Using cacheserver namespaces - metadata:defaultmetadata, artifacts:defaultartifacts
Using cacheserver namespaces - metadata:defaultmetadata, artifacts:defaultartifacts
ImportWorker Server TCP listen port: 0
AcceleratorClientConnectionCallback - disconnected - :0
Begin MonoManager ReloadAssembly
Registering precompiled unity dll's ...
Register platform support module: D:/Unity/Hub/Editor/6000.3.23f1/Editor/Data/PlaybackEngines/WindowsStandaloneSupport/UnityEditor.WindowsStandalone.Extensions.dll
[Licensing::Client] Successfully resolved entitlement details
[Licensing::Module] License group:
  Id: F4-99BH-9QMP-CCW5-HN7U-XXXX
  Product: Unity Personal
  Type: ULF
  Expiration: 2026-09-24T16:37:05Z
[Licensing::Module] License group:
  Id: ewogICJzdWJzR3JvdXAiIDogInVuaXR5IGVkaXRvciIsCiAgIm5hbWVzcGFjZSIgOiAidW5pdHlfZWRpdG9yIiwKICAidHlwZSIgOiAiRURJVE9SIiwKICAidGFnIiA6ICJVbml0eVBlcnNvbmFsXXXX
  Product: Unity Personal Version
  Type: Assigned
  Expiration: Unlimited
Register platform support module: D:/Unity/Hub/Editor/6000.3.23f1/Editor/Data/PlaybackEngines/AndroidPlayer/UnityEditor.Android.Extensions.dll
Registered in 0.013763 seconds.
- Loaded All Assemblies, in  0.818 seconds
Native extension for Android target not found
Native extension for WindowsStandalone target not found
Package Manager log level set to [2]
ScheduleIndexationOnStartup MainProcess:False IndexOnStartup:True
Mono: successfully reloaded assembly
- Finished resetting the current domain, in  0.660 seconds
Domain Reload Profiling: 1478ms
	BeginReloadAssembly (313ms)
		ExecutionOrderSort (0ms)
		DisableScriptedObjects (0ms)
		BackupInstance (0ms)
		ReleaseScriptingObjects (0ms)
		CreateAndSetChildDomain (11ms)
	RebuildCommonClasses (63ms)
	RebuildNativeTypeToScriptingClass (16ms)
	initialDomainReloadingComplete (82ms)
	LoadAllAssembliesAndSetupDomain (343ms)
		LoadAssemblies (303ms)
		RebuildTransferFunctionScriptingTraits (0ms)
		AnalyzeDomain (337ms)
			TypeCache.Refresh (334ms)
				TypeCache.ScanAssembly (315ms)
			BuildScriptInfoCaches (0ms)
			ResolveRequiredComponents (1ms)
	FinalizeReload (661ms)
		ReleaseScriptCaches (0ms)
		RebuildScriptCaches (0ms)
		SetupLoadedEditorAssemblies (609ms)
			LogAssemblyErrors (0ms)
			InitializePlatformSupportModulesInManaged (175ms)
			SetLoadedEditorAssemblies (5ms)
			BeforeProcessingInitializeOnLoad (121ms)
			ProcessInitializeOnLoadAttributes (196ms)
			ProcessInitializeOnLoadMethodAttributes (111ms)
			AfterProcessingInitializeOnLoad (0ms)
			EditorAssembliesLoaded (1ms)
		ExecutionOrderSort2 (0ms)
		AwakeInstancesAfterBackupRestoration (0ms)
[Licensing::Client] Successfully resolved entitlement details
[Licensing::Module] License group:
  Id: F4-99BH-9QMP-CCW5-HN7U-XXXX
  Product: Unity Personal
  Type: ULF
  Expiration: 2026-09-24T16:37:05Z
[Licensing::Module] License group:
  Id: ewogICJzdWJzR3JvdXAiIDogInVuaXR5IGVkaXRvciIsCiAgIm5hbWVzcGFjZSIgOiAidW5pdHlfZWRpdG9yIiwKICAidHlwZSIgOiAiRURJVE9SIiwKICAidGFnIiA6ICJVbml0eVBlcnNvbmFsXXXX
  Product: Unity Personal Version
  Type: Assigned
  Expiration: Unlimited
Application.AssetDatabase Initial Refresh Start
[Package Manager] Done resolving packages in 7.71 seconds
[Licensing::Client] Successfully resolved entitlement details
[Package Manager] Registered 51 packages:
  Packages from [https://packages.unity.com]:
    com.unity.ide.visualstudio@2.0.22 (location: F:\天命之子\client\Library\PackageCache\com.unity.ide.visualstudio@8140e851d83e)
    com.unity.inputsystem@1.14.2 (location: F:\天命之子\client\Library\PackageCache\com.unity.inputsystem@be6c4fd0abf5)
    com.unity.2d.animation@11.0.0 (location: F:\天命之子\client\Library\PackageCache\com.unity.2d.animation@a1db3619cb6f)
    com.unity.2d.common@12.0.4 (location: F:\天命之子\client\Library\PackageCache\com.unity.2d.common@3e42aeccb30d)
    com.unity.collections@2.6.8 (location: F:\天命之子\client\Library\PackageCache\com.unity.collections@84e8eb3fc12e)
    com.unity.burst@1.8.30 (location: F:\天命之子\client\Library\PackageCache\com.unity.burst@2f3d916873ea)
    com.unity.mathematics@1.3.3 (location: F:\天命之子\client\Library\PackageCache\com.unity.mathematics@19a9377c4ffa)
    com.unity.nuget.mono-cecil@1.11.6 (location: F:\天命之子\client\Library\PackageCache\com.unity.nuget.mono-cecil@ecb9724e46ff)
    com.unity.test-framework.performance@3.5.0 (location: F:\天命之子\client\Library\PackageCache\com.unity.test-framework.performance@8b56083ec0f0)
    com.unity.searcher@4.9.5 (location: F:\天命之子\client\Library\PackageCache\com.unity.searcher@a463122f2c00)
  Built-in packages:
    com.unity.render-pipelines.universal@17.3.0 (location: F:\天命之子\client\Library\PackageCache\com.unity.render-pipelines.universal@7865b6b91f8a)
    com.unity.test-framework@1.6.0 (location: F:\天命之子\client\Library\PackageCache\com.unity.test-framework@bd7f943e9647)
    com.unity.ugui@2.0.0 (location: F:\天命之子\client\Library\PackageCache\com.unity.ugui@27635d171b1a)
    com.unity.2d.sprite@1.0.0 (location: F:\天命之子\client\Library\PackageCache\com.unity.2d.sprite@5b922524bd83)
    com.unity.modules.ai@1.0.0 (location: F:\天命之子\client\Library\PackageCache\com.unity.modules.ai)
    com.unity.modules.androidjni@1.0.0 (location: F:\天命之子\client\Library\PackageCache\com.unity.modules.androidjni)
    com.unity.modules.animation@1.0.0 (location: F:\天命之子\client\Library\PackageCache\com.unity.modules.animation)
    com.unity.modules.assetbundle@1.0.0 (location: F:\天命之子\client\Library\PackageCache\com.unity.modules.assetbundle)
    com.unity.modules.audio@1.0.0 (location: F:\天命之子\client\Library\PackageCache\com.unity.modules.audio)
    com.unity.modules.cloth@1.0.0 (location: F:\天命之子\client\Library\PackageCache\com.unity.modules.cloth)
    com.unity.modules.director@1.0.0 (location: F:\天命之子\client\Library\PackageCache\com.unity.modules.director)
    com.unity.modules.imageconversion@1.0.0 (location: F:\天命之子\client\Library\PackageCache\com.unity.modules.imageconversion)
    com.unity.modules.imgui@1.0.0 (location: F:\天命之子\client\Library\PackageCache\com.unity.modules.imgui)
    com.unity.modules.jsonserialize@1.0.0 (location: F:\天命之子\client\Library\PackageCache\com.unity.modules.jsonserialize)
    com.unity.modules.particlesystem@1.0.0 (location: F:\天命之子\client\Library\PackageCache\com.unity.modules.particlesystem)
    com.unity.modules.physics@1.0.0 (location: F:\天命之子\client\Library\PackageCache\com.unity.modules.physics)
    com.unity.modules.physics2d@1.0.0 (location: F:\天命之子\client\Library\PackageCache\com.unity.modules.physics2d)
    com.unity.modules.screencapture@1.0.0 (location: F:\天命之子\client\Library\PackageCache\com.unity.modules.screencapture)
    com.unity.modules.terrain@1.0.0 (location: F:\天命之子\client\Library\PackageCache\com.unity.modules.terrain)
    com.unity.modules.terrainphysics@1.0.0 (location: F:\天命之子\client\Library\PackageCache\com.unity.modules.terrainphysics)
    com.unity.modules.tilemap@1.0.0 (location: F:\天命之子\client\Library\PackageCache\com.unity.modules.tilemap)
    com.unity.modules.ui@1.0.0 (location: F:\天命之子\client\Library\PackageCache\com.unity.modules.ui)
    com.unity.modules.uielements@1.0.0 (location: F:\天命之子\client\Library\PackageCache\com.unity.modules.uielements)
    com.unity.modules.umbra@1.0.0 (location: F:\天命之子\client\Library\PackageCache\com.unity.modules.umbra)
    com.unity.modules.unityanalytics@1.0.0 (location: F:\天命之子\client\Library\PackageCache\com.unity.modules.unityanalytics)
    com.unity.modules.unitywebrequest@1.0.0 (location: F:\天命之子\client\Library\PackageCache\com.unity.modules.unitywebrequest)
    com.unity.modules.unitywebrequestassetbundle@1.0.0 (location: F:\天命之子\client\Library\PackageCache\com.unity.modules.unitywebrequestassetbundle)
    com.unity.modules.unitywebrequestaudio@1.0.0 (location: F:\天命之子\client\Library\PackageCache\com.unity.modules.unitywebrequestaudio)
    com.unity.modules.unitywebrequesttexture@1.0.0 (location: F:\天命之子\client\Library\PackageCache\com.unity.modules.unitywebrequesttexture)
    com.unity.modules.unitywebrequestwww@1.0.0 (location: F:\天命之子\client\Library\PackageCache\com.unity.modules.unitywebrequestwww)
    com.unity.modules.vehicles@1.0.0 (location: F:\天命之子\client\Library\PackageCache\com.unity.modules.vehicles)
    com.unity.modules.video@1.0.0 (location: F:\天命之子\client\Library\PackageCache\com.unity.modules.video)
    com.unity.modules.vr@1.0.0 (location: F:\天命之子\client\Library\PackageCache\com.unity.modules.vr)
    com.unity.modules.wind@1.0.0 (location: F:\天命之子\client\Library\PackageCache\com.unity.modules.wind)
    com.unity.modules.xr@1.0.0 (location: F:\天命之子\client\Library\PackageCache\com.unity.modules.xr)
    com.unity.modules.subsystems@1.0.0 (location: F:\天命之子\client\Library\PackageCache\com.unity.modules.subsystems)
    com.unity.modules.hierarchycore@1.0.0 (location: F:\天命之子\client\Library\PackageCache\com.unity.modules.hierarchycore)
    com.unity.ext.nunit@2.0.5 (location: F:\天命之子\client\Library\PackageCache\com.unity.ext.nunit@d8c07649098d)
    com.unity.render-pipelines.core@17.3.0 (location: F:\天命之子\client\Library\PackageCache\com.unity.render-pipelines.core@0bb36005e9ba)
    com.unity.shadergraph@17.3.0 (location: F:\天命之子\client\Library\PackageCache\com.unity.shadergraph@b4b75cc00891)
    com.unity.render-pipelines.universal-config@17.0.3 (location: F:\天命之子\client\Library\PackageCache\com.unity.render-pipelines.universal-config@8dc1aab4af1d)
[Subsystems] No new subsystems found in resolved package list.
[Package Manager] Done registering packages in 0.00 seconds
[API Updater] Processing imported assemblies took 92 ms (0/0 assembly(ies)).
Assembly Updater Post Process Assets time: 0.095646s
[ScriptCompilation] Requested script compilation because: Assembly Definition File(s) changed
[ScriptCompilation] Requested script compilation because: Assetdatabase observed changes in script compilation related files
Starting: D:\Unity\Hub\Editor\6000.3.23f1\Editor\Data\Tools\BuildPipeline\bee_backend.exe --ipc --defer-dag-verification --dagfile="Library/Bee/1900b0aE.dag" --continue-on-failure --profile="Library/Bee/backend1.traceevents" ScriptAssemblies
WorkingDir: F:/天命之子/client
ExitCode: 0 Duration: 0s934ms
[464/808    0s] CopyFiles Library/ScriptAssemblies/UnityEngine.TestRunner.pdb
[465/808    0s] CopyFiles Library/ScriptAssemblies/UnityEngine.TestRunner.dll
[470/808    0s] CopyFiles Library/ScriptAssemblies/UnityEditor.TestRunner.pdb
[487/808    0s] CopyFiles Library/ScriptAssemblies/UnityEditor.TestRunner.dll
[548/808    0s] CopyFiles Library/ScriptAssemblies/Unity.VisualStudio.Editor.pdb
[554/808    0s] CopyFiles Library/ScriptAssemblies/Unity.VisualStudio.Editor.dll
[570/808    0s] CopyFiles Library/ScriptAssemblies/Unity.Burst.CodeGen.dll
[571/808    0s] CopyFiles Library/ScriptAssemblies/Unity.Burst.CodeGen.pdb
[582/808    0s] CopyFiles Library/ScriptAssemblies/Unity.Collections.CodeGen.dll
[594/808    0s] CopyFiles Library/ScriptAssemblies/Unity.Collections.CodeGen.pdb
[636/808    0s] ILPP-Configuration Library/ilpp-configuration.nevergeneratedoutput
[694/808    0s] CopyFiles Library/ScriptAssemblies/Unity.InputSystem.ForUI.dll
[695/808    0s] CopyFiles Library/ScriptAssemblies/Unity.InternalAPIEngineBridge.004.dll
[696/808    0s] CopyFiles Library/ScriptAssemblies/Unity.RenderPipeline.Universal.ShaderLibrary.dll
[697/808    0s] CopyFiles Library/ScriptAssemblies/Unity.Collections.dll
[698/808    0s] CopyFiles Library/ScriptAssemblies/Unity.RenderPipelines.GPUDriven.Runtime.dll
[699/808    0s] CopyFiles Library/ScriptAssemblies/Inochi2D.Runtime.dll
[700/808    0s] CopyFiles Library/ScriptAssemblies/Unity.PerformanceTesting.dll
[701/808    0s] CopyFiles Library/ScriptAssemblies/Unity.RenderPipelines.Core.Runtime.Shared.dll
[702/808    0s] CopyFiles Library/ScriptAssemblies/Unity.2D.Common.Runtime.dll
[703/808    0s] CopyFiles Library/ScriptAssemblies/Unity.RenderPipelines.Core.Runtime.dll
[704/808    0s] CopyFiles Library/ScriptAssemblies/Unity.TextMeshPro.dll
[705/808    0s] CopyFiles Library/ScriptAssemblies/Unity.RenderPipelines.Core.ShaderLibrary.dll
[706/808    0s] CopyFiles Library/ScriptAssemblies/UnityEngine.UI.dll
[707/808    0s] CopyFiles Library/ScriptAssemblies/Unity.RenderPipelines.ShaderGraph.ShaderGraphLibrary.dll
[708/808    0s] CopyFiles Library/ScriptAssemblies/Resonance.App.dll
[709/808    0s] CopyFiles Library/ScriptAssemblies/Unity.UnifiedRayTracing.Runtime.dll
[710/808    0s] CopyFiles Library/ScriptAssemblies/Unity.Mathematics.dll
[711/808    0s] CopyFiles Library/ScriptAssemblies/Unity.InternalAPIEngineBridge.001.dll
[712/808    0s] CopyFiles Library/ScriptAssemblies/Unity.2D.IK.Runtime.dll
[713/808    0s] CopyFiles Library/ScriptAssemblies/EmeraldInochi.dll
[714/808    0s] CopyFiles Library/ScriptAssemblies/Unity.InputSystem.TestFramework.dll
[715/808    0s] CopyFiles Library/ScriptAssemblies/Unity.InputSystem.dll
[716/808    0s] CopyFiles Library/ScriptAssemblies/Unity.2D.Animation.Runtime.dll
[717/808    0s] CopyFiles Library/ScriptAssemblies/Unity.RenderPipelines.Universal.Config.Runtime.dll
[718/808    0s] CopyFiles Library/ScriptAssemblies/Unity.Burst.dll
[719/808    0s] CopyFiles Library/ScriptAssemblies/Resonance.Battle.dll
[720/808    0s] CopyFiles Library/ScriptAssemblies/Unity.RenderPipelines.Universal.Runtime.dll
[721/808    0s] CopyFiles Library/ScriptAssemblies/UnityEditor.UI.dll
[722/808    0s] CopyFiles Library/ScriptAssemblies/UnityEditor.UI.pdb
[723/808    0s] CopyFiles Library/ScriptAssemblies/Assembly-CSharp.dll
[724/808    0s] CopyFiles Library/ScriptAssemblies/Unity.RenderPipelines.Universal.2D.Runtime.dll
[725/808    0s] CopyFiles Library/ScriptAssemblies/Unity.RenderPipelines.Universal.Shaders.dll
[726/808    0s] CopyFiles Library/ScriptAssemblies/Unity.Collections.Editor.pdb
[727/808    0s] CopyFiles Library/ScriptAssemblies/Unity.2D.Animation.Editor.dll
[728/808    0s] CopyFiles Library/ScriptAssemblies/Unity.Mathematics.Editor.pdb
[729/808    0s] CopyFiles Library/ScriptAssemblies/Unity.Collections.Editor.dll
[730/808    0s] CopyFiles Library/ScriptAssemblies/Unity.2D.Animation.Editor.pdb
[731/808    0s] CopyFiles Library/ScriptAssemblies/Unity.Searcher.Editor.pdb
[732/808    0s] CopyFiles Library/ScriptAssemblies/Unity.2D.Common.Path.Editor.pdb
[733/808    0s] CopyFiles Library/ScriptAssemblies/Unity.Mathematics.Editor.dll
[734/808    0s] CopyFiles Library/ScriptAssemblies/Unity.2D.Common.Path.Editor.dll
[735/808    0s] CopyFiles Library/ScriptAssemblies/Unity.InputSystem.DocCodeSamples.dll
[736/808    0s] CopyFiles Library/ScriptAssemblies/Unity.RenderPipelines.Core.Editor.pdb
[737/808    0s] CopyFiles Library/ScriptAssemblies/Unity.Searcher.Editor.dll
[738/808    0s] CopyFiles Library/ScriptAssemblies/UnityEditor.UI.Analytics.pdb
[739/808    0s] CopyFiles Library/ScriptAssemblies/Unity.RenderPipelines.Core.Editor.dll
[740/808    0s] CopyFiles Library/ScriptAssemblies/Assembly-CSharp-Editor.pdb
[741/808    0s] CopyFiles Library/ScriptAssemblies/UnityEditor.UI.Analytics.dll
[742/808    0s] CopyFiles Library/ScriptAssemblies/Assembly-CSharp-Editor.dll
[743/808    0s] CopyFiles Library/ScriptAssemblies/Unity.InputSystem.DocCodeSamples.pdb
[744/808    0s] CopyFiles Library/ScriptAssemblies/Unity.2D.IK.Editor.dll
[745/808    0s] CopyFiles Library/ScriptAssemblies/Unity.2D.IK.Editor.pdb
[746/808    0s] CopyFiles Library/ScriptAssemblies/ScriptablePacker.dll
[747/808    0s] CopyFiles Library/ScriptAssemblies/Resonance.Editor.pdb
[748/808    0s] CopyFiles Library/ScriptAssemblies/Resonance.Editor.dll
[749/808    0s] CopyFiles Library/ScriptAssemblies/ScriptablePacker.pdb
[750/808    0s] CopyFiles Library/ScriptAssemblies/Unity.RenderPipelines.Universal.Editor.pdb
[751/808    0s] CopyFiles Library/ScriptAssemblies/Unity.2D.Common.Editor.dll
[752/808    0s] CopyFiles Library/ScriptAssemblies/Unity.2D.Common.Editor.pdb
[753/808    0s] CopyFiles Library/ScriptAssemblies/Unity.RenderPipelines.Universal.Editor.dll
[754/808    0s] CopyFiles Library/ScriptAssemblies/Unity.TextMeshPro.Editor.pdb
[755/808    0s] CopyFiles Library/ScriptAssemblies/Unity.2D.Sprite.Editor.dll
[756/808    0s] CopyFiles Library/ScriptAssemblies/Unity.ShaderGraph.Editor.pdb
[757/808    0s] CopyFiles Library/ScriptAssemblies/Unity.2D.Sprite.Editor.pdb
[758/808    0s] CopyFiles Library/ScriptAssemblies/Unity.ShaderGraph.Editor.dll
[759/808    0s] CopyFiles Library/ScriptAssemblies/Unity.TextMeshPro.Editor.dll
[760/808    0s] CopyFiles Library/ScriptAssemblies/Unity.InternalAPIEngineBridge.004.pdb
[761/808    0s] CopyFiles Library/ScriptAssemblies/Unity.RenderPipelines.Core.Editor.Shared.dll
[762/808    0s] CopyFiles Library/ScriptAssemblies/Unity.RenderPipelines.ShaderGraph.ShaderGraphLibrary.pdb
[763/808    0s] CopyFiles Library/ScriptAssemblies/Unity.RenderPipelines.Core.Editor.Shared.pdb
[764/808    0s] CopyFiles Library/ScriptAssemblies/Unity.2D.IK.Runtime.pdb
[765/808    0s] CopyFiles Library/ScriptAssemblies/Unity.2D.Common.Runtime.pdb
[766/808    0s] CopyFiles Library/ScriptAssemblies/Unity.RenderPipelines.GPUDriven.Runtime.pdb
[767/808    0s] CopyFiles Library/ScriptAssemblies/PPv2URPConverters.pdb
[768/808    0s] CopyFiles Library/ScriptAssemblies/PPv2URPConverters.dll
[769/808    0s] CopyFiles Library/ScriptAssemblies/Unity.RenderPipelines.Universal.Shaders.pdb
[770/808    0s] CopyFiles Library/ScriptAssemblies/Unity.InputSystem.pdb
[771/808    0s] CopyFiles Library/ScriptAssemblies/Inochi2D.Editor.pdb
[772/808    0s] CopyFiles Library/ScriptAssemblies/Inochi2D.Editor.dll
[773/808    0s] CopyFiles Library/ScriptAssemblies/Unity.ShaderGraph.Utilities.pdb
[774/808    0s] CopyFiles Library/ScriptAssemblies/Unity.Burst.Editor.dll
[775/808    0s] CopyFiles Library/ScriptAssemblies/Unity.Burst.Editor.pdb
[776/808    0s] CopyFiles Library/ScriptAssemblies/Unity.Rendering.LightTransport.Editor.pdb
[777/808    0s] CopyFiles Library/ScriptAssemblies/Unity.Collections.pdb
[778/808    0s] CopyFiles Library/ScriptAssemblies/Unity.PerformanceTesting.Editor.pdb
[779/808    0s] CopyFiles Library/ScriptAssemblies/Unity.RenderPipelines.Universal.2D.Editor.Overrides.dll
[780/808    0s] CopyFiles Library/ScriptAssemblies/Unity.PerformanceTesting.Editor.dll
[781/808    0s] CopyFiles Library/ScriptAssemblies/Unity.Burst.pdb
[782/808    0s] CopyFiles Library/ScriptAssemblies/Unity.ShaderGraph.Utilities.dll
[783/808    0s] CopyFiles Library/ScriptAssemblies/Unity.InternalAPIEngineBridge.001.pdb
[784/808    0s] CopyFiles Library/ScriptAssemblies/Resonance.App.pdb
[785/808    0s] CopyFiles Library/ScriptAssemblies/Unity.InternalAPIEditorBridge.001.pdb
[786/808    0s] CopyFiles Library/ScriptAssemblies/Unity.RenderPipelines.Core.Runtime.Shared.pdb
[787/808    0s] CopyFiles Library/ScriptAssemblies/Unity.InternalAPIEditorBridge.001.dll
[788/808    0s] CopyFiles Library/ScriptAssemblies/Unity.Mathematics.pdb
[789/808    0s] CopyFiles Library/ScriptAssemblies/Unity.2D.Animation.Runtime.pdb
[790/808    0s] CopyFiles Library/ScriptAssemblies/Unity.RenderPipelines.Universal.2D.Editor.Overrides.pdb
[791/808    0s] CopyFiles Library/ScriptAssemblies/Unity.Rendering.LightTransport.Editor.dll
[792/808    0s] CopyFiles Library/ScriptAssemblies/Unity.RenderPipelines.Universal.Config.Runtime.pdb
[793/808    0s] CopyFiles Library/ScriptAssemblies/Inochi2D.Runtime.pdb
[794/808    0s] CopyFiles Library/ScriptAssemblies/Assembly-CSharp.pdb
[795/808    0s] CopyFiles Library/ScriptAssemblies/Unity.RenderPipelines.Core.ShaderLibrary.pdb
[796/808    0s] CopyFiles Library/ScriptAssemblies/Resonance.Battle.pdb
[797/808    0s] CopyFiles Library/ScriptAssemblies/Unity.RenderPipeline.Universal.ShaderLibrary.pdb
[798/808    0s] CopyFiles Library/ScriptAssemblies/Unity.InputSystem.TestFramework.pdb
[799/808    0s] CopyFiles Library/ScriptAssemblies/Unity.PerformanceTesting.pdb
[800/808    0s] CopyFiles Library/ScriptAssemblies/Unity.RenderPipelines.Core.Runtime.pdb
[801/808    0s] CopyFiles Library/ScriptAssemblies/Unity.InputSystem.ForUI.pdb
[802/808    0s] CopyFiles Library/ScriptAssemblies/Unity.RenderPipelines.Universal.Runtime.pdb
[803/808    0s] CopyFiles Library/ScriptAssemblies/UnityEngine.UI.pdb
[804/808    0s] CopyFiles Library/ScriptAssemblies/Unity.RenderPipelines.Universal.2D.Runtime.pdb
[805/808    0s] CopyFiles Library/ScriptAssemblies/Unity.UnifiedRayTracing.Runtime.pdb
[806/808    0s] CopyFiles Library/ScriptAssemblies/Unity.TextMeshPro.pdb
[807/808    0s] CopyFiles Library/ScriptAssemblies/EmeraldInochi.pdb
*** Tundra build success (0.65 seconds), 125 items updated, 808 evaluated
AssetDatabase: script compilation time: 2.881173s
Begin MonoManager ReloadAssembly
- Loaded All Assemblies, in  1.155 seconds
Start importing Assets using Guid(00000000000000001000000000000000) (DefaultImporter) -> (artifact id: '4b55c7cb15071bfc086d0e52a7664a41') in 0.312563 seconds
Start importing ProjectSettings/InputManager.asset using Guid(00000000000000002000000000000000) (LibraryAssetImporter) -> (artifact id: 'd7cbb2f293d488d47214d777b9ab9143') in 0.0052166 seconds
Start importing ProjectSettings/TagManager.asset using Guid(00000000000000003000000000000000) (LibraryAssetImporter) -> (artifact id: '36c82dc7fee27a9f15a8e3aa47f19119') in 0.0032611 seconds
Start importing ProjectSettings/ProjectSettings.asset using Guid(00000000000000004000000000000000) (LibraryAssetImporter) -> (artifact id: '78be429cf9390c17688f4ad99e8d86d0') in 0.0047681 seconds
Start importing ProjectSettings/AudioManager.asset using Guid(00000000000000006000000000000000) (LibraryAssetImporter) -> (artifact id: '1f9b6fd92dcfbee817b95a134e3d28fc') in 0.0032655 seconds
Start importing ProjectSettings/TimeManager.asset using Guid(00000000000000007000000000000000) (LibraryAssetImporter) -> (artifact id: '3e7b459e98cfb21a8ab539d867e021e1') in 0.0033686 seconds
Start importing ProjectSettings/DynamicsManager.asset using Guid(00000000000000008000000000000000) (LibraryAssetImporter) -> (artifact id: 'a5d9add94205fc779a949bfce7304f6f') in 0.0032575 seconds
Start importing ProjectSettings/QualitySettings.asset using Guid(00000000000000009000000000000000) (LibraryAssetImporter) -> (artifact id: '457200467dd6fe6820fbeac298e99462') in 0.0036863 seconds
Start importing ProjectSettings/EditorBuildSettings.asset using Guid(0000000000000000b000000000000000) (LibraryAssetImporter) -> (artifact id: '530ece8f1421572cb14b315398c8a2ad') in 0.0031698 seconds
Start importing ProjectSettings/EditorSettings.asset using Guid(0000000000000000c000000000000000) (LibraryAssetImporter) -> (artifact id: '21f7d90ade21ca1a894b1bb70fda8628') in 0.0032004 seconds
Start importing ProjectSettings/NavMeshAreas.asset using Guid(00000000000000004100000000000000) (LibraryAssetImporter) -> (artifact id: 'b9ba7138bda99968bc4da106ddbe1c2d') in 0.0036311 seconds
Start importing ProjectSettings/Physics2DSettings.asset using Guid(00000000000000005100000000000000) (LibraryAssetImporter) -> (artifact id: '02c2b682b55724022ef87a33e8725026') in 0.0033276 seconds
Start importing ProjectSettings/GraphicsSettings.asset using Guid(00000000000000006100000000000000) (LibraryAssetImporter) -> (artifact id: 'a46b3d5ecc500201128d93d63013430b') in 0.0032926 seconds
Start importing ProjectSettings/ClusterInputManager.asset using Guid(00000000000000007100000000000000) (LibraryAssetImporter) -> (artifact id: '5a028a71a6163b7bc9a46219c48662ec') in 0.003768 seconds
Start importing ProjectSettings/UnityConnectSettings.asset using Guid(0000000000000000a100000000000000) (LibraryAssetImporter) -> (artifact id: '8277d23a0264aed63c0c1f77e8749aad') in 0.0033913 seconds
Start importing ProjectSettings/PresetManager.asset using Guid(0000000000000000b100000000000000) (LibraryAssetImporter) -> (artifact id: '669bd2cb5cdf99ef516d1350fa42393e') in 0.0032393 seconds
Start importing ProjectSettings/VFXManager.asset using Guid(0000000000000000c100000000000000) (LibraryAssetImporter) -> (artifact id: 'd890aab3cc080522636f5d13475ea943') in 0.0031281 seconds
Start importing ProjectSettings/VersionControlSettings.asset using Guid(0000000000000000d100000000000000) (LibraryAssetImporter) -> (artifact id: '6699f6a30141aac50ed115ec20e131c2') in 0.0035279 seconds
Start importing ProjectSettings/MemorySettings.asset using Guid(0000000000000000f100000000000000) (LibraryAssetImporter) -> (artifact id: '19f032dc933bd79e61da5c81f7ddd1ac') in 0.0034461 seconds
Start importing ProjectSettings/MultiplayerManager.asset using Guid(00000000000000000200000000000000) (LibraryAssetImporter) -> (artifact id: '2f864bba7a58beddb6fbf79980c9a838') in 0.0029528 seconds
Start importing Library/BuildInstructions using Guid(00000000000000002300000000000000) (DefaultImporter) -> (artifact id: 'ade3aeda13ad9960ede0e143cb33502a') in 0.0007295 seconds
Start importing Packages/com.unity.nuget.mono-cecil using Guid(90ed072269172012fcebb3cd57b5a869) (DefaultImporter) -> (artifact id: '0d539c5c27d9466d76fd1fba9c65233b') in 0.0006563 seconds
Start importing Packages/com.unity.modules.imgui using Guid(c060426bfd6e82575228df6656368eaa) (DefaultImporter) -> (artifact id: '7d484ab5933192f91b6a2fb9f7498a1e') in 0.0007281 seconds
Start importing Packages/com.unity.modules.animation using Guid(1158e311a3101950348dcecb1bebc42d) (DefaultImporter) -> (artifact id: 'ad15220686cb46a8486da5a82128437e') in 0.0006836 seconds
Start importing Packages/com.unity.modules.xr using Guid(515638b803bef8599dbd6d5c8bdaa53e) (DefaultImporter) -> (artifact id: '5cc0ee7d1c42b8eaef23530dfcf3e4db') in 0.0009704 seconds
Start importing Packages/com.unity.searcher using Guid(42a7aa83e165f37a84c96e5d9348202d) (DefaultImporter) -> (artifact id: 'f5137bded0d0268abd615554240bfec8') in 0.0008352 seconds
Start importing Assets/EmeraldInochi using Guid(6298f74dd592f7a48b466ef7bd38ca00) (DefaultImporter) -> (artifact id: '3f62de2709f03b51ffd8a9cddd817f5f') in 0.0010265 seconds
Start importing Packages/com.unity.modules.assetbundle using Guid(b219c86ce508e478367c0a46e1aa9fe4) (DefaultImporter) -> (artifact id: 'bc1ccff54e0e81e719a299f618cbc700') in 0.001019 seconds
Start importing Assets/Content using Guid(c28abe1c60d97514c869cb71537b993d) (DefaultImporter) -> (artifact id: '32d575f36e7116acf88d5436637b6adf') in 0.0009517 seconds
Start importing Packages/com.unity.test-framework using Guid(33265d99cc03f644590814fd7c9d9012) (DefaultImporter) -> (artifact id: 'bb6c38ffcf6f38ac724d9ac027ca0c21') in 0.0008174 seconds
Start importing Assets/Editor using Guid(43d8de61e639d3b48a3f02f063e05671) (DefaultImporter) -> (artifact id: 'd331b808b3a0e7e911fe5e6bfe950816') in 0.0008947 seconds
Start importing Packages/com.unity.test-framework.performance using Guid(93963ca519b768cbd41ce8514a1fa148) (DefaultImporter) -> (artifact id: '40d5c72f8c722b0c922a3be50a2aa72e') in 0.0007278 seconds
Start importing Packages/com.unity.modules.screencapture using Guid(5469ef0820152a4ae45d400fdc4626e4) (DefaultImporter) -> (artifact id: '1b898430acdbbeb6302342e1f16ef5fd') in 0.0006627 seconds
Start importing Packages/com.unity.modules.cloth using Guid(c4df1124e2787ee0c8d1a911de17ee73) (DefaultImporter) -> (artifact id: 'b88b693b590a4a0a52eea9c60170b5d2') in 0.0006852 seconds
Start importing Assets/_Recovery using Guid(15f9e2eea0cbd0e4f88fc472d2fdaa52) (DefaultImporter) -> (artifact id: '1fa8c0b80f9a66c7e50146a48c091ed4') in 0.0007592 seconds
Start importing Packages/com.unity.mathematics using Guid(45c97f030cad27ef8667e2ac80bf5783) (DefaultImporter) -> (artifact id: '9c29a0dd1dcdc096ec0904a229682a15') in 0.0006511 seconds
Start importing Packages/com.unity.modules.imageconversion using Guid(850c54ee0b9e1aa740b1c67792eb1f26) (DefaultImporter) -> (artifact id: '77f78b27bd9bac81a00a007ef6f28867') in 0.0006868 seconds
Start importing Packages/com.unity.modules.terrainphysics using Guid(95f85adeda79e994f011eb2152cf4fc9) (DefaultImporter) -> (artifact id: '361f0b2a768839d40a5a079492e0ff7f') in 0.0006525 seconds
Start importing Packages/com.unity.render-pipelines.core using Guid(a56275a986cae448896ed2b70958250c) (DefaultImporter) -> (artifact id: '22d5950f7d0e3e3e55d24bfd5dd9ec9c') in 0.0006728 seconds
Start importing Assets/Plugins using Guid(a5a4e3a99c054e341834293ec3dfb6d9) (DefaultImporter) -> (artifact id: 'f460de8b9f362451542ab8f29501b149') in 0.0008717 seconds
Start importing Packages/com.unity.modules.unitywebrequest using Guid(c522a644a29fcab2eaf63298c118a65b) (DefaultImporter) -> (artifact id: 'd98f38a0b0a3a6ad84b730beb63727de') in 0.0007738 seconds
Start importing Packages/com.unity.modules.unitywebrequestassetbundle using Guid(d5f0b0adc6826e9dd3b72e292e8438be) (DefaultImporter) -> (artifact id: '4efb6f2729456c035f8d2599b921b1ba') in 0.0007022 seconds
Start importing Packages/com.unity.modules.subsystems using Guid(56b94a5b6990c879bb0f057719d1064b) (DefaultImporter) -> (artifact id: '04a7449add44c3b40bdab2ee56a390af') in 0.0007829 seconds
Start importing Assets/Scenes using Guid(56cd8ddc492616945a6828b0d0f39869) (DefaultImporter) -> (artifact id: 'c15810cce6e9e75dd962561cbc9d5a73') in 0.0007998 seconds
Start importing Assets/Inochi2D using Guid(86b7d1b4b0c23d641a7bd79a5f5ae433) (DefaultImporter) -> (artifact id: '508e395bd717f0d3730fd0e6cea68813') in 0.0008357 seconds
Start importing Assets/Settings using Guid(864c0266c5f837a4daad41b575206bed) (DefaultImporter) -> (artifact id: '1d9131eb0679f7968c6d73ba423f6a2d') in 0.0008322 seconds
Start importing Packages/com.unity.modules.unityanalytics using Guid(d6c6a000a805f00649b36b542e8426c2) (DefaultImporter) -> (artifact id: '50e342d51c4bbc49e9992c96072b1439') in 0.0006977 seconds
Start importing Packages/com.unity.modules.physics using Guid(d6db7caf2e852b75ebb9c6098418179c) (DefaultImporter) -> (artifact id: 'b562405fb5bd1c9305c356f8cfe7a672') in 0.0006542 seconds
Start importing Packages/com.unity.2d.animation using Guid(f67ef92394d3f1aa696fe543fac8c5a1) (DefaultImporter) -> (artifact id: 'ea3e1a11007391b9a218606deef0add3') in 0.0006396 seconds
Start importing Packages/com.unity.inputsystem using Guid(077c6e7d933fe14314d649b48e5a2ae9) (DefaultImporter) -> (artifact id: '4f77cc3f777425872ea3f04817bcb24f') in 0.0006306 seconds
Start importing Packages/com.unity.modules.vr using Guid(178008567c08e6d84014fa87825d10bb) (DefaultImporter) -> (artifact id: '73cec448275baf0a5bb22c2b6702dc1b') in 0.0006502 seconds
Start importing Packages/com.unity.modules.physics2d using Guid(376c84ea405e0f2b80562c23bb977216) (DefaultImporter) -> (artifact id: 'f030ba7c21f8c3d36c2700ba9484429e') in 0.0006743 seconds
Start importing Assets/Scripts using Guid(870cc66252a2e8a4395942f9ecb96a61) (DefaultImporter) -> (artifact id: 'c2742f5d17d058160e91b3c0800def0e') in 0.0008027 seconds
Start importing Packages/com.unity.modules.wind using Guid(b77b1ad9c05af0412725856c6c53b037) (DefaultImporter) -> (artifact id: '61b7785e224d7c7b869e66861a5b4394') in 0.0006682 seconds
Start importing Packages/com.unity.ide.visualstudio using Guid(d7e354c831b057cfbbd14d7bdc396194) (DefaultImporter) -> (artifact id: '0cb46e262c26787287039ce4ae17fada') in 0.0006309 seconds
Start importing Packages/com.unity.modules.uielements using Guid(2808ba6bccb2478ec9c7209d8bf1f3cc) (DefaultImporter) -> (artifact id: '49f971d306aab8cb20ddbc00ca94734a') in 0.0006343 seconds
Start importing Packages/com.unity.modules.unitywebrequestaudio using Guid(38e3a8976f0b9c586b6dfbcef4e4066c) (DefaultImporter) -> (artifact id: 'd22a0a5dce520265216aede629a15820') in 0.000599 seconds
Start importing Packages/com.unity.modules.particlesystem using Guid(48b10b41f58d5b49717f376cda59eeb8) (DefaultImporter) -> (artifact id: '52931c3585e961751803a41152ba5f0c') in 0.0005639 seconds
Start importing Packages/com.unity.2d.sprite using Guid(48c2824b53fb5ee91a0a4e7d340d9fa0) (DefaultImporter) -> (artifact id: '33cab0ff86a9d75158a0eef62783be04') in 0.0005781 seconds
Start importing Packages/com.unity.render-pipelines.universal using Guid(a8a8837bc9b2a05f9c18a6e71e17973d) (DefaultImporter) -> (artifact id: '0fab98e9ed19f98fdac65d1296270acc') in 0.0007068 seconds
Start importing Packages/com.unity.modules.tilemap using Guid(09e28640d754a611467eebfb261ed749) (DefaultImporter) -> (artifact id: 'e25ff35afe7ee7ac44e2f5154ec1bf6d') in 0.0007062 seconds
Start importing Packages/com.unity.modules.ui using Guid(39728903e57c60021f80449a8bbc0096) (DefaultImporter) -> (artifact id: '9ba448b29b75a8a1f5c4c31201266424') in 0.0007204 seconds
Start importing Packages/com.unity.modules.androidjni using Guid(995c08a3305ff9f0dab5e86f340bd9a7) (DefaultImporter) -> (artifact id: 'cb17bea8d2250c1b95c120c742c59ba3') in 0.0007067 seconds
Start importing Packages/com.unity.shadergraph using Guid(9a2fc9d62c0ca9a4297723b7091fa9dd) (DefaultImporter) -> (artifact id: 'cf71afb6d6b4e56dea205d1bb765cf38') in 0.0006886 seconds
Start importing Packages/com.unity.ext.nunit using Guid(aa43149513e0d0ab612ac9968c8a459c) (DefaultImporter) -> (artifact id: 'ee13436749111590db54b58b9cfcf583') in 0.0006676 seconds
Start importing Packages/com.unity.ugui using Guid(ba45605b4ba0a2d742430311e4b195c0) (DefaultImporter) -> (artifact id: 'a919a575a9d7c5344a93af2ca562af33') in 0.0007444 seconds
Start importing Packages/com.unity.modules.hierarchycore using Guid(6b81377a4453ba7362eb3322f9bcc6c6) (DefaultImporter) -> (artifact id: 'b5ba94375de312bec58cfc03230046fb') in 0.000748 seconds
Start importing Packages/com.unity.modules.vehicles using Guid(1cf2469083ffa484da4d78dd70d708e8) (DefaultImporter) -> (artifact id: '9c6c089c957cf9dd84e226d7cd597cc4') in 0.0006936 seconds
Start importing Packages/com.unity.modules.umbra using Guid(9c7c268fa6492449654839df69f2a2f4) (DefaultImporter) -> (artifact id: '281c95feba9f039879135a452ddf9925') in 0.0006945 seconds
Start importing Packages/com.unity.modules.unitywebrequestwww using Guid(dcc8c6e92b172a65719af5ddf47dd968) (DefaultImporter) -> (artifact id: '7f5a98437b302707aa44474c2ba685a9') in 0.0006892 seconds
Start importing Packages/com.unity.modules.jsonserialize using Guid(fc3a810351931f5e6183e16b9beb5563) (DefaultImporter) -> (artifact id: 'ae149b8f46567b37c6b77b16bb572fe8') in 0.0006783 seconds
Start importing Packages/com.unity.modules.director using Guid(2d142b475fbfb8cf12ba3a795194300a) (DefaultImporter) -> (artifact id: '048fe235c538004c98f298dced6201df') in 0.0006654 seconds
Start importing Packages/com.unity.burst using Guid(2db9b03aaf3d8754fea6aa2648512f8c) (DefaultImporter) -> (artifact id: '0d05881254e7fd3570cb6c5b2a1df5ba') in 0.0007666 seconds
Start importing Packages/com.unity.modules.audio using Guid(2d6ba5cbe47e6ad3c87474c56174d4e0) (DefaultImporter) -> (artifact id: '2ad5535b0c9fde796c0a268a703c42c8') in 0.000752 seconds
Start importing Assets/EmeraldBunny using Guid(5d2c3981a86daa641a74b4eaa4a2293d) (DefaultImporter) -> (artifact id: 'c42f8ac417ae7187f702f0238bbd39c3') in 0.0008606 seconds
Start importing Packages/com.unity.modules.video using Guid(ede0462698a4a5643aa9872c074acd38) (DefaultImporter) -> (artifact id: '3172065d6af8ff17b025e0af8d219d15') in 0.0007391 seconds
Start importing Packages/com.unity.modules.ai using Guid(fd871a8be47119612f7c254e96a822b7) (DefaultImporter) -> (artifact id: '619e67a2820f0fb43e606df1f0c95aa2') in 0.0007345 seconds
Start importing Packages/com.unity.2d.common using Guid(0e219626a6fbd3aa17fc090758e68804) (DefaultImporter) -> (artifact id: 'bada3cc11ffe8a9ab311e54beba34a27') in 0.0006902 seconds
Start importing Packages/com.unity.collections using Guid(6ea2c6f3763d4b5a29419bcb653c9df5) (DefaultImporter) -> (artifact id: '3083acc48391fbb878c60189f22d6001') in 0.0009395 seconds
Start importing Packages/com.unity.modules.terrain using Guid(6e1c8b97ec8aa0464e92506ffe099558) (DefaultImporter) -> (artifact id: 'd262e4fb78f6fff54404eb87b88b9ac4') in 0.0007544 seconds
Start importing Packages/com.unity.render-pipelines.universal-config using Guid(9ebba4de0bc7f6a8d93a6a7ce368a4c7) (DefaultImporter) -> (artifact id: '3ecc0c7de9779d9030bf92f747830dd7') in 0.0007433 seconds
Start importing Packages/com.unity.modules.unitywebrequesttexture using Guid(6f1c7ebc8ac78cb951be24c238cbd3ba) (DefaultImporter) -> (artifact id: '590a54cd80ec2a1da1d11f7ee409e01f') in 0.0006998 seconds
Start importing Assets/Resources using Guid(9f1e2d3c4b5a69788776655443322110) (DefaultImporter) -> (artifact id: '0283aa7a51af5f33ccf11ba23e15da6b') in 0.0007969 seconds
Start importing Packages/com.unity.burst/Unity.Burst.CodeGen using Guid(0025085fa936303aa05b328e44651f9c) (DefaultImporter) -> (artifact id: 'da87d48daf8566acca1fe2c6c85e70c9') in 0.0008259 seconds
Start importing Packages/com.unity.collections/Unity.Collections.BurstCompatibilityGen using Guid(00a9bcd29d03e5043aad0c9a7e6185f3) (DefaultImporter) -> (artifact id: '3dd9924ad498f25718ce4d4d035f87b7') in 0.0009006 seconds
Start importing Packages/com.unity.render-pipelines.core/Editor-PrivateShared using Guid(50e0a64c6fdb90f48a1dbcfa7af69056) (DefaultImporter) -> (artifact id: '0b0f24df30bbdcd12549289cd8d34204') in 0.0008578 seconds
Start importing Packages/com.unity.render-pipelines.universal/Tests using Guid(90821e75f62bb9e4ea9d6111201e1d90) (DefaultImporter) -> (artifact id: 'a8b2f01a50cf4982779995b3da55b294') in 0.0008715 seconds
Start importing Assets/Editor/Build using Guid(c0e1e001111111111111111111111111) (DefaultImporter) -> (artifact id: '78a95e0c850a87bf058425ced418bcc3') in 0.0007856 seconds
Start importing Assets/Editor/Smoke using Guid(c0e1e002222222222222222222222222) (DefaultImporter) -> (artifact id: 'e5188463c79836cec3bdee79383d4b96') in 0.0007034 seconds
Start importing Packages/com.unity.inputsystem/DocCodeSamples.Tests using Guid(c0f26b555bfc14351a9f8ec342fd6ae8) (DefaultImporter) -> (artifact id: '108896428b26b8f66f9e2e884369a98b') in 0.0007159 seconds
Start importing Packages/com.unity.2d.common/Editor using Guid(f07558e3f18214421b184e32d188624c) (DefaultImporter) -> (artifact id: '9cb41b1ebf73ce40f07f5d3cbe8e4f20') in 0.0007528 seconds
Start importing Packages/com.unity.render-pipelines.universal-config/Tests using Guid(b16c0985df25c08458c254464b931122) (DefaultImporter) -> (artifact id: '72c712d894e0ede789678c40f748a38a') in 0.0008846 seconds
Start importing Packages/com.unity.shadergraph/ShaderGraphLibrary using Guid(c1bc9b92d5eaa40f8a85c1f48ba87de9) (DefaultImporter) -> (artifact id: 'be7b64766ee5b69eb7ec498c0dbae152') in 0.0008609 seconds
Start importing Packages/com.unity.ugui/Editor Resources using Guid(d1a0a27327b54c3bac52a08929c33f81) (DefaultImporter) -> (artifact id: '89d4bdf381a63d2d738dcc151e624513') in 0.0009067 seconds
Start importing Packages/com.unity.collections/Unity.Collections.Editor using Guid(d1e9e4c1f536d9246ac795d9abc62342) (DefaultImporter) -> (artifact id: '7eaed701002a9747ad365e4801cbfde1') in 0.0007915 seconds
Start importing Packages/com.unity.burst/Runtime using Guid(e1700f0d2aa03c568eaedb3efe6720f0) (DefaultImporter) -> (artifact id: '8b92d21c9a23dbc0f6bf20116309d43e') in 0.0008723 seconds
Start importing Packages/com.unity.2d.common/Tests using Guid(e1b9d7367fd994e26a0a18b0461837b3) (DefaultImporter) -> (artifact id: '9a619db4a19cb233db5ef2c9dd0967d3') in 0.0008567 seconds
Start importing Packages/com.unity.inputsystem/Tests using Guid(f1c1e9b3951e340e48a3d2c037d6f48b) (DefaultImporter) -> (artifact id: '3ea7d62947e148c46603b1d107d03712') in 0.0008709 seconds
Start importing Assets/Inochi2D/Resources using Guid(128ece0f020f78e42b8916101887345d) (DefaultImporter) -> (artifact id: '31e6e7604602d354f036aaf016dbba31') in 0.0007161 seconds
Start importing Packages/com.unity.searcher/Editor using Guid(03d97a496f60a574f8955a1258f8f956) (DefaultImporter) -> (artifact id: '3c911fbef8c9e67f646a9f7b85a35006') in 0.0009193 seconds
Start importing Assets/EmeraldBunny/Art using Guid(130ab2504cb5a8542ae884bfd1f4f35c) (DefaultImporter) -> (artifact id: '4a9f52a77644bc160d24a1401821432c') in 0.0008209 seconds
Start importing Packages/com.unity.render-pipelines.universal/Editor using Guid(53c20613ce8ac478dba8507359e02516) (DefaultImporter) -> (artifact id: '1b7596313ce94b29aab40270d50652d8') in 0.0009893 seconds
Start importing Packages/com.unity.render-pipelines.core/ShaderLibrary using Guid(534c3b565c7ef4248a10594dbdf4faf1) (DefaultImporter) -> (artifact id: '2fbf526cc6816413d66c6fe72f697787') in 0.0010902 seconds
Start importing Packages/com.unity.collections/Unity.Collections.LowLevel.ILSupport using Guid(6353acf8df7d746d98d65f640d39ea47) (DefaultImporter) -> (artifact id: '3bfe95cb61b3a0d592374497b51a9e59') in 0.0008602 seconds
Start importing Assets/Inochi2D/Native using Guid(938bda1ce40075547bf46ce2766e480a) (DefaultImporter) -> (artifact id: '408059a39df44639c329406620af25e3') in 0.0007961 seconds
Start importing Packages/com.unity.mathematics/Unity.Mathematics using Guid(b3be5912975a74cc0b42e9039d91daf1) (DefaultImporter) -> (artifact id: 'db7e4658d6f4167db080f5d152bddf79') in 0.0008779 seconds
Start importing Packages/com.unity.mathematics/Tests using Guid(e3503cbca3a6645cb8298d5cecf03cec) (DefaultImporter) -> (artifact id: '7a7efa4be2c2bba6f2efc8aff051210e') in 0.0009141 seconds
Start importing Packages/com.unity.2d.animation/Tests using Guid(04094496a840e4b66a9207270b8d6e42) (DefaultImporter) -> (artifact id: 'a7460b12945be775ee459f44700ffed9') in 0.0009315 seconds
Start importing Packages/com.unity.render-pipelines.universal/Shaders using Guid(248877dd7078443d6b51abf21ee7d52a) (DefaultImporter) -> (artifact id: '564022fb5e58e1dc030736cf0c6b7619') in 0.001037 seconds
Start importing Packages/com.unity.render-pipelines.core/Editor using Guid(74ae8146f4a01491ba1306f3db78139d) (DefaultImporter) -> (artifact id: 'bcce6bcb588ab2ebe4cd0f763d9b1c21') in 0.000895 seconds
Start importing Packages/com.unity.collections/Unity.Collections.CodeGen using Guid(d44454e6d25878e46a8495f8a720d7c0) (DefaultImporter) -> (artifact id: 'dc5b6330d6bcd6bbb34157022b1e02b9') in 0.00094 seconds
Start importing Packages/com.unity.2d.animation/IK using Guid(350d0a33d0eff469e827fca813d0a6ad) (DefaultImporter) -> (artifact id: 'd1949cc3c3199480c70730c68881296c') in 0.0009396 seconds
Start importing Packages/com.unity.test-framework/UnityEngine.TestRunner using Guid(950890083f4907541a6ed06d70959e49) (DefaultImporter) -> (artifact id: 'b2380b0eb08023ce063c7b7396ba8e5e') in 0.0009139 seconds
Start importing Packages/com.unity.test-framework/UnityEditor.TestRunner using Guid(95cdf27b47eb82747ba9e51f41e72a35) (DefaultImporter) -> (artifact id: '77f76be7513a4e9a3b3e2eeeb0b13cad') in 0.0008475 seconds
Start importing Packages/com.unity.collections/Unity.Collections using Guid(b5713c21e3bf34803880e60596ab7e69) (DefaultImporter) -> (artifact id: 'cfed2240ead5e584460a4650f86e225a') in 0.0007709 seconds
Start importing Packages/com.unity.2d.animation/Runtime using Guid(b5e13ffaa298c414091b9cdb6e0c2b9c) (DefaultImporter) -> (artifact id: 'd68a3e2abf0e35d9d700b3db70806b72') in 0.0006954 seconds
Start importing Assets/Scripts/Resonance.Battle using Guid(d57f808152a5aa94cbb932ab2209388b) (DefaultImporter) -> (artifact id: '4719c46fc67da7e28dfb343d5133b892') in 0.0007568 seconds
Start importing Packages/com.unity.nuget.mono-cecil/Tests using Guid(0600146fb26ea4138a2f66b89faa9e86) (DefaultImporter) -> (artifact id: '471bb5efc522ca1d3dc593d9c7594c0a') in 0.0008099 seconds
Start importing Packages/com.unity.2d.sprite/Editor using Guid(16fa2ad734f422245b86558310973ad1) (DefaultImporter) -> (artifact id: '9ce063a7336b14f21ccdcf65fdb6033e') in 0.0008148 seconds
Start importing Packages/com.unity.2d.animation/Editor using Guid(164d22a8da00e422a93e091c7bd338df) (DefaultImporter) -> (artifact id: '1b8ec9dd326dedc3b7c6f85c39f18abd') in 0.0007874 seconds
Start importing Assets/Plugins/Android using Guid(367f50d4a54626b469f5fe29666022fa) (DefaultImporter) -> (artifact id: '010608bfa2c80951578dd856e6ab96cb') in 0.0007974 seconds
Start importing Packages/com.unity.burst/Editor using Guid(a6ca3ceb44ad3b13ad15d2de0caf14d0) (DefaultImporter) -> (artifact id: 'b77eb78338e9f974f17eb7df60d7cd81') in 0.0008205 seconds
Start importing Packages/com.unity.shadergraph/Tests using Guid(b67edcfd84add6e4a97f27f155b61a7b) (DefaultImporter) -> (artifact id: '8d392ba38630bc1cd2405718685f9616') in 0.0009023 seconds
Start importing Packages/com.unity.2d.common/Path using Guid(47dedd1dcc1944ea291f9762ac77d165) (DefaultImporter) -> (artifact id: '7f2a7d668faeda562f7a3962e1ca7474') in 0.0008663 seconds
Start importing Packages/com.unity.render-pipelines.universal-config/Runtime using Guid(670b80493e242394ba4eda64f09253ac) (DefaultImporter) -> (artifact id: '969fcf6c60ced85ee128f24c2e4f49ba') in 0.0010451 seconds
Start importing Packages/com.unity.test-framework/Tests using Guid(b70e28337c9001e4390442151ea5542c) (DefaultImporter) -> (artifact id: '88dd20ad2c23d64332e901fda31c7692') in 0.0008898 seconds
Start importing Packages/com.unity.test-framework.performance/Editor using Guid(0855336f89ed65c45a15c56d2269fffd) (DefaultImporter) -> (artifact id: 'e2a496ca2a54bc21997c75cf10ea96b9') in 0.0008863 seconds
Start importing Packages/com.unity.ugui/Tests using Guid(d850db319a63d2546932ff76fe55a498) (DefaultImporter) -> (artifact id: '87ed2bbc25b91c58b304abd09ed3aaba') in 0.0008893 seconds
Start importing Packages/com.unity.render-pipelines.core/Shaders using Guid(1966e5ee4a6d00344b701c86ac98a770) (DefaultImporter) -> (artifact id: 'a76a0467b16d8ab2206ade82af08c20f') in 0.0009578 seconds
Start importing Packages/com.unity.render-pipelines.universal/Textures using Guid(6970e3730c799f44ab472c8aa6c4b431) (DefaultImporter) -> (artifact id: 'bf7de6916e6788a6ccf01880f1701369') in 0.0008812 seconds
Start importing Packages/com.unity.render-pipelines.universal/Runtime using Guid(79e8584360be43649ad60cb0f180e904) (DefaultImporter) -> (artifact id: '982b85db3ea9db95dfe6f54103330194') in 0.0008675 seconds
Start importing Packages/com.unity.render-pipelines.core/Runtime using Guid(89c766a6aa0579c4b9f01bbbe5a45dfd) (DefaultImporter) -> (artifact id: 'f8fc9448182db0343cb00dae7a6184e4') in 0.0008919 seconds
Start importing Assets/Inochi2D/Editor using Guid(3a93abf358ccbfd45bf9574a1ff2e000) (DefaultImporter) -> (artifact id: '54dc6f6e532e320c74f05b0ac94b4ce0') in 0.0007576 seconds
Start importing Packages/com.unity.ide.visualstudio/Editor using Guid(4a707af59e3522d43afe34dfc4429b86) (DefaultImporter) -> (artifact id: 'f88aacd1454d2c39e5a3237a55a704b1') in 0.0009242 seconds
Start importing Packages/com.unity.ugui/Runtime using Guid(aa14b70e6a58c5b4fa6663623e3dca91) (DefaultImporter) -> (artifact id: 'fa7aa1d533b272bf79afdbd5404453cd') in 0.0009228 seconds
Start importing Packages/com.unity.shadergraph/GraphTemplates using Guid(ba49d6ca56964cc28bd1278524ad02a1) (DefaultImporter) -> (artifact id: '1db1c4bf1700b8661fc26a18a25a98d8') in 0.0008498 seconds
Start importing Packages/com.unity.collections/Unity.Collections.Tests.Playmode using Guid(1bc474d6c48563e48bf377774df23cb1) (DefaultImporter) -> (artifact id: '00df3bec1f22919a9dfe00e1760c2354') in 0.0008 seconds
Start importing Assets/EmeraldBunny/Editor using Guid(2bdf9b51b92c35e4a8ca06955999b409) (DefaultImporter) -> (artifact id: '3ee544c0c280acca9c32d7cf0fb5bcba') in 0.0007307 seconds
Start importing Packages/com.unity.render-pipelines.core/Runtime-PrivateShared using Guid(3bc3c7fe1d0033c4aaa7cd04fe5ba574) (DefaultImporter) -> (artifact id: 'e069b3d81777c5587acb66dc67ef292c') in 0.0010878 seconds
Start importing Assets/Scripts/Resonance.App using Guid(4b8001b94fff8554bb3cb72b18ee9cba) (DefaultImporter) -> (artifact id: 'bae1f63936a3fb98574e0e9f8f7bb22b') in 0.0009012 seconds
Start importing Packages/com.unity.searcher/Tests using Guid(4b666628832cadb45b2a56d441fc8220) (DefaultImporter) -> (artifact id: 'feb63d593cfd52f4f481a22bb42033fd') in 0.0007847 seconds
Start importing Packages/com.unity.inputsystem/InputSystem using Guid(7be622e2320c433e83fcfd2dbb7bd468) (DefaultImporter) -> (artifact id: '9d8a939a01d340a6bfc51960567658cf') in 0.0007551 seconds
Start importing Packages/com.unity.collections/Unity.Collections.PerformanceTests using Guid(4c3b5584c2c4c483b9816878d89d3793) (DefaultImporter) -> (artifact id: '1ec40f0db75de92f464c23a2e6f73533') in 0.0006552 seconds
Start importing Packages/com.unity.collections/Unity.Collections.Tests using Guid(5c67b9b0b7cb745ff9944601a5b65149) (DefaultImporter) -> (artifact id: '74fa25095f66dc387ef11e14b714dc4d') in 0.0007764 seconds
Start importing Packages/com.unity.render-pipelines.core/Tests using Guid(6c67acbbc1ebd5a479b3bef04c939d02) (DefaultImporter) -> (artifact id: '7334d2748cec619bf95b7956addd5ff1') in 0.0008386 seconds
Start importing Packages/com.unity.render-pipelines.universal/ShaderLibrary using Guid(2de5b472450204ae2853db2cb6a2540a) (DefaultImporter) -> (artifact id: 'd34fd82b23d644112ff05e85decdabfe') in 0.0007916 seconds
Start importing Assets/Inochi2D/Runtime using Guid(3d964be5ef6857649815f3c9af85f7df) (DefaultImporter) -> (artifact id: 'bbd48560cc77990b6753a82863ac57fd') in 0.0009455 seconds
Start importing Packages/com.unity.collections/DocCodeSamples.Tests using Guid(ed2c1c145cb193d4d8987d3886bc12b4) (DefaultImporter) -> (artifact id: '26636d22e55ca5da8c3e23d89b25fa92') in 0.0010404 seconds
Start importing Packages/com.unity.mathematics/Unity.Mathematics.Editor using Guid(ed3cf288b647446a1a4040049eb363d7) (DefaultImporter) -> (artifact id: 'd3eca6a996482eb62a5232eb96f5fb32') in 0.0009802 seconds
Start importing Assets/Resources/Art using Guid(4eeb1c3bc9a57a24a884c7073dd9c627) (DefaultImporter) -> (artifact id: 'a99a21a81ff0e28c52f1677c8dc4e000') in 0.0009678 seconds
Start importing Packages/com.unity.ugui/Package Resources using Guid(5ec95f4d5b2d1f14e9ff8682562553f9) (DefaultImporter) -> (artifact id: '20161e53e484de6465e75d382f9dbde6') in 0.0009343 seconds
Start importing Packages/com.unity.test-framework.performance/Runtime using Guid(6edbafb3b8c712640ae66bb69eabb0a8) (DefaultImporter) -> (artifact id: 'e87c74f33b2b99dd5ff05c90cdbea71a') in 0.0009101 seconds
Start importing Packages/com.unity.2d.sprite/Tests using Guid(7e2656e167a517b4d8552ba38f4b7bbe) (DefaultImporter) -> (artifact id: '9162fd1aa14def45d2947dece82f8d2e') in 0.0008544 seconds
Start importing Assets/Resources/Fonts using Guid(8e7d6c5b4a39281706f5e4d3c2b1a090) (DefaultImporter) -> (artifact id: 'a96fe35ceb3406cc04baf2d2ae4f45de') in 0.0009004 seconds
Start importing Packages/com.unity.ugui/Editor using Guid(bee384ad5b4d1a843a018082e7db53cd) (DefaultImporter) -> (artifact id: 'cc2ff2381a5068f9e19e880ea4d9c9b1') in 0.0010899 seconds
Start importing Assets/EmeraldInochi/Resources using Guid(cecb931661e6d9949a9a9d112e7e271a) (DefaultImporter) -> (artifact id: '877681ef6cfa0b7eda0b82b1284e0679') in 0.0009444 seconds
Start importing Packages/com.unity.collections/Unity.Collections.PerformanceTests.Internal using Guid(ee3c6001d6f4bbf409631328fb4cd463) (DefaultImporter) -> (artifact id: 'c249378977d3bb66d7182029bc57efbf') in 0.0009434 seconds
Start importing Assets/EmeraldBunny/Generated using Guid(0f0c06196054ed949a8373cd03c35129) (DefaultImporter) -> (artifact id: '49629d83641f5c35173d2b90f886ef41') in 0.0008283 seconds
Start importing Assets/EmeraldBunny/Runtime using Guid(1fd7a85f6e433474d9db12bb2e08e1c0) (DefaultImporter) -> (artifact id: '47d0bdedb6e6850e3ac64699d901bbc8') in 0.0007246 seconds
Start importing Packages/com.unity.2d.common/Runtime using Guid(4f5e03422df3a442089f65a1856ece1b) (DefaultImporter) -> (artifact id: '264e11aab40f1e12249501a5d9e3531c') in 0.0010804 seconds
Start importing Assets/Resources/Shaders using Guid(9f3a1c8e2d5b4a67b0c1e4f8a2d6b395) (DefaultImporter) -> (artifact id: '0dc5e7796cd1a2033c35ff4cde8a968b') in 0.0009318 seconds
Start importing Packages/com.unity.shadergraph/Editor using Guid(af35822cb60c9a44cba3e3f0317ac0ac) (DefaultImporter) -> (artifact id: '7261d79a32e2d81e40b6ce40e175d685') in 0.0008705 seconds
Start importing Packages/com.unity.ext.nunit/net40 using Guid(af19581c6078849139e0671f575e4b7c) (DefaultImporter) -> (artifact id: '7cfa80f12945c74956f086b3610c7a51') in 0.0007531 seconds
Start importing Packages/com.unity.render-pipelines.core/Runtime/Settings using Guid(00a116691603d1943905c38f0640a134) (DefaultImporter) -> (artifact id: '71cdd0fd3619dac82c43ddf098391e87') in 0.0012051 seconds
Start importing Packages/com.unity.render-pipelines.universal/Editor/BuildProcessors using Guid(00b78da5a2abda548bce3022822ebb7f) (DefaultImporter) -> (artifact id: '17b04a667c6324d4842128cb417b9dc8') in 0.0010465 seconds
Start importing Packages/com.unity.ugui/Editor/TMP using Guid(10d1425d9e87841d9a9deafe9e93a6f2) (DefaultImporter) -> (artifact id: 'b78a297ad64c4d78728ae683af3e5658') in 0.0010015 seconds
Start importing Packages/com.unity.2d.sprite/Editor/Assets using Guid(20c685e07fa93400e9c30b0326f57bfd) (DefaultImporter) -> (artifact id: 'f4b8df3d516fc647b43d3555215c3262') in 0.0011353 seconds
Start importing Packages/com.unity.inputsystem/InputSystem/Actions using Guid(2069418e852748dbaa154cf71b8f033a) (DefaultImporter) -> (artifact id: '167be0b6519189d25732f15cdb3467aa') in 0.0009228 seconds
Start importing Packages/com.unity.test-framework.performance/Editor/TestReportGraph using Guid(30bb01dc09cb89b4faf344490fee76a7) (DefaultImporter) -> (artifact id: 'c056d2cc8d67d2551a8b28858fc6c1f5') in 0.0009312 seconds
Start importing Packages/com.unity.2d.animation/Runtime/SpriteLib using Guid(6097af7ac26e2c44db9c7c46b94f4f4f) (DefaultImporter) -> (artifact id: '8d134a01e4e345dcdf0c7b827062adf4') in 0.0008562 seconds
Start importing Packages/com.unity.render-pipelines.universal/Editor/AssetPostProcessors using Guid(80a17677e8c9b3040a01d400cf19819f) (DefaultImporter) -> (artifact id: '888f321c84e356bfb3319529276d7267') in 0.0008444 seconds
Start importing Packages/com.unity.render-pipelines.core/Editor/Properties using Guid(80eb240eb8f49794ea98245f43a29de6) (DefaultImporter) -> (artifact id: 'f1cbee2d0f1121fcbdeee7f1a0559a41') in 0.000806 seconds
Start importing Assets/EmeraldBunny/Generated/Materials using Guid(a0f2817a437199e42a527a807d5cf858) (DefaultImporter) -> (artifact id: 'f8332ae9a2f5b886aeb6546713fb2d0e') in 0.0007948 seconds
Start importing Packages/com.unity.2d.common/Editor/DebugTools using Guid(a02323b0227f4b858e3f9bf63620ee12) (DefaultImporter) -> (artifact id: 'b1ba874d0f0980e0931f27194958c742') in 0.0008355 seconds
Start importing Packages/com.unity.render-pipelines.core/Editor/UXML using Guid(a05d5395a414809438a369bcd59aa8d0) (DefaultImporter) -> (artifact id: 'dbd2f74a563c48e2929158308bbf1db2') in 0.0008729 seconds
Start importing Assets/Scripts/Resonance.App/Core using Guid(c0a1e001111111111111111111111111) (DefaultImporter) -> (artifact id: '59c9606aa77fd6d094173b377854a449') in 0.0007809 seconds
Start importing Assets/Scripts/Resonance.App/Battle using Guid(c0a1e002222222222222222222222222) (DefaultImporter) -> (artifact id: 'bf92621d6426807b564fbb98f25e3626') in 0.0007579 seconds
Start importing Assets/Scripts/Resonance.App/Characters using Guid(c0a1e003333333333333333333333333) (DefaultImporter) -> (artifact id: 'ee3ab6b7569e253da1f0809508414c3e') in 0.0007515 seconds
Start importing Assets/Scripts/Resonance.App/UI using Guid(c0a1e004444444444444444444444444) (DefaultImporter) -> (artifact id: '926aa6c3649d66e0fdb9dcc14fc08054') in 0.0009551 seconds
Start importing Assets/Scripts/Resonance.App/Debug using Guid(c0a1e005555555555555555555555555) (DefaultImporter) -> (artifact id: '448a7481315f251b62b29979a76ca078') in 0.000958 seconds
Start importing Assets/Scripts/Resonance.Battle/Core using Guid(c0b1e001111111111111111111111111) (DefaultImporter) -> (artifact id: '470d519b26c004c7a1b3166fa02ac69b') in 0.0010061 seconds
Start importing Assets/Scripts/Resonance.Battle/Progression using Guid(c0b1e002222222222222222222222222) (DefaultImporter) -> (artifact id: 'f3288eabf81a81fe13d83ee44aa93f06') in 0.0016171 seconds
Start importing Assets/Scripts/Resonance.Battle/Content using Guid(c0b1e003333333333333333333333333) (DefaultImporter) -> (artifact id: '49d56402cd82b50383a40a70eb3c643d') in 0.0010826 seconds
Start importing Assets/Scripts/Resonance.Battle/Save using Guid(c0b1e004444444444444444444444444) (DefaultImporter) -> (artifact id: 'e529cb1b19f139137d92191d2b7ba2d0') in 0.0008583 seconds
Start importing Assets/Scripts/Resonance.Battle/Loop using Guid(c0b1e005555555555555555555555555) (DefaultImporter) -> (artifact id: '737e285b0bafeca798424aa86cc7e3d9') in 0.0009366 seconds
Start importing Packages/com.unity.test-framework.performance/Runtime/Measurements using Guid(c0c170ab616b34944bcd5e75cfcb9d06) (DefaultImporter) -> (artifact id: '1d464c796009f8842937b83aa02f7d7a') in 0.0010182 seconds
Start importing Packages/com.unity.ext.nunit/net40/unity-custom using Guid(c0673f99c7a5d42e081a6f88c5a37862) (DefaultImporter) -> (artifact id: 'f4fcd55258eeff1a5f459a9ca176b6e0') in 0.0008993 seconds
Start importing Packages/com.unity.render-pipelines.core/Runtime/Debug using Guid(c09a0a5d80ce97c43b5ad0099fdc8bca) (DefaultImporter) -> (artifact id: '3e421762bdc735d372c0719bee1c0c46') in 0.0008565 seconds
Start importing Packages/com.unity.shadergraph/Editor/ShaderGUI using Guid(c03d0f7d344c4c0a877eea9f1a0168fd) (DefaultImporter) -> (artifact id: '5458946980227493f80136b1555a48e2') in 0.0008213 seconds
Start importing Packages/com.unity.shadergraph/Editor/Utilities using Guid(f09c1bd643b38480bba505d3a9023457) (DefaultImporter) -> (artifact id: '36f24709c8aa53207503157df67777aa') in 0.0008124 seconds
Start importing Packages/com.unity.render-pipelines.core/Runtime/Volume using Guid(1189cbf559a12c64e92584c52d17a4a0) (DefaultImporter) -> (artifact id: '53b6479165a7b813c8748aebd76c13be') in 0.0007942 seconds
Start importing Packages/com.unity.render-pipelines.universal/Runtime/Decal using Guid(219911eb3a3b7d54e8218af5aca772dd) (DefaultImporter) -> (artifact id: 'e740b194dad2c3486d8cb30954c27bed') in 0.0008349 seconds
Start importing Packages/com.unity.inputsystem/InputSystem/Utilities using Guid(51e828593aae48cdbee6e9ae0ec20e5d) (DefaultImporter) -> (artifact id: 'f31e1e53ce06547450c33c7f75b46ae8') in 0.0008557 seconds
Start importing Packages/com.unity.ugui/Runtime/TMP using Guid(619aadd8f276341ca84d7ad5a9c6db21) (DefaultImporter) -> (artifact id: '5308cedcd74d43682790fc7238a9d1e2') in 0.0009551 seconds
Start importing Packages/com.unity.render-pipelines.core/Editor/ShaderStripping using Guid(61ff35fb502752843acbefd0946f06f6) (DefaultImporter) -> (artifact id: '4750eb5caf7eb9c959580594c1bba763') in 0.0009209 seconds
Start importing Packages/com.unity.render-pipelines.universal/Editor/Tools using Guid(715d10cee9082354a92701de6d5f6527) (DefaultImporter) -> (artifact id: '1672004ddfc0d3b744b6f8d12df65f51') in 0.0009635 seconds
Start importing Packages/com.unity.render-pipelines.universal/Textures/SMAA using Guid(8175402ae6bf2a84f929602544c44007) (DefaultImporter) -> (artifact id: '6f93c121ce3744458896cfe94235a7d6') in 0.0008098 seconds
Start importing Packages/com.unity.mathematics/Unity.Mathematics/Geometry using Guid(8179f9b7bb3904f5ba86140bea0a128b) (DefaultImporter) -> (artifact id: 'c49907dbfdabccf49117d4ea50ab372d') in 0.0007792 seconds
Start importing Packages/com.unity.2d.animation/Editor/SpriteLib using Guid(812e6d50069f481418d0b7aa82a45408) (DefaultImporter) -> (artifact id: '7beef9f2679bba281fd53043f3f957ce') in 0.0008442 seconds
Start importing Packages/com.unity.render-pipelines.universal/Runtime/Debug using Guid(91be52194fd414eefb9f1bc39b89292e) (DefaultImporter) -> (artifact id: '22a7aa4a1783cebe5eed9b965704bcf3') in 0.000913 seconds
Start importing Packages/com.unity.shadergraph/Editor/Importers using Guid(a1485bce8acd0428fae1525629b9ed8b) (DefaultImporter) -> (artifact id: 'ffbfeb695b117171855aba615cf49e01') in 0.0008555 seconds
Start importing Packages/com.unity.render-pipelines.core/Tests/Runtime using Guid(a189334a4e37b1247af4cfcedc20802c) (DefaultImporter) -> (artifact id: '5d0715f6352ce69bd8fb3242a68e058e') in 0.0008 seconds
Start importing Packages/com.unity.2d.sprite/Editor/Interface using Guid(b1c7f0c50b0c1d7458d2d0a50ebfefef) (DefaultImporter) -> (artifact id: '560ec512e87c3504717dc1653907d648') in 0.0008251 seconds
Start importing Packages/com.unity.render-pipelines.core/Editor/RenderGraph using Guid(e13f2d6c38d76c24fb156d9537c72359) (DefaultImporter) -> (artifact id: 'c3f2d2e665379b76ac58e092f6c2a4e0') in 0.0008792 seconds
Start importing Packages/com.unity.2d.common/Editor/TextureGenerator using Guid(f190f89354fdfb5479d5f291d8cb8182) (DefaultImporter) -> (artifact id: 'dcbdd707b6e766e0da23218c4e659cb9') in 0.000788 seconds
Start importing Packages/com.unity.render-pipelines.universal/Textures/BlueNoise64 using Guid(2213abb41e048da4ca7f2acee56cf116) (DefaultImporter) -> (artifact id: '4c576888a046efa726e1f507707435f1') in 0.0008458 seconds
Start importing Assets/EmeraldBunny/Generated/Animations using Guid(32cebc88c753af247af76c6eff46a495) (DefaultImporter) -> (artifact id: '40ba0e1be02d2c99abba36ad618057e9') in 0.0007304 seconds
Start importing Packages/com.unity.render-pipelines.universal/Editor/SceneTemplates using Guid(32bf03fc07b2a4f00adb3eaf74edcdf3) (DefaultImporter) -> (artifact id: 'fd3d9e3bbca758bbe3cfbb679fc9a493') in 0.0008038 seconds
Start importing Packages/com.unity.shadergraph/Editor/Drawing using Guid(628a36608983fbe49bd5b01cc799f525) (DefaultImporter) -> (artifact id: '83c71d4c4fb5be23ca8e872ac75a2792') in 0.0010003 seconds
Start importing Packages/com.unity.2d.animation/Editor/SpriteSkin using Guid(620c158a2e9b847248f3f7ebb6738323) (DefaultImporter) -> (artifact id: 'b67f9c3b7c18529ad9fac86d38cf8c35') in 0.0009956 seconds
Start importing Packages/com.unity.render-pipelines.core/Editor/Lighting using Guid(a20277bec4b2cc14dbfbc6e401f1f8f1) (DefaultImporter) -> (artifact id: 'b046047c1773b5cff587b8c266b0206a') in 0.0008307 seconds
Start importing Packages/com.unity.render-pipelines.core/Runtime/CommandBuffers using Guid(b28b41cdfaae53042830c0db923255d7) (DefaultImporter) -> (artifact id: '262fd67d935333fca60aa9b9fba7c22d') in 0.0007683 seconds
Start importing Packages/com.unity.render-pipelines.universal/Runtime/Passes using Guid(c2a16f045b3148e4f9d0d62614a81a61) (DefaultImporter) -> (artifact id: '2c33f2c7e98ebcfcb18a4f97958b2d5b') in 0.00072 seconds
Start importing Packages/com.unity.render-pipelines.core/Editor/Icons using Guid(d282282bdd9a39349a3f4642751d8e2b) (DefaultImporter) -> (artifact id: '4b3dfa858da787b5b2b47c8e9a1f999e') in 0.0007997 seconds
Start importing Packages/com.unity.render-pipelines.core/Editor-PrivateShared/AssetCallbacks using Guid(d2b6d2a66db8e07418eae9d75a2ebb55) (DefaultImporter) -> (artifact id: '0f331240f6fa70c492d72b0a4a532e35') in 0.0007434 seconds
Start importing Packages/com.unity.test-framework.performance/Runtime/Attributes using Guid(d2bd35c14da30b94c81ec15c7db30136) (DefaultImporter) -> (artifact id: '2686fafd4fe31f00916d69115d66d98c') in 0.0006528 seconds
Start importing Packages/com.unity.render-pipelines.universal/Editor/ShaderGUI using Guid(e2eccaf646dce46a69c0224eb55c61a2) (DefaultImporter) -> (artifact id: '59405a9be535d2e9720149365de02558') in 0.0007905 seconds
Start importing Packages/com.unity.render-pipelines.core/Runtime/ShaderLibrary using Guid(f259e8e6a245f82429441223b86481b7) (DefaultImporter) -> (artifact id: '94068eed1fa26ea6fca6ca33a0f922af') in 0.0007713 seconds
Start importing Packages/com.unity.test-framework.performance/Runtime/Data using Guid(0369bc643b4a11246a869e582c0f275a) (DefaultImporter) -> (artifact id: '92fd8c6c39ee2a0b810ba93c1dbcf93d') in 0.0008086 seconds
Start importing Packages/com.unity.2d.animation/Editor/UpgradeTools using Guid(037dc1cf59b774877ba48a4a5caeb03c) (DefaultImporter) -> (artifact id: '04d75115aedd633791542f6cef04b7bb') in 0.0006848 seconds
Start importing Packages/com.unity.render-pipelines.core/Editor/Settings using Guid(130ba52451e62e4419a846fc6cd89ab3) (DefaultImporter) -> (artifact id: '5cc4ab05d97f7eac50924879580caad4') in 0.0006938 seconds
Start importing Packages/com.unity.render-pipelines.core/Editor/Volume using Guid(138c0b127ef07fd428612196694d782f) (DefaultImporter) -> (artifact id: 'b94fd6be057f8848d5e9d4fedbbb5380') in 0.0006576 seconds
Start importing Packages/com.unity.2d.common/Editor/ScriptablePacker using Guid(23e09b69eb2faa440a2c964797f31787) (DefaultImporter) -> (artifact id: '69c2753acbc94a9dc7aba4cba512e310') in 0.0007573 seconds
Start importing Packages/com.unity.render-pipelines.core/Editor/Camera using Guid(234fa6c8645c73d4e8857414e1823942) (DefaultImporter) -> (artifact id: '44ae56467bd0e900a5d45659904b071a') in 0.0007266 seconds
Start importing Packages/com.unity.collections/Unity.Collections.PerformanceTests/Unity.PerformanceTesting.Benchmark using Guid(336c58ff186c3f245a1e3353bd539093) (DefaultImporter) -> (artifact id: '568ca3ef0c7f2999c4ad967636184c1d') in 0.0008052 seconds
Start importing Packages/com.unity.render-pipelines.core/Runtime/RenderGraph using Guid(43d913b927fc7e84db1f869b3aa27324) (DefaultImporter) -> (artifact id: '78abf442aa70eb28da92b53d5582ea3a') in 0.0007856 seconds
Start importing Packages/com.unity.2d.common/Editor/ImagePacker using Guid(534fa0647f988416eafbba143e1ff174) (DefaultImporter) -> (artifact id: 'd7f769494692907e97ab5241d3838752') in 0.000731 seconds
Start importing Packages/com.unity.render-pipelines.universal/Shaders/Debug using Guid(83e12e3399064822abd3e69798ce3053) (DefaultImporter) -> (artifact id: '7fc5ebf51e3fce3c7894b877f2d19f5a') in 0.0007566 seconds
Start importing Packages/com.unity.2d.sprite/Editor/UI using Guid(93511675f113bf744a830b91761ead82) (DefaultImporter) -> (artifact id: '9d55b6fc713f1fa9ee5d10d621ee12b8') in 0.0009009 seconds
Start importing Packages/com.unity.ugui/Tests/Editor using Guid(936bea4b2545c4a4fad2e623b0f6371f) (DefaultImporter) -> (artifact id: '75f26d3f4c8aedba3eb80398ab395bd8') in 0.000847 seconds
Start importing Packages/com.unity.test-framework/UnityEditor.TestRunner/UnityTestProtocol using Guid(936c6340f3468444ebb1785b4c311126) (DefaultImporter) -> (artifact id: '483d26fa6f42e15acd6790bf9c72ba8c') in 0.0013135 seconds
Start importing Assets/EmeraldBunny/Generated/Meshes using Guid(a38a3ea11988c704786315e4e6f7b50f) (DefaultImporter) -> (artifact id: '04df621a8dc59f674f18c8e5c29e7074') in 0.0018312 seconds
Start importing Packages/com.unity.render-pipelines.universal/Editor/2D using Guid(b3fb8b56aca55544ca9b8d53bc19e031) (DefaultImporter) -> (artifact id: 'f13e7f5b099b5adb2088dc40a1b3bd14') in 0.0011224 seconds
Start importing Packages/com.unity.mathematics/Unity.Mathematics/Properties using Guid(d3e017d9ad3f00a4c9e234b0236911b7) (DefaultImporter) -> (artifact id: 'b01fd5d2b1f671ec0cf32c26fb4e248e') in 0.0009458 seconds
Start importing Packages/com.unity.2d.sprite/Editor/SpriteEditor using Guid(d32377b23cb0c8b46a545d7014fff425) (DefaultImporter) -> (artifact id: 'd1a366d43c3379ffaceb5b4b674273a3') in 0.0009088 seconds
Start importing Packages/com.unity.render-pipelines.universal-config/Tests/Editor using Guid(e3c6a2f8ffe72de4bb4f45bbe266aff8) (DefaultImporter) -> (artifact id: 'eab632cf043eb9ea3084bc94d8596616') in 0.0008383 seconds
Start importing Packages/com.unity.inputsystem/Tests/TestFixture using Guid(e349610bc4b1546dd94c6dab37414d2b) (DefaultImporter) -> (artifact id: 'a460582bae2687b0603f24734715cfc5') in 0.0007477 seconds
Start importing Packages/com.unity.render-pipelines.universal/Shaders/XR using Guid(e3ddeb98d5e10214c9be71d26faa6a3d) (DefaultImporter) -> (artifact id: '51fe14c1f4edc68fbb1b3c9b8e1a0045') in 0.0008031 seconds
Start importing Packages/com.unity.render-pipelines.core/Runtime/RenderPipelineResources using Guid(04761276653403a4eabf75af352fea54) (DefaultImporter) -> (artifact id: '13e22077a3c65e9b1f212a9bbb19acc9') in 0.0007421 seconds
Start importing Packages/com.unity.render-pipelines.core/ShaderLibrary/Sampling using Guid(14115a7568c4882499f59039a0585e3b) (DefaultImporter) -> (artifact id: '929c43f7605fef7204381429549df66c') in 0.0006611 seconds
Start importing Packages/com.unity.render-pipelines.core/Runtime/Utilities using Guid(143a724c7d97a19439bac5e37bfbba35) (DefaultImporter) -> (artifact id: 'c3d0357b8d8d45185084b70af49151d2') in 0.0006108 seconds
Start importing Packages/com.unity.render-pipelines.universal/Tests/Runtime using Guid(144dd1c434d67bc40adbcae6c42e6e6c) (DefaultImporter) -> (artifact id: '6b5a726ae312f096b20c5f066d4f7ee8') in 0.0005775 seconds
Start importing Packages/com.unity.searcher/Tests/Editor using Guid(34555e4b3f5c96648900053f19531c68) (DefaultImporter) -> (artifact id: '8b036b715cecc5dcafae477fc66b9e4c') in 0.0006451 seconds
Start importing Packages/com.unity.render-pipelines.universal/Editor/VFXGraph using Guid(44a46d70e436db941b2b861eaebed089) (DefaultImporter) -> (artifact id: '92dfaa43f5042775707ca3ad657d7ca2') in 0.0007266 seconds
Start importing Packages/com.unity.shadergraph/Editor/Resources using Guid(64c9c5df0004c44f0896e816c69c7aa1) (DefaultImporter) -> (artifact id: 'e8af06982c7c66e9403baf3ad48e9d19') in 0.0009085 seconds
Start importing Packages/com.unity.render-pipelines.core/Editor/STP using Guid(645a313df7299734ea75e87c37e6addb) (DefaultImporter) -> (artifact id: 'b40905f63465408f48e481c384cc2daa') in 0.0009148 seconds
Start importing Packages/com.unity.render-pipelines.universal/Tests/Editor using Guid(64cd425d88561ea488dfaf36cceaac01) (DefaultImporter) -> (artifact id: 'bf7614af4279cbf808c4213ea914b9cd') in 0.0009257 seconds
Start importing Packages/com.unity.mathematics/Tests/Properties using Guid(749a3b666b115be46b00490e7232fb1b) (DefaultImporter) -> (artifact id: '09da078a34e113d21562f7936e5f2473') in 0.000853 seconds
Start importing Packages/com.unity.shadergraph/Tests/Editor using Guid(8453a00e344fd7e408223e92fc924cc2) (DefaultImporter) -> (artifact id: '052966781480ac10fb68eaad3af58ef1') in 0.0012643 seconds
Start importing Packages/com.unity.test-framework/UnityEditor.TestRunner/CommandLineTest using Guid(b477d1f29b65a674e9d5cdab4eb72b01) (DefaultImporter) -> (artifact id: 'd7abe359a1b05afd93dcd5b5d76cf33e') in 0.0010751 seconds
Start importing Packages/com.unity.burst/Runtime/Editor using Guid(c433e85ffb033bc99961d95aba84d010) (DefaultImporter) -> (artifact id: '5eb0c2ed7bac43c0b79310451cd8e81e') in 0.0008841 seconds
Start importing Packages/com.unity.shadergraph/Editor/Serialization using Guid(c495761f69a84f0fba9c9bd2b9cbdf86) (DefaultImporter) -> (artifact id: '9526714e877b7551b243bb717b662a34') in 0.0009795 seconds
Start importing Packages/com.unity.shadergraph/Editor/Util using Guid(e45006b8ac3b76f4aa0df05ea8514cbe) (DefaultImporter) -> (artifact id: 'cbd62b08dd41dc0e33b4c10d1c54abbc') in 0.0006992 seconds
Start importing Packages/com.unity.render-pipelines.universal/Runtime/XR using Guid(0550ca8fecc5a38488e598126238413d) (DefaultImporter) -> (artifact id: '0929fa18d1855143a9ff6aa9455507ae') in 0.0006366 seconds
Start importing Packages/com.unity.collections/Unity.Collections.Tests/Jobs using Guid(15816ede41b819e439cb53115efc62b0) (DefaultImporter) -> (artifact id: '1a08485c28cefb119264fdd980af9c78') in 0.0006507 seconds
Start importing Packages/com.unity.shadergraph/GraphTemplates/Cross Pipeline using Guid(15b418f3a4e2a7f40ac71211fd58d4ec) (DefaultImporter) -> (artifact id: 'b8e0aad76e7d69a421400bce20a5a073') in 0.0008713 seconds
Start importing Packages/com.unity.render-pipelines.universal/Textures/FilmGrain using Guid(35e7db2dee6acee439714675bb2193f9) (DefaultImporter) -> (artifact id: '3f88fa4c5b15bdff5975704c71b5d152') in 0.0008595 seconds
Start importing Packages/com.unity.2d.animation/Runtime/BatchedDeformation using Guid(453425700aaf74b7fb785bb1246a7c5d) (DefaultImporter) -> (artifact id: '7c0eac5b335e98cff1d6d28fbef8479f') in 0.0008134 seconds
Start importing Packages/com.unity.render-pipelines.core/Runtime/ShaderGenerator using Guid(4545c8d908390cb4da76ded2ad888b12) (DefaultImporter) -> (artifact id: '6246639d9b65e4bc309465d9ed472b08') in 0.0008035 seconds
Start importing Packages/com.unity.nuget.mono-cecil/Tests/Editor using Guid(45ad7246e4741472187b3dbd3cfff518) (DefaultImporter) -> (artifact id: '801dfbd8c224532ed73112e7c1e41051') in 0.0007646 seconds
Start importing Assets/Resources/Art/Characters using Guid(75993340c87e7db4f905d748795b16a7) (DefaultImporter) -> (artifact id: '8e4fb45fd63ea30618c93dca5241db52') in 0.0007416 seconds
Start importing Packages/com.unity.inputsystem/Tests/IntegrationTests using Guid(857f018a2ed885449804cf82b4fec116) (DefaultImporter) -> (artifact id: '487a34d5fd52cd00f4c4f82fbed92400') in 0.0007609 seconds
Start importing Packages/com.unity.test-framework/UnityEditor.TestRunner/TestSettings using Guid(95b719082a664ea45bb56759eed1f271) (DefaultImporter) -> (artifact id: '4d0b04fada6b6a6a34a84bcd27e10c97') in 0.0007778 seconds
Start importing Packages/com.unity.ugui/Tests/Runtime using Guid(c545241cf2e56ec4997d7677f01ef43d) (DefaultImporter) -> (artifact id: '88e2b3e1f7bbb56cb1f91f83f053765b') in 0.000818 seconds
Start importing Packages/com.unity.ugui/Editor/Analytics using Guid(c52726d811a9f66459355df6b0c3977b) (DefaultImporter) -> (artifact id: '4154f772d9b7cf6fccdb594f4e326893') in 0.0008465 seconds
Start importing Packages/com.unity.render-pipelines.core/Runtime/GPUDriven using Guid(c54d18b06b9c0f64db431a9751e89877) (DefaultImporter) -> (artifact id: 'a1f5951fcafc929eebff96d43263e772') in 0.0007961 seconds
Start importing Packages/com.unity.burst/Runtime/CompilerServices using Guid(d549366794d73f618193482d7f40ae75) (DefaultImporter) -> (artifact id: '464ae15b57cadd431d480396f133d94a') in 0.0007093 seconds
Start importing Packages/com.unity.render-pipelines.core/ShaderLibrary/Shadow using Guid(d52d6e1ad3dca474ebd73d054d17fb2e) (DefaultImporter) -> (artifact id: '3acced90f34cc2dc6004f5ab63ea103b') in 0.0008227 seconds
Start importing Packages/com.unity.2d.common/Editor/InternalBridge using Guid(d59d6a57d3f6f4f17bbf31e5a13966e8) (DefaultImporter) -> (artifact id: '5008795415e0ec23a07ccc3adff9b98c') in 0.0007867 seconds
Start importing Packages/com.unity.render-pipelines.core/Editor/Analytics using Guid(d51fac0e1a1a7074ab4397427e551ea5) (DefaultImporter) -> (artifact id: '94895059012818e74f236ed5a5869bc8') in 0.0008005 seconds
Start importing Packages/com.unity.render-pipelines.universal/Runtime/Data using Guid(d59f1663563e245fabce035da7cecd75) (DefaultImporter) -> (artifact id: '3ec27e02d64b7de4e93a6ca1fc5f258f') in 0.0007172 seconds
Start importing Packages/com.unity.shadergraph/Editor/Generation using Guid(e51156e26e632ae4faebae701a3bff82) (DefaultImporter) -> (artifact id: '34bdca27e9d0d24b89427f99e2300b13') in 0.0007353 seconds
Start importing Packages/com.unity.render-pipelines.core/Editor/Resources using Guid(e528aa751bf6fe44398a1f70eaac287c) (DefaultImporter) -> (artifact id: '73b67bafb434752125980f8cb7ea3a61') in 0.0007203 seconds
Start importing Packages/com.unity.render-pipelines.core/Runtime/Common using Guid(e58bd4f13d26cde488393d3a2e9bf9cd) (DefaultImporter) -> (artifact id: '906e170ac82ef94cd5d669f66cbfd953') in 0.0008678 seconds
Start importing Packages/com.unity.render-pipelines.core/Editor/CustomRenderTexture using Guid(f5415ef8821c020469ee7e810da8b3ff) (DefaultImporter) -> (artifact id: '87e31899cf21e0df324967007ab7dfec') in 0.00092 seconds
Start importing Packages/com.unity.render-pipelines.universal/Editor/Gizmos using Guid(f5e37a0064cfb07429ae6ca5b82debc2) (DefaultImporter) -> (artifact id: '94ba2c3f1a879dd5c35d5e9a9d88879f') in 0.0008742 seconds
Start importing Packages/com.unity.shadergraph/Editor/Data using Guid(f56929b05da66c942ad2e3fe376346fa) (DefaultImporter) -> (artifact id: '2734f35c57be9c456f4e50c2c2902fbb') in 0.0009242 seconds
Start importing Packages/com.unity.shadergraph/Editor/Extensions using Guid(f57abe45f65794ead8ea70a427e17eb7) (DefaultImporter) -> (artifact id: 'e8093d8c33a7f145411a30993d8fa7e4') in 0.0007922 seconds
Start importing Packages/com.unity.render-pipelines.universal/Editor/DefaultScene using Guid(0660d0bf211d87048b02c8eca725dee2) (DefaultImporter) -> (artifact id: '42474b480308485b24a60a64c652077f') in 0.0008619 seconds
Start importing Packages/com.unity.2d.animation/IK/Editor using Guid(26f0cc158533ad6408ea185066c7e096) (DefaultImporter) -> (artifact id: 'a3514f71b208c7911f7a889533908086') in 0.0008531 seconds
Start importing Packages/com.unity.2d.common/Tests/Editor using Guid(2656f45e60a1c4b389f74073613dd37e) (DefaultImporter) -> (artifact id: '522c6ad5dab42d524c363577af271631') in 0.0011771 seconds
Start importing Packages/com.unity.ide.visualstudio/Editor/COMIntegration using Guid(36422aa067e092e45b9820da2ee3e728) (DefaultImporter) -> (artifact id: '6c0ecbb9a0b572c9ee8007b4e0cd8626') in 0.0011038 seconds
Start importing Packages/com.unity.test-framework/UnityEditor.TestRunner/CommandLineParser using Guid(7602252bdb82b8d45ae3483c3a00d3e1) (DefaultImporter) -> (artifact id: '7f4042be8b266d41f83337d8fd3e2897') in 0.0008927 seconds
Start importing Packages/com.unity.render-pipelines.core/Editor/ScriptTemplates using Guid(863f1a3fb862346d7a3344bcb3024f1b) (DefaultImporter) -> (artifact id: '84d146d14a25428129291aaaaa02bba3') in 0.0008358 seconds
Start importing Packages/com.unity.render-pipelines.universal/Editor/Decal using Guid(9637be18b7c929f40911e6e4371a8218) (DefaultImporter) -> (artifact id: '899266810718809210502d121968c7d9') in 0.0008878 seconds
Start importing Packages/com.unity.inputsystem/InputSystem/State using Guid(a6724a4cbf5d47a2b01ca5fe41036ddd) (DefaultImporter) -> (artifact id: '44364b26e405538b32f96652578d241d') in 0.0011864 seconds
Start importing Packages/com.unity.render-pipelines.universal/ShaderLibrary/LightCookie using Guid(a648b46fb6b4749f589f22d9ef6e441a) (DefaultImporter) -> (artifact id: '3f8a7d4751f33d64db7c69b5854ce206') in 0.0008446 seconds
Start importing Packages/com.unity.test-framework.performance/Editor/UIElements using Guid(b6a3ada20a8c4030907eb96c0cb331bc) (DefaultImporter) -> (artifact id: 'c46ea75de8e5e013900ef621f2aac268') in 0.0007928 seconds
Start importing Packages/com.unity.render-pipelines.core/Runtime/Sampling using Guid(b6ee28fd674c77340a2b3b8f7a32e0da) (DefaultImporter) -> (artifact id: '9ea33f3c0c8b876805aea0b78fd8cb8b') in 0.0011103 seconds
Start importing Packages/com.unity.test-framework/UnityEditor.TestRunner/TestLaunchers using Guid(d64d92e4f04a13e4b99ea8d48e9e8ae9) (DefaultImporter) -> (artifact id: '3292843884b5f7b4874453a902cfa1e0') in 0.0011729 seconds
Start importing Packages/com.unity.render-pipelines.universal/Shaders/2D using Guid(e674d0c2643d94245b5da6cc11dfe0ec) (DefaultImporter) -> (artifact id: 'e2a3c458848601ac6d02b2d5975b7d6f') in 0.0010868 seconds
Start importing Packages/com.unity.render-pipelines.universal/Editor/Converter using Guid(e61c6cfe2da40854885b4e4d96829a88) (DefaultImporter) -> (artifact id: 'a099443ba6ad04ff08885f9ced396c00') in 0.0009235 seconds
Start importing Packages/com.unity.render-pipelines.core/Tests/Editor using Guid(278a7d565ddb1e840ac57ad1bb121e56) (DefaultImporter) -> (artifact id: '63cb56d0490d0b0be5b19753a6993a23') in 0.0011393 seconds
Start importing Packages/com.unity.ugui/Editor/UGUI using Guid(278b6073a5bdd4362acd72ca43ff9e0d) (DefaultImporter) -> (artifact id: 'abf9fbf9f7c10d2af702b2e8085d3ed6') in 0.0008986 seconds
Start importing Packages/com.unity.test-framework/UnityEditor.TestRunner/TestRun using Guid(8721cb2237d4a564a94a51f56243bdac) (DefaultImporter) -> (artifact id: '878b6064979e1990108a77cb392d64d1') in 0.0008629 seconds
Start importing Packages/com.unity.2d.common/Path/Editor using Guid(878113f6c323f4d828318254f7a80a33) (DefaultImporter) -> (artifact id: 'f5818ca05cc33ea3f7672927cd6ae670') in 0.0007278 seconds
Start importing Packages/com.unity.render-pipelines.universal/Shaders/PostProcessing using Guid(a7a16c0caf8b8a84592e5c6591db2513) (DefaultImporter) -> (artifact id: '42125684f84245f885c0e84a3f6e0756') in 0.0007155 seconds
Start importing Packages/com.unity.render-pipelines.core/Editor/ShaderGenerator using Guid(a7ecca2f74946b44494f07937e31b793) (DefaultImporter) -> (artifact id: '05395b83c27884a1d28bd45f0c431a89') in 0.0007177 seconds
Start importing Packages/com.unity.2d.animation/Editor/ClipperLib using Guid(d775c763bd71c56499292f26a2a0e44b) (DefaultImporter) -> (artifact id: 'c018704d19f36180def2e1cd1ba4fb93') in 0.0007868 seconds
Start importing Packages/com.unity.collections/Unity.Collections/Jobs using Guid(f778b3b3948af5542847d94f90157bd6) (DefaultImporter) -> (artifact id: '1e680dfe29ba0556259bdc36ca1fb87d') in 0.000851 seconds
Start importing Packages/com.unity.shadergraph/Editor/Interface using Guid(f7cd1e478bcba4d0f9570597921367a0) (DefaultImporter) -> (artifact id: '15a417b5ad1117392ec083fa0debf3ad') in 0.0007897 seconds
Start importing Packages/com.unity.test-framework.performance/Runtime/Statistics using Guid(18966f2a7fc5d4073a425a1a3d564494) (DefaultImporter) -> (artifact id: '27acf056631915be7ed5699c314826ed') in 0.0007624 seconds
Start importing Packages/com.unity.ugui/Runtime/UGUI using Guid(1817d28a5343b4ec19b4ec7903730e2c) (DefaultImporter) -> (artifact id: 'd27c003f26a5bcc4ae0be188e216ff3a') in 0.0010615 seconds
Start importing Packages/com.unity.render-pipelines.core/Runtime/RenderPipeline using Guid(18ccf971905222545a09cfda33385c7c) (DefaultImporter) -> (artifact id: '2e3657b1339ea0913357ddceff965c1c') in 0.0011878 seconds
Start importing Packages/com.unity.render-pipelines.core/Runtime/Debugging using Guid(58a02e8711d94134393b2a8ac22b96ca) (DefaultImporter) -> (artifact id: '29d3e4bab3e49d7d8be4ad30a3e222f8') in 0.0010894 seconds
Start importing Packages/com.unity.2d.animation/Editor/LayoutOverlay using Guid(5806d81149b303c46b440badec89bf56) (DefaultImporter) -> (artifact id: 'cfe06316e353395d0b0757a8808eed14') in 0.0009325 seconds
Start importing Packages/com.unity.render-pipelines.universal/Editor/Settings using Guid(88ecf69fcba30494db90ac4b8ef6bdcd) (DefaultImporter) -> (artifact id: 'aebb20d30736a7499be6dc03186e61bb') in 0.0008556 seconds
Start importing Packages/com.unity.render-pipelines.core/Editor/Tools using Guid(983c27c4e607ff143aea413ddb18548f) (DefaultImporter) -> (artifact id: '3cf0b39c7d64dd3403c8e03a8e6df482') in 0.0007894 seconds
Start importing Packages/com.unity.render-pipelines.universal/Editor/Volume using Guid(a8fcc623db3029743a32fbab14c8dcbf) (DefaultImporter) -> (artifact id: '219c452a30f229e4b2dcc730c5d09ef6') in 0.000811 seconds
Start importing Packages/com.unity.render-pipelines.core/Runtime/Lighting using Guid(c804d8f2c0c70d7409c1167fa78284f3) (DefaultImporter) -> (artifact id: 'f03b473f0cdaad644e519a6a71a3869e') in 0.0008538 seconds
Start importing Packages/com.unity.render-pipelines.core/Editor/BuildProcessors using Guid(d846ae44708583940a0e44aa66cff1c9) (DefaultImporter) -> (artifact id: '572b9e88d7d002e50ed03ee8ccda0da4') in 0.0008275 seconds
Start importing Packages/com.unity.render-pipelines.universal/Runtime/RenderPipelineResources using Guid(d86f66a14510ebf4f84c0ffa4837791d) (DefaultImporter) -> (artifact id: 'c57cd0b0084168f3e6f2c8fe0c221b40') in 0.0007653 seconds
Start importing Packages/com.unity.ugui/Editor Resources/Textures using Guid(f8e6a2d47aba4c6c9b3c5a72d9f48da5) (DefaultImporter) -> (artifact id: '41714146c3f223570fca541b52f7c091') in 0.0007102 seconds
Start importing Packages/com.unity.test-framework/UnityEngine.TestRunner/UnityTestProtocol using Guid(19e1940646874613a076c6b01d1f3404) (DefaultImporter) -> (artifact id: 'e62a4d5776733de3dd284c7bda3e08bd') in 0.0006871 seconds
Start importing Packages/com.unity.render-pipelines.core/Editor/Controls using Guid(19a8f70f36adc46b8a4ebd0954643553) (DefaultImporter) -> (artifact id: '6e2b07e649c336143eedbadcedc622cf') in 0.0008195 seconds
Start importing Packages/com.unity.test-framework.performance/Runtime/Meters using Guid(29eafdd9eaae4d7995048ee61cd0b7d2) (DefaultImporter) -> (artifact id: '2f89c701976b193e80308ee4400360c3') in 0.0008827 seconds
Start importing Packages/com.unity.render-pipelines.universal/Runtime/Tiling using Guid(3965194a1cbe24ce9847254cc9fd0c26) (DefaultImporter) -> (artifact id: '09509915c3d8d60253202dcb404f86bc') in 0.000905 seconds
Start importing Packages/com.unity.test-framework/UnityEditor.TestRunner/TestRunner using Guid(49d4c2ab7ff0f4442af256bad7c9d57c) (DefaultImporter) -> (artifact id: '2c2a8c762103d2c2092be30ecefdc9a7') in 0.000927 seconds
Start importing Packages/com.unity.render-pipelines.universal/Runtime/RendererFeatures using Guid(59f4a1dd196fd452b987160cea576038) (DefaultImporter) -> (artifact id: 'fee4354e7f4962a4cdc9d8082496f0d2') in 0.0010558 seconds
Start importing Packages/com.unity.render-pipelines.universal/Shaders/Utils using Guid(593842fd4bfffcc41877fd07df639f3c) (DefaultImporter) -> (artifact id: '9956d0bce239ff6e7b4a6bab527183ce') in 0.0010061 seconds
Start importing Packages/com.unity.render-pipelines.universal/Editor/UniversalRenderPipelineAsset using Guid(69998121730154f4d925490a4548e342) (DefaultImporter) -> (artifact id: 'b541ee4cbe04beafd8a68e756cdd70a6') in 0.0009722 seconds
Start importing Packages/com.unity.render-pipelines.core/Runtime/Textures using Guid(89be4d313c8b0fa4c8d2449dbbbf13f0) (DefaultImporter) -> (artifact id: 'e6202a649ac22bf85ccdeb7315e0c241') in 0.0008838 seconds
Start importing Packages/com.unity.render-pipelines.universal/Editor/RendererFeatures using Guid(99a2417e5e722410f9df44751ab0de8a) (DefaultImporter) -> (artifact id: 'd39bca604158330b99c98a93fcdec984') in 0.001088 seconds
Start importing Packages/com.unity.inputsystem/InputSystem/Events using Guid(99f4ddb4a8fa4fcfa25917e64bcc6e8c) (DefaultImporter) -> (artifact id: '410c21660553cd05c76de82894883e1d') in 0.000804 seconds
Start importing Packages/com.unity.2d.common/Runtime/URaster2D using Guid(b9292204ad185184b89881e88afe9688) (DefaultImporter) -> (artifact id: 'ef0bfb1f97f5d44737851943103745ae') in 0.0010447 seconds
Start importing Packages/com.unity.2d.animation/Tests/Editor using Guid(b9da5ea5902f0ed42a2acecf3332a648) (DefaultImporter) -> (artifact id: 'bca5521af92be41106c4bf9471ef002b') in 0.0007698 seconds
Start importing Packages/com.unity.render-pipelines.core/Runtime/Camera using Guid(e99921594db38ce4cbb616f0ca87148d) (DefaultImporter) -> (artifact id: 'e6f8ae9e8cff7a49de2a6c610b35f1bb') in 0.0008265 seconds
Start importing Packages/com.unity.ugui/Editor Resources/Gizmos using Guid(e93ec7eb6de342aabd156833e253f838) (DefaultImporter) -> (artifact id: 'e3065312f331f86c187a2c34400b2ab5') in 0.0009373 seconds
Start importing Packages/com.unity.render-pipelines.core/Editor/UnifiedRayTracing using Guid(0ababd4155f586548894b3dc7e2fd321) (DefaultImporter) -> (artifact id: 'f41cb4ec8914d277bc00886dfd882793') in 0.0007505 seconds
Start importing Assets/Inochi2D/Native/windows-x86_64 using Guid(0adfeba4cff8de443b5a6ef0b895048e) (DefaultImporter) -> (artifact id: 'c04f96515646b255e0af82d232a79bac') in 0.0006239 seconds
Start importing Packages/com.unity.render-pipelines.universal/Runtime/RenderGraph using Guid(1af1ea941365745b49edfb5efd32cf05) (DefaultImporter) -> (artifact id: 'ed83564b77b05c2da81f124b20ca74c1') in 0.0008416 seconds
Start importing Packages/com.unity.test-framework/UnityEngine.TestRunner/Assertions using Guid(1ad55f5ad04d1d045a1f287409c650dd) (DefaultImporter) -> (artifact id: '6bdaa59d84691a380c3ba7c1d8bfa849') in 0.0007862 seconds
Start importing Packages/com.unity.render-pipelines.universal/Textures/2D using Guid(2ae61866cb0cccf4f820e4c006da6c91) (DefaultImporter) -> (artifact id: '4cb87a55242c0f6810fbf3f1e1dadb75') in 0.0008121 seconds
Start importing Packages/com.unity.render-pipelines.core/Runtime/UnifiedRayTracing using Guid(5a08d29969661ca449888ba98a48f214) (DefaultImporter) -> (artifact id: '05240bb2e64c413763a81ddc08629692') in 0.0009259 seconds
Start importing Packages/com.unity.2d.animation/Editor/SpriteOutlineRenderer using Guid(5afc6ff76240b3a4b9ae7370bfae2436) (DefaultImporter) -> (artifact id: '1c7c5c1c1fea5a9a0f18c75326d6387a') in 0.0008698 seconds
Start importing Packages/com.unity.2d.sprite/Editor/Undo using Guid(7a102b8a65a8437b961da9f48269e876) (DefaultImporter) -> (artifact id: 'eda4196d895f1b8a74b17b90dd60afcb') in 0.000802 seconds
Start importing Packages/com.unity.render-pipelines.universal/Shaders/Particles using Guid(7aa17bb9699a0ee4282141a28d9fb8ea) (DefaultImporter) -> (artifact id: 'fab76e225adb639a99c9591a03329285') in 0.0008664 seconds
Start importing Packages/com.unity.render-pipelines.core/Runtime/Lights using Guid(7a8d83d0230a4974a88b7be5ab87c6c3) (DefaultImporter) -> (artifact id: '7f7f67e825649277d30a7a43911e3849') in 0.0009262 seconds
Start importing Packages/com.unity.inputsystem/InputSystem/Controls using Guid(aa1e768bf3ad4ae8898571a206251472) (DefaultImporter) -> (artifact id: '0f53e935ed35eb7651871b046d255875') in 0.0008708 seconds
Start importing Packages/com.unity.ugui/Runtime/InternalBridge using Guid(bab3a29ab4f214742a44add41efffb7d) (DefaultImporter) -> (artifact id: 'b8ae5a4142d7b3ff7433a144e13442a5') in 0.0008534 seconds
Start importing Packages/com.unity.test-framework/Tests/TestNewCustomAssembly using Guid(ca0e5e7973267894ca8e1dceb2210ee5) (DefaultImporter) -> (artifact id: 'ec9729808b7dd6604b68694c1a94e68b') in 0.0007441 seconds
Start importing Packages/com.unity.shadergraph/GraphTemplates/BuiltIn using Guid(daf0394f2eba458409f27dd213abede2) (DefaultImporter) -> (artifact id: 'b841e0da06b4c9eb67ee495297a4df57') in 0.0010548 seconds
Start importing Packages/com.unity.render-pipelines.core/Runtime/Upscaling using Guid(eaa9f70ff0dbb864181af13946980fad) (DefaultImporter) -> (artifact id: 'a377b49433e8c4be236e2e81bcef4d74') in 0.0007879 seconds
Start importing Packages/com.unity.test-framework/UnityEditor.TestRunner/Api using Guid(fa423365b1ce06a4dbdc6fb4a8597bfa) (DefaultImporter) -> (artifact id: '4f9583793d5edc94661340236f21f4e3') in 0.0007846 seconds
Start importing Packages/com.unity.render-pipelines.core/Runtime/LookDev using Guid(fa0af16f5dba2d8439e1211f262257a8) (DefaultImporter) -> (artifact id: '07e1cbe4c3a6a4fccc3a2e3b9d9b5c25') in 0.0006501 seconds
Start importing Assets/Inochi2D/Runtime/Internal using Guid(0b44355a5d235d14f93ddff3f0b34aeb) (DefaultImporter) -> (artifact id: '2b8e295af3646510d6c3f288af31bd35') in 0.0006573 seconds
Start importing Packages/com.unity.searcher/Editor/Searcher using Guid(4b1180a47f4e54c43af13ef6a4a06621) (DefaultImporter) -> (artifact id: 'fe685cb44f7ffc7727ab0862bfe24e2c') in 0.0006735 seconds
Start importing Packages/com.unity.ide.visualstudio/Editor/VSWhere using Guid(5b17896803f77494da73d73448fb6cb4) (DefaultImporter) -> (artifact id: 'dd259e6d0f2d699ceb713fdcc126240e') in 0.0008492 seconds
Start importing Packages/com.unity.render-pipelines.core/Editor/SampleDependencyImportSystem using Guid(6bdd8b5283cb4f24fbd34738bc35e74c) (DefaultImporter) -> (artifact id: '32c7d9965db4a3eae3dc1543ce086cae') in 0.0007925 seconds
Start importing Packages/com.unity.ide.visualstudio/Editor/ProjectGeneration using Guid(8beeeeebc0857854d8b4e2c2895dd7a9) (DefaultImporter) -> (artifact id: '96811dfc2e1e624cb9081963d724f4ad') in 0.000867 seconds
Start importing Packages/com.unity.render-pipelines.core/Runtime/Inputs using Guid(ab163df5559af4efdb19baea5917049c) (DefaultImporter) -> (artifact id: 'b95f962eb4763e9556726fb3a6ee3fef') in 0.0008449 seconds
Start importing Packages/com.unity.mathematics/Unity.Mathematics/Noise using Guid(abc6c021d7cd541b3956a3969c8c3ccb) (DefaultImporter) -> (artifact id: '003a8a6c85eb7df80ed47a48cbdb725f') in 0.0008388 seconds
Start importing Packages/com.unity.2d.sprite/Editor/SpriteEditorModule using Guid(ab4bbc8deeeb005438fa5034a454be7b) (DefaultImporter) -> (artifact id: '82efe93e8c8502dfcc6962d6888b80c7') in 0.0008772 seconds
Start importing Packages/com.unity.inputsystem/InputSystem/Devices using Guid(abbbcd5cf6184b818eaa56c5778a4110) (DefaultImporter) -> (artifact id: '63f82fea0cb527f2577a6f71f9bd3600') in 0.0008967 seconds
Start importing Packages/com.unity.test-framework/UnityEngine.TestRunner/Utils using Guid(bb32bccaf32a6db448d1c0cc99c78688) (DefaultImporter) -> (artifact id: 'b9ac2eaa7c139997734a4cfd1edbf73e') in 0.0008739 seconds
Start importing Packages/com.unity.render-pipelines.universal/Textures/BlueNoise16 using Guid(bbde6b5e0eaaff14c98c49626833992e) (DefaultImporter) -> (artifact id: 'fb7ad4257c7e133e1a18eb24c4185783') in 0.0008454 seconds
Start importing Packages/com.unity.render-pipelines.universal/Runtime/Memory using Guid(db16a3790436426e8ea186e7918ea4cc) (DefaultImporter) -> (artifact id: 'f72630475be8d2cd3c36a741dc1bd399') in 0.00083 seconds
Start importing Packages/com.unity.render-pipelines.core/Editor/Material using Guid(eb290baa39b761244b157cbd10673e0c) (DefaultImporter) -> (artifact id: 'f652417ca71921ad1316874d21cdeb4e') in 0.00081 seconds
Start importing Packages/com.unity.2d.animation/Editor/SkinningModule using Guid(0c5c95ab5cf49784c86dc247663d026e) (DefaultImporter) -> (artifact id: '7e15e3aff88d868b0d9ac507a761a005') in 0.0008191 seconds
Start importing Packages/com.unity.render-pipelines.universal/Editor/ScriptTemplates using Guid(3c76ead915a5d4c3190e62adcb063092) (DefaultImporter) -> (artifact id: '002663f192f9e028b939713967199a6d') in 0.0009498 seconds
Start importing Packages/com.unity.shadergraph/ShaderGraphLibrary/Nature using Guid(4cc7da0ede79c9248a9e2e96a546813d) (DefaultImporter) -> (artifact id: '2f4bfb4d2b150f22df2807ad380ea85a') in 0.0007404 seconds
Start importing Packages/com.unity.render-pipelines.universal/Shaders/Nature using Guid(4cbffddcbed277c40a97feee7c42e857) (DefaultImporter) -> (artifact id: '4703b0663c9acb01d588b4ca883531fa') in 0.0007083 seconds
Start importing Packages/com.unity.2d.animation/Editor/Assets using Guid(4cdf803ccba4203428cf760a394d701f) (DefaultImporter) -> (artifact id: 'b5d4aef3fc0d63ab0144a2b51d6c9fbc') in 0.0007427 seconds
Start importing Packages/com.unity.render-pipelines.universal/Runtime/FrameData using Guid(6c79cfa3e6744da6a1beee27a0d73155) (DefaultImporter) -> (artifact id: '7175d1eb794d80e149d8556c5f3eaa52') in 0.0007528 seconds
Start importing Packages/com.unity.render-pipelines.core/Runtime/XR using Guid(8c62d11ee7af4f54abf48d79f70aee4d) (DefaultImporter) -> (artifact id: 'e09ee925a7251ef36a4c3981773f8b22') in 0.0007702 seconds
Start importing Packages/com.unity.inputsystem/InputSystem/Plugins using Guid(bcb3dcdfe51084a038a04105cfbc70aa) (DefaultImporter) -> (artifact id: '2e4fff624270ca30926f8bf272ac9a95') in 0.0008696 seconds
Start importing Packages/com.unity.render-pipelines.core/Editor/Gizmo using Guid(bce47e7c42ffde449812bbbf027555d7) (DefaultImporter) -> (artifact id: '5d944becefc2ccab1914dbfc8c341859') in 0.0010745 seconds
Start importing Packages/com.unity.render-pipelines.universal/Runtime/VFXGraph using Guid(bc46ee9abc42d1e4ca5b5c7c8af9ebed) (DefaultImporter) -> (artifact id: '258602c17a37b680a34637da0ba44c12') in 0.0008293 seconds
Start importing Packages/com.unity.mathematics/Tests/Tests using Guid(bccfda2dc5ad3b84eb3a644147ea0010) (DefaultImporter) -> (artifact id: '8cce2a408292c161b8aead17cb931b57') in 0.0007859 seconds
Start importing Packages/com.unity.render-pipelines.core/Runtime/Vrs using Guid(cc1099d95a4ee3849a01da5826056b1f) (DefaultImporter) -> (artifact id: '43826746c09a0aee556fbdd1bc31c356') in 0.0007791 seconds
Start importing Packages/com.unity.2d.common/Runtime/UAi2D using Guid(ccc2d535f9cd0b14392f98d74d1104b6) (DefaultImporter) -> (artifact id: '78e76af3a0900cf428c3d7eb3fc3ff1f') in 0.0009127 seconds
Start importing Packages/com.unity.2d.sprite/Editor/ShapeEditor using Guid(ccbbef892d435144aa8a0f9fd5ccee51) (DefaultImporter) -> (artifact id: 'b97c7b871c05ef0153e774406e1c6804') in 0.0009843 seconds
Start importing Packages/com.unity.render-pipelines.core/Editor/Debugging using Guid(dca094a63ee8e4df7b043d29c2c100e4) (DefaultImporter) -> (artifact id: '8b9b7b4a58b630055d4b53b82e2c647c') in 0.001042 seconds
Start importing Packages/com.unity.2d.sprite/Tests/Editor using Guid(dcc63292bf8cfd543b11bfdebe99cd02) (DefaultImporter) -> (artifact id: 'b29d58cde3563c5d7ba6886c22813be7') in 0.0011369 seconds
Start importing Packages/com.unity.render-pipelines.core/Editor/StyleSheets using Guid(fcf236256e326ca478a79ea0558da45d) (DefaultImporter) -> (artifact id: 'c88b02a36877102c5235dc97381b2f5a') in 0.0008806 seconds
Start importing Packages/com.unity.render-pipelines.universal/Editor/Terrain using Guid(fc44513cb116d68479a07038666952cc) (DefaultImporter) -> (artifact id: '43d3522999fc18bb7baca6240d5d2e46') in 0.0008763 seconds
Start importing Packages/com.unity.render-pipelines.universal/Textures/BlueNoise256 using Guid(0da884cc73355482f99f2f3bf86511e5) (DefaultImporter) -> (artifact id: 'b6378910f5f22f69cba0e48e84ecbaa0') in 0.0008999 seconds
Start importing Packages/com.unity.test-framework/UnityEngine.TestRunner/TestRunner using Guid(1ddb9e1c877ea80479d1eab4ddaa5d0d) (DefaultImporter) -> (artifact id: '6a7e2bf038898dc9a9d8427c931ca44c') in 0.0007185 seconds
Start importing Packages/com.unity.render-pipelines.universal/Runtime/Overrides using Guid(1d7cd03b402219345ac6dedb815bfdeb) (DefaultImporter) -> (artifact id: 'dd04238ea4dbd25ee1e5d4628d69d491') in 0.0006613 seconds
Start importing Packages/com.unity.ugui/Editor Resources/Shaders using Guid(2da27f5fe80a3a549ac7331d9f52f5f0) (DefaultImporter) -> (artifact id: '8ba95b6473bead211c52ddc79ac818a9') in 0.0006639 seconds
Start importing Packages/com.unity.render-pipelines.core/Editor/LookDev using Guid(2d4bb8a5c15072e4baaabe7e161d42b6) (DefaultImporter) -> (artifact id: 'fc119023d6b9b9b251664ef633e2c2eb') in 0.0006329 seconds
Start importing Packages/com.unity.render-pipelines.core/Runtime/Stripping using Guid(3d8692e58294538438ee83cf7fcd08c1) (DefaultImporter) -> (artifact id: '51223f517673659fb34a718e1eb844a8') in 0.0007903 seconds
Start importing Packages/com.unity.shadergraph/Editor/AssetCallbacks using Guid(4d0b60652dca71b49a137663137e38ea) (DefaultImporter) -> (artifact id: '2df397367178a902c0d177926a354354') in 0.0008451 seconds
Start importing Packages/com.unity.render-pipelines.core/Runtime/STP using Guid(5d86e2182c6227d4e924cc530d4ffc62) (DefaultImporter) -> (artifact id: 'c9b90ea02a5b5e1f6ed4cba7fe0d7bd0') in 0.0008676 seconds
Start importing Packages/com.unity.2d.animation/IK/Runtime using Guid(5d0eac40fb3389c409c92e6e08188528) (DefaultImporter) -> (artifact id: 'bf910fa7bb9078b1275ad866f362e1a5') in 0.0008279 seconds
Start importing Packages/com.unity.render-pipelines.universal/Editor/Overrides using Guid(ad2bd79f2c9e81640b75c0a7edbe7970) (DefaultImporter) -> (artifact id: '9f79a2c0733b3ecbb5e9218c420ce8ca') in 0.0008221 seconds
Start importing Packages/com.unity.2d.common/Runtime/UTess2D using Guid(dd9f4de9063c9624fb0d6d883512ed9d) (DefaultImporter) -> (artifact id: '83a00ff37a68d2bc1bb141d041d15daa') in 0.0008184 seconds
Start importing Assets/EmeraldInochi/Resources/Inochi using Guid(fd5831f0bc54ff44c85ca36ecec7e29f) (DefaultImporter) -> (artifact id: '717a43a0f2920ccdc86e5f0734c2079e') in 0.0008857 seconds
Start importing Packages/com.unity.ide.visualstudio/Editor/Plugins using Guid(1e5abb64fdd0542b38f4dc1b60343e8a) (DefaultImporter) -> (artifact id: '85dec19e6249cee426c01d4123f58d00') in 0.0008545 seconds
Start importing Packages/com.unity.test-framework/UnityEngine.TestRunner/NUnitExtensions using Guid(3e8d6af343b383544ba5743d119f4062) (DefaultImporter) -> (artifact id: '3f6e2ec14976a9de8c44a24fd5a1df3a') in 0.0008703 seconds
Start importing Packages/com.unity.test-framework/UnityEditor.TestRunner/GUI using Guid(7e609b27ad2caa14c83dd9951b6c13c6) (DefaultImporter) -> (artifact id: '112f12c0c6681ccaea11688622ebb526') in 0.0007291 seconds
Start importing Packages/com.unity.render-pipelines.core/Runtime/PostProcessing using Guid(9e73364bb6949f24d93418df2ba0c1b1) (DefaultImporter) -> (artifact id: '218efc2a8ca480b0628b5c2f137755d4') in 0.0006662 seconds
Start importing Packages/com.unity.render-pipelines.universal/Editor/ShaderGraph using Guid(ae1e56b12b01f3b4d9c9bb9d7154d97f) (DefaultImporter) -> (artifact id: '9942a48caef877124beabb6276af027e') in 0.0008782 seconds
Start importing Packages/com.unity.2d.common/Runtime/InternalBridge using Guid(de9233595819db54faa3b4122efb128c) (DefaultImporter) -> (artifact id: 'c0b6547fc503eec33f78e9f5594d7617') in 0.0008548 seconds
Start importing Packages/com.unity.inputsystem/InputSystem/Editor using Guid(ee6ce8b9ba0db4146b0b12d5985933bf) (DefaultImporter) -> (artifact id: 'a112b1728da4e90faa8d8e6dd7e5332f') in 0.0008046 seconds
Start importing Packages/com.unity.render-pipelines.core/Editor/Utilities using Guid(0fadbd5093ea0234aa59965fd9d77815) (DefaultImporter) -> (artifact id: '1016261bfec7ba859a66a69278ea8321') in 0.0006861 seconds
Start importing Assets/Inochi2D/Resources/Shaders using Guid(1feba125161e47249899baef603764e7) (DefaultImporter) -> (artifact id: '1988a0e74cefc56d871b541cd7317d24') in 0.0006209 seconds
Start importing Packages/com.unity.ide.visualstudio/Editor/Messaging using Guid(2f820130c86c28547a0f1a2f4c73155b) (DefaultImporter) -> (artifact id: '394d17728ceba4bd736df8624c0aad4f') in 0.0006013 seconds
Start importing Packages/com.unity.test-framework/UnityEditor.TestRunner/NUnitExtension using Guid(3f9202a39620f51418046c7754f215f0) (DefaultImporter) -> (artifact id: 'ab112e9ad4c0d836ad3545dea28bc266') in 0.0013285 seconds
Start importing Packages/com.unity.render-pipelines.core/Editor/PostProcessing using Guid(3f1ba847a8ffd4746a56b6b3a2177aed) (DefaultImporter) -> (artifact id: 'ec9ab153623a45a50b89a38f212b15b5') in 0.0011894 seconds
Start importing Packages/com.unity.render-pipelines.universal/Runtime/2D using Guid(5fbe43a4058e69f4ca1ac77ea6e1bda6) (DefaultImporter) -> (artifact id: 'bb668a671a7e851f8585bee4774f7e9f') in 0.0008703 seconds
Start importing Packages/com.unity.render-pipelines.core/Editor/PropertyDrawers using Guid(5f6f204246726d84a87fac671dba9b53) (DefaultImporter) -> (artifact id: 'd12f49137b8dcf717cfffbde4bcdc637') in 0.000776 seconds
Start importing Packages/com.unity.render-pipelines.universal/Editor/Camera using Guid(6f5387037edf18a478a9701e9ddf3fcc) (DefaultImporter) -> (artifact id: '6da74ea79c077888d1984f04378d2bd5') in 0.0010635 seconds
Start importing Packages/com.unity.render-pipelines.core/ShaderLibrary/API using Guid(6fa64bbd0ffaf8843b041c6e42bb5f82) (DefaultImporter) -> (artifact id: '53387ff39bd29cc125ff4e1a9a4bfbb4') in 0.0008343 seconds
Start importing Packages/com.unity.burst/Runtime/Intrinsics using Guid(6fbd9c5e397237e28650cb957742c782) (DefaultImporter) -> (artifact id: 'dc5081b0ab226f1cc403e8e01bf95e97') in 0.0008235 seconds
Start importing Packages/com.unity.render-pipelines.universal/Runtime/Materials using Guid(7f10efc5458aa44a2928a72c38807544) (DefaultImporter) -> (artifact id: 'c38c4ee848c79accce07d55679ed9d1b') in 0.0007714 seconds
Start importing Packages/com.unity.render-pipelines.universal/Editor/Analytics using Guid(7f30cfcca642c3443b4ccd31e9a872ca) (DefaultImporter) -> (artifact id: '6c58bd62ac60c3e1db89fa62f24ada90') in 0.0007523 seconds
Start importing Packages/com.unity.shadergraph/GraphTemplates/Subgraphs using Guid(7fa316c2b2d37184081f460e04bbdcc5) (DefaultImporter) -> (artifact id: '780c9896e2319ea5c4e2a5a69dcdc8d7') in 0.0007311 seconds
Start importing Packages/com.unity.render-pipelines.universal/Runtime/History using Guid(7fa8531ba890645b5ada88ae8af5f77a) (DefaultImporter) -> (artifact id: '914fea73e53104891659d8a96155b76c') in 0.0008218 seconds
Start importing Packages/com.unity.ide.visualstudio/Editor/Testing using Guid(7f9f1d015d7a8ba46b7d71acfcda3ae7) (DefaultImporter) -> (artifact id: '7143c40e3f1842754278837cfbcf8953') in 0.0007691 seconds
Start importing Packages/com.unity.render-pipelines.universal/ShaderLibrary/Debug using Guid(9f4aa226a5594efa99614cb0158c2f59) (DefaultImporter) -> (artifact id: 'f93cb9b399904b4bf4b55009ef66c97b') in 0.0008229 seconds
Start importing Packages/com.unity.render-pipelines.universal/Runtime/Settings using Guid(cf708f4598ecacb4986659e317747510) (DefaultImporter) -> (artifact id: '498938747606615fba4762850c06fe6d') in 0.0007431 seconds
Start importing Packages/com.unity.render-pipelines.universal/Shaders/Terrain using Guid(cf2defa266cfe43e59a7230ff55c6107) (DefaultImporter) -> (artifact id: 'e9c17b40b8f3dbba27d66ff9961f63e4') in 0.0009397 seconds
Start importing Packages/com.unity.render-pipelines.core/Editor/Upscaling using Guid(dfe03cc61c27c974ab28f8691b3f8c0f) (DefaultImporter) -> (artifact id: '090f3aac23b4cdd0b46a0959a8e9d03b') in 0.0008836 seconds
Start importing Packages/com.unity.searcher/Editor/Resources using Guid(efa7753b2a14da748b0e7802b6ac3c5f) (DefaultImporter) -> (artifact id: '678e3e34833ccf4081a93bbc469fef01') in 0.0009369 seconds
Start importing Packages/com.unity.render-pipelines.core/Editor/CommandBuffers using Guid(ef6e93ebaf391ed43a0bdcc1aa77ee74) (DefaultImporter) -> (artifact id: 'c69cbd10c14df4065f15f4619e5bc3b8') in 0.0008559 seconds
Start importing Packages/com.unity.render-pipelines.universal/Editor/Lighting using Guid(ff90f20bb510bed48ba1a9ebbc61ffa4) (DefaultImporter) -> (artifact id: 'ee20c3149f0e707d380aa96107bc7c4b') in 0.000896 seconds
Start importing Packages/com.unity.2d.sprite/Editor/ObjectMenuCreation using Guid(ffc051df01eb64128a79b31b97748c4c) (DefaultImporter) -> (artifact id: '9d2bcafad67fc6115d5ff8324c517eeb') in 0.000947 seconds
Start importing Packages/com.unity.render-pipelines.universal/Shaders/AutodeskInteractive using Guid(ffac7c69f2faf9345b5b32ae0580e2e9) (DefaultImporter) -> (artifact id: 'ab649f9792d275d2d2b31f12d46089b2') in 0.0009006 seconds
Start importing Packages/com.unity.shadergraph/Editor/Data/Nodes using Guid(0082d52fe349b94449238a3d0db01df0) (DefaultImporter) -> (artifact id: '09f4a7464d3e25305c65151d08ad4079') in 0.0009048 seconds
Start importing Packages/com.unity.render-pipelines.universal/Editor/SceneTemplates/Indoors using Guid(10b199c2bead9fb42b482877b182e8c2) (DefaultImporter) -> (artifact id: 'a3dbf72ee1440e37b730071a0e3c470a') in 0.0009163 seconds
Start importing Packages/com.unity.2d.animation/Editor/SkinningModule/SpriteMeshData using Guid(100c104341c6bfd4e824d8347fff1f87) (DefaultImporter) -> (artifact id: '833b6b088bab4ae775f591d19cb72296') in 0.0009017 seconds
Start importing Packages/com.unity.2d.common/Path/Editor/IMGUI using Guid(20d7e6a9292a84bd8b4203d8ab17a629) (DefaultImporter) -> (artifact id: '12592839daa109962be9330a19085df5') in 0.0008851 seconds
Start importing Packages/com.unity.render-pipelines.universal/Tests/Editor/Tools using Guid(30adb98416985a445bf000ceb696941f) (DefaultImporter) -> (artifact id: 'abf4be17a82d50475ad8f04f5d4bf869') in 0.0009991 seconds
Start importing Packages/com.unity.render-pipelines.core/Editor/Tools/MaterialUpgrader using Guid(50a860756cfb850468867cc0b3e55a5a) (DefaultImporter) -> (artifact id: 'de93c0bc3ef9799643b1c9970a0c38bc') in 0.0008752 seconds
Start importing Packages/com.unity.render-pipelines.core/Editor/PostProcessing/LensFlareResource using Guid(60a1717848495ca41888e02864f0f645) (DefaultImporter) -> (artifact id: '2b9f999407d1543164d596e24289e361') in 0.0009246 seconds
Start importing Packages/com.unity.render-pipelines.universal/Editor/ShaderGraph/GraphTemplates using Guid(60b56e270d26a0c4fbc0e33fe32113ae) (DefaultImporter) -> (artifact id: '77ad9231e2a4b232df9410fe55618a7a') in 0.0008455 seconds
Start importing Packages/com.unity.render-pipelines.universal/Runtime/Materials/PhysicalMaterial3DsMax using Guid(6008daaf28fd58349b70105e46e2a92b) (DefaultImporter) -> (artifact id: '62c5f56b50631846a6cb6746093d155c') in 0.0008693 seconds
Start importing Packages/com.unity.shadergraph/Editor/Data/SubGraph using Guid(605eb5c5a280c014fa0952cd022f2579) (DefaultImporter) -> (artifact id: '57a39bbc0b15ad434b819c73f2bf683a') in 0.0008691 seconds
Start importing Packages/com.unity.2d.common/Editor/InternalBridge/TexturePlatformSettings using Guid(70da7ad3ab314734aa8f83d71bf115e7) (DefaultImporter) -> (artifact id: 'a42ea4432a85aa215ab3313c5af47f63') in 0.0009238 seconds
Start importing Packages/com.unity.shadergraph/Editor/Resources/GraphView using Guid(80f811e405d64564b1c671c9813ea9a9) (DefaultImporter) -> (artifact id: '1b32eed5f524b3c800529a38081db13a') in 0.0009191 seconds
Start importing Packages/com.unity.2d.animation/Editor/UpgradeTools/UI using Guid(b0a2bc09e0ec6405388c569a95759f9f) (DefaultImporter) -> (artifact id: '2b6cfaeccce41e2555fa902f67d0e4af') in 0.0008476 seconds
Start importing Packages/com.unity.inputsystem/InputSystem/Editor/ControlPicker using Guid(b01eed8192c9f442b820a7af87ac73f8) (DefaultImporter) -> (artifact id: '30e818eba469def1b0b9900b9523c27c') in 0.0007679 seconds
Start importing Packages/com.unity.render-pipelines.core/Editor/BuildProcessors/ShaderStrippers using Guid(b0efad93b2507274daeaf8cc7306a312) (DefaultImporter) -> (artifact id: '334144efc9e65e03ff0d31cba58ab598') in 0.0008975 seconds
Start importing Packages/com.unity.shadergraph/Editor/Generation/Enumerations using Guid(d0cb1fc17ee65684592babcd1dba61b9) (DefaultImporter) -> (artifact id: 'c61260644ff489c4716223a55a736695') in 0.000831 seconds
Start importing Packages/com.unity.render-pipelines.core/Runtime/GPUDriven/Debug using Guid(e06600b8901fc6741a0d7f96ca9d7f0f) (DefaultImporter) -> (artifact id: 'cb6f8fa2663131a76ebfb2e6bd128e2f') in 0.000803 seconds
Start importing Packages/com.unity.render-pipelines.universal/Runtime/2D/Data using Guid(e0c762e8dad9af640925a542761eb35a) (DefaultImporter) -> (artifact id: '96afbf212f4760be75c5f029273aa7fa') in 0.0007867 seconds
Start importing Packages/com.unity.shadergraph/Editor/Generation/Targets using Guid(219feb550e92ac54ebc24e3fd8d5240a) (DefaultImporter) -> (artifact id: 'be0c2b7f5528870c388e6fd11acb19e1') in 0.0008625 seconds
Start importing Packages/com.unity.2d.animation/Editor/Assets/SpriteSwap using Guid(31446e0d27784fbf8f53515dd380ca16) (DefaultImporter) -> (artifact id: '8eb5651a5a8b1eb5109a6a16e2a61622') in 0.0007688 seconds
Start importing Packages/com.unity.ide.visualstudio/Editor/COMIntegration/Release using Guid(41b2d972bdac29e4a89ef08b3b52c248) (DefaultImporter) -> (artifact id: 'a2d942c39c06d6175c33103df95ec619') in 0.0007516 seconds
Start importing Packages/com.unity.test-framework/UnityEngine.TestRunner/Utils/AssemblyProvider using Guid(51557afa652635743b264a309f0a5c60) (DefaultImporter) -> (artifact id: '8a639915519a692529fdf384c74138af') in 0.0008461 seconds
Start importing Packages/com.unity.test-framework/UnityEngine.TestRunner/TestRunner/Callbacks using Guid(61e236e8570a95e4eb754fb291e102e0) (DefaultImporter) -> (artifact id: 'd55b575d8e5d473cc2e43dbbdeaeff7c') in 0.0009328 seconds
Start importing Packages/com.unity.test-framework/UnityEngine.TestRunner/TestRunner/RemoteHelpers using Guid(91c20d2c22b8b3a4cb6c816bd225591a) (DefaultImporter) -> (artifact id: '30fb2d9dd2eecdb696675b50955e4ebc') in 0.0009698 seconds
Start importing Packages/com.unity.ugui/Tests/Runtime/TMP using Guid(914613548ded44a43a59eb9852503f18) (DefaultImporter) -> (artifact id: '477b4938addb883f7857c7245a542f61') in 0.0008428 seconds
Start importing Assets/Resources/Art/Characters/C005 using Guid(a1e967d6f3fcd14c45c9e15c9906cd7c) (DefaultImporter) -> (artifact id: '0f192e57679a0b3a258e7c19cc0d087b') in 0.0007489 seconds
Start importing Packages/com.unity.render-pipelines.universal/Shaders/2D/Include using Guid(b1e0c8a42c5ad194389231f7780e158d) (DefaultImporter) -> (artifact id: '89c2cc3a9170d97be16f5dc5a432e00a') in 0.000925 seconds
Start importing Packages/com.unity.shadergraph/Editor/Drawing/Controllers using Guid(b1b1a4fb9c392ef49acffada0059f01e) (DefaultImporter) -> (artifact id: '257383b5e5dc8c779b47db3705a91a9f') in 0.0008145 seconds
Start importing Packages/com.unity.inputsystem/InputSystem/Plugins/Users using Guid(b102955bf08484d24b9122abab95b9fc) (DefaultImporter) -> (artifact id: '62900c29e85aa8bd6149d30f634f92b3') in 0.0008066 seconds
Start importing Packages/com.unity.test-framework/UnityEngine.TestRunner/Assertions/LogScope using Guid(b1d8465ba1376b148bdab58965101f47) (DefaultImporter) -> (artifact id: 'aac2509859303379c698e7a61b119125') in 0.0008183 seconds
Start importing Packages/com.unity.inputsystem/InputSystem/Editor/Settings using Guid(c189b798c1d4842fcb189cf619033d39) (DefaultImporter) -> (artifact id: '515feb66cf51621e4b25ea82ba1fe071') in 0.0007743 seconds
Start importing Packages/com.unity.2d.animation/IK/Editor/Inspectors using Guid(d12aa39b430d2fe44b043732d7d1d4aa) (DefaultImporter) -> (artifact id: '7cd34b9bd1f72a5d93d9b8abf2ebea1e') in 0.0009033 seconds
Start importing Packages/com.unity.2d.sprite/Editor/SpriteEditorModule/SpriteFrameModule using Guid(e1a3bd001331f2049913323736d02a48) (DefaultImporter) -> (artifact id: '87c258cee2814ab58ad840353c594ade') in 0.0008775 seconds
Start importing Packages/com.unity.shadergraph/Editor/Resources/UXML using Guid(e14441797a82fb84fb4e43064342bcb5) (DefaultImporter) -> (artifact id: '6aa9ada540b08c68d9480af29db5c0b3') in 0.0008603 seconds
Start importing Assets/Resources/Art/Characters/C001 using Guid(e1be25cc852eb1f4fb1dc8e7f3b2a5d8) (DefaultImporter) -> (artifact id: 'aef4d0af464af04e358b97ad8061d88a') in 0.0008809 seconds
Start importing Packages/com.unity.render-pipelines.core/Runtime/RenderGraph/Compiler using Guid(126062fea1dcb7f478883bc50375b95f) (DefaultImporter) -> (artifact id: '2f703c82238632a6be272734a606f6d6') in 0.0007748 seconds
Start importing Packages/com.unity.2d.animation/Editor/SkinningModule/WeightsGenerator using Guid(121aed0acdd821748aac18e3bf80fc35) (DefaultImporter) -> (artifact id: 'dcef5e6e9c1caf556a2c46981988f717') in 0.000906 seconds
Start importing Packages/com.unity.2d.sprite/Editor/SpriteEditor/SpriteEditorHintPopup using Guid(227c337d32ff4443ac4376322977be21) (DefaultImporter) -> (artifact id: 'd954fbac338ae93c24410a65d4a90232') in 0.0010908 seconds
Start importing Packages/com.unity.ugui/Runtime/UGUI/Properties using Guid(32e2186f4598cff489784aae586f2215) (DefaultImporter) -> (artifact id: 'd945312145ac0c9dd7a3598fc5b82f23') in 0.0009716 seconds
Start importing Packages/com.unity.shadergraph/Editor/Data/Util using Guid(32e29ba6d98ba0140a774b7804b02a28) (DefaultImporter) -> (artifact id: '658cd436f18a377686bcfcd32e6628e8') in 0.0011578 seconds
Start importing Packages/com.unity.render-pipelines.universal/Runtime/VFXGraph/Shaders using Guid(424d16c89244f3e4685b81926e90cb4b) (DefaultImporter) -> (artifact id: 'c8e9829102df3d0c4f35d7825fef057e') in 0.000864 seconds
Start importing Packages/com.unity.shadergraph/Editor/Generation/Templates using Guid(52f964a4069524b47bd98441cad69cd3) (DefaultImporter) -> (artifact id: '79f623838a4e0705f7f9fe00ae0aab93') in 0.001136 seconds
Start importing Packages/com.unity.shadergraph/Editor/Data/Legacy using Guid(624f34d4e59649fd80163f3590d97d73) (DefaultImporter) -> (artifact id: '00faf816d1d84ce7ae4abc313474683e') in 0.0008906 seconds
Start importing Packages/com.unity.inputsystem/InputSystem/Editor/PropertyDrawers using Guid(726294051bc6c426e886d72ea4702f21) (DefaultImporter) -> (artifact id: '151856e78c055b71f565b57ee7ebc996') in 0.0008482 seconds
Start importing Assets/Resources/Art/Characters/C007 using Guid(7249d4976227a890dd2f8af77766f5d3) (DefaultImporter) -> (artifact id: 'f4a884b189735f0cc138a9689369abed') in 0.0009937 seconds
Start importing Packages/com.unity.2d.animation/Editor/SkinningModule/Triangulation using Guid(72495d3b4803aad44b0456fd7b463771) (DefaultImporter) -> (artifact id: '7c9a9d5ca88b057647a475e1acc66da0') in 0.0008502 seconds
Start importing Packages/com.unity.render-pipelines.universal/Editor/Settings/PropertyDrawers using Guid(82c1f210baa2e8041bb6347e6278e365) (DefaultImporter) -> (artifact id: 'f1766ef047e3b80e86323208ef5ea930') in 0.000915 seconds
Start importing Packages/com.unity.test-framework/UnityEditor.TestRunner/GUI/TestAssets using Guid(92e3104769da143888a712cdea27d950) (DefaultImporter) -> (artifact id: '1c339984e4f7b537284cfc59f8240800') in 0.0008469 seconds
Start importing Packages/com.unity.inputsystem/InputSystem/Plugins/Switch using Guid(a27b7d2db78661c429e29911c09f8f4c) (DefaultImporter) -> (artifact id: '4291c0fea405671f6bf720ae7d62cbbd') in 0.000825 seconds
Start importing Packages/com.unity.render-pipelines.universal/Editor/ShaderGUI/ShadingModels using Guid(a22c22fb536604167866c59ce9a780d2) (DefaultImporter) -> (artifact id: '387159ba31b0c72bbc94d7275dc65ead') in 0.0009462 seconds
Start importing Packages/com.unity.shadergraph/Editor/Drawing/Views using Guid(a24ff57a99e64e33b4f88b1e81d84e97) (DefaultImporter) -> (artifact id: 'deabab7b6318a13e2dbf3fe9c9e1dfbc') in 0.0009232 seconds
Start importing Packages/com.unity.render-pipelines.core/Editor/Icons/RenderGraphViewer using Guid(b233366b32d45e8489690036aca26e57) (DefaultImporter) -> (artifact id: '9d00aedfc435d3b1115b473d03eccc99') in 0.0011007 seconds
Start importing Packages/com.unity.render-pipelines.core/Runtime/Debugging/Prefabs using Guid(d2160913896effa4aa65b93012ff3465) (DefaultImporter) -> (artifact id: 'c3b0ccffb771d31fb84ef036d77d638b') in 0.0010666 seconds
Start importing Packages/com.unity.render-pipelines.universal/Editor/ShaderGraph/Targets using Guid(d27a56a5783f89e409983f9a35efe7cc) (DefaultImporter) -> (artifact id: '3f194da53cfdf4271073e4826020d7fb') in 0.0009292 seconds
Start importing Packages/com.unity.inputsystem/InputSystem/Devices/Haptics using Guid(e286fc65ad3d4645b213e71b11e963e4) (DefaultImporter) -> (artifact id: '1e906103bfe75dfdec8e60b4277c2d4a') in 0.0007753 seconds
Start importing Packages/com.unity.render-pipelines.universal/Runtime/RendererFeatures/SurfaceCacheGI using Guid(e25bb11ca8db4cf4c8c43aa44f544dc1) (DefaultImporter) -> (artifact id: '0556e66f2d14819c9ef390f12efc857a') in 0.0007862 seconds
Start importing Packages/com.unity.2d.common/Path/Editor/Handles using Guid(f24350129d71841b688a3c8de8944912) (DefaultImporter) -> (artifact id: 'ed732bc40d5a2363c7bac70126db757d') in 0.0008613 seconds
Start importing Packages/com.unity.2d.animation/Editor/UpgradeTools/Utilities using Guid(33bd6f61ca79e43debb3ddbcee35f5ee) (DefaultImporter) -> (artifact id: '6a6fbab8724c19ec53f6c5097500153a') in 0.0009517 seconds
Start importing Packages/com.unity.render-pipelines.universal/Editor/2D/Converter using Guid(5361c774211d0234c94d0161651a5407) (DefaultImporter) -> (artifact id: 'f674adef6b7d01fdcdbe74fa6bafcd8e') in 0.000862 seconds
Start importing Packages/com.unity.render-pipelines.universal/Editor/2D/ShaderGraph using Guid(53926c186e474a85a679dafcc7f45d40) (DefaultImporter) -> (artifact id: 'fa1aaefa6bd589a061439142c61b5901') in 0.0007222 seconds
Start importing Packages/com.unity.ugui/Tests/Runtime/UGUI using Guid(53caebc5909234b4ebe1fcaf3dc913a5) (DefaultImporter) -> (artifact id: '6cea7121aaed435492ec2cc2e4bf06a4') in 0.0006926 seconds
Start importing Packages/com.unity.2d.animation/Editor/LayoutOverlay/Manipulators using Guid(8356cf4cb497279418c30e5fcdfe82b8) (DefaultImporter) -> (artifact id: '5582d568a65a565abb0e514fa1565bfa') in 0.0006384 seconds
Start importing Packages/com.unity.inputsystem/InputSystem/Editor/Internal using Guid(8377f8bca2884d3ba3dd053d9b5d06f7) (DefaultImporter) -> (artifact id: 'bd450b8d35f574eb1669278e1ae71f05') in 0.0007672 seconds
Start importing Packages/com.unity.render-pipelines.core/Runtime/Sampling/Textures using Guid(837c8a5059e05e74f8f9b8cbb40c6fa1) (DefaultImporter) -> (artifact id: '3d85acbb874d2d5d58a2b40e13e0f3bc') in 0.0007574 seconds
Start importing Packages/com.unity.shadergraph/Editor/Data/Implementation using Guid(931ad3a4d181270419aa65ff77b3ec16) (DefaultImporter) -> (artifact id: '5262d891a83110d4d3089e4f09bd6d6a') in 0.0007208 seconds
Start importing Packages/com.unity.render-pipelines.core/Tests/Editor/Volumes using Guid(93ab3f290033d9a48b3cce3d26d93f89) (DefaultImporter) -> (artifact id: 'c8a7c921975a88de0e67649b6bdf040a') in 0.0006711 seconds
Start importing Packages/com.unity.inputsystem/InputSystem/Plugins/Steam using Guid(a3e712d7ab2114ca4960246b0d5e6215) (DefaultImporter) -> (artifact id: '4245f6ac265fd648bef2d26dcef0eb00') in 0.0005927 seconds
Start importing Packages/com.unity.test-framework/UnityEditor.TestRunner/TestLaunchers/Helpers using Guid(a3cb89150b8a4060b89a32725a8e267e) (DefaultImporter) -> (artifact id: '1c6550e824ea391f5fd50f57247dd2be') in 0.0007758 seconds
Start importing Packages/com.unity.inputsystem/InputSystem/Devices/Remote using Guid(b3be39d9a3c9496a9a619d6dc185f5f3) (DefaultImporter) -> (artifact id: '98df1ffc957e8cfdea496cfb365f08af') in 0.0009633 seconds
Start importing Packages/com.unity.test-framework/UnityEngine.TestRunner/NUnitExtensions/Filters using Guid(c3de99f9efc582a48995bc8e8c2df418) (DefaultImporter) -> (artifact id: '6a3e6215aa297c9a4e3c7159efb1015c') in 0.0009289 seconds
Start importing Packages/com.unity.shadergraph/Editor/Data/Graphs using Guid(f329b5b280b7f6f449659f05937ac2f2) (DefaultImporter) -> (artifact id: '7ae39efab1d55fb2a5da36961662dfce') in 0.000841 seconds
Start importing Packages/com.unity.burst/Runtime/Intrinsics/x86 using Guid(3413d06997203e50844bbf4eca32fce8) (DefaultImporter) -> (artifact id: '080781ea9cc8ae422dd286982a3187b7') in 0.0007529 seconds
Start importing Packages/com.unity.render-pipelines.universal/Editor/ShaderGUI/Shaders using Guid(44979452441cd45d5a88ff530647528f) (DefaultImporter) -> (artifact id: '50e8de7cdf2ed3d2df503aebe5d02ec8') in 0.000784 seconds
Start importing Packages/com.unity.2d.animation/Editor/SkinningModule/Lib using Guid(54114b7cd6ae355489325fd90132f551) (DefaultImporter) -> (artifact id: 'bc38b737f88b15d2d47cb5d9c4ac3bbb') in 0.0007534 seconds
Start importing Packages/com.unity.render-pipelines.universal/Runtime/2D/RendererFeatures using Guid(6410ec30b9d85cf40b53826342e69ac4) (DefaultImporter) -> (artifact id: '9432705dba6b8b4c1176800c10a42fe8') in 0.0008793 seconds
Start importing Packages/com.unity.ugui/Runtime/UGUI/UI using Guid(742654cad2425334696ba6ed4495cfef) (DefaultImporter) -> (artifact id: 'd1046547fc52369f9a3a8f6b662ded51') in 0.0008315 seconds
Start importing Packages/com.unity.2d.animation/Editor/SkinningModule/VisibilityTool using Guid(74791f07064cb01408ec2b306c5bc798) (DefaultImporter) -> (artifact id: 'c6316bd055d8fe213610122d9ea6fa14') in 0.0007985 seconds
Start importing Packages/com.unity.2d.common/Path/Editor/Shapes using Guid(74ab527625c374ee2bd1e687a90f25d6) (DefaultImporter) -> (artifact id: '9f92d2b92c9850240d89dbaca1703ab8') in 0.0006963 seconds
Start importing Packages/com.unity.inputsystem/InputSystem/Devices/Commands using Guid(84ba8e63f115487ca072084bbebf0e55) (DefaultImporter) -> (artifact id: 'f07b113e01bd786eb3877d7a3e54e980') in 0.0007436 seconds
Start importing Packages/com.unity.shadergraph/GraphTemplates/Subgraphs/Terrain using Guid(843eba6e16ab9034aaacf0d768c274b6) (DefaultImporter) -> (artifact id: '540d8008e3dbbc9491a99696a4fdbe62') in 0.0008492 seconds
Start importing Packages/com.unity.render-pipelines.core/Editor/Lighting/LightUnit using Guid(942737965ad5c034997de550e1c26ff1) (DefaultImporter) -> (artifact id: '6be5281125ad998812c544e8454c881e') in 0.0008373 seconds
Start importing Packages/com.unity.inputsystem/InputSystem/Editor/ProjectWideActions using Guid(949d73ae1e0166c469c8706d4d7a21c7) (DefaultImporter) -> (artifact id: '53693059d700c14fed68385f57810496') in 0.0007165 seconds
Start importing Packages/com.unity.inputsystem/InputSystem/Plugins/WebGL using Guid(d4077c3b095df48b798c97c694ffd684) (DefaultImporter) -> (artifact id: '4bb20e019f436a4c5978cb315a438c41') in 0.000887 seconds
Start importing Packages/com.unity.shadergraph/Editor/Generation/Processors using Guid(f4a2b3d2dd6f5468a8423947316be163) (DefaultImporter) -> (artifact id: '32ee9de72cc8bd7d062a9f6772ba9e96') in 0.0012898 seconds
Start importing Packages/com.unity.shadergraph/Editor/Resources/Icons using Guid(f4d6d4aaf7f25a14fb15dabc0b24d7ef) (DefaultImporter) -> (artifact id: '561decef2ea012187c421b244ec7bfad') in 0.0010212 seconds
Start importing Packages/com.unity.render-pipelines.core/Runtime/RenderGraph/Debug using Guid(0543e23b6a0f25741b67b1bee0292e70) (DefaultImporter) -> (artifact id: '7771f76bcd0c0d31578ebc83c0551730') in 0.0008577 seconds
Start importing Packages/com.unity.render-pipelines.core/Editor/Icons/MipLevels using Guid(05f6cde15dbb7bb48b377d0310898c96) (DefaultImporter) -> (artifact id: 'cf7f907dcce0608959e6da229069ba7a') in 0.0007789 seconds
Start importing Packages/com.unity.render-pipelines.universal/Editor/2D/Shadows using Guid(15c1d77e1b7aec14b8f1eb5a24156d60) (DefaultImporter) -> (artifact id: '1613f10d823bd689dad44ba4a69ed865') in 0.0007469 seconds
Start importing Packages/com.unity.test-framework/UnityEngine.TestRunner/TestRunner/Messages using Guid(256a0ca37fa972840bce7fca446e75e7) (DefaultImporter) -> (artifact id: '49c9fa09840fad3e17b412376a8dcf2a') in 0.0013431 seconds
Start importing Packages/com.unity.render-pipelines.universal/Editor/Decal/Resources using Guid(3522f385657caf14b8c18df878a3c65b) (DefaultImporter) -> (artifact id: '4f1605886031ae185340d950ae437b3f') in 0.0011968 seconds
Start importing Packages/com.unity.shadergraph/Editor/Generation/TargetResources using Guid(45e29c7fe2bbe4bd199f0029b890f5f5) (DefaultImporter) -> (artifact id: '54650005a37db5f4c42e519cb100081f') in 0.0008838 seconds
Start importing Packages/com.unity.2d.common/Editor/ImagePacker/Jobs using Guid(55c552c82618a429ebc328c8ba27b416) (DefaultImporter) -> (artifact id: 'b0126f03465cb1ef36c3d7609f752698') in 0.0008921 seconds
Start importing Packages/com.unity.shadergraph/Editor/Data/Enumerations using Guid(55b9824914ca013428dfb7a5c38fc2de) (DefaultImporter) -> (artifact id: '953e1292ac457d63f13e9bfa60e5bd1b') in 0.0007217 seconds
Start importing Packages/com.unity.2d.common/Path/Editor/EditablePath using Guid(7547253d5e9da40a6a81c6436d293494) (DefaultImporter) -> (artifact id: '7fc6d3f8d1c1fa1c9c3f9b9506e89991') in 0.0006551 seconds
Start importing Packages/com.unity.ugui/Editor/UGUI/UI using Guid(853edc343b78a7c4c81cbb3851d48c0a) (DefaultImporter) -> (artifact id: '773a517afa854ab194e9e6794bc9a1cf') in 0.0006167 seconds
Start importing Packages/com.unity.render-pipelines.universal/Editor/2D/Resources using Guid(95000b81b3fc6af4a916987efa80abbc) (DefaultImporter) -> (artifact id: '751f80d600888e5665a44ac9bf31569e') in 0.0007135 seconds
Start importing Packages/com.unity.shadergraph/Editor/Resources/Shaders using Guid(95a0c8e39aaf7f3468cff72de2b7c094) (DefaultImporter) -> (artifact id: '15e9651cb1887799b1e4c863438ffa3d') in 0.0008952 seconds
Start importing Packages/com.unity.shadergraph/Editor/Generation/Attributes using Guid(95d4f3eaeba344017b164174ed877b77) (DefaultImporter) -> (artifact id: '16043190afcd0e7c683f0e29861756ac') in 0.0010651 seconds
Start importing Assets/Resources/Art/Characters/C010 using Guid(9536532ee737ab1c4c72070d9d448e98) (DefaultImporter) -> (artifact id: 'd65443616173e86db60b711b008a5f60') in 0.0008602 seconds
Start importing Packages/com.unity.inputsystem/InputSystem/Editor/AssetEditor using Guid(a5c84a68c16874bd5ba1a9d15a5e5044) (DefaultImporter) -> (artifact id: '51f6329545320ce62a7af1fc311baefa') in 0.0007525 seconds
Start importing Packages/com.unity.render-pipelines.core/Runtime/GPUDriven/InstanceData using Guid(b5f7bf756dcca7044ace748986382c79) (DefaultImporter) -> (artifact id: '001d33bb329cdd31251466ae0546b2bc') in 0.0007956 seconds
Start importing Packages/com.unity.test-framework/UnityEditor.TestRunner/GUI/Views using Guid(c5535d742ea2e4941850b421f9c70a1f) (DefaultImporter) -> (artifact id: 'd8974548c2c7ab5d5ad7599c432a1bc7') in 0.0008288 seconds
Start importing Packages/com.unity.2d.animation/Editor/SkinningModule/Cache using Guid(d59ac20961f9b95419fd53d6c9663903) (DefaultImporter) -> (artifact id: 'c49f02aeb685699d303f6d884e8b89af') in 0.0012863 seconds
Start importing Packages/com.unity.render-pipelines.universal/Editor/Tools/MaterialUpgrader using Guid(d5fa30f043d2e274f9024230be655650) (DefaultImporter) -> (artifact id: 'ee86415133dca45bc85be8fb6c08c561') in 0.0007684 seconds
Start importing Packages/com.unity.inputsystem/InputSystem/Plugins/Android using Guid(e5769f689f15dce4a9f92aff27659c54) (DefaultImporter) -> (artifact id: '1882dbaf36accbc4ef3817afe6c3a6b2') in 0.0008617 seconds
Start importing Packages/com.unity.render-pipelines.core/Runtime/Utilities/GPUSort using Guid(e5d689573b624639aac8d00ca42bd729) (DefaultImporter) -> (artifact id: '3a8332852c04df7b9dc6feea8d08c161') in 0.0011628 seconds
Start importing Packages/com.unity.shadergraph/Editor/Generation/Descriptors using Guid(e5779cc2c32bb4c90b671ed2e6629e3d) (DefaultImporter) -> (artifact id: 'a81b4a8b55d41faad4cce5358543ec36') in 0.0009289 seconds
Start importing Packages/com.unity.ugui/Editor/UGUI/EventSystem using Guid(f525580684527b147b70cf94aaa70dbc) (DefaultImporter) -> (artifact id: '35f8d6adc1fe92d630cb18996309700e') in 0.0010574 seconds
Start importing Packages/com.unity.2d.animation/Editor/Assets/ComponentIcons using Guid(f58d83d2792f0450fb7aec0238f4a067) (DefaultImporter) -> (artifact id: 'fce7380fef2b84f0657954fc9a271336') in 0.0008103 seconds
Start importing Packages/com.unity.render-pipelines.core/Tests/Editor/Tools using Guid(167414eb9b5aac148a050554ea60a5cc) (DefaultImporter) -> (artifact id: '98a46cf2ded14f010274e2a8c784870c') in 0.000751 seconds
Start importing Packages/com.unity.2d.animation/Editor/SpriteLib/SpriteSwapOverlay using Guid(260d767878e2440d8f0d1bcc48bfbf9e) (DefaultImporter) -> (artifact id: '340ca73f50e87e8fa112ded929c45178') in 0.0008845 seconds
Start importing Packages/com.unity.test-framework/UnityEditor.TestRunner/UnityTestProtocol/Data using Guid(3610673068254436ac90019f46e09f01) (DefaultImporter) -> (artifact id: 'edf71b33f3965ea27aa0f561aefe6dce') in 0.0008483 seconds
Start importing Packages/com.unity.inputsystem/InputSystem/Editor/Debugger using Guid(461c380dccba54a569c07d9810dd3b32) (DefaultImporter) -> (artifact id: 'da89f0ad8f21a6a87a6a6692ffa6b299') in 0.0007965 seconds
Start importing Packages/com.unity.shadergraph/Editor/Drawing/Blackboard using Guid(465f456071d65c648a34adddf33057f7) (DefaultImporter) -> (artifact id: 'e19dc96236a709ac12609f83f53b9da4') in 0.0009808 seconds
Start importing Packages/com.unity.inputsystem/InputSystem/Devices/Precompiled using Guid(6600059bab4cd4a4ab586e5bb07df47b) (DefaultImporter) -> (artifact id: 'a5b5175474d7faf6114b3b2f92c63972') in 0.0009254 seconds
Start importing Packages/com.unity.render-pipelines.universal/Editor/SceneTemplates/Materials using Guid(7671b37f9da45644d8d1d917a2cf29d4) (DefaultImporter) -> (artifact id: 'f898962d802215974676d69789937981') in 0.0010192 seconds
Start importing Packages/com.unity.render-pipelines.core/Runtime/PostProcessing/Shaders using Guid(86304ecf756376e4b8ecb6f9d6111b89) (DefaultImporter) -> (artifact id: '7a4e6a369bb7a235af716f4f9700c8d3') in 0.0008922 seconds
Start importing Packages/com.unity.inputsystem/InputSystem/Plugins/InputForUI using Guid(96500a17645c67442a0ccdca007e6d28) (DefaultImporter) -> (artifact id: '50565058fe2fe0c54cf013821d1f8019') in 0.0008402 seconds
Start importing Packages/com.unity.test-framework/UnityEditor.TestRunner/NUnitExtension/Attributes using Guid(96c503bf059df984c86eecf572370347) (DefaultImporter) -> (artifact id: '2e346665254194df03f2d47ad0a2e81b') in 0.0008042 seconds
Start importing Packages/com.unity.shadergraph/Editor/Generation/Collections using Guid(d6d4496479c324d29acc5c0d0a40d1b9) (DefaultImporter) -> (artifact id: '4506dbd6ed12beb3e5201ed3099706e5') in 0.0008539 seconds
Start importing Packages/com.unity.shadergraph/Tests/Editor/IntegrationTests using Guid(e636bcaad60bb8e4da48c07cdcb938b5) (DefaultImporter) -> (artifact id: 'aac36f3be3c9da0761b7fd4db954b324') in 0.0007059 seconds
Start importing Packages/com.unity.render-pipelines.universal/Runtime/Decal/DBuffer using Guid(f68d0654b5ceb4a4b92e324b3d1a373c) (DefaultImporter) -> (artifact id: 'b6b31650fc253397ce3e2ff41b751f8e') in 0.0008817 seconds
Start importing Packages/com.unity.test-framework/UnityEditor.TestRunner/GUI/TestListBuilder using Guid(07ea0326ed848fb4489187cb58f96113) (DefaultImporter) -> (artifact id: 'c9ef4e1b8c0b54cbe4a5a11c696e4b78') in 0.0008123 seconds
Start importing Assets/Resources/Art/Characters/C006 using Guid(17077a4031dc25dc7edad9357db1c7dd) (DefaultImporter) -> (artifact id: '93aaaf66f222ba5df48c84522ff2a476') in 0.000769 seconds
Start importing Packages/com.unity.render-pipelines.core/Editor/Icons/Processed using Guid(27236dbe91cb3d644991bb5702250e9d) (DefaultImporter) -> (artifact id: '345d7a16e9cfb3cae61ea5ca35842ae4') in 0.0007444 seconds
Start importing Packages/com.unity.render-pipelines.core/Runtime/RenderPipelineResources/GPUDriven using Guid(270b22cf3fe09dc4ea4fe92d629d8bce) (DefaultImporter) -> (artifact id: 'bab1fbca95e3983a9944e52211a8da96') in 0.0007352 seconds
Start importing Packages/com.unity.2d.animation/Editor/SkinningModule/Selectors using Guid(37f3979cbd2490a4c87552d59e76b1f6) (DefaultImporter) -> (artifact id: '81e9272501a4d0996ca372082b22ee08') in 0.0007524 seconds
Start importing Packages/com.unity.test-framework/UnityEngine.TestRunner/NUnitExtensions/Runner using Guid(37888acc09d9ee848bf9559f06645c45) (DefaultImporter) -> (artifact id: 'ee1e527b3560111b8f9aa3c43ad7e9a9') in 0.0009308 seconds
Start importing Packages/com.unity.searcher/Editor/Resources/FlatSkin using Guid(67e35e8d446428040b9f0580470b5b5a) (DefaultImporter) -> (artifact id: '2b77b4fbeb58a35245dcff8388fe9aec') in 0.0009714 seconds
Start importing Packages/com.unity.2d.animation/Editor/SkinningModule/CharacterModeTool using Guid(6735c3e859fb15b4191b28f225534760) (DefaultImporter) -> (artifact id: 'e6db1984e892517b71a78a12b57a113c') in 0.0009373 seconds
Start importing Packages/com.unity.inputsystem/InputSystem/Plugins/XInput using Guid(674bcb49f4019404bb8bfd43a597785a) (DefaultImporter) -> (artifact id: 'c0d5d05351409abd57330406f69046a4') in 0.0009209 seconds
Start importing Packages/com.unity.ugui/Editor/Analytics/IAnalytic using Guid(77417b0f4cf6d334f916c64448d24133) (DefaultImporter) -> (artifact id: 'a22d0db8c8eb6d464d1b5bd50a6655ab') in 0.0008622 seconds
Start importing Packages/com.unity.render-pipelines.core/Editor/Lighting/Icons using Guid(77235ff89f4625d44ac5ad118d1913fa) (DefaultImporter) -> (artifact id: '6aa1f03a998f5cbcbea73c1e2c2c1815') in 0.0009029 seconds
Start importing Packages/com.unity.render-pipelines.core/Runtime/Vrs/Shaders using Guid(77658d0b0e15bb342a01e17ef1b2172a) (DefaultImporter) -> (artifact id: 'd665d223b97413405aa3f55398523bec') in 0.0008544 seconds
Start importing Packages/com.unity.render-pipelines.universal/Editor/SceneTemplates/Standard using Guid(9750256f1be9648b4ba73d98e44d225e) (DefaultImporter) -> (artifact id: '8bd5373fb40624d778069dad13d6c6fe') in 0.0008243 seconds
Start importing Packages/com.unity.inputsystem/InputSystem/Plugins/HID using Guid(a71161af1440e4b1fbbefefb3aaffce0) (DefaultImporter) -> (artifact id: 'cc150985718e30b27fed7bfd69447ed7') in 0.0007267 seconds
Start importing Packages/com.unity.shadergraph/Editor/Generation/Utils using Guid(a776ae8783d76794ead8bbefa7461cb8) (DefaultImporter) -> (artifact id: 'c6452bed8e3962f8b5e9f778e78d6a2e') in 0.000698 seconds
Start importing Packages/com.unity.inputsystem/InputSystem/Editor/Analytics using Guid(d7fcb545eb7743c8bd27f341b51151dc) (DefaultImporter) -> (artifact id: 'f23c902ef03765eb809917649b02da6b') in 0.0006738 seconds
Start importing Packages/com.unity.shadergraph/Editor/Generation/Contexts using Guid(e7109562d81c04d45be09c804dc1b8ae) (DefaultImporter) -> (artifact id: '775b5d35f82cc8e690d0cef117b852a3') in 0.000763 seconds
Start importing Packages/com.unity.render-pipelines.universal/Runtime/2D/Passes using Guid(f74b40ff9aaa99a49a36a3c646ca5917) (DefaultImporter) -> (artifact id: '7c1d4cb45357db06f2e3d9edbaf8fd26') in 0.0007969 seconds
Start importing Packages/com.unity.shadergraph/Editor/Generation/Data using Guid(f78c50a65bb1b22409719a84b48ff794) (DefaultImporter) -> (artifact id: '2b41176d2562fccdf1073a675166e2b7') in 0.0008877 seconds
Start importing Packages/com.unity.2d.animation/Editor/SkinningModule/SkeletonTool using Guid(08f15e56bdceb584f8b33ce6d6e22aa7) (DefaultImporter) -> (artifact id: '894564ad84ec090e17f499e792f7f0a1') in 0.0008884 seconds
Start importing Packages/com.unity.shadergraph/Editor/Data/Attributes using Guid(08871a332c049d44d9bf2563943a52c0) (DefaultImporter) -> (artifact id: 'b09de6ccad4ef58db7ed1e416d02beca') in 0.000832 seconds
Start importing Packages/com.unity.render-pipelines.core/Tests/Editor/GPUDriven using Guid(0829798e3b46e42438b2a90fe5fbe063) (DefaultImporter) -> (artifact id: '1dacfdf94ddbed438dabc2dd2364cdf6') in 0.000962 seconds
Start importing Packages/com.unity.2d.animation/Editor/SkinningModule/SkinningCache using Guid(181aae7e64f90f940a2588cc2b4cbaf7) (DefaultImporter) -> (artifact id: '372c981b46168d3d5e48afaffd2877d7') in 0.0007221 seconds
Start importing Packages/com.unity.render-pipelines.universal/Textures/BlueNoise64/L using Guid(185beacae6c1ae444bf82919f9550d1a) (DefaultImporter) -> (artifact id: 'e71797dddb52c2aabce01b3652837d28') in 0.0007376 seconds
Start importing Packages/com.unity.2d.animation/Editor/SpriteLib/SpriteLibrarySourceAsset using Guid(28310f24dad9e47eab113c1d68e8a734) (DefaultImporter) -> (artifact id: '45cc06f0254492657a061b229e32f2dd') in 0.0007066 seconds
Start importing Packages/com.unity.burst/Runtime/Intrinsics/Arm using Guid(2893f6d998ac3104919ec7e11aa597cd) (DefaultImporter) -> (artifact id: '20456fafa43f13a05b05b1d9591955d2') in 0.000724 seconds
Start importing Packages/com.unity.shadergraph/Editor/Drawing/MaterialEditor using Guid(381bcc6523571fb478a4937355db4c0d) (DefaultImporter) -> (artifact id: '90c1a6c1d83a9d94a935db832c169103') in 0.0006574 seconds
Start importing Packages/com.unity.2d.animation/Editor/Assets/LayoutOverlay using Guid(4817dc4ea8764f74298414d8ac0bb8d5) (DefaultImporter) -> (artifact id: 'b5ac0c01b6f323841d4f85a2e548a935') in 0.0007402 seconds
Start importing Packages/com.unity.render-pipelines.universal/Runtime/Decal/ScreenSpace using Guid(5818a14fd27827e48951a0d2ee539d75) (DefaultImporter) -> (artifact id: 'ac4ab97df5c0f8a2877c38d28ad3b174') in 0.0007423 seconds
Start importing Packages/com.unity.shadergraph/Editor/Drawing/Interfaces using Guid(58ecb05b886e4306918caed5d3178020) (DefaultImporter) -> (artifact id: 'bea49cb982c5b5a30a9d131405a3f1b7') in 0.0006798 seconds
Start importing Packages/com.unity.render-pipelines.core/Runtime/Lighting/ProbeVolume using Guid(686bcd471035ed641a36aa69aacb76a9) (DefaultImporter) -> (artifact id: '97272a9502bd9aba89d261b081e2b232') in 0.0007211 seconds
Start importing Packages/com.unity.test-framework/UnityEditor.TestRunner/GUI/TestListTreeView using Guid(68cb547af0187634aad591a09c01cd5b) (DefaultImporter) -> (artifact id: 'bcc7fabbc19415c35b0572cf2f2337a5') in 0.0006881 seconds
Start importing Packages/com.unity.render-pipelines.core/Runtime/RenderPipelineResources/Mesh using Guid(68ed7b91fd1483d40861e1ada55a57bc) (DefaultImporter) -> (artifact id: 'f207b84878a73b87b55f7d75cf48e989') in 0.0006616 seconds
Start importing Packages/com.unity.render-pipelines.universal/Runtime/2D/UTess2D using Guid(78adb7be6764d484eaae877fcfac7bd4) (DefaultImporter) -> (artifact id: 'c78bc55b8adbbe5e1b51fc8993571616') in 0.0006714 seconds
Start importing Packages/com.unity.render-pipelines.core/Tests/Editor/ShaderStripping using Guid(a869f30d596b98e41b8553703937b6e5) (DefaultImporter) -> (artifact id: 'db2dcc91b1e4412e823ed014cce3b769') in 0.0007876 seconds
Start importing Packages/com.unity.render-pipelines.core/Tests/Editor/Debugging using Guid(b8f37e7cf15bcc1419f4622045f6e075) (DefaultImporter) -> (artifact id: '8618fb53a9a20a1d0cf41286604b4c7b') in 0.0007448 seconds
Start importing Packages/com.unity.2d.sprite/Editor/UI/SpriteEditor using Guid(b8f7402084fe2cf4d884952adeac1114) (DefaultImporter) -> (artifact id: 'bc400fb9a86652d12445be2d2e02c633') in 0.0007939 seconds
Start importing Packages/com.unity.2d.animation/Editor/Assets/EditorIcons using Guid(c8b0f0078e4484470b202573e8792195) (DefaultImporter) -> (artifact id: '512fc15d0b869702e0df3415d27ea83b') in 0.0007424 seconds
Start importing Packages/com.unity.render-pipelines.core/Tests/Editor/RenderPipeline using Guid(d8bcf5ae67f54a15944eef9b06d8d20d) (DefaultImporter) -> (artifact id: '5f04a804b8c19f25f7220f71b786a029') in 0.0007331 seconds
Start importing Packages/com.unity.test-framework/UnityEditor.TestRunner/GUI/Controls using Guid(e88eef57957d4440c8a7ff2ef9dd3d97) (DefaultImporter) -> (artifact id: 'c4f64d42392877fbc9299e30e3929089') in 0.0006894 seconds
Start importing Packages/com.unity.inputsystem/InputSystem/Plugins/XR using Guid(097288e93d94f44438e9ef4dc93f7346) (DefaultImporter) -> (artifact id: '65d8e3491c4546b69a124702dbede89a') in 0.0007435 seconds
Start importing Packages/com.unity.shadergraph/Editor/Drawing/Controls using Guid(29309be0e1004fad967256187775c528) (DefaultImporter) -> (artifact id: 'af9300f652828052b1cc17ba0e5fbbc8') in 0.0007352 seconds
Start importing Packages/com.unity.2d.animation/Editor/Assets/AssetUpgrader using Guid(39167332d427b4851b6947e4a02b9186) (DefaultImporter) -> (artifact id: 'cf1b5e7e9c2abcae1dd6c477265386f7') in 0.0007918 seconds
Start importing Packages/com.unity.test-framework/UnityEditor.TestRunner/TestRun/Data using Guid(4926c06156894939ba0a2680f1b0aa7a) (DefaultImporter) -> (artifact id: 'e85e5880a8fb926656c64ebb007116bd') in 0.0007046 seconds
Start importing Packages/com.unity.render-pipelines.universal/Editor/ShaderGraph/Nodes using Guid(6979e5ac3dcd9e147be8acbcea517686) (DefaultImporter) -> (artifact id: '6072ef90b925365cb4ffed458af5b0e3') in 0.0007306 seconds
Start importing Packages/com.unity.inputsystem/InputSystem/Plugins/UI using Guid(69dd334ee54c747c38b3317d02c3967a) (DefaultImporter) -> (artifact id: '1fd450bb232d5b95bbe26023d11838df') in 0.0007179 seconds
Start importing Packages/com.unity.test-framework/UnityEditor.TestRunner/Api/Analytics using Guid(891bb6b9f5094c36b59c3788e21c8213) (DefaultImporter) -> (artifact id: '7afc1f32db95c3782cc44b8be1b1fdd2') in 0.0008084 seconds
Start importing Packages/com.unity.render-pipelines.core/Runtime/UnifiedRayTracing/Common using Guid(b9f7ba6849814a54bb551f9491377013) (DefaultImporter) -> (artifact id: 'd4d9fcf70fdb369bbcfad92ae8a4c078') in 0.0008335 seconds
Start importing Packages/com.unity.inputsystem/InputSystem/Actions/Interactions using Guid(b90e4423894dce34f83bb15a3ba411ba) (DefaultImporter) -> (artifact id: '1a682d568fa434ab30a8210e73fe1d5d') in 0.0007823 seconds
Start importing Packages/com.unity.render-pipelines.universal/Editor/2D/Overrides using Guid(c96a8adc325df8544ae548396468a961) (DefaultImporter) -> (artifact id: '5797c951e84841231f5e58d60f865dc5') in 0.0007256 seconds
Start importing Packages/com.unity.test-framework/UnityEditor.TestRunner/TestRunner/Messages using Guid(d9682e749d3efc642af54d789d9090a6) (DefaultImporter) -> (artifact id: '34a2da094325aea95250bbc91b3bacfc') in 0.0008262 seconds
Start importing Packages/com.unity.render-pipelines.core/Editor/BuildProcessors/SettingsStrippers using Guid(f9e0abec186274f4f8a49394c1fef24b) (DefaultImporter) -> (artifact id: '28c507c646c61b39d9d919b7ff2b83d5') in 0.0006953 seconds
Start importing Packages/com.unity.render-pipelines.universal/Editor/ShaderGraph/Includes using Guid(f9df817efe7f52045a7cd7ae84fd47ae) (DefaultImporter) -> (artifact id: '06479cd795399b12c4037e15097a4fb6') in 0.0007304 seconds
Start importing Packages/com.unity.2d.animation/Editor/SkinningModule/Selection using Guid(0a68d56945b68344ea2f451f0e9f14b4) (DefaultImporter) -> (artifact id: '1d797073676462d14c467e3d788b6c05') in 0.0008914 seconds
Start importing Packages/com.unity.2d.animation/Editor/SkinningModule/OutlineGenerator using Guid(2a8a39f0e276884449c4610fee697330) (DefaultImporter) -> (artifact id: '5571d3b313898c52d030e3110c008dc7') in 0.0008512 seconds
Start importing Packages/com.unity.2d.animation/Editor/SkinningModule/SkinningSerializer using Guid(6a526b93b1b26d040a197bb4ffe84ba1) (DefaultImporter) -> (artifact id: 'bc3004f3f9c11f476d1aa4f02e837347') in 0.0008322 seconds
Start importing Packages/com.unity.inputsystem/InputSystem/Actions/Composites using Guid(6adbf65a53ff9b04990c2116b3e4d5b7) (DefaultImporter) -> (artifact id: '731fcbb1800e0536eab648102951f6d9') in 0.000798 seconds
Start importing Assets/Scripts/Resonance.App/Battle/Vfx using Guid(8a23b5a089ef7b74eb108dc6be8838d0) (DefaultImporter) -> (artifact id: '85ed7a75321aa3da1673ddaa3aab6557') in 0.0007328 seconds
Start importing Packages/com.unity.2d.animation/Editor/SkinningModule/MeshPreviewTool using Guid(9aa898c2e4f1cbc4ba5d122fc7b47317) (DefaultImporter) -> (artifact id: '6471e766a2fecd457f34c703c9e574c6') in 0.0007539 seconds
Start importing Packages/com.unity.shadergraph/Editor/Data/Actions using Guid(9abbc5074e3b457c98f721847723bf2e) (DefaultImporter) -> (artifact id: 'fe7d8305a96034bb30ef6b12dae53088') in 0.0007247 seconds
Start importing Packages/com.unity.render-pipelines.universal/Editor/Converter/PPv2 using Guid(aaea8397f87188a4fb3a7451bf0ea320) (DefaultImporter) -> (artifact id: '4444e57dc1735683e84a4c9241e5c5ab') in 0.0007205 seconds
Start importing Packages/com.unity.render-pipelines.universal/Runtime/Materials/ArnoldStandardSurface using Guid(dadc0db69503dfa4eb1c96a19590f95c) (DefaultImporter) -> (artifact id: 'c4afa0ef24dbf13aad08371995663f40') in 0.0007797 seconds
Start importing Packages/com.unity.render-pipelines.universal/Editor/Overrides/Shaders using Guid(da0f06d1af1e98c48b8ffbe1e6e4df96) (DefaultImporter) -> (artifact id: '77d9edfd77d13472b7f0c72ef9d99487') in 0.0009041 seconds
Start importing Packages/com.unity.inputsystem/InputSystem/Plugins/OSX using Guid(ea65eddf43398654fa32b724723c71a4) (DefaultImporter) -> (artifact id: '571838c1903d4b738a6af60b1970370c') in 0.0010041 seconds
Start importing Packages/com.unity.ugui/Editor/TMP/PropertyDrawers using Guid(ea7c31b5b377c314db28ad3fabbbd38d) (DefaultImporter) -> (artifact id: 'ebc92ba84e6406c25f912a00cf612866') in 0.000969 seconds
Start importing Packages/com.unity.ugui/Tests/Editor/UGUI using Guid(fae3ac1997e164d1eba5fa5c417cbefd) (DefaultImporter) -> (artifact id: 'a65f00dcb82f453aab04a0f34c97e4e8') in 0.0008675 seconds
Start importing Packages/com.unity.shadergraph/Editor/Data/Interfaces using Guid(fa6cfee2afcf9584b9e67fe405662d0e) (DefaultImporter) -> (artifact id: '3802db2e58a2263174b47c8549202657') in 0.0007767 seconds
Start importing Packages/com.unity.render-pipelines.core/Tests/Editor/Analytics using Guid(1b3ed7ed96f03fb41af34f1c2e6a1fff) (DefaultImporter) -> (artifact id: 'c23552cd417d1b7c82afe956df223812') in 0.0007774 seconds
Start importing Packages/com.unity.2d.common/Editor/InternalBridge/SpriteDataProviders using Guid(2ba1d7981c204540a706180aff4ec973) (DefaultImporter) -> (artifact id: '2c86ddd10eede37a3d5ae091648ddf55') in 0.000981 seconds
Start importing Packages/com.unity.test-framework/UnityEngine.TestRunner/NUnitExtensions/Commands using Guid(6b72875690e0f7343911e06af3145bd5) (DefaultImporter) -> (artifact id: 'f36e7cf57d57bd868768c4d06537389c') in 0.0009534 seconds
Start importing Packages/com.unity.2d.animation/Editor/SkinningModule/Undo using Guid(6b2a04ba0c02e4442bbf785060fc2c01) (DefaultImporter) -> (artifact id: '4dae36e802e3cd907011290f1b1b8405') in 0.0008236 seconds
Start importing Packages/com.unity.render-pipelines.universal/Runtime/Decal/Entities using Guid(6b3e7dae1e82a6b448b739d1331813f0) (DefaultImporter) -> (artifact id: 'd08d7f6a9b82462fdd806deca3dab5fd') in 0.0007617 seconds
Start importing Packages/com.unity.2d.animation/Editor/SkinningModule/IMGUI using Guid(9b92febd89128554b8579633a112c844) (DefaultImporter) -> (artifact id: '71deb75a6e39be758ada61c508b7150f') in 0.0007151 seconds
Start importing Packages/com.unity.shadergraph/Editor/Drawing/Manipulators using Guid(abc41fae76b14617ae2f7d38d3ebef3a) (DefaultImporter) -> (artifact id: '66dd8f5d1b713dd8ee8796dd3f9403bf') in 0.0007195 seconds
Start importing Packages/com.unity.inputsystem/InputSystem/Editor/UITKAssetEditor using Guid(bb0e7cd0be171ca4ca67132e36b7ccb5) (DefaultImporter) -> (artifact id: '78ba98fe5f1f37de20ccd2d6f868901a') in 0.0008803 seconds
Start importing Packages/com.unity.2d.animation/IK/Runtime/Solvers using Guid(cb2349a660db25e4baf8732ed3668959) (DefaultImporter) -> (artifact id: '168fa41523834f8cdd24edcf76e35241') in 0.0009481 seconds
Start importing Packages/com.unity.inputsystem/InputSystem/Editor/BuildPipeline using Guid(cb6feb90190641c19dce92f09614edd4) (DefaultImporter) -> (artifact id: '0cb518eb91ef28465cfc9e4a86b288b9') in 0.0008773 seconds
Start importing Packages/com.unity.test-framework/UnityEditor.TestRunner/TestLaunchers/PlatformSetup using Guid(ebc4d20cc106cea49b1df1153f0b3b5e) (DefaultImporter) -> (artifact id: 'b557b5aa3ee3c1d394dd361be2918e20') in 0.0007699 seconds
Start importing Packages/com.unity.render-pipelines.core/Tests/Editor/Utilities using Guid(fba05ad04ca734045bd6708fb9c77773) (DefaultImporter) -> (artifact id: 'c5f3e345aeeb53d52d1dd36547c72a35') in 0.0007463 seconds
Start importing Packages/com.unity.render-pipelines.core/Editor/Resources/Gizmos using Guid(fb53178749687244eaaabbe3e2e40653) (DefaultImporter) -> (artifact id: '6f0d36a3781787893ff93972b04838e1') in 0.0007662 seconds
Start importing Packages/com.unity.render-pipelines.universal/Tests/Editor/PostProcessDataTests using Guid(fb0ec4b8bb8f2d34b91204563167f685) (DefaultImporter) -> (artifact id: '9c15077bc3726049828142e4de8d25df') in 0.0007996 seconds
Start importing Packages/com.unity.test-framework/UnityEngine.TestRunner/NUnitExtensions/Attributes using Guid(0cb14878543cf3d4f8472b15f7ecf0e3) (DefaultImporter) -> (artifact id: '75903ed02331572f0967609c7b7f1e1c') in 0.0006849 seconds
Start importing Packages/com.unity.render-pipelines.core/Editor/Lighting/ProbeVolume using Guid(0c3c319c56dba374ba288aab4ee70654) (DefaultImporter) -> (artifact id: 'f925f833811df032e191cae05e436801') in 0.0007118 seconds
Start importing Packages/com.unity.inputsystem/InputSystem/Plugins/Linux using Guid(1c597fa0f94a3d54b9c0e85f56e5f821) (DefaultImporter) -> (artifact id: '2d53eac51644e1315e2c4fc2db1dc5f3') in 0.0006813 seconds
Start importing Packages/com.unity.inputsystem/InputSystem/Plugins/PlayerInput using Guid(1cccd07fcea7f491793d4e7a5adc17a2) (DefaultImporter) -> (artifact id: '6a77b4bcfd42614becfa57d256d7fd46') in 0.000795 seconds
Start importing Packages/com.unity.2d.animation/IK/Runtime/Culling using Guid(3c89b25b03da4643898f9943d7eafa4c) (DefaultImporter) -> (artifact id: 'bcede2652f808c5a24dbe12351ba2a06') in 0.0007098 seconds
Start importing Packages/com.unity.2d.sprite/Editor/ObjectMenuCreation/DefaultAssets using Guid(5cebb8a885d4e4a6992c4fcd598b67c8) (DefaultImporter) -> (artifact id: '0ac3b457a871518c1def031772d0613c') in 0.0008897 seconds
Start importing Packages/com.unity.render-pipelines.core/Tests/Editor/XR using Guid(6c39937ba9ca4a3d9bfd4613712ac88e) (DefaultImporter) -> (artifact id: '6a2585996ca28b7f26a362a991d8bd79') in 0.0009784 seconds
Start importing Packages/com.unity.render-pipelines.core/Editor/Volume/Drawers using Guid(8c667ca46d23aa3468b6c4243b135b0d) (DefaultImporter) -> (artifact id: 'a4be2ca8b35fa5bd4af12e6409cd444f') in 0.0009215 seconds
Start importing Packages/com.unity.2d.animation/Editor/SkinningModule/UI using Guid(cc5d24c5d18d30f4f83af3c70ad36ecb) (DefaultImporter) -> (artifact id: '00c4449d029b2d3d7b03339bc1212dca') in 0.0008107 seconds
Start importing Packages/com.unity.2d.common/Path/Editor/Selection using Guid(ec3b1665f977e4f47816871bca3df963) (DefaultImporter) -> (artifact id: 'c50c1ca0bc59c156417c58ced45a1c18') in 0.0010754 seconds
Start importing Packages/com.unity.2d.animation/Editor/Assets/SpriteLibraryEditor using Guid(fc45d656a7aa9449d82222e70afe5737) (DefaultImporter) -> (artifact id: '63b476652986eef95e66bd9553774f2d') in 0.0008602 seconds
Start importing Packages/com.unity.render-pipelines.core/Runtime/GPUDriven/Utilities using Guid(0d54b02a80b94d94a90b9de832436341) (DefaultImporter) -> (artifact id: 'fc86d2d2acac042d7c81cdb4c8699d88') in 0.0007526 seconds
Start importing Packages/com.unity.render-pipelines.universal/Runtime/2D/Rendergraph using Guid(1db62f4f87b95214e98261b68289adba) (DefaultImporter) -> (artifact id: '1117572af99b9df751376dbfffac2c0b') in 0.0006822 seconds
Start importing Packages/com.unity.mathematics/Tests/Tests/Shared using Guid(1d6d62c94d82bf748b95682fa88ef3b9) (DefaultImporter) -> (artifact id: '5089b55838d26600dfb09310e1a12a53') in 0.0005783 seconds
Start importing Packages/com.unity.shadergraph/Editor/Drawing/Inspector using Guid(1d1f4aaa81084a13aaeb78dfaf7d35d7) (DefaultImporter) -> (artifact id: 'c924bf12263d5d6d8af9fe0a2844be00') in 0.0005899 seconds
Start importing Packages/com.unity.render-pipelines.universal/Tests/Editor/URPGlobalSettingsMigrationTests using Guid(2d428e2ad3bcf4344a7b4d4c8a2daa1a) (DefaultImporter) -> (artifact id: '18caa9641a5bcccead458723d3110f24') in 0.0005651 seconds
Start importing Packages/com.unity.ugui/Tests/Editor/TMP using Guid(3ddaad49a7bcb4087b403f2225d54840) (DefaultImporter) -> (artifact id: 'dc3536d35fb2a75d225a6a19a3e6094d') in 0.0006791 seconds
Start importing Packages/com.unity.inputsystem/InputSystem/Editor/Icons using Guid(4dc89088b67654c86810b41295276666) (DefaultImporter) -> (artifact id: 'afde898341aa5796bf4c74f6bd521417') in 0.0007477 seconds
Start importing Packages/com.unity.shadergraph/Editor/Drawing/ViewModels using Guid(4d7c3af94488c9f43bf33aa63a59b2d1) (DefaultImporter) -> (artifact id: '92d9468b9ea212b05848ba33d3248fd9') in 0.000684 seconds
Start importing Packages/com.unity.test-framework/UnityEditor.TestRunner/TestRunner/Callbacks using Guid(5d7f0d6acfced954682a89e7002c04d9) (DefaultImporter) -> (artifact id: '0dec5c1fe4d62597a6f06205aa5984cd') in 0.0007499 seconds
Start importing Packages/com.unity.test-framework/UnityEditor.TestRunner/TestRun/Tasks using Guid(6dba53789da15814387fa5b1445e81e0) (DefaultImporter) -> (artifact id: '72f33cfefcd167ac88b3efeb6da24af6') in 0.0007581 seconds
Start importing Packages/com.unity.render-pipelines.universal/Editor/VFXGraph/Shaders using Guid(7d77ae3715c5eea4ca5de8d2fe3dfa2c) (DefaultImporter) -> (artifact id: 'caec26be157d70c8dc7d2a401e1ad1eb') in 0.0006582 seconds
Start importing Packages/com.unity.inputsystem/InputSystem/Editor/AssetImporter using Guid(9d7486ba41233414a9ed80716a544026) (DefaultImporter) -> (artifact id: '1275d9cb4dc87f0842d6a153168efa81') in 0.0005513 seconds
Start importing Packages/com.unity.render-pipelines.core/Editor/LookDev/Icons using Guid(9d38fc3327537ec418b043933457c849) (DefaultImporter) -> (artifact id: '6290cfb46e81ee43d3958ac11c04be28') in 0.0006576 seconds
Start importing Packages/com.unity.2d.common/Path/Editor/EditorTool using Guid(adb9af2a88fe441e68ddf9a299caec2e) (DefaultImporter) -> (artifact id: '84a9d9cc657f472eb1765da568f709da') in 0.0006991 seconds
Start importing Packages/com.unity.inputsystem/InputSystem/Editor/DeviceSimulator using Guid(bd293de081caa442dae1595e4c7a6773) (DefaultImporter) -> (artifact id: '821d985727ccb4a0006f1b798e08f98a') in 0.0007598 seconds
Start importing Packages/com.unity.render-pipelines.core/Tests/Runtime/Threading using Guid(cdb007ea9cfd17c49ae406263e8c346d) (DefaultImporter) -> (artifact id: 'ea60e605cd12dcb453d1399c3568fb29') in 0.0007935 seconds
Start importing Packages/com.unity.inputsystem/InputSystem/Plugins/iOS using Guid(cdf0d8abf71784dacb0470320cd8936f) (DefaultImporter) -> (artifact id: '62678bcc85f3723e7a71d36d244f53a2') in 0.0006835 seconds
Start importing Packages/com.unity.2d.animation/Editor/SpriteLib/SpriteLibraryEditor using Guid(cdca26d19b2de4028aec5c831f7e3854) (DefaultImporter) -> (artifact id: '5344a294d9f3da09e118e4acb79f5965') in 0.0006194 seconds
Start importing Packages/com.unity.ugui/Tests/Editor/Common using Guid(cd9c8fc1c8d64d54ab1e22aae9678d84) (DefaultImporter) -> (artifact id: '1f7234dd476dbcafef424fcfe7bedc03') in 0.0006986 seconds
Start importing Packages/com.unity.inputsystem/InputSystem/Plugins/OnScreen using Guid(0e49b0a8b53e45445979b3fa9604a35c) (DefaultImporter) -> (artifact id: '7ea8412743dcf4709bd89ebf770cfafd') in 0.0007702 seconds
Start importing Packages/com.unity.render-pipelines.universal/Editor/ShaderGraph/Templates using Guid(3efb14e4a7f35d24899cd83aa303d48b) (DefaultImporter) -> (artifact id: '9a3bc1235883858fa36c7b383bb03efd') in 0.00064 seconds
Start importing Packages/com.unity.render-pipelines.universal/Textures/BlueNoise16/L using Guid(4eb46e164ba847b4396d73b7491c99d3) (DefaultImporter) -> (artifact id: 'd509c32da64ad88b6e8d135930b915bc') in 0.0006429 seconds
Start importing Packages/com.unity.render-pipelines.core/Tests/Editor/UnifiedRayTracing using Guid(4e4c297047ea96a49826f1570cf7db07) (DefaultImporter) -> (artifact id: '144279807019715e886db6ca83b636b5') in 0.0006122 seconds
Start importing Packages/com.unity.render-pipelines.core/Runtime/UnifiedRayTracing/Compute using Guid(4ecd3fe6796a2ca4aa0c3b180133d9d9) (DefaultImporter) -> (artifact id: '956e41868c53e1f2c165d75b91523c05') in 0.0005946 seconds
Start importing Packages/com.unity.inputsystem/InputSystem/Plugins/DualShock using Guid(6eefa91e7a89647338245ee3818141d1) (DefaultImporter) -> (artifact id: 'c18ff5c4c2c9c2feecd06007584fcf6c') in 0.000573 seconds
Start importing Packages/com.unity.test-framework/UnityEditor.TestRunner/UnityTestProtocol/Messages using Guid(9ea154c33fd8466f973f004e5c962df7) (DefaultImporter) -> (artifact id: 'd8ce3e034bebd7e36b2b6ecc121483da') in 0.0006192 seconds
Start importing Packages/com.unity.render-pipelines.core/Editor/CommandBuffers/CommandBufferGenerator using Guid(9ee4775791ff6f8448490ba9f74d2f5b) (DefaultImporter) -> (artifact id: '06bea95265cf41ee62a05e38b8e2673a') in 0.0009325 seconds
Start importing Packages/com.unity.2d.animation/Editor/SkinningModule/MeshTool using Guid(9ee4e8d7932896548ab9dd0fa6efebc5) (DefaultImporter) -> (artifact id: 'a583074cf9928cb46ac24873509d4721') in 0.0007853 seconds
Start importing Packages/com.unity.2d.animation/Editor/SkinningModule/SpriteBoneInfluence using Guid(ae8222a77d2168b45b8a300c2ae1300b) (DefaultImporter) -> (artifact id: '7adc07d8adf6d5d473a288569d15d244') in 0.0008112 seconds
Start importing Packages/com.unity.render-pipelines.core/Runtime/ShaderLibrary/Sampling using Guid(bea6ca7ad79287c4b8c525b8ffbd5842) (DefaultImporter) -> (artifact id: 'e754b269e6559bf77e55475f683e10e0') in 0.0007802 seconds
Start importing Packages/com.unity.test-framework/UnityEngine.TestRunner/Utils/MonoBehaviourTest using Guid(ce8da628f68c7594b8b9a597fa52db7b) (DefaultImporter) -> (artifact id: '2d38e1309f0ea79159d19d1fe0eb6c3d') in 0.0006787 seconds
Start importing Packages/com.unity.render-pipelines.universal/Runtime/VFXGraph/Utility using Guid(cebf9c6bb6e199e4db858b1ca6525e5d) (DefaultImporter) -> (artifact id: '027bfd2551e6699379ca269566d3826c') in 0.0007445 seconds
Start importing Packages/com.unity.render-pipelines.universal/Editor/Tools/Converters using Guid(de07e00acee5049188d7f5c776e98c91) (DefaultImporter) -> (artifact id: '96b604e4696e24aa08197b9a01f8d564') in 0.0007962 seconds
Start importing Packages/com.unity.render-pipelines.core/Runtime/UnifiedRayTracing/Hardware using Guid(de0ed5319362ff5418fb5d16977e9463) (DefaultImporter) -> (artifact id: '1cc584649c8745fd87662cdf2f11fab2') in 0.0007636 seconds
Start importing Packages/com.unity.render-pipelines.universal/Editor/ShaderGraph/AssetCallbacks using Guid(eea3e26ee6aecd14d8ab3f9b20ccc5d5) (DefaultImporter) -> (artifact id: '5ab38eb6565d85ecc75b6a3073258f12') in 0.0007387 seconds
Start importing Packages/com.unity.ugui/Editor/TMP/HDRP using Guid(eecc124dc0b994047aac97ccf8c8ed0a) (DefaultImporter) -> (artifact id: '5b5397f7d63b0f449a7a5706eccb0297') in 0.0007723 seconds
Start importing Packages/com.unity.2d.common/Editor/InternalBridge/Deprecated using Guid(fefc1346845b43dea174260e066602f6) (DefaultImporter) -> (artifact id: '970747ddadb68019e385535379c60043') in 0.0007229 seconds
Start importing Packages/com.unity.render-pipelines.core/Runtime/Debugging/FrameTiming using Guid(0f240cc177d08124a9694021c19c0dc4) (DefaultImporter) -> (artifact id: '9eb3d9d6c684f05e2c563912d525a8b9') in 0.0007877 seconds
Start importing Packages/com.unity.test-framework/UnityEditor.TestRunner/TestRunner/Utils using Guid(1f5bbb88ca730434483440cbc0278ef6) (DefaultImporter) -> (artifact id: 'd5d79cd3d4288070e6bddcbfc9c58d29') in 0.0007909 seconds
Start importing Packages/com.unity.render-pipelines.universal/Editor/BuildProcessors/GraphicsSettingsStrippers using Guid(2f3616b2dfb87f24b87d934d1c8ea882) (DefaultImporter) -> (artifact id: '410263ae6aae53cbbfc8d9419325a75c') in 0.0007709 seconds
Start importing Packages/com.unity.render-pipelines.core/Runtime/Utilities/GPUPrefixSum using Guid(4fd6fd0a85444385a35a13e9adbcb49d) (DefaultImporter) -> (artifact id: '4c82f68ed4d0dd5e32108f3509262f9a') in 0.0007213 seconds
Start importing Packages/com.unity.2d.animation/Editor/Assets/SkinningModule using Guid(4fccdb4aa9dd0db43becdec2eea211af) (DefaultImporter) -> (artifact id: 'c7c281cf6070faefd520b45b9c1dc7eb') in 0.0008751 seconds
Start importing Packages/com.unity.render-pipelines.universal/Runtime/2D/Shadows using Guid(5f7294749d1800e4daee980df3e624da) (DefaultImporter) -> (artifact id: 'b29fc61f5e8fc2abaa0b6517d6bfb3e3') in 0.0008375 seconds
Start importing Packages/com.unity.shadergraph/Editor/Resources/Styles using Guid(5f393962fcae179489132b01f969bb6e) (DefaultImporter) -> (artifact id: '5899d66945d3e1d7c619847b31712057') in 0.0012579 seconds
Start importing Assets/Resources/Art/Characters/C003 using Guid(5f3f0d2e9dbc87567970dbb4838ce15f) (DefaultImporter) -> (artifact id: 'cb8e62ad791d6683b6f5e9ca38ba70c3') in 0.0009173 seconds
Start importing Packages/com.unity.inputsystem/InputSystem/Controls/Processors using Guid(6fde91b0a4ee45cd86be18a8d829dc87) (DefaultImporter) -> (artifact id: '3f311468dd0b50c47976904a5af4a4b0') in 0.0009292 seconds
Start importing Packages/com.unity.shadergraph/Tests/Editor/UnitTests using Guid(7f85ac5340a5dff468e347347435cf68) (DefaultImporter) -> (artifact id: 'ebd829df3026ddbc559bdbd4d980e66d') in 0.0008596 seconds
Start importing Packages/com.unity.ugui/Runtime/UGUI/EventSystem using Guid(7f27709c942d91541be1fd6aa5cb3d78) (DefaultImporter) -> (artifact id: 'f0d60c8b7f149f215e5d223617964474') in 0.0007726 seconds
Start importing Packages/com.unity.shadergraph/Editor/Drawing/Colors using Guid(9ff4538fd9b634ffd8b591bd96663d06) (DefaultImporter) -> (artifact id: '9df3cd413671764a252b29141aca6cb9') in 0.0009044 seconds
Start importing Packages/com.unity.inputsystem/InputSystem/Utilities/Observables using Guid(9f8944bd1ba848ab8f95afe7acfb4b79) (DefaultImporter) -> (artifact id: '4b45e311302f219ff3f4e6ba9c8015a5') in 0.0010046 seconds
Start importing Packages/com.unity.render-pipelines.core/Editor/Lighting/Shadow using Guid(9f9a42fd802a4b144b2d7b1a4f4a0463) (DefaultImporter) -> (artifact id: '6cb6f35e218b0425a68b89f4429d2dff') in 0.0008206 seconds
Start importing Packages/com.unity.render-pipelines.universal/Editor/2D/LightBatchingDebugger using Guid(bf4452fea996a7a468c7d5443cf2ff2e) (DefaultImporter) -> (artifact id: '2f73634d5185c547a63fa47f3b71b8f3') in 0.000795 seconds
Start importing Packages/com.unity.render-pipelines.core/Editor/Settings/PropertyDrawers using Guid(cf844af7c1c69cd42b541bd236fe3e8c) (DefaultImporter) -> (artifact id: 'a3a9c707c35d818d350e5c6ee16680c6') in 0.0008205 seconds
Start importing Packages/com.unity.ugui/Editor/UGUI/Properties using Guid(cf97e54bcd5479a46bdbade48da047cc) (DefaultImporter) -> (artifact id: 'bcc5e4cf73302b79631566aee946fa3b') in 0.0009164 seconds
Start importing Packages/com.unity.inputsystem/InputSystem/Plugins/UnityRemote using Guid(cf0897af2cae4ebbaf8b79eaae98fb08) (DefaultImporter) -> (artifact id: 'dfd6c1a5d2929e358551e02c27b86f01') in 0.0008821 seconds
Start importing Packages/com.unity.render-pipelines.core/Runtime/GPUDriven/Components using Guid(efa82a5fd775b99479c361771fb9e6d1) (DefaultImporter) -> (artifact id: '196acaa875c3fc61e57e455359e32c15') in 0.0008906 seconds
Start importing Packages/com.unity.inputsystem/InputSystem/Plugins/EnhancedTouch using Guid(ef4b66ea93dd243a783c32ab1da39fc4) (DefaultImporter) -> (artifact id: '8c0744b36938aa8a5335b8ec17709615') in 0.0008832 seconds
Start importing Packages/com.unity.2d.sprite/Editor/SpriteEditorModule/SpriteFrameModule/Overlay using Guid(108014601e234997bd271b3b9a1991d0) (DefaultImporter) -> (artifact id: '35dc3f2b86c849998c155dfd03edd73c') in 0.0007929 seconds
Start importing Packages/com.unity.ugui/Tests/Runtime/UGUI/Image using Guid(1091bc2ad06e3234aac2b2fa2841c09d) (DefaultImporter) -> (artifact id: '94034d6d07fdc201b83d5943f5af1dca') in 0.000927 seconds
Start importing Packages/com.unity.shadergraph/Editor/Data/Interfaces/Graph using Guid(20d63795c62940409089af61496db945) (DefaultImporter) -> (artifact id: 'b7e459f513c543a440200c40c9a0a869') in 0.000916 seconds
Start importing Packages/com.unity.2d.animation/Editor/SpriteLib/SpriteLibraryEditor/UI using Guid(202df544ad1a74ecaa0968d42c391430) (DefaultImporter) -> (artifact id: 'f8df3569dd51f4c0b8bc540ea1500d8d') in 0.0008163 seconds
Start importing Packages/com.unity.render-pipelines.universal/Editor/ShaderGraph/GraphTemplates/2D using Guid(30d55c1054874cd45b0415318bf60fca) (DefaultImporter) -> (artifact id: '6cb9d9ac47cb27e46c7303a42ca575c7') in 0.0007753 seconds
Start importing Packages/com.unity.ugui/Tests/Editor/UGUI/RectMask2D using Guid(305ca32be1aa5504aa182f583895dfe4) (DefaultImporter) -> (artifact id: '5feb8431e6a2647400681c0df4eb4982') in 0.0009009 seconds
Start importing Packages/com.unity.render-pipelines.core/Editor/Lighting/ProbeVolume/RenderingLayerMask using Guid(6043c984fc486f646b6686af5208025b) (DefaultImporter) -> (artifact id: 'dc9388f1826af9613dbc4ea94e220dea') in 0.0009934 seconds
Start importing Packages/com.unity.render-pipelines.universal/Editor/2D/ShaderGraph/AssetCallbacks using Guid(702cc9b492bf4f6da778b0f5c996b7ad) (DefaultImporter) -> (artifact id: '4db58d58660a86a23d1e027ea4c31d1e') in 0.0008406 seconds
Start importing Packages/com.unity.render-pipelines.universal/Editor/2D/ShaderGraph/Includes using Guid(b0e1457667cf4865bf50a0f8567c4d29) (DefaultImporter) -> (artifact id: 'b434d7ededfa3f369652d468342b9122') in 0.0007384 seconds
Start importing Packages/com.unity.shadergraph/Editor/Generation/Targets/Fullscreen using Guid(b08719eeefb3f464f9c08fa512667b40) (DefaultImporter) -> (artifact id: '652ca7eba1540594fbb60e74af57f149') in 0.0007686 seconds
Start importing Assets/Resources/Art/Characters/C001/SpineLayers using Guid(c001b0d1e2f3456789a0b1c2d3e4f000) (DefaultImporter) -> (artifact id: '20fa80346d6a4cf036d33658befe92ef') in 0.0007303 seconds
Start importing Assets/Resources/Art/Characters/C001/Layers using Guid(c0a1e00a111111111111111111111111) (DefaultImporter) -> (artifact id: '484700b8f7118e7c409017bbd71d4513') in 0.0007346 seconds
Start importing Packages/com.unity.render-pipelines.universal/Editor/Tools/Converters/ReadonlyMaterialConverter using Guid(d0cbb8c1758af77469e1b602c122282c) (DefaultImporter) -> (artifact id: '743cb320c1d8aa4351a46fae71a18d60') in 0.0007594 seconds
Start importing Packages/com.unity.searcher/Editor/Resources/FlatSkin/Font using Guid(d0feff57b6f6c594f86fff295ec0fe3f) (DefaultImporter) -> (artifact id: '6c049e1145c9a0f080cdd5f6d6d4749c') in 0.0007661 seconds
Start importing Packages/com.unity.shadergraph/Editor/Generation/Targets/Terrain using Guid(81ea4f1a846f43919f95844124702750) (DefaultImporter) -> (artifact id: '110122d97145aa830b6ef32ccc0180a9') in 0.0007596 seconds
Start importing Assets/Resources/Art/Characters/C001/CubismLayers using Guid(a1c2e3f405162738495a6b7c8d9e0f12) (DefaultImporter) -> (artifact id: '81393c7c42d27595eda391be540c60e7') in 0.0008279 seconds
Start importing Packages/com.unity.render-pipelines.core/Runtime/Debugging/Prefabs/Fonts using Guid(a11be56b627f5034bbca389c76bd3964) (DefaultImporter) -> (artifact id: '404359462f825bc72bbf4d29b080c2d1') in 0.0007215 seconds
Start importing Assets/Resources/Art/Characters/C001/Puppet using Guid(b1c2d3e4f5061728394a5b6c7d8e9f01) (DefaultImporter) -> (artifact id: '180a0203ab59c3c073b73c59b5542553') in 0.0006359 seconds
Start importing Packages/com.unity.ugui/Tests/Editor/UGUI/InputField using Guid(c16c54fe03afb5740bcc0a2a295cb79d) (DefaultImporter) -> (artifact id: 'f2549288d5f830259850c3bed852b8b1') in 0.0008346 seconds
Start importing Packages/com.unity.render-pipelines.universal/Editor/2D/Resources/InspectorIcons using Guid(02ab4512457271c48afa84879f6d3848) (DefaultImporter) -> (artifact id: '63aa20489b34e854211cfca017e2d8fa') in 0.0007901 seconds
Start importing Packages/com.unity.ugui/Runtime/UGUI/UI/Core using Guid(12c42068351bb084abde965d725b9887) (DefaultImporter) -> (artifact id: 'cacc7f0504c10a89d30473ce3cb13775') in 0.0008312 seconds
Start importing Packages/com.unity.render-pipelines.universal/Editor/2D/ShaderGraph/Targets using Guid(6235450d5ad64142aeb12e4f3cac5f72) (DefaultImporter) -> (artifact id: '3995a54594652c481b876e43d5b39d33') in 0.0007131 seconds
Start importing Packages/com.unity.render-pipelines.universal/Runtime/RendererFeatures/SurfaceCacheGI/SurfaceCacheCore using Guid(a2edb5f961ad3b341b5045c3e6ffd4b5) (DefaultImporter) -> (artifact id: '8d6b68b655dc44c19e62c264862b89f0') in 0.0006358 seconds
Start importing Assets/Resources/Art/Characters/C001/LiveLayers using Guid(b2c3d4e5f6478901a2b3c4d5e6f7a8b9) (DefaultImporter) -> (artifact id: 'acc3822f92c194d7e60a089a3f8a1981') in 0.000557 seconds
Start importing Packages/com.unity.ugui/Tests/Runtime/UGUI/Toggle using Guid(e210c8bf2e9c6514d90a1bd77586af1f) (DefaultImporter) -> (artifact id: 'dbc3a78b1232d980c5eec42316701d59') in 0.000623 seconds
Start importing Packages/com.unity.render-pipelines.universal/Editor/2D/ShaderGraph/Nodes using Guid(f270bf32cbff4c02ae07004a815c5632) (DefaultImporter) -> (artifact id: 'cde2fd73e298a8aec7c3588d55a6726c') in 0.0006768 seconds
Start importing Packages/com.unity.render-pipelines.universal/Editor/Converter/PPv2/EffectConverters using Guid(036db18d0922d53419a5d769fe345bec) (DefaultImporter) -> (artifact id: 'c094d8ee8dd7fc8a907360b6ab915f43') in 0.0007779 seconds
Start importing Packages/com.unity.ugui/Tests/Runtime/UGUI/Button using Guid(239dd6edc8e5cd14585c03e09e86a747) (DefaultImporter) -> (artifact id: 'ac27d701a2faade0a9eb1621f0aeec9d') in 0.0007628 seconds
Start importing Packages/com.unity.ugui/Tests/Runtime/UGUI/ScrollBar using Guid(43b1467da3d29ae4597a733828cdd84a) (DefaultImporter) -> (artifact id: '9d24d5339ee40185803e2696afc4766b') in 0.0008484 seconds
Start importing Packages/com.unity.2d.animation/Editor/SkinningModule/Lib/x86_64 using Guid(5335ae1a0cfbc2c41903fdf8d489fcc7) (DefaultImporter) -> (artifact id: 'ac6096ecf4e288b09b311c1950d76eb1') in 0.0008284 seconds
Start importing Packages/com.unity.ugui/Tests/Runtime/UGUI/Graphic using Guid(8313ea704470a264295ec9e09aec6ebc) (DefaultImporter) -> (artifact id: '08e82deac7b1e19a2c784e9398edc209') in 0.0006031 seconds
Start importing Packages/com.unity.render-pipelines.core/Runtime/Debugging/Prefabs/Scripts using Guid(9383aa19796d6e84e8031655b9ac912f) (DefaultImporter) -> (artifact id: '34039360b4a452cef7ead8f56e3d0091') in 0.0008765 seconds
Start importing Packages/com.unity.ugui/Tests/Runtime/UGUI/TextEditor using Guid(93effba7cf7f3824ab0bd048a27a9c02) (DefaultImporter) -> (artifact id: '8eef0647cc6fb4855db6a46795a64f66') in 0.0008612 seconds
Start importing Packages/com.unity.ugui/Runtime/UGUI/EventSystem/EventData using Guid(b3cdabf2f1e76854d8aab5930305d70d) (DefaultImporter) -> (artifact id: '8277f8c996e87ca284549912a55a6cd9') in 0.0010164 seconds
Start importing Packages/com.unity.shadergraph/Editor/Data/Nodes/Utility using Guid(f3d12703f494d7147b7874aabe94ab18) (DefaultImporter) -> (artifact id: '4a11bdc14abc2ac128a280f2a7d53412') in 0.0008253 seconds
Start importing Packages/com.unity.shadergraph/Editor/Generation/Targets/BuiltIn using Guid(24f978237d7204d78b8266e4b1fd1248) (DefaultImporter) -> (artifact id: '4afcc482731945facb7310e82c006c99') in 0.0007731 seconds
Start importing Packages/com.unity.ugui/Runtime/UGUI/UI/Animation using Guid(5472815444de2ce45bf2053a4af04b9d) (DefaultImporter) -> (artifact id: '41463e8550df76b3752941ecf4af4827') in 0.0008045 seconds
Start importing Packages/com.unity.shadergraph/Editor/Drawing/Inspector/PropertyDrawers using Guid(8488c4add4764941a2d903bf014329b9) (DefaultImporter) -> (artifact id: '161e29b17067a67d7d32c2e9e88261c4') in 0.000955 seconds
Start importing Packages/com.unity.test-framework/UnityEditor.TestRunner/TestRun/Tasks/Player using Guid(94a6220ee1a442249702c9df66e0fe1b) (DefaultImporter) -> (artifact id: 'f827ae25f95ca0b2387aab13d0de9e87') in 0.001087 seconds
Start importing Assets/Resources/Art/Characters/C001/PreviewLayers using Guid(c4d8e2a1b7f9035e6a0c1d2e3f4a5b67) (DefaultImporter) -> (artifact id: '923f9916bae14af061c8c31b2ab3a966') in 0.0007868 seconds
Start importing Packages/com.unity.shadergraph/Editor/Resources/Styles/Controls using Guid(e4de09b690b402c4bab6110751305df5) (DefaultImporter) -> (artifact id: '8f05c52587442b18fd9d01ca3168c0e1') in 0.0006766 seconds
Start importing Packages/com.unity.render-pipelines.universal/Editor/ShaderGraph/Includes/Terrain using Guid(f4e1f16cd720fd149b53725287d528da) (DefaultImporter) -> (artifact id: '4f525d1043642aebc8d5f5629c1ce652') in 0.0006554 seconds
Start importing Packages/com.unity.inputsystem/InputSystem/Plugins/XR/Controls using Guid(25ea971cc17caa84a8a2fdf9917af7b4) (DefaultImporter) -> (artifact id: '550d46a4f8a6c3ccc74983dd9b1dbf29') in 0.0007463 seconds
Start importing Packages/com.unity.render-pipelines.core/Editor/Icons/MipLevels/RenderGraphViewer using Guid(5536d79734dc8e44e90ec12c771b50cc) (DefaultImporter) -> (artifact id: '8fa99d91f16349a3bb8fb8406d6d4861') in 0.0007756 seconds
Start importing Packages/com.unity.shadergraph/Editor/Data/Nodes/MeshDeformation using Guid(756acc907fa7dec429bae437fab8df69) (DefaultImporter) -> (artifact id: '2fcdeffa818a05167d31a8f5537d06e0') in 0.0007201 seconds
Start importing Packages/com.unity.inputsystem/InputSystem/Plugins/XR/Haptics using Guid(8529451a1ee99484a891bdea2f5219f3) (DefaultImporter) -> (artifact id: '550e71914a9d11dbe52a1c14492c6758') in 0.000632 seconds
Start importing Packages/com.unity.ugui/Tests/Runtime/UGUI/Slider using Guid(850af9f3bf6d14143baf2ecfbf25db52) (DefaultImporter) -> (artifact id: '437630b46a69623334e22a1b4d23d60a') in 0.0005858 seconds
Start importing Packages/com.unity.render-pipelines.universal/Editor/2D/Resources/SceneViewIcons using Guid(e5f7648dfb00c83428a633efe7759b19) (DefaultImporter) -> (artifact id: '7ad227dc23e833fc459010f71279998b') in 0.000566 seconds
Start importing Assets/Resources/Art/Characters/C001/PuppetLayers using Guid(f5061728394a5b6c7d8e9f0123456789) (DefaultImporter) -> (artifact id: '835ae4b65e03bad32c4078a0edb1bf22') in 0.0005207 seconds
Start importing Packages/com.unity.render-pipelines.core/Tests/Editor/ShaderStripping/Results using Guid(f5a8b36b9689f8a428381e6fd79a2278) (DefaultImporter) -> (artifact id: 'bb07269894405b815202e84dac73db1d') in 0.0008438 seconds
Start importing Packages/com.unity.ugui/Runtime/UGUI/EventSystem/Raycasters using Guid(46646a5562f14984690c85ee7b946bc9) (DefaultImporter) -> (artifact id: 'e72938d8295fecfa581dc14542b5af2f') in 0.0008179 seconds
Start importing Packages/com.unity.shadergraph/Editor/Drawing/Views/Slots using Guid(56e544af973b458ea7e8051cd0848d24) (DefaultImporter) -> (artifact id: 'feb08fdcdd66d6ea49567259d202ffb3') in 0.0007845 seconds
Start importing Packages/com.unity.inputsystem/InputSystem/Editor/UITKAssetEditor/Commands using Guid(665321577aaff5344b5a12d626dfcaf7) (DefaultImporter) -> (artifact id: '5b304eab01782439182742f7695f71f1') in 0.0008209 seconds
Start importing Packages/com.unity.ugui/Tests/Runtime/UGUI/CanvasRenderer using Guid(a69b08936f9f74179ae333a4bebe7c54) (DefaultImporter) -> (artifact id: '7671a1463691e0f5dc1af47c30eb63be') in 0.0008157 seconds
Start importing Packages/com.unity.shadergraph/Editor/Data/Nodes/Math using Guid(e63f07e66d070412bb6e9582ca1eba72) (DefaultImporter) -> (artifact id: 'abf9d15501716e51f07c1cc290ddf207') in 0.0009818 seconds
Start importing Assets/Resources/Art/Characters/C006/Layers using Guid(07cd06a0a574227d994a1751e5c28211) (DefaultImporter) -> (artifact id: '67186304c3ea5efcdaa8aa5134a9386b') in 0.0008712 seconds
Start importing Packages/com.unity.render-pipelines.core/Runtime/Debugging/Prefabs/Resources using Guid(3774a3e29f7c59445ba79c15769126fd) (DefaultImporter) -> (artifact id: 'c67bc76dfe62718d12a9982f1ef7a7b0') in 0.0007198 seconds
Start importing Packages/com.unity.ugui/Tests/Editor/UGUI/UI using Guid(e7689eda3a8b1a847a8b197dbe90d9a6) (DefaultImporter) -> (artifact id: '5d2bcf29f5611fa4f2365298e1243e46') in 0.0006639 seconds
Start importing Packages/com.unity.shadergraph/Editor/Data/Nodes/Procedural using Guid(e74e11761cab2b446b96ce63e2d657b3) (DefaultImporter) -> (artifact id: 'c47ca26a69d9e44ec0aac1aaea9e48d6') in 0.0006069 seconds
Start importing Packages/com.unity.render-pipelines.core/Editor/Lighting/Icons/LightUnitIcons using Guid(f7397e6cb98a9fe449a00fd3a1175bdc) (DefaultImporter) -> (artifact id: 'e09dd373379ca7f15c70f70c95437429') in 0.0005852 seconds
Start importing Packages/com.unity.2d.animation/Editor/SkinningModule/Lib/ARM64 using Guid(68de161c60bf945c18988de3c8af2204) (DefaultImporter) -> (artifact id: 'd34d992693f19fedc64a0ac31a6c7d36') in 0.0005904 seconds
Start importing Packages/com.unity.inputsystem/InputSystem/Editor/UITKAssetEditor/PackageResources using Guid(7894838fa258e3a4197077ddbda0eec5) (DefaultImporter) -> (artifact id: 'd3cae844ad6d2a8c0d53dd29272c43a2') in 0.0006851 seconds
Start importing Packages/com.unity.ugui/Tests/Editor/UGUI/EventSystem using Guid(98d14ab1acf42df4f88a0561822ac807) (DefaultImporter) -> (artifact id: 'bcce928e3f5b35dd22455a42941bc8ae') in 0.0006598 seconds
Start importing Packages/com.unity.ugui/Tests/Editor/UGUI/Canvas using Guid(b86b117346968ac4d9cc63e4385becb7) (DefaultImporter) -> (artifact id: '62133acf800fdf2d38044a65fa104ffd') in 0.0005795 seconds
Start importing Packages/com.unity.render-pipelines.core/Editor/Lighting/ProbeVolume/DynamicGI using Guid(c83b9f91aab04264395c477f5f573380) (DefaultImporter) -> (artifact id: '66a10bba0bc17a242918cca192270f5a') in 0.0005867 seconds
Start importing Packages/com.unity.2d.animation/Editor/Assets/EditorIcons/Selected using Guid(d8c8210d3679b804d9f03049171735f2) (DefaultImporter) -> (artifact id: 'aaa45fe63135c393cc67e56e21db23f1') in 0.0005874 seconds
Start importing Packages/com.unity.render-pipelines.core/Runtime/UnifiedRayTracing/Common/Utilities using Guid(d87eae04416aa5b4faeeb9dc46c9c6b6) (DefaultImporter) -> (artifact id: '0393125f8a530dc95a2b784f92811548') in 0.0007046 seconds
Start importing Packages/com.unity.render-pipelines.universal/Runtime/2D/Passes/Utility using Guid(f895f2b1dbb2da84e82eedb22e2620f7) (DefaultImporter) -> (artifact id: '0ee1eba51737275c06afeb2c975af3bb') in 0.0007852 seconds
Start importing Packages/com.unity.test-framework/UnityEditor.TestRunner/TestRun/Tasks/Scene using Guid(692476ac695e7b74a8d9eabd48862009) (DefaultImporter) -> (artifact id: 'c93fad50921024025a405a0a862090ff') in 0.0007552 seconds
Start importing Packages/com.unity.shadergraph/Editor/Data/Nodes/Terrain using Guid(695f632629ada094ebf7ce1c301ad9c9) (DefaultImporter) -> (artifact id: '227c0c645f33a28cdae9b1f623c02140') in 0.000682 seconds
Start importing Packages/com.unity.2d.common/Path/Editor/IMGUI/GUIFramework using Guid(b902a1aa4448c4637aee2c49d17a13fb) (DefaultImporter) -> (artifact id: '5b1c0fe62acd9c5c842e16c24a0e886a') in 0.0006313 seconds
Start importing Packages/com.unity.render-pipelines.core/Runtime/UnifiedRayTracing/Common/GeometryPool using Guid(c92be10cd223d054b8314f7445705554) (DefaultImporter) -> (artifact id: '1379f9fcf6ccb6a0aea64f33b6501ea9') in 0.0006155 seconds
Start importing Packages/com.unity.test-framework/UnityEditor.TestRunner/TestRun/Tasks/Platform using Guid(d973b7805df545bdae3986ab72a6c2e8) (DefaultImporter) -> (artifact id: '20a6de28fd8aedef407457a6ca2d05cd') in 0.0006065 seconds
Start importing Packages/com.unity.ugui/Tests/Editor/UGUI/UnityEvent using Guid(e90cc37a5ccf4a44dbecc5b7172ec512) (DefaultImporter) -> (artifact id: 'a0ce3d4c23b3d1b988cb587e10b1d85e') in 0.0005695 seconds
Start importing Packages/com.unity.shadergraph/Editor/Data/Nodes/UV using Guid(f9c248f478f706147ba7b8a660035472) (DefaultImporter) -> (artifact id: '4b698197e03f9ebb8a2ea045cda85f9d') in 0.0005438 seconds
Start importing Packages/com.unity.shadergraph/Editor/Data/Nodes/Input using Guid(0ab9e53346965db4a8ee81a2b978dca5) (DefaultImporter) -> (artifact id: '1852d79028f67411c56ce0c6b0cf4af6') in 0.0006035 seconds
Start importing Packages/com.unity.render-pipelines.core/Tests/Editor/RenderPipeline/SettingsStrippingResults using Guid(1acfae9965174d74086850609850b577) (DefaultImporter) -> (artifact id: '7cbb911163c5dfda8b5311d2caa54b23') in 0.0006269 seconds
Start importing Packages/com.unity.ugui/Tests/Runtime/UGUI/InputField using Guid(2a28c2fab6b1bb745a844ef6b908e7ee) (DefaultImporter) -> (artifact id: '9dad4aba2acb736bb41bd9f498f4a598') in 0.0005953 seconds
Start importing Packages/com.unity.inputsystem/InputSystem/Plugins/XR/Devices using Guid(7ada2e545c685b44a8367bdab267f0dc) (DefaultImporter) -> (artifact id: '627ee3817fcb0cf0ee8de9c6e9f272ab') in 0.0005382 seconds
Start importing Packages/com.unity.ugui/Tests/Runtime/UGUI/Canvas using Guid(9a3557da07c729b4eb774b8e30e157a4) (DefaultImporter) -> (artifact id: '81331dc77753752598b07804ea4cff62') in 0.0005176 seconds
Start importing Packages/com.unity.render-pipelines.core/Tests/Editor/Tools/MaterialUpgrader using Guid(aa8ba3d47aaac7e4b830b55e85d7d679) (DefaultImporter) -> (artifact id: '36a744a1cf0bed1fdd9300d026f085c9') in 0.0005357 seconds
Start importing Packages/com.unity.ugui/Tests/Runtime/UGUI/Dropdown using Guid(bae197be297529d4fa735fbe7c91828d) (DefaultImporter) -> (artifact id: '2aa66bb1fd732c209bdffd9958207bc3') in 0.0005364 seconds
Start importing Packages/com.unity.shadergraph/Editor/Generation/Targets/Canvas using Guid(ba9455849cd06164791e7dde58b74d24) (DefaultImporter) -> (artifact id: 'be724e98f85efbc042ce7b5b1fc6c440') in 0.0005345 seconds
Start importing Packages/com.unity.render-pipelines.core/Runtime/PostProcessing/Shaders/ffx using Guid(badda61a05436ff46bc63d5e3182a197) (DefaultImporter) -> (artifact id: '7626eaf7046bbcbf733df6c5eadc9349') in 0.0006615 seconds
Start importing Packages/com.unity.2d.common/Path/Editor/Handles/Path using Guid(dacf17d0aeaf2425fa059e502832e81a) (DefaultImporter) -> (artifact id: '8c20c502ec32517bb6ebd7b22058d2b5') in 0.0006703 seconds
Start importing Packages/com.unity.shadergraph/Editor/Resources/UXML/Blackboard using Guid(faa5d782c77ec7b41a65542649dbcc98) (DefaultImporter) -> (artifact id: '2ad354ba296131097266772848008ca5') in 0.0006007 seconds
Start importing Packages/com.unity.ugui/Tests/Runtime/UGUI/MaskClipping using Guid(2bc8a181dfd9de24388de89bb8db7713) (DefaultImporter) -> (artifact id: '0a0c449a5ca7d42ce0c9a97eda0d4d04') in 0.0005667 seconds
Start importing Packages/com.unity.shadergraph/Editor/Generation/Targets/UITK using Guid(3b0363be720b24507aba82d7f4d3a3fb) (DefaultImporter) -> (artifact id: 'e061046d9525a28beb8ba469fc057c14') in 0.000613 seconds
Start importing Packages/com.unity.render-pipelines.universal/Tests/Editor/Tools/Converters using Guid(4b117ddec9feb0445a5b1ff958fd1399) (DefaultImporter) -> (artifact id: '115a02b484cdfc5849ca2b564465747b') in 0.0006232 seconds
Start importing Packages/com.unity.render-pipelines.core/Runtime/Debugging/Prefabs/Widgets using Guid(4b0ba40f636c768488950e485bd520cb) (DefaultImporter) -> (artifact id: '909ba5a1a3645f211f487d808cecb546') in 0.0006315 seconds
Start importing Packages/com.unity.inputsystem/InputSystem/Editor/ControlPicker/Layouts using Guid(5b630b769a2a8aa499ce2d2093f40500) (DefaultImporter) -> (artifact id: '403e46b923f168d79c0a976305679f07') in 0.0006033 seconds
Start importing Packages/com.unity.ugui/Tests/Runtime/UGUI/ScrollRect using Guid(9bedab6f9886aee42b33e424bffdb640) (DefaultImporter) -> (artifact id: 'a0e08ced210bbca101c3d35c258f23e3') in 0.000607 seconds
Start importing Packages/com.unity.ugui/Tests/Runtime/UGUI/EventSystem using Guid(ab93e1a81defc3243a6e9cd0df3cb443) (DefaultImporter) -> (artifact id: '642b7155e0374f42426082344e328a0f') in 0.0005903 seconds
Start importing Packages/com.unity.2d.sprite/Editor/SpriteEditorModule/SpriteFrameModule/UndoObject using Guid(bbde88425e2d4dbfbcdd8d11d5002c3a) (DefaultImporter) -> (artifact id: '17a485521230c032e7bbd9a2f00ab87f') in 0.0005341 seconds
Start importing Packages/com.unity.render-pipelines.core/Runtime/Debugging/Prefabs/Textures using Guid(dbf7c066574f12a439bf604f2214a450) (DefaultImporter) -> (artifact id: '70d22414b9becb1760b44adf133d75cb') in 0.0005076 seconds
Start importing Packages/com.unity.2d.sprite/Editor/ObjectMenuCreation/DefaultAssets/Textures using Guid(eb4d405ba54724ef89c2fce638946c5d) (DefaultImporter) -> (artifact id: '034a1d20b776d23e715aaf38b13d1eb2') in 0.0005284 seconds
Start importing Packages/com.unity.2d.animation/Editor/Assets/EditorIcons/Light using Guid(1c661268b2d52ed4b8d5fd345bb014a0) (DefaultImporter) -> (artifact id: '72baafe9e8124ac6ab1ab24f414f053c') in 0.0005256 seconds
Start importing Packages/com.unity.shadergraph/Editor/Data/Nodes/UI using Guid(4c661c25ff9f470d903fa0d14171193f) (DefaultImporter) -> (artifact id: '1d8392672b63d797c3aa278bd0966db2') in 0.0005419 seconds
Start importing Packages/com.unity.ugui/Tests/Editor/UGUI/Slider using Guid(4cfe5ade9a1375e40aed87618b92bd12) (DefaultImporter) -> (artifact id: '91a2980309d6499d37b364770f3dc35d') in 0.0005359 seconds
Start importing Packages/com.unity.render-pipelines.core/Runtime/Sampling/Textures/SobolBlueNoise using Guid(5cd9d26d95a75804d8f849a19ab998e7) (DefaultImporter) -> (artifact id: '5f8b2146581bbde127facdae2ca832b1') in 0.0005562 seconds
Start importing Packages/com.unity.inputsystem/InputSystem/Editor/Internal/AdvancedDropdown using Guid(5cdea6ae28e4a4b6ca0bb7506f88764c) (DefaultImporter) -> (artifact id: 'eca336dc6ca2b7d726720885b47884ac') in 0.0005965 seconds
Start importing Assets/Resources/Art/Characters/C001/V3Layers using Guid(9c3e1a7b4d2f80e15a6b9c0d3e4f5a61) (DefaultImporter) -> (artifact id: '8405df7a8c547006829b7656ed41f327') in 0.0005537 seconds
Start importing Packages/com.unity.render-pipelines.core/Runtime/UnifiedRayTracing/Compute/RadeonRays using Guid(bc373571d8c974b4c8b11bbc194651eb) (DefaultImporter) -> (artifact id: '80dc1284311fc538b0c1a4edf5f0574a') in 0.0006943 seconds
Start importing Packages/com.unity.ugui/Editor/UGUI/UI/PropertyDrawers using Guid(bc9aa6d5a7945f34882c442e9e201537) (DefaultImporter) -> (artifact id: '270b585cc009643c70718bcb5358bab0') in 0.0005779 seconds
Start importing Packages/com.unity.ugui/Tests/Runtime/UGUI/Layout using Guid(cc313cc004395df4a9884390556690a5) (DefaultImporter) -> (artifact id: '563d44d617bb73e3ce0b9367beb9f7f6') in 0.0005584 seconds
Start importing Packages/com.unity.test-framework/UnityEditor.TestRunner/TestRun/Tasks/Events using Guid(cca5935142d6c754f9ecdce1294f7079) (DefaultImporter) -> (artifact id: '1f81049cc8c4f238fec5f2b1ea887709') in 0.0007037 seconds
Start importing Packages/com.unity.inputsystem/InputSystem/Editor/UITKAssetEditor/Views using Guid(2db76e4ad9537964994bd20263e1c379) (DefaultImporter) -> (artifact id: '55b765bc8bef98298d0dce9de6fd088a') in 0.0007275 seconds
Start importing Packages/com.unity.2d.sprite/Editor/SpriteEditorModule/SpriteFrameModule/SpriteFrameEditor using Guid(2d68391cb3f74b2c93616b2a26d7b85f) (DefaultImporter) -> (artifact id: '52b2afd9cf48ba292314d1b5db61d886') in 0.0009933 seconds
Start importing Packages/com.unity.ugui/Tests/Runtime/UGUI/LayoutGroup using Guid(2d9b6ff056b6f484ba6500aa8e06bcf3) (DefaultImporter) -> (artifact id: '1c3147b292d515aadba03fbf6013744b') in 0.0009937 seconds
Start importing Packages/com.unity.2d.animation/Editor/SkinningModule/Lib/x64 using Guid(3d7adf78a0bd60848be2470847fbf8ea) (DefaultImporter) -> (artifact id: '5dd49a34b6b926af6a77318db2a245c5') in 0.0008347 seconds
Start importing Packages/com.unity.ugui/Runtime/UGUI/EventSystem/UIElements using Guid(5dc64c943466a44498be3b620c743b45) (DefaultImporter) -> (artifact id: '96c94b86d87620112b8e860f107d8e93') in 0.0007271 seconds
Start importing Assets/Resources/Art/Characters/C001/PuppetMotion using Guid(5df9177842c38e54ab41ac8c45976711) (DefaultImporter) -> (artifact id: '524c3589796b853e40465914e7b4fe24') in 0.0007435 seconds
Start importing Packages/com.unity.shadergraph/Editor/Generation/Targets/CustomRenderTexture using Guid(6d5720fee1395a0469d470106d06823e) (DefaultImporter) -> (artifact id: '91650c26b789902fa4b53cd71c7bb238') in 0.0006922 seconds
Start importing Packages/com.unity.shadergraph/Editor/Resources/GraphView/Nodes using Guid(9d93b12df2d043f9876fa00095ab8c99) (DefaultImporter) -> (artifact id: '95a223aff6712833ee640480f5d3b61f') in 0.0007472 seconds
Start importing Packages/com.unity.inputsystem/InputSystem/Editor/AssetEditor/PackageResources using Guid(ad61ded360bb0784b9301188fc603d6d) (DefaultImporter) -> (artifact id: '89b0b596240fab476c123f102a1ab111') in 0.0006492 seconds
Start importing Packages/com.unity.2d.animation/Editor/Assets/EditorIcons/Dark using Guid(6e0f9a25810b95049a033815ff10688c) (DefaultImporter) -> (artifact id: 'b9880442c43aba642e900e10014c3e38') in 0.0006131 seconds
Start importing Packages/com.unity.shadergraph/Editor/Data/Nodes/Artistic using Guid(8ee6f8ab31f6bf349a63fdd21fc88664) (DefaultImporter) -> (artifact id: '9565e3b46b3b62f01d81901b43d31564') in 0.0006079 seconds
Start importing Packages/com.unity.ugui/Runtime/UGUI/EventSystem/InputModules using Guid(8e78f8a8575e4a04f8337a54e241cdc5) (DefaultImporter) -> (artifact id: 'cf1e069480532a8f3dc9085bfcf71e39') in 0.0006882 seconds
Start importing Packages/com.unity.shadergraph/Editor/Data/Nodes/Channel using Guid(9e3d3d0ce68bbc843b9b8734ab8d4f02) (DefaultImporter) -> (artifact id: '3ab1efd915e2c5c31ddc5d1968b799ea') in 0.0007098 seconds
Start importing Packages/com.unity.ugui/Tests/Editor/UGUI/CanvasRenderer using Guid(ae242449e9279d44789513b922d3178a) (DefaultImporter) -> (artifact id: 'ee5d432a1318ff51cc5f0f75759cfc19') in 0.0006827 seconds
Start importing Packages/com.unity.render-pipelines.universal/Editor/VFXGraph/Shaders/Templates using Guid(ce87f332afb5ca24ca5486d4bf5caa15) (DefaultImporter) -> (artifact id: '51e54a88371dcb578940ebd966e5bb94') in 0.0006673 seconds
Start importing Packages/com.unity.render-pipelines.universal/Runtime/2D/Data/Textures using Guid(fea15e5ce57d36d489e00e9111e1c9ae) (DefaultImporter) -> (artifact id: '431e04ffff941df6fdbeeedd320f5826') in 0.0006109 seconds
Start importing Packages/com.unity.render-pipelines.universal/Runtime/VFXGraph/Utility/PropertyBinders using Guid(fec7a2969fc9f3e428ddfeba3654b66a) (DefaultImporter) -> (artifact id: 'd4868ba1b9f686bf621b665469ae9e78') in 0.0005795 seconds
Start importing Packages/com.unity.ugui/Tests/Editor/UGUI/Dropdown using Guid(1f71aeacc4a9f1a40b22a1a590331f6b) (DefaultImporter) -> (artifact id: 'f07cb706910528267c831c49a6968d8c') in 0.0005685 seconds
Start importing Packages/com.unity.ugui/Tests/Editor/UGUI/Text using Guid(4f9ac6e545d53f94b9f09c85b9576f36) (DefaultImporter) -> (artifact id: '5f05d186dcb1976da8af0bac527eb730') in 0.0006604 seconds
Start importing Packages/com.unity.render-pipelines.universal/Editor/2D/Shadows/ShadowProvider using Guid(6f2ac257a477638438d93937e28e4e34) (DefaultImporter) -> (artifact id: 'd3c5fb5d6865bdadcfea1a755d5ff0c4') in 0.0007617 seconds
Start importing Packages/com.unity.ugui/Tests/Runtime/UGUI/Util using Guid(af30a361ab68260438b6ec3fb7e64500) (DefaultImporter) -> (artifact id: '2b58310aa8804f03a037a2d47189a1c9') in 0.0007406 seconds
Start importing Packages/com.unity.render-pipelines.core/Editor/Lighting/ProbeVolume/VirtualOffset using Guid(dfcc0fb5ecf4d6c4e8654b6853578ceb) (DefaultImporter) -> (artifact id: '58a25bf0d7abaaca600ca22b7e784a05') in 0.0006822 seconds
Start importing Packages/com.unity.ugui/Tests/Runtime/UGUI/NestedLayout using Guid(efad3ddb7270ac241b9b1357ec5ee2f2) (DefaultImporter) -> (artifact id: '8bbb7177cd104b80d48b4cfb1dc88884') in 0.0006861 seconds
Start importing Packages/com.unity.render-pipelines.universal/Runtime/2D/Shadows/ShadowProvider using Guid(ef3fc151f42f1ee4fba8b7729b3237c7) (DefaultImporter) -> (artifact id: '6f4ef5c114a0285e3ef82338bd6e75a2') in 0.0006462 seconds
Start importing Packages/com.unity.shadergraph/Editor/Data/Nodes/Math/Range using Guid(2018cd81f24ba46748d8b85c8f289f4f) (DefaultImporter) -> (artifact id: 'a78759b7d96df7c7f1999dfc760e62a8') in 0.0006602 seconds
Start importing Packages/com.unity.shadergraph/Editor/Data/Nodes/Input/Lighting using Guid(401863ee77eb66240b3581283427644d) (DefaultImporter) -> (artifact id: '1c720fc00ae43c4cdd36e10aa13abfed') in 0.0008204 seconds
Start importing Packages/com.unity.shadergraph/Editor/Data/Nodes/Artistic/Filter using Guid(e005d19f5315e44bc9f50b3f6f8e50b2) (DefaultImporter) -> (artifact id: '13bb872c9f855f18b106c8c271a071e9') in 0.0007471 seconds
Start importing Packages/com.unity.shadergraph/Editor/Data/Nodes/Math/Basic using Guid(4120c70d7c1a34d92b74137bf0b1bc67) (DefaultImporter) -> (artifact id: '8f63f525bbee14da57c3fe28b8aaf5d2') in 0.0006799 seconds
Start importing Packages/com.unity.shadergraph/Editor/Generation/Targets/Fullscreen/Templates using Guid(c131f605e2f659045adf332f0f0f876f) (DefaultImporter) -> (artifact id: 'c6bd537e15615d92219e9edfcec10479') in 0.000664 seconds
Start importing Packages/com.unity.shadergraph/Editor/Data/Nodes/Math/Derivative using Guid(c10838deaed74574a94a340e53c2b229) (DefaultImporter) -> (artifact id: '76dfbca5f4b1295102e8860d4ce3b35c') in 0.0006858 seconds
Start importing Packages/com.unity.shadergraph/Editor/Generation/Targets/Terrain/Includes using Guid(22acd4a9b5da4f678c564195d78bbed3) (DefaultImporter) -> (artifact id: 'cb0216573d10d41baea7867f20f2bc1c') in 0.0008595 seconds
Start importing Packages/com.unity.shadergraph/Editor/Data/Nodes/Artistic/Utility using Guid(32bf6e8fcb46ec24a9db465ddec10a34) (DefaultImporter) -> (artifact id: '52f824a1946ce02c338e615115983dd6') in 0.0009868 seconds
Start importing Packages/com.unity.render-pipelines.universal/Editor/VFXGraph/Shaders/Templates/ParticleHexahedron using Guid(a2a46415c7cedaf418d42532b73efd24) (DefaultImporter) -> (artifact id: '6ffe3c3cbef152dc3920322660d8ad84') in 0.0008457 seconds
Start importing Packages/com.unity.render-pipelines.universal/Editor/VFXGraph/Shaders/Templates/ParticlePlanarPrimitives using Guid(93a7f042c0fafec41b13ea8cffc632c1) (DefaultImporter) -> (artifact id: '45eca41844facfde3ca5581158ddeabb') in 0.0008047 seconds
Start importing Packages/com.unity.shadergraph/Editor/Data/Nodes/Math/Vector using Guid(c3becf597e5084fe8825c0ec59a22201) (DefaultImporter) -> (artifact id: '80ed563da942273792d0385ae4f65d24') in 0.0007058 seconds
Start importing Packages/com.unity.render-pipelines.universal/Editor/VFXGraph/Shaders/Templates/ParticleMeshes using Guid(e3f2e22f0a32625498c3494d01930342) (DefaultImporter) -> (artifact id: '21deaebee743c7f3e7972f513be3ec9e') in 0.0007373 seconds
Start importing Packages/com.unity.shadergraph/Editor/Data/Nodes/Math/Wave using Guid(24b10579e42f5f845a9f2ab79f921476) (DefaultImporter) -> (artifact id: 'f342af05849653b1731c3b31565492fc') in 0.0007968 seconds
Start importing Packages/com.unity.ugui/Tests/Editor/UGUI/UI/PropertyDrawers using Guid(24333a116497b144f9782b1160984b57) (DefaultImporter) -> (artifact id: '38a6a8db8e66efb4b3e00b0b49edce4d') in 0.0009482 seconds
Start importing Packages/com.unity.shadergraph/Editor/Data/Nodes/Procedural/Shape using Guid(74f319061d92c11439d4f7e87c991e89) (DefaultImporter) -> (artifact id: '81651e5ed57fa1ef44549ec5b6d9b348') in 0.0009155 seconds
Start importing Packages/com.unity.render-pipelines.universal/Tests/Editor/Tools/Converters/ReadonlyMaterialConverter using Guid(942a5a86e2bef824ea90af68b65e11d5) (DefaultImporter) -> (artifact id: '69a06308b43cf8d2c1cef8e2079372a5') in 0.0008345 seconds
Start importing Packages/com.unity.shadergraph/Editor/Data/Nodes/Input/Basic using Guid(b43ef3944c134a74995e6582de94d21b) (DefaultImporter) -> (artifact id: '2e7ad70f896015f0ebbc54702ccef8aa') in 0.0007495 seconds
Start importing Packages/com.unity.shadergraph/Editor/Data/Nodes/Math/Interpolation using Guid(458e098c89ad64ed3a48cb5f63a5a498) (DefaultImporter) -> (artifact id: '37afc1b776d82055fd36185adb5e787f') in 0.00067 seconds
Start importing Packages/com.unity.shadergraph/Editor/Data/Nodes/Artistic/Adjustment using Guid(75cc6d701e07fe246ba5377a454f74c4) (DefaultImporter) -> (artifact id: 'd05752a8b8a3b8b17db1836cb8938290') in 0.0007422 seconds
Start importing Packages/com.unity.inputsystem/InputSystem/Editor/AssetEditor/PackageResources/personal using Guid(95391b99439094c00a105cd26ba61b1b) (DefaultImporter) -> (artifact id: '4035ef21cafc80447e59ea9645c8f64f') in 0.0008548 seconds
Start importing Packages/com.unity.render-pipelines.universal/Runtime/2D/Shadows/ShadowProvider/Providers using Guid(b5fa04dc74317394bb31c148b76a585e) (DefaultImporter) -> (artifact id: '31ad9660de948b5217dee54e7dd69c09') in 0.0009462 seconds
Start importing Packages/com.unity.render-pipelines.universal/Editor/VFXGraph/Shaders/Templates/ParticleMeshesLit using Guid(76287eaf161827c40994b1ba2f2af31f) (DefaultImporter) -> (artifact id: '3cdfcf0d1ff747a3a6339f7fe231f9f7') in 0.0008263 seconds
Start importing Packages/com.unity.ugui/Runtime/UGUI/UI/Core/Utility using Guid(d63dd1a776d383248a21ec2a8a6e7868) (DefaultImporter) -> (artifact id: 'ddf4baa864d390cb48033641e93bc3ab') in 0.0008407 seconds
Start importing Packages/com.unity.shadergraph/Editor/Data/Nodes/Input/Texture using Guid(07cc6493671f2344089936cf4a0ab49b) (DefaultImporter) -> (artifact id: 'b1aaff6bf0c7b4527e623ced762ec3b4') in 0.0008691 seconds
Start importing Packages/com.unity.2d.sprite/Editor/ObjectMenuCreation/DefaultAssets/Textures/v2 using Guid(172f9a5627fbd495e9b469d54bed367a) (DefaultImporter) -> (artifact id: '327242699991e55b98b75cc85c4c2e4d') in 0.0009823 seconds
Start importing Packages/com.unity.shadergraph/Editor/Data/Nodes/Input/Matrix using Guid(278936628273864438e48ff64aa20e32) (DefaultImporter) -> (artifact id: '7e3a9bc359e748153865ee597f6b5642') in 0.0008298 seconds
Start importing Packages/com.unity.ugui/Runtime/UGUI/UI/Core/Culling using Guid(27ed3e221887b3544bd9d6505d4a789f) (DefaultImporter) -> (artifact id: 'a8414d4e7a7ce3589ca9a54f2895a3ea') in 0.0008179 seconds
Start importing Packages/com.unity.2d.animation/Editor/SpriteLib/SpriteLibraryEditor/UI/CustomElements using Guid(4741ec49ca1d5495b8ac277cc2b9df1a) (DefaultImporter) -> (artifact id: 'd055093bd014e96c43b089336937f25f') in 0.0006968 seconds
Start importing Packages/com.unity.shadergraph/Editor/Generation/Targets/Fullscreen/Includes using Guid(67b87f1c65c508c429e1d957b33776b3) (DefaultImporter) -> (artifact id: '282c9853b10a3b6de6a975d3736ce7c7') in 0.0007618 seconds
Start importing Packages/com.unity.shadergraph/Editor/Data/Nodes/Artistic/Normal using Guid(b7f9e0995756c4a4896912f8873eb63c) (DefaultImporter) -> (artifact id: '145e8970258f8329d1b585af14843037') in 0.0008859 seconds
Start importing Packages/com.unity.render-pipelines.universal/Editor/VFXGraph/Shaders/Templates/ParticleLines using Guid(18a4907a4ab1eb24882f891e45c993db) (DefaultImporter) -> (artifact id: 'f4f72dabe03e198f65d340d9d7ae65eb') in 0.0008355 seconds
Start importing Packages/com.unity.shadergraph/Editor/Data/Nodes/Math/Trigonometry using Guid(28b2b06f6ff88404c8c0d855b9599203) (DefaultImporter) -> (artifact id: '0abd3bcb9f15948b1b5c0022a2de5644') in 0.0008349 seconds
Start importing Packages/com.unity.render-pipelines.universal/Editor/VFXGraph/Shaders/Templates/ParticlePoints using Guid(4880ad95c4d23714986fc0ae33cc43f1) (DefaultImporter) -> (artifact id: '595ec8e03d220e06a35f443c6029dbf2') in 0.0007791 seconds
Start importing Packages/com.unity.render-pipelines.universal/Editor/VFXGraph/Shaders/Templates/URPDecal using Guid(e81d9b0cdeff465cb187f5a9bb544aa5) (DefaultImporter) -> (artifact id: 'fbd77c2fde097576b11f85509f984736') in 0.0006489 seconds
Start importing Packages/com.unity.shadergraph/Editor/Data/Nodes/Input/UI using Guid(f80c685d59366e44585a7011c5d7b1ea) (DefaultImporter) -> (artifact id: 'edace6f1314020bbb890f9fcc4629639') in 0.0006793 seconds
Start importing Packages/com.unity.ugui/Runtime/UGUI/UI/Core/SpecializedCollections using Guid(f8ed4321a98682942b9980996131cf26) (DefaultImporter) -> (artifact id: '5a5ef29bec25f7a3bf7676116a5962c1') in 0.0007489 seconds
Start importing Packages/com.unity.shadergraph/Editor/Data/Nodes/Artistic/Blend using Guid(f85e7557d4bb9874882ec3fa3044a53e) (DefaultImporter) -> (artifact id: 'c735ca91f74fe25ac7793dbc0e7d95a5') in 0.0007622 seconds
Start importing Packages/com.unity.shadergraph/Editor/Generation/Targets/Canvas/AssetCallbacks using Guid(094f15b4a6654154bb5755294694cb46) (DefaultImporter) -> (artifact id: 'fcee17633abbb28398036f8b77217ee7') in 0.0007567 seconds
Start importing Packages/com.unity.ugui/Runtime/UGUI/UI/Core/Layout using Guid(1999349e7f492c947bb6eb70f624382e) (DefaultImporter) -> (artifact id: 'a8e41ce3a6fccc9c9b78c2afb86f94a6') in 0.0006395 seconds
Start importing Packages/com.unity.shadergraph/Editor/Data/Nodes/Math/Advanced using Guid(198ec765a01574320a8199338d27d9f1) (DefaultImporter) -> (artifact id: '76c44aff4ef4d745d1f6602cc44b0ad9') in 0.0006409 seconds
Start importing Packages/com.unity.render-pipelines.universal/Editor/VFXGraph/Shaders/Templates/ParticleLinesSW using Guid(792601c2ba0e2bc41986706670f378d4) (DefaultImporter) -> (artifact id: '67abc12ad54081279dc71a4b29e78048') in 0.0007008 seconds
Start importing Packages/com.unity.ugui/Tests/Runtime/UGUI/EventSystem/InputModuleTests using Guid(7a892c920c8ad2848b469ec9579c5219) (DefaultImporter) -> (artifact id: 'ddbbd39c1ecedea9952da13283fac82b') in 0.000811 seconds
Start importing Packages/com.unity.render-pipelines.core/Runtime/UnifiedRayTracing/Compute/RadeonRays/kernels using Guid(9a4184587b7c760418ee26ca0a32df62) (DefaultImporter) -> (artifact id: '9d98fba2fc73c0ca58a73418527344d1') in 0.0006901 seconds
Start importing Packages/com.unity.shadergraph/Editor/Data/Nodes/Utility/Logic using Guid(1c5103f75b5ec7445bb4c7b5a36f6aec) (DefaultImporter) -> (artifact id: '2604281c525d8ba0a22ec95173a1d312') in 0.0006364 seconds
Start importing Packages/com.unity.shadergraph/Editor/Data/Nodes/Input/Gradient using Guid(6c3178830acf943f8bf39e5a651057f2) (DefaultImporter) -> (artifact id: 'db7f38216665322a8e5a5ce01306282d') in 0.0005988 seconds
Start importing Packages/com.unity.ugui/Runtime/UGUI/UI/Core/MaterialModifiers using Guid(7c6295db74da28645bf49db58b7c9c65) (DefaultImporter) -> (artifact id: 'c8309270d25389008b80d2680377db3a') in 0.0007401 seconds
Start importing Packages/com.unity.shadergraph/Editor/Data/Nodes/Input/PBR using Guid(bc2d9fef9660c574dad26112f3061731) (DefaultImporter) -> (artifact id: '0ad0143f77d3be19a9418fc9daf652da') in 0.0007898 seconds
Start importing Packages/com.unity.shadergraph/Editor/Data/Nodes/Math/Round using Guid(4da29d4d0744f43f8aaa921918f1f879) (DefaultImporter) -> (artifact id: 'ec49d2869627292cf7abef91f2145a3d') in 0.0008857 seconds
Start importing Packages/com.unity.shadergraph/Editor/Generation/Targets/BuiltIn/ShaderLibrary using Guid(6dc0256bde5256e40b2e4aa65249dd1e) (DefaultImporter) -> (artifact id: 'cd272e0523f9514008ec24e1344568a6') in 0.0008051 seconds
Start importing Packages/com.unity.shadergraph/Editor/Generation/Targets/Canvas/Templates using Guid(8d975524f8a3461d922a2e20170a1194) (DefaultImporter) -> (artifact id: '284d64b3671c43365ede4abfda3228c7') in 0.0007565 seconds
Start importing Packages/com.unity.shadergraph/Editor/Data/Nodes/Input/Scene using Guid(ad6f48f5ba4c9a24ab7b9df345b45d6f) (DefaultImporter) -> (artifact id: '2002863ea7a821d4ec3c2cead5cbe834') in 0.0007228 seconds
Start importing Packages/com.unity.shadergraph/Editor/Data/Nodes/Artistic/Mask using Guid(cdb8c403de0823942a95a464c32ad0f0) (DefaultImporter) -> (artifact id: '315ff0612b1fcc3d7617d24867761135') in 0.0006868 seconds
Start importing Packages/com.unity.render-pipelines.universal/Editor/VFXGraph/Shaders/Templates/ParticlePlanarPrimitivesLit using Guid(2eda2aff451e93441b6b576a8db601a3) (DefaultImporter) -> (artifact id: '8c5a94ccae47a2769f52325f4dd4086d') in 0.0007798 seconds
Start importing Packages/com.unity.shadergraph/Editor/Data/Nodes/Input/Geometry using Guid(5e9138df313dc9e4fa20f92625c26b59) (DefaultImporter) -> (artifact id: 'fb14554f246e639541860d6edef39879') in 0.0008702 seconds
Start importing Packages/com.unity.inputsystem/InputSystem/Editor/AssetEditor/PackageResources/pro using Guid(be2b3c041afc2477ea1f172b6d14c3dc) (DefaultImporter) -> (artifact id: '08b4bf9d1d01c804d61635e1b758a23f') in 0.000867 seconds
Start importing Packages/com.unity.shadergraph/Editor/Data/Nodes/Procedural/Noise using Guid(3f074934a38b41c4ea34460933733201) (DefaultImporter) -> (artifact id: 'cf3de78c3d907c4626cda83f799a6190') in 0.0008635 seconds
Start importing Packages/com.unity.shadergraph/Editor/Generation/Targets/BuiltIn/Editor using Guid(5f2f816913824e14396c945dc22a5ad1) (DefaultImporter) -> (artifact id: 'dc0f5c7974476b20e6ac5231b773902c') in 0.0010121 seconds
Start importing Packages/com.unity.shadergraph/Editor/Generation/Targets/UITK/Templates using Guid(9fbee1430c92c48f793957a37a515e30) (DefaultImporter) -> (artifact id: '3e03a98d91b96130764231e31f60c40e') in 0.000907 seconds
Start importing Packages/com.unity.shadergraph/Editor/Data/Nodes/Math/Matrix using Guid(bfc8dbcaa9711c945b8fd983b819335d) (DefaultImporter) -> (artifact id: 'cbb6f8c8febc26e0639d38e14c5d4dc1') in 0.0011185 seconds
Start importing Packages/com.unity.ugui/Runtime/UGUI/UI/Core/VertexModifiers using Guid(cfa73a847eeff06448bb50a8ac6a94e0) (DefaultImporter) -> (artifact id: '4854c52cecabffb60fdd5ed9e9763c1c') in 0.0009522 seconds
Start importing Packages/com.unity.shadergraph/Editor/Generation/Targets/BuiltIn/Editor/ShaderGUI using Guid(045465d8500b94f469580f232db2929f) (DefaultImporter) -> (artifact id: 'fce3883aa16464bcd42ead6194acb245') in 0.0012505 seconds
Start importing Packages/com.unity.shadergraph/Editor/Generation/Targets/BuiltIn/ShaderLibrary/Shim using Guid(78c9ad9712dcd8a4d9ed0770a8fe6cc7) (DefaultImporter) -> (artifact id: 'c253dcc663c9d3d7c13514a1ecd4f5ad') in 0.000984 seconds
Start importing Packages/com.unity.shadergraph/Editor/Generation/Targets/BuiltIn/Editor/ShaderGraph using Guid(aa741e0e92d3608409867b98aabf2070) (DefaultImporter) -> (artifact id: 'cf681a801cd417be53829fff9652fa69') in 0.000871 seconds
Start importing Packages/com.unity.shadergraph/Editor/Generation/Targets/BuiltIn/Editor/AssetPostProcessors using Guid(ff73c880c054e8c40b71704dbc0c1beb) (DefaultImporter) -> (artifact id: '2214c13c79dcf19c55c6de22528faf84') in 0.0008424 seconds
Start importing Packages/com.unity.shadergraph/Editor/Generation/Targets/BuiltIn/Editor/ShaderGraph/Templates using Guid(e9e01eb1ed43ca346a8389fc15adb62d) (DefaultImporter) -> (artifact id: 'b485424ba8d48630e34ecf0c9d4a9e78') in 0.0007939 seconds
Start importing Packages/com.unity.shadergraph/Editor/Generation/Targets/BuiltIn/Editor/ShaderGraph/Includes using Guid(0b48c6912333f1a4fa13346aaf390d56) (DefaultImporter) -> (artifact id: 'ea729a8a9a3284a28a5d027a307ef371') in 0.0007703 seconds
Start importing Packages/com.unity.shadergraph/Editor/Generation/Targets/BuiltIn/Editor/ShaderGraph/Targets using Guid(6d8d9b2bfb6f27b478e969b90661882b) (DefaultImporter) -> (artifact id: '19a08b79413cd741d8d82fcac9152c80') in 0.0007684 seconds
Start importing Packages/com.unity.shadergraph/Editor/Generation/Targets/BuiltIn/Editor/ShaderGraph/AssetCallbacks using Guid(cebe13fbe292c6648ae282c4ce3908e8) (DefaultImporter) -> (artifact id: '535c073f6df816f96d32bed8551517ea') in 0.0006588 seconds
Start importing Packages/com.unity.test-framework/Tests/TestNewCustomAssembly/TestNewCustomAssembly.asmdef using Guid(005d90528beb64e71b011a6207806ed5) (AssemblyDefinitionImporter) -> (artifact id: 'fdab9d5d4dfc6a2d471dd347f8a4173e') in 0.0035727 seconds
Start importing Packages/com.unity.ugui/Runtime/TMP/Unity.TextMeshPro.asmdef using Guid(6055be8ebefd69e48b49212b09b47b2f) (AssemblyDefinitionImporter) -> (artifact id: '755faf4d872606cabacec4dfdc775f71') in 0.0032184 seconds
Start importing Packages/com.unity.mathematics/Tests/Unity.Mathematics.Tests.asmdef using Guid(904d80dccad704a3f95e42bd0ad5d960) (AssemblyDefinitionImporter) -> (artifact id: '83da058a45d0931d86d85312db6af234') in 0.0027701 seconds
Start importing Packages/com.unity.test-framework.performance/Runtime/Unity.PerformanceTesting.asmdef using Guid(c0dd0d10738d4ad4a9de57c559d0ca1b) (AssemblyDefinitionImporter) -> (artifact id: 'c2f2dd64096bf6690291e63e9be8d050') in 0.0033274 seconds
Start importing Packages/com.unity.collections/Unity.Collections/Unity.Collections.asmdef using Guid(e0cd26848372d4e5c891c569017e11f1) (AssemblyDefinitionImporter) -> (artifact id: '7f0a8b2f27dfe32928c382e08c6aaf28') in 0.0032386 seconds
Start importing Packages/com.unity.render-pipelines.core/Runtime/UnifiedRayTracing/Unity.UnifiedRayTracing.Runtime.asmdef using Guid(214c0945bb158c940aada223f3223ee8) (AssemblyDefinitionImporter) -> (artifact id: '75b8eb3a34bb4a5831687e228be628e1') in 0.0033703 seconds
Start importing Packages/com.unity.inputsystem/DocCodeSamples.Tests/DocCodeSamples.asmdef using Guid(41b01d3964f844d8b43923c18b3a9a6f) (AssemblyDefinitionImporter) -> (artifact id: 'c4ecdf1098f2cc8c3723c90c3ce012c9') in 0.0033734 seconds
Start importing Packages/com.unity.2d.animation/Runtime/Unity.2D.Animation.Runtime.asmdef using Guid(41524c21c95e5fe4dbc5b48bd21995a4) (AssemblyDefinitionImporter) -> (artifact id: 'c5fc97ab593c66e76617b105fd3593a4') in 0.0038139 seconds
Start importing Packages/com.unity.render-pipelines.universal/Runtime/2D/Unity.RenderPipelines.Universal.2D.Runtime.asmdef using Guid(516a5277b8c3b4f4c8cc86b77b1591ff) (AssemblyDefinitionImporter) -> (artifact id: 'd71084e6528cbd01f96349869b3d2ca3') in 0.0032394 seconds
Start importing Packages/com.unity.render-pipelines.universal-config/Tests/Editor/Unity.RenderPipelines.Universal.Config.Editor.Tests.asmdef using Guid(71747feda1cfa634686086b1914eacb6) (AssemblyDefinitionImporter) -> (artifact id: '4f6dae6761868279602fcf93e18986ae') in 0.0032531 seconds
Start importing Packages/com.unity.render-pipelines.universal/Editor/2D/Overrides/Unity.RenderPipelines.Universal.2D.Editor.Overrides.asmdef using Guid(71872915d7faaaf47a5587bce19d5214) (AssemblyDefinitionImporter) -> (artifact id: '7674f44e206bd81260f9f4f05d1ccc8a') in 0.0035513 seconds
Start importing Packages/com.unity.collections/DocCodeSamples.Tests/DocCodeSamples.Tests.asmdef using Guid(d1fecb7e41996c7468b18df518b721d9) (AssemblyDefinitionImporter) -> (artifact id: '1a8619bbc01a5900ee57a31b93035af9') in 0.0035223 seconds
Start importing Packages/com.unity.mathematics/Unity.Mathematics.Editor/Unity.Mathematics.Editor.asmdef using Guid(329b4ccd385744985bf3f83cfd77dfe7) (AssemblyDefinitionImporter) -> (artifact id: '1973905c62ef572f27533f2f433032d1') in 0.0030411 seconds
Start importing Packages/com.unity.2d.animation/IK/Editor/Unity.2D.IK.Editor.asmdef using Guid(4237adb6ac177124b8f4a94835b7b4d0) (AssemblyDefinitionImporter) -> (artifact id: 'd7b5b19c9d8302dd8ccbb7e108a39f9b') in 0.0030574 seconds
Start importing Packages/com.unity.2d.sprite/Tests/Editor/Unity.2D.Sprite.Package.EditorTests.asmdef using Guid(52648b72c7bef2040bf0cfa8dd0f74da) (AssemblyDefinitionImporter) -> (artifact id: '20a178cbe9be74d95c0c71881ae1bddd') in 0.0037091 seconds
Start importing Packages/com.unity.2d.common/Tests/Editor/Unity.2D.Common.EditorTests.asmdef using Guid(03bfc083748b8452197dde3b8ea7fbba) (AssemblyDefinitionImporter) -> (artifact id: '841676767323d6cb213e4e13cc698729') in 0.0036067 seconds
Start importing Assets/EmeraldInochi/EmeraldInochi.asmdef using Guid(1368728559dd36640b92b4aeb63c2733) (AssemblyDefinitionImporter) -> (artifact id: '8f43d6cc632835926e414e46f8984c80') in 0.0032087 seconds
Start importing Packages/com.unity.ugui/Runtime/InternalBridge/Unity.InternalAPIEngineBridge.004.asmdef using Guid(43b111c4a445f446abd2c02e77750ff5) (AssemblyDefinitionImporter) -> (artifact id: '7768f0299b485d6ebc39eb408ad5c375') in 0.0034731 seconds
Start importing Packages/com.unity.searcher/Tests/Editor/Unity.Searcher.EditorTests.asmdef using Guid(432b70115e987f44abb984cfe7de384f) (AssemblyDefinitionImporter) -> (artifact id: '89ea5603e896e4c9d6b3f507d0b1a9b6') in 0.0034512 seconds
Start importing Packages/com.unity.ugui/Editor/Analytics/UnityEditor.UI.Analytics.asmdef using Guid(8394c018a82352f41ae354f7bdad54e3) (AssemblyDefinitionImporter) -> (artifact id: '51a42a6dc598d685998182f7c5c967c4') in 0.0034796 seconds
Start importing Packages/com.unity.2d.common/Runtime/Unity.2D.Common.Runtime.asmdef using Guid(c3352a8bbbe14fb4ab52ae7bfff927ea) (AssemblyDefinitionImporter) -> (artifact id: '90dfd70e9be49455f50fe6cb7b3d9400') in 0.0036018 seconds
Start importing Packages/com.unity.2d.common/Path/Editor/Unity.2D.Common.Path.Editor.asmdef using Guid(24bbfa70f4a5840c3ab7da95e6835815) (AssemblyDefinitionImporter) -> (artifact id: '018c8b43c8c1873bc49cc01d32f5a0ae') in 0.0034714 seconds
Start importing Packages/com.unity.ugui/Editor/UGUI/UnityEditor.UI.asmdef using Guid(343deaaf83e0cee4ca978e7df0b80d21) (AssemblyDefinitionImporter) -> (artifact id: 'af08ec8d4d031bbff740ba61300146c5') in 0.0033341 seconds
Start importing Assets/Scripts/Resonance.App/Resonance.App.asmdef using Guid(348fdea6a6cc75544928fecd1152eb61) (AssemblyDefinitionImporter) -> (artifact id: '46223b4a55312b8dc6a971f3dbfa5df3') in 0.0037683 seconds
Start importing Packages/com.unity.collections/Unity.Collections.PerformanceTests/Unity.Collections.PerformanceTests.asmdef using Guid(64222b0d0713a412f92762e2fccd795a) (AssemblyDefinitionImporter) -> (artifact id: '85687e5429e2e22bffc7a464564f3a88') in 0.0035239 seconds
Start importing Packages/com.unity.render-pipelines.universal/Shaders/Unity.RenderPipelines.Universal.Shaders.asmdef using Guid(b4517ec124862cb4bb3b8b27d72843a6) (AssemblyDefinitionImporter) -> (artifact id: '6191385f0a4f4b3ad31e465dafc68221') in 0.0033352 seconds
Start importing Packages/com.unity.2d.common/Runtime/InternalBridge/InternalBridgeDef.asmdef using Guid(e4b228dab700203488a7c7d474a25838) (AssemblyDefinitionImporter) -> (artifact id: '0f45b7e20b688276fbbc823f5727b1fa') in 0.0034069 seconds
Start importing Packages/com.unity.ugui/Tests/Editor/Common/UnityEditor.UI.Common.Tests.asmdef using Guid(05242c3d99f24a74f99cc20369fcb344) (AssemblyDefinitionImporter) -> (artifact id: '99515af3918328a1a7135a479654a9bf') in 0.003592 seconds
Start importing Packages/com.unity.render-pipelines.universal/Runtime/Unity.RenderPipelines.Universal.Runtime.asmdef using Guid(15fc0a57446b3144c949da3e2b9737a9) (AssemblyDefinitionImporter) -> (artifact id: '66fd63a54e47fccbdb7cd0a22b50a818') in 0.0035241 seconds
Start importing Assets/Editor/Resonance.Editor.asmdef using Guid(559d0beea02b4284b8f2f7b2b5258a5a) (AssemblyDefinitionImporter) -> (artifact id: '5388844bbeb08c535db19396866afe2f') in 0.0033693 seconds
Start importing Packages/com.unity.ugui/Editor/TMP/Unity.TextMeshPro.Editor.asmdef using Guid(6546d7765b4165b40850b3667f981c26) (AssemblyDefinitionImporter) -> (artifact id: '9560f464d4c68b2cd231f1d640031561') in 0.0032169 seconds
Start importing Packages/com.unity.ugui/Tests/Editor/TMP/Unity.TextMeshPro.Editor.Tests.asmdef using Guid(656e461844099ae43a609ff6109b0877) (AssemblyDefinitionImporter) -> (artifact id: '30072da98643a3dd2fb6cd04c1e7f82b') in 0.002974 seconds
Start importing Packages/com.unity.inputsystem/InputSystem/Unity.InputSystem.asmdef using Guid(75469ad4d38634e559750d17036d5f7c) (AssemblyDefinitionImporter) -> (artifact id: 'd3b7f1bfdc6b82180e994b295b9b0527') in 0.0032788 seconds
Start importing Packages/com.unity.render-pipelines.universal/Editor/Unity.RenderPipelines.Universal.Editor.asmdef using Guid(c579267770062bf448e75eb160330b7f) (AssemblyDefinitionImporter) -> (artifact id: '7cb3cc729604c778768e0366366b67b5') in 0.0033746 seconds
Start importing Packages/com.unity.burst/Runtime/Unity.Burst.asmdef using Guid(2665a8d13d1b3f18800f46e256720795) (AssemblyDefinitionImporter) -> (artifact id: '85eefb398227b4dd1c2deef7bd0db3fa') in 0.0031582 seconds
Start importing Packages/com.unity.render-pipelines.universal/Tests/Editor/Unity.RenderPipelines.Universal.Editor.Tests.asmdef using Guid(36d514892e55d4340b470c29fcab8b44) (AssemblyDefinitionImporter) -> (artifact id: '3c2ef47c9d5df3f9ee1a95dd4dcfe021') in 0.0033422 seconds
Start importing Packages/com.unity.render-pipelines.core/ShaderLibrary/Unity.RenderPipelines.Core.ShaderLibrary.asmdef using Guid(46a67ded66a63de48b9329c593fc08de) (AssemblyDefinitionImporter) -> (artifact id: '88c81854edd64281b7f0d7178ab1a6ed') in 0.0032869 seconds
Start importing Packages/com.unity.render-pipelines.universal-config/Runtime/Unity.RenderPipelines.Universal.Config.Runtime.asmdef using Guid(86bc95e6fdb13ff43aa04316542905ae) (AssemblyDefinitionImporter) -> (artifact id: '9cef1563a20fdccfdcaa571ada2132b3') in 0.0035059 seconds
Start importing Packages/com.unity.collections/Unity.Collections.Editor/Unity.Collections.Editor.asmdef using Guid(c668b7a00ffe56a498ddb1fc9f96f4e6) (AssemblyDefinitionImporter) -> (artifact id: '6bc15c8fa61aa95b440c3e8be43f6378') in 0.003534 seconds
Start importing Packages/com.unity.test-framework/UnityEngine.TestRunner/UnityEngine.TestRunner.asmdef using Guid(27619889b8ba8c24980f49ee34dbb44a) (AssemblyDefinitionImporter) -> (artifact id: '4e99211f6fa79279dcc82bfb5cb90702') in 0.0032289 seconds
Start importing Packages/com.unity.burst/Editor/Unity.Burst.Editor.asmdef using Guid(b75d3cd3037d383a8d1e2f9a26d73d8a) (AssemblyDefinitionImporter) -> (artifact id: 'e46244b77da178d6ef504f177967ff9d') in 0.0037626 seconds
Start importing Packages/com.unity.render-pipelines.core/Editor/UnifiedRayTracing/Unity.UnifiedRayTracing.Editor.asmdef using Guid(085cb502223da8f46931abfa47535112) (AssemblyDefinitionImporter) -> (artifact id: '079580a6c88c05344b24e0ce9504509a') in 0.0041314 seconds
Start importing Packages/com.unity.2d.animation/IK/Runtime/Unity.2D.IK.Runtime.asmdef using Guid(88f14d179e7c91c4eac28302d69f32e1) (AssemblyDefinitionImporter) -> (artifact id: '472e1b94d5fd6f475175f35ddf057c7b') in 0.003051 seconds
Start importing Packages/com.unity.mathematics/Unity.Mathematics/Unity.Mathematics.asmdef using Guid(d8b63aba1907145bea998dd612889d6b) (AssemblyDefinitionImporter) -> (artifact id: '6e50b0b6076b0521e9640933c3861a6b') in 0.0034141 seconds
Start importing Packages/com.unity.inputsystem/InputSystem/Plugins/InputForUI/InputSystemForUI.asmdef using Guid(09dcc9c0126b6b34ab2a877b8f2277f5) (AssemblyDefinitionImporter) -> (artifact id: '909e8380d27ebb14864db4f1d55d8eb9') in 0.0036627 seconds
Start importing Packages/com.unity.searcher/Editor/Unity.Searcher.Editor.asmdef using Guid(4988cf9794f41d64c884876ab6574b89) (AssemblyDefinitionImporter) -> (artifact id: 'bb8f3049b4230649a4aedd823dcc1d23') in 0.003573 seconds
Start importing Packages/com.unity.render-pipelines.core/Runtime-PrivateShared/Unity.RenderPipelines.Core.Runtime.Shared.asmdef using Guid(69257879134bba646869b21467b3338d) (AssemblyDefinitionImporter) -> (artifact id: '480ce6acd9d8c4d20976659955f4308e') in 0.0041012 seconds
Start importing Packages/com.unity.ide.visualstudio/Editor/com.unity.ide.visualstudio.asmdef using Guid(b93f844d45cfcc44fa2b0eed5c9ec6bb) (AssemblyDefinitionImporter) -> (artifact id: '07f9e1490d86333fb372ad3ff9957c62') in 0.0033476 seconds
Start importing Assets/Inochi2D/Runtime/inochi2d.inochi2d-unity.Runtime.asmdef using Guid(d9bd5df9f753fa44e807bc4933fdb81b) (AssemblyDefinitionImporter) -> (artifact id: '5fa903036644f28bec9a7b647d027aaa') in 0.003695 seconds
Start importing Packages/com.unity.ugui/Tests/Runtime/UGUI/UnityEngine.UI.Tests.asmdef using Guid(e9745f6a32442194c8dc5a43e9ab86f9) (AssemblyDefinitionImporter) -> (artifact id: '671361ac3978847d29e63ee1cf5da131') in 0.0031882 seconds
Start importing Packages/com.unity.test-framework/UnityEditor.TestRunner/UnityEditor.TestRunner.asmdef using Guid(0acc523941302664db1f4e527237feb3) (AssemblyDefinitionImporter) -> (artifact id: 'a37885b78cc3bc346b8ba1ba7dd76b0c') in 0.0041977 seconds
Start importing Packages/com.unity.render-pipelines.core/Editor-PrivateShared/Unity.RenderPipelines.Core.Editor.Shared.asmdef using Guid(2a69708d171a17043a9d0ad45f205cfe) (AssemblyDefinitionImporter) -> (artifact id: '513d6407ee23ffbf8f638a98caffad35') in 0.0035732 seconds
Start importing Packages/com.unity.inputsystem/Tests/IntegrationTests/Unity.InputSystem.IntegrationTests.asmdef using Guid(3ae5734e49d646442ad24f37762ebdd2) (AssemblyDefinitionImporter) -> (artifact id: '9abaaed583597bdbc9fadb4bc1dd80ee') in 0.0039876 seconds
Start importing Packages/com.unity.nuget.mono-cecil/Tests/Editor/Unity.Nuget.Mono-Cecil.Editor.Tests.asmdef using Guid(aaf6804a66b394e9b8c133f80fc0c3e3) (AssemblyDefinitionImporter) -> (artifact id: 'da68f2703bc1ca23075f378c49f2fbf2') in 0.0034271 seconds
Start importing Packages/com.unity.2d.animation/Tests/Editor/Unity.2D.Animation.EditorTests.asmdef using Guid(ba283300490772f4f8d1f69efcb7c60f) (AssemblyDefinitionImporter) -> (artifact id: '1deb3c54591a049bdae684ba4f8f9947') in 0.0033692 seconds
Start importing Packages/com.unity.ugui/Runtime/UGUI/UnityEngine.UI.asmdef using Guid(2bafac87e7f4b9b418d9448d219b01ab) (AssemblyDefinitionImporter) -> (artifact id: '535f7aafa4dd215a60024f56978e8d8a') in 0.0032676 seconds
Start importing Packages/com.unity.collections/Unity.Collections.CodeGen/Unity.Collections.CodeGen.asmdef using Guid(8baa6eabecd47164e94a1eb92b18f394) (AssemblyDefinitionImporter) -> (artifact id: '846177d53e146c4c5e8e8f20dc245d31') in 0.0035792 seconds
Start importing Packages/com.unity.render-pipelines.universal/ShaderLibrary/Unity.RenderPipelines.Universal.ShaderLibrary.asmdef using Guid(ab67fb10353d84448ac887a7367cbda8) (AssemblyDefinitionImporter) -> (artifact id: 'e05756c6f8927df7f54671b595111c66') in 0.0033884 seconds
Start importing Packages/com.unity.ugui/Tests/Runtime/TMP/Unity.TextMeshPro.Tests.asmdef using Guid(bb05cab7d802aa5468f8f2f86840d984) (AssemblyDefinitionImporter) -> (artifact id: '89d48fa439e205f5072672939dd03b3e') in 0.0031852 seconds
Start importing Packages/com.unity.render-pipelines.core/Tests/Editor/UnifiedRayTracing/Unity.UnifiedRayTracing.Editor.Tests.asmdef using Guid(cb16ddcad9e86c047a91282ca9c48140) (AssemblyDefinitionImporter) -> (artifact id: '628ace8710dd40ee2d81920afc4e6053') in 0.0034488 seconds
Start importing Packages/com.unity.2d.common/Editor/ScriptablePacker/Unity.2D.ScriptablePacker.Editor.asmdef using Guid(eba9e4c0a1c41eb42b5443a6d65b829b) (AssemblyDefinitionImporter) -> (artifact id: '8cff2c0ff59889d3aea35e3d0ba48dd9') in 0.0038632 seconds
Start importing Packages/com.unity.collections/Unity.Collections.Tests/Unity.Collections.Tests.asmdef using Guid(ebbea1c70c20149eea64c53647a70872) (AssemblyDefinitionImporter) -> (artifact id: '3baf4d90a5e8be9292666bcf4bb210a8') in 0.003448 seconds
Start importing Packages/com.unity.2d.sprite/Editor/Unity.2D.Sprite.Editor.asmdef using Guid(2c573e6b271651846a79655161004c5b) (AssemblyDefinitionImporter) -> (artifact id: 'f8718ccc80bf2f5a33f871d2d8f31150') in 0.0037265 seconds
Start importing Packages/com.unity.ugui/Tests/Editor/UGUI/UnityEditor.UI.EditorTests.asmdef using Guid(7c04f0dfa9243c04681a55d90d3ff3fc) (AssemblyDefinitionImporter) -> (artifact id: 'b0030b2b8f67d12eacbc22c1af1fbac4') in 0.0036888 seconds
Start importing Packages/com.unity.burst/Unity.Burst.CodeGen/Unity.Burst.CodeGen.asmdef using Guid(9c6dda6c7922c624cb7ea9a7f1c7d54a) (AssemblyDefinitionImporter) -> (artifact id: 'eb3bc11260a8fcd65d70d890e37dcb3e') in 0.0030997 seconds
Start importing Packages/com.unity.render-pipelines.universal/Tests/Runtime/Unity.RenderPipelines.Universal.Runtime.Tests.asmdef using Guid(bc3b0daec27db604caf7fec37e54bf6d) (AssemblyDefinitionImporter) -> (artifact id: '436dd58c67285f10c0cf7226a8728c34') in 0.0052751 seconds
Start importing Packages/com.unity.inputsystem/Tests/TestFixture/Unity.InputSystem.TestFramework.asmdef using Guid(dc04f38471c3a459fb4d31124ee9127d) (AssemblyDefinitionImporter) -> (artifact id: 'f7b9ae147baf20ba48e98b1980f6cc2c') in 0.0038901 seconds
Start importing Packages/com.unity.shadergraph/Editor/Utilities/Unity.ShaderGraph.Utilities.asmdef using Guid(ade7125e800904674ba0c115208f7ed5) (AssemblyDefinitionImporter) -> (artifact id: '7d7897f0088946ca627ada83f581e955') in 0.0033819 seconds
Start importing Packages/com.unity.2d.common/Editor/Unity.2D.Common.Editor.asmdef using Guid(bd2461be96e5f744bbe6bdbc5276eb61) (AssemblyDefinitionImporter) -> (artifact id: 'a7cd40d121411e9a289eddf73072e805') in 0.0031062 seconds
Start importing Packages/com.unity.render-pipelines.core/Editor/Unity.RenderPipelines.Core.Editor.asmdef using Guid(3eae0364be2026648bf74846acb8a731) (AssemblyDefinitionImporter) -> (artifact id: '292149eedf6619fa585bc1918e8922cc') in 0.0033262 seconds
Start importing Packages/com.unity.collections/Unity.Collections.Tests.Playmode/Unity.Collections.Tests.Playmode.asmdef using Guid(5e96082520aa86a458e400b89afe93a4) (AssemblyDefinitionImporter) -> (artifact id: '65c569c38afdbfab5216345d05358d3d') in 0.0032023 seconds
Start importing Packages/com.unity.render-pipelines.core/Tests/Editor/Unity.RenderPipelines.Core.Editor.Tests.asmdef using Guid(6e5480588ffa37d4f82fe96c45e8ce9c) (AssemblyDefinitionImporter) -> (artifact id: '2d5c869e2dd027ccd2a7e1074912959e') in 0.0033049 seconds
Start importing Packages/com.unity.2d.animation/Editor/Unity.2D.Animation.Editor.asmdef using Guid(7e93558c536f24149a3181fbe0a14523) (AssemblyDefinitionImporter) -> (artifact id: 'ce7f6037fef3e743a2b1e1b2d1d5e098') in 0.0035964 seconds
Start importing Packages/com.unity.shadergraph/Editor/Unity.ShaderGraph.Editor.asmdef using Guid(be0903cd8e1546f498710afdc59db5eb) (AssemblyDefinitionImporter) -> (artifact id: '2d8aef6ecc2897bc9629facf58400a6a') in 0.003277 seconds
Start importing Packages/com.unity.2d.common/Editor/InternalBridge/InternalBridgeDef.asmdef using Guid(ce6baade223984afda3f24c7fca12584) (AssemblyDefinitionImporter) -> (artifact id: '6d7e08eb623b1fd813534c2ffdaa74df') in 0.003185 seconds
Start importing Packages/com.unity.shadergraph/ShaderGraphLibrary/Unity.RenderPipelines.ShaderGraph.ShaderGraphLibrary.asmdef using Guid(de1079f91ae5b43499b7c7e4f1269884) (AssemblyDefinitionImporter) -> (artifact id: '82c53abbd4abeb18666172127bbe11c8') in 0.0034082 seconds
Start importing Assets/Scripts/Resonance.Battle/Resonance.Battle.asmdef using Guid(2fdc3f990638b5a4cb966f82517a1f01) (AssemblyDefinitionImporter) -> (artifact id: 'bece3cb5e729a2db3e6b2dda1f52a94d') in 0.0034473 seconds
Start importing Packages/com.unity.render-pipelines.universal/Editor/Converter/PPv2/PPv2ToURPConvertersDefinition.asmdef using Guid(3fa284cf2189b184e8d506b83da68377) (AssemblyDefinitionImporter) -> (artifact id: '33775e319c60b03ff66fb8982273c15f') in 0.0036807 seconds
Start importing Packages/com.unity.render-pipelines.core/Runtime/GPUDriven/Unity.RenderPipelines.GPUDriven.Runtime.asmdef using Guid(4fd6538c1c56b409fb53fdf0183170ec) (AssemblyDefinitionImporter) -> (artifact id: 'b7f5da54d8e616155ed00ede38c3a237') in 0.0035247 seconds
Start importing Packages/com.unity.collections/Unity.Collections.BurstCompatibilityGen/Unity.Collections.BurstCompatibilityGen.asmdef using Guid(4f5c0c83dfd6a0743834baba2b4de79e) (AssemblyDefinitionImporter) -> (artifact id: '505feba69963f786b63bdb543f411c0d') in 0.00316 seconds
Start importing Packages/com.unity.test-framework.performance/Editor/Unity.PerformanceTesting.Editor.asmdef using Guid(9f843d4b38153f04b9cee0502d568525) (AssemblyDefinitionImporter) -> (artifact id: '6d2e8d0f852b16c97ddef5690b9603f2') in 0.0032738 seconds
Start importing Assets/Inochi2D/Editor/inochi2d.inochi2d-unity.Editor.asmdef using Guid(af7b93670cd11b64c86a1d4152283767) (AssemblyDefinitionImporter) -> (artifact id: '0f046dde1d8da93acc9df4de76397984') in 0.0032989 seconds
Start importing Packages/com.unity.render-pipelines.core/Tests/Runtime/Unity.RenderPipelines.Core.Runtime.Tests.asmdef using Guid(bf043f86dbf1bda4398ec83eebe40b8c) (AssemblyDefinitionImporter) -> (artifact id: '1ab1ec1a13e5ce85bba7a7aa360e016c') in 0.0041188 seconds
Start importing Packages/com.unity.shadergraph/Tests/Editor/Unity.ShaderGraph.Editor.Tests.asmdef using Guid(bf9b048907d0a604eab6a5552630c26d) (AssemblyDefinitionImporter) -> (artifact id: '3ecebf84478400b3eadd02de68a58724') in 0.0032889 seconds
Start importing Packages/com.unity.render-pipelines.core/Runtime/Unity.RenderPipelines.Core.Runtime.asmdef using Guid(df380645f10b7bc4b97d4f5eb6303d95) (AssemblyDefinitionImporter) -> (artifact id: 'fc03c746fc3a6bd60799dae584ef9138') in 0.0033618 seconds
Start importing Packages/com.unity.collections/Unity.Collections.PerformanceTests.Internal/Unity.Collections.PerformanceTests.Internal.asmref using Guid(e064d25778ff3b249a575bb25f2eaf3e) (AssemblyDefinitionReferenceImporter) -> (artifact id: 'e570bbcc5979b1f9c0df80f9aef6e44f') in 0.0031637 seconds
Start importing Packages/com.unity.burst/Runtime/Editor/Unity.Burst.ForEditor.asmref using Guid(268a64be2367b3248a24f317d458861a) (AssemblyDefinitionReferenceImporter) -> (artifact id: '591b7b5414723d61248373c21d2cf837') in 0.0033735 seconds
Start importing Packages/com.unity.modules.ui/package.ModuleCompilationTrigger using Guid(51fa60bb2bd1e5bc74e8cc95a7bfd5b7) (DefaultImporter) -> (artifact id: '237e32f9541121b786ca4b06eace0dfe') in 0.041805 seconds
Start importing Packages/com.unity.modules.unityanalytics/package.ModuleCompilationTrigger using Guid(71136fc5cf34f2cc10be0e33c0b08019) (DefaultImporter) -> (artifact id: '9b0cf4eb7c767f90f530cd263ba24ee4') in 0.0009803 seconds
Start importing Packages/com.unity.modules.tilemap/package.ModuleCompilationTrigger using Guid(a1c42005fe7c5d78585a77ce396a5eea) (DefaultImporter) -> (artifact id: 'd923349cce1d10fbf9fab4491e59c38f') in 0.0009125 seconds
Start importing Packages/com.unity.modules.hierarchycore/package.ModuleCompilationTrigger using Guid(d104359075a97392b803d3d5aebc77f7) (DefaultImporter) -> (artifact id: '5f087c93c58d9b1c35f89c539ed3a98d') in 0.0007451 seconds
Start importing Packages/com.unity.modules.assetbundle/package.ModuleCompilationTrigger using Guid(222fc39b0c85d800342910da2cd64781) (DefaultImporter) -> (artifact id: '9a6a8c4ae725acd0e4d082b2f7469352') in 0.0010447 seconds
Start importing Packages/com.unity.modules.unitywebrequest/package.ModuleCompilationTrigger using Guid(d2ec2d1228c8e67cdd913cb5609176a2) (DefaultImporter) -> (artifact id: '8af4f3e306c0241d03204a437a8fc5e0') in 0.0008576 seconds
Start importing Packages/com.unity.modules.ai/package.ModuleCompilationTrigger using Guid(e2d09a26ce46dc617b54e49a534ace20) (DefaultImporter) -> (artifact id: 'a71f1fd08e4e9bf1ecd2d64209645034') in 0.0008527 seconds
Start importing Packages/com.unity.modules.terrain/package.ModuleCompilationTrigger using Guid(23032f4383e95e772bce465c5896d0fd) (DefaultImporter) -> (artifact id: '491a7f75d3e9187fba07a3d515b1da29') in 0.0008864 seconds
Start importing Packages/com.unity.modules.imageconversion/package.ModuleCompilationTrigger using Guid(830a36a23cf3ab1e61fa47940a6dc35e) (DefaultImporter) -> (artifact id: 'ee0f0c801f95c19382d8b454dc7586e1') in 0.0008177 seconds
Start importing Packages/com.unity.modules.unitywebrequesttexture/package.ModuleCompilationTrigger using Guid(a31a332ce3485f00f7df8d987302a29c) (DefaultImporter) -> (artifact id: '5b56561b2c8cae5c48817dca1565364f') in 0.0007873 seconds
Start importing Packages/com.unity.modules.audio/package.ModuleCompilationTrigger using Guid(042dc296246916648e55a43d0eeb2036) (DefaultImporter) -> (artifact id: '93cfeb7be8bf6df4dc4fc167223dc2d5') in 0.000857 seconds
Start importing Packages/com.unity.modules.unitywebrequestaudio/package.ModuleCompilationTrigger using Guid(553737203d61a8109f9544a97201e1aa) (DefaultImporter) -> (artifact id: '29c8c1952ecab40326be6fe65bf2dc75') in 0.0008051 seconds
Start importing Packages/com.unity.modules.vr/package.ModuleCompilationTrigger using Guid(b5bd8fa6f4c55ab6f09322b86d18b0e3) (DefaultImporter) -> (artifact id: '7fb6f5a64a18b8abc92ffb2611727976') in 0.0007374 seconds
Start importing Packages/com.unity.modules.vehicles/package.ModuleCompilationTrigger using Guid(e5c46c19ce0ce2e0103aa6f82df1043a) (DefaultImporter) -> (artifact id: '4efeb502fc9ade03fc8da1a2020cc14d') in 0.0007311 seconds
Start importing Packages/com.unity.modules.unitywebrequestassetbundle/package.ModuleCompilationTrigger using Guid(7610600f5c83e01041a6fe849d39279f) (DefaultImporter) -> (artifact id: '5ea653cc184754456a13dd8d09c34205') in 0.0008294 seconds
Start importing Packages/com.unity.modules.jsonserialize/package.ModuleCompilationTrigger using Guid(e6a135e3ea9cb46795d1b0e05ac3e1e5) (DefaultImporter) -> (artifact id: '8d26f1c211bce77f7cf17eccccd57b0d') in 0.0008134 seconds
Start importing Packages/com.unity.modules.video/package.ModuleCompilationTrigger using Guid(f62135e79edb837b2d2ee3c524da864c) (DefaultImporter) -> (artifact id: '6ebda327ae83705f04de3efed3db9873') in 0.0008538 seconds
Start importing Packages/com.unity.modules.particlesystem/package.ModuleCompilationTrigger using Guid(17f093324b67f5bd57e55b546736750e) (DefaultImporter) -> (artifact id: '2ff549dcfdc7b1fa23811cebe1444f07') in 0.0008058 seconds
Start importing Packages/com.unity.modules.xr/package.ModuleCompilationTrigger using Guid(c7a8b0317f4e68556d7509828e9e211e) (DefaultImporter) -> (artifact id: 'cff4c28c132f8374585e00aa928dde3a') in 0.0008702 seconds
Start importing Packages/com.unity.modules.cloth/package.ModuleCompilationTrigger using Guid(082fbee38a82835433261a5e9c00e267) (DefaultImporter) -> (artifact id: 'fb60fe65bd12026494280cd2600d4c8d') in 0.0007921 seconds
Start importing Packages/com.unity.modules.androidjni/package.ModuleCompilationTrigger using Guid(c82e859b16636ddd2ca4a1f63fd34938) (DefaultImporter) -> (artifact id: '28e4fd36d397729ef98ce8a6b5fe53a2') in 0.0008312 seconds
Start importing Packages/com.unity.modules.director/package.ModuleCompilationTrigger using Guid(c88e90bad18cceb5d182d0c805883056) (DefaultImporter) -> (artifact id: '8e742e385eae214c44fd937134cf600f') in 0.0007658 seconds
Start importing Packages/com.unity.modules.wind/package.ModuleCompilationTrigger using Guid(2adec19fac7df68adf1fd6eb83197bb1) (DefaultImporter) -> (artifact id: '7db7181525b7da8ee072e519f9529aab') in 0.0009207 seconds
Start importing Packages/com.unity.modules.uielements/package.ModuleCompilationTrigger using Guid(8a752aaaadd2410dd9a84e01c1bace9f) (DefaultImporter) -> (artifact id: 'ae37e7f0f1483578fc0d8d28fd17e0e2') in 0.0008481 seconds
Start importing Packages/com.unity.modules.umbra/package.ModuleCompilationTrigger using Guid(1b6246f2248883964991eac9e9b4817c) (DefaultImporter) -> (artifact id: 'd1507e2ccffaa842e8d211f5b4e1425f') in 0.0007976 seconds
Start importing Packages/com.unity.modules.terrainphysics/package.ModuleCompilationTrigger using Guid(cbb1a39d56ce4d9ac1a46ac505893fa7) (DefaultImporter) -> (artifact id: '8d1d3ac1946fa5f9233e968059d3fb13') in 0.0007217 seconds
Start importing Packages/com.unity.modules.animation/package.ModuleCompilationTrigger using Guid(db8e609a39b9b231fccc54e5fa4cbd1b) (DefaultImporter) -> (artifact id: '76194af19b6b83e46d258b902c79f26f') in 0.0007046 seconds
Start importing Packages/com.unity.modules.physics/package.ModuleCompilationTrigger using Guid(5c1ee4056d0ac7ad3c5a16597fcaa38a) (DefaultImporter) -> (artifact id: '288b7a03d6481d4e92cee0ae908758ad') in 0.0010849 seconds
Start importing Packages/com.unity.modules.subsystems/package.ModuleCompilationTrigger using Guid(8d4bc6bfa28760b29f13174d6b6ea710) (DefaultImporter) -> (artifact id: '86683c86d6892e456463f75256ee724d') in 0.0009497 seconds
Start importing Packages/com.unity.modules.screencapture/package.ModuleCompilationTrigger using Guid(cd561f5f687aed43bf280c27a84f79e3) (DefaultImporter) -> (artifact id: '9675ccd07d8427f33d815eef637fd3c3') in 0.0009523 seconds
Start importing Packages/com.unity.modules.unitywebrequestwww/package.ModuleCompilationTrigger using Guid(ae87256f29d9c8b50490f4caf75b2c41) (DefaultImporter) -> (artifact id: '8a97098fbd52b5ae1a5755ce8a67debb') in 0.001084 seconds
Start importing Packages/com.unity.modules.imgui/package.ModuleCompilationTrigger using Guid(be13c398521e3c1ad21fb9da30ab2ab6) (DefaultImporter) -> (artifact id: 'ea0574aa05344c7e80357502346d73fc') in 0.00115 seconds
Start importing Packages/com.unity.modules.physics2d/package.ModuleCompilationTrigger using Guid(fe6a6957b37b61417b457a1e0541791d) (DefaultImporter) -> (artifact id: 'a5a6ae7d64235baf32ceb35097cc3c10') in 0.000854 seconds
Refreshing native plugins compatible for Editor in 1.74 ms, found 4 plugins.
Missing types referenced from component UniversalRenderPipelineGlobalSettings on game object UniversalRenderPipelineGlobalSettings:
	UnityEngine.PathTracing.Core.WorldRenderPipelineResources, Unity.PathTracing.Runtime (1 object)
Native extension for Android target not found
Native extension for WindowsStandalone target not found
[MODES] ModeService[none].Initialize
[MODES] ModeService[none].LoadModes
[MODES] Loading mode Default (0) for mode-current-id-契灵回响
<RI> Initializing input.
Using Windows.Gaming.Input
<RI> Input initialized.
[NATURAL-PLAY] game view portrait index=7
UnityEngine.Debug:ExtractStackTraceNoAlloc (byte*,int,string)
UnityEngine.StackTraceUtility:ExtractStackTrace ()
UnityEngine.DebugLogHandler:Internal_Log (UnityEngine.LogType,UnityEngine.LogOption,string,UnityEngine.Object)
UnityEngine.DebugLogHandler:LogFormat (UnityEngine.LogType,UnityEngine.Object,string,object[])
UnityEngine.Logger:Log (UnityEngine.LogType,object)
UnityEngine.Debug:Log (object)
Resonance.EditorTools.NaturalPlaySmoke:FocusPortraitGameView () (at Assets/Editor/Smoke/NaturalPlaySmoke.cs:247)
Resonance.EditorTools.NaturalPlaySmoke:TryEnterPlay () (at Assets/Editor/Smoke/NaturalPlaySmoke.cs:196)
Resonance.EditorTools.NaturalPlaySmoke:RequestRun (string) (at Assets/Editor/Smoke/NaturalPlaySmoke.cs:133)
Resonance.EditorTools.NaturalPlaySmoke:TryArmFromCommandLine () (at Assets/Editor/Smoke/NaturalPlaySmoke.cs:101)
Resonance.EditorTools.NaturalPlaySmoke:.cctor () (at Assets/Editor/Smoke/NaturalPlaySmoke.cs:34)
System.Runtime.CompilerServices.RuntimeHelpers:RunClassConstructor (System.RuntimeTypeHandle)
UnityEditor.EditorAssemblies:ProcessInitializeOnLoadAttributes (System.Type[])

(Filename: Assets/Editor/Smoke/NaturalPlaySmoke.cs Line: 247)

[NATURAL-PLAY] entering play mode
UnityEngine.Debug:ExtractStackTraceNoAlloc (byte*,int,string)
UnityEngine.StackTraceUtility:ExtractStackTrace ()
UnityEngine.DebugLogHandler:Internal_Log (UnityEngine.LogType,UnityEngine.LogOption,string,UnityEngine.Object)
UnityEngine.DebugLogHandler:LogFormat (UnityEngine.LogType,UnityEngine.Object,string,object[])
UnityEngine.Logger:Log (UnityEngine.LogType,object)
UnityEngine.Debug:Log (object)
Resonance.EditorTools.NaturalPlaySmoke:TryEnterPlay () (at Assets/Editor/Smoke/NaturalPlaySmoke.cs:197)
Resonance.EditorTools.NaturalPlaySmoke:RequestRun (string) (at Assets/Editor/Smoke/NaturalPlaySmoke.cs:133)
Resonance.EditorTools.NaturalPlaySmoke:TryArmFromCommandLine () (at Assets/Editor/Smoke/NaturalPlaySmoke.cs:101)
Resonance.EditorTools.NaturalPlaySmoke:.cctor () (at Assets/Editor/Smoke/NaturalPlaySmoke.cs:34)
System.Runtime.CompilerServices.RuntimeHelpers:RunClassConstructor (System.RuntimeTypeHandle)
UnityEditor.EditorAssemblies:ProcessInitializeOnLoadAttributes (System.Type[])

(Filename: Assets/Editor/Smoke/NaturalPlaySmoke.cs Line: 197)

ScheduleIndexationOnStartup MainProcess:True IndexOnStartup:True
Mono: successfully reloaded assembly
- Finished resetting the current domain, in  4.559 seconds
Domain Reload Profiling: 5706ms
	BeginReloadAssembly (390ms)
		ExecutionOrderSort (0ms)
		DisableScriptedObjects (33ms)
		BackupInstance (0ms)
		ReleaseScriptingObjects (0ms)
		CreateAndSetChildDomain (157ms)
	RebuildCommonClasses (49ms)
	RebuildNativeTypeToScriptingClass (17ms)
	initialDomainReloadingComplete (39ms)
	LoadAllAssembliesAndSetupDomain (652ms)
		LoadAssemblies (520ms)
		RebuildTransferFunctionScriptingTraits (0ms)
		AnalyzeDomain (280ms)
			TypeCache.Refresh (213ms)
				TypeCache.ScanAssembly (168ms)
			BuildScriptInfoCaches (50ms)
			ResolveRequiredComponents (14ms)
	FinalizeReload (4560ms)
		ReleaseScriptCaches (0ms)
		RebuildScriptCaches (0ms)
		SetupLoadedEditorAssemblies (4230ms)
			LogAssemblyErrors (0ms)
			InitializePlatformSupportModulesInManaged (49ms)
			SetLoadedEditorAssemblies (5ms)
			BeforeProcessingInitializeOnLoad (193ms)
			ProcessInitializeOnLoadAttributes (3870ms)
			ProcessInitializeOnLoadMethodAttributes (98ms)
			AfterProcessingInitializeOnLoad (15ms)
			EditorAssembliesLoaded (0ms)
		ExecutionOrderSort2 (0ms)
		AwakeInstancesAfterBackupRestoration (30ms)
Start importing Library/BuildPlayer.prefs using Guid(00000000000000005000000000000000) (DefaultImporter) -> (artifact id: '083d37eb6b0e82b8f5c1ec86344d848d') in 0.0083957 seconds
Start importing Assets/_Recovery/0.unity using Guid(a4b3ac54e63f0cf4d89b7e5ffa9a132d) (DefaultImporter) -> (artifact id: 'd5f84898823a496a43055baafc826b71') in 0.0010268 seconds
Start importing Assets/EmeraldBunny/EmeraldBunnyPreview.unity using Guid(b5d23ee43d639f54fb125759fea0dde0) (DefaultImporter) -> (artifact id: 'eaef5b7df92712e131e46f30313fc986') in 0.0008441 seconds
Start importing Assets/_Recovery/0 (1).unity using Guid(fae2b72fa8eb78241ac5522d7fb74e9c) (DefaultImporter) -> (artifact id: 'fcbcdd512ec35c90a0c75e2bd9e3187c') in 0.0011331 seconds
Start importing Assets/Scenes/Boot.unity using Guid(8f4a1c2e9b7d4e6a8c1d2e3f4a5b6c7d) (DefaultImporter) -> (artifact id: '8950643a32aacd73593df84159f49612') in 0.0012065 seconds
Start importing Packages/com.unity.collections/Unity.Collections/NativeText.tt using Guid(50504580bca9eb0409fcceea1af68eb5) (DefaultImporter) -> (artifact id: 'a5109bcf497466eced9f00ce7e1e162b') in 0.0042551 seconds
Start importing Assets/Plugins/Android/gradleTemplate.properties using Guid(a1b2c3d4e5f6789012345678abcdef01) (DefaultImporter) -> (artifact id: '064ff2b0047e69bb5e027ad7f321e74a') in 0.0055743 seconds
Start importing Packages/com.unity.collections/Unity.Collections/FixedList.tt using Guid(f16da17e34bf5f149a196c3f6b32e37f) (DefaultImporter) -> (artifact id: 'b0d35de269c5038227fa7d1e35e21ec0') in 0.0010303 seconds
Start importing Assets/Plugins/Android/settingsTemplate.gradle using Guid(c3d4e5f6789012345678abcdef012345) (DefaultImporter) -> (artifact id: '1d79429fcaa9bf1cf61c95b800cad3de') in 0.0043743 seconds
Start importing Packages/com.unity.collections/Unity.Collections/FixedStringFormat.tt using Guid(059659011adc4f67a43b9d9bcc5dfd01) (DefaultImporter) -> (artifact id: 'c2bf2f25fd87d9e9e655855a1a78df75') in 0.0010386 seconds
Start importing Assets/Plugins/Android/gradleTemplate.properties.backup using Guid(46376a6d0f87cf94c8def5466f11de86) (DefaultImporter) -> (artifact id: '61aa57084104bb4e60f861dee51002d2') in 0.0034993 seconds
Start importing Packages/com.unity.collections/Unity.Collections.Tests/NativeSortTests.tt using Guid(175a9e4a17bf01748b02c5c1c653d091) (DefaultImporter) -> (artifact id: '48786ca6fcdf4c10dffeb4bcc9a82c22') in 0.0009925 seconds
Start importing Packages/com.unity.collections/Unity.Collections.Tests/FixedListTests.tt using Guid(775a8d1badc640e45a6030c3822a83d7) (DefaultImporter) -> (artifact id: 'b6f53d34cbfd07c22ecf5258a312e45f') in 0.0008462 seconds
Start importing Packages/com.unity.collections/Unity.Collections/FixedString.tt using Guid(0a845769eb1dc4f459f64e5c840d07de) (DefaultImporter) -> (artifact id: '90f88b549fef6887d60185cb9ee8b627') in 0.0012785 seconds
Start importing Packages/com.unity.collections/Unity.Collections.Tests.Playmode/FixedListPlayModeTests.tt using Guid(6a88e2cd1798bb445bc5517141684031) (DefaultImporter) -> (artifact id: '6864a3673eab7794683583d65b588122') in 0.0010235 seconds
Start importing Packages/com.unity.collections/Unity.Collections.Tests/FixedStringSizedTests.tt using Guid(0be05385fc513c143a5b5249b7ad6211) (DefaultImporter) -> (artifact id: 'a06b9c84b7d3325c563d6da495050ce2') in 0.0010079 seconds
Start importing Packages/com.unity.collections/Unity.Collections/UnsafeParallelHashSetExtensions.tt using Guid(dbd3ca1753e44d04dbf3e27c3cfa4a1b) (DefaultImporter) -> (artifact id: '2450845c49fc2915713c347301baf1c3') in 0.0009624 seconds
Start importing Packages/com.unity.collections/Unity.Collections/FixedStringFormatMethods.tt using Guid(0cdef7b1946241588e9a3b52426940e4) (DefaultImporter) -> (artifact id: '4aaec8cf46a2ac790c1ffb0424c948f1') in 0.0011883 seconds
Start importing Packages/com.unity.ugui/Package Resources/TMP Examples & Extras.unitypackage using Guid(bc00e25696e4132499f56528d3fed2e3) (DefaultImporter) -> (artifact id: '36912524d77e494bff28eadb6545a86b') in 0.0025078 seconds
Start importing Packages/com.unity.collections/Unity.Collections.Tests/NativeParallelHashSetTests.tt using Guid(edf89c00aa475ae48a7726b87fc0f00c) (DefaultImporter) -> (artifact id: '80855216be0f0b58845ccbe35203f4dc') in 0.0010095 seconds
Start importing Packages/com.unity.collections/Unity.Collections.Tests/NativeHashSetTests.tt using Guid(bead43d474a87b742a2b136a8b41e26b) (DefaultImporter) -> (artifact id: 'd77850a3bcfba80d2c1d63a52b83c311') in 0.0009792 seconds
Start importing Packages/com.unity.ugui/Package Resources/TMP Essential Resources.unitypackage using Guid(ce4ff17ca867d2b48b5c8a4181611901) (DefaultImporter) -> (artifact id: 'c9b9d0e8e0d8a5df2fad0e13885ca7c4') in 0.0010275 seconds
Start importing Packages/com.unity.collections/Unity.Collections/NativeParallelHashSetExtensions.tt using Guid(6f9fa81af98728e4f8a0db3762124ff9) (DefaultImporter) -> (artifact id: '72a334b9489f4089aca6e542c7265419') in 0.0010526 seconds
Start importing Packages/com.unity.render-pipelines.universal/Editor/SceneTemplates/Basic.unity using Guid(e026d555eae824f65922633f37a14385) (DefaultImporter) -> (artifact id: '9f1bdaeb34bb7108b0481dfc9aaf52b7') in 0.0010328 seconds
Start importing Packages/com.unity.render-pipelines.universal/Editor/SceneTemplates/Indoors.unity using Guid(41b58a5346e82e4489f95a96a01905f4) (DefaultImporter) -> (artifact id: '1fcb82346aa8fbbcaecf0b86e24ffdda') in 0.0010002 seconds
Start importing Packages/com.unity.render-pipelines.universal/Editor/Terrain/TerrainBaseMapGenPass.template using Guid(4288d0244223deb429fef72cf614023d) (DefaultImporter) -> (artifact id: '5c651352aced87e2ebb525660059efa6') in 0.0040903 seconds
Start importing Packages/com.unity.mathematics/Unity.Mathematics/Noise/README using Guid(16687ba1ea1804a9fb7cb7c2410eab23) (DefaultImporter) -> (artifact id: '2929125107863164c206a89898b66aa5') in 0.0013146 seconds
Start importing Packages/com.unity.shadergraph/Editor/Importers/_.sgsubgraphdb using Guid(b7e9b48c3a9534782bdc85af295da963) (DefaultImporter) -> (artifact id: '5e78dbb5d8e92a3919b74b1976316e70') in 0.0072866 seconds
Start importing Packages/com.unity.ide.visualstudio/Editor/VSWhere/vswhere.exe using Guid(585c3fb85b32bd64e8814074e754163e) (DefaultImporter) -> (artifact id: '7ca1d7ea37c1153a3b01c9dd9e8e3c8d') in 0.007568 seconds
Start importing Packages/com.unity.mathematics/Unity.Mathematics/Noise/LICENSE using Guid(e8895079ca68e498482a3075d7e34508) (DefaultImporter) -> (artifact id: '2ccf915d0b12a895d154feb6c9e1bfa4') in 0.0017104 seconds
Start importing Packages/com.unity.render-pipelines.universal/Editor/Decal/DecalPass.template using Guid(39262bb9f1f65f040aefacd75fbd0e47) (DefaultImporter) -> (artifact id: '4b3f04044713a2446f12346afbea8e29') in 0.0016942 seconds
Start importing Packages/com.unity.render-pipelines.universal/Editor/SceneTemplates/Standard.unity using Guid(5cae0d87369a2405eaa962b8d920b947) (DefaultImporter) -> (artifact id: '2acbe8b6e0af239b657d2bb8c96cc16d') in 0.0012401 seconds
Start importing Packages/com.unity.2d.sprite/Editor/Assets/SpriteEditorWindowDefault.overlay using Guid(6d70958817ddd43678a10b02a1aa4cdd) (DefaultImporter) -> (artifact id: 'f9756d37b3eec6e067a99ba748460ac8') in 0.0062521 seconds
Start importing Packages/com.unity.render-pipelines.core/Editor/CustomRenderTexture/CustomRenderTextureShader.template using Guid(6e1b69fb677bd95439f31bff8ca1c431) (DefaultImporter) -> (artifact id: '577601bc5d32ed10fd71da48720c6efc') in 0.0010961 seconds
Start importing Packages/com.unity.render-pipelines.universal/Editor/Terrain/TerrainPass.template using Guid(bf34598b1ba253f4ab82fc5cffbed1ba) (DefaultImporter) -> (artifact id: 'ec31e110522690b3ca3251213ae8cd18') in 0.0010229 seconds
Start importing Packages/com.unity.render-pipelines.universal/Editor/ShaderGraph/Templates/ShaderPass.template using Guid(e0c1f3f375c6ee44da3982445ffb92a4) (DefaultImporter) -> (artifact id: '6bda623a03180ed25f09d4204d82682b') in 0.0012285 seconds
Start importing Packages/com.unity.render-pipelines.universal/Editor/VFXGraph/Shaders/VFXLit.template using Guid(b182b2f5194c5574eb1983f8bb8b3d04) (DefaultImporter) -> (artifact id: 'bad72b1e0ad09877d4b16acfa3e1fcad') in 0.0012834 seconds
Start importing Packages/com.unity.render-pipelines.universal/Editor/VFXGraph/Shaders/VFXDecal.template using Guid(d422a258210649e8bf5d57f759d8e5da) (DefaultImporter) -> (artifact id: '930ad73bba90316b0bae1fd0ace2618a') in 0.0011799 seconds
Start importing Packages/com.unity.render-pipelines.universal/Editor/VFXGraph/Shaders/VFXLitVaryings.template using Guid(56fd66c66c0d99848be7cc4829d45942) (DefaultImporter) -> (artifact id: 'f02bbf5928f76a646d0da95e8afc71e3') in 0.0010561 seconds
Start importing Packages/com.unity.render-pipelines.universal/Editor/VFXGraph/Shaders/VFXVertexProbeSampling.template using Guid(89944a86d17a433682835ec4b89dc07f) (DefaultImporter) -> (artifact id: 'a55d4e41d492c332f5be39ab7074eee0') in 0.0026942 seconds
Start importing Packages/com.unity.ide.visualstudio/Editor/COMIntegration/Release/COMIntegration.exe using Guid(cb67edc1800c2ec4ba8dfb1cf0dfc84a) (DefaultImporter) -> (artifact id: 'dae61c5108a73af8cfb7b0def4d32a62') in 0.0103162 seconds
Start importing Packages/com.unity.render-pipelines.universal/Editor/VFXGraph/Shaders/VFXSGSurfaceData.template using Guid(4c72c43322666bd4dbe58de9815b0639) (DefaultImporter) -> (artifact id: '7b7c96c8cae3620e4a88488b9c195b56') in 0.0076896 seconds
Start importing Packages/com.unity.shadergraph/Editor/Generation/Templates/PassMesh.template using Guid(1d356e56081caed46bb576bcdf392666) (DefaultImporter) -> (artifact id: '09c2e7d96225254d319c128e60dfeb06') in 0.0065949 seconds
Start importing Packages/com.unity.render-pipelines.universal/Editor/VFXGraph/Shaders/VFXPasses.template using Guid(3d707c2c34101af48b8dc0b38ea50a1f) (DefaultImporter) -> (artifact id: 'c452ea6340a1b92d788317df7cd68f74') in 0.0085037 seconds
Start importing Packages/com.unity.render-pipelines.universal/Editor/VFXGraph/Shaders/VFXDecalVaryings.template using Guid(5fa2eae08a4a4852be54781bb3cf5736) (DefaultImporter) -> (artifact id: 'f8c0d5abc5cfec9d7fdc542aa2e93477') in 0.0015975 seconds
Start importing Packages/com.unity.render-pipelines.universal/Editor/VFXGraph/Shaders/Templates/VFXParticleMeshes.template using Guid(e1c9418ea80ea1f438a3b984293b811c) (DefaultImporter) -> (artifact id: '84a0a376d13b393e302487300ecb44f0') in 0.0021699 seconds
Start importing Packages/com.unity.render-pipelines.universal/Editor/VFXGraph/Shaders/Templates/VFXParticleLinesSW.template using Guid(349d67d896d33a54181e800b229b65ec) (DefaultImporter) -> (artifact id: '09c34b7bd80251814a71811c69ad587d') in 0.0012011 seconds
Start importing Packages/com.unity.render-pipelines.universal/Editor/VFXGraph/Shaders/Templates/VFXParticleBasicCube.template using Guid(6400081753199864e8880210a0c8ce24) (DefaultImporter) -> (artifact id: 'e2393cc3df9c4406cf269120455fd39b') in 0.0014048 seconds
Start importing Packages/com.unity.render-pipelines.universal/Editor/VFXGraph/Shaders/Templates/VFXParticleCube.template using Guid(16b454c8be4c1854fab1aa702812af16) (DefaultImporter) -> (artifact id: 'ee68e76b43db32a76c1779907168a5d3') in 0.0012642 seconds
Start importing Packages/com.unity.render-pipelines.universal/Editor/VFXGraph/Shaders/Templates/VFXParticleLitPlanarPrimitive.template using Guid(571ac9b288ab81e4c9c3aad150d6cb3e) (DefaultImporter) -> (artifact id: 'b76aa4ef9fa1d1062e93887e2d1d0883') in 0.001438 seconds
Start importing Packages/com.unity.render-pipelines.universal/Editor/VFXGraph/Shaders/Templates/VFXParticlePoints.template using Guid(677f238dc37937045b856e9468e21666) (DefaultImporter) -> (artifact id: '3998e5f2e93d0711504d6a38b7c00d7c') in 0.0012506 seconds
Start importing Packages/com.unity.render-pipelines.universal/Editor/VFXGraph/Shaders/Templates/VFXParticleURPDecal.template using Guid(c7a8c3a8c44540639fe72b8ba1c8d176) (DefaultImporter) -> (artifact id: '4b19c7e034c2ebe4961bab1279edceb5') in 0.0010879 seconds
Start importing Packages/com.unity.render-pipelines.universal/Editor/VFXGraph/Shaders/Templates/VFXParticleDecal.template using Guid(b8fd50c1927bb714b8fe5141cb40f34a) (DefaultImporter) -> (artifact id: '573d12330f8280a50e77efd51834763d') in 0.0012723 seconds
Start importing Packages/com.unity.render-pipelines.universal/Editor/VFXGraph/Shaders/Templates/VFXParticleLinesHW.template using Guid(1c9e0e166435ac24eacc5a8f047aff75) (DefaultImporter) -> (artifact id: '019d5ce01901152435803675b00f96f5') in 0.001557 seconds
Start importing Packages/com.unity.render-pipelines.universal/Editor/VFXGraph/Shaders/Templates/VFXPassDepthCommonFragmentLit.template using Guid(5e151e0faedc4a8ea681032f3bd79061) (DefaultImporter) -> (artifact id: '526f0464b3769fc48d4fe931feb60497') in 0.0012787 seconds
Start importing Packages/com.unity.render-pipelines.universal/Editor/VFXGraph/Shaders/Templates/VFXParticleLitMesh.template using Guid(7edabebf429ea534a8a5bbdf10b327d1) (DefaultImporter) -> (artifact id: 'c7835fc2e7c51394319b8feba76cc469') in 0.0011025 seconds
Start importing Packages/com.unity.shadergraph/Editor/Generation/Targets/CustomRenderTexture/CustomTextureSubShader.template using Guid(afa536a0de48246de92194c9e987b0b8) (DefaultImporter) -> (artifact id: 'a80c640364d273ee5c5f6ce4c327de7a') in 0.0013281 seconds
Start importing Packages/com.unity.render-pipelines.universal/Editor/VFXGraph/Shaders/Templates/VFXParticlePlanarPrimitive.template using Guid(bf2c8e09bda2786468d6b49e9f5422bb) (DefaultImporter) -> (artifact id: '23af9de992097ef304d75d1c380533df') in 0.0012264 seconds
Start importing Packages/com.unity.render-pipelines.universal/Editor/VFXGraph/Shaders/Templates/URPDecal/PassScreenSpace.template using Guid(4059f0b867f24f38b3d2baed5de3cc8c) (DefaultImporter) -> (artifact id: '07a60572266019ed67ff1532c68ebb13') in 0.0010893 seconds
Start importing Packages/com.unity.render-pipelines.universal/Editor/VFXGraph/Shaders/Templates/ParticlePlanarPrimitivesLit/PassVelocity.template using Guid(40cf578c410cce34895b4a55f12d31d1) (DefaultImporter) -> (artifact id: 'f6f7f4d542a1086c504babab28cab307') in 0.0013908 seconds
Start importing Packages/com.unity.render-pipelines.universal/Editor/VFXGraph/Shaders/Templates/ParticlePlanarPrimitives/PassForward2D.template using Guid(60e6c40c533c7ed4fbf6a90081f0e415) (DefaultImporter) -> (artifact id: '970420d39c3869852cdff492506749d1') in 0.0015781 seconds
Start importing Packages/com.unity.render-pipelines.universal/Editor/VFXGraph/Shaders/Templates/ParticlePoints/PassForward2D.template using Guid(909b99072e12b6248b33e572f4c04095) (DefaultImporter) -> (artifact id: '09cc7a28825484331710ceb0967a1ff0') in 0.0012705 seconds
Start importing Packages/com.unity.render-pipelines.universal/Editor/VFXGraph/Shaders/Templates/ParticlePlanarPrimitivesLit/PassSelection.template using Guid(01ac01709d809ff46966b98b9ec1104d) (DefaultImporter) -> (artifact id: '181618a4b5ec974888f42ddd08435b51') in 0.0011104 seconds
Start importing Packages/com.unity.render-pipelines.universal/Editor/VFXGraph/Shaders/Templates/ParticleMeshesLit/PassSelection.template using Guid(915f7a9ae9b5ab542b48b313dbf0489c) (DefaultImporter) -> (artifact id: '935caa3e58fc7b527a8e18dcf804b0d3') in 0.0013977 seconds
Start importing Packages/com.unity.render-pipelines.universal/Editor/VFXGraph/Shaders/Templates/URPDecal/PassDBuffer.template using Guid(b1a0121f4ab34ed9a0480537b0f8e6f5) (DefaultImporter) -> (artifact id: 'bad844d47b87afc232c9852eafbe1644') in 0.0012026 seconds
Start importing Packages/com.unity.render-pipelines.universal/Editor/VFXGraph/Shaders/Templates/ParticleLinesSW/PassForward2D.template using Guid(526188e7c1965614aa36043f95c18390) (DefaultImporter) -> (artifact id: '744592bda9a31e478ebe708b1c98ada8') in 0.000966 seconds
Start importing Packages/com.unity.render-pipelines.universal/Editor/VFXGraph/Shaders/Templates/URPDecal/PassGBuffer.template using Guid(92bae492fd0c48fca15a3c15dc732416) (DefaultImporter) -> (artifact id: '51f5a05fc163c6dd87c66c22d51b9664') in 0.0008811 seconds
Start importing Packages/com.unity.render-pipelines.universal/Editor/VFXGraph/Shaders/Templates/ParticleMeshesLit/PassDepth.template using Guid(23f922a362522a540b38b85bb2a5353f) (DefaultImporter) -> (artifact id: '12ac5fcb2f97f770c3e57737a2de0281') in 0.0011104 seconds
Start importing Packages/com.unity.render-pipelines.universal/Editor/VFXGraph/Shaders/Templates/ParticleLines/PassForward2D.template using Guid(f3ec7f3c24cdbba49986aa6478b5867f) (DefaultImporter) -> (artifact id: 'ec9b43fad5b799cabf3a44d12f4ff06d') in 0.001155 seconds
Start importing Packages/com.unity.render-pipelines.universal/Editor/VFXGraph/Shaders/Templates/ParticlePlanarPrimitivesLit/PassDepthNormal.template using Guid(341677e7847d0874abedb1fc1748b2cf) (DefaultImporter) -> (artifact id: 'ff2a11c073eeabbe98497708bae4a133') in 0.001238 seconds
Start importing Packages/com.unity.render-pipelines.universal/Editor/VFXGraph/Shaders/Templates/ParticleMeshesLit/PassDepthNormal.template using Guid(75feef1dfebc40e4697124cb20d3f4fe) (DefaultImporter) -> (artifact id: 'da99c9a692059cdcb6d1a5de2fe88c34') in 0.0011351 seconds
Start importing Packages/com.unity.render-pipelines.universal/Editor/VFXGraph/Shaders/Templates/ParticleMeshesLit/PassDepthOrMV.template using Guid(a55128324929eba40884977cd5c1669e) (DefaultImporter) -> (artifact id: 'b6da10492e111421945f3c9480373e26') in 0.0012716 seconds
Start importing Packages/com.unity.render-pipelines.universal/Editor/VFXGraph/Shaders/Templates/ParticlePlanarPrimitivesLit/PassDepthOrMV.template using Guid(e54411f64dc2beb43998b9727f62fa32) (DefaultImporter) -> (artifact id: '04e1670fc44488c26218cd02fdc4220f') in 0.0012232 seconds
Start importing Packages/com.unity.render-pipelines.universal/Editor/VFXGraph/Shaders/Templates/ParticleMeshesLit/PassGBuffer.template using Guid(268a144f637cfd343e3952cf770998d5) (DefaultImporter) -> (artifact id: 'ccf142561e72b73477efc487f24fd6c2') in 0.001073 seconds
Start importing Packages/com.unity.render-pipelines.universal/Editor/VFXGraph/Shaders/Templates/ParticlePlanarPrimitivesLit/PassDepth.template using Guid(37d26d1c1d738be4cba8c98b84ff0da3) (DefaultImporter) -> (artifact id: 'aec52993caab66260b6595f3d5a327ce') in 0.0010799 seconds
Start importing Packages/com.unity.render-pipelines.universal/Editor/VFXGraph/Shaders/Templates/ParticleMeshesLit/Pass.template using Guid(77e942a6f106f7746bec78ed934de11a) (DefaultImporter) -> (artifact id: '795c475e9a008dd40323308636df20ae') in 0.0012207 seconds
Start importing Packages/com.unity.render-pipelines.universal/Editor/VFXGraph/Shaders/Templates/ParticleMeshesLit/PassForward.template using Guid(286d87cbf8c19c749b69078915c9be88) (DefaultImporter) -> (artifact id: '72411581046e9601a5b6e4c445d47389') in 0.001167 seconds
Start importing Packages/com.unity.shadergraph/Editor/Generation/Targets/UITK/Templates/PassUI.template using Guid(3b060531fe7ce41768321dd4c68d7f75) (DefaultImporter) -> (artifact id: '7bae337eea473b69add3b2b58b83ccb8') in 0.0010571 seconds
Start importing Packages/com.unity.render-pipelines.universal/Editor/VFXGraph/Shaders/Templates/ParticleMeshesLit/PassVelocity.template using Guid(4b313a234ad620945b078e06349d46f5) (DefaultImporter) -> (artifact id: '9013b313b9df6bdef8f4451ae6f4a4d7') in 0.0011663 seconds
Start importing Packages/com.unity.render-pipelines.universal/Editor/VFXGraph/Shaders/Templates/URPDecal/PassForwardEmissive.template using Guid(6ca5883cd45940728412e0fa8e22403c) (DefaultImporter) -> (artifact id: '39538623c4c97f2173c2ee02d45b034f') in 0.0011803 seconds
Start importing Packages/com.unity.render-pipelines.universal/Editor/VFXGraph/Shaders/Templates/ParticleMeshes/PassForward2D.template using Guid(ec0dd9ca912a8824590a57224cabd290) (DefaultImporter) -> (artifact id: 'b5f29d0f9148e28ab79d66b2b163c766') in 0.0016678 seconds
Start importing Packages/com.unity.render-pipelines.universal/Editor/VFXGraph/Shaders/Templates/ParticleHexahedron/PassForward2D.template using Guid(2d6519c74f7a7584685798d2431960f2) (DefaultImporter) -> (artifact id: 'd1c3696d1da1ee236da0edf3575f144f') in 0.0010131 seconds
Start importing Packages/com.unity.render-pipelines.universal/Editor/VFXGraph/Shaders/Templates/ParticlePlanarPrimitivesLit/PassShadowCaster.template using Guid(7d07176ae506b05458500c8aa695d90e) (DefaultImporter) -> (artifact id: '29c684e0508e2294bf1e0b591d0488e6') in 0.0041456 seconds
Start importing Packages/com.unity.shadergraph/Editor/Generation/Targets/Fullscreen/Templates/ShaderPass.template using Guid(0ed3a57e16f0259448e5b68a210e991a) (DefaultImporter) -> (artifact id: '78151dbd8272eaeb6b1df453b6a6db6d') in 0.00315 seconds
Start importing Packages/com.unity.render-pipelines.universal/Editor/VFXGraph/Shaders/Templates/ParticleMeshesLit/PassShadowCaster.template using Guid(9e62eb3c33b50c54badb6f7cd6eb7a8c) (DefaultImporter) -> (artifact id: 'a4b58c87e503ab7fb34a7fe05bd32e4e') in 0.0023714 seconds
Start importing Packages/com.unity.render-pipelines.universal/Editor/VFXGraph/Shaders/Templates/ParticlePlanarPrimitivesLit/PassGBuffer.template using Guid(9efeaf56a8f5826418111f0d669150c1) (DefaultImporter) -> (artifact id: 'f024adfe46ae11dee895345e8ad40b67') in 0.001788 seconds
Start importing Packages/com.unity.shadergraph/Editor/Generation/Targets/Canvas/Templates/PassUI.template using Guid(3fa60ca3757a4221b2b042165c4696fe) (DefaultImporter) -> (artifact id: '02341a1054ba2bad7c33655f8c614c91') in 0.0010686 seconds
Start importing Packages/com.unity.render-pipelines.universal/Editor/VFXGraph/Shaders/Templates/ParticlePlanarPrimitivesLit/PassForward.template using Guid(5fa54a2ce1bced448b6bd9cfcac6c25d) (DefaultImporter) -> (artifact id: 'e053bca6c3b718f4d082af0c7275f128') in 0.0010909 seconds
Start importing Packages/com.unity.shadergraph/Editor/Generation/Targets/BuiltIn/Editor/ShaderGraph/Templates/ShaderPass.template using Guid(37dc84a050227a648b8474dd029e1729) (DefaultImporter) -> (artifact id: 'a693b64109150471c0d06f5630441a30') in 0.0011809 seconds
Start importing Packages/com.unity.inputsystem/InputSystem/Editor/Icons/ChevronUp@3x.png using Guid(006305b616daf47409935f3dc8a172e2) (TextureImporter) -> (artifact id: '7d5a0ccee58234d0c59b6dd077ac82bf') in 0.0211656 seconds
Start importing Packages/com.unity.render-pipelines.core/Editor/PostProcessing/LensFlareResource/PolygonFlareThumbnail@2x.png using Guid(0047263fa58f91d49a61936e94358829) (TextureImporter) -> (artifact id: '57c67612274b84236dafc4651d95cae4') in 0.0144799 seconds
Start importing Packages/com.unity.2d.animation/Editor/Assets/ComponentIcons/Animation.IKFabrik On@64.png using Guid(009774248359949e3b9317677c6678da) (TextureImporter) -> (artifact id: '1bde8930131ce1838d337f98526e31eb') in 0.0463356 seconds
Start importing Packages/com.unity.render-pipelines.core/Editor/Icons/MipLevels/RenderGraphViewer/d_Resources@32.png using Guid(00a734322b2ba1249b58c24b688b3108) (TextureImporter) -> (artifact id: 'd1c996e7c97e0355bf4f33f6c7a6f659') in 0.0087014 seconds
Start importing Packages/com.unity.inputsystem/InputSystem/Editor/Icons/d_ChevronDown@2x.png using Guid(0068f400a72d84c92a1b8f5889a574b2) (TextureImporter) -> (artifact id: '0d2e57b38ad7decf17fdcb0fe4a57b2f') in 0.0073475 seconds
Start importing Packages/com.unity.2d.animation/Editor/Assets/EditorIcons/Dark/d_Copy@4x.png using Guid(00b8ce4a201871b498992f536279acf7) (TextureImporter) -> (artifact id: 'ba9cc7811cdecff3d5dd2165084385ac') in 0.0098991 seconds
Start importing Assets/EmeraldBunny/Art/lowerlidL.png using Guid(00596f6c9f86fbb43a324f1a1de1f490) (TextureImporter) -> (artifact id: 'afcf02104c7993ceef009d99f8272787') in 0.0264204 seconds
Start importing Packages/com.unity.2d.animation/Editor/Assets/EditorIcons/Selected/d_Bone.png using Guid(006a3adba8ff95144b4e779daa84bb7e) (TextureImporter) -> (artifact id: '1010d9fa2b016204d80445db8610aa3d') in 0.0119018 seconds
Start importing Packages/com.unity.2d.animation/Editor/Assets/EditorIcons/Light/Generate_Weights.png using Guid(007c4dbed3f8be9429c39de72ee3c2d7) (TextureImporter) -> (artifact id: '2abd094219ece2d90f0bdf6e78ad1c5f') in 0.0060975 seconds
Start importing Packages/com.unity.render-pipelines.universal/Textures/BlueNoise16/L/LDR_LLL1_23.png using Guid(10b6c6d22e73dea46a8ab36b6eebd629) (TextureImporter) -> (artifact id: '0cee0c4e8c8cae1fa62a0b65ba1a0dcb') in 0.0042057 seconds
Start importing Packages/com.unity.render-pipelines.universal/Textures/FilmGrain/Medium01.png using Guid(1097e90e1306e26439701489f391a6c0) (TextureImporter) -> (artifact id: '235b56780d9a8bfa30addad80d0dafa7') in 0.0110068 seconds
Start importing Packages/com.unity.2d.animation/Editor/Assets/EditorIcons/Dark/d_Parent_Bone@2x.png using Guid(1038032ed9d668e438d3f97dd8014cbb) (TextureImporter) -> (artifact id: '3535de74c1ca7075c2ed395abe3c4427') in 0.0089531 seconds
Start importing Packages/com.unity.render-pipelines.universal/Editor/2D/Resources/LightCapBottomRight.png using Guid(108e201829ab4214383a5467adbc0086) (TextureImporter) -> (artifact id: '21483da7d0b0ced33bf85445b85828d7') in 0.0055689 seconds
Start importing Packages/com.unity.inputsystem/InputSystem/Editor/Icons/Interactive Binding@2x.png using Guid(2027b97fd12d842d7a3169c784502a54) (TextureImporter) -> (artifact id: '8b35e7bfc3af9e54224741d6c458f8ee') in 0.0059245 seconds
Start importing Assets/EmeraldBunny/Art/leg_rear_calf.png using Guid(20ea3083c9bd73e419469e9795991c00) (TextureImporter) -> (artifact id: '458fa3d60f480c7d2a732db3f145fc52') in 0.0088712 seconds
Start importing Packages/com.unity.2d.sprite/Editor/ObjectMenuCreation/DefaultAssets/Textures/v2/Capsule.png using Guid(207ee8102dd4143d288186ef0be518ee) (TextureImporter) -> (artifact id: 'f30399b922ae15199392fe852e34dfc4') in 0.0175936 seconds
Start importing Packages/com.unity.render-pipelines.core/Editor/LookDev/Icons/CenterLight.png using Guid(3092b2985cafe0b43b1f02ce1d6829d5) (TextureImporter) -> (artifact id: '6dd77eb164082bc1d48b5f660155cea5') in 0.0265334 seconds
Start importing Packages/com.unity.2d.animation/Editor/Assets/ComponentIcons/Animation.SpriteLibrary.png using Guid(3024cb66f112f47f599953fe508d632f) (TextureImporter) -> (artifact id: '98cb135a27fb6f446a99597fe25f4344') in 0.0379838 seconds
Start importing Packages/com.unity.inputsystem/InputSystem/Editor/Icons/InputSystemUIInputModule@64.png using Guid(3028dc075ba8c584d9bc7d1e0255e038) (TextureImporter) -> (artifact id: '8841d41b0f2f123ba35348f8de77dc0e') in 0.0231135 seconds
Start importing Packages/com.unity.2d.animation/Editor/Assets/ComponentIcons/d_Animation.SpriteLibrary@256.png using Guid(30a9527ec1b074aca87fdc4fd12b0f0b) (TextureImporter) -> (artifact id: '6c00e55ab5085079c69e3bff8ad6b56f') in 0.0209822 seconds
Start importing Packages/com.unity.2d.animation/Editor/Assets/ComponentIcons/d_Animation.IKManager@32.png using Guid(305b8effee6b040328c293f518335b37) (TextureImporter) -> (artifact id: '89e225b32f4c3ba33b62765f5545e8be') in 0.0112539 seconds
Start importing Packages/com.unity.2d.animation/Editor/Assets/ComponentIcons/d_Animation.SpriteSkin@128.png using Guid(30cc8dc04de434864a26b5fc25a7a5a4) (TextureImporter) -> (artifact id: '3095d5e0cdf034b3dffedd650e39387d') in 0.0100694 seconds
Start importing Assets/EmeraldBunny/Art/cuff_right.png using Guid(30dc7408aba61bd4eaee759cbb78d902) (TextureImporter) -> (artifact id: '1d8cb894c5ac743752f4aeff908c778f') in 0.0115634 seconds
Start importing Packages/com.unity.2d.animation/Editor/Assets/EditorIcons/Dark/d_SetPivot16.png using Guid(30fd2fefe692f4f9db682596d88c3039) (TextureImporter) -> (artifact id: 'a409901ad815a6d69bb7bf74913e6806') in 0.019169 seconds
Start importing Packages/com.unity.render-pipelines.universal/Editor/2D/Resources/SceneViewIcons/ParametricLight.png using Guid(302e68dd45b9b2d4194ff0f7f454436f) (TextureImporter) -> (artifact id: 'ded15860d31b7aec1013573327021a7a') in 0.0249642 seconds
Start importing Packages/com.unity.render-pipelines.core/Editor/Lighting/Icons/d_LightPlacement_Icon On@64.png using Guid(304e9d79c27b32144a95e43dc6da80a2) (TextureImporter) -> (artifact id: '155a04bf34d497ac9c38cbd77d72d299') in 0.0093116 seconds
Start importing Assets/Resources/Art/Characters/C006/Layers/layer_body.png using Guid(40168586a41573aada3c8ab0f6189da6) (TextureImporter) -> (artifact id: '6a3efcbddee386459e8d56f5b6a000aa') in 0.2327903 seconds
Start importing Packages/com.unity.inputsystem/InputSystem/Editor/Icons/InputAction.png using Guid(40265a896a0f341bb956e90c59025a29) (TextureImporter) -> (artifact id: '4bac445b995ac4c361692e5061e05efb') in 0.0219405 seconds
Start importing Packages/com.unity.2d.animation/Editor/Assets/EditorIcons/Light/EditorUI.Filter@2x.png using Guid(40c6c4b2db0874b608f545e256a67283) (TextureImporter) -> (artifact id: '3c283ecc0bd213b2c84b6c266bdbafce') in 0.0203359 seconds
Start importing Packages/com.unity.2d.animation/Editor/Assets/ComponentIcons/Animation.IKCCD On.png using Guid(40ca859210cd04b62bbfe0e0d5696d3b) (TextureImporter) -> (artifact id: 'fdbfc2a53ec4fc3c3802388934189e67') in 0.0399714 seconds
Start importing Packages/com.unity.2d.animation/Editor/Assets/EditorIcons/Selected/Edit_Joints@2x.png using Guid(401d7863028c84a4988285a5389f1d79) (TextureImporter) -> (artifact id: 'f85c24f161500143cbd8df2eecf9fdeb') in 0.0201893 seconds
Start importing Packages/com.unity.2d.sprite/Editor/Assets/d_LockedOptions.png using Guid(40bde776259d14327bcda6275f7c21b3) (TextureImporter) -> (artifact id: 'f67657c662f3be8dd05bd6db271844fa') in 0.0116764 seconds
Start importing Assets/EmeraldBunny/Art/leg_rear_knee_lower_rear.png using Guid(5020ba4023810f349aefcf0babead13a) (TextureImporter) -> (artifact id: '991c127ad254cc38752285eb6699c4c3') in 0.0052181 seconds
Start importing Packages/com.unity.2d.animation/Editor/Assets/EditorIcons/Dark/d_Create_Vertex@3x.png using Guid(501233c9f1da3ef44b4ff7115f564d9b) (TextureImporter) -> (artifact id: '8bf75604e6fbdbce0542b938930594e4') in 0.0075959 seconds
Start importing Packages/com.unity.2d.animation/Editor/Assets/ComponentIcons/Animation.IKCCD On@128.png using Guid(50d3cd2f336704fcf9cf5b293c10ba9c) (TextureImporter) -> (artifact id: '75c9d09ce2e24a0f4ca05670c6979c40') in 0.0250587 seconds
Start importing Packages/com.unity.render-pipelines.core/Editor/LookDev/Icons/d_Layout2@2x.png using Guid(50f7a3e9878119a4da02f38cf05d75ba) (TextureImporter) -> (artifact id: 'ff96b352045bce6f65fb1393af959c16') in 0.0078242 seconds
Start importing Packages/com.unity.shadergraph/Editor/Resources/GraphView/Nodes/NodeChevronRight@2x.png using Guid(50cbcd05e61c4e54ea797ec88e91f1b0) (TextureImporter) -> (artifact id: '7cd5d480541b3bcf79195d2c65d62fcc') in 0.0062488 seconds
Start importing Packages/com.unity.2d.animation/Editor/Assets/EditorIcons/Selected/Paste.png using Guid(50eb3d76f731b5e46a7b8a0a52d93ef9) (TextureImporter) -> (artifact id: '3d6f5c6b7c2477aa8874b618ec729ac4') in 0.0061109 seconds
Start importing Packages/com.unity.render-pipelines.core/Editor/Lighting/Icons/LightUnitIcons/BlueSky.png using Guid(60d4d0573fefbf24198d33863004e7f9) (TextureImporter) -> (artifact id: '21b7fd17624d3a08930c7ea068ac187f') in 0.0071393 seconds
Start importing Packages/com.unity.2d.animation/Editor/Assets/EditorIcons/Dark/d_Sprite_Mode@3x.png using Guid(6027031a7453da24f95d0af9a2308c52) (TextureImporter) -> (artifact id: '40902d77ff4ae5dca3c7f40dc7b0b8df') in 0.0063115 seconds
Start importing Assets/Resources/Art/Characters/C006/Layers/layer_sword.png using Guid(60b7aaf82d7bbbee5510d09eaa461007) (TextureImporter) -> (artifact id: '66c748487aa32391d0ffdd44386480f4') in 0.0248653 seconds
Start importing Packages/com.unity.2d.animation/Editor/Assets/ComponentIcons/Animation.IKManager.png using Guid(60b8296fcb7d548fb845a621c6c4cbb9) (TextureImporter) -> (artifact id: '7b8c155132094d35a184aaa1a4129be0') in 0.0063602 seconds
Start importing Packages/com.unity.render-pipelines.core/Editor/Icons/RenderGraphViewer/d_MultipleUsage.png using Guid(60e80b0fa23ea904b92263803d64319c) (TextureImporter) -> (artifact id: 'a46cd56ce875aef6910cd6a230539bf6') in 0.0058219 seconds
Start importing Packages/com.unity.render-pipelines.core/Editor/LookDev/Icons/d_Camera1@2x.png using Guid(603d01d730be24147adda7897e463598) (TextureImporter) -> (artifact id: 'cf1b75149c28e0f3ec10696c1b8af8ce') in 0.0077483 seconds
Start importing Packages/com.unity.render-pipelines.universal/Editor/2D/Resources/SceneViewIcons/SpriteLight.png using Guid(70d16a5f04690d74ab9b1ddcbefd47bb) (TextureImporter) -> (artifact id: '84ef66bd48e4dc0dca2d9af2c2bc73fc') in 0.0089705 seconds
Start importing Packages/com.unity.2d.sprite/Editor/Assets/SpriteEditor@2x.png using Guid(7013f35dfb10340ecbb956ca7e17de0d) (TextureImporter) -> (artifact id: '1978fc8a296389271c65632dc9b201dc') in 0.0121367 seconds
Start importing Assets/EmeraldBunny/Art/leg_front_knee_lower_front.png using Guid(7065383cc40a2034b88b31a0912273b7) (TextureImporter) -> (artifact id: 'a30baff39bfdea156138c1d4f022b9e1') in 0.0104895 seconds
Start importing Packages/com.unity.2d.common/Path/Editor/Handles/TangentLinear.png using Guid(70769958773904c02bc91efe3db06047) (TextureImporter) -> (artifact id: 'f5dc8cd6fa61bbdee893f17273ac6562') in 0.0065593 seconds
Start importing Packages/com.unity.shadergraph/GraphTemplates/Cross Pipeline/UnlitParticleTemplateThumbnail.png using Guid(70e6da54cdf71264da5954a5fe327e3a) (TextureImporter) -> (artifact id: 'd719c890670705fe6d6dc70dc4fd71c0') in 0.1997524 seconds
Start importing Assets/EmeraldBunny/Art/spread_front_toe_3.png using Guid(707b3749b44432d42b7348d7048cd74e) (TextureImporter) -> (artifact id: 'b4dcf31a03ef20d7d78551b2d1392ce0') in 0.0053801 seconds
Start importing Packages/com.unity.render-pipelines.core/Editor/Icons/RenderGraphViewer/Resources@2x.png using Guid(701c4a9737150564681d632d05a7a83e) (TextureImporter) -> (artifact id: 'b4b831d7fc4dd3dab49447846b8b1c7a') in 0.00491 seconds
Start importing Packages/com.unity.render-pipelines.universal/Editor/ShaderGraph/GraphTemplates/UITKBasicTemplate.png using Guid(8052b80993fff1242975e48e123bb767) (TextureImporter) -> (artifact id: '95c0cbf057d98cce7c67c0a3ef3eea3a') in 0.1479684 seconds
Start importing Packages/com.unity.2d.animation/Editor/Assets/EditorIcons/Dark/d_Create_Vertex@2x.png using Guid(80a2a0d76c01997428d4213411145e8c) (TextureImporter) -> (artifact id: '96f59ec5775d63716dfe26b8164a89e6') in 0.0063947 seconds
Start importing Packages/com.unity.render-pipelines.core/Editor/LookDev/Icons/CenterLight@2x.png using Guid(8063050a249eef441beb8cbbd04c086c) (TextureImporter) -> (artifact id: 'c91a5a8a2bfadb0a636b9a5636be283f') in 0.0190352 seconds
Start importing Packages/com.unity.2d.animation/Editor/Assets/EditorIcons/Selected/Visibility_Tool@3x.png using Guid(8004118ba4145a74e823fedaa37acf3a) (TextureImporter) -> (artifact id: 'f2314841c4ad490dfb9ca8edd13b8191') in 0.006675 seconds
Start importing Packages/com.unity.render-pipelines.core/Editor/Lighting/Icons/LightUnitIcons/d_Overcast.png using Guid(80a48b3afafdc644fb4e3319f6f19fc8) (TextureImporter) -> (artifact id: 'ac0240c61182543783c72c7390d76b3e') in 0.004497 seconds
Start importing Packages/com.unity.render-pipelines.core/Editor/PostProcessing/LensFlareResource/CircleFlareThumbnail.png using Guid(80b74a073fa3027458f3b3ff5346f10b) (TextureImporter) -> (artifact id: '4f845b4f96cfd997a47ce4fe1f353a88') in 0.0049191 seconds
Start importing Packages/com.unity.2d.animation/Editor/Assets/EditorIcons/Selected/Sprite_Influence@2x.png using Guid(80f77a76467b24d1a856328afa989eb3) (TextureImporter) -> (artifact id: 'd596e99370827433b35fe7969f4adde1') in 0.0066407 seconds
Start importing Packages/com.unity.2d.animation/Editor/Assets/EditorIcons/Selected/d_Visibility_Hidded@4x.png using Guid(8008767850e870a4e8baaf5a6fc8b35c) (TextureImporter) -> (artifact id: 'aa222f7c6b5b89e7e64eacd416feb736') in 0.0072212 seconds
Start importing Packages/com.unity.2d.animation/Editor/Assets/ComponentIcons/Animation.SpriteLibraryManager@64.png using Guid(8018f7f22eae14c4b8c25d466fa0d8e8) (TextureImporter) -> (artifact id: 'b387ab00f127fb1ff160682a0e7477a6') in 0.0068096 seconds
Start importing Packages/com.unity.2d.animation/Editor/Assets/EditorIcons/Light/Create Bones@3x.png using Guid(803b0b9bfc1fd824aae8423bfbab83b4) (TextureImporter) -> (artifact id: '3850208a24023b3eb5bab4adc94daab9') in 0.0056858 seconds
Start importing Packages/com.unity.2d.animation/Editor/Assets/EditorIcons/Dark/d_Generate_Geometry@2x.png using Guid(80cc8d218dc9bee4091ecde845959866) (TextureImporter) -> (artifact id: '09092daf169ba1ae70739cd8c4e8a8d8') in 0.0059678 seconds
Start importing Packages/com.unity.2d.animation/Editor/Assets/EditorIcons/Light/Split_Edge.png using Guid(900065f34a33d2e478bf93a0191f68de) (TextureImporter) -> (artifact id: '8c2b73a5c0b3b4dcc66ad7f1bc04863d') in 0.0091889 seconds
Start importing Assets/EmeraldBunny/Art/toeAir5_lower_front.png using Guid(9040381aba0936b4d950d36e6c961b6d) (TextureImporter) -> (artifact id: 'efcf3a2601da6b64d12ab95c7229ac95') in 0.0080096 seconds
Start importing Assets/Resources/Art/Characters/C001/LiveLayers/layer_arm_r.png using Guid(90d1a843e42b18d44abb3d22f1aaeed4) (TextureImporter) -> (artifact id: 'b8415db7b830fc09bb30345918ab9379') in 0.0137957 seconds
Start importing Packages/com.unity.render-pipelines.core/Editor/LookDev/Icons/d_LeftArrow@2x.png using Guid(90335e5423c010749a50f906b965fa54) (TextureImporter) -> (artifact id: 'a82f91fe85424a94ad0417ffe87d9d47') in 0.0071238 seconds
Start importing Packages/com.unity.2d.animation/Editor/Assets/EditorIcons/Light/Generate_Geometry@3x.png using Guid(902d611ab43afe940bd891d4a3a480f3) (TextureImporter) -> (artifact id: 'e530f74c936bb713311e6ff35a6523b4') in 0.0081987 seconds
Start importing Assets/Resources/Art/Characters/C006/Layers/layer_hair_front.png using Guid(905d4c0f645a6be5931759170901a509) (TextureImporter) -> (artifact id: '67e390d96d92758684f20cc8fad06ad1') in 0.0271025 seconds
Start importing Packages/com.unity.2d.animation/Editor/Assets/EditorIcons/Light/Create_Vertex@2x.png using Guid(a0c33b3a6e0728343b29883d739f1322) (TextureImporter) -> (artifact id: '2e8ae751b3158e23c97b0504a3d02918') in 0.0061425 seconds
Start importing Assets/EmeraldBunny/Art/hair_rightlock.png using Guid(a0e3208ec647c9c438435c88bbcfd6bf) (TextureImporter) -> (artifact id: '639c5a57841e0bfa50efbd1ed2adc004') in 0.0067767 seconds
Start importing Packages/com.unity.2d.animation/Editor/Assets/ComponentIcons/d_Animation.IKFabrik@256.png using Guid(a0c5bb965b60545b79734ffd6ec9f124) (TextureImporter) -> (artifact id: '9f62bd2f81c70636f1cc8fb039df0156') in 0.0142631 seconds
Start importing Packages/com.unity.inputsystem/InputSystem/Editor/Icons/Mouse@4x.png using Guid(a0b78c5ab9d654a9daba91ff774b4931) (TextureImporter) -> (artifact id: '29e66d8646634a030c2e99e6433b01c4') in 0.0043505 seconds
Start importing Packages/com.unity.2d.animation/Editor/Assets/ComponentIcons/d_Animation.SpriteResolver@32.png using Guid(a069762eea60d4e26b7ec2518369623c) (TextureImporter) -> (artifact id: 'f68fc321d92f61d903391d92d130b898') in 0.0059576 seconds
Start importing Packages/com.unity.render-pipelines.core/Editor/Lighting/Icons/LightUnitIcons/ClearSky@2x.png using Guid(a01d783415aa03a449e3408eb92d8505) (TextureImporter) -> (artifact id: '18123999e8fcdbb8573e6034c97a5116') in 0.0053527 seconds
Start importing Packages/com.unity.inputsystem/InputSystem/Editor/Icons/InputActionAsset.png using Guid(b025a2a0f9e554d1e88a93b5649dfc3f) (TextureImporter) -> (artifact id: '094aac43b24e244de25783577d1e2475') in 0.0071742 seconds
Start importing Packages/com.unity.inputsystem/InputSystem/Editor/AssetEditor/PackageResources/pro/propertiesBackground.png using Guid(b02e3f0c0798a4f1789a89a7697660be) (TextureImporter) -> (artifact id: 'f64a1093ca46e1c4d09d0c2b4283cd97') in 0.0050085 seconds
Start importing Assets/Resources/Art/Characters/C001/SpineLayers/layer_body.png using Guid(c001b0d1e2f3456789a0b1c2d3e4f001) (TextureImporter) -> (artifact id: '9925a8252f6c32bbe07f70522c0f9107') in 1.6572677 seconds
Start importing Assets/Resources/Art/Characters/C001/SpineLayers/layer_hair_back.png using Guid(c001b0d1e2f3456789a0b1c2d3e4f002) (TextureImporter) -> (artifact id: '3937230739b4858dd6078a5a86cac3b0') in 0.7764358 seconds
Start importing Assets/Resources/Art/Characters/C001/SpineLayers/layer_hair_front.png using Guid(c001b0d1e2f3456789a0b1c2d3e4f003) (TextureImporter) -> (artifact id: '314e3513a5fbeeb18c3d427abcf260ce') in 0.6854666 seconds
Start importing Assets/Resources/Art/Characters/C001/SpineLayers/layer_hair_tip.png using Guid(c001b0d1e2f3456789a0b1c2d3e4f004) (TextureImporter) -> (artifact id: 'e02984dc166557054d9d7d1dea2914fd') in 0.5920195 seconds
Start importing Assets/Resources/Art/Characters/C001/SpineLayers/layer_sword.png using Guid(c001b0d1e2f3456789a0b1c2d3e4f005) (TextureImporter) -> (artifact id: '6fee6620030e26a861d8ae568461ebea') in 1.0365335 seconds
Start importing Assets/Resources/Art/Characters/C001/CubismLayers/body_base.png using Guid(c001b0d1ba5e0001a2b3c4d5e6f70809) (TextureImporter) -> (artifact id: 'bac1387315b70a8cb198152c0fe99dac') in 0.0539833 seconds
Start importing Packages/com.unity.2d.animation/Editor/Assets/ComponentIcons/d_Animation.SpriteLibraryManager@32.png using Guid(c07475be16e5e4093a78d5271ca3abfd) (TextureImporter) -> (artifact id: '68eb7b7e5d43d34918d0b3444b748aae') in 0.005799 seconds
Start importing Packages/com.unity.render-pipelines.core/Editor/Lighting/Icons/LightUnitIcons/Overcast.png using Guid(c0e6cc200fb1dda4388b13d9f5828d06) (TextureImporter) -> (artifact id: '2aa4dfd822a3a03ad2d21d6b19e4bf4a') in 0.0153374 seconds
Start importing Packages/com.unity.2d.animation/Editor/Assets/EditorIcons/Dark/d_Bone_Influence.png using Guid(c037c4c58e8d8c34ca9bf121abb7ee49) (TextureImporter) -> (artifact id: '7d94b2cecc30d822a01ebd49ba7c7ccb') in 0.0324296 seconds
Start importing Packages/com.unity.inputsystem/InputSystem/Editor/AssetEditor/PackageResources/pro/foldoutBackground.png using Guid(c0996bc290ff74bf4834f4a8b7dc8c3e) (TextureImporter) -> (artifact id: '823e6bf1c12a16a0c13235f333c69135') in 0.0065158 seconds
Start importing Packages/com.unity.render-pipelines.universal/Textures/BlueNoise256/LDR_LLL1_2.png using Guid(c06cc21c692f94f5fb5206247191eeee) (TextureImporter) -> (artifact id: 'a295ed66b7b623ef61902be246d6190d') in 0.0068802 seconds
Start importing Packages/com.unity.inputsystem/InputSystem/Editor/Icons/Axis@2x.png using Guid(d0006d51a864248adba0238883f8c71e) (TextureImporter) -> (artifact id: '67cf93b44fbecef60a653eee37255be9') in 0.0050757 seconds
Start importing Packages/com.unity.2d.animation/Editor/Assets/EditorIcons/Light/Parent_Bone@4x.png using Guid(d0604e80537a4ff4881a6182ae5afe7c) (TextureImporter) -> (artifact id: '1d3bb4412da10ba012825fde26852b3b') in 0.0105653 seconds
Start importing Packages/com.unity.2d.animation/Editor/Assets/EditorIcons/Dark/d_Generate_Geometry@3x.png using Guid(d0c7c8e72b5fcf84e9478a13bd449ae6) (TextureImporter) -> (artifact id: '4e4e679831d03b0c9cbd8c529d46814e') in 0.0174393 seconds
Start importing Packages/com.unity.2d.animation/Editor/Assets/EditorIcons/Dark/d_Generate_Weights@3x.png using Guid(d0e92ddf428f3da4abe78b8ef60e2a84) (TextureImporter) -> (artifact id: '819e2d7fadffbd30c9e17a5749934de9') in 0.0209542 seconds
Start importing Packages/com.unity.render-pipelines.core/Editor/Lighting/Icons/LightUnitIcons/d_SoftAreaLight@2x.png using Guid(e0171afec971f2343be8d5b4b14ab6eb) (TextureImporter) -> (artifact id: '1be6a27dc4f29328098776f9188bfe68') in 0.0089975 seconds
Start importing Packages/com.unity.searcher/Editor/Resources/FlatSkin/SearchSmallDownOff.png using Guid(e0f8b9d001b669a43b3c9f7b90891d96) (TextureImporter) -> (artifact id: '7044a724c5c40ad68cd0575d669b6f16') in 0.0058164 seconds
Start importing Packages/com.unity.shadergraph/GraphTemplates/DefaultTemplateImage.png using Guid(e079a17a0b2b93647a84cebdde8f3c21) (TextureImporter) -> (artifact id: '1c7267cdac9afde0765840d0109019f0') in 0.0559418 seconds
Start importing Packages/com.unity.inputsystem/InputSystem/Editor/Icons/d_Axis@4x.png using Guid(e01ab4b854c6d4fa3a8d869b67ecd643) (TextureImporter) -> (artifact id: '2c15532ca00248c6d8c10ef2c2fd2451') in 0.0076536 seconds
Start importing Packages/com.unity.ugui/Editor Resources/Textures/btn_AlignRight_Light.psd using Guid(e05ace3bd15740cda0bad60d89092a5b) (TextureImporter) -> (artifact id: '23aa5cfe9279c56f1e23e579f45f0400') in 0.0191054 seconds
Start importing Assets/Resources/Art/Characters/C001/preview_new.before_tiles.png using Guid(e06c76364307d104db5e06c9d60525b7) (TextureImporter) -> (artifact id: '8e9422b464f4c94baa4dea3d833abb06') in 0.3193027 seconds
Start importing Packages/com.unity.render-pipelines.core/Editor/LookDev/Icons/LeftArrow@2x.png using Guid(f0106cef986be534181a8582cffd29da) (TextureImporter) -> (artifact id: 'cf5d6100556e45aa6ce30d480137870c') in 0.005388 seconds
Start importing Packages/com.unity.render-pipelines.core/Editor/PostProcessing/LensFlareResource/PolygonFlareThumbnail.png using Guid(f0326f07dd50365439f552e7f29218e5) (TextureImporter) -> (artifact id: '4defd28b554ea7b5938a5af0c74072f0') in 0.004108 seconds
Start importing Packages/com.unity.2d.animation/Editor/Assets/EditorIcons/Selected/Visibility_Tool@4x.png using Guid(f082e69f825d0aa44b687e592731c0a8) (TextureImporter) -> (artifact id: 'd81a03f6a1774a22345de49f7b6f1cd9') in 0.0051493 seconds
Start importing Assets/EmeraldBunny/Art/fingerL_index.png using Guid(f093d25b7328d19418feef36a11b8898) (TextureImporter) -> (artifact id: 'ba86f44c530308ff22a4f4d7c56f85b9') in 0.004606 seconds
Start importing Packages/com.unity.render-pipelines.universal/Textures/FilmGrain/Medium02.png using Guid(f0b67500f7fad3b4c9f2b13e8f41ba6e) (TextureImporter) -> (artifact id: 'c46a84204c0abe890c4c154b28952fee') in 0.0106132 seconds
Start importing Packages/com.unity.render-pipelines.core/Editor/Icons/MipLevels/d_VolumeProfile@32.png using Guid(f05a6898ed8b6df43be9b7fbb34d0517) (TextureImporter) -> (artifact id: '0f77c789309a669dcc4e999d171df707') in 0.0044129 seconds
Start importing Packages/com.unity.collections/Unity.Collections.PerformanceTests/Unity.PerformanceTesting.Benchmark/PerformanceTestFrameworkOutput.png using Guid(0175a7523f9f1754ca406f92afcfcbc6) (TextureImporter) -> (artifact id: '43fe1d9caac59b20064e7ad0a24b42ad') in 0.0171971 seconds
Start importing Packages/com.unity.2d.animation/Editor/Assets/EditorIcons/Selected/d_Visibility_Tool@4x.png using Guid(0167a2d235421ca4f8095daaa1defd4f) (TextureImporter) -> (artifact id: '3ad9ec1e490fde091159b6fd8ebe2d0f') in 0.00657 seconds
Start importing Assets/EmeraldBunny/Art/chair_leg_backleft.png using Guid(01b7c3aaa883ec9498fcba6b7137b862) (TextureImporter) -> (artifact id: '4ebb433fa4f952030c8649f2771545cc') in 0.0050388 seconds
Start importing Packages/com.unity.2d.animation/Editor/Assets/ComponentIcons/d_Animation.SpriteLibrary@64.png using Guid(01e72f012aab14abcadc8f12c615e6d6) (TextureImporter) -> (artifact id: '637dd834955253df2382a86150a6b320') in 0.0064032 seconds
Start importing Assets/EmeraldBunny/Art/toeGround3_lower_rear.png using Guid(016a43b7c1be82642946a588b0a9bfd4) (TextureImporter) -> (artifact id: '23e7b4153d890871cdda2d1be71a5807') in 0.0043545 seconds
Start importing Packages/com.unity.2d.animation/Editor/Assets/EditorIcons/Light/Edit_Joints@4x.png using Guid(11030f66cab4dcd4c989fe1de7a7c79c) (TextureImporter) -> (artifact id: '71fa9922f529f8593b2be44d3996fe7c') in 0.0078863 seconds
Start importing Packages/com.unity.render-pipelines.universal/Textures/BlueNoise16/L/LDR_LLL1_2.png using Guid(1134690bf9216164dbc75050e35b7900) (TextureImporter) -> (artifact id: '38c0f00991bd89bd5815ea1612618187') in 0.004428 seconds
Start importing Packages/com.unity.2d.animation/Editor/Assets/ComponentIcons/d_ErrorIcon_Small@2x.png using Guid(11e6f279ade864c6d951e8db74c11b54) (TextureImporter) -> (artifact id: 'bc6accc8b4934e9f1f71e8d5131330c7') in 0.0059095 seconds
Start importing Packages/com.unity.render-pipelines.core/Runtime/Sampling/Textures/SobolBlueNoise/ScramblingTile256SPP.png using Guid(11fcf3c83299e814cbb25c4d74cd045d) (TextureImporter) -> (artifact id: '78d03175323f62d88681999bc9f76fb1') in 0.0054882 seconds
Start importing Packages/com.unity.2d.animation/Editor/Assets/EditorIcons/Selected/Generate_Geometry@2x.png using Guid(114d4aa7bb14433489b942bb28ff6183) (TextureImporter) -> (artifact id: '4a947e1c806c6ddf0c2315f0c553df6f') in 0.0049249 seconds
Start importing Packages/com.unity.render-pipelines.universal/Textures/2D/Sparkle.png using Guid(119f93d0bcbf1e743bf5fcf237507d39) (TextureImporter) -> (artifact id: '313c7b144157fddbd861b96638dd0a5b') in 0.0089396 seconds
Start importing Assets/EmeraldBunny/Art/rabbit_left.png using Guid(210131019adb6964dab9b692a5e839a4) (TextureImporter) -> (artifact id: '13232b7906f52653809dd9d08a00c324') in 0.0055536 seconds
Start importing Packages/com.unity.shadergraph/Editor/Resources/Icons/blackboard_dark.png using Guid(2162b791346804a7792168e6fc526ced) (TextureImporter) -> (artifact id: '5e0d0febc6f696cd2f34f94a3f7b82f9') in 0.005048 seconds
Start importing Packages/com.unity.2d.animation/Editor/Assets/EditorIcons/Light/Split_Edge@4x.png using Guid(21d43e7114c758c49886cb9fc604dd66) (TextureImporter) -> (artifact id: '3d37a2eace5ca20dd3a9645b0ce595b4') in 0.0062858 seconds
Start importing Packages/com.unity.inputsystem/InputSystem/Editor/Icons/Interactive Binding.png using Guid(2196c18f03faf4184b1aeb2c61d5571d) (TextureImporter) -> (artifact id: '0240d688589accc95ac19ecf67ec0419') in 0.0044178 seconds
Start importing Assets/EmeraldBunny/Art/repair_knee.png using Guid(212c68de052a92c4bae2ac7b49f03fa1) (TextureImporter) -> (artifact id: '39bcfce8f702231eb6887c7db773b383') in 0.0072515 seconds
Start importing Packages/com.unity.2d.animation/Editor/Assets/EditorIcons/Light/Visibility_Tool@4x.png using Guid(216c53aef79eaaf40a1800cc5e542dc3) (TextureImporter) -> (artifact id: '05bd4d549e3a080a68f80a69dc4a68d5') in 0.007822 seconds
Start importing Packages/com.unity.2d.animation/Editor/Assets/EditorIcons/Dark/d_Weight_Slider@3x.png using Guid(3120ec2beffde56499fe86f755fc25b9) (TextureImporter) -> (artifact id: '7d8859227be09c8f8d089fa29794bd1b') in 0.0065949 seconds
Start importing Packages/com.unity.shadergraph/Editor/Resources/Icons/settings_button.png using Guid(3140f217cba5a6f4ca8d41675ac44819) (TextureImporter) -> (artifact id: '4abed1e70124f6718052f636086c42c2') in 0.0053375 seconds
Start importing Packages/com.unity.render-pipelines.core/Editor/Icons/RenderGraphViewer/d_Global@2x.png using Guid(31d206dcb4d01ca4295149458ec19c38) (TextureImporter) -> (artifact id: 'de6acfe72341afca4a0628cf1150c621') in 0.0046665 seconds
Start importing Packages/com.unity.2d.animation/Editor/Assets/ComponentIcons/Animation.SpriteResolver.png using Guid(31d22d44ff25f4a5c95ac4842b5fb74f) (TextureImporter) -> (artifact id: 'fabf0bacc5ca672a317da79f72e7c1f7') in 0.0068787 seconds
Start importing Assets/EmeraldBunny/Art/collar_left.png using Guid(31633de88b3cfc9429a63ce479c9d7f8) (TextureImporter) -> (artifact id: '63a877eb93432b6aefaaf975b76f458b') in 0.0050718 seconds
Start importing Packages/com.unity.2d.animation/Editor/Assets/EditorIcons/Light/Create_Vertex.png using Guid(31f371f2dfe50c34081023094aed72c3) (TextureImporter) -> (artifact id: '044e9f7d1b503423333fe1fb584a6fff') in 0.006329 seconds
Start importing Assets/Resources/Art/Characters/C001/V3Layers/layer_hair_front.png using Guid(31a7d468fa6d5534ea8b61de5f45dee5) (TextureImporter) -> (artifact id: '4ec7c5b0865cdb4ac5c4eae715bbc801') in 0.0765296 seconds
Start importing Packages/com.unity.2d.sprite/Editor/ObjectMenuCreation/DefaultAssets/Textures/v2/Square.png using Guid(311925a002f4447b3a28927169b83ea6) (TextureImporter) -> (artifact id: '4d4d054f3b63c9620330654d2c802565') in 0.0090155 seconds
Start importing Packages/com.unity.2d.animation/Editor/Assets/EditorIcons/Dark/d_Copy@2x.png using Guid(312df9440efd5df4ea8f6c98591d6b96) (TextureImporter) -> (artifact id: 'f2348c1133ed471376c0f0da86e32d80') in 0.0072211 seconds
Start importing Packages/com.unity.2d.animation/Editor/Assets/EditorIcons/Selected/Generate_Geometry.png using Guid(41842964c48860f46b45e7b3d5986e07) (TextureImporter) -> (artifact id: '861aed4580ef107edc4e76ce9f6b39db') in 0.007201 seconds
Start importing Packages/com.unity.render-pipelines.core/Editor/Lighting/Icons/LightUnitIcons/Moonlight.png using Guid(41c40f1973262eb41a56a66faaf2154d) (TextureImporter) -> (artifact id: '949c6a170f4c549b6ac5abd683437fc4') in 0.0062316 seconds
Start importing Packages/com.unity.ugui/Editor Resources/Textures/btn_AlignMiddle.psd using Guid(41b96614b2e6494ba995ddcd252d11ae) (TextureImporter) -> (artifact id: '1462bb517e71bae308f801fc0248cae7') in 0.0089484 seconds
Start importing Packages/com.unity.inputsystem/InputSystem/Editor/Icons/d_Dpad@4x.png using Guid(41edf25d451a744e6ad1172a677603bd) (TextureImporter) -> (artifact id: '14cca7aa6dee6dd90e3584973b9d1196') in 0.0098937 seconds
Start importing Packages/com.unity.render-pipelines.core/Editor/Lighting/Icons/d_LightPlacement_Icon.png using Guid(518057398db7dd043928f01f4fbad1b9) (TextureImporter) -> (artifact id: '3dd8fd5727ff5ba86fcfc3d80b7fc6d7') in 0.0097893 seconds
Start importing Packages/com.unity.2d.animation/Editor/Assets/EditorIcons/Selected/SetPivot128.png using Guid(51e0c1c1bb4924d41bab2ecec79e8956) (TextureImporter) -> (artifact id: '9adf50f1f240dc5feaee2edfd8876315') in 0.0292752 seconds
Start importing Packages/com.unity.2d.animation/Editor/Assets/ComponentIcons/Animation.IKCCD@128.png using Guid(5156a72be078d4d0e8593843cdc34294) (TextureImporter) -> (artifact id: '942c2be2795f47978e672c36c2d10651') in 0.0093611 seconds
Start importing Packages/com.unity.render-pipelines.universal/Textures/FilmGrain/Medium05.png using Guid(510a2f57334933e4a8dbabe4c30204e4) (TextureImporter) -> (artifact id: 'efb81d5f74c8c6a29b26d2c8aaaf62ab') in 0.0125069 seconds
Start importing Packages/com.unity.render-pipelines.core/Editor/LookDev/Icons/Environment@2x.png using Guid(515b65dc95319f3409d6b0b5f866ac33) (TextureImporter) -> (artifact id: 'b8e8d701b157bd57b7016725ea1a177c') in 0.0056787 seconds
Start importing Packages/com.unity.2d.animation/Editor/Assets/EditorIcons/Selected/Split Bones@4x.png using Guid(518ded92e5dbf494e8f76a74d752272e) (TextureImporter) -> (artifact id: '63398a08b9074347d0ddef566dae781b') in 0.0079922 seconds
Start importing Packages/com.unity.render-pipelines.universal/Textures/SMAA/SearchTex.tga using Guid(51eee22c2a633ef4aada830eed57c3fd) (TextureImporter) -> (artifact id: '7dbeda3daeef8309a73394e9e239cd28') in 0.0051504 seconds
Start importing Packages/com.unity.inputsystem/InputSystem/Editor/Icons/Keyboard@3x.png using Guid(6191a40940a3e46899ecf82fa8389d01) (TextureImporter) -> (artifact id: 'aa5423925cf40dca649f5cbd82c0bf0a') in 0.0059977 seconds
Start importing Packages/com.unity.inputsystem/InputSystem/Editor/Icons/d_Mouse@3x.png using Guid(6164e492ad3164525ab8ecd9968c3a64) (TextureImporter) -> (artifact id: '9f3f018b4dccb704265ddd4efdcb80c0') in 0.0063205 seconds
Start importing Packages/com.unity.2d.animation/Editor/Assets/EditorIcons/Selected/Create Bones@4x.png using Guid(61ac40b257b3a994f841856ad38b2b6b) (TextureImporter) -> (artifact id: '68f16aa17ced02d0283deea8f0a5bb75') in 0.0058352 seconds
Start importing Packages/com.unity.2d.animation/Editor/Assets/ComponentIcons/d_Animation.SpriteResolver@128.png using Guid(71365d6492a2542dc9e34c1b312f722c) (TextureImporter) -> (artifact id: '31572b58cf915b950d3976a19ab648c6') in 0.0091139 seconds
Start importing Packages/com.unity.render-pipelines.core/Editor/Lighting/Icons/LightUnitIcons/Shade.png using Guid(7146ed2a10f80c340b4c181e2892c87a) (TextureImporter) -> (artifact id: 'ffcbc72774dc3c2422d1a53e28173b6b') in 0.0049956 seconds
Start importing Packages/com.unity.2d.animation/Editor/Assets/EditorIcons/Light/Sprite_Mode@3x.png using Guid(71d8b2e508f1d9947ba51013600a5eac) (TextureImporter) -> (artifact id: '9d3badfd4f00f62c144e4b70cc5a1c87') in 0.0069191 seconds
Start importing Packages/com.unity.shadergraph/Editor/Resources/Icons/sg_graph_icon_gray_dark.png using Guid(7129268cf102b2f45809905bcb27ce8b) (TextureImporter) -> (artifact id: '20997daf9a257bba88621f7f2c2b2308') in 0.0063605 seconds
Start importing Assets/EmeraldBunny/Art/face.png using Guid(712b32ed275da8043abfb30cebdc23d5) (TextureImporter) -> (artifact id: 'd0916c9ab1bcf45eb436648c29b94c7c') in 0.0068435 seconds
Start importing Packages/com.unity.2d.sprite/Editor/ObjectMenuCreation/DefaultAssets/Textures/9-Sliced.png using Guid(71ebafeef3c03457483266a33ab2b270) (TextureImporter) -> (artifact id: 'ae8d847585b06fb33b20a137f7b5c2b7') in 0.0075301 seconds
Start importing Packages/com.unity.render-pipelines.core/Editor/Lighting/Icons/LightUnitIcons/d_MoonlessNight.png using Guid(71cd3069e265067478f8e99589235fd6) (TextureImporter) -> (artifact id: '36ccb6a45f683d2e732ab772f4ebefaf') in 0.0070434 seconds
Start importing Packages/com.unity.2d.animation/Editor/Assets/ComponentIcons/Animation.SpriteLibraryVar On@64.png using Guid(713f288c6a6fc4514a9403f26e82dc91) (TextureImporter) -> (artifact id: '4c7c622b241f3789345b9fbe47ed52c9') in 0.006706 seconds
Start importing Packages/com.unity.render-pipelines.universal/Textures/BlueNoise16/L/LDR_LLL1_0.png using Guid(81200413a40918d4d8702e94db29911c) (TextureImporter) -> (artifact id: '75fd7f9052c9c4ed2900cc6d147a2072') in 0.0086541 seconds
Start importing Assets/EmeraldBunny/Art/background_foot_repair.png using Guid(818098ee2628bb44e9d243afe812ecba) (TextureImporter) -> (artifact id: '0d278e627c2d92ba493a9cc2014bcd1e') in 0.0208871 seconds
Start importing Packages/com.unity.render-pipelines.core/Editor/Lighting/Icons/LightUnitIcons/Fluorescent@2x.png using Guid(81321ffad3c324c42806d47efb84d4d1) (TextureImporter) -> (artifact id: 'a7eb8b8932a61615330bfdffd38e9653') in 0.0066935 seconds
Start importing Packages/com.unity.2d.animation/Editor/Assets/EditorIcons/Selected/Generate_Weights@3x.png using Guid(8174b068fa7b788459b03cec80d0641a) (TextureImporter) -> (artifact id: '6bf2360a4e4f62e483be211a8e3169ef') in 0.0064931 seconds
Start importing Packages/com.unity.2d.animation/Editor/Assets/EditorIcons/Light/Sprite_Influence@2x.png using Guid(8169b95b76b504e3b8dc9ccf0bdbe226) (TextureImporter) -> (artifact id: '078c9aecd9c74c8148d0587a8bc8f0b0') in 0.013034 seconds
Start importing Assets/Resources/Art/Characters/C001/LiveLayers/layer_leg_l.png using Guid(819bfa2800c79644b8d7c88e02a01d8b) (TextureImporter) -> (artifact id: '83f2eedae9fb35dc28a46b6ae197e95c') in 0.0174397 seconds
Start importing Packages/com.unity.ugui/Editor Resources/Textures/btn_AlignCenter.psd using Guid(81ed8c76d2bc4a4c95d092c98af4e58f) (TextureImporter) -> (artifact id: '07bdd0a43e28cbf6feceb6ee6b1f7150') in 0.0059165 seconds
Start importing Assets/EmeraldBunny/Art/irisR.png using Guid(81fec002e70f41844836eb901c7d6907) (TextureImporter) -> (artifact id: '27c0c3214dce7c543c804121b7be6b21') in 0.0061125 seconds
Start importing Packages/com.unity.shadergraph/GraphTemplates/default_normal.png using Guid(9154b3a500851e04494b08c0a363964a) (TextureImporter) -> (artifact id: '33b44db8559cd0b56bc64db7d1a8b59e') in 0.0066411 seconds
Start importing Packages/com.unity.2d.animation/Editor/Assets/EditorIcons/Light/Bone@4x.png using Guid(9125c204f566db048a92ebcb64d9d14a) (TextureImporter) -> (artifact id: '7d9ff608af7d23c6369996f18ab6d855') in 0.0127321 seconds
Start importing Packages/com.unity.render-pipelines.core/Editor/Icons/MipLevels/VolumeProfile@16.png using Guid(9109dcac13c1b6a4cadf6e9e63be42f7) (TextureImporter) -> (artifact id: 'a7b83dc47ea4ee87e16f9f8973550279') in 0.006015 seconds
Start importing Packages/com.unity.render-pipelines.universal/Editor/Gizmos/Camera_PostProcessing.png using Guid(916f43e9d8e15c448a2c8a5d30b26dbd) (TextureImporter) -> (artifact id: '540c4386603ffe3fb96bc88298162ee6') in 0.0070013 seconds
Start importing Packages/com.unity.render-pipelines.core/Editor/LookDev/Icons/Duplicate@2x.png using Guid(91ffd37b0545bf6448f8d937736130a1) (TextureImporter) -> (artifact id: '64210cdd5c2de57cccdd8b96621f1099') in 0.006023 seconds
Start importing Assets/Resources/Art/Characters/C001/presenter_v3_blink.png using Guid(a1100523b2b3a364cac15ba22ade6273) (TextureImporter) -> (artifact id: '7c847100d117f508cbc379f69aa75aa2') in 0.0900503 seconds
Start importing Packages/com.unity.2d.animation/Editor/Assets/EditorIcons/Dark/d_Paste@3x.png using Guid(a130d12452aa0484da530281c362fc8b) (TextureImporter) -> (artifact id: '452b67585ac3b949aa53a1b83727a9a7') in 0.0069545 seconds
Start importing Packages/com.unity.inputsystem/InputSystem/Editor/Icons/d_Dpad@3x.png using Guid(a1b7d9ffed68a47128c5622c13ba4752) (TextureImporter) -> (artifact id: '5f1d6d650d49abcc62e927b906c3de18') in 0.0068047 seconds
Start importing Packages/com.unity.2d.animation/Editor/Assets/ComponentIcons/d_Animation.SpriteResolver.png using Guid(a1585a67bdb5741a6bc69877b78cdcd3) (TextureImporter) -> (artifact id: '8a1803e43b7f7929575b91eab05e9634') in 0.0106765 seconds
Start importing Packages/com.unity.2d.animation/Editor/Assets/EditorIcons/Selected/d_Mesh@2x.png using Guid(a14979d2b0467b14abf4467f248460fb) (TextureImporter) -> (artifact id: 'cc25995e6969bab835e95a99a3fbc820') in 0.0056365 seconds
Start importing Packages/com.unity.2d.sprite/Editor/Assets/SpriteFrameToggle@32.png using Guid(a11d1252397454e6d90d7a5514e76ce5) (TextureImporter) -> (artifact id: '5a07d88581057e1f1505a6a557999758') in 0.0043995 seconds
Start importing Packages/com.unity.render-pipelines.core/Editor/LookDev/Icons/d_CenterLight@2x.png using Guid(a14e6ee680df42f4c99bf69bc3d6b9ca) (TextureImporter) -> (artifact id: '1d53dbb0aaae575c85ecfc9001997889') in 0.0113691 seconds
Start importing Packages/com.unity.render-pipelines.universal/Editor/ShaderGraph/GraphTemplates/2D/2DSpriteUnlitTemplateThumbnail.png using Guid(a1be7992c1f7b0947bc2f9b045098f9e) (TextureImporter) -> (artifact id: '8100ca9b8b8b757ca3c11cc31bba8deb') in 0.0377213 seconds
Start importing Packages/com.unity.render-pipelines.core/Editor/Lighting/Icons/UpSnatch.png using Guid(a1fe8ebe91e101d47af42adec440c3e5) (TextureImporter) -> (artifact id: '45bc8c4621b23505e380ff721539faf7') in 0.0054934 seconds
Start importing Packages/com.unity.render-pipelines.core/Editor/Lighting/Icons/LightUnitIcons/d_InteriorLight@2x.png using Guid(b1a064fab2aa93e47bd8d558a6ca655b) (TextureImporter) -> (artifact id: '7173454b47340ab496369561f6768fbf') in 0.01113 seconds
Start importing Packages/com.unity.shadergraph/Editor/Resources/Icons/SettingsIcons_hover@2x.png using Guid(b1b079d053c3d0c41952dadf32a89ffd) (TextureImporter) -> (artifact id: 'b774c85c200b9bacd4a266b622b39ee1') in 0.0051086 seconds
Start importing Packages/com.unity.render-pipelines.core/Editor/Lighting/Icons/LightUnitIcons/d_MediumAreaLight.png using Guid(b1826d69c1fcad9488491937a1ef4d84) (TextureImporter) -> (artifact id: '47d84b92575d63e4faf0860d5795ba76') in 0.0043151 seconds
Start importing Assets/Resources/Art/Characters/C001/PreviewLayers/layer_body.png using Guid(b1c2d3e4f5a60718293a4b5c6d7e8f01) (TextureImporter) -> (artifact id: 'ff854243735035da3a63227196bc6cde') in 0.1041296 seconds
Start importing Assets/Resources/Art/Characters/C001/PreviewLayers/layer_body_blink.png using Guid(b1c2d3e4f5a60718293a4b5c6d7e8f02) (TextureImporter) -> (artifact id: 'b06550e66e9e8ecca633966e1eef4530') in 0.1049945 seconds
Start importing Assets/Resources/Art/Characters/C001/PreviewLayers/layer_hair_back.png using Guid(b1c2d3e4f5a60718293a4b5c6d7e8f03) (TextureImporter) -> (artifact id: 'ddf1ba26b4a3137c368edf1c4702755d') in 0.1244123 seconds
Start importing Assets/Resources/Art/Characters/C001/PreviewLayers/layer_hair_front.png using Guid(b1c2d3e4f5a60718293a4b5c6d7e8f04) (TextureImporter) -> (artifact id: 'e82f1576c92df7aa9562d4c7a4b20f85') in 0.1272631 seconds
Start importing Assets/Resources/Art/Characters/C001/PreviewLayers/layer_hair_tip.png using Guid(b1c2d3e4f5a60718293a4b5c6d7e8f05) (TextureImporter) -> (artifact id: 'f6c6cbe6e9793f09c23b97f43ef1d077') in 0.1492322 seconds
Start importing Assets/Resources/Art/Characters/C001/PreviewLayers/layer_sword.png using Guid(b1c2d3e4f5a60718293a4b5c6d7e8f06) (TextureImporter) -> (artifact id: 'a3c07e12134c29a0ec538fad818bb89e') in 0.1820846 seconds
Start importing Assets/Resources/Art/Characters/C001/PreviewLayers/layer_stage.png using Guid(b1c2d3e4f5a60718293a4b5c6d7e8f07) (TextureImporter) -> (artifact id: 'c069b08f77f3cb95a68b4813723b3364') in 0.1063908 seconds
Start importing Packages/com.unity.render-pipelines.core/Editor/Icons/MipLevels/Volume@256.png using Guid(b1737e8dd5ce0104ca1f1c05b481fad9) (TextureImporter) -> (artifact id: 'd7b2bc235c3bdd7205aacebc50ff4e62') in 0.0095092 seconds
Start importing Packages/com.unity.2d.animation/Editor/Assets/ComponentIcons/Animation.SpriteResolver@64.png using Guid(b1640c283050b4d23a677c6a445f058c) (TextureImporter) -> (artifact id: '926368d8e4e3754ecc478ced7a4a8cc3') in 0.0122482 seconds
Start importing Packages/com.unity.render-pipelines.core/Editor/Icons/MipLevels/RenderPipelineResources@64.png using Guid(b1c49d259b9089743b6272150f77b8fe) (TextureImporter) -> (artifact id: 'ba4b709d27eecc712c36b0d15a468fed') in 0.0075122 seconds
Start importing Assets/EmeraldBunny/Art/costume_waist.png using Guid(b14856a01d258b847a2c98e68a0db762) (TextureImporter) -> (artifact id: 'eef947ab70a7c9cd512195975a726ce1') in 0.0120311 seconds
Start importing Packages/com.unity.render-pipelines.core/Editor/Lighting/Icons/LightUnitIcons/SoftAreaLight@2x.png using Guid(b14c34aa843e4a14e957505ae407e8c3) (TextureImporter) -> (artifact id: '234eeb75a40904fd9aed53f17201cfc9') in 0.0049045 seconds
Start importing Assets/EmeraldBunny/Art/background.png using Guid(b19e8141254ca784eb6d0629bbbf7585) (TextureImporter) -> (artifact id: '12053f64a52ddd2005b9bc00b8e78b94') in 0.0663984 seconds
Start importing Packages/com.unity.shadergraph/Editor/Resources/Icons/sg_graph_icon@2x.png using Guid(c1e1b751487e43d43923f055990214ea) (TextureImporter) -> (artifact id: 'bdfe217724ecf1e699189a959422d4a8') in 0.005656 seconds
Start importing Assets/EmeraldBunny/Art/chair_leg_middle_lower_rear.png using Guid(c188dc591b89f2b4cbb5352ae2a1628a) (TextureImporter) -> (artifact id: 'b0410d40c64c69baf9a8396fb6e674c0') in 0.0052052 seconds
Start importing Packages/com.unity.render-pipelines.core/Editor/Lighting/Icons/LightPlacement_Icon@128.png using Guid(c1c8308c6609eff48841494a187bfb72) (TextureImporter) -> (artifact id: '5b115d844156f542cc16453b06a9fd4c') in 0.00476 seconds
Start importing Packages/com.unity.render-pipelines.core/Editor/Lighting/Icons/Advanced_Pressed_mini.png using Guid(c1d870384c7ed3c49b30d01278bf3949) (TextureImporter) -> (artifact id: 'da60acdfb8de77cd64aa0538d7c27919') in 0.0045336 seconds
Start importing Packages/com.unity.render-pipelines.core/Editor/Lighting/Icons/LightPlacement_Icon@2x.png using Guid(c179f13951d25f646887d38fa53e6e65) (TextureImporter) -> (artifact id: 'e5eab1a579cb205fda362e160b92fe96') in 0.0050757 seconds
Start importing Packages/com.unity.render-pipelines.universal/Textures/SMAA/AreaTex.tga using Guid(d1f1048909d55cd4fa1126ab998f617e) (TextureImporter) -> (artifact id: 'be594ee576fb1494250ad1d6c264f29b') in 0.0066093 seconds
Start importing Assets/Resources/Art/Characters/C001/LiveLayers/layer_leg_r.png using Guid(d1c27aacfc4337347b90575994031657) (TextureImporter) -> (artifact id: '009cc05a612601c047a582ca81fc7cd7') in 0.016532 seconds
Start importing Packages/com.unity.2d.animation/Editor/Assets/ComponentIcons/Animation.IKFabrik@32.png using Guid(d1c2be2a893c441fca30fe5d470e0d3e) (TextureImporter) -> (artifact id: '0beacb07e1a71ed6a979477685f264aa') in 0.0099546 seconds
Start importing Packages/com.unity.2d.sprite/Editor/Assets/d_LockedOptions@2x.png using Guid(d1a4629d5a3d147978a3fe8af3b6a935) (TextureImporter) -> (artifact id: 'e6bf1576c20be314cc43a9faa3b0323d') in 0.0068466 seconds
Start importing Packages/com.unity.2d.animation/Editor/Assets/ComponentIcons/Animation.SpriteLibraryManager@128.png using Guid(d1c6278de296d42b6a5c6330b16ab729) (TextureImporter) -> (artifact id: '0e4d0b56e73dcf43bbea42061d879d54') in 0.012078 seconds
Start importing Packages/com.unity.render-pipelines.universal/Textures/BlueNoise16/L/LDR_LLL1_26.png using Guid(d18a24d7b4ed50f4387993566d9d3ae2) (TextureImporter) -> (artifact id: 'e2783da4f8bb723b05f59a49aeeb35eb') in 0.0071231 seconds
Start importing Packages/com.unity.inputsystem/InputSystem/Editor/Icons/ChevronDown@4x.png using Guid(d1acbe0a708dc40dc80254764e67ecfa) (TextureImporter) -> (artifact id: '25a2dcd916bfff51f149d2ac79d0273d') in 0.0066356 seconds
Start importing Packages/com.unity.render-pipelines.core/Editor/Lighting/Icons/LightUnitIcons/d_DecorativeLight@2x.png using Guid(e194061ed57dcf6478bc4a4079ac3998) (TextureImporter) -> (artifact id: 'b6e72f986e136f2b026767af4e8c587e') in 0.004785 seconds
Start importing Packages/com.unity.render-pipelines.core/Editor/LookDev/Icons/RightArrow@2x.png using Guid(e194270977977b24da0c6e1c962a5ce9) (TextureImporter) -> (artifact id: 'b95bf488650a6e44a49e488fdb174ab9') in 0.0074252 seconds
Start importing Packages/com.unity.2d.animation/Editor/Assets/EditorIcons/Dark/d_SetPivot128.png using Guid(e105e7dad311341f69e2349618434f7f) (TextureImporter) -> (artifact id: 'dc01ce4e51893bd270c7c117f70f031f') in 0.0073875 seconds
Start importing Packages/com.unity.inputsystem/InputSystem/Editor/Icons/d_Position@3x.png using Guid(e1da124f7cbda41a4925397406076a42) (TextureImporter) -> (artifact id: 'ba3aa9191d706c9ed4ed14df2750455f') in 0.005557 seconds
Start importing Packages/com.unity.render-pipelines.core/Editor/Lighting/Icons/LightUnitIcons/SoftAreaLight.png using Guid(e10d9c07adc061a448e00b3e33fad966) (TextureImporter) -> (artifact id: 'a74323b745b946ef68eef4371e3babdd') in 0.0047379 seconds
Start importing Packages/com.unity.render-pipelines.universal/Editor/2D/Resources/SceneViewIcons/PointLight.png using Guid(e1feb27120f96ae4ea48e922cbfd93da) (TextureImporter) -> (artifact id: 'ca7ce683700c695d11a1de86c0f7e6c9') in 0.0054662 seconds
Start importing Packages/com.unity.2d.common/Path/Editor/Handles/TangentContinuous.png using Guid(f180c07cee9924980a0af50a95afe6b2) (TextureImporter) -> (artifact id: 'e64039f5d7919b1bb07fac3591dafea6') in 0.0059855 seconds
Start importing Packages/com.unity.2d.animation/Editor/Assets/ComponentIcons/d_Animation.IKLimb@32.png using Guid(f1522af249bd249dc969942b2f9c4608) (TextureImporter) -> (artifact id: '586cb6d34983c8e541fa268ef99998c7') in 0.0073532 seconds
Start importing Packages/com.unity.2d.animation/Editor/Assets/EditorIcons/Light/Edit_Pose@2x.png using Guid(f169a69b888768d44906789625031d45) (TextureImporter) -> (artifact id: '31bce06dedcfcc47aa68ee746471ddba') in 0.0090573 seconds
Start importing Packages/com.unity.inputsystem/InputSystem/Editor/Icons/d_Keyboard@2x.png using Guid(f14e3a4027f834f16b235498ac15bb3f) (TextureImporter) -> (artifact id: '05ea11a124fc026f406598beb7fd945e') in 0.0046973 seconds
Start importing Packages/com.unity.2d.animation/Editor/Assets/EditorIcons/Dark/d_SetPivot64.png using Guid(0292e97c3662741749dc97edf5bbaa66) (TextureImporter) -> (artifact id: '948cb8920a3d2e9b8d8468b6565e2fe1') in 0.0063341 seconds
Start importing Packages/com.unity.render-pipelines.universal/Editor/2D/Resources/LightCapDown.png using Guid(02232385c7b444348987d74db8dd7b2e) (TextureImporter) -> (artifact id: '43784f94708f19767b019c8e0b7bf188') in 0.0052332 seconds
Start importing Packages/com.unity.render-pipelines.core/Editor/Lighting/Icons/IESProfile.png using Guid(0283fe60f65159b4a86ebabf444e23f9) (TextureImporter) -> (artifact id: '7448cb017f62312a7a8fa59ef2ba082b') in 0.0056114 seconds
Start importing Packages/com.unity.render-pipelines.core/Editor/LookDev/Icons/d_LayoutVertical.png using Guid(02c3588c32f640d47bb70ee3fa774fce) (TextureImporter) -> (artifact id: 'f2c099d6b59a08bd5682ee1ae426603e') in 0.0072423 seconds
Start importing Assets/EmeraldBunny/Art/cuff_left.png using Guid(02b67f663debec6418a1a399af2b9a9e) (TextureImporter) -> (artifact id: '52056af7499590ec413d12d0194b16ad') in 0.0070002 seconds
Start importing Assets/EmeraldBunny/Art/chair_leg_right.png using Guid(0287760165384eb4b8c23909f297a856) (TextureImporter) -> (artifact id: '959a7804bde442ead2bf392715a4537e') in 0.0063046 seconds
Start importing Packages/com.unity.render-pipelines.core/Runtime/Debugging/Prefabs/Textures/White1px.png using Guid(127279d577f25ac4ea17dae3782e5074) (TextureImporter) -> (artifact id: 'e6fec74644997cd17593910f138924af') in 0.0055213 seconds
Start importing Packages/com.unity.2d.animation/Editor/Assets/ComponentIcons/Animation.SpriteResolver On@64.png using Guid(1223ca7d04e5a4ad08a8d648c4e2a09e) (TextureImporter) -> (artifact id: 'd8cd83789ea7ca0cc8c384c6d2450a01') in 0.0071207 seconds
Start importing Packages/com.unity.ugui/Editor Resources/Textures/btn_AlignLeft_Light.psd using Guid(12736c98af174f91827a26b66d2b01b9) (TextureImporter) -> (artifact id: '67ab0cf71902a5e3012b6ce29aea1389') in 0.0061141 seconds
Start importing Packages/com.unity.2d.animation/Editor/Assets/ComponentIcons/Animation.IKCCD@256.png using Guid(1214a7ec362a4479ba225757639c24f2) (TextureImporter) -> (artifact id: '05f8e0895c088fd367493d20c13d1230') in 0.0148782 seconds
Start importing Packages/com.unity.inputsystem/InputSystem/Editor/Icons/d_Keyboard@4x.png using Guid(123b6218ad27a41af933311ee524dcdc) (TextureImporter) -> (artifact id: 'e7b7bf644438fa367f18ecfd215f2959') in 0.0046111 seconds
Start importing Packages/com.unity.render-pipelines.core/Editor/Icons/RenderGraphViewer/d_Texture@2x.png using Guid(126e291066d6c934e99b244ec88e813a) (TextureImporter) -> (artifact id: 'af5fa71a2f064c72165f9f67de791862') in 0.0052772 seconds
Start importing Assets/EmeraldBunny/Art/chair_leg_right_lower_front.png using Guid(128f7881a01b5c249892afd913df6791) (TextureImporter) -> (artifact id: '3685347e7470bad41d66ca0d2242f8a1') in 0.0056918 seconds
Start importing Packages/com.unity.2d.animation/Editor/Assets/EditorIcons/Selected/Sprite_Mode@4x.png using Guid(2223b0a570b66ee42b3e0a79f0789b2a) (TextureImporter) -> (artifact id: 'e4c2d2817d047a224534e91019d011ee') in 0.0070502 seconds
Start importing Packages/com.unity.2d.animation/Editor/Assets/EditorIcons/Dark/d_Split_Edge@2x.png using Guid(22fade1e2426f684a9c315c974f50d18) (TextureImporter) -> (artifact id: 'd1c8ec0d0c5bfc64f3e32030b74efcde') in 0.0167985 seconds
Start importing Assets/EmeraldBunny/Art/leg_rear_calf_lower_front.png using Guid(22efc8dc3cf02fd4c82907d8a2c71142) (TextureImporter) -> (artifact id: '674a7188b597059f9675c399441e1cad') in 0.0098312 seconds
Start importing Packages/com.unity.render-pipelines.core/Editor/Icons/MipLevels/d_Volume@256.png using Guid(32b23d5d74f3aee4f9364e34e2f59379) (TextureImporter) -> (artifact id: '2ee92d7c58baad183c5e0dffeeffb89c') in 0.0073361 seconds
Start importing Packages/com.unity.2d.animation/Editor/Assets/EditorIcons/Light/Warning@2x.png using Guid(3233afe4c448d4eb198cfb1ca54feb3b) (TextureImporter) -> (artifact id: 'a994cdbfc99256e0da489f314ffabcd9') in 0.0081768 seconds
Start importing Packages/com.unity.2d.animation/Editor/Assets/EditorIcons/Light/Edit_Pose@3x.png using Guid(32854586e42553846b24646ce18cf625) (TextureImporter) -> (artifact id: '6c2ae019183d9234acc53048ca7fc878') in 0.0125062 seconds
Start importing Packages/com.unity.2d.animation/Editor/Assets/EditorIcons/Light/Weight_Brush@3x.png using Guid(3279d541bf75c624cbdd7179eb5559a8) (TextureImporter) -> (artifact id: 'd0478b2d2c2e2ba38d8e1406bd6acdf0') in 0.0107689 seconds
Start importing Packages/com.unity.shadergraph/GraphTemplates/BuiltIn/BuiltInLitBasicTemplateThumbnail.png using Guid(325e807a2af3f5f4691c7d9da76963f6) (TextureImporter) -> (artifact id: '9c21996e9930eda30350dc746cd60e20') in 0.0344618 seconds
Start importing Packages/com.unity.render-pipelines.core/Editor/Icons/RenderGraphViewer/Buffer@2x.png using Guid(42f2be07082fcb641bfabb2ccd126ac0) (TextureImporter) -> (artifact id: 'd7b13ef7192f72596f1461d931579c1f') in 0.0113609 seconds
Start importing Packages/com.unity.2d.animation/Editor/Assets/ComponentIcons/Animation.SpriteSkin On.png using Guid(4243996d9393248859e73ff6df05d8b3) (TextureImporter) -> (artifact id: '340c4fc6426c644063dcc1de1779964b') in 0.0089177 seconds
Start importing Assets/EmeraldBunny/Art/chair_front_lower_front.png using Guid(42a41d8b2c9ae9f468ea0dfe16426967) (TextureImporter) -> (artifact id: '54280487cb1b92af3ee106db1d17c7ab') in 0.0082383 seconds
Start importing Packages/com.unity.2d.animation/Editor/Assets/EditorIcons/Light/Copy.png using Guid(42f4b048501996743958df91513f824a) (TextureImporter) -> (artifact id: 'a629cdb682914ad7898ad7c7a82f9885') in 0.0059897 seconds
Start importing Packages/com.unity.render-pipelines.core/Editor/Lighting/Icons/LightUnitIcons/BlueSky@2x.png using Guid(42382485181c7b4429560828f54a2bae) (TextureImporter) -> (artifact id: '4e04395130a4f89e8d1aa699c54c6cb6') in 0.0314304 seconds
Start importing Packages/com.unity.render-pipelines.universal/Editor/SceneTemplates/Standard/ReflectionProbe-0.exr using Guid(42c8d975867dbb34299217c9b3a62677) (TextureImporter)Starting cubemap convolution for '' (size 128)
...took 0.073 seconds
 -> (artifact id: 'd8de144b125d88b2e3f0cd2e2420360c') in 0.3296477 seconds
Start importing Packages/com.unity.inputsystem/InputSystem/Editor/Icons/d_Orientation@3x.png using Guid(424bff4d3ea64400e9b384cb8bebfb96) (TextureImporter) -> (artifact id: '4cf581a4dbb43801bbcfe888b714475d') in 0.0075034 seconds
Start importing Packages/com.unity.2d.animation/Editor/Assets/EditorIcons/Light/Edit_Geometry.png using Guid(5242f1eff2245a741a7cec5ada97f9f2) (TextureImporter) -> (artifact id: 'b5dd91dc43ab82799ee132786027e3b7') in 0.0107302 seconds
Start importing Packages/com.unity.render-pipelines.core/Editor/LookDev/Icons/Camera1@2x.png using Guid(52b3ad4181ffbec4cad6eb26d07127f6) (TextureImporter) -> (artifact id: '7a35c8457677f98805814109d2a96ac8') in 0.0076307 seconds
Start importing Assets/EmeraldBunny/Art/hand_left.png using Guid(521404e9a65ab73419ff87d4a9e2f708) (TextureImporter) -> (artifact id: '6a87b668c72a69799d1b3e739c1c8cfa') in 0.0051043 seconds
Start importing Packages/com.unity.2d.animation/Editor/Assets/ComponentIcons/d_WarningIcon_Small.png using Guid(528a130a47a1d4af28e1ef4c8b3c5386) (TextureImporter) -> (artifact id: 'c9408839d0d679f8b4c21e5ba7ada853') in 0.0091319 seconds
Start importing Packages/com.unity.render-pipelines.core/Editor/Lighting/Icons/LightUnitIcons/Fluorescent.png using Guid(52dd14d6fa6ca2d46b942c8289a898eb) (TextureImporter) -> (artifact id: '32b7143eb370fb131eff4d982487ae58') in 0.0094934 seconds
Start importing Assets/Resources/Art/Characters/C001/LiveLayers/layer_hand_l.png using Guid(6234a5e0607f9bb4794d864000064e42) (TextureImporter) -> (artifact id: '58108be2b8956c3d8a11c617cc067b0c') in 0.018421 seconds
Start importing Packages/com.unity.inputsystem/InputSystem/Editor/Icons/Stick.png using Guid(6234dae5cf6f04acb9a51e04d448e444) (TextureImporter) -> (artifact id: '0c3a0161c79c04a5bd0fc99e4141f457') in 0.0124961 seconds
Start importing Packages/com.unity.2d.animation/Editor/Assets/EditorIcons/Dark/d_Create_Edge@4x.png using Guid(62053ed690017d143bd2cfa8e5dc3ff5) (TextureImporter) -> (artifact id: 'eb10aaa535f8ee2068442f1fc5a34e39') in 0.0181388 seconds
Start importing Packages/com.unity.inputsystem/InputSystem/Editor/Icons/d_Axis@3x.png using Guid(62c846073cb844a2b926e4bbd3189647) (TextureImporter) -> (artifact id: '48b2c6da266327cff3be60175d80d11d') in 0.0088017 seconds
Start importing Packages/com.unity.inputsystem/InputSystem/Editor/Icons/Orientation@2x.png using Guid(62f8dda50382d487597224e197cbd34f) (TextureImporter) -> (artifact id: '8ad79391e1f5b78fb685413471df965c') in 0.0068621 seconds
Start importing Assets/EmeraldBunny/Art/bow_tails.png using Guid(62392191b0dbd4f4aaad22ac6cbdabd3) (TextureImporter) -> (artifact id: '343c7547bb8c5fc64fcd1dfb3cbf3b5c') in 0.00473 seconds
Start importing Packages/com.unity.2d.animation/Editor/Assets/EditorIcons/Light/Bone.png using Guid(62ce01ddca719d34ea9648c586a7cc94) (TextureImporter) -> (artifact id: 'abfa442b87e0cb3e30aa4ec685397ba8') in 0.0059404 seconds
Start importing Packages/com.unity.inputsystem/InputSystem/Editor/Icons/InputControl@2x.png using Guid(62ce957ca99fe4fcba573a5b141eb113) (TextureImporter) -> (artifact id: '0bf347250b68266040005ec09ab3a070') in 0.0069536 seconds
Start importing Assets/EmeraldBunny/Art/hand_right.png using Guid(72d900e1c5e34ae4d894e1860891f19c) (TextureImporter) -> (artifact id: 'e81deb2264ce6a800ea2aa0e23bacd5d') in 0.0075439 seconds
Start importing Packages/com.unity.2d.animation/Editor/Assets/ComponentIcons/d_Animation.SpriteLibraryManager@64.png using Guid(727af22e923264f0ca2530a410e2d7ab) (TextureImporter) -> (artifact id: '71bf673c1c9b98a882ef5c3a9dd65f12') in 0.0079473 seconds
Start importing Assets/EmeraldBunny/Art/collar_right.png using Guid(729f5400de63b064fa66bfe328fd79a5) (TextureImporter) -> (artifact id: '437c6e6751b1ae0aad56f9582df2a17f') in 0.0056022 seconds
Start importing Packages/com.unity.2d.animation/Editor/Assets/EditorIcons/Selected/Split_Edge@4x.png using Guid(8272ea7c59da847458432e7c88bf7766) (TextureImporter) -> (artifact id: 'c28bc4250b651c90e43e1fa9707cf3a8') in 0.0062389 seconds
Start importing Packages/com.unity.2d.animation/Editor/Assets/EditorIcons/Selected/SetPivot32.png using Guid(82d262794483b44d097c6b72e3a9e271) (TextureImporter) -> (artifact id: '7645d169443972080fec572b1f07f32f') in 0.0092097 seconds
Start importing Packages/com.unity.render-pipelines.core/Editor/LookDev/Icons/Layout1@2x.png using Guid(8263f1f26524404498d51bfe0b819925) (TextureImporter) -> (artifact id: '7703b16f328a179efee3e8ec2cf753dd') in 0.0076002 seconds
Start importing Packages/com.unity.shadergraph/Editor/Resources/Icons/sg_subgraph_icon_gray_light.png using Guid(82b6560ff26e58d48aa33e2869ad14e4) (TextureImporter) -> (artifact id: '5b4cbb005e8bd8d2c4c9ad0354fe469e') in 0.0049326 seconds
Start importing Packages/com.unity.inputsystem/InputSystem/Editor/Icons/Touch@2x.png using Guid(82073a8bfd6b8488a89b8796d500d12d) (TextureImporter) -> (artifact id: 'fee37233dfa67fe65883433c62d168ce') in 0.0047536 seconds
Start importing Packages/com.unity.ugui/Editor Resources/Textures/btn_AlignJustified.psd using Guid(92027f7f8cfc4feaa477da0dc38d3d46) (TextureImporter) -> (artifact id: 'e739a5e25a07efd5c8a065fe8485c334') in 0.0064323 seconds
Start importing Packages/com.unity.render-pipelines.core/Editor/Icons/MipLevels/RenderPipelineResources@16.png using Guid(9204b01f48caab948aca3a4531851d40) (TextureImporter) -> (artifact id: '71835900d826bf5a8d167f3e3065da7e') in 0.0049775 seconds
Start importing Packages/com.unity.2d.animation/Editor/Assets/ComponentIcons/d_Animation.IKCCD@32.png using Guid(927455eb53d4a46a4b1aa3ed556f0de8) (TextureImporter) -> (artifact id: '1b6b70f24d3581b8704adb1203b0dec8') in 0.0081743 seconds
Start importing Packages/com.unity.ugui/Editor Resources/Textures/btn_AlignLeft.psd using Guid(9288066c33474b94b6ee5465f4df1cc0) (TextureImporter) -> (artifact id: '64622103dc8ff191423aa9d524778daf') in 0.0055058 seconds
Start importing Assets/EmeraldBunny/Art/chair_front_lower_fixed.png using Guid(925dbad3af5fa49499b8d477dfc72d1b) (TextureImporter) -> (artifact id: 'd2051f2a0440b3779af4b0fc27d3b067') in 0.0134252 seconds
Start importing Packages/com.unity.2d.animation/Editor/Assets/ComponentIcons/d_Animation.IKManager.png using Guid(a220630d238d744a5a2cb385602d2498) (TextureImporter) -> (artifact id: '920170df7bddef767fea157e29f159b0') in 0.007673 seconds
Start importing Packages/com.unity.2d.animation/Editor/Assets/EditorIcons/Selected/SetPivot16.png using Guid(a2e0c70949436438eb2f97e6849191b8) (TextureImporter) -> (artifact id: 'b5d9a39891ebbb8f3eb56c85e95d7a70') in 0.0075065 seconds
Start importing Assets/EmeraldBunny/Art/upperlidL.png using Guid(a2b364957f02cb14bb1e27c9e76b9a60) (TextureImporter) -> (artifact id: '8b9377dcb145888a401015c948625811') in 0.0106903 seconds
Start importing Packages/com.unity.2d.animation/Editor/Assets/ComponentIcons/Animation.IKManager@32.png using Guid(a2d8694b191104c8cb1b7e715b3a5e47) (TextureImporter) -> (artifact id: 'e1cfa565ec2316cd350e690df396b6e4') in 0.0118606 seconds
Start importing Packages/com.unity.2d.animation/Editor/Assets/EditorIcons/Selected/Sprite_Influence.png using Guid(a2db0b51e2c0e418b8d5f85cee0d4876) (TextureImporter) -> (artifact id: '1a4c9afd95464f86045dd17011bc254b') in 0.0144331 seconds
Start importing Packages/com.unity.render-pipelines.core/Editor/Lighting/Icons/LightUnitIcons/d_IntenseAreaLight.png using Guid(a20ce10a62e5d924a84f1a723e96c07e) (TextureImporter) -> (artifact id: 'f370e0d2c52675f3bb6ee39cb5b4ca88') in 0.0110042 seconds
Start importing Packages/com.unity.render-pipelines.universal/Textures/BlueNoise16/L/LDR_LLL1_24.png using Guid(a2ec5cbf5a9b64345ad3fab0912ddf7b) (TextureImporter) -> (artifact id: 'b8a7299fa55da703c1d610079d054da6') in 0.0046968 seconds
Start importing Packages/com.unity.2d.animation/Editor/Assets/EditorIcons/Light/Visibility_Hidded.png using Guid(a20f7223e2252fc4d813fc92d0f3a614) (TextureImporter) -> (artifact id: 'd6adc0f38fe82f05da69096cf9fb1594') in 0.0142894 seconds
Start importing Packages/com.unity.2d.animation/Editor/Assets/ComponentIcons/Animation.SpriteLibrary On@256.png using Guid(b2d98f54996544507ade581c727c1c51) (TextureImporter) -> (artifact id: 'bcbcf6011ef06b18fe202fec158625dd') in 0.0127214 seconds
Start importing Assets/EmeraldBunny/Art/arm_left_upper.png using Guid(b23ad8c48b8e09d4d9abfc23e281fb30) (TextureImporter) -> (artifact id: '36a29f4b5bde1cec90d5e957690a23b2') in 0.0232527 seconds
Start importing Packages/com.unity.2d.animation/Editor/Assets/EditorIcons/Dark/d_Weight_Slider@2x.png using Guid(b2aca1e4f59dad54785b6ffded66224a) (TextureImporter) -> (artifact id: '4d59aa8327c29c1a723ff765a821fff0') in 0.0057044 seconds
Start importing Packages/com.unity.2d.sprite/Editor/Assets/d_SpriteFrameToggle@32.png using Guid(b2bd41a7c30fc4ad796e452d755dbfb5) (TextureImporter) -> (artifact id: '9288683eff25708a0b42e9e2b402c46f') in 0.016012 seconds
Start importing Packages/com.unity.2d.animation/Editor/Assets/EditorIcons/Dark/d_character_Mode@3x.png using Guid(c22340e383b54c44196cb7765328e79d) (TextureImporter) -> (artifact id: '552dc90ec8f7b08474e28842a8849052') in 0.0056163 seconds
Start importing Packages/com.unity.ugui/Editor Resources/Textures/btn_AlignMidLine.psd using Guid(c2f7f6a88b4c4f20a53deb72f3d9144c) (TextureImporter) -> (artifact id: 'e890c6ca0ddb703dc196049f8a8b27fc') in 0.0048252 seconds
Start importing Packages/com.unity.inputsystem/InputSystem/Editor/Icons/Joystick.png using Guid(c28849deb3e3b45c98965e7efd26f7be) (TextureImporter) -> (artifact id: '6361bd47ee4d87b05bffcefdb800a75e') in 0.0068038 seconds
Start importing Packages/com.unity.shadergraph/GraphTemplates/Cross Pipeline/UnlitSimpleTemplateThumbnail.png using Guid(c21eaaec4c8575e47a9b342ce260b9ed) (TextureImporter) -> (artifact id: '1e18d1ce0690c63d8d2b723b77ae0eb6') in 0.0463585 seconds
Start importing Assets/Resources/Art/Characters/C010/portrait.png using Guid(d2c15d59c1e7d5f9f70864e4bb143f25) (TextureImporter) -> (artifact id: 'b756625906fd1f98e6e339897bc964b6') in 0.0778219 seconds
Start importing Packages/com.unity.2d.animation/Editor/Assets/ComponentIcons/Animation.SpriteSkin On@128.png using Guid(d2ddd27a2c7de4ad99b3d8c9d00e4265) (TextureImporter) -> (artifact id: '6ca9827ef3386296dc1f8c6a1f5578bc') in 0.0067886 seconds
Start importing Packages/com.unity.2d.animation/Editor/Assets/ComponentIcons/Animation.SpriteLibraryVar On@128.png using Guid(e2c573f07f6d7471d9cad8cb2a5fece0) (TextureImporter) -> (artifact id: 'c1051326d66da9c80c9047e36d72af66') in 0.0132747 seconds
Start importing Packages/com.unity.inputsystem/InputSystem/Editor/Icons/d_InputControl@4x.png using Guid(e2078613efd9e410c8771cbd2717f4e7) (TextureImporter) -> (artifact id: 'e0abfeb53d190b2ce5a0288f0a0d099a') in 0.004233 seconds
Start importing Packages/com.unity.render-pipelines.core/Editor/Lighting/Icons/d_LightPlacement_Icon@64.png using Guid(e20f6d92d0ae13040bfcbe8ef57da036) (TextureImporter) -> (artifact id: 'e0c758a53e0ce4e74bacc0b667c8cfff') in 0.0047453 seconds
Start importing Packages/com.unity.render-pipelines.core/Runtime/Debugging/Prefabs/Textures/UIArrowDown.png using Guid(f224bfd122877a34aa49c63693fc317b) (TextureImporter) -> (artifact id: '355105a540d4e161da0fab839663d3bb') in 0.0054001 seconds
Start importing Packages/com.unity.inputsystem/InputSystem/Editor/Icons/d_Stick@4x.png using Guid(f2fd4d7aa99c94a67a6a137fe979a760) (TextureImporter) -> (artifact id: 'f3fc5116fbf89dd23a491675636e46e0') in 0.0046363 seconds
Start importing Packages/com.unity.2d.animation/Editor/Assets/ComponentIcons/d_Animation.IKCCD@256.png using Guid(f2df2ca130cfb4705ae418741cb26ff7) (TextureImporter) -> (artifact id: '73ce1cd81e236dc21fc7e9a43a102799') in 0.0210973 seconds
Start importing Packages/com.unity.2d.animation/Editor/Assets/EditorIcons/Dark/d_Visibility_Hidded@2x.png using Guid(03d0123afb5451345b88c605c86db28b) (TextureImporter) -> (artifact id: 'da9ec9f7f118e95d81160b8eec5f9e4e') in 0.008002 seconds
Start importing Packages/com.unity.2d.animation/Editor/Assets/EditorIcons/Selected/Parent_Bone@4x.png using Guid(03b3f669dc5706a4592344c6385af858) (TextureImporter) -> (artifact id: '49bfafecb783a160a4086b2053d88088') in 0.0064349 seconds
Start importing Packages/com.unity.inputsystem/InputSystem/Editor/Icons/d_Stick@3x.png using Guid(03c3559bb64164f7785cd1250e475250) (TextureImporter) -> (artifact id: 'bce60952841d40c276283ddf0e8f7846') in 0.0050749 seconds
Start importing Packages/com.unity.shadergraph/Editor/Resources/GraphView/Nodes/PreviewCollapse.png using Guid(03d3df9748467354ab39a973710a3a30) (TextureImporter) -> (artifact id: '9f86c4a3b34b8402824567570c94493e') in 0.0044723 seconds
Start importing Packages/com.unity.2d.animation/Editor/Assets/EditorIcons/Light/Create Bones@2x.png using Guid(03976b6af3289c0409a55e2c4eab4087) (TextureImporter) -> (artifact id: '986af98fafd1b6f19a8e7ed6c4f5be53') in 0.0067934 seconds
Start importing Packages/com.unity.inputsystem/InputSystem/Editor/Icons/d_Button.png using Guid(0309256f03c114697813e2296f0a1f18) (TextureImporter) -> (artifact id: '4c499d0273513ec22f4f6369488face0') in 0.0054551 seconds
Start importing Packages/com.unity.render-pipelines.core/Editor/Lighting/Icons/LightUnitIcons/DirectSunlight@2x.png using Guid(03ea000956f47584c872d8b4df47f5ee) (TextureImporter) -> (artifact id: 'de5b438f257b6ace53f727f47fbe44cb') in 0.0049115 seconds
Start importing Assets/Resources/Art/Characters/C010/presenter.png using Guid(037b005252289787cae82b8252fead75) (TextureImporter) -> (artifact id: '9e1d6d83a0cc45c5bd2eed1e35d928bf') in 0.0798591 seconds
Start importing Packages/com.unity.2d.animation/Editor/Assets/EditorIcons/Dark/d_Split_Edge@3x.png using Guid(03cb0f9b9d35a14499ccade97f1b3da1) (TextureImporter) -> (artifact id: '5c4ffaa4322356675bb38f678cd6f800') in 0.0213742 seconds
Start importing Packages/com.unity.render-pipelines.core/Editor/Lighting/Icons/LightUnitIcons/d_Overcast@2x.png using Guid(036f58abb8f232d41b3928a31433cf81) (TextureImporter) -> (artifact id: '641302d7f3270c843ad085d869d6bee4') in 0.008317 seconds
Start importing Packages/com.unity.render-pipelines.core/Editor/Icons/MipLevels/VolumeProfile@128.png using Guid(13d6273ce5597af4f841001aa751c423) (TextureImporter) -> (artifact id: 'f18f0a5663018c6cc88a51a5143fd41a') in 0.0063884 seconds
Start importing Packages/com.unity.inputsystem/InputSystem/Editor/Icons/Pen@2x.png using Guid(13fb345befe624412ac0bd0138d7bcf2) (TextureImporter) -> (artifact id: '687f2eddc039d2c2fa6d9bd7b92ad1e0') in 0.0051922 seconds
Start importing Packages/com.unity.render-pipelines.core/Editor/Icons/RenderGraphViewer/Global@2x.png using Guid(13acc8e36620f0c499762b092afc9538) (TextureImporter) -> (artifact id: 'f8d52557630bf8ae24dae1090c90c4f3') in 0.0064709 seconds
Start importing Packages/com.unity.render-pipelines.core/Editor/LookDev/Icons/Camera1.png using Guid(2384eb5de05269b44a58f8dd1d83d725) (TextureImporter) -> (artifact id: 'ce3d5e7db0bc0cf7b90bb568aa7ecad9') in 0.0067967 seconds
Start importing Packages/com.unity.render-pipelines.core/Editor/Icons/RenderGraphViewer/Import@2x.png using Guid(23d6b8595de0e04429daf108638fe785) (TextureImporter) -> (artifact id: '1e9ee8a7028f3baff59ae4219c94f33a') in 0.0067061 seconds
Start importing Assets/Resources/Art/Characters/C001/presenter_v3.png using Guid(2398abbafa824ef4c94a6c11204f2e2b) (TextureImporter) -> (artifact id: 'a86476313d412d2c2294f00871b9f32b') in 0.0758134 seconds
Start importing Packages/com.unity.render-pipelines.universal/Textures/BlueNoise256/LDR_LLL1_5.png using Guid(3302065f671a8450b82c9ddf07426f3a) (TextureImporter) -> (artifact id: 'a5bd612fd1241fefe9b42212fba8728a') in 0.0061413 seconds
Start importing Packages/com.unity.inputsystem/InputSystem/Editor/AssetEditor/PackageResources/blue.png using Guid(33f32142c2c2d4662be5f5274db27158) (TextureImporter) -> (artifact id: 'e11e645a6b0715ce3cf2089b588ae049') in 0.0043028 seconds
Start importing Packages/com.unity.render-pipelines.core/Editor/Lighting/Icons/LightUnitIcons/Candlelight@2x.png using Guid(3387986904fe97b4cb1a1b607d1e7039) (TextureImporter) -> (artifact id: 'dc19e5629af1c398d35e43d2c845202d') in 0.0043133 seconds
Start importing Packages/com.unity.render-pipelines.core/Editor/Icons/RenderGraphViewer/d_Import@2x.png using Guid(33191aa3ed97cff4aa04bf4719f713ed) (TextureImporter) -> (artifact id: 'aa1c08dde2f920f4706a6a14e8f70d16') in 0.0039616 seconds
Start importing Packages/com.unity.2d.animation/Editor/Assets/EditorIcons/Dark/d_Edit_Pose@3x.png using Guid(334b0c5a2da656f4a9d2fe6b658cfd68) (TextureImporter) -> (artifact id: '42027bd8b4e081e4df950a742044c6d0') in 0.0049488 seconds
Start importing Packages/com.unity.render-pipelines.universal/Textures/BlueNoise256/LDR_LLL1_7.png using Guid(331c5658939a2461d8c7a0b3691eb7d5) (TextureImporter) -> (artifact id: '7ef59f0ab3b216871bba26ed86453479') in 0.0055588 seconds
Start importing Packages/com.unity.2d.animation/Editor/Assets/EditorIcons/Dark/d_Visibility_Hidded.png using Guid(331d72d503bf74243aa04430504cee09) (TextureImporter) -> (artifact id: 'b09ab9c6eccfbcb27cf1810c16964ad5') in 0.0052465 seconds
Start importing Packages/com.unity.2d.animation/Editor/Assets/ComponentIcons/Animation.SpriteLibraryVar@64.png using Guid(33cf904ffefc842ddb5ccf1565cd94b3) (TextureImporter) -> (artifact id: 'a1e109b9cfcfe1be9d5c2762cf17f421') in 0.0069762 seconds
Start importing Packages/com.unity.render-pipelines.core/Editor/Icons/RenderGraphViewer/dash.png using Guid(33ff6e2aa12671544bb4df30e6443789) (TextureImporter) -> (artifact id: '8db5206a792781cc47f1ae6a8a28dfef') in 0.0039057 seconds
Start importing Assets/Resources/Art/Characters/C001/preview_new.tan_backup.png using Guid(435776f4315a97d43908ec0228d2126d) (TextureImporter) -> (artifact id: 'ad78ee4c40fd0cecb20a4f964330177d') in 0.0928231 seconds
Start importing Packages/com.unity.2d.animation/Editor/Assets/ComponentIcons/d_Animation.IKLimb@128.png using Guid(4328211baea95405ab6b8d24456fcbc9) (TextureImporter) -> (artifact id: 'fc46551b886b60a9b8597ca91758e894') in 0.0068398 seconds
Start importing Assets/Resources/Art/Characters/C003/portrait.png using Guid(5302c33f585e443e1695f23d83f12fda) (TextureImporter) -> (artifact id: '4681697786f511506ff8b30b886d2e5c') in 0.0494253 seconds
Start importing Packages/com.unity.2d.animation/Editor/Assets/EditorIcons/Selected/d_Visibility_Hidded.png using Guid(53537648d368cf6459e256af3d925e09) (TextureImporter) -> (artifact id: '9a029c99c91d44f0e33224539c24953f') in 0.0051193 seconds
Start importing Packages/com.unity.2d.animation/Editor/Assets/ComponentIcons/Animation.IKFabrik.png using Guid(53d33bff0a9374b6db003552e5767cdb) (TextureImporter) -> (artifact id: '78e44408f10453976dc7f35eaef7361d') in 0.0074369 seconds
Start importing Packages/com.unity.2d.common/Path/Editor/Handles/TangentLinearPro.png using Guid(5315c047999aa4d869298f6988dfeb30) (TextureImporter) -> (artifact id: 'dcc9de8aae550659b96aba5e99ee2f40') in 0.0257654 seconds
Start importing Assets/Resources/Art/Characters/C001/LiveLayers/layer_foot_r.png using Guid(53b655d10637b97428f96b057e92dbb1) (TextureImporter) -> (artifact id: '04f73c1bd26ad90d60d65045e3fdcf3c') in 0.0189208 seconds
Start importing Packages/com.unity.2d.animation/Editor/Assets/ComponentIcons/Animation.IKManager On.png using Guid(53c84f3dfe8b04b6db1fb80443fafbaf) (TextureImporter) -> (artifact id: '3689410bb61f155b7050cde9a71b8fb9') in 0.005147 seconds
Start importing Packages/com.unity.shadergraph/Editor/Resources/Icons/SettingsIcons.png using Guid(53bf71ace226b574d88c828e8b631aae) (TextureImporter) -> (artifact id: '8b700e36eb32cfd873f26d86173c735a') in 0.0044712 seconds
Start importing Packages/com.unity.2d.animation/Editor/Assets/EditorIcons/Light/Weight_Slider@2x.png using Guid(6306a4776b130304bba7a139fc1d2bb8) (TextureImporter) -> (artifact id: '92370e67c584514c61e1258d27f254c0') in 0.0057223 seconds
Start importing Packages/com.unity.2d.animation/Editor/Assets/ComponentIcons/Animation.IKManager@256.png using Guid(63a9bd0d002bb4d598c276d9f5aabc30) (TextureImporter) -> (artifact id: 'd06624cd0d8f1c02211c89e1fb070b3d') in 0.0137769 seconds
Start importing Assets/EmeraldBunny/Art/hair_gem.png using Guid(63afd0bc2a4cdf745b48b6aa641049d1) (TextureImporter) -> (artifact id: 'be24103e949b4fc8516f624805b1f722') in 0.0300424 seconds
Start importing Assets/Inochi2D/Resources/i2d-logo.png using Guid(7322920b58dda9543bcdb42b5fbfbd7e) (TextureImporter) -> (artifact id: '65d029464a3c54039b4a231d3a1780c3') in 0.011827 seconds
Start importing Packages/com.unity.2d.animation/Editor/Assets/EditorIcons/Selected/Visibility_Tool.png using Guid(7342ee656932e31489ea62e64e012645) (TextureImporter) -> (artifact id: '8f5c8b90bd70a9cd57f9984f9983799e') in 0.0067126 seconds
Start importing Packages/com.unity.2d.animation/Editor/Assets/EditorIcons/Light/Bone_Influence@2x.png using Guid(7395bf0bc3cc40e4ab2dda5ec6832261) (TextureImporter) -> (artifact id: '05f245dc7ad860103325347c0a06ccb2') in 0.0051586 seconds
Start importing Packages/com.unity.render-pipelines.core/Editor/Lighting/Icons/LightUnitIcons/d_DecorativeLight.png using Guid(73e9cf59769215c4892d0a8008f39737) (TextureImporter) -> (artifact id: '139250967af1afbb439ba31704ac33c0') in 0.0048849 seconds
Start importing Packages/com.unity.render-pipelines.core/Runtime/Debug/ProbeVolumeNumbersDisplayTex.png using Guid(73fe53b428c5b3440b7e87ee830b608a) (TextureImporter) -> (artifact id: '6d3b77319c43578e2fc50f211cd8a07c') in 0.0072679 seconds
Start importing Packages/com.unity.shadergraph/GraphTemplates/Cross Pipeline/DecalSimpleTemplateThumbnail.png using Guid(73df811908489f1408d1bec44aab3a80) (TextureImporter) -> (artifact id: '9d438e350040abecc48cc869df5618f6') in 0.0378997 seconds
Start importing Packages/com.unity.inputsystem/InputSystem/Editor/Icons/d_Gamepad@4x.png using Guid(83438053370c84456a73f7f95ef821fb) (TextureImporter) -> (artifact id: '7e8a090fe8218732a5a3db71c20bbd09') in 0.0041891 seconds
Start importing Packages/com.unity.inputsystem/InputSystem/Editor/Icons/d_Keyboard.png using Guid(83382fb171da648c594229ca6fa7ad94) (TextureImporter) -> (artifact id: '2a8381ce54cd2c43ecbbee7cbc01af23') in 0.0042953 seconds
Start importing Packages/com.unity.render-pipelines.core/Editor/LookDev/Icons/d_LayoutHorizontal.png using Guid(83cbec96661199e408a744d4c3e586e2) (TextureImporter) -> (artifact id: '9187165b61b299a1576c443e8fb67e96') in 0.0050498 seconds
Start importing Packages/com.unity.2d.animation/Editor/Assets/ComponentIcons/Animation.IKLimb On@32.png using Guid(9382c856352ae4001b0ec605e74a61de) (TextureImporter) -> (artifact id: 'dcd65867f1e8a42b99bdf31418609624') in 0.0054435 seconds
Start importing Assets/EmeraldBunny/Art/chair_leftarm_lower_fixed.png using Guid(9364477c886414c4e9d50832277d9510) (TextureImporter) -> (artifact id: 'da2ab56c429a28fd8d7e54e523442937') in 0.0187743 seconds
Start importing Packages/com.unity.2d.animation/Editor/Assets/EditorIcons/Light/Edit_Pose.png using Guid(9369d4108c727134a8f5a9618cfbbf18) (TextureImporter) -> (artifact id: '6a0498826694fa32d423f8b6726d512c') in 0.0057743 seconds
Start importing Packages/com.unity.2d.animation/Editor/Assets/ComponentIcons/Animation.IKFabrik@64.png using Guid(934b23cc1699f467688d787b9d303561) (TextureImporter) -> (artifact id: '284559d1eb1ab6fb7a6de3d1292df6b0') in 0.0056926 seconds
Start importing Packages/com.unity.2d.animation/Editor/Assets/EditorIcons/Light/Parent_Bone@3x.png using Guid(a316f87205656c949a135f4c7ae8d5f2) (TextureImporter) -> (artifact id: 'b3cdc9e294db770d7dc99b8b89df7d82') in 0.0049588 seconds
Start importing Packages/com.unity.2d.animation/Editor/Assets/EditorIcons/Dark/d_character_Mode.png using Guid(a33833072bf90f34c856623b67d0e897) (TextureImporter) -> (artifact id: '092d5828d813f7ccbf35d2f45da556bd') in 0.0048018 seconds
Start importing Packages/com.unity.inputsystem/InputSystem/Editor/Icons/Position@2x.png using Guid(a3fa73829479e4b41965e749fcca7c12) (TextureImporter) -> (artifact id: '487036c75a1fcc3ed6c666cc6760ad60') in 0.0038444 seconds
Start importing Assets/Resources/Art/Characters/C001/LiveLayers/layer_arm_l.png using Guid(a30bfe98f66ef9d4f9e6aea632816530) (TextureImporter) -> (artifact id: '4f6ccf66aee1e69fc4699abca1b9f1ed') in 0.0114816 seconds
Start importing Packages/com.unity.2d.animation/Editor/Assets/EditorIcons/Dark/d_SetPivot256.png using Guid(a3de9d1408f25449bb288eebcebfb832) (TextureImporter) -> (artifact id: '0e4374a9956968af0649d460c57018e1') in 0.0085755 seconds
Start importing Packages/com.unity.render-pipelines.core/Editor/Lighting/Icons/LightUnitIcons/ExteriorLight@2x.png using Guid(a3fe770bc25a98540958d57e10f2a5fd) (TextureImporter) -> (artifact id: 'c2651c9e7b50de446519e6a140c7e264') in 0.0041609 seconds
Start importing Packages/com.unity.2d.animation/Editor/Assets/EditorIcons/Light/Edit_Geometry@3x.png using Guid(b37297243655c064a8cd48d76a074ca0) (TextureImporter) -> (artifact id: '5fe65384c3c96083deb54cda9ba07105') in 0.0055718 seconds
Start importing Packages/com.unity.render-pipelines.core/Runtime/Debugging/Prefabs/Textures/UICheckMark.png using Guid(b346b2a2df1d290438be3287b6419408) (TextureImporter) -> (artifact id: '4f72a66b1a94db0192e691563a3894dd') in 0.0055599 seconds
Start importing Packages/com.unity.render-pipelines.core/Editor/Lighting/Icons/Advanced_UnPressed_mini.png using Guid(b356b95f05b77cf49a1b8241134f44c4) (TextureImporter) -> (artifact id: 'e5e908c458bc5d417be275da75263d2f') in 0.007684 seconds
Start importing Packages/com.unity.render-pipelines.core/Editor/Lighting/Icons/LightUnitIcons/CloudySky@2x.png using Guid(c30d00a81d6542c40ae1837621e3969e) (TextureImporter) -> (artifact id: '1a759e8994cd723ccd83638841b0b328') in 0.0050699 seconds
Start importing Packages/com.unity.2d.animation/Editor/Assets/ComponentIcons/d_Animation.SpriteLibraryVar@128.png using Guid(c38da00047c364d939a5857fc7e8a17a) (TextureImporter) -> (artifact id: '948ef838ee9f30c6efa90d828ecb5934') in 0.0065758 seconds
Start importing Packages/com.unity.render-pipelines.core/Editor/Icons/MipLevels/Volume@32.png using Guid(d35462a3f88c67241b7b7cd6dc624ccb) (TextureImporter) -> (artifact id: 'd90701a91d06a46731f66fa108094c1c') in 0.004078 seconds
Start importing Packages/com.unity.render-pipelines.universal/Textures/BlueNoise16/L/LDR_LLL1_18.png using Guid(d36f0fe53425e08499a2333cf423634c) (TextureImporter) -> (artifact id: '45bb737863d1e592ce868eaa3c117976') in 0.0038238 seconds
Start importing Packages/com.unity.ugui/Editor Resources/Textures/SectionHeader_Light.psd using Guid(e3b0f810fdea84e40ab4ba20f256f7e8) (TextureImporter) -> (artifact id: 'a522ad95440f5bbb2390ee0bbcf41ede') in 0.0045031 seconds
Start importing Packages/com.unity.render-pipelines.universal/Textures/BlueNoise256/LDR_LLL1_4.png using Guid(e32226222ff144b24bf3a5a451de54bc) (TextureImporter) -> (artifact id: '0ce68f40b084cc80f1ad20bd7fda1ef7') in 0.010054 seconds
Start importing Packages/com.unity.render-pipelines.universal/Textures/BlueNoise64/L/LDR_LLL1_0.png using Guid(e3d24661c1e055f45a7560c033dbb837) (TextureImporter) -> (artifact id: 'c87d8732aabc8b4f1b8f673561980b58') in 0.0043964 seconds
Start importing Packages/com.unity.render-pipelines.universal/Editor/SceneTemplates/Indoors/ReflectionProbe-0.exr using Guid(e375ace14cc3b5b448ca85ba2455930c) (TextureImporter)Starting cubemap convolution for '' (size 128)
...took 0.084 seconds
 -> (artifact id: '686e2f27836da53116809d2699a9f483') in 0.2552975 seconds
Start importing Packages/com.unity.render-pipelines.universal/Editor/Gizmos/Camera_UI.png using Guid(e3c6759aa8004ae458959d7fe48d6a74) (TextureImporter) -> (artifact id: 'be7b8b0c0832888467944eb30c06e537') in 0.0063814 seconds
Start importing Packages/com.unity.searcher/Editor/Resources/FlatSkin/SearchSmallDownOn.png using Guid(f353e9d22eb9164499dd70cb41b00244) (TextureImporter) -> (artifact id: '28cdf1c249df8214c09d587e8f0f58b8') in 0.0047003 seconds
Start importing Packages/com.unity.2d.animation/Editor/Assets/EditorIcons/Light/Visibility_Hidded@2x.png using Guid(f3940f64802892746b2ec336d3b0c5f4) (TextureImporter) -> (artifact id: '14b444983bda2098b578a76cc0b3b673') in 0.0063156 seconds
Start importing Assets/Resources/Art/Characters/C007/presenter.png using Guid(f33e4a756e5db21d8bc8b340997afd61) (TextureImporter) -> (artifact id: '7146637d57aeb5bb87de01d22a8a8cbe') in 0.0830708 seconds
Start importing Packages/com.unity.render-pipelines.core/Editor/LookDev/Icons/LayoutHorizontal@2x.png using Guid(f3fe1e478135ed34db9a1f6707f52c6a) (TextureImporter) -> (artifact id: '9cc022d6b1552600d0a3dba3c0dcc043') in 0.0056098 seconds
Start importing Packages/com.unity.2d.animation/Editor/Assets/ComponentIcons/Animation.SpriteLibraryVar.png using Guid(0490d28a1206e4c4cb4954be7b678980) (TextureImporter) -> (artifact id: 'e8c632f2a84e93e9420e49316c5cc083') in 0.0054092 seconds
Start importing Packages/com.unity.2d.animation/Editor/Assets/ComponentIcons/d_Animation.SpriteSkin.png using Guid(049256017895a43b4b47a8eb639ad05e) (TextureImporter) -> (artifact id: 'b970079cbeafc3b61ac410cd1824a558') in 0.0070996 seconds
Start importing Packages/com.unity.render-pipelines.core/Editor/Lighting/Icons/LightUnitIcons/d_IntenseAreaLight@2x.png using Guid(0493fb4c3bbfd6a4396f7f221b5ce034) (TextureImporter) -> (artifact id: '96c23737bb2594f367ac693cca619dc1') in 0.0057121 seconds
Start importing Packages/com.unity.render-pipelines.core/Editor/Lighting/Icons/LightUnitIcons/BrightSky@2x.png using Guid(04c70b69874deb746a4c63f1a29f7715) (TextureImporter) -> (artifact id: 'b1e973226e7c6ed52e678e706f2d21a3') in 0.005299 seconds
Start importing Assets/EmeraldBunny/Art/chair_leftarm.png using Guid(04292ffa133f51e4cae8e9e7417eb07d) (TextureImporter) -> (artifact id: '14c139d03e86a49103d1cda858f0ab37') in 0.0067723 seconds
Start importing Packages/com.unity.2d.animation/Editor/Assets/EditorIcons/Dark/d_Bone_Influence@2x.png using Guid(045a46ed7fd32804eb02dc411be96859) (TextureImporter) -> (artifact id: '88664e9eb2d4b747075b37fdd881575f') in 0.0063847 seconds
Start importing Packages/com.unity.2d.sprite/Editor/ObjectMenuCreation/DefaultAssets/Textures/IsometricDiamond.png using Guid(045b15ec09bba42448d89db77fa6f20a) (TextureImporter) -> (artifact id: 'a3e19e74e695f645d0199a2423f7defb') in 0.0066671 seconds
Start importing Packages/com.unity.render-pipelines.core/Editor/LookDev/Icons/Remove@2x.png using Guid(049c8a7821177594692244298d82e4af) (TextureImporter) -> (artifact id: '58b8162800a024e43fc2e6db58857faa') in 0.0070716 seconds
Start importing Packages/com.unity.render-pipelines.universal/Textures/BlueNoise16/L/LDR_LLL1_17.png using Guid(14381521ff11cb74abe3fe65401c23be) (TextureImporter) -> (artifact id: 'a8fcb44164c4d732886387a5372019b8') in 0.0055835 seconds
Start importing Assets/Resources/Art/Characters/C001/Layers/layer_body_blink.png using Guid(146d70093edf427d8a5ef13d5621e5f2) (TextureImporter) -> (artifact id: '27a7c03a2dad4f1d2f207b76c0d2c6e9') in 0.0760588 seconds
Start importing Packages/com.unity.render-pipelines.universal/Editor/Gizmos/Camera_Base.png using Guid(24b1fe14c2b41d6489a7e7819483df6b) (TextureImporter) -> (artifact id: '4e99170ad35a4972d7793193ff86b674') in 0.0106727 seconds
Start importing Packages/com.unity.2d.animation/Editor/Assets/EditorIcons/Light/Mesh.png using Guid(24f90d3fa2df5c84abbf1455cfda472e) (TextureImporter) -> (artifact id: 'e6386e6ce6ac95fda0aba038e6b0f58a') in 0.0067818 seconds
Start importing Packages/com.unity.2d.animation/Editor/Assets/EditorIcons/Dark/d_Bone@4x.png using Guid(246d7c7c8e9e6cf43893ae13c5a81bdf) (TextureImporter) -> (artifact id: '2af82d1efcb5d3dc2e1e241ee2ac3685') in 0.0059257 seconds
Start importing Assets/Resources/Art/Characters/C001/V3Layers/layer_hair_back.png using Guid(248ddc76636b2284ea430fbfc56ea446) (TextureImporter) -> (artifact id: '896ae78186d0772a60fd3731d06d54d7') in 0.072409 seconds
Start importing Packages/com.unity.2d.animation/Editor/Assets/EditorIcons/Light/Mesh@2x.png using Guid(242f58a86f3ee8e418809e5fc269d531) (TextureImporter) -> (artifact id: 'dbb0d6c6fac8ef4320cbaebff4da03a4') in 0.0059513 seconds
Start importing Packages/com.unity.2d.animation/Editor/Assets/EditorIcons/Selected/d_Bone@2x.png using Guid(24cf210708c57674b894af3341b1738b) (TextureImporter) -> (artifact id: '3e23008f87229dc69426132fb162334c') in 0.0076524 seconds
Start importing Assets/EmeraldBunny/Art/leg_rear_calf_lower_rear.png using Guid(34281a7461c6ff5419c00c335efdb7a6) (TextureImporter) -> (artifact id: '9454e03f1209bd4456eddb30a94711fa') in 0.0108069 seconds
Start importing Packages/com.unity.2d.animation/Editor/Assets/EditorIcons/Selected/Create_Edge@4x.png using Guid(3458c119c69e9bc4f9647599c2901dee) (TextureImporter) -> (artifact id: '050e92d80ca94e6fcab92eb0c0a253a4') in 0.0062594 seconds
Start importing Packages/com.unity.2d.sprite/Editor/ObjectMenuCreation/DefaultAssets/Textures/CapsuleWithBorder.png using Guid(34587324d412940a79d530020c957dc0) (TextureImporter) -> (artifact id: '9363041924aac7f8dd833e6400f3d8e9') in 0.009743 seconds
Start importing Packages/com.unity.inputsystem/InputSystem/Editor/Icons/d_Axis.png using Guid(34f9452ba2ee14c0b9c976800caef571) (TextureImporter) -> (artifact id: '0b1b4468ac6466b8e5c1396f9814f6ed') in 0.0045879 seconds
Start importing Packages/com.unity.ugui/Editor Resources/Textures/btn_AlignRight.psd using Guid(342a0f8aca7f4f0691338912faec0494) (TextureImporter) -> (artifact id: '02453f5020ecfc44e6bcb72699d3c126') in 0.0038426 seconds
Start importing Packages/com.unity.2d.animation/Editor/Assets/ComponentIcons/d_Animation.IKFabrik@32.png using Guid(343de650405d34e75bf52853707670d5) (TextureImporter) -> (artifact id: 'fa9b77a4e6544cbeb24d8bdd06b42484') in 0.0048053 seconds
Start importing Packages/com.unity.render-pipelines.core/Editor/Lighting/Icons/d_LightPlacement_Icon On@256.png using Guid(4439e27e7ae7188468effbc23418e0e1) (TextureImporter) -> (artifact id: '18ce38b056555c3bbf2494bb5c561f3b') in 0.007723 seconds
Start importing Packages/com.unity.2d.animation/Editor/Assets/EditorIcons/Dark/d_SetPivot32.png using Guid(449ceb998ff49400da801fc4d707b896) (TextureImporter) -> (artifact id: 'c0259f759c245758f643781a809d78ae') in 0.0086725 seconds
Start importing Packages/com.unity.2d.animation/Editor/Assets/EditorIcons/Selected/d_Bone@3x.png using Guid(443d05f2a4ae81a4297ac8ec762644c3) (TextureImporter) -> (artifact id: '6ea084b9578efd74289d6059339a8421') in 0.0078408 seconds
Start importing Packages/com.unity.2d.animation/Editor/Assets/EditorIcons/Light/Copy@4x.png using Guid(5430b5412bcac5b4986be0a875a5e978) (TextureImporter) -> (artifact id: 'cbbb3a5b52ba70e0766f0a2fc5dbe710') in 0.0059009 seconds
Start importing Packages/com.unity.2d.animation/Editor/Assets/ComponentIcons/d_Animation.SpriteLibraryVar@64.png using Guid(54e0c48589e594d96a00db47801df58b) (TextureImporter) -> (artifact id: 'c224db1544b5445f2e58c92531eaed0d') in 0.0103886 seconds
Start importing Packages/com.unity.inputsystem/InputSystem/Editor/Icons/d_Interactive Binding@3x.png using Guid(542599ad529004327a7b18f7b2a4aeb8) (TextureImporter) -> (artifact id: '014a1c7f64c723ec9419e7c9e788d911') in 0.0059427 seconds
Start importing Packages/com.unity.2d.animation/Editor/Assets/EditorIcons/Light/Paste@2x.png using Guid(54b8604d8a7085842917d5b83ca73854) (TextureImporter) -> (artifact id: '2d54e6f80ae4dbb6a4b57535e13b6e58') in 0.0094023 seconds
Start importing Packages/com.unity.2d.animation/Editor/Assets/ComponentIcons/Animation.IKManager On@64.png using Guid(54ce89f1e912746ecb70ddf53bead1f8) (TextureImporter) -> (artifact id: '64228c417aaea7360498b829b3f89496') in 0.0135752 seconds
Start importing Packages/com.unity.2d.animation/Editor/Assets/EditorIcons/Dark/d_Split Bones@3x.png using Guid(64d1c4e3e3931d64880fdffaf2f4b938) (TextureImporter) -> (artifact id: '04fafa2a49c2b74c35bb1a159d1159f0') in 0.011444 seconds
Start importing Packages/com.unity.ugui/Editor Resources/Textures/btn_AlignFlush_Light.psd using Guid(64b9fad609434c489c32b1cdf2004a1c) (TextureImporter) -> (artifact id: '7b380f9d23dffed4493726c71dd54cb8') in 0.0087986 seconds
Start importing Assets/EmeraldBunny/Art/chair_leg_backleft_lower_fixed.png using Guid(7436e0ac6d218b8478db4be68e4634cd) (TextureImporter) -> (artifact id: '73f0c73a6753c69998616c4cdd1600fa') in 0.0129042 seconds
Start importing Packages/com.unity.2d.sprite/Editor/Assets/d_SpriteEditor@2x.png using Guid(74d9036aa1bb14ccfafb89d639870288) (TextureImporter) -> (artifact id: 'e5563f8077ad7d082b3822bddc4f2daa') in 0.0179741 seconds
Start importing Packages/com.unity.2d.animation/Editor/Assets/EditorIcons/Light/character_Mode@4x.png using Guid(748ae8b33df036b46a86e0387f1602cf) (TextureImporter) -> (artifact id: 'e22f5d1de0ddbac281c8b74e677e6e7b') in 0.0110135 seconds
Start importing Packages/com.unity.render-pipelines.core/Editor/Lighting/Icons/PresetFill_Left.png using Guid(84767f608f72f5a4090837fc328dd75f) (TextureImporter) -> (artifact id: '224d130345297fba678a892aaa7323af') in 0.0074202 seconds
Start importing Packages/com.unity.render-pipelines.core/Editor/LookDev/Icons/d_LeftArrow.png using Guid(84189b4c7caeef3419b6b031b8812685) (TextureImporter) -> (artifact id: 'fd4d5299dc25e3cde5018f5c246cf3bf') in 0.0064275 seconds
Start importing Packages/com.unity.2d.animation/Editor/Assets/ComponentIcons/Animation.IKCCD@64.png using Guid(84b96a9d1862c4a59afc0fff9875bfc4) (TextureImporter) -> (artifact id: '36ff6ebe6da2bdc024144a11ad44fd64') in 0.008135 seconds
Start importing Packages/com.unity.render-pipelines.universal/Editor/ShaderGraph/GraphTemplates/FullscreenBasicTemplateThumbnail.png using Guid(9410f8b043e30fe4da99295d950c470f) (TextureImporter) -> (artifact id: 'df7a0f6ec600c0097601fb85940e211c') in 0.0356945 seconds
Start importing Packages/com.unity.shadergraph/Editor/Resources/GraphView/Nodes/NodeChevronUp@2x.png using Guid(94c5e3f4e8affed4285a0c674a431b9e) (TextureImporter) -> (artifact id: 'f2d1403abaf56d8de1f12bbff317ec4c') in 0.0113898 seconds
Start importing Packages/com.unity.render-pipelines.core/Editor/Lighting/Icons/LightUnitIcons/d_SoftAreaLight.png using Guid(940a20d919196f1408474a7b7057f4b9) (TextureImporter) -> (artifact id: 'a0fbe7834f14c22326a2317b2e43f3b9') in 0.0086529 seconds
Start importing Packages/com.unity.inputsystem/InputSystem/Editor/Icons/d_Touch.png using Guid(94fa2e214a138425e8afbbe1329e0b55) (TextureImporter) -> (artifact id: '97fcea03d7b15885e1747d77b32db53f') in 0.0068992 seconds
Start importing Packages/com.unity.2d.animation/Editor/Assets/EditorIcons/Light/Paste.png using Guid(94cc0d3ec6363a94c8802f10ef239744) (TextureImporter) -> (artifact id: '1336d65556e3f580f592107395929879') in 0.0069554 seconds
Start importing Packages/com.unity.render-pipelines.core/Editor/LookDev/Icons/d_Link.png using Guid(94ec4fdf9502c3747b5c0754ca18919e) (TextureImporter) -> (artifact id: '94925edcbf0bc260301b8559d10aa420') in 0.0090855 seconds
Start importing Packages/com.unity.inputsystem/InputSystem/Editor/AssetEditor/PackageResources/pro/actionTreeBackgroundWithoutBorder.png using Guid(943deaaee9c9347e0a455aa208526c42) (TextureImporter) -> (artifact id: 'b4e9d6ad276d2556456ac8fb4c90851f') in 0.0044405 seconds
Start importing Packages/com.unity.inputsystem/InputSystem/Editor/Icons/Joystick@3x.png using Guid(a4610f64a5a4e4625b1ddbd44b04c5a6) (TextureImporter) -> (artifact id: '61be10b779190d7252c7fcbb5a4e2238') in 0.0101396 seconds
Start importing Packages/com.unity.render-pipelines.core/Editor/LookDev/Icons/d_Environment@2x.png using Guid(a4638c6b8e07c0b49822ed7a91a96d0a) (TextureImporter) -> (artifact id: '2d04a8b12c8c8eabb0a6491b91bb1066') in 0.0144005 seconds
Start importing Packages/com.unity.inputsystem/InputSystem/Editor/Icons/TrackedPoseDriver.png using Guid(a4d5a38cb01e9c54aa75431f797059cb) (TextureImporter) -> (artifact id: '752429fe2653c4b93d4170fdddb36192') in 0.0050574 seconds
Start importing Packages/com.unity.2d.animation/Editor/Assets/EditorIcons/Light/Generate_Geometry@4x.png using Guid(a4c77cea19fd0f84581d6e437a86290c) (TextureImporter) -> (artifact id: 'f78f44db10566bd15c3d7cbd012eeb7f') in 0.0078177 seconds
Start importing Packages/com.unity.inputsystem/InputSystem/Editor/Icons/d_Add Binding.png using Guid(a4bbff684804d4c84b61cd0256cd2360) (TextureImporter) -> (artifact id: '4df242f5f8fdb7a763a25cf6ef8ba9a6') in 0.0065508 seconds
Start importing Packages/com.unity.inputsystem/InputSystem/Editor/Icons/Position@3x.png using Guid(a43c2c10c85c448b584c8f2840f86915) (TextureImporter) -> (artifact id: '4097b43db57f9838d75f7147ed1954b6') in 0.0220083 seconds
Start importing Packages/com.unity.2d.animation/Editor/Assets/ComponentIcons/Animation.IKManager On@256.png using Guid(a4bde53ec7c104f868be7329e31dd480) (TextureImporter) -> (artifact id: 'd388d5733e0c325eaf9a41423f6b52c8') in 0.0194372 seconds
Start importing Packages/com.unity.inputsystem/InputSystem/Editor/Icons/Stick@3x.png using Guid(a4deca3e01bf64bfc9136f4cb3b41c9f) (TextureImporter) -> (artifact id: '6afa4f3a6736e9f86dc0487c35e1098b') in 0.0061427 seconds
Start importing Packages/com.unity.render-pipelines.core/Editor/Resources/Gizmos/ProbeVolume.png using Guid(a4aff83690b661e4fab719effabef2a9) (TextureImporter) -> (artifact id: 'ca6f472afc3c6051cf298afe8db739e7') in 0.0107276 seconds
Start importing Packages/com.unity.2d.animation/Editor/Assets/EditorIcons/Dark/d_Create Bones.png using Guid(b4b58192a0265df4980d56bf9054df08) (TextureImporter) -> (artifact id: '893b770f98cdc89323fb86447e30d16e') in 0.1623582 seconds
Start importing Packages/com.unity.render-pipelines.universal/Textures/FilmGrain/Medium06.png using Guid(b4db8180660810945bf8d55ab44352ad) (TextureImporter) -> (artifact id: '9450bcae1ddc02abfa8c8035757c554c') in 0.0144076 seconds
Start importing Packages/com.unity.render-pipelines.universal/Editor/2D/Resources/LightCapTopRight.png using Guid(b42c95bdd7efefc43900dbbedc4a39f8) (TextureImporter) -> (artifact id: 'dcca08805d6189988acf9aa3778aa025') in 0.0053488 seconds
Start importing Packages/com.unity.inputsystem/InputSystem/Editor/Icons/d_InputControl@2x.png using Guid(c4235c4abfa134435bd4c8c1f8fd8c56) (TextureImporter) -> (artifact id: '54295d036d24e79b40a3bf14384655bb') in 0.0048791 seconds
Start importing Packages/com.unity.inputsystem/InputSystem/Editor/AssetEditor/PackageResources/pro/actionTreeBackground.png using Guid(c4b66e31395c54087a2fbc13ae7e0f3c) (TextureImporter) -> (artifact id: '3e171366ac8a60672ba51f1e59125956') in 0.0055198 seconds
Start importing Packages/com.unity.inputsystem/InputSystem/Editor/Icons/ChevronUp@4x.png using Guid(c4f7551c56dfb47a7a105b6579646d2f) (TextureImporter) -> (artifact id: 'c4897a712571660f8a0db86ce38a17fe') in 0.007709 seconds
Start importing Packages/com.unity.render-pipelines.core/Editor/Lighting/Icons/d_LightPlacement_Icon@32.png using Guid(c4f74ec1885109d438846c229989bcf9) (TextureImporter) -> (artifact id: '70ee088e8725d080ea7a434ac4ac112f') in 0.0108345 seconds
Start importing Packages/com.unity.2d.animation/Editor/Assets/ComponentIcons/d_Animation.IKLimb@64.png using Guid(c4b88bdeab9b1418083e414b97e3f1cd) (TextureImporter) -> (artifact id: '6edd1fa65f80f21522d511636ee48568') in 0.0183954 seconds
Start importing Packages/com.unity.2d.animation/Editor/Assets/ComponentIcons/Animation.SpriteSkin On@32.png using Guid(c48d0173f2d2c40679bc236de8551a69) (TextureImporter) -> (artifact id: 'a27499ee3b96fdb08f768cf259e7a8a0') in 0.0195417 seconds
Start importing Packages/com.unity.2d.animation/Editor/Assets/EditorIcons/Dark/d_character_Mode@2x.png using Guid(d4a1388a0d4ee9c44bcaa86e463a7b39) (TextureImporter) -> (artifact id: '727cb9415bdda3599cc11203932034e4') in 0.0128152 seconds
Start importing Packages/com.unity.render-pipelines.universal/Textures/BlueNoise16/L/LDR_LLL1_19.png using Guid(d4044ea2490d63b43aa1765f8efbf8a9) (TextureImporter) -> (artifact id: 'ae4add718e08c5d95cb9485a9b746a5e') in 0.0178162 seconds
Start importing Packages/com.unity.2d.animation/Editor/Assets/EditorIcons/Light/character_Mode.png using Guid(d4d64a6cd9624c34a815dd79fb2a20a4) (TextureImporter) -> (artifact id: 'f85731adaf2e6bcbbc5a13feb57c68fb') in 0.0101071 seconds
Start importing Packages/com.unity.render-pipelines.core/Editor/Icons/MipLevels/VolumeProfile@32.png using Guid(d437cf5f006f8e74eb25c84d04daa681) (TextureImporter) -> (artifact id: '371471e158c64ce924941b4a7853d426') in 0.0076335 seconds
Start importing Packages/com.unity.render-pipelines.core/Runtime/Debugging/Prefabs/Textures/UIElement8px.png using Guid(d49e78756811bfa4aafb8b6535417991) (TextureImporter) -> (artifact id: 'bdcee724e92f4211b380fa79e3a70557') in 0.0098898 seconds
Start importing Packages/com.unity.render-pipelines.core/Editor/Lighting/Icons/LightUnitIcons/IntenseAreaLight.png using Guid(d4df75c76c1661847b6902f889b44bcb) (TextureImporter) -> (artifact id: '1c12300892f27c40e654af158d81af6a') in 0.0079471 seconds
Start importing Packages/com.unity.render-pipelines.core/Editor/Lighting/Icons/LightUnitIcons/d_VeryBrightSun@2x.png using Guid(e4e685bec200b3c45a29e88e2eeb8ddb) (TextureImporter) -> (artifact id: 'ba664d772d414f571e2f95e93495f463') in 0.0162919 seconds
Start importing Packages/com.unity.2d.animation/Editor/Assets/EditorIcons/Dark/d_Weight_Brush.png using Guid(e41886f7c5271c74f9adbf719cbd3e67) (TextureImporter) -> (artifact id: '041e5ca2a7c1c54864a16f9bf03490ad') in 0.011002 seconds
Start importing Packages/com.unity.inputsystem/InputSystem/Editor/Icons/d_ChevronUp@4x.png using Guid(e46ad23216d074f828f3437b21912c64) (TextureImporter) -> (artifact id: 'ed3774c4de6d5f650836ed65cf244bc7') in 0.0097428 seconds
Start importing Assets/EmeraldBunny/Art/hair_ribbon.png using Guid(e41dced5d04093d498559ebe1257d4a8) (TextureImporter) -> (artifact id: 'd66622adad909c3403f9d35e58db0295') in 0.0124932 seconds
Start importing Packages/com.unity.inputsystem/InputSystem/Editor/Icons/d_Interactive Binding@4x.png using Guid(f4e6ca70dd9734da1a812be882c6364e) (TextureImporter) -> (artifact id: '0bd98c4b6b24ccf07e4809531015ff46') in 0.0044689 seconds
Start importing Packages/com.unity.render-pipelines.universal/Editor/2D/Resources/LightCapTopLeft.png using Guid(f4f779c88fa8c514d970afbd68ff6b3f) (TextureImporter) -> (artifact id: 'a74566dc51d0d08be5820699afccb9f4') in 0.0052739 seconds
Start importing Packages/com.unity.2d.animation/Editor/Assets/EditorIcons/Light/Visibility_Hidded@4x.png using Guid(f469f8253737d534ca7809ae6f0d2422) (TextureImporter) -> (artifact id: '2a8bfc64d20709e09ec45b90e13368d7') in 0.0226967 seconds
Start importing Packages/com.unity.2d.animation/Editor/Assets/EditorIcons/Dark/d_Mesh.png using Guid(f4e90b0a1e5a5bc46897cdcf5a142111) (TextureImporter) -> (artifact id: '86f578742eebf840df07707d5581b0a3') in 0.0298892 seconds
Start importing Packages/com.unity.render-pipelines.core/Editor/Lighting/Icons/DownSnatch.png using Guid(f4efccbcc00042141b8f7f63392439b5) (TextureImporter) -> (artifact id: 'a42a944e77cfb56289dc0971beadcf89') in 0.0115186 seconds
Start importing Packages/com.unity.2d.animation/Editor/Assets/EditorIcons/Dark/d_Split_Edge.png using Guid(0530bfa18fbf4a140b3a604c988a9a4b) (TextureImporter) -> (artifact id: '7e8ed3598d8876b58b12004af4694bb8') in 0.0138494 seconds
Start importing Packages/com.unity.2d.animation/Editor/Assets/ComponentIcons/Animation.IKManager@64.png using Guid(0502e3e0c944a4f71948552166af7b48) (TextureImporter) -> (artifact id: '285c848ac469e27b1cab9c8d25f7ee36') in 0.0172246 seconds
Start importing Packages/com.unity.2d.animation/Editor/Assets/EditorIcons/Dark/d_Generate_Weights.png using Guid(05c5f13370d29414b9489151a4f5c666) (TextureImporter) -> (artifact id: '959053fa010166c492bc2ddf41ffa39d') in 0.0066582 seconds
Start importing Packages/com.unity.inputsystem/InputSystem/Editor/Icons/Mouse@3x.png using Guid(05bbafd21bf3c4cca93cb8ddfbbd4070) (TextureImporter) -> (artifact id: '8c63a241fa51960e67dc2429b4fb2d2c') in 0.0049637 seconds
Start importing Packages/com.unity.2d.animation/Editor/Assets/EditorIcons/Dark/d_Edit_Joints@4x.png using Guid(15d3c315af8faf2498573371308b9d3e) (TextureImporter) -> (artifact id: '5138006992ce5f72a70262fc70f95e93') in 0.0065132 seconds
Start importing Assets/EmeraldBunny/Art/fingerR_middle.png using Guid(1508461334279514695045a72a689b2f) (TextureImporter) -> (artifact id: '3c93d94f5feb633a913e72e878874ff0') in 0.0069327 seconds
Start importing Packages/com.unity.inputsystem/InputSystem/Editor/Icons/ChevronDown@2x.png using Guid(153c8e15f7f6c452ca50f6795813ed39) (TextureImporter) -> (artifact id: '1066fb60a062546859253f4178125663') in 0.0099947 seconds
Start importing Assets/EmeraldBunny/Art/fingerR_ring.png using Guid(255202dfb8cac34459fe007caffa35fb) (TextureImporter) -> (artifact id: '65907d4b72d80bea9cbc973cf328dee5') in 0.0071452 seconds
Start importing Packages/com.unity.inputsystem/InputSystem/Editor/Icons/d_Position@2x.png using Guid(2552e303d22424da2ad62552efbd06e8) (TextureImporter) -> (artifact id: '6b361e608e1f187d72daf0f059b845fc') in 0.0050344 seconds
Start importing Assets/EmeraldBunny/Art/spread_front_toe_0.png using Guid(2523b4356b65cb54f9632c2cfd007fbb) (TextureImporter) -> (artifact id: '976b3730304d2afe04f68d05d92b58f0') in 0.0057311 seconds
Start importing Packages/com.unity.2d.animation/Editor/Assets/EditorIcons/Dark/d_True@2x.png using Guid(259317a3fa77b4619b4356af5648368f) (TextureImporter) -> (artifact id: 'dcb5cd36d612ca6377d79eb5a6f7bb18') in 0.0067906 seconds
Start importing Packages/com.unity.2d.common/Path/Editor/Handles/TangentContinuousPro.png using Guid(25c4e987877a046bd994284ffeabc78b) (TextureImporter) -> (artifact id: 'cfd2a597678ccfb342866c81db44bbfa') in 0.0059732 seconds
Start importing Packages/com.unity.2d.animation/Editor/Assets/EditorIcons/Light/character_Mode@2x.png using Guid(25096ce515c063c48a2bd6b108c95912) (TextureImporter) -> (artifact id: '1d0ea797472152ff5078953436359900') in 0.0068204 seconds
Start importing Assets/EmeraldBunny/Art/nose.png using Guid(25fb0eefba9c68b4e9d6501d72fa0338) (TextureImporter) -> (artifact id: 'eae3ee50dec69195f136ab9b5437ffd9') in 0.006749 seconds
Start importing Packages/com.unity.2d.animation/Editor/Assets/EditorIcons/Dark/d_Paste@4x.png using Guid(35a3340b835c797478eb139353421953) (TextureImporter) -> (artifact id: '8aee2b79188df509b1b96cfa6965f096') in 0.1015518 seconds
Start importing Packages/com.unity.render-pipelines.core/Editor/Icons/RenderGraphViewer/FramebufferFetch@2x.png using Guid(35a75acf988224d4da424a5a42cdaaf9) (TextureImporter) -> (artifact id: '227fca1ed0e649fcefe514d4c36a6a82') in 0.0092409 seconds
Start importing Packages/com.unity.2d.animation/Editor/Assets/ComponentIcons/Animation.SpriteSkin@32.png using Guid(35f90efdb1e6d4fb29c4108de82bf1b2) (TextureImporter) -> (artifact id: '8325705fcd6a3d70cd47fba8f018afd7') in 0.0127143 seconds
Start importing Packages/com.unity.render-pipelines.core/Editor/LookDev/Icons/Layout2@2x.png using Guid(356caeb1305bf794e94ecd5161f8e6e3) (TextureImporter) -> (artifact id: '51a9f29ee22ee033c2ce54e1c8177678') in 0.0130436 seconds
Start importing Packages/com.unity.render-pipelines.core/Editor/LookDev/Icons/Duplicate.png using Guid(352dd7fc77ee28c479bf6504efe94f16) (TextureImporter) -> (artifact id: '30cbac99d9735066e571c87672e96295') in 0.0086179 seconds
Start importing Packages/com.unity.ugui/Editor Resources/Textures/btn_AlignCenterGeo_Light.psd using Guid(35ff0937876540d3bd4b6a941df62a92) (TextureImporter) -> (artifact id: 'd48a0b4f606b1cadc7d5429ebcce48b3') in 0.0052342 seconds
Start importing Packages/com.unity.2d.animation/Editor/Assets/EditorIcons/Dark/d_True.png using Guid(4573e6fe13e8f4b68a6e290c779078cd) (TextureImporter) -> (artifact id: 'ecd1bd66607db238e5532319bc0b90f3') in 0.1222115 seconds
Start importing Packages/com.unity.render-pipelines.core/Editor/LookDev/Icons/Link.png using Guid(45751a4124f67c443bf96ed1df7c550b) (TextureImporter) -> (artifact id: 'd597afcd8eee9c271205b6b11bbe2945') in 0.0096868 seconds
Start importing Packages/com.unity.2d.animation/Editor/Assets/ComponentIcons/Animation.IKLimb@32.png using Guid(4567ce7a1cf16433196f2688091df4ca) (TextureImporter) -> (artifact id: '79be9d04135f968621dae312c5e27aa8') in 0.0105261 seconds
Start importing Packages/com.unity.2d.animation/Editor/Assets/EditorIcons/Light/Visibility_Tool@2x.png using Guid(45c995b76b893fd4b9e8d3e0f9f6463b) (TextureImporter) -> (artifact id: '1ee1a7cad47bdc871e002fc557a8a4ed') in 0.0084804 seconds
Start importing Assets/Resources/Art/Characters/C001/LiveLayers/layer_hair_front.png using Guid(55d3a93ee62322643b8662063b95b4ac) (TextureImporter) -> (artifact id: '7d75de62b7a67a184f32c0c44a8d73bd') in 0.0205861 seconds
Start importing Packages/com.unity.inputsystem/InputSystem/Editor/Icons/d_Stick.png using Guid(55040e210fa9b426b861a26909ab4de7) (TextureImporter) -> (artifact id: '3a7b84e2adb056d94e37435ee8b185b9') in 0.0051704 seconds
Start importing Packages/com.unity.2d.animation/Editor/Assets/EditorIcons/Selected/Edit_Pose@3x.png using Guid(558997ec9158c584a9ba9ee3eddbe8b0) (TextureImporter) -> (artifact id: '66f384e755337504ee1a6b54b6b1f05b') in 0.0076501 seconds
Start importing Packages/com.unity.2d.animation/Editor/Assets/EditorIcons/Light/Sprite_Mode@4x.png using Guid(554a30a45860f494ca38586c54b7e5d9) (TextureImporter) -> (artifact id: '62fc9dc2deae851719465650fc93dcd8') in 0.0084564 seconds
Start importing Packages/com.unity.2d.animation/Editor/Assets/EditorIcons/Light/Copy@3x.png using Guid(55ad4b6109677be42b239f450ce98c29) (TextureImporter) -> (artifact id: 'efb6bd717871bd6ec04d985bb5300de9') in 0.0055643 seconds
Start importing Packages/com.unity.render-pipelines.universal/Textures/FilmGrain/Thin01.png using Guid(654c582f7f8a5a14dbd7d119cbde215d) (TextureImporter) -> (artifact id: '7a6b5c9e52804e39cf5127362c627c20') in 0.0172398 seconds
Start importing Packages/com.unity.2d.animation/Editor/Assets/EditorIcons/Selected/Split Bones@2x.png using Guid(652f381007a2d2247a40aa63c91c2565) (TextureImporter) -> (artifact id: '36cd615b0c93290b16a28541fb085655') in 0.0130607 seconds
Start importing Packages/com.unity.2d.animation/Editor/Assets/ComponentIcons/d_Animation.SpriteLibrary@32.png using Guid(75f06dda60070420793cf5b254fcf8f7) (TextureImporter) -> (artifact id: '3b90b9f346f683f7bc786a197fe46ba4') in 0.0097114 seconds
Start importing Assets/EmeraldBunny/Art/spread_rear_toe_3.png using Guid(75b2a1ea4106de34393e70efd4339dbf) (TextureImporter) -> (artifact id: '55f7f4eda59d020203e619144ed77df8') in 0.0075766 seconds
Start importing Packages/com.unity.inputsystem/InputSystem/Editor/Icons/Gamepad@4x.png using Guid(7543bb6341c2140f292c8c852e7a3bbf) (TextureImporter) -> (artifact id: 'e01c4bd267417ea3b87d5ead8c2ff0df') in 0.0076353 seconds
Start importing Packages/com.unity.2d.sprite/Editor/ObjectMenuCreation/DefaultAssets/Textures/v2/Triangle.png using Guid(75f5f34dc1b5347e0b8351032682f224) (TextureImporter) -> (artifact id: 'c622cb68762cc209fa6189c5c51419ce') in 0.0083121 seconds
Start importing Assets/EmeraldBunny/Art/browR.png using Guid(85018153763099146b624b90619b6a4b) (TextureImporter) -> (artifact id: '2fe38e2a4a3464f8b198dcf558d57cc4') in 0.0058028 seconds
Start importing Packages/com.unity.render-pipelines.core/Editor/LookDev/Icons/LookDev.png using Guid(85099cb723efe4444a23b08281d721c2) (TextureImporter) -> (artifact id: '72f8b1bee6a99f96fde88f4abcc5390a') in 0.0052358 seconds
Start importing Packages/com.unity.2d.animation/Editor/Assets/EditorIcons/Dark/d_Warning.png using Guid(85be10d80c20c4181b8d53e425fb92a4) (TextureImporter) -> (artifact id: '61d08e2c3830cf7aa03190c6bba82279') in 0.0063849 seconds
Start importing Packages/com.unity.2d.animation/Editor/Assets/ComponentIcons/Animation.IKFabrik On@128.png using Guid(950832395ec754ba48ab1cffa214cec0) (TextureImporter) -> (artifact id: '426fe7d32b82e8a82e0afcf4e906c1c4') in 0.0173595 seconds
Start importing Packages/com.unity.shadergraph/Editor/Resources/GraphView/Nodes/NodeChevronRight.png using Guid(951848ba8b6205940a9bd1b8fdd4d796) (TextureImporter) -> (artifact id: '62ec55a3b9c32015c5a27ba65a8e2932') in 0.0200949 seconds
Start importing Packages/com.unity.inputsystem/InputSystem/Editor/Icons/Add Binding.png using Guid(958a10dec4f3a4764bb345b0aa03510b) (TextureImporter) -> (artifact id: '9c1e3153bcc13ac429daaa1a99b367b5') in 0.0077132 seconds
Start importing Packages/com.unity.2d.animation/Editor/Assets/EditorIcons/Light/Mesh@4x.png using Guid(953b8abb3b6548c4294b547c2f473be0) (TextureImporter) -> (artifact id: '4925fc034d6c739e26193a98f1a2350b') in 0.0091017 seconds
Start importing Assets/EmeraldBunny/Art/mouth_inner.png using Guid(958b106e96d88b540b12dda2b4668b8c) (TextureImporter) -> (artifact id: 'bc8b050aa86eca3d0402af449e32175f') in 0.013077 seconds
Start importing Packages/com.unity.shadergraph/Editor/Resources/Icons/blackboard.png using Guid(954de74b6fa234cfbb474898019e0acf) (TextureImporter) -> (artifact id: '4cb3221eef3a283230d4e1eef26be0ab') in 0.0055406 seconds
Start importing Packages/com.unity.2d.animation/Editor/Assets/EditorIcons/Selected/Generate_Geometry@3x.png using Guid(a581ff3810b2e0a4690cddcf7634ed22) (TextureImporter) -> (artifact id: '8d972de5a3bbf1bf3c462dabfacc12aa') in 0.0100771 seconds
Start importing Packages/com.unity.render-pipelines.core/Editor/Lighting/Icons/LightUnitIcons/d_BrightSky.png using Guid(a543c2d2147884347a1846e862efa72f) (TextureImporter) -> (artifact id: 'b7729c7be8470147f94d851c8c654183') in 0.0063641 seconds
Start importing Packages/com.unity.render-pipelines.core/Editor/LookDev/Icons/Remove.png using Guid(a5c48bfebeb031a4b8d66da4be0e27b9) (TextureImporter) -> (artifact id: 'f76ac081121a2c3ac0f080bd86c2a893') in 0.0063715 seconds
Start importing Packages/com.unity.2d.animation/Editor/Assets/EditorIcons/Light/Generate_Weights@4x.png using Guid(a56b84f780e8aef439e9a83d60ca7420) (TextureImporter) -> (artifact id: 'e8c87b02d5d55b15e0d9b3a08d01b506') in 0.0069408 seconds
Start importing Packages/com.unity.render-pipelines.universal/Editor/2D/Resources/LightCapUp.png using Guid(a58fea03b14b2be4295b11f21a57a6f7) (TextureImporter) -> (artifact id: '2664b64b37d307e7c64fa6cbc1877c9a') in 0.0053452 seconds
Start importing Packages/com.unity.render-pipelines.core/Editor/Lighting/Icons/LightUnitIcons/d_InteriorLight.png using Guid(b5a2e773c2799aa42a4e99429158896e) (TextureImporter) -> (artifact id: '0406f7e50fdc54ea09870491b616100d') in 0.0122283 seconds
Start importing Packages/com.unity.2d.animation/Editor/Assets/ComponentIcons/Animation.IKFabrik On@256.png using Guid(b533c652136df4744a089524507a44c6) (TextureImporter) -> (artifact id: '9301c1c5e9b7d75dc653c336d49b7817') in 0.0124605 seconds
Start importing Packages/com.unity.2d.animation/Editor/Assets/EditorIcons/Light/SetPivot256.png using Guid(b51dea53643c34332b1c8cfc0865d0c4) (TextureImporter) -> (artifact id: '2fd2372b2c0bf97ee11dbf7b55968ac0') in 0.0160754 seconds
Start importing Packages/com.unity.searcher/Editor/Resources/FlatSkin/SearchSmallDownOn@2x.png using Guid(c5b36095078d8694ba9e3ae3fd867b2e) (TextureImporter) -> (artifact id: 'bd011c969bd13e6872197039e8d72415') in 0.0373299 seconds
Start importing Assets/Resources/Art/Characters/C001/Layers/layer_hair_back.png using Guid(c537c861b3954824b5cb7293a6e6931e) (TextureImporter) -> (artifact id: '8741e3fa271c14897a33cdd281eb44c9') in 0.1381994 seconds
Start importing Packages/com.unity.render-pipelines.core/Editor/Lighting/Icons/HorizontalGradient.png using Guid(c56daa0c35d8542449aea902efda87ce) (TextureImporter) -> (artifact id: '4929c21de712d7e3603bcce484f59001') in 0.016601 seconds
Start importing Packages/com.unity.inputsystem/InputSystem/Editor/Icons/d_Position.png using Guid(c5bdeae4dabac4bf19f7a1afcf5ca678) (TextureImporter) -> (artifact id: 'de970b80fc87a209b853d99604243f01') in 0.0087568 seconds
Start importing Packages/com.unity.render-pipelines.universal/Textures/BlueNoise16/L/LDR_LLL1_13.png using Guid(d512512f4af60a442ab3458489412954) (TextureImporter) -> (artifact id: '89f9d08c56cc1999b81e67d7c6ce4bf2') in 0.006392 seconds
Start importing Packages/com.unity.render-pipelines.universal/Textures/BlueNoise16/L/LDR_LLL1_21.png using Guid(d5c9b274310e5524ebe32a4e4da3df1f) (TextureImporter) -> (artifact id: 'b0b56d86102793b0f966a6efbb0b2dcd') in 0.0110556 seconds
Start importing Packages/com.unity.render-pipelines.core/Editor/Lighting/Icons/LightUnitIcons/d_MoonlessNight@2x.png using Guid(d56ac7ee03f65c7408f8f3d5aeecdb86) (TextureImporter) -> (artifact id: 'ff9425f398401daaf2179db461dadcff') in 0.0061803 seconds
Start importing Assets/EmeraldBunny/Art/toeAir3_lower_front.png using Guid(d57a5aaeb255e4943b207f64edf26051) (TextureImporter) -> (artifact id: '3e49b12de9e10ee84793861dc4de825e') in 0.0159786 seconds
Start importing Packages/com.unity.render-pipelines.universal/Textures/BlueNoise16/L/LDR_LLL1_1.png using Guid(d50c5e07c9911a74982bddf7f3075e7b) (TextureImporter) -> (artifact id: '8cde989e936ad5f4b630888be8ae5e9d') in 0.0654066 seconds
Start importing Assets/Resources/Art/Characters/C001/CubismLayers/body.png using Guid(d5dc8e7b86a940a2b42cb52de8b24ea7) (TextureImporter) -> (artifact id: 'ab2758fbab550e8ebcb7db6aae351af6') in 0.0885121 seconds
Start importing Assets/EmeraldBunny/Art/chair_leg_frontleft.png using Guid(d54fe08d6ad33f54bb04c6c47164257c) (TextureImporter) -> (artifact id: '9c0689cb4ab676e22742976d9dbd9f5f') in 0.0065429 seconds
Start importing Packages/com.unity.2d.animation/Editor/Assets/EditorIcons/Light/Split Bones@4x.png using Guid(e530623cd53f3ea46ac09b786f0c49ef) (TextureImporter) -> (artifact id: 'ecefcf7c813a71d2500a50a02954c07b') in 0.0086184 seconds
Start importing Packages/com.unity.shadergraph/Editor/Resources/GraphView/Nodes/UITKShaderPreview-Texture.png using Guid(e5c0078b94743b5468d137f0728f414e) (TextureImporter) -> (artifact id: '4ff0192a5378ca712738947835821b0d') in 0.020404 seconds
Start importing Assets/Resources/Art/Characters/C001/Layers/presenter_blink-cut.png using Guid(e53349670d35b40429baa7ae9fc73762) (TextureImporter) -> (artifact id: 'c117de1efe6640920152580f3caba092') in 0.0919877 seconds
Start importing Packages/com.unity.2d.animation/Editor/Assets/EditorIcons/Selected/Create_Edge@2x.png using Guid(e5da66fa63839274dbffb877e43e888b) (TextureImporter) -> (artifact id: 'd7071042dfb4634456d9977c2827122c') in 0.0070369 seconds
Start importing Packages/com.unity.render-pipelines.core/Editor/Lighting/Icons/d_LightPlacement_Icon On@2x.png using Guid(e59f66416f4ecf3429053a0274b589a0) (TextureImporter) -> (artifact id: '8c0481c70e06f5bcc638df79a3ecd97d') in 0.005265 seconds
Start importing Packages/com.unity.render-pipelines.core/Editor/Lighting/Icons/LightUnitIcons/d_Moonlight@2x.png using Guid(f520337c0c5dde34fa2d4207d953a31f) (TextureImporter) -> (artifact id: '55f3967b0a13fb0071a45aab42a333c6') in 0.0054259 seconds
Start importing Packages/com.unity.render-pipelines.core/Editor/Lighting/Icons/d_LightPlacement_Icon On@32.png using Guid(f5d08e5c109deb84a9fcf7b2365cb537) (TextureImporter) -> (artifact id: '4f22bef13813832b1aabe2bad012a96e') in 0.0051899 seconds
Start importing Packages/com.unity.2d.animation/Editor/Assets/ComponentIcons/Animation.IKFabrik On@32.png using Guid(f59542040dc5448459691fb41515f463) (TextureImporter) -> (artifact id: '2957dd3f6af7b28a3d5bc8e3faf4b53f') in 0.0078983 seconds
Start importing Packages/com.unity.render-pipelines.core/Editor/Lighting/Icons/LightUnitIcons/MoonlessNight.png using Guid(f50a266376427a041b4e1b629d07611d) (TextureImporter) -> (artifact id: '7a8e080de6f9557afa7a79f56d582886') in 0.0050909 seconds
Start importing Packages/com.unity.inputsystem/InputSystem/Editor/Icons/Joystick@4x.png using Guid(f58c918f135bd4b8abe5fdb06bda7f4d) (TextureImporter) -> (artifact id: '1d81809ab45a5289add8551898840558') in 0.0048629 seconds
Start importing Packages/com.unity.inputsystem/InputSystem/Editor/Icons/Stick@4x.png using Guid(f5ace3d653812436a812bebfe7f9a242) (TextureImporter) -> (artifact id: '5174acc868fee3fdaa3567f44d53d985') in 0.0059985 seconds
Start importing Packages/com.unity.2d.animation/Editor/Assets/EditorIcons/Light/Paste@4x.png using Guid(f53eca637c0194e4ab6729cf60753757) (TextureImporter) -> (artifact id: '82890bf42d92bf3bd77c530ce1a23fbb') in 0.0054495 seconds
Start importing Packages/com.unity.render-pipelines.core/Editor/LookDev/Icons/d_LookDev.png using Guid(0615fe8910911be4299d5604a54db99a) (TextureImporter) -> (artifact id: 'c294a014e1c228010d339e8243441dfd') in 0.0058572 seconds
Start importing Packages/com.unity.ugui/Editor Resources/Textures/btn_AlignMiddle_Light.psd using Guid(066619c9c9c84f89acb1b48c11a7efe2) (TextureImporter) -> (artifact id: '52379651c0abc0497f7254a9bd8c9bfb') in 0.0172385 seconds
Start importing Packages/com.unity.inputsystem/InputSystem/Editor/Icons/d_ChevronDown.png using Guid(06ad495fb07444736b59782982d96250) (TextureImporter) -> (artifact id: 'a528b71202a783e1ff8e572af746c854') in 0.0052283 seconds
Start importing Packages/com.unity.2d.sprite/Editor/ObjectMenuCreation/DefaultAssets/Textures/HexagonFlatTop.png using Guid(16037dbd798344f57a526d53d48f5ead) (TextureImporter) -> (artifact id: 'ee181aaf1f9523f3077693bf573c8e69') in 0.0094786 seconds
Start importing Assets/Resources/Art/Characters/C001/CubismLayers/hair_front.png using Guid(16ba2c323f0d4a4e8a70b81fedc74f69) (TextureImporter) -> (artifact id: 'ff4abfbbf0fc9b8b0b883b7cf6b7afd0') in 0.0541001 seconds
Start importing Packages/com.unity.render-pipelines.core/Editor/LookDev/Icons/d_Add.png using Guid(160b197aba549514286b94426ceae589) (TextureImporter) -> (artifact id: '1784d7b73c4e6b9c66d74e36d264d469') in 0.0082907 seconds
Start importing Assets/EmeraldBunny/Art/leg_front_calf_lower_front.png using Guid(266435ded030e4144abca1ded766917e) (TextureImporter) -> (artifact id: 'a20fdc4b598e1b711e80af874b427047') in 0.0376855 seconds
Start importing Packages/com.unity.render-pipelines.universal/Textures/DebugFont.tga using Guid(26a413214480ef144b2915d6ff4d0beb) (TextureImporter) -> (artifact id: '0b82807b0d6170dcd0a59e8fb0b6799e') in 0.0071253 seconds
Start importing Packages/com.unity.2d.animation/Editor/Assets/EditorIcons/Dark/d_Sprite_Mode@2x.png using Guid(269eee5bd0392044cb38fd13171b84f6) (TextureImporter) -> (artifact id: 'f0c300c91a70d7df25056a700ff54a45') in 0.0069414 seconds
Start importing Packages/com.unity.inputsystem/InputSystem/Editor/Icons/d_Mouse.png using Guid(264ffc05d7d2841d5a6065854b6282ca) (TextureImporter) -> (artifact id: '346d2ed7e75036c5405f36d3a8034f80') in 0.0073843 seconds
Start importing Packages/com.unity.2d.animation/Editor/Assets/EditorIcons/Dark/d_Visibility_Hidded@4x.png using Guid(36502ae6ddbac9e4dbf8fcd5889d661d) (TextureImporter) -> (artifact id: '262aa973bb95309da327e6aa087f6f49') in 0.0221877 seconds
Start importing Packages/com.unity.render-pipelines.universal/Textures/BlueNoise256/LDR_LLL1_0.png using Guid(36f118343fc974119bee3d09e2111500) (TextureImporter) -> (artifact id: '0e55d20be96bdee5bd5443382ed40a69') in 0.0149334 seconds
Start importing Packages/com.unity.2d.animation/Editor/Assets/EditorIcons/Light/SetPivot64.png using Guid(36872ff13cf1043888addd7fc4279cf9) (TextureImporter) -> (artifact id: '35970bb7a98f92dcc9fb74aaefb5f53d') in 0.0131391 seconds
Start importing Packages/com.unity.2d.animation/Editor/Assets/EditorIcons/Selected/d_Visibility_Tool@3x.png using Guid(46d5b7ee1aaae3c4d9fd3a54774428d5) (TextureImporter) -> (artifact id: 'dba13c65f128da164c77b4f505fd4547') in 0.0065201 seconds
Start importing Packages/com.unity.2d.animation/Editor/Assets/ComponentIcons/Animation.SpriteLibraryManager@2x.png using Guid(46c6bae783f6540308d09b07db693d54) (TextureImporter) -> (artifact id: 'e9e4089ffa108c2f09450f3af63636f0') in 0.0067051 seconds
Start importing Packages/com.unity.2d.animation/Editor/Assets/ComponentIcons/Animation.SpriteLibrary On@128.png using Guid(46e8f61d13f8b49c7b2ac6beb5788f2c) (TextureImporter) -> (artifact id: '11dfd2b6bdd3532e77a75070aa89b88d') in 0.0067592 seconds
Start importing Assets/Resources/Art/Characters/C001/Layers/layer_sword.png using Guid(468eca095bc848fe8d5951449463bae2) (TextureImporter) -> (artifact id: '786612dc18c013ded60f86befbb86814') in 0.0343655 seconds
Start importing Packages/com.unity.shadergraph/Editor/Resources/GraphView/Nodes/BlackboardFieldPillBackground.png using Guid(56603bbe7a2b54640bbd90104bea4981) (TextureImporter) -> (artifact id: 'c2f8c5c01dc7cbb450a50785fdb7e0c8') in 0.0097554 seconds
Start importing Packages/com.unity.2d.animation/Editor/Assets/EditorIcons/Dark/d_Bone_Influence@3x.png using Guid(56431fa7b1b21794baaf8d8e47c78bdb) (TextureImporter) -> (artifact id: '64b63a02e216f61fe3f2aa21957baf3e') in 0.0069192 seconds
Start importing Packages/com.unity.render-pipelines.core/Editor/LookDev/Icons/d_Camera1.png using Guid(56c35c86bb44b0e4e84a22db56968157) (TextureImporter) -> (artifact id: '217485dba611065989e46f3633c615f8') in 0.0060665 seconds
Start importing Packages/com.unity.2d.animation/Editor/Assets/ComponentIcons/Animation.SpriteSkin.png using Guid(5624c7cbaca684b9faada94188a2e7a1) (TextureImporter) -> (artifact id: 'd15437ec2b28bdbb5c442c06706687d1') in 0.0061365 seconds
Start importing Packages/com.unity.inputsystem/InputSystem/Editor/Icons/Position.png using Guid(5684eb521fa99491e9061de682d1622e) (TextureImporter) -> (artifact id: 'dd78ea4f83c787518e516b9b78a00e02') in 0.0049509 seconds
Start importing Packages/com.unity.shadergraph/GraphTemplates/Cross Pipeline/DecalMatProjTemplateThumbnail.png using Guid(5616b96dbeb625c498fdfe9517c1552b) (TextureImporter) -> (artifact id: '2a84bc309acbac50bcd3086ee9bd81fd') in 0.0349089 seconds
Start importing Packages/com.unity.render-pipelines.universal/Textures/BlueNoise256/LDR_LLL1_6.png using Guid(56a77a3e8d64f47b6afe9e3c95cb57d5) (TextureImporter) -> (artifact id: '26cb15d96646cc07eefe2d80092fe3a3') in 0.0079688 seconds
Start importing Packages/com.unity.render-pipelines.universal/Runtime/2D/Data/Textures/FalloffLookupTexture.png using Guid(5688ab254e4c0634f8d6c8e0792331ca) (TextureImporter) -> (artifact id: '9bb149dece5311c2d599b46a2d0f7294') in 0.0163347 seconds
Start importing Packages/com.unity.2d.animation/Editor/Assets/ComponentIcons/d_Animation.IKFabrik.png using Guid(56fdc1dd1bbc04a65a5c2ac1d9eacb5d) (TextureImporter) -> (artifact id: 'a31533504fc7bf9ae5246273c14ef07f') in 0.0061724 seconds
Start importing Packages/com.unity.2d.animation/Editor/Assets/EditorIcons/Light/Sprite_Influence@3x.png using Guid(563e4d2d28c2241fbbb33e85f9b27efb) (TextureImporter) -> (artifact id: '76b2fa8f625168df97bdfc665bda0beb') in 0.0073488 seconds
Start importing Packages/com.unity.shadergraph/Editor/Resources/Icons/SettingsIcons@2x.png using Guid(66e0f20149bec7a4eaee2f2d8aec158a) (TextureImporter) -> (artifact id: '455ff29fa974b06c6ad5ac58e6e6557d') in 0.0326108 seconds
Start importing Assets/EmeraldBunny/Art/earring_right.png using Guid(66e54657a563d884180bbf6f6730c6cb) (TextureImporter) -> (artifact id: 'ca5358d15b7fa7077b318900bc15d4c7') in 0.0073047 seconds
Start importing Packages/com.unity.2d.animation/Editor/Assets/EditorIcons/Light/Create_Vertex@3x.png using Guid(66fa19194577350438c952106f661c2f) (TextureImporter) -> (artifact id: '60bb7616c0390363828bf368fb39500e') in 0.0080546 seconds
Start importing Packages/com.unity.render-pipelines.core/Editor/Lighting/Icons/LightUnitIcons/d_ClearSky.png using Guid(76c10465276fcb9498b1fd312e3f74ed) (TextureImporter) -> (artifact id: '164625dec58394d8e18e96282736b3cc') in 0.0049387 seconds
Start importing Packages/com.unity.2d.animation/Editor/Assets/EditorIcons/Light/Sprite_Influence.png using Guid(768531f76566d4b18bfe4ed7b21e5ce1) (TextureImporter) -> (artifact id: '4dfbc6c3ceac0a2accede0da08381b5a') in 0.0059823 seconds
Start importing Packages/com.unity.render-pipelines.core/Editor/Icons/MipLevels/d_RenderPipelineResources@256.png using Guid(76e81564bded5e442a18ce6964cdaef3) (TextureImporter) -> (artifact id: '8ced8cfcbcac6f0de07fc062052efad1') in 0.0048364 seconds
Start importing Packages/com.unity.2d.common/Path/Editor/Handles/ShapeToolPro.png using Guid(766cfa1430bc448ed93c5817e7682f3b) (TextureImporter) -> (artifact id: '374a68b7892292c9a090992c82b25be5') in 0.0075327 seconds
Start importing Packages/com.unity.inputsystem/InputSystem/Editor/Icons/d_Gamepad.png using Guid(76dc61ff6c2d84b24b0a2ce01dc2842d) (TextureImporter) -> (artifact id: 'a70e8a18f2be2564cf9b18687c069208') in 0.0096873 seconds
Start importing Packages/com.unity.2d.animation/Editor/Assets/EditorIcons/Light/Bone@3x.png using Guid(76beef9fdae7b48468ddf07d0400a374) (TextureImporter) -> (artifact id: 'bab2779301320acc34cf361123e7fd76') in 0.0063005 seconds
Start importing Packages/com.unity.render-pipelines.core/Editor/Lighting/Icons/LightUnitIcons/d_DirectSunlight.png using Guid(76bf11a78c4428b4eb6b567a160a0c83) (TextureImporter) -> (artifact id: 'f34f8259fe28d385ae494748dea22614') in 0.0061914 seconds
Start importing Packages/com.unity.2d.animation/Editor/Assets/ComponentIcons/d_Animation.SpriteLibrary@2x.png using Guid(86d54c3c2257e484f836f4f55e3d725b) (TextureImporter) -> (artifact id: '1d9be22124f79a4dcd137904d126c850') in 0.0510237 seconds
Start importing Assets/EmeraldBunny/Art/hair_leftside.png using Guid(86ebb25d0820c6d4081f5eca11bea52d) (TextureImporter) -> (artifact id: '23441a4fd665d729c33d1bed33221590') in 0.0055198 seconds
Start importing Packages/com.unity.inputsystem/InputSystem/Editor/Icons/Add Binding@4x.png using Guid(862c5ca31844d4a6d9aa804af982ce65) (TextureImporter) -> (artifact id: '54acfa2f1521c2772dc443d07052dafa') in 0.004617 seconds
Start importing Packages/com.unity.render-pipelines.core/Editor/Lighting/Icons/LightUnitIcons/DirectSunlight.png using Guid(863ef838c25e51b4790fd6ac881ba895) (TextureImporter) -> (artifact id: '0249a1e95591670bf1e5c1cace54572f') in 0.0553086 seconds
Start importing Packages/com.unity.2d.animation/Editor/Assets/EditorIcons/Selected/Weight_Slider.png using Guid(96b029a4248c85a4e8de2aa81fc0b60a) (TextureImporter) -> (artifact id: 'ff3b3d2fb2522ff6a102ccc5e0e383f2') in 0.0065422 seconds
Start importing Assets/Resources/Art/Characters/C001/PuppetMotion/blink.png using Guid(96d0b7cb76c313542ab91bd606421380) (TextureImporter) -> (artifact id: '684c13cebe02f553ef369e79fae4cfd6') in 0.0848606 seconds
Start importing Packages/com.unity.inputsystem/InputSystem/Editor/Icons/d_Pen@2x.png using Guid(96f7582a52a6843c09e0c71617e94f2d) (TextureImporter) -> (artifact id: '396dd29a1ac7b2b1b5ffcb33a331731d') in 0.0139415 seconds
Start importing Packages/com.unity.render-pipelines.universal/Textures/BlueNoise16/L/LDR_LLL1_10.png using Guid(96aaab9cc247d0b4c98132159688c1af) (TextureImporter) -> (artifact id: '89e8a91eca5d1c2d4988317e6cd2b8bc') in 0.0069166 seconds
Start importing Assets/EmeraldBunny/Art/leg_front_thigh_lower_rear.png using Guid(961bee83fcbd1594ca705f25efde5fce) (TextureImporter) -> (artifact id: '04cc06b9f9b9893ee62d2c29711d93bf') in 0.0065426 seconds
Start importing Packages/com.unity.render-pipelines.core/Runtime/Debugging/Prefabs/Textures/UIFoldoutOpened.png using Guid(a674720496c1ed248a5b7ea3e22a11fd) (TextureImporter) -> (artifact id: 'ec45534374a6d79e66970dc4a88d75b5') in 0.0660438 seconds
Start importing Assets/EmeraldBunny/Art/leg_rear_knee.png using Guid(a66baa4b57baba348adee801f4829290) (TextureImporter) -> (artifact id: '75d5c345b63c66db1b390f26f633271c') in 0.0058862 seconds
Start importing Packages/com.unity.shadergraph/Editor/Resources/Icons/Settings_Flyout_9slice@2x.png using Guid(a6abafca3e442ca4d970a1f8a2c70b0a) (TextureImporter) -> (artifact id: '4e23d4e0815900f6d2791e5ecb4c1912') in 0.007227 seconds
Start importing Packages/com.unity.collections/Unity.Collections.PerformanceTests/PerformanceTestFrameworkOutputListAdd.png using Guid(a6ecd2aa79759e64ba59ab5f51d661ac) (TextureImporter) -> (artifact id: 'ced81e7f327d31c9f1c94ceab179fb00') in 0.0185477 seconds
Start importing Packages/com.unity.2d.sprite/Editor/ObjectMenuCreation/DefaultAssets/Textures/v2/HexagonFlatTop.png using Guid(b670ab75dde984907b8570040daa08c5) (TextureImporter) -> (artifact id: 'ccbeda8e4c11d9c133c139ae55bbfe99') in 0.0087455 seconds
Start importing Packages/com.unity.2d.animation/Editor/Assets/ComponentIcons/Animation.SpriteLibrary@256.png using Guid(b6c49e41a57e648e9a16f44ce4b8d9b9) (TextureImporter) -> (artifact id: '29cd54647e8930cf62dc52b975e9c8ac') in 0.0116936 seconds
Start importing Packages/com.unity.render-pipelines.core/Editor/Icons/MipLevels/RenderPipelineResources@256.png using Guid(b645d34d84db58a45ac9775bb9a9bc48) (TextureImporter) -> (artifact id: '0ee37cb08893e7b826d214d62095aa76') in 0.0069818 seconds
Start importing Packages/com.unity.2d.animation/Editor/Assets/EditorIcons/Selected/Edit_Geometry.png using Guid(b668cd73b0ac4ba4db9f21a167c80e6b) (TextureImporter) -> (artifact id: '1623453c6bd10f71a87aaae6f1f52696') in 0.0155897 seconds
Start importing Packages/com.unity.2d.animation/Editor/Assets/EditorIcons/Selected/Copy@4x.png using Guid(b6a96c7c65795c94abf54a62adbf5c38) (TextureImporter) -> (artifact id: 'e328d700109fda6ae3dda5017b34869e') in 0.0145993 seconds
Start importing Packages/com.unity.inputsystem/InputSystem/Editor/Icons/d_Dpad.png using Guid(b60b9eb0384c345c89435d0982a6e4fd) (TextureImporter) -> (artifact id: '23369b826b4827033413e536029410f4') in 0.0076511 seconds
Start importing Packages/com.unity.2d.animation/Editor/Assets/EditorIcons/Dark/d_Parent_Bone@4x.png using Guid(c6601234a3b63ef4a9386f8182db5849) (TextureImporter) -> (artifact id: '0bd3d72aeb4412f15385f3bab77c7924') in 0.0053203 seconds
Start importing Assets/Resources/Art/Characters/C001/LiveLayers/layer_torso.png using Guid(c6e3b31b8457d054995b96a5a29f64f8) (TextureImporter) -> (artifact id: '50ff23f41b7208213a1700939acaf7ba') in 0.01744 seconds
Start importing Assets/EmeraldBunny/Art/chair_all_lower_fixed.png using Guid(c61b9d62f81d5ca458bfe570b7be30f4) (TextureImporter) -> (artifact id: 'cf533ed813ed3942cadfd8faa51d09d7') in 0.0142856 seconds
Start importing Assets/EmeraldBunny/Art/fingerR_index.png using Guid(d680a176369013b449c16ec840e9e68d) (TextureImporter) -> (artifact id: 'cd91b25704bb8a216ae4db3901d273d9') in 0.0047679 seconds
Start importing Assets/EmeraldBunny/Art/spread_rear_toe_0.png using Guid(d6942c2f6b6c351468078fc0db807073) (TextureImporter) -> (artifact id: '810b9df832b24ee16bb0f4c642d04c44') in 0.0046211 seconds
Start importing Packages/com.unity.2d.animation/Editor/Assets/EditorIcons/Light/Bone@2x.png using Guid(d6a44ab95b0def041a7929981a2c23a1) (TextureImporter) -> (artifact id: 'b32bc7c1838012f7c14badeff5292fec') in 0.0052988 seconds
Start importing Packages/com.unity.shadergraph/GraphTemplates/BuiltIn/BuiltInUnlitBasicTemplateThumbnail.png using Guid(e6831b07772f59844b5c282e8a4aa736) (TextureImporter) -> (artifact id: '71e0566c3aa44c7abc68a52fe12cb3ed') in 0.0232151 seconds
Start importing Packages/com.unity.2d.animation/Editor/Assets/EditorIcons/Light/Create_Vertex@4x.png using Guid(e6a6624ab013b8e44beddfa2668afb65) (TextureImporter) -> (artifact id: 'c6d33286d533bfd082fe98822693b973') in 0.004979 seconds
Start importing Packages/com.unity.2d.animation/Editor/Assets/EditorIcons/Selected/character_Mode.png using Guid(e60718119cec31e4190849292fcde068) (TextureImporter) -> (artifact id: '32497196933566a3f845a9a378f60d7e') in 0.0047961 seconds
Start importing Packages/com.unity.render-pipelines.universal/Textures/BlueNoise16/L/LDR_LLL1_5.png using Guid(e63eef8f54aa9dc4da9a5ac094b503b5) (TextureImporter) -> (artifact id: '45512808eb5697e44ad04d5ed34bcfb7') in 0.0038087 seconds
Start importing Packages/com.unity.2d.animation/Editor/Assets/EditorIcons/Selected/Paste@3x.png using Guid(e6fe7bda78bd09a46bb7f4a684a91927) (TextureImporter) -> (artifact id: '76b449a5ce8799603f3bc4260fcc8f59') in 0.0093555 seconds
Start importing Assets/EmeraldBunny/Art/hair_righttip.png using Guid(e6af102e665806d449a1e9955a7043b8) (TextureImporter) -> (artifact id: '4c02e080597c6df6b8fbdf41fa51cd4a') in 0.0050691 seconds
Start importing Packages/com.unity.render-pipelines.core/Editor/Lighting/Icons/LightUnitIcons/d_Moonlight.png using Guid(f64528e1d51f6d74c9f7a1738deaa602) (TextureImporter) -> (artifact id: '364de8f5e4a1588ed72113cdb5858b75') in 0.00374 seconds
Start importing Assets/Resources/Art/Characters/C001/PuppetMotion/chest_rest.png using Guid(f6070787dce0f034ea3a4ff1bfa22088) (TextureImporter) -> (artifact id: '203ed98e248b6888f25dc0d1a907755b') in 0.0060291 seconds
Start importing Packages/com.unity.render-pipelines.universal/Textures/BlueNoise16/L/LDR_LLL1_22.png using Guid(f69770e54f2823f43badf77916acad83) (TextureImporter) -> (artifact id: '55b9427aafa83cab8362b5618d74b88f') in 0.0044998 seconds
Start importing Packages/com.unity.2d.animation/Editor/Assets/EditorIcons/Light/Create Bones@4x.png using Guid(f618c5fe13b18994aa5aee8b97d8dca1) (TextureImporter) -> (artifact id: '69bdb2969f4d54aa9f45a4dc0d47b96c') in 0.0053323 seconds
Start importing Packages/com.unity.render-pipelines.core/Editor/Lighting/Icons/DownSnatchFocused.png using Guid(f6ca176a623705248878abeaf560002a) (TextureImporter) -> (artifact id: 'f28532d553a762e3d888b1bc9dca13cf') in 0.0068728 seconds
Start importing Assets/EmeraldBunny/Art/fingerR_thumb.png using Guid(f68d5d6ff8b50e648bf59cf5a0a8958f) (TextureImporter) -> (artifact id: '565dda79591372b0c1cb8029ff405622') in 0.0059397 seconds
Start importing Packages/com.unity.2d.animation/Editor/Assets/ComponentIcons/Animation.SpriteResolver@32.png using Guid(f6dd722ee2cfe46a6bddf89ead1edade) (TextureImporter) -> (artifact id: 'b29fc4175d61cc6bf423de01cd17bdc2') in 0.0055468 seconds
Start importing Packages/com.unity.2d.animation/Editor/Assets/EditorIcons/Dark/d_Weight_Brush@4x.png using Guid(f68f6cf24545d2f41b27323ca2b06a52) (TextureImporter) -> (artifact id: 'd442975b42cbaf45c882e8fc4bf7d786') in 0.0051977 seconds
Start importing Packages/com.unity.render-pipelines.core/Editor/Icons/MipLevels/d_RenderPipelineResources@128.png using Guid(07d524f53c3f0a24b952dad4f0d95192) (TextureImporter) -> (artifact id: 'fa77dedc4f1a5ea2ec26333df35372bd') in 0.0043901 seconds
Start importing Packages/com.unity.2d.animation/Editor/Assets/EditorIcons/Selected/Bone_Influence@2x.png using Guid(0779ad3feec52124e97114bcbb12ef13) (TextureImporter) -> (artifact id: '7c429897c664ce28d180bae6623b6c3b') in 0.0079094 seconds
Start importing Packages/com.unity.collections/Unity.Collections.PerformanceTests/PerformanceTestFrameworkOutputFixedSize.png using Guid(079c3d43b74823a41bb33198b8221c23) (TextureImporter) -> (artifact id: '5ce17504d02a10c5d3904644735c0b1c') in 0.0295639 seconds
Start importing Packages/com.unity.render-pipelines.universal/Textures/BlueNoise16/L/LDR_LLL1_9.png using Guid(071e954febf155243a6c81e48f452644) (TextureImporter) -> (artifact id: '14ac8a36584ac18459576aeb1feab2b4') in 0.0043593 seconds
Start importing Packages/com.unity.inputsystem/InputSystem/Editor/Icons/d_Pen@3x.png using Guid(17b3fef87d666459d860ad88452862da) (TextureImporter) -> (artifact id: '28a4954aaa3987eb328e9703d3a4f869') in 0.0048735 seconds
Start importing Packages/com.unity.2d.animation/Editor/Assets/EditorIcons/Light/Weight_Brush@2x.png using Guid(17d3bf7425a0748489ce3633e38652db) (TextureImporter) -> (artifact id: 'd3b8a78ce9515b10d9f6b961f0f37b4e') in 0.008557 seconds
Start importing Packages/com.unity.2d.animation/Editor/Assets/EditorIcons/Dark/d_Visibility_Tool@4x 1.png using Guid(1748e795fc2216743b74f9f19e87888e) (TextureImporter) -> (artifact id: '3ea3796ff3774447354fa2b76a3cbda2') in 0.0116376 seconds
Start importing Packages/com.unity.inputsystem/InputSystem/Editor/Icons/Gamepad.png using Guid(17c8753d0e5e24194b06404851be7f13) (TextureImporter) -> (artifact id: 'a8cce7c88438a72c0492805f17713ce5') in 0.0046234 seconds
Start importing Packages/com.unity.2d.animation/Editor/Assets/EditorIcons/Dark/d_Bone@2x.png using Guid(17d971605cfbaea47b0d10b0b5dbc406) (TextureImporter) -> (artifact id: '8694acee9c79c713fb79553283983fce') in 0.0055284 seconds
Start importing Packages/com.unity.shadergraph/Editor/Resources/Icons/sg_graph_icon.png using Guid(170afdc32bbba284e8d0740a464b9fbd) (TextureImporter) -> (artifact id: '455742943a803481f86791ebea573beb') in 0.0064715 seconds
Start importing Packages/com.unity.2d.animation/Editor/Assets/SkinningModule/dotYellow.png using Guid(173a5eb1d13d68d4ea39f3e5d2c6e2c0) (TextureImporter) -> (artifact id: 'e0213705d4d2bd7cc3757ccd6fe293be') in 0.0210849 seconds
Start importing Packages/com.unity.2d.animation/Editor/Assets/EditorIcons/Light/character_Mode@3x.png using Guid(17fa84703485d314b8d6b5216987d4b1) (TextureImporter) -> (artifact id: 'eefd86b3c942a8ccb3b9d60c10f8a623') in 0.0084724 seconds
Start importing Packages/com.unity.render-pipelines.core/Editor/Icons/MipLevels/RenderGraphViewer/d_PassInspector@16.png using Guid(179c26b8104e4a84bb9ba82aa6ec463b) (TextureImporter) -> (artifact id: '9848fc49550b187f3222b8b0d9ab58d8') in 0.0056651 seconds
Start importing Packages/com.unity.2d.animation/Editor/Assets/EditorIcons/Dark/d_Sprite_Mode@4x.png using Guid(177f0e0a4941a464f935c21b367d57c7) (TextureImporter) -> (artifact id: 'e388b4f3f8ded3bee56db2efebc173c9') in 0.0185674 seconds
Start importing Packages/com.unity.render-pipelines.universal/Textures/BlueNoise16/L/LDR_LLL1_31.png using Guid(179f794063d2a66478e6e726f84a65bc) (TextureImporter) -> (artifact id: 'ea720e55c3a35c17596d6586cecab68a') in 0.0054582 seconds
Start importing Packages/com.unity.2d.common/Path/Editor/Handles/Path/pointNormal.png using Guid(2792173d76a5f4d2ebe800b6b4b096cf) (TextureImporter) -> (artifact id: '80778d403a325fad678504e15d7b242a') in 0.0055628 seconds
Start importing Packages/com.unity.inputsystem/InputSystem/Editor/Icons/d_Axis@2x.png using Guid(27163f3cda5b9431d928f2b33eeb5cf1) (TextureImporter) -> (artifact id: '158c401fbaa5700bd3c55702587df2af') in 0.0092217 seconds
Start importing Assets/EmeraldBunny/Art/chair_leg_middle_lower_fixed.png using Guid(27098e636a649194ab003272472560c8) (TextureImporter) -> (artifact id: 'f6345b65de30933ef491ad848222a8fa') in 0.005848 seconds
Start importing Packages/com.unity.inputsystem/InputSystem/Editor/Icons/d_Joystick@2x.png using Guid(27fa98be5deb54cbf9c11ffc540272b2) (TextureImporter) -> (artifact id: '9cadebad2d03f8da6a5acf8432eb453e') in 0.0052764 seconds
Start importing Assets/EmeraldBunny/Art/toeAir4_lower_front.png using Guid(277df781d76524b44af62ccd27a442da) (TextureImporter) -> (artifact id: '705a87d8497076a4375f98040361fa48') in 0.0063458 seconds
Start importing Packages/com.unity.render-pipelines.core/Editor/Lighting/Icons/d_LightPlacement_Icon On@16.png using Guid(27ddd7fccc437254da38f2ffe1983567) (TextureImporter) -> (artifact id: '3fb27139b5b388a694645574e8d8e0b4') in 0.0055646 seconds
Start importing Packages/com.unity.2d.animation/Editor/Assets/ComponentIcons/d_GreenCheck.png using Guid(3706f0af0fd964c949932a2664734f23) (TextureImporter) -> (artifact id: 'c71da9286ad7dc075ec8c96294a14b4c') in 0.0065852 seconds
Start importing Packages/com.unity.2d.animation/Editor/Assets/EditorIcons/Selected/Create_Edge@3x.png using Guid(374643871a39dd44880f1c0eff14f46c) (TextureImporter) -> (artifact id: '6b66a4fc2081c8390de23a4786c082af') in 0.0055708 seconds
Start importing Packages/com.unity.render-pipelines.core/Editor/PostProcessing/LensFlareResource/CircleFlareThumbnail@2x.png using Guid(37e93113453ac0d46863acd4090899c8) (TextureImporter) -> (artifact id: '897b2b1c4ed33e838d6dc41850a357b4') in 0.0059019 seconds
Start importing Packages/com.unity.render-pipelines.core/Editor/Lighting/Icons/LightUnitIcons/VeryBrightSun@2x.png using Guid(37ca6c7ad753f1648a24db2b740ba2ca) (TextureImporter) -> (artifact id: '2fee44b4f15cb927b8f68effa0c7563e') in 0.0061756 seconds
Start importing Packages/com.unity.2d.animation/Editor/Assets/EditorIcons/Dark/d_Warning@2x.png using Guid(4701020ad5a254186b3082d1f2f37ba0) (TextureImporter) -> (artifact id: '787021307b65e68f338681e7219e865c') in 0.006992 seconds
Start importing Packages/com.unity.2d.sprite/Editor/Assets/SpriteEditorOn.png using Guid(476369828d55a4032beead7444495b69) (TextureImporter) -> (artifact id: 'ee4b60a20fb7cd3f78d93b5452b5d2a7') in 0.008771 seconds
Start importing Assets/EmeraldBunny/Art/leg_rear_knee_lower_fixed.png using Guid(4714e0b2698e5574fb4253eae4e886de) (TextureImporter) -> (artifact id: 'e0cce82137b9602479ea7975d482d55e') in 0.0064442 seconds
Start importing Packages/com.unity.render-pipelines.universal/Textures/BlueNoise16/L/LDR_LLL1_14.png using Guid(47a45908f6db0cb44a0d5e961143afec) (TextureImporter) -> (artifact id: 'bdeffa0f5cb6556ad79d3f34a8455601') in 0.0047396 seconds
Start importing Packages/com.unity.render-pipelines.core/Editor/LookDev/Icons/d_LayoutVertical@2x.png using Guid(472b4042959bbd844b8fd760bddd7a47) (TextureImporter) -> (artifact id: '554c648216f5fe17aecd8cab286cbe21') in 0.0087511 seconds
Start importing Packages/com.unity.2d.animation/Editor/Assets/EditorIcons/Selected/Create_Vertex@3x.png using Guid(47fe565904dc6b1419e9acc62b99812e) (TextureImporter) -> (artifact id: 'cdd64955d624ec947131080feaf9ef61') in 0.0060847 seconds
Start importing Packages/com.unity.inputsystem/InputSystem/Editor/AssetEditor/PackageResources/yellow.png using Guid(47cf506b4219343519083fe1c0b8fc9c) (TextureImporter) -> (artifact id: 'eeca2421e68a8d6ce423cc5ab9ba4c93') in 0.0043577 seconds
Start importing Packages/com.unity.shadergraph/Editor/Resources/Icons/Settings_Flyout_9slice.png using Guid(57517c89a809f44458493cef0310e46f) (TextureImporter) -> (artifact id: 'cd03db82c95c1a133af51885ab86ff61') in 0.005586 seconds
Start importing Assets/EmeraldBunny/Art/chair_leg_frontleft_lower_fixed.png using Guid(57b2e6b81a3407341a34bc743df0db8f) (TextureImporter) -> (artifact id: '79950f0bd4ad73aaaafa54f1885da7a6') in 0.0087789 seconds
Start importing Packages/com.unity.2d.animation/Editor/Assets/ComponentIcons/Animation.SpriteLibraryManager On@128.png using Guid(57f8befb92b364ca1bcae0f34c27e2d3) (TextureImporter) -> (artifact id: '28996327df11ff29c8581df9f9b90b64') in 0.0087415 seconds
Start importing Packages/com.unity.2d.animation/Editor/Assets/EditorIcons/Dark/d_Visibility_Tool@4x.png using Guid(575e67e67fc4b3349bef2112e32f0be3) (TextureImporter) -> (artifact id: 'be58625f66d772bca3709359e519a44f') in 0.0059276 seconds
Start importing Packages/com.unity.inputsystem/InputSystem/Editor/Icons/ChevronUp@2x.png using Guid(57dfdce0eaf2f48a9bd9e60e920e446b) (TextureImporter) -> (artifact id: '74570ef1cbbb8cb053f35f74af6db2d2') in 0.0042882 seconds
Start importing Packages/com.unity.2d.animation/Editor/Assets/EditorIcons/Selected/Copy.png using Guid(678095381d851334fb550c5032ba1a81) (TextureImporter) -> (artifact id: '84cf409bde0a6d85807867cf2a813b5e') in 0.0058869 seconds
Start importing Packages/com.unity.2d.animation/Editor/Assets/ComponentIcons/Animation.SpriteSkin On@256.png using Guid(678e07380549544ef9884c1817c65ae8) (TextureImporter) -> (artifact id: '416e17969bd81cd7193adf796b5cfb94') in 0.0120532 seconds
Start importing Packages/com.unity.render-pipelines.core/Editor/Icons/MipLevels/d_Volume@32.png using Guid(675ff9ea9d96a004a85fc91680242734) (TextureImporter) -> (artifact id: 'aee16f30d9828ced77159abca7fc0cad') in 0.0042288 seconds
Start importing Assets/Resources/Art/Characters/C001/LiveLayers/layer_sword.png using Guid(677fce3efcec0fe4486c08c9f5786c05) (TextureImporter) -> (artifact id: '56e83349146633af04513b72772cb214') in 0.0125322 seconds
Start importing Assets/Resources/Art/Characters/C001/portrait.png using Guid(77700e0ecd745e541a5e0a8b4aa7e6bd) (TextureImporter) -> (artifact id: 'f0e3b708546d38ebcf31fee95084866e') in 0.0466868 seconds
Start importing Assets/EmeraldBunny/Art/toeGround4_lower_rear.png using Guid(77f0dce37dcec5843986fb667782a2b8) (TextureImporter) -> (artifact id: '5f79a6df8aa8715879dbb60353af9965') in 0.0049608 seconds
Start importing Assets/EmeraldBunny/Art/leg_front_calf.png using Guid(7713049912ed77e4fbe06c97dc1fe932) (TextureImporter) -> (artifact id: '720df19d57521ccbddad8e69e8b8fe45') in 0.0075766 seconds
Start importing Packages/com.unity.render-pipelines.core/Editor/Lighting/Icons/LightPlacement_Icon.png using Guid(77f3e0d20577fcd4ebb29c14ff5d58c7) (TextureImporter) -> (artifact id: 'b21871967cc6c9927d2d8f346f7c058f') in 0.0046594 seconds
Start importing Packages/com.unity.2d.animation/Editor/Assets/EditorIcons/Selected/Split_Edge@3x.png using Guid(7764b2bf79a49894e8ea10f3d661a4ed) (TextureImporter) -> (artifact id: 'daf8787f5056b8e7d0a7016c2fe1a3a7') in 0.0059173 seconds
Start importing Packages/com.unity.2d.sprite/Editor/ObjectMenuCreation/DefaultAssets/Textures/CircleMask.png using Guid(87aaca0a643d54397ba969dab4fc8875) (TextureImporter) -> (artifact id: '2f96000def5c40e6c4993170869a9e23') in 0.0083404 seconds
Start importing Packages/com.unity.inputsystem/InputSystem/Editor/Icons/Keyboard@2x.png using Guid(87ae93efe5d3b4262995b0acdc987d88) (TextureImporter) -> (artifact id: 'a408b89ffda1ccbe8d4e05014bff7ba6') in 0.0053427 seconds
Start importing Assets/EmeraldBunny/Art/hair_back.png using Guid(87bfae724be6fa44085fdb124a6320a4) (TextureImporter) -> (artifact id: 'd09d440e88da96cab750a73469d66db2') in 0.0079693 seconds
Start importing Packages/com.unity.inputsystem/InputSystem/Editor/Icons/Mouse@2x.png using Guid(9721efa02e520488d96c36460fe7e4a6) (TextureImporter) -> (artifact id: '9819ff1785553554a4880cbc7fe4c6e9') in 0.0042627 seconds
Start importing Assets/Resources/Art/Characters/C001/preview_new.before_ice.png using Guid(97defbb5e8c68f04dbd4d8c19df6884e) (TextureImporter) -> (artifact id: 'b0e11d5bbef0163ea10fc232bcc2d017') in 0.584608 seconds
Start importing Packages/com.unity.2d.animation/Editor/Assets/ComponentIcons/Animation.IKLimb On@128.png using Guid(a7509656986904778b9b80babc278b98) (TextureImporter) -> (artifact id: '07d158fdc354a555296fa8c0abafb532') in 0.0164694 seconds
Start importing Assets/Resources/Art/Characters/C001/preview_new.png using Guid(a7c4e91b2d8f40c6b1e5a9037f6d2c18) (TextureImporter) -> (artifact id: '12d4171243799f9f5991cbd5e8376f09') in 1.9829516 seconds
Start importing Assets/EmeraldBunny/Art/bow_left.png using Guid(a7c895ef427333f43b7fbdb06c68e9c8) (TextureImporter) -> (artifact id: '80129bb6fe72ed876bfa05777d67cda3') in 0.0055447 seconds
Start importing Assets/Resources/Art/Characters/C007/portrait.png using Guid(a7c965aaa81d8188d6c977880c298f8b) (TextureImporter) -> (artifact id: 'c6c351286a4de160eb9fdc5ce75658ad') in 0.0971882 seconds
Start importing Packages/com.unity.ugui/Editor Resources/Gizmos/TMP - Dropdown Icon.psd using Guid(a7ec9e7ad8b847b7ae4510af83c5d868) (TextureImporter) -> (artifact id: '2762eac57315f31a50702d220b169881') in 0.0179493 seconds
Start importing Packages/com.unity.render-pipelines.core/Editor/LookDev/Icons/d_LayoutCustom@2x.png using Guid(b753c88a6aeb2674fa1d4f0a4c0a285a) (TextureImporter) -> (artifact id: 'cf932e04ae3232ce8adc367fd37ec61b') in 0.0093997 seconds
Start importing Packages/com.unity.2d.sprite/Editor/Assets/d_SpriteEditor.png using Guid(b7784190913354d4fb9b7f77888f915f) (TextureImporter) -> (artifact id: 'c3b2e6fcde4321a938896f5a97a37d34') in 0.0076813 seconds
Start importing Assets/EmeraldBunny/Art/leg_front_thigh_lower_front.png using Guid(c7429d5b08b89b94bb8daeb937fe2fdb) (TextureImporter) -> (artifact id: 'f2819d042e609df30b53db0e8486c00e') in 0.0089292 seconds
Start importing Packages/com.unity.2d.animation/Editor/Assets/EditorIcons/Selected/Edit_Geometry@2x.png using Guid(c706f86f6fd02084f9a14727d08b844d) (TextureImporter) -> (artifact id: '46509735e0f49a2f8a348a637924c0e8') in 0.0062753 seconds
Start importing Packages/com.unity.ugui/Editor Resources/Textures/btn_AlignCenterGeo.psd using Guid(c76700ea0062413d9f69409b4e9e151b) (TextureImporter) -> (artifact id: '243fd937e0502e150face1446c296754') in 0.0083941 seconds
Start importing Packages/com.unity.2d.animation/Editor/Assets/EditorIcons/Light/Bone_Influence@4x.png using Guid(c7aa62ae78ffca0498c89e5f45f94c0e) (TextureImporter) -> (artifact id: '8ae38feb2ed453760acb5a3bee6102be') in 0.0068732 seconds
Start importing Assets/EmeraldBunny/Art/lip_lower.png using Guid(c7adacf61e369cf4ba6c5e45e44a7eb7) (TextureImporter) -> (artifact id: '9fe63dfd5f0bee2daa8cb1b27352496f') in 0.0059317 seconds
Start importing Packages/com.unity.render-pipelines.core/Editor/Lighting/Icons/d_LightPlacement_Icon@128.png using Guid(c7cdaebf43bf99948bf392ce8f4088af) (TextureImporter) -> (artifact id: 'ec814e05de8a9ebe01f9f023ffcfe4c2') in 0.0051913 seconds
Start importing Packages/com.unity.inputsystem/InputSystem/Editor/AssetEditor/PackageResources/pink.png using Guid(d7b144323984d4298924c65ed071dea1) (TextureImporter) -> (artifact id: '940e16e7ccbbabdd0594d13015587ddb') in 0.0051777 seconds
Start importing Packages/com.unity.2d.animation/Editor/Assets/EditorIcons/Selected/Edit_Joints@4x.png using Guid(d7b47eae8bab6b94798f1c25eabe65c2) (TextureImporter) -> (artifact id: 'e6b1143fbd761c2a5150a9b5c9a070c7') in 0.0072906 seconds
Start importing Packages/com.unity.render-pipelines.core/Editor/Icons/MipLevels/d_Volume@128.png using Guid(d765b90a4ccbfae4ba0b8512144b99f0) (TextureImporter) -> (artifact id: 'bd5039694a4a0dace4f92cd26ff278ab') in 0.0102209 seconds
Start importing Assets/EmeraldBunny/Art/chair_rightarm_lower_fixed.png using Guid(d7263d67fd72b8740a291e610be632ee) (TextureImporter) -> (artifact id: 'a7e089a0f1b1086bd92b6ee9d027ea5b') in 0.0113184 seconds
Start importing Packages/com.unity.inputsystem/InputSystem/Editor/Icons/Dpad@4x.png using Guid(d7073cfe15a1a48bfb7ff59225052484) (TextureImporter) -> (artifact id: 'fb67a19786e23a14d8cb1a4750e31d86') in 0.0058211 seconds
Start importing Packages/com.unity.render-pipelines.core/Editor/PostProcessing/LensFlareResource/Flare128.png using Guid(d7b90718ad2a7af4aab8546a0897d5db) (TextureImporter) -> (artifact id: '98877c3dce2c44dd575679bbf8f3bf94') in 0.0059375 seconds
Start importing Packages/com.unity.2d.animation/Editor/Assets/EditorIcons/Light/Edit_Joints.png using Guid(e7b30dca77466b8478690c280b0010ea) (TextureImporter) -> (artifact id: 'e9d5fbfdbe8476feb409d6bae84e15e6') in 0.006167 seconds
Start importing Packages/com.unity.render-pipelines.core/Editor/Lighting/Icons/LightUnitIcons/d_SunriseSunset@2x.png using Guid(e737fd1dd31046c4da43e8ba94fdaf63) (TextureImporter) -> (artifact id: 'db88845a897036e94f2bad14bf94a2b8') in 0.0241437 seconds
Start importing Packages/com.unity.2d.animation/Editor/Assets/EditorIcons/Selected/d_Mesh@3x.png using Guid(e79a9e9d6396eba438900afb0357e808) (TextureImporter) -> (artifact id: '0506090fb610b1ee36a1d2e2145930c8') in 0.0103018 seconds
Start importing Packages/com.unity.2d.animation/Editor/Assets/EditorIcons/Dark/d_Edit_Joints@3x.png using Guid(e76bc39dceb8b72439432f8679056c92) (TextureImporter) -> (artifact id: 'd92a77cfa64318c58e8d13c603502654') in 0.0097426 seconds
Start importing Packages/com.unity.2d.animation/Editor/Assets/EditorIcons/Selected/Create_Vertex.png using Guid(e7ddb9213511d984f8b951a7c913d83a) (TextureImporter) -> (artifact id: 'a8f51cd89502ed5f9cb5f065def10392') in 0.0145165 seconds
Start importing Packages/com.unity.inputsystem/InputSystem/Editor/Icons/d_Touch@3x.png using Guid(e77ee65b5139048949dc0ac5614efeec) (TextureImporter) -> (artifact id: '876fc8f28352eb6db1440577ab3191cd') in 0.0066481 seconds
Start importing Packages/com.unity.2d.animation/Editor/Assets/EditorIcons/Light/SetPivot16.png using Guid(e7ae402e1190249f4a2be52eb7ec09c5) (TextureImporter) -> (artifact id: '0a403ff9e8db0e7b1f14330a3b5b1e60') in 0.0175861 seconds
Start importing Packages/com.unity.inputsystem/InputSystem/Editor/Icons/Dpad.png using Guid(e76f0489d4db34a2fbc3532e07f2848a) (TextureImporter) -> (artifact id: '5ab72bbf0caf2fd5524f529df4dcfce5') in 0.0062289 seconds
Start importing Packages/com.unity.2d.animation/Editor/Assets/EditorIcons/Selected/Split Bones.png using Guid(f723a6284838af1429bbb544ecf4015d) (TextureImporter) -> (artifact id: '060519a2d6e60c3bc3aadd3051843a99') in 0.0068627 seconds
Start importing Packages/com.unity.shadergraph/GraphTemplates/Cross Pipeline/TerrainSimpleTemplateThumbnail.png using Guid(f7b60a412d492fa4a96583e253626880) (TextureImporter) -> (artifact id: 'db4229f5f2498059198d60652c35a918') in 0.0335684 seconds
Start importing Packages/com.unity.2d.animation/Editor/Assets/EditorIcons/Dark/d_Generate_Weights@2x.png using Guid(f7e651b449fe96f42badf0e18b738c78) (TextureImporter) -> (artifact id: 'd97c32af717d8ca51ebfddef64702dfd') in 0.0099809 seconds
Start importing Packages/com.unity.render-pipelines.core/Editor/Lighting/Icons/d_LightPlacement_Icon@16.png using Guid(f75902f05f887d847bd7573bdac61eca) (TextureImporter) -> (artifact id: '8986bfd2067d4a25f9ed5940cdc3a9f1') in 0.0096064 seconds
Start importing Packages/com.unity.render-pipelines.core/Editor/Lighting/Icons/LightUnitIcons/d_CloudySky@2x.png using Guid(088373792f5db604fa5b045cb5dff9c9) (TextureImporter) -> (artifact id: 'c4ca0d272b56cb895afd08c457f6d6b5') in 0.0127903 seconds
Start importing Packages/com.unity.render-pipelines.core/Editor/Lighting/Icons/LightUnitIcons/d_VeryBrightSun.png using Guid(083778a134a402a4f82b55a98ac21530) (TextureImporter) -> (artifact id: '979ae6176dc3af502f2ab5652df7bb03') in 0.0082784 seconds
Start importing Packages/com.unity.inputsystem/InputSystem/Editor/Icons/InputControl@4x.png using Guid(08c99f7c2a7fa410d8567323e32ad5f5) (TextureImporter) -> (artifact id: 'd95369797d7aa3508dc649a3e837e873') in 0.007907 seconds
Start importing Packages/com.unity.2d.animation/Editor/Assets/EditorIcons/Light/Edit_Geometry@4x.png using Guid(088ce4ab56060504083daeb4556a09c1) (TextureImporter) -> (artifact id: 'd58aba364d44a5cc0709631fb8b503e6') in 0.0111685 seconds
Start importing Packages/com.unity.2d.animation/Editor/Assets/ComponentIcons/Animation.SpriteLibraryVar On.png using Guid(18115dbbb843441ac95e0b3a372d9807) (TextureImporter) -> (artifact id: '8acc09d0c048a5e59440d9148441f564') in 0.0080921 seconds
Start importing Packages/com.unity.inputsystem/InputSystem/Editor/Icons/Joystick@2x.png using Guid(18e45e1f11fae429c80c200cca8e0b4c) (TextureImporter) -> (artifact id: 'a3942c0e75c9d0cc965433b25a5f4d66') in 0.0051668 seconds
Start importing Packages/com.unity.shadergraph/Editor/Resources/Icons/sg_subgraph_icon_gray_dark.png using Guid(18c6490536702e840b89a326d93a92a1) (TextureImporter) -> (artifact id: '0a53cd1d3284e49f9f9e386a01d4276c') in 0.0076816 seconds
Start importing Packages/com.unity.ugui/Editor Resources/Textures/btn_AlignBaseLine_Light.psd using Guid(18775b51e3bd42299fd30bd036ea982f) (TextureImporter) -> (artifact id: 'ddec4386007c5640548e64bb246e5a5a') in 0.0049588 seconds
Start importing Packages/com.unity.2d.animation/Editor/Assets/EditorIcons/Light/Split Bones@2x.png using Guid(180eeff5b9e615349907ea53344202fa) (TextureImporter) -> (artifact id: 'ab068cac85d6156d327bd39a28da3971') in 0.0057405 seconds
Start importing Packages/com.unity.render-pipelines.core/Editor/LookDev/Icons/d_Camera2.png using Guid(281160d54742cbb44a88a61bf8ccfb16) (TextureImporter) -> (artifact id: 'bbd6a4173a3627566b446641ab149ee4') in 0.0059221 seconds
Start importing Packages/com.unity.2d.animation/Editor/Assets/EditorIcons/Selected/Generate_Weights.png using Guid(2892d6ec6ca2a1f45adbd52fdb96fcfe) (TextureImporter) -> (artifact id: 'd12c6e81b0bcc6824c10424aecdd37e0') in 0.0056535 seconds
Start importing Packages/com.unity.render-pipelines.core/Editor/LookDev/Icons/Camera2@2x.png using Guid(28f2917353630ce4fa307eeceadcd26d) (TextureImporter) -> (artifact id: '511451d8cefeb9ffefd753a167542052') in 0.0057817 seconds
Start importing Packages/com.unity.render-pipelines.core/Editor/LookDev/Icons/d_RightArrow@2x.png using Guid(28d47cbaafc98254f8d4f6184dff22cd) (TextureImporter) -> (artifact id: '4ee61ffa600bc92de9369050391ae98c') in 0.0108138 seconds
Start importing Packages/com.unity.render-pipelines.core/Editor/Icons/MipLevels/d_VolumeProfile@64.png using Guid(2889bb1951831234789d947901bce53e) (TextureImporter) -> (artifact id: '3c2d1e8b7ea4e363171de5be3b6e6188') in 0.0058918 seconds
Start importing Assets/EmeraldBunny/Art/chair_all.png using Guid(3803c42660e9dc1478ac0b39ecb8c1eb) (TextureImporter) -> (artifact id: '591870647cf3a5851ca67f081642c50c') in 0.0067474 seconds
Start importing Packages/com.unity.render-pipelines.core/Editor/Icons/RenderGraphViewer/Texture@2x.png using Guid(38d7c20ac7a9de246a75479d66d518fd) (TextureImporter) -> (artifact id: '7dad63237defa17bae90f74afe6d6a61') in 0.0047102 seconds
Start importing Assets/EmeraldBunny/Art/mouth.png using Guid(38f9fa8ef3c44d74b954d5255140210c) (TextureImporter) -> (artifact id: '08e332beda9b8c78409c5f198d30a726') in 0.0049982 seconds
Start importing Packages/com.unity.ugui/Editor Resources/Textures/btn_AlignTop.psd using Guid(48d034c499ee4697af9dd6e327110249) (TextureImporter) -> (artifact id: '5f4f9fddd36f0e63b074f8ee5ed0b5a6') in 0.008383 seconds
Start importing Packages/com.unity.render-pipelines.core/Editor/Icons/MipLevels/RenderGraphViewer/PassInspector@16.png using Guid(48b566d9e8cf828409d6879b70fe00b5) (TextureImporter) -> (artifact id: '9d7d6289211efc122d7d82f358078385') in 0.0079878 seconds
Start importing Packages/com.unity.2d.animation/Editor/Assets/EditorIcons/Selected/Weight_Brush@4x.png using Guid(48464cd53bb3c604f999e7d3f15e8d09) (TextureImporter) -> (artifact id: 'fea57443131151f61ccbb96e7f66b39a') in 0.0063708 seconds
Start importing Packages/com.unity.2d.animation/Editor/Assets/ComponentIcons/Animation.IKManager On@32.png using Guid(48e86ca3e41834f60b0eae5fb521cfc4) (TextureImporter) -> (artifact id: '713616b05d633b700977a3d721e86c5e') in 0.0079865 seconds
Start importing Packages/com.unity.2d.sprite/Editor/ObjectMenuCreation/DefaultAssets/Textures/Square.png using Guid(48e93eef0688c4a259cb0eddcd8661f7) (TextureImporter) -> (artifact id: 'dfeee8beeee560b1403939b344229800') in 0.012675 seconds
Start importing Assets/EmeraldBunny/Art/chair_base_lower_fixed.png using Guid(48ad318be9da0a64d839c68a93f853fc) (TextureImporter) -> (artifact id: 'a5cb53d5b1ebdc83f09ebb7d8f4eb6b6') in 0.0096782 seconds
Start importing Packages/com.unity.2d.animation/Editor/Assets/EditorIcons/Dark/d_Sprite_Influence@4x.png using Guid(58702b682724446469909705bca1de62) (TextureImporter) -> (artifact id: 'eb3bea1412263d1cddc0ab9f9778388d') in 0.0077908 seconds
Start importing Packages/com.unity.inputsystem/InputSystem/Editor/Icons/Touch.png using Guid(588041e6f0efb43489b38677e0aac58f) (TextureImporter) -> (artifact id: '27663bb80eb5133d5d4b4253f2794086') in 0.0059167 seconds
Start importing Packages/com.unity.inputsystem/InputSystem/Editor/Icons/Stick@2x.png using Guid(5881d226463a047cb8db57c9cb0ebc0f) (TextureImporter) -> (artifact id: '8d7a00bb21bf9d6e8a64134a48e9ac9f') in 0.0052028 seconds
Start importing Assets/EmeraldBunny/Art/leg_front_thigh_lower_fixed.png using Guid(58d4c83f4416e29449760ff5db560c55) (TextureImporter) -> (artifact id: 'b2f0ebb86517bab20927e68121a37240') in 0.0100782 seconds
Start importing Packages/com.unity.inputsystem/InputSystem/Editor/Icons/Dpad@2x.png using Guid(5806833d077654e5784b7cbf3e722f58) (TextureImporter) -> (artifact id: '389b6b6427e9c19c7049d25b5c4bcd32') in 0.0054306 seconds
Start importing Packages/com.unity.ugui/Editor Resources/Textures/btn_AlignBottom_Light.psd using Guid(585b70cb75dd43efbfead809c30a1731) (TextureImporter) -> (artifact id: 'fcfac541ac87e0824df3549d2f1e50c4') in 0.0052515 seconds
Start importing Packages/com.unity.2d.animation/Editor/Assets/EditorIcons/Selected/Bone_Influence@3x.png using Guid(68e5a78013e33f247822a837e55b0ab4) (TextureImporter) -> (artifact id: '4293c5994a7588b994b3b721964a6fcd') in 0.0057928 seconds
Start importing Packages/com.unity.render-pipelines.universal/Editor/2D/Resources/InspectorIcons/FreeformLight.png using Guid(68e5bb6e60bebc046b26d3c3100a523b) (TextureImporter) -> (artifact id: 'ab1a5d925aa1b80b2b677ac60331e30f') in 0.0063211 seconds
Start importing Packages/com.unity.2d.animation/Editor/Assets/EditorIcons/Dark/d_Weight_Slider@4x.png using Guid(6816bbef55b2e9847b5e4f06c5475d8b) (TextureImporter) -> (artifact id: '23f05e04c3b495c21ee6bfcca52f99b6') in 0.0055261 seconds
Start importing Packages/com.unity.2d.animation/Editor/Assets/ComponentIcons/d_Animation.IKLimb@256.png using Guid(687d960e2731e4f379851b2bb0b12167) (TextureImporter) -> (artifact id: '70e10fc9c804c2a86838c70a34293851') in 0.0102954 seconds
Start importing Assets/EmeraldBunny/Art/leg_front_knee.png using Guid(7810d7ccc0ff26346ad59120ee56d8cd) (TextureImporter) -> (artifact id: '08937635bf84a093c053263063fa92c7') in 0.0057867 seconds
Start importing Packages/com.unity.2d.animation/Editor/Assets/EditorIcons/Selected/Create Bones@3x.png using Guid(7835bec40f86c2c4fb3f91a6eb3b7034) (TextureImporter) -> (artifact id: '0dbffe7d513ad23e8657265ddc47fa57') in 0.0053874 seconds
Start importing Packages/com.unity.render-pipelines.core/Editor/Icons/RenderGraphViewer/AccelerationStructure@2x.png using Guid(78c530431f09533469990aeb78f31210) (TextureImporter) -> (artifact id: '5261c62693cd6525f109d1decae62f73') in 0.0046638 seconds
Start importing Assets/EmeraldBunny/Art/repair_face.png using Guid(78170dc7b803055458b7b5436356c3da) (TextureImporter) -> (artifact id: '46a3808ff069b0b29e1ffa1517680cb8') in 0.0070236 seconds
Start importing Packages/com.unity.shadergraph/GraphTemplates/default_vfx_msk.png using Guid(788b35e8fa5154559af342abaf8be483) (TextureImporter) -> (artifact id: '6df9e139df23d41c1709593a0c8b00cd') in 0.0263185 seconds
Start importing Packages/com.unity.2d.animation/Editor/Assets/EditorIcons/Selected/Split_Edge.png using Guid(8800032f7e7cdd544b74849c80ce05d4) (TextureImporter) -> (artifact id: '22cd8e793debb89da907d64d854d950e') in 0.0201967 seconds
Start importing Packages/com.unity.2d.sprite/Editor/ObjectMenuCreation/DefaultAssets/Textures/v2/9Sliced.png using Guid(8884154dfe85442a3a3578be807dbcdf) (TextureImporter) -> (artifact id: 'f55fcb1d4b0549b5682ec15597468a4b') in 0.0095533 seconds
Start importing Packages/com.unity.2d.animation/Editor/Assets/EditorIcons/Light/EditorUI.Filter.png using Guid(88550efdfb3734011ab1fc63037b4a20) (TextureImporter) -> (artifact id: '891c95652cfe7d03ae30b2de7faef5da') in 0.0086234 seconds
Start importing Packages/com.unity.render-pipelines.universal/Editor/2D/Resources/InspectorIcons/SpriteLight.png using Guid(8839c54710da3374f994e12f39b6d65f) (TextureImporter) -> (artifact id: 'a96b238bee14cdbf1e0476a150a8b9cf') in 0.0052804 seconds
Start importing Packages/com.unity.shadergraph/Editor/Resources/GraphView/Nodes/PreviewExpand@2x.png using Guid(88995b00867befb41adaada22f8abc21) (TextureImporter) -> (artifact id: 'fd3c13328f808b8325fc6649e23c6761') in 0.0108414 seconds
Start importing Packages/com.unity.render-pipelines.core/Editor/Icons/RenderGraphViewer/PassInspector@2x.png using Guid(881eb9c95b9a018479a89b9218d61928) (TextureImporter) -> (artifact id: '75afa8e3d0510840f7a06a6d24106d80') in 0.0048251 seconds
Start importing Packages/com.unity.render-pipelines.core/Editor/Icons/MipLevels/d_VolumeProfile@128.png using Guid(98c28ecf0d815cc49b6868def3e52f49) (TextureImporter) -> (artifact id: '238448cf0eb7c97a47624c1bb49f7c13') in 0.0047891 seconds
Start importing Packages/com.unity.2d.animation/Editor/Assets/EditorIcons/Selected/Edit_Pose.png using Guid(9844a6aa871b23547892e819f4dd55c3) (TextureImporter) -> (artifact id: 'db43ba758acf9d96011020e90ed9f3b0') in 0.0078885 seconds
Start importing Assets/EmeraldBunny/Art/arm_right_forearm.png using Guid(9845048066910ab499ed3f8e63787de2) (TextureImporter) -> (artifact id: 'dddb44c998ce049bb316f6500170bf42') in 0.0072392 seconds
Start importing Packages/com.unity.render-pipelines.core/Editor/Icons/RenderGraphViewer/d_FramebufferFetch@2x.png using Guid(986528338c7e82b42b466e23ac6fbb96) (TextureImporter) -> (artifact id: '554aa248a5c3fdb721e986084883d4f8') in 0.0067611 seconds
Start importing Packages/com.unity.render-pipelines.core/Editor/LookDev/Icons/d_Layout2.png using Guid(98b5b3e7c51d32547b9b09232034b5d5) (TextureImporter) -> (artifact id: '53a449ac52525c2c9982c1ab7d3b491d') in 0.0175393 seconds
Start importing Packages/com.unity.inputsystem/InputSystem/Editor/Icons/ChevronDown@3x.png using Guid(985cbca1705a64c80b370afdb30b3ee7) (TextureImporter) -> (artifact id: '57d94041906044f9f58c67c150c6616e') in 0.0096435 seconds
Start importing Packages/com.unity.render-pipelines.core/Editor/LookDev/Icons/d_Environment.png using Guid(98cefb354c00bc44cb31fffd52dc4650) (TextureImporter) -> (artifact id: '673576c00e7cd31468f3f4896b7ed13c') in 0.0083701 seconds
Start importing Packages/com.unity.2d.sprite/Editor/ObjectMenuCreation/DefaultAssets/Textures/v2/Circle.png using Guid(a86470a33a6bf42c4b3595704624658b) (TextureImporter) -> (artifact id: '2c924d67566fb6366c4d7ec98a65c844') in 0.0084638 seconds
Start importing Assets/EmeraldBunny/Art/fingerR_little.png using Guid(a87436a28052efc43a175696636a07df) (TextureImporter) -> (artifact id: '3899a492d1136dcce8b81ec4b2468fb8') in 0.0044125 seconds
Start importing Packages/com.unity.2d.animation/Editor/Assets/EditorIcons/Dark/d_Edit_Geometry.png using Guid(a855026b258150c418b14e56540f642a) (TextureImporter) -> (artifact id: 'c675480f90e271ea6d42d66f6c120b9c') in 0.0138966 seconds
Start importing Packages/com.unity.2d.animation/Editor/Assets/EditorIcons/Dark/d_EditorUI.Filter.png using Guid(a8da56a2d332845258195016e4f58611) (TextureImporter) -> (artifact id: '8cd55b873940337df436c9643c1938bd') in 0.0134 seconds
Start importing Packages/com.unity.inputsystem/InputSystem/Editor/Icons/d_ChevronUp@2x.png using Guid(a89bfcdeffde84e7ebf930d44b695435) (TextureImporter) -> (artifact id: '159f8e103a25b96b06090fc72caed014') in 0.0056992 seconds
Start importing Packages/com.unity.2d.animation/Editor/Assets/ComponentIcons/Animation.SpriteLibrary On.png using Guid(a86c61e5bed184ddc884003f0c947bb4) (TextureImporter) -> (artifact id: 'b94a8787f6c477934ea2da51de85ca20') in 0.006912 seconds
Start importing Packages/com.unity.render-pipelines.core/Editor/Icons/MipLevels/RenderGraphViewer/Resources@16.png using Guid(b8c995bb50a162c44b289f34d129328f) (TextureImporter) -> (artifact id: '76515af1bcb1c201e4b8c126fb46ff80') in 0.0059021 seconds
Start importing Packages/com.unity.2d.animation/Editor/Assets/ComponentIcons/Animation.IKLimb On@64.png using Guid(b88a78d35a73e4a33bf6788d22e3cb67) (TextureImporter) -> (artifact id: 'be896e95ab2594c10d6d571ee988efb2') in 0.0083365 seconds
Start importing Packages/com.unity.2d.animation/Editor/Assets/ComponentIcons/Animation.IKFabrik@128.png using Guid(b86d0db9457f24011888218122cc164a) (TextureImporter) -> (artifact id: '6c1b6dad49e00d43e330aa7ad6036d7b') in 0.0149185 seconds
Start importing Assets/Resources/Art/Characters/C006/presenter.png using Guid(c8a039d33318f65016201135c8cd6ea9) (TextureImporter) -> (artifact id: '514e323255b5542823dda59c14a0177b') in 0.0633105 seconds
Start importing Packages/com.unity.shadergraph/Editor/Resources/Icons/settingsbutton.png using Guid(c881a10bb6578f04ba6d52f6c3f0c9d6) (TextureImporter) -> (artifact id: 'd36c47ad8b756dd1f13f5b8d35962d42') in 0.0045325 seconds
Start importing Packages/com.unity.render-pipelines.core/Editor/Lighting/Icons/PresetFill_Right.png using Guid(c8e3d80f5ead8d4409a54da768cc431d) (TextureImporter) -> (artifact id: '645b139dcf31d24686d99b23b2b43a59') in 0.0051416 seconds
Start importing Packages/com.unity.render-pipelines.universal/Editor/2D/Resources/SceneViewIcons/FreeformLight.png using Guid(c89564426827c76479d8772adb43e6e4) (TextureImporter) -> (artifact id: 'c8d153cc4ee61a86a8d9bbe17ae31853') in 0.0055908 seconds
Start importing Packages/com.unity.2d.animation/Editor/Assets/EditorIcons/Dark/d_Sprite_Mode.png using Guid(c8294bd479889de41be97f5b6da01437) (TextureImporter) -> (artifact id: '34e9d615a56d1dbb287d935075048c3a') in 0.0050658 seconds
Start importing Assets/EmeraldBunny/Art/earring_left.png using Guid(d8528544c7c70da4d81f30f5b8dbe7ad) (TextureImporter) -> (artifact id: 'ee0835812ddc36a87ce1ae59651ebc00') in 0.0053283 seconds
Start importing Packages/com.unity.inputsystem/InputSystem/Editor/Icons/d_Joystick@4x.png using Guid(d88596134c72c47b99d7d55583f4c6bf) (TextureImporter) -> (artifact id: 'b4035fa43ef882a003fad36d37d50ec2') in 0.0043042 seconds
Start importing Assets/Resources/Art/Characters/C006/portrait.png using Guid(d86a307072887cf801f8ef1e3cad3f8e) (TextureImporter) -> (artifact id: '8c0a55d5393a3ffdf205996816e5c4af') in 0.0411043 seconds
Start importing Packages/com.unity.render-pipelines.core/Editor/Lighting/Icons/LightUnitIcons/Moonlight@2x.png using Guid(d8bb1a60805d8d241acc12f74cd3b2d5) (TextureImporter) -> (artifact id: '05e360ffc933c410eadbb52ed984864f') in 0.0039417 seconds
Start importing Packages/com.unity.render-pipelines.core/Editor/Lighting/Icons/LightUnitIcons/SunriseSunset.png using Guid(d8ee4aa2fab810242a1ff465e662bc09) (TextureImporter) -> (artifact id: '109f32d84ddf3f9e58806d3e0d2190ce') in 0.0034221 seconds
Start importing Packages/com.unity.render-pipelines.core/Editor/Icons/RenderGraphViewer/d_MemorylessTexture@2x.png using Guid(e813aef83a70543b79d435ef65ec86ee) (TextureImporter) -> (artifact id: '2abe99f84b31ad7318f47c031aded775') in 0.0038635 seconds
Start importing Packages/com.unity.render-pipelines.core/Editor/LookDev/Icons/Camera2.png using Guid(e89a31db98e403b40af1a8f0ef9ae1ef) (TextureImporter) -> (artifact id: '2ef63342e1a39d036fcf42c54825576d') in 0.0055149 seconds
Start importing Packages/com.unity.render-pipelines.core/Editor/Lighting/Icons/d_LightPlacement_Icon@256.png using Guid(e8daef37e2419284e8b319261203d5c3) (TextureImporter) -> (artifact id: '42a7146c15a44cd78fa5299acd89de3f') in 0.0056388 seconds
Start importing Assets/EmeraldBunny/Art/body.png using Guid(f84f2a284fa2bd04db719480b3a4a93e) (TextureImporter) -> (artifact id: 'd4ca20da4b85c47f4743673646c0fdec') in 0.0077063 seconds
Start importing Packages/com.unity.inputsystem/InputSystem/Editor/Icons/d_Button@2x.png using Guid(0962795d1cafc460b9027de55b1c0a80) (TextureImporter) -> (artifact id: 'd564fc10dba156e1f071af19f71d18b4') in 0.0035934 seconds
Start importing Packages/com.unity.2d.animation/Editor/Assets/EditorIcons/Light/Edit_Pose@4x.png using Guid(095744d2710d19e4ab3dd9f6852cbd15) (TextureImporter) -> (artifact id: '02257d333d9028017a9494298ce29577') in 0.0057096 seconds
Start importing Assets/Resources/Art/Characters/C001/CubismLayers/sword.png using Guid(0978faaed8fc4016a6690f5ffb78ec28) (TextureImporter) -> (artifact id: '7b7dd8a9cb9a03a9bbceb1e4f502c12a') in 0.044104 seconds
Start importing Assets/EmeraldBunny/Art/spread_rear_toe_2.png using Guid(094b12fa0e387554b8bf452b8c7a29e7) (TextureImporter) -> (artifact id: 'd558eeb742b7eebfd8404a4b6e8968ba') in 0.0052812 seconds
Start importing Packages/com.unity.2d.animation/Editor/Assets/ComponentIcons/Animation.SpriteLibraryManager On@256.png using Guid(093d252d1d41041c8b4df35c330dcc59) (TextureImporter) -> (artifact id: 'a3e7bbb73b4f13fe49c9ee1da40849d3') in 0.0104648 seconds
Start importing Assets/EmeraldBunny/Art/chair_base.png using Guid(19952468b571b0546abeb45eb700b688) (TextureImporter) -> (artifact id: 'b0e96d4c109c9ada5df382516665f3df') in 0.0081804 seconds
Start importing Packages/com.unity.2d.animation/Editor/Assets/ComponentIcons/Animation.SpriteLibrary On@64.png using Guid(19370790a791d4fc99ee3830251366f8) (TextureImporter) -> (artifact id: '25c2c38a4140ca0437bf2698d17d0cb3') in 0.0059858 seconds
Start importing Packages/com.unity.inputsystem/InputSystem/Editor/Icons/d_Mouse@4x.png using Guid(1918e7bff8ff44878a0003977ca03971) (TextureImporter) -> (artifact id: '53103702ca2b72d659415595ba3ebef8') in 0.0046258 seconds
Start importing Packages/com.unity.2d.sprite/Editor/ObjectMenuCreation/DefaultAssets/Textures/v2/IsometricDiamond.png using Guid(19fb86013d8c24d6cb8410c0aadf30fa) (TextureImporter) -> (artifact id: '7ea6e33de5a1401aff2d3ad00ba9731f') in 0.0074155 seconds
Start importing Packages/com.unity.2d.animation/Editor/Assets/ComponentIcons/Animation.IKLimb On@256.png using Guid(190c43ac8c7af48e2ae7663a44f1c7ec) (TextureImporter) -> (artifact id: '18b08a25f9c172a1bc79d4ff7316b359') in 0.0107474 seconds
Start importing Packages/com.unity.2d.animation/Editor/Assets/EditorIcons/Light/Parent_Bone.png using Guid(2972f301b2bf3dd46989677197b9a34d) (TextureImporter) -> (artifact id: 'a5e9368a6b50b307943e5c2a1759b6cb') in 0.0051288 seconds
Start importing Packages/com.unity.2d.animation/Editor/Assets/EditorIcons/Selected/Split Bones@3x.png using Guid(29f90cd6202745c448e74a1398b1c731) (TextureImporter) -> (artifact id: '497ba224abe7dddc0608f99e3ac603bf') in 0.0048367 seconds
Start importing Packages/com.unity.render-pipelines.core/Editor/Lighting/Icons/LightPlacement_Icon@32.png using Guid(396033515c05b1441a3451ea18bb8e27) (TextureImporter) -> (artifact id: '83d19d7058af2bb83abf544137d1ffe3') in 0.0068651 seconds
Start importing Packages/com.unity.render-pipelines.core/Editor/Icons/MipLevels/RenderPipelineResources@32.png using Guid(39013bef60270164e94ccd21c1edb486) (TextureImporter) -> (artifact id: 'bd4d34ca793da0d89e981a8232bf4b09') in 0.0065889 seconds
Start importing Packages/com.unity.render-pipelines.core/Editor/Lighting/Icons/LightUnitIcons/d_DirectSunlight@2x.png using Guid(392581b798d70d0408e104d352ffb20b) (TextureImporter) -> (artifact id: '07f55c304d7f0e3841290e3e10361e61') in 0.0046883 seconds
Start importing Packages/com.unity.render-pipelines.universal/Textures/BlueNoise16/L/LDR_LLL1_6.png using Guid(39451254daebd6d40b52899c1f1c0c1b) (TextureImporter) -> (artifact id: '72c532628c5535a819e2dc591705344e') in 0.0038844 seconds
Start importing Packages/com.unity.2d.animation/Editor/Assets/EditorIcons/Dark/d_Mesh@4x.png using Guid(39b89ea328c2cad4abef27aedb17a4a3) (TextureImporter) -> (artifact id: '3182cbb172738af0882f1c8e091deb37') in 0.0052271 seconds
Start importing Assets/Resources/Art/Characters/C001/LiveLayers/layer_head.png using Guid(39093dc454eb8bc4b8d771f50ced7685) (TextureImporter) -> (artifact id: '491938804725178895c930bf89e66c07') in 0.0170548 seconds
Start importing Packages/com.unity.inputsystem/InputSystem/Editor/Icons/d_InputControl.png using Guid(399cd90f4e31041e692a7d3a8b1aa4d0) (TextureImporter) -> (artifact id: 'b7c971f35b0b0fab39cdaf2c4e43ef41') in 0.0061554 seconds
Start importing Packages/com.unity.2d.animation/Editor/Assets/EditorIcons/Dark/d_character_Mode@4x.png using Guid(395f6b9556f14704790df6035be6ee3a) (TextureImporter) -> (artifact id: '4bdc8e546cf66313180238517ded25cc') in 0.0049572 seconds
Start importing Packages/com.unity.render-pipelines.core/Editor/Lighting/Icons/LightUnitIcons/d_Shade@2x.png using Guid(49e4a0929afd1ae4283e4657bc636f9e) (TextureImporter) -> (artifact id: 'e7188f57dd27d31ea9497288abdb024a') in 0.028623 seconds
Start importing Packages/com.unity.2d.animation/Editor/Assets/ComponentIcons/d_Animation.SpriteSkin@32.png using Guid(49e6e07d70170412982a1e51c6c6d4de) (TextureImporter) -> (artifact id: '27f606404df84fccc03921f9654bdf01') in 0.0056493 seconds
Start importing Packages/com.unity.ugui/Editor Resources/Textures/btn_AlignCapLine_Light.psd using Guid(49679f302ac6408697f6b9314a38985c) (TextureImporter) -> (artifact id: '1c722ca586a544ce1443346aa8b4597a') in 0.0048426 seconds
Start importing Packages/com.unity.2d.animation/Editor/Assets/EditorIcons/Dark/d_False.png using Guid(4958637110c2244a691af18863ead786) (TextureImporter) -> (artifact id: 'c9406b0a184b3ac6af122a44ae5a2bfc') in 0.0051841 seconds
Start importing Packages/com.unity.render-pipelines.universal/Editor/ShaderGraph/GraphTemplates/2D/2DSpriteLitTemplateThumbnail.png using Guid(494ba6900e1d9f34da743bb68ff82ddb) (TextureImporter) -> (artifact id: '16febf6a29e3c97214f91302730726c8') in 0.0315149 seconds
Start importing Assets/Resources/Art/Characters/C001/LiveLayers/layer_hand_r.png using Guid(49eb33aa3359a984aafc5136fb0556bc) (TextureImporter) -> (artifact id: 'dd2779b7bf5a6bf80ca6971220dbb839') in 0.0107875 seconds
Start importing Packages/com.unity.2d.sprite/Editor/Assets/LockedOptions.png using Guid(492c70ec0e6ff4af48a6886e4e1608f8) (TextureImporter) -> (artifact id: 'fb37d3d78d141202e3f0944fc890424a') in 0.0044198 seconds
Start importing Packages/com.unity.render-pipelines.core/Editor/Lighting/Icons/LightUnitIcons/d_ClearSky@2x.png using Guid(490d69b278eff784b85feca736d57389) (TextureImporter) -> (artifact id: 'c63592284655148f07e80473aec7a4b2') in 0.0051042 seconds
Start importing Packages/com.unity.shadergraph/Editor/Resources/GraphView/Nodes/NodeChevronUp.png using Guid(59e85404e1156534e84e3f06ad9d3bff) (TextureImporter) -> (artifact id: '192f4a64c43a72ce7667b65595acaabd') in 0.0045387 seconds
Start importing Assets/EmeraldBunny/Art/toeGround1_lower_rear.png using Guid(593adc91576a2574db613bcb2afb992f) (TextureImporter) -> (artifact id: 'd6c78dc3fcf2b6c97eddd7a7a624331d') in 0.004392 seconds
Start importing Packages/com.unity.2d.animation/Editor/Assets/EditorIcons/Light/Split Bones.png using Guid(59bc7a7ca0683ac439e255a533670885) (TextureImporter) -> (artifact id: 'd68fb7a1b9008335152f438264109b43') in 0.0054673 seconds
Start importing Packages/com.unity.render-pipelines.core/Editor/Icons/MipLevels/d_Volume@16.png using Guid(6941712a966fa924d92b6855f339379e) (TextureImporter) -> (artifact id: '5f28440da6de8c25b468f73bde6a7351') in 0.0055918 seconds
Start importing Packages/com.unity.ugui/Editor Resources/Textures/btn_AlignFlush.psd using Guid(691475c57a824010be0c6f474caeb7e1) (TextureImporter) -> (artifact id: 'f417166fa92c533e5c75172299760f1b') in 0.0042419 seconds
Start importing Packages/com.unity.2d.animation/Editor/Assets/EditorIcons/Selected/Parent_Bone@2x.png using Guid(698621c9178225f4b8fbaffd383d579e) (TextureImporter) -> (artifact id: 'e7620a544e62ca9b1e5bf3116f9286f9') in 0.0060932 seconds
Start importing Packages/com.unity.2d.animation/Editor/Assets/EditorIcons/Dark/d_Copy.png using Guid(69fdfe6d8e206134a83223383472ff48) (TextureImporter) -> (artifact id: '908d8e3bcd372839a2a942df0e12c48d') in 0.007489 seconds
Start importing Packages/com.unity.render-pipelines.core/Editor/Lighting/Icons/LightUnitIcons/d_MediumAreaLight@2x.png using Guid(79474406bb16ef9439655eb4b419b6a8) (TextureImporter) -> (artifact id: '126b1d3e07d1ee6f39ec26bf7ffab69b') in 0.0050658 seconds
Start importing Packages/com.unity.render-pipelines.core/Editor/LookDev/Icons/Add@2x.png using Guid(79aba0b290c471c4ba3d3f818d4e9b15) (TextureImporter) -> (artifact id: '385fab099b9aa423730f6b9e58800500') in 0.0054123 seconds
Start importing Packages/com.unity.render-pipelines.core/Editor/LookDev/Icons/RenderDoc@2x.png using Guid(89608b060fc7279479398a62e245a409) (TextureImporter) -> (artifact id: '1ddc939f6653061aba2790c99abe1423') in 0.0476548 seconds
Start importing Packages/com.unity.render-pipelines.core/Editor/Lighting/Icons/LightUnitIcons/d_BlueSky.png using Guid(8991eaef2ed56cc45b9a80b50fbca5e2) (TextureImporter) -> (artifact id: '616215fafa168dc1a6aa9e425713956e') in 0.0053964 seconds
Start importing Packages/com.unity.2d.animation/Editor/Assets/EditorIcons/Light/Visibility_Hidded@3x.png using Guid(89930da27dfbbc64ba1f3baf0ae416bb) (TextureImporter) -> (artifact id: '45f115b4ca1bad953a1bcb9fa2f129bd') in 0.0061451 seconds
Start importing Packages/com.unity.render-pipelines.core/Editor/Lighting/Icons/d_LightPlacement_Icon On@128.png using Guid(89282aabe914d244b839ba4652477f23) (TextureImporter) -> (artifact id: 'ed396c8cf477ef520c65a6f3b14a47ef') in 0.0045115 seconds
Start importing Packages/com.unity.shadergraph/Editor/Resources/Icons/sg_subgraph_icon@2x.png using Guid(890b62dea83f90749a7d048c0e5c298b) (TextureImporter) -> (artifact id: '463222519ae9d3578b09be3d40b7c95a') in 0.0036582 seconds
Start importing Assets/Resources/Art/Characters/C001/CubismLayers/hair_back.png using Guid(899ccb93586d42519781aaa194f50baa) (TextureImporter) -> (artifact id: '3f6df981658c1f5d59bec19a2a5c7fd5') in 0.0556726 seconds
Start importing Packages/com.unity.render-pipelines.universal/Textures/BlueNoise16/L/LDR_LLL1_30.png using Guid(896d9004736809c4fb5973b7c12eb8b9) (TextureImporter) -> (artifact id: 'aea3d6ff02dd09c5c91593606713fa2c') in 0.0033316 seconds
Start importing Packages/com.unity.render-pipelines.universal/Textures/FilmGrain/Medium03.png using Guid(9930fb4528622b34687b00bbe6883de7) (TextureImporter) -> (artifact id: '8c8b437e99fbb6e2d3a030a9eb5a9e3b') in 0.0111656 seconds
Start importing Packages/com.unity.2d.animation/Editor/Assets/ComponentIcons/Animation.SpriteLibraryManager.png using Guid(99a16529bede740b6816c895741a9fb7) (TextureImporter) -> (artifact id: '767371857ed5a4f1d19c55f5f4679f99') in 0.0046713 seconds
Start importing Packages/com.unity.render-pipelines.universal/Editor/Gizmos/Camera_Offscreen.png using Guid(99c1f1ec31ff9924e9a75aff82e6b986) (TextureImporter) -> (artifact id: 'bf02e8b29eb34c7008109638bbdb21b3') in 0.0055954 seconds
Start importing Packages/com.unity.2d.animation/Editor/Assets/ComponentIcons/Animation.IKCCD@32.png using Guid(99e2d423491be485bafdee152310057a) (TextureImporter) -> (artifact id: '5abe7260f894bdc2127caaf497cefb86') in 0.00564 seconds
Start importing Packages/com.unity.render-pipelines.core/Editor/LookDev/Icons/d_RightArrow.png using Guid(99e5d180080c96940a65c6d906ff9131) (TextureImporter) -> (artifact id: 'c4921eb51c8d8af66ae114f70729ac64') in 0.0053277 seconds
Start importing Packages/com.unity.render-pipelines.core/Editor/LookDev/Icons/d_Camera2@2x.png using Guid(99d7e777338ab8f4ba890cc738794dba) (TextureImporter) -> (artifact id: 'de43253711abeee6904dd07bfa42cd1f') in 0.0052552 seconds
Start importing Packages/com.unity.inputsystem/InputSystem/Editor/Icons/Axis@4x.png using Guid(a940917cc397643afb071010cb2143d9) (TextureImporter) -> (artifact id: '8b0bc9ec96d1e5c9af660aff07f6eb84') in 0.0044869 seconds
Start importing Packages/com.unity.2d.sprite/Editor/ObjectMenuCreation/DefaultAssets/Textures/HexagonFlatTopWithBorder.png using Guid(a9716c16a44a94eed9b5c90fbf4d9bdd) (TextureImporter) -> (artifact id: 'ac9667b487640d8c5a67c388d688d237') in 0.007649 seconds
Start importing Packages/com.unity.2d.animation/Editor/Assets/ComponentIcons/Animation.IKCCD On@32.png using Guid(a9354548f1d8e4015830a88081482039) (TextureImporter) -> (artifact id: '365d8504c28a3debeb8f839adaac194a') in 0.0054067 seconds
Start importing Packages/com.unity.2d.animation/Editor/Assets/EditorIcons/Selected/d_Visibility_Tool@2x.png using Guid(a9e89ee3f041fa5459a4e78b37d1e58e) (TextureImporter) -> (artifact id: 'd1833e4e0219b29e7cc09a1f3c2d398c') in 0.0049076 seconds
Start importing Assets/EmeraldBunny/Art/leg_front_knee_lower_fixed.png using Guid(a9eaf0ebe131083468529550ee5c0607) (TextureImporter) -> (artifact id: '45664e67ad0b640c8dcfa1cfabb56eff') in 0.0065863 seconds
Start importing Packages/com.unity.inputsystem/InputSystem/Editor/Icons/ChevronUp.png using Guid(a9fe7c3d19af4432b9ae2a5172f4ea72) (TextureImporter) -> (artifact id: 'd7df092066b69739c5d391cf9c5bf801') in 0.0039016 seconds
Start importing Packages/com.unity.render-pipelines.core/Editor/Lighting/Icons/LightUnitIcons/d_Fluorescent.png using Guid(b95665ddb99de4945b528a188a1c41c7) (TextureImporter) -> (artifact id: '4818224ebf8eba874e7a7f330435381a') in 0.0051217 seconds
Start importing Packages/com.unity.render-pipelines.core/Editor/Lighting/Icons/LightUnitIcons/BrightSky.png using Guid(b93b6450b9bd1f44da176ac4a821c3e8) (TextureImporter) -> (artifact id: 'bcba4a4888cae7cd49966a6378c31204') in 0.0047904 seconds
Start importing Packages/com.unity.render-pipelines.core/Editor/Icons/MipLevels/RenderGraphViewer/PassInspector@32.png using Guid(b9ac6ad13d9312941912fc855a3bcc41) (TextureImporter) -> (artifact id: 'a2feaf66d451009775d750be43e53904') in 0.0043169 seconds
Start importing Packages/com.unity.render-pipelines.core/Editor/Icons/MipLevels/RenderGraphViewer/d_PassInspector@32.png using Guid(b98f3689f42be914d9c9db64ff280951) (TextureImporter) -> (artifact id: '0c78b331af8fda84d16bb5fb749164ef') in 0.0037582 seconds
Start importing Packages/com.unity.shadergraph/Editor/Resources/GraphView/Nodes/NodeChevronDown@2x.png using Guid(c951fed1cf039c7439a755e2ca108e4a) (TextureImporter) -> (artifact id: '2668b8d048d3b63a9ddebd59a8adaf8f') in 0.0042515 seconds
Start importing Packages/com.unity.inputsystem/InputSystem/Editor/Icons/d_Orientation.png using Guid(c933c2bcad7ef46309fde7c1cf11b39a) (TextureImporter) -> (artifact id: 'f3f2ed18b251dca84da9856ffb6afcb3') in 0.0036603 seconds
Start importing Assets/EmeraldBunny/Art/leg_rear_knee_lower_front.png using Guid(c9e33eea8e0b9244d9be649c09f394f7) (TextureImporter) -> (artifact id: '1fa050b16e9ed85f8b408547fe36c502') in 0.0044122 seconds
Start importing Packages/com.unity.inputsystem/InputSystem/Editor/Icons/Position@4x.png using Guid(c998b283038914e699477f514ecb31ac) (TextureImporter) -> (artifact id: '164ec531789c5608450c35e38bf0d518') in 0.0030466 seconds
Start importing Packages/com.unity.render-pipelines.universal/Textures/BlueNoise16/L/LDR_LLL1_27.png using Guid(c989e1ed85cf7154caa922fec53e6af6) (TextureImporter) -> (artifact id: 'd0c75afd6d3591e84117482550f858db') in 0.0041232 seconds
Start importing Packages/com.unity.render-pipelines.universal/Textures/BlueNoise16/L/LDR_LLL1_7.png using Guid(c94ad916058dff743b0f1c969ddbe660) (TextureImporter) -> (artifact id: '2e05ebd3fffab445a49451b7b3ce160f') in 0.0040209 seconds
Start importing Assets/EmeraldBunny/Art/toeAir2_lower_front.png using Guid(c9aaa7e5cc3b80840bac52fa72616f39) (TextureImporter) -> (artifact id: '520ed892269ee18b1e6eb4321a62b3e4') in 0.0050639 seconds
Start importing Packages/com.unity.render-pipelines.universal/Textures/BlueNoise16/L/LDR_LLL1_20.png using Guid(c9bd74624d8070f429e3f46d161f9204) (TextureImporter) -> (artifact id: '5bfd27f0d38920e58d5d1d423a5ff3d0') in 0.0039932 seconds
Start importing Assets/Resources/Art/Characters/C001/Layers/layer_body.png using Guid(d9f0013dc70a4103b6e7852eee9c972f) (TextureImporter) -> (artifact id: 'e1aba2a620ca6c7cf881090ae62a9b2f') in 0.0530925 seconds
Start importing Packages/com.unity.2d.animation/Editor/Assets/ComponentIcons/d_Animation.SpriteLibraryVar@32.png using Guid(d9e47beaa8a6e432393f34671440f777) (TextureImporter) -> (artifact id: '213801a57847b3af8f84390ad87fcd1f') in 0.0058029 seconds
Start importing Packages/com.unity.render-pipelines.core/Editor/LookDev/Icons/Layout2.png using Guid(d9658be087f390f46bfefa8cb32bbaa6) (TextureImporter) -> (artifact id: 'afd8e2f0429becdd26e8332af06c8b87') in 0.0052837 seconds
Start importing Packages/com.unity.render-pipelines.universal/Editor/2D/Resources/InspectorIcons/ParametricLight.png using Guid(e957854850ccb7140a538f7a93f8761b) (TextureImporter) -> (artifact id: 'dc60b68bcce9cd40cb1d292c96dcc4f7') in 0.0047654 seconds
Start importing Packages/com.unity.2d.animation/Editor/Assets/EditorIcons/Selected/Sprite_Influence@4x.png using Guid(e959cb82696cd4dbf9e6b448af425c88) (TextureImporter) -> (artifact id: '94046f789aa767f2e61ae406b801203b') in 0.0642016 seconds
Start importing Packages/com.unity.render-pipelines.core/Editor/Icons/MipLevels/d_VolumeProfile@256.png using Guid(e9cd351a12d48ed4caa2d4ed2d8f02b8) (TextureImporter) -> (artifact id: '49af38f291e10445f6624193b93a1c5a') in 0.0045095 seconds
Start importing Packages/com.unity.2d.animation/Editor/Assets/EditorIcons/Light/Bone_Influence.png using Guid(e92fc44f12c21dd44a49e390f39f7ffd) (TextureImporter) -> (artifact id: 'b2469cf245cd79865649a56b532c4b69') in 0.0059586 seconds
Start importing Packages/com.unity.render-pipelines.core/Editor/LookDev/Icons/Rotation@2x.png using Guid(e9af78578671a3345b8cbf82f1f030b5) (TextureImporter) -> (artifact id: 'e1fb6b7d307beb1e1ff63ba2277c24cf') in 0.0045674 seconds
Start importing Packages/com.unity.render-pipelines.core/Editor/PostProcessing/LensFlareResource/Flare.png using Guid(f92291bf6b5265641ab4f39a5d41fbf4) (TextureImporter) -> (artifact id: '564d058110aea42260d904db4ab1bf20') in 0.0050114 seconds
Start importing Assets/Resources/Art/Characters/C001/presenter.png using Guid(f94cb1a2ad04e314289dbbdff7744023) (TextureImporter) -> (artifact id: 'ec938dd65a0192936b2536f28d311026') in 0.0441552 seconds
Start importing Packages/com.unity.render-pipelines.universal/Textures/BayerMatrix.png using Guid(f9ee4ed84c1d10c49aabb9b210b0fc44) (TextureImporter) -> (artifact id: '69cdf775cdb508455b4a76c8eb1417e0') in 0.0038748 seconds
Start importing Packages/com.unity.2d.animation/Editor/Assets/ComponentIcons/Animation.IKLimb@64.png using Guid(0aa01ed159728414b863dd9c7aa7f596) (TextureImporter) -> (artifact id: 'faf95f37b2dee2328b0a7401317de23a') in 0.0052014 seconds
Start importing Packages/com.unity.inputsystem/InputSystem/Editor/Icons/d_Pen@4x.png using Guid(0aec7c7bf99354f66bc2a1d18bd0b4d2) (TextureImporter) -> (artifact id: 'd1659da48421fc26815ab997949c4c96') in 0.0042735 seconds
Start importing Assets/Resources/Art/Characters/C001/CubismLayers/hair_side.png using Guid(1a516a3a40ce4b4c8ee0c282d51cf372) (TextureImporter) -> (artifact id: '5e5051c26e8fed13f575ebb51c6d3cfc') in 0.0459229 seconds
Start importing Assets/EmeraldBunny/Art/waist_chain.png using Guid(1ad277944bb999d4db6f0698d1876ea1) (TextureImporter) -> (artifact id: '46c9fe060c2bca0114abcab50be20a45') in 0.0050188 seconds
Start importing Packages/com.unity.2d.animation/Editor/Assets/EditorIcons/Selected/d_Visibility_Hidded@2x.png using Guid(1a2673cb12e2ed1459bc6ab5dad05aae) (TextureImporter) -> (artifact id: 'c58fe7ab800d00e17102ce2ee19aabbf') in 0.0054847 seconds
Start importing Packages/com.unity.2d.animation/Editor/Assets/EditorIcons/Selected/Edit_Geometry@4x.png using Guid(1a96ab5f501a8e84c9016458682e1ccb) (TextureImporter) -> (artifact id: '5af8521016ee10e5ef966785a711dae8') in 0.0049796 seconds
Start importing Packages/com.unity.2d.animation/Editor/Assets/EditorIcons/Light/Create_Edge.png using Guid(1af9d2e44ecf3a2468601c9071df581f) (TextureImporter) -> (artifact id: 'f4833b48c9ae5f8620cd98323f792c0c') in 0.0055346 seconds
Start importing Packages/com.unity.render-pipelines.core/Editor/Lighting/Icons/LightUnitIcons/SunriseSunset@2x.png using Guid(1ade1fa63a0a72f46be69e4ae5e83314) (TextureImporter) -> (artifact id: 'f3b679f2999dc8ddf1eb060421f33d7c') in 0.0049999 seconds
Start importing Packages/com.unity.render-pipelines.core/Editor/Lighting/Icons/LightUnitIcons/d_Candlelight@2x.png using Guid(2ae1ad1a228a66a479d96cae55499c4a) (TextureImporter) -> (artifact id: '76d4ee8710b8c672bfc314564acff079') in 0.0047717 seconds
Start importing Packages/com.unity.2d.animation/Editor/Assets/ComponentIcons/Animation.SpriteLibraryVar On@256.png using Guid(2af1a7323d104499d992be9a2d8dc933) (TextureImporter) -> (artifact id: 'a528a8b842c5487379f2a9690981ab85') in 0.0091756 seconds
Start importing Packages/com.unity.2d.animation/Editor/Assets/EditorIcons/Light/SetPivot32.png using Guid(2a637fd14bfd64d0e965e4c9e4a7d8b6) (TextureImporter) -> (artifact id: 'bc9ed1ceb79910618c2f896ce562d099') in 0.0054747 seconds
Start importing Packages/com.unity.2d.animation/Editor/Assets/EditorIcons/Light/Sprite_Mode.png using Guid(2ad84ec7182471b4d8c44de568e22df4) (TextureImporter) -> (artifact id: 'c63e051a13de830de702d173382f1f48') in 0.0053757 seconds
Start importing Packages/com.unity.2d.animation/Editor/Assets/ComponentIcons/Animation.SpriteLibraryVar On@32.png using Guid(2a8bf227319d4421f91d9375e3ae59bf) (TextureImporter) -> (artifact id: '7a9dcc56a36918af6482caafc1e7abcb') in 0.0062649 seconds
Start importing Packages/com.unity.inputsystem/InputSystem/Editor/Icons/Button.png using Guid(2a5d0a7febdc741039abf135883517e5) (TextureImporter) -> (artifact id: '1ba8b5c9e135bda0600f9ce832263da5') in 0.0042525 seconds
Start importing Packages/com.unity.inputsystem/InputSystem/Editor/Icons/Gamepad@3x.png using Guid(4ae0b2f68c2464272b1b10105262b09b) (TextureImporter) -> (artifact id: '9834fe6a2054eecbc565a7f60df4334d') in 0.0048126 seconds
Start importing Packages/com.unity.render-pipelines.universal/Editor/2D/Resources/Sparkle.png using Guid(4a0aca3a5f2effb41b43cc0a1661d845) (TextureImporter) -> (artifact id: 'f43e4d9882755720f6c12aff465d09a6') in 0.0079196 seconds
Start importing Packages/com.unity.inputsystem/InputSystem/Editor/Icons/d_Add Binding@4x.png using Guid(4a0ce0eda6ee74c669b13104649e1313) (TextureImporter) -> (artifact id: 'cbfe0d9b747b59fd785c10f03826bc66') in 0.0045798 seconds
Start importing Packages/com.unity.2d.animation/Editor/Assets/ComponentIcons/Animation.SpriteLibraryManager On@32.png using Guid(4a3c64ec8ad964011aa28fb633e9b153) (TextureImporter) -> (artifact id: 'e28c0604e5f63bab6dfb00a7c9c72abd') in 0.0055129 seconds
Start importing Packages/com.unity.2d.animation/Editor/Assets/ComponentIcons/Animation.IKLimb@256.png using Guid(4a3eebea80ac54fd3818f6a36c36168d) (TextureImporter) -> (artifact id: 'c1f184415d1bf82636ea4b826087c59f') in 0.011771 seconds
Start importing Assets/EmeraldBunny/Art/chair_base_lower_rear.png using Guid(4a7e88fa52d06ea4aba0cd4552331f12) (TextureImporter) -> (artifact id: '8c29c3bbf871403e496088f5894cfe5f') in 0.005696 seconds
Start importing Packages/com.unity.2d.sprite/Editor/ObjectMenuCreation/DefaultAssets/Textures/CircleWithBorder.png using Guid(4adeaf2d2b1c7417e89f026626d8264f) (TextureImporter) -> (artifact id: 'c1dbb06694d87b23e36085e671b5e345') in 0.0090246 seconds
Start importing Assets/EmeraldBunny/Art/hair_sweep.png using Guid(5ae0f7add04b09d4f9afa06eb73f4b1e) (TextureImporter) -> (artifact id: 'e6314c11f7f42c30d7f973f6c53ccb9f') in 0.0071297 seconds
Start importing Packages/com.unity.2d.animation/Editor/Assets/ComponentIcons/d_Animation.IKManager@64.png using Guid(5ab572b9a7b33426c83f5ed08ca8c798) (TextureImporter) -> (artifact id: 'b09786a77f1256a6768b8d3ad1a25bf2') in 0.0062237 seconds
Start importing Packages/com.unity.inputsystem/InputSystem/Editor/AssetEditor/PackageResources/personal/foldoutBackground.png using Guid(5ab69704aa4984b49bc426da72fabbed) (TextureImporter) -> (artifact id: 'b9be69ce5889d61cc7a0bc3061ba4d9d') in 0.0040912 seconds
Start importing Packages/com.unity.2d.sprite/Editor/ObjectMenuCreation/DefaultAssets/Textures/v2/HexagonPointTop.png using Guid(5aa8b770bc43046bc8d993d0d5b7f4a5) (TextureImporter) -> (artifact id: '941e1f4350df9645b330657a2d872e09') in 0.0067591 seconds
Start importing Packages/com.unity.inputsystem/InputSystem/Editor/Icons/Keyboard.png using Guid(5a5b9538c3aaa4587856e68a93a92a51) (TextureImporter) -> (artifact id: 'b093965c303f880e4e9c6a6a403ff354') in 0.0049146 seconds
Start importing Packages/com.unity.inputsystem/InputSystem/Editor/Icons/MultiplayerEventSystem@64.png using Guid(6a237171e2346e3458db37eb0f90d42b) (TextureImporter) -> (artifact id: '9cf8569184df2571b08bd7941ecb308a') in 0.00483 seconds
Start importing Assets/EmeraldBunny/Art/fingerL_middle.png using Guid(6af610c972293f44393a958937d8d141) (TextureImporter) -> (artifact id: '3ec33f81ed4d778e8fc50b4f6ae26712') in 0.0046868 seconds
Start importing Packages/com.unity.render-pipelines.core/Editor/Lighting/Icons/LightUnitIcons/d_SunriseSunset.png using Guid(6ac733bfd834f4b4bab06306c63496f2) (TextureImporter) -> (artifact id: '95ad2a8fa9aa663d806db874679b3459') in 0.0050905 seconds
Start importing Packages/com.unity.2d.animation/Editor/Assets/EditorIcons/Selected/Create_Vertex@4x.png using Guid(6a7ac9e8c26b12440bf2b1da2ca97794) (TextureImporter) -> (artifact id: 'f342bb72d97d684d02b9157b8adf738c') in 0.005438 seconds
Start importing Packages/com.unity.render-pipelines.core/Editor/LookDev/Icons/LayoutVertical.png using Guid(6a9d49ac254f03c48bf5b6590f4d2a24) (TextureImporter) -> (artifact id: '4a6a48192d8955cb531fc22357cb51bf') in 0.0048494 seconds
Start importing Packages/com.unity.render-pipelines.core/Editor/Lighting/Icons/LightUnitIcons/IntenseAreaLight@2x.png using Guid(6abd010e1fd246f4585f513da25bcede) (TextureImporter) -> (artifact id: 'b13ac6ea8ce4335ea1d66402dc9496c2') in 0.0047915 seconds
Start importing Packages/com.unity.ugui/Editor Resources/Textures/btn_AlignCenter_Light.psd using Guid(6ace62d30f494c948b71d5594afce11d) (TextureImporter) -> (artifact id: '5bc6bf9c11ff70fc74281e18e0b0875b') in 0.00456 seconds
Start importing Assets/Resources/Art/Characters/C005/presenter.png using Guid(7a22f63c449ea4c72f5efe9d9cd1f72e) (TextureImporter) -> (artifact id: 'ff2a323ba2a94ba4f2b06b0ec1849323') in 0.0557896 seconds
Start importing Packages/com.unity.render-pipelines.core/Runtime/Debugging/Prefabs/Textures/UIFoldoutClosed.png using Guid(7a0568d5e3330b84687e307992be3030) (TextureImporter) -> (artifact id: '882ef71a75e36e01fff3d61b9e36e44f') in 0.005181 seconds
Start importing Assets/EmeraldBunny/Art/browL.png using Guid(7a6596464caee2845a490230e08e5e5d) (TextureImporter) -> (artifact id: '3f2f96e4ed493195d76b6a637c18ffec') in 0.00414 seconds
Start importing Packages/com.unity.2d.animation/Editor/Assets/EditorIcons/Dark/d_Edit_Geometry@4x.png using Guid(7af5f1b9cb7fc7645a9f27f070fbe2fd) (TextureImporter) -> (artifact id: 'c27f34c50cbbbb82aed046178815c8d6') in 0.0061908 seconds
Start importing Packages/com.unity.2d.animation/Editor/Assets/EditorIcons/Dark/d_Mesh@3x.png using Guid(7a1683154a74c9d4e9f993bd6c54f947) (TextureImporter) -> (artifact id: '97fb03a79398d40a5b8d9b2cc6cbd55f') in 0.0059187 seconds
Start importing Assets/Resources/Art/Characters/C006/Layers/layer_hair_back.png using Guid(7a2967f092cc28c84f5d4326d562faf0) (TextureImporter) -> (artifact id: '806771c20360842c8b2a6bfce7fc176a') in 0.0260336 seconds
Start importing Packages/com.unity.2d.animation/Editor/Assets/EditorIcons/Dark/d_Create_Edge.png using Guid(7a5bb676bcccfea429f2138b6fbd005e) (TextureImporter) -> (artifact id: '08646d7bdc2730d38dc097a857f4b666') in 0.0063926 seconds
Start importing Packages/com.unity.2d.animation/Editor/Assets/EditorIcons/Dark/d_Edit_Pose.png using Guid(7a6cafa65c507e240b7293250b094e10) (TextureImporter) -> (artifact id: '1715001afbc8a493a59cef452cdf2e4a') in 0.0057179 seconds
Start importing Packages/com.unity.2d.animation/Editor/Assets/ComponentIcons/Animation.SpriteSkin@256.png using Guid(7a1e809ce41f84f10bfe590179cd59b5) (TextureImporter) -> (artifact id: 'f20dac75d58aeaa40e6a6c95c48b18c8') in 0.0098021 seconds
Start importing Packages/com.unity.render-pipelines.core/Editor/Lighting/Icons/UpSnatchFocused.png using Guid(8a35aa5922ce5b746a734edf7de25ab4) (TextureImporter) -> (artifact id: '2ccfd3de2664ca443662a0d7d0163fc7') in 0.0049616 seconds
Start importing Packages/com.unity.render-pipelines.core/Editor/Icons/MipLevels/RenderPipelineResources@128.png using Guid(8a682daa78f03b64597ad91aefef3dab) (TextureImporter) -> (artifact id: '5bff0de99f450a11e992da852d762187') in 0.004303 seconds
Start importing Packages/com.unity.2d.animation/Editor/Assets/EditorIcons/Selected/Create_Vertex@2x.png using Guid(8afb57fea8c4eea4a8085e91c810380b) (TextureImporter) -> (artifact id: '3e1b74a3be83ab38449c472763f3bf4d') in 0.005983 seconds
Start importing Packages/com.unity.render-pipelines.core/Editor/LookDev/Icons/Environment.png using Guid(8accc003516bedf4b94c9c8a86b2b6a1) (TextureImporter) -> (artifact id: '195dcba163deb0165e43917959e79aef') in 0.0062973 seconds
Start importing Packages/com.unity.render-pipelines.core/Editor/LookDev/Icons/Layout1.png using Guid(9a3173335e5741d438e81064b518bd80) (TextureImporter) -> (artifact id: '9a171b989c3008e0bc06e6dcb4402003') in 0.0057838 seconds
Start importing Packages/com.unity.render-pipelines.core/Editor/LookDev/Icons/Link@2x.png using Guid(9a235474413e1f349b010b461c76efac) (TextureImporter) -> (artifact id: '78cb204bc52418d7b80cc269478a05e0') in 0.0052262 seconds
Start importing Packages/com.unity.inputsystem/InputSystem/Editor/Icons/Touch@3x.png using Guid(9ad5d5b6a25b749e78b4950eae0a8ec2) (TextureImporter) -> (artifact id: 'e1458af8da7801479454f1b4ff3fab8d') in 0.0041395 seconds
Start importing Packages/com.unity.render-pipelines.core/Editor/Lighting/Icons/LightUnitIcons/d_BrightSky@2x.png using Guid(9a278b70c427e8e4caa47a45a5d59de8) (TextureImporter) -> (artifact id: '8b1b64a2889b40d800645ccdfba4533e') in 0.0041935 seconds
Start importing Assets/Resources/Art/Characters/C001/PuppetLayers/body.png using Guid(aa111111111111111111111111111101) (TextureImporter) -> (artifact id: '46f9c3b97f2dfddea038f6c7a48c929c') in 0.0390338 seconds
Start importing Assets/Resources/Art/Characters/C001/PuppetLayers/hair_back.png using Guid(aa111111111111111111111111111102) (TextureImporter) -> (artifact id: 'fa3c28a9026802e3fc88149a78aa0745') in 0.040024 seconds
Start importing Assets/Resources/Art/Characters/C001/PuppetLayers/hair_front.png using Guid(aa111111111111111111111111111103) (TextureImporter) -> (artifact id: 'f223dbcf28d3ed09bc11f34df93af1ba') in 0.0390114 seconds
Start importing Assets/Resources/Art/Characters/C001/PuppetLayers/hair_side.png using Guid(aa111111111111111111111111111104) (TextureImporter) -> (artifact id: '62225c922df691d58ce30e139a1df127') in 0.0383518 seconds
Start importing Assets/Resources/Art/Characters/C001/PuppetLayers/sword.png using Guid(aa111111111111111111111111111105) (TextureImporter) -> (artifact id: '3a96bb099dd47da23debdcce464b6ce2') in 0.1439538 seconds
Start importing Assets/Resources/Art/Characters/C001/PuppetLayers/head.png using Guid(aa111111111111111111111111111106) (TextureImporter) -> (artifact id: '2fe06c87b8c941dbe44356bd67b50a43') in 0.042752 seconds
Start importing Assets/Resources/Art/Characters/C001/PuppetLayers/hand_r.png using Guid(aa111111111111111111111111111107) (TextureImporter) -> (artifact id: 'bd8395ad3fdfac3a309248979566f4e7') in 0.0372439 seconds
Start importing Assets/Resources/Art/Characters/C001/PuppetLayers/foot_r.png using Guid(aa111111111111111111111111111108) (TextureImporter) -> (artifact id: 'e9002dcb0c07c2b620e072002b6b8fc6') in 0.0467047 seconds
Start importing Assets/Resources/Art/Characters/C001/PuppetLayers/foot_l.png using Guid(aa111111111111111111111111111109) (TextureImporter) -> (artifact id: '63dd84175fe754c63f8a03d627c19509') in 0.043445 seconds
Start importing Packages/com.unity.2d.animation/Editor/Assets/EditorIcons/Light/Weight_Slider.png using Guid(aa91af43c72989f44bf937fd28243bc7) (TextureImporter) -> (artifact id: '9cbce24c0671330aadb3a0c5d3f25c65') in 0.0053009 seconds
Start importing Packages/com.unity.inputsystem/InputSystem/Editor/Icons/Button@4x.png using Guid(aa356632480554016ab8f4200032981b) (TextureImporter) -> (artifact id: '19ae15890d08a604460b1826d223817c') in 0.0043014 seconds
Start importing Packages/com.unity.shadergraph/Editor/Resources/Icons/blackboard_dark@2x.png using Guid(aa09d480b04b3437db2ba9c9cdbc77be) (TextureImporter) -> (artifact id: 'eb88203e8180fc85b7c534d40c9febca') in 0.0035586 seconds
Start importing Packages/com.unity.inputsystem/InputSystem/Editor/AssetEditor/PackageResources/personal/propertiesBackground.png using Guid(aa4c2360f910d46f497f75b4b6677358) (TextureImporter) -> (artifact id: 'e2b1046b541eb161c32883bf5a691151') in 0.0037687 seconds
Start importing Packages/com.unity.render-pipelines.core/Editor/LookDev/Icons/SunPosition.png using Guid(aa1dfcb67e8bf664d8d8a1821c118281) (TextureImporter) -> (artifact id: '3531b95fba51b74800aab4b78147f694') in 0.01521 seconds
Start importing Packages/com.unity.inputsystem/InputSystem/Editor/Icons/ChevronDown.png using Guid(ba304f5556a3a4fac98d126883083e7e) (TextureImporter) -> (artifact id: '89efc8b40131ed53a941a188d4ed83e3') in 0.003689 seconds
Start importing Packages/com.unity.render-pipelines.core/Editor/Lighting/Icons/LightUnitIcons/ExteriorLight.png using Guid(baa2eadff75899140ac64277e3f60453) (TextureImporter) -> (artifact id: '63faeb537b9b1bbd091fa56ef8dadf88') in 0.0041632 seconds
Start importing Packages/com.unity.2d.animation/Editor/Assets/ComponentIcons/Animation.IKCCD On@256.png using Guid(ba345f2f643d842459447c374943401d) (TextureImporter) -> (artifact id: 'ea02138d5748381d7fe210c5aacdfda7') in 0.0123904 seconds
Start importing Packages/com.unity.2d.animation/Editor/Assets/EditorIcons/Selected/Generate_Weights@2x.png using Guid(ba75d79a1a0723e488112808560789b7) (TextureImporter) -> (artifact id: '3bc2d4d0d2c1201ad3ad6dcab0aa127d') in 0.0087921 seconds
Start importing Packages/com.unity.2d.animation/Editor/Assets/EditorIcons/Dark/d_Weight_Brush@3x.png using Guid(ba394dd6c02ba3b448659c8a346bf685) (TextureImporter) -> (artifact id: 'f4a3202b3b59a69acfaca4bab8465a6d') in 0.0046508 seconds
Start importing Packages/com.unity.render-pipelines.core/Editor/LookDev/Icons/d_SunPosition@2x.png using Guid(ba2d3d7d05fd3e046b6d413365e9b11e) (TextureImporter) -> (artifact id: '7fdd817f003c2d23665f1be1d8e656eb') in 0.1272515 seconds
Start importing Packages/com.unity.ugui/Editor Resources/Textures/btn_AlignBottom.psd using Guid(ca51b19024094d1b87f3e07edb0a75fb) (TextureImporter) -> (artifact id: '0794d45f61e9a26260d2436e44096c24') in 0.0047436 seconds
Start importing Assets/EmeraldBunny/Art/leg_front_knee_lower_rear.png using Guid(cad14fdcfa4e5424d9d8db9c236e4e9b) (TextureImporter) -> (artifact id: 'aa668826b9a5ee5e4501dab8bcf64566') in 0.0046111 seconds
Start importing Packages/com.unity.render-pipelines.core/Editor/Icons/MipLevels/VolumeProfile@64.png using Guid(ca82ccfbb5485754191e3778316b1424) (TextureImporter) -> (artifact id: '8cd3f4a6e51060a11127f20c11a762bb') in 0.0031134 seconds
Start importing Packages/com.unity.inputsystem/InputSystem/Editor/Icons/d_Add Binding@3x.png using Guid(ca933a91c81734ddd88b17c8481ec1e9) (TextureImporter) -> (artifact id: 'dad1f3f8e304c0d52d975a918cc8aa87') in 0.0036871 seconds
Start importing Packages/com.unity.2d.animation/Editor/Assets/EditorIcons/Selected/Sprite_Mode.png using Guid(ca778bc7303b24948abf3e907abbf2a0) (TextureImporter) -> (artifact id: '077a8710927565c1d306acba834d5954') in 0.0046019 seconds
Start importing Packages/com.unity.inputsystem/InputSystem/Editor/Icons/Interactive Binding@3x.png using Guid(cac8742b1b72b44699fd1663287ca47d) (TextureImporter) -> (artifact id: '2f3e271db26b28b56cb4bc22a01a0158') in 0.0034278 seconds
Start importing Packages/com.unity.inputsystem/InputSystem/Editor/Icons/d_Orientation@2x.png using Guid(cae83450c8b18499c8c0239edf8bcc31) (TextureImporter) -> (artifact id: 'cd8cbed84eaac6f80d18ea455dd6f678') in 0.0034111 seconds
Start importing Assets/Resources/Art/Characters/C003/presenter.png using Guid(cabf0a8ad198c24e2135afba1c59be1d) (TextureImporter) -> (artifact id: '5a8370ebd26f6005a84b3fe97dfc30ec') in 0.0478743 seconds
Start importing Packages/com.unity.2d.animation/Editor/Assets/EditorIcons/Selected/Bone_Influence@4x.png using Guid(daf2ab606d4db0d4f9ecf4c02137d2a8) (TextureImporter) -> (artifact id: 'f6ca966cc02e6ca9bd80164734eb7e2a') in 0.0048122 seconds
Start importing Packages/com.unity.render-pipelines.core/Editor/LookDev/Icons/d_Add@2x.png using Guid(daa49a1f06460a04b9827dd6f0bace08) (TextureImporter) -> (artifact id: '0196abba10a582fa7fabffb15c7fac5b') in 0.0043392 seconds
Start importing Packages/com.unity.render-pipelines.core/Editor/LookDev/Icons/d_Layout1.png using Guid(da974c4d40533154a83d57ca90e34bb8) (TextureImporter) -> (artifact id: 'd8e49f4b41cf347c8096cc2cec3a9d33') in 0.0063127 seconds
Start importing Packages/com.unity.2d.animation/Editor/Assets/ComponentIcons/d_Animation.IKCCD@64.png using Guid(dac7ed727b01c440b9eeee0e2641a333) (TextureImporter) -> (artifact id: '2af1c4ee145a9af80236e0a448346c98') in 0.0069129 seconds
Start importing Packages/com.unity.inputsystem/InputSystem/Editor/Icons/d_Mouse@2x.png using Guid(daa9ba527d8a34b218224b8287ce11d3) (TextureImporter) -> (artifact id: 'e10a00173f427ca1d1aa47404b109094') in 0.0039169 seconds
Start importing Packages/com.unity.2d.sprite/Editor/Assets/LockedOptions@2x.png using Guid(da5aa6ed6c9fc4b049dffa3da57eaf7b) (TextureImporter) -> (artifact id: '2f724ad7b184deb7934979c1ac4ff492') in 0.003688 seconds
Start importing Packages/com.unity.2d.animation/Editor/Assets/EditorIcons/Light/Edit_Joints@3x.png using Guid(da6b55611e420f443a65d0be7a8f8719) (TextureImporter) -> (artifact id: 'aba0af4a54706e6345645ff4595a5584') in 0.006329 seconds
Start importing Assets/EmeraldBunny/Art/costume_hip.png using Guid(ea122f7e60dba774e91100bf0ec9caf1) (TextureImporter) -> (artifact id: 'd39c3f6e8d33a6dd7ef6786bbcb1646d') in 0.0194072 seconds
Start importing Packages/com.unity.2d.animation/Editor/Assets/EditorIcons/Selected/Sprite_Mode@3x.png using Guid(ea833d779996e3244b3b567764be9cf0) (TextureImporter) -> (artifact id: '8c49016bfaf0d7e98e4a339796a357e7') in 0.0055916 seconds
Start importing Assets/EmeraldBunny/Art/leg_front_thigh.png using Guid(ead8720d9fe684b4b8f0e53e293515d8) (TextureImporter) -> (artifact id: 'ee6494b77f537211324dab10107bf408') in 0.0071852 seconds
Start importing Packages/com.unity.2d.animation/Editor/Assets/EditorIcons/Selected/Generate_Weights@4x.png using Guid(ea292d445b1c4cb48897511cd9453f1c) (TextureImporter) -> (artifact id: 'f1889db2602df4b62fbbf7f80da9f93c') in 0.0581641 seconds
Start importing Packages/com.unity.inputsystem/InputSystem/Editor/Icons/Pen.png using Guid(ea8b7319643924985a9ee4ca18b8db59) (TextureImporter) -> (artifact id: 'bc067729c1dc4df0b7b7607d721b6964') in 0.0260056 seconds
Start importing Packages/com.unity.render-pipelines.universal/Textures/BlueNoise16/L/LDR_LLL1_29.png using Guid(fa042edbfc40fbd4bad0ab9d505b1223) (TextureImporter) -> (artifact id: '88787cf2f5d4cea70ce5e47039c5ab4c') in 0.0036478 seconds
Start importing Packages/com.unity.2d.animation/Editor/Assets/ComponentIcons/Animation.SpriteResolver On@256.png using Guid(fa557b89ecf3d44f2b6cae783ce09806) (TextureImporter) -> (artifact id: '64bc96d8a6dc903d06e63aef3298b1f6') in 0.0089151 seconds
Start importing Packages/com.unity.2d.animation/Editor/Assets/ComponentIcons/Animation.SpriteLibrary On@32.png using Guid(fad537f7b1df74e869915bbab4356a0f) (TextureImporter) -> (artifact id: 'b3a46c54e38d1b9e652fcd3ba243bb1b') in 0.0055813 seconds
Start importing Packages/com.unity.ugui/Editor Resources/Textures/btn_AlignJustified_Light.psd using Guid(fa6bd40a216346b783a4cce741d277a5) (TextureImporter) -> (artifact id: '3edfe27ad759a7120f9fe4321cb4f1db') in 0.0829124 seconds
Start importing Packages/com.unity.2d.animation/Editor/Assets/EditorIcons/Dark/d_Split Bones@4x.png using Guid(0bf67b4360dc1cd4caa0338c55219e9e) (TextureImporter) -> (artifact id: 'c2eda34ddf7cbda15e049ec8256bfa63') in 0.0056622 seconds
Start importing Packages/com.unity.render-pipelines.core/Editor/Lighting/Icons/LightUnitIcons/d_BlueSky@2x.png using Guid(0b39f97ea330aac459e3fbb440f4b0d0) (TextureImporter) -> (artifact id: '5d73584f599b87509e897335286e9c90') in 0.0040964 seconds
Start importing Assets/EmeraldBunny/Art/spread_rear_toe_1.png using Guid(0b7cf36a5b74bcb4385142c7988a825c) (TextureImporter) -> (artifact id: 'c90143897638bf890ca1ae58742fa157') in 0.004386 seconds
Start importing Packages/com.unity.2d.animation/Editor/Assets/EditorIcons/Selected/Edit_Joints@3x.png using Guid(0b0f60aa75b9d024480f9aaad450723b) (TextureImporter) -> (artifact id: '478bf51fddfa3fde7346906006a46461') in 0.0052578 seconds
Start importing Packages/com.unity.render-pipelines.core/Editor/Lighting/Icons/LightUnitIcons/InteriorLight@2x.png using Guid(1bb3da4ea375c37498c93327420e6a01) (TextureImporter) -> (artifact id: 'df85eadccaa167e7b0008ceaaf2bce03') in 0.0051274 seconds
Start importing Packages/com.unity.2d.animation/Editor/Assets/EditorIcons/Selected/d_Bone@4x.png using Guid(1bb69cd91685d9248a58b144052746f3) (TextureImporter) -> (artifact id: 'cc8c72c1b1e722ae852c2298ffb395c7') in 0.0063611 seconds
Start importing Packages/com.unity.inputsystem/InputSystem/Editor/Icons/Pen@3x.png using Guid(1bf9cdd4bc492489c8c7c6190785fc48) (TextureImporter) -> (artifact id: '2a4d3cee7e61bc30092bf4bdab4b5c3b') in 0.0047108 seconds
Start importing Packages/com.unity.2d.animation/Editor/Assets/EditorIcons/Selected/Parent_Bone.png using Guid(1b8ac2bef8a060f4ca19b22a3720cb0e) (TextureImporter) -> (artifact id: '9a7dae0fe84483477233c036d938527c') in 0.0056293 seconds
Start importing Packages/com.unity.render-pipelines.core/Editor/Icons/RenderGraphViewer/ScriptLink@2x.png using Guid(2b2147ee427aa3a468912c85ba64c256) (TextureImporter) -> (artifact id: 'ffaedeb03f72b52bd08ee3540a40255d') in 0.0039155 seconds
Start importing Packages/com.unity.render-pipelines.universal/Shaders/FullscreenInvertColorsTemplate.png using Guid(2bf17b1d7445af843ad939d7527d8938) (TextureImporter) -> (artifact id: '5205c9413a7e41920daac0f103d9bc78') in 0.0226998 seconds
Start importing Assets/EmeraldBunny/Art/foot_air_lower_fixed.png using Guid(2ba451a7f9fec254d8b034404ea98277) (TextureImporter) -> (artifact id: 'cafd9e6fd95f8b5a1248e6d4064bd9f1') in 0.0052495 seconds
Start importing Packages/com.unity.render-pipelines.core/Editor/LookDev/Icons/d_Link@2x.png using Guid(2b06c35710693f640babb3dcf747d06a) (TextureImporter) -> (artifact id: 'd3fb7e4a24f076fbe7315b49c5dc7901') in 0.0054107 seconds
Start importing Packages/com.unity.2d.animation/Editor/Assets/EditorIcons/Light/Paste@3x.png using Guid(2b072f285a732f747b9be104aae155b2) (TextureImporter) -> (artifact id: 'f4e3190949667197d2b2b5b8df2d424b') in 0.004941 seconds
Start importing Packages/com.unity.2d.animation/Editor/Assets/EditorIcons/Selected/d_Mesh@4x.png using Guid(2b4752bce841cc74bb73820ce5212d34) (TextureImporter) -> (artifact id: 'ded859a04593a0b14ce2432603eeb31f') in 0.0041747 seconds
Start importing Packages/com.unity.inputsystem/InputSystem/Editor/Icons/d_Interactive Binding@2x.png using Guid(3b78dc1763429489c9a1c70faf4f9a0e) (TextureImporter) -> (artifact id: 'eb39474d5c8dae89ea24dbca651249f2') in 0.0039655 seconds
Start importing Packages/com.unity.2d.animation/Editor/Assets/EditorIcons/Dark/d_Copy@3x.png using Guid(3b5ad4dfc78124a489bb5c48a4b57195) (TextureImporter) -> (artifact id: '0ab34a0926290223272d8885b84ddbf1') in 0.0053 seconds
Start importing Packages/com.unity.2d.animation/Editor/Assets/ComponentIcons/Animation.SpriteLibraryManager@32.png using Guid(3b9a6aa9cd66c475ea8cba88e186779f) (TextureImporter) -> (artifact id: 'd00bd7dc91bce544345008ffe165bd83') in 0.0057447 seconds
Start importing Packages/com.unity.2d.animation/Editor/Assets/EditorIcons/Light/Create_Edge@2x.png using Guid(3b4e88f5705085042a95960cdcef2561) (TextureImporter) -> (artifact id: '387e52555758c47e857b07be8eb70260') in 0.0050134 seconds
Start importing Packages/com.unity.2d.sprite/Editor/ObjectMenuCreation/DefaultAssets/Textures/HexagonPointTopWithBorder.png using Guid(4b2a04fdbe0ef4d8da8f90eaca817cd1) (TextureImporter) -> (artifact id: '46c9e744e3868ce6ca03f1bf888efcd0') in 0.0066115 seconds
Start importing Packages/com.unity.render-pipelines.universal/Textures/BlueNoise256/LDR_LLL1_1.png using Guid(4b7b083e6b6734e8bb2838b0b50a0bc8) (TextureImporter) -> (artifact id: '24088ca6c9775c7579a2acea63d70297') in 0.0051706 seconds
Start importing Assets/EmeraldBunny/Art/leg_rear_calf_lower_fixed.png using Guid(4b9c87b4d77ef9e43ae027e8b3b55ecb) (TextureImporter) -> (artifact id: '9677098782ca6629999cf7d9991ffac0') in 0.0051643 seconds
Start importing Packages/com.unity.2d.animation/Editor/Assets/EditorIcons/Light/Edit_Geometry@2x.png using Guid(4bcd27377338b8440bda5ecf26ea2fb5) (TextureImporter) -> (artifact id: '9eba6ac7ee639fe59ed328ed4d74c48d') in 0.0079795 seconds
Start importing Packages/com.unity.render-pipelines.core/Editor/Icons/RenderGraphViewer/d_Buffer@2x.png using Guid(5b418afba2ea4e542bbc80b91d784d20) (TextureImporter) -> (artifact id: '37cb188996e8e48e1bebe45c0d22a047') in 0.0043094 seconds
Start importing Packages/com.unity.2d.animation/Editor/Assets/SkinningModule/dotCyan.png using Guid(5b56cb1a6bd97f348b3a3b6f875aafd6) (TextureImporter) -> (artifact id: '753c7caf253f5942c01deaa78ffc0927') in 0.0044218 seconds
Start importing Assets/EmeraldBunny/Art/repair_chair.png using Guid(5b3eaf5f4781aae49ac656064c8eeb1a) (TextureImporter) -> (artifact id: '297f5b7cd777baeb6fbf3b37e98daadb') in 0.0265564 seconds
Start importing Packages/com.unity.2d.animation/Editor/Assets/EditorIcons/Selected/Create Bones@2x.png using Guid(5b7f664b515582d458717c354f6be292) (TextureImporter) -> (artifact id: 'a7272a1880d4654bf09508c26bd60c8d') in 0.0048574 seconds
Start importing Assets/EmeraldBunny/Art/neck.png using Guid(5bcff74a3aafa54408c197e87a42e4b6) (TextureImporter) -> (artifact id: 'c94f993701fcc0822d69cab3984fd714') in 0.0045962 seconds
Start importing Packages/com.unity.render-pipelines.core/Editor/LookDev/Icons/LayoutVertical@2x.png using Guid(6b8067336fda8f040bb1f6d336ac08c5) (TextureImporter) -> (artifact id: '5786938deec0ef94d240da4b76fb3ad2') in 0.0045616 seconds
Start importing Packages/com.unity.2d.animation/Editor/Assets/EditorIcons/Light/Split Bones@3x.png using Guid(6b35476d10ed5614a949de8f7c45b534) (TextureImporter) -> (artifact id: 'ee845558c5d33a3ca29582180ce0b77e') in 0.0039419 seconds
Start importing Packages/com.unity.shadergraph/Editor/Resources/Icons/SettingsIcons_hover.png using Guid(6bfd5f3c15e1ee7498657be747544985) (TextureImporter) -> (artifact id: '19df4d71758f4c79c42f97c8c054c21c') in 0.0035974 seconds
Start importing Packages/com.unity.2d.animation/Editor/Assets/EditorIcons/Selected/Create Bones.png using Guid(7b86a539750e1a44ca7ec5b7f690babd) (TextureImporter) -> (artifact id: 'fdc756750d324473bf8086d41f2716cc') in 0.0041162 seconds
Start importing Packages/com.unity.2d.animation/Editor/Assets/EditorIcons/Selected/Generate_Geometry@4x.png using Guid(7b0bba6a9b6960a4fb500a75d4a4caa0) (TextureImporter) -> (artifact id: '2854a589961fa6a517297d181e2ad951') in 0.0042377 seconds
Start importing Packages/com.unity.inputsystem/InputSystem/Editor/Icons/TrackedPoseDriver@4x.png using Guid(7b8bfaee8f8631c4789ac62373cbc2d4) (TextureImporter) -> (artifact id: '08434d833c7a7ac36bc7bf5e7fee10b7') in 0.0046703 seconds
Start importing Packages/com.unity.inputsystem/InputSystem/Editor/Icons/Add Binding@3x.png using Guid(8be1fbf4b24de44c99840805bdae9e40) (TextureImporter) -> (artifact id: 'a32b53057e23afd8eeefdb37eba52b64') in 0.0039422 seconds
Start importing Packages/com.unity.ugui/Editor Resources/Textures/btn_AlignBaseLine.psd using Guid(8bc445bb79654bf496c92d0407840a92) (TextureImporter) -> (artifact id: '15d586f24790bba35e0bf4b8dbee74f4') in 0.0034767 seconds
Start importing Packages/com.unity.2d.animation/Editor/Assets/ComponentIcons/Animation.IKFabrik@256.png using Guid(8be64ad32582748f1965311ca0665f30) (TextureImporter) -> (artifact id: 'e5bbe94e721d0173303a9f16e2c3a7fc') in 0.0096965 seconds
Start importing Assets/Resources/Art/Characters/C001/preview_new.poster_rgb.png using Guid(8bb7e2bb02795954ea0941376700be16) (TextureImporter) -> (artifact id: '9591c63c7767e70b10b96c207034ba75') in 0.4159797 seconds
Start importing Packages/com.unity.2d.common/Path/Editor/Handles/TangentBrokenPro.png using Guid(8bdd64764208642f9adc3509ebbe41a3) (TextureImporter) -> (artifact id: '624e9683ca6fa89269f5d2cde26f21f6') in 0.0063602 seconds
Start importing Packages/com.unity.2d.animation/Editor/Assets/EditorIcons/Dark/d_Parent_Bone.png using Guid(8b8fa969cc0cac04b97330905b3dd95b) (TextureImporter) -> (artifact id: 'f8a31c1efb578c9f5934b6a735f762c0') in 0.0061762 seconds
Start importing Assets/EmeraldBunny/Art/foot_air_lower_front.png using Guid(9b12684e0a19d7448a99f393025e410c) (TextureImporter) -> (artifact id: '2fe90dd0ad662b95132da632927ee6fb') in 0.0052931 seconds
Start importing Packages/com.unity.2d.sprite/Editor/Assets/SpriteEditor.png using Guid(9b243bd8491a24b2cbe5231468a93813) (TextureImporter) -> (artifact id: '142683764bf215002a53c05797cd0509') in 0.0044305 seconds
Start importing Packages/com.unity.render-pipelines.core/Editor/Lighting/Icons/PresetHair.png using Guid(9b18a8aa7da659344b2fce408beb09c3) (TextureImporter) -> (artifact id: '4eb4e0481f1d2e2272a20ba8f698df31') in 0.004228 seconds
Start importing Packages/com.unity.render-pipelines.universal/Editor/Decal/Resources/DecalGizmo.png using Guid(9ba98ca4f0fc0754caca09e38af0cc0a) (TextureImporter) -> (artifact id: '8ea9e952f6b0b6eb23ed2d8940f1b741') in 0.0060931 seconds
Start importing Packages/com.unity.2d.animation/Editor/Assets/ComponentIcons/d_Animation.IKLimb.png using Guid(aba5d07cce7d34a7587f27f48d05dd9b) (TextureImporter) -> (artifact id: 'f001db6d211f195bc65b277a264599cf') in 0.0050702 seconds
Start importing Packages/com.unity.render-pipelines.core/Editor/LookDev/Icons/d_Rotation.png using Guid(abc6ce87642c5c1478a4b107d1c5688a) (TextureImporter) -> (artifact id: '9740af93f6511ead1b955549821da81a') in 0.0055544 seconds
Start importing Packages/com.unity.render-pipelines.core/Editor/LookDev/Icons/LeftArrow.png using Guid(aba72f93e9005054dba8cb368c0bf724) (TextureImporter) -> (artifact id: '6dcf36032ca3c6411e1adfdea3b60cc4') in 0.0054049 seconds
Start importing Packages/com.unity.inputsystem/InputSystem/Editor/Icons/d_Dpad@2x.png using Guid(ab9b5824ece1d443aa1f3a5672d9da86) (TextureImporter) -> (artifact id: '9806b1eede45a895c9005c4612a6a55e') in 0.0044001 seconds
Start importing Packages/com.unity.2d.animation/Editor/Assets/EditorIcons/Selected/Copy@3x.png using Guid(bb51334c6930f864abac38001f7bdf6e) (TextureImporter) -> (artifact id: '05daa77e1b3241f2756a71d933b75593') in 0.0061242 seconds
Start importing Packages/com.unity.ugui/Editor Resources/Textures/btn_AlignMidline_Light.psd using Guid(bb42b2d967d6427983c901a4ffc8ecd9) (TextureImporter) -> (artifact id: '517faed0eea1a8271f5c569ec6534077') in 0.007852 seconds
Start importing Packages/com.unity.inputsystem/InputSystem/Editor/Icons/d_Pen.png using Guid(bb42fb9342e9d4e68b6cf39a2e071d9b) (TextureImporter) -> (artifact id: 'fcae27ef1fec046f8649aa83a362e03b') in 0.0101668 seconds
Start importing Packages/com.unity.2d.animation/Editor/Assets/EditorIcons/Dark/d_Generate_Geometry.png using Guid(bba3ad14ed4c2d64fbd090a846ffaaea) (TextureImporter) -> (artifact id: 'cc05cfc7414dfe9bdad9f9035064de9d') in 0.0052841 seconds
Start importing Packages/com.unity.2d.animation/Editor/Assets/EditorIcons/Selected/Weight_Brush@2x.png using Guid(bb668641abe10a64891e26613cf530ee) (TextureImporter) -> (artifact id: '58b3f3eb1dbb14001c39a057190c7295') in 0.0067711 seconds
Start importing Packages/com.unity.render-pipelines.core/Editor/Lighting/Icons/LightUnitIcons/CloudySky.png using Guid(bb2cc982d8ff1aa4a9ce5ee5fdb29023) (TextureImporter) -> (artifact id: '6e8cf3d8b3b34cd1abee8299429de24f') in 0.0041173 seconds
Start importing Packages/com.unity.render-pipelines.core/Editor/Lighting/Icons/PresetKick_Left.png using Guid(bb3de0f2ada94114cbb7cc74829de16d) (TextureImporter) -> (artifact id: 'ddcbd8b46a26426de949cf27f58bd592') in 0.0058201 seconds
Start importing Packages/com.unity.inputsystem/InputSystem/Editor/Icons/Add Binding@2x.png using Guid(bb5fa99d6e9434c9ebf101c956021ee1) (TextureImporter) -> (artifact id: 'a03793cca3ba3bdac7946868f3968d81') in 0.0041418 seconds
Start importing Packages/com.unity.render-pipelines.universal/Textures/BlueNoise256/LDR_LLL1_3.png using Guid(cb76dd40fa7654f9587f6a344f125c9a) (TextureImporter) -> (artifact id: '36429c90100bb135726f49c1e6cb94f2') in 0.0054936 seconds
Start importing Packages/com.unity.render-pipelines.core/Editor/LookDev/Icons/d_renderdoc.png using Guid(cbe929948d88af7409a05054bc8187c7) (TextureImporter) -> (artifact id: 'c900a86cb2bc67845b95d7f7e0ad53c7') in 0.0055008 seconds
Start importing Packages/com.unity.render-pipelines.core/Editor/LookDev/Icons/Add.png using Guid(cbaeed03e5416aa4bae23110b63a0c7d) (TextureImporter) -> (artifact id: '4096a0b8bc87e179d825355860274c05') in 0.0049451 seconds
Start importing Packages/com.unity.2d.animation/Editor/Assets/EditorIcons/Light/Generate_Geometry.png using Guid(cbef2434b36ff174a98995b13ef80390) (TextureImporter) -> (artifact id: '87a2a3335f84d10744d07810dc092d40') in 0.0052884 seconds
Start importing Packages/com.unity.render-pipelines.core/Editor/Lighting/Icons/LightUnitIcons/ClearSky.png using Guid(db0321d865208c648ae843f39ab69004) (TextureImporter) -> (artifact id: '051dfbab32e90b2959acae610375ec65') in 0.0041918 seconds
Start importing Packages/com.unity.2d.sprite/Editor/ObjectMenuCreation/DefaultAssets/Textures/SquareWithBorder.png using Guid(db750325989564987a34393247d883b4) (TextureImporter) -> (artifact id: 'a6b895d12bbc499d0f9c702f242d8f32') in 0.0077652 seconds
Start importing Packages/com.unity.2d.animation/Editor/Assets/EditorIcons/Dark/d_Generate_Geometry@4x.png using Guid(db49e13fa9e16dc44b5ffb6bc43d4235) (TextureImporter) -> (artifact id: '9265f0b19fc96dd1124c0c0986e0db91') in 0.0051165 seconds
Start importing Packages/com.unity.render-pipelines.core/Editor/LookDev/Icons/d_Rotation@2x.png using Guid(db7aaa162a1a5a54b826d15b5b20fb06) (TextureImporter) -> (artifact id: 'c7861613df58b4f2d0fbc12698acd685') in 0.0060193 seconds
Start importing Packages/com.unity.2d.animation/Editor/Assets/ComponentIcons/Animation.SpriteResolver On.png using Guid(db2b3974aac164565bda03b3e0d93046) (TextureImporter) -> (artifact id: '6f28526063ca345638d61c9659ef66f9') in 0.0054925 seconds
Start importing Packages/com.unity.inputsystem/InputSystem/Editor/Icons/d_Button@4x.png using Guid(db3dc7a02ac6d4e90bbe905a44ac265b) (TextureImporter) -> (artifact id: '16b2723cf4f99e155ba3ab0fca71965f') in 0.0046077 seconds
Start importing Packages/com.unity.2d.animation/Editor/Assets/EditorIcons/Selected/Edit_Pose@4x.png using Guid(eb81c5f176e01b746be35f0aa3603593) (TextureImporter) -> (artifact id: '0d83391fa36c82fb517ab0982954bc15') in 0.0057032 seconds
Start importing Packages/com.unity.2d.sprite/Editor/ObjectMenuCreation/DefaultAssets/Textures/Circle.png using Guid(ebe73ca9363db456bacf42c025bb4847) (TextureImporter) -> (artifact id: '62efa2e18b5151e28c0db28f6468a9d5') in 0.0084366 seconds
Start importing Packages/com.unity.inputsystem/InputSystem/Editor/Icons/d_Interactive Binding.png using Guid(eb28fd64eacfa495c97193108f1cdf03) (TextureImporter) -> (artifact id: '350718418d154eebe64984fbacaeff78') in 0.0060268 seconds
Start importing Packages/com.unity.2d.animation/Editor/Assets/EditorIcons/Dark/d_Parent_Bone@3x.png using Guid(ebda3a880d7c2f14999e6ef07ebbd37d) (TextureImporter) -> (artifact id: '477ac71673d0f5bfc5107db8b930ea28') in 0.0641294 seconds
Start importing Assets/EmeraldBunny/Art/foot_ground_lower_rear.png using Guid(ebcd9c0b5fbc69e44941193d6c0ee50e) (TextureImporter) -> (artifact id: 'd24a74ac406518b11185a90e9954c06d') in 0.0092908 seconds
Start importing Packages/com.unity.2d.animation/Editor/Assets/EditorIcons/Dark/d_Create_Edge@2x.png using Guid(ebaf5b914f751a142b6851d985adf69d) (TextureImporter) -> (artifact id: '80f87bb43d7d4a7fb95dbf19768f134a') in 0.0061333 seconds
Start importing Packages/com.unity.render-pipelines.core/Editor/Lighting/Icons/LightUnitIcons/d_Shade.png using Guid(fbe2a78a665b37a4c9ec6623f42feb59) (TextureImporter) -> (artifact id: '77f2cdae29f80c3aeb69ed225345cac6') in 0.0048391 seconds
Start importing Packages/com.unity.ugui/Editor Resources/Textures/SectionHeader_Dark.psd using Guid(fb5730e24283d0c489e5c7d0bee023d9) (TextureImporter) -> (artifact id: '1cadad22fecbe28b199a83d73dcf7bac') in 0.0118795 seconds
Start importing Packages/com.unity.shadergraph/Editor/Resources/GraphView/Nodes/NodeChevronLeft.png using Guid(fb2ebd29216e958449e2ce6f37fde61d) (TextureImporter) -> (artifact id: '6e3a70a3f1ccf49200acc953de72f046') in 0.0084299 seconds
Start importing Packages/com.unity.render-pipelines.universal/Editor/2D/Resources/LightCapBottomLeft.png using Guid(fb7e2c1cde476854fb7067dcca74511a) (TextureImporter) -> (artifact id: 'eaef3a6e493ba2ecefe484c71d936385') in 0.0081313 seconds
Start importing Packages/com.unity.render-pipelines.core/Editor/Lighting/Icons/d_LightPlacement_Icon@2x.png using Guid(fbee1c54ecff3d24e8f34e2bbd19390f) (TextureImporter) -> (artifact id: '221143d1490e641f2925f7d7bd316c55') in 0.00666 seconds
Start importing Packages/com.unity.render-pipelines.core/Editor/Lighting/Icons/LightUnitIcons/d_CloudySky.png using Guid(0c24a3ead3381ee4cb4574c5be266d87) (TextureImporter) -> (artifact id: '1b0aa9a1d826aad8b770c3ecda61ed16') in 0.004584 seconds
Start importing Packages/com.unity.render-pipelines.core/Editor/Lighting/Icons/LightUnitIcons/d_ExteriorLight@2x.png using Guid(0cd6ad04e58c5e1478f2925fa64f5b57) (TextureImporter) -> (artifact id: '1d5fddda5231f2518e106661ee706783') in 0.0058605 seconds
Start importing Packages/com.unity.searcher/Editor/Resources/FlatSkin/SearchSmallDownOff@2x.png using Guid(0c2aa48d028b3134dbbb5ceb57bff5ac) (TextureImporter) -> (artifact id: '37618ec2eb220f567c29fbfb1b0736aa') in 0.0057794 seconds
Start importing Packages/com.unity.2d.animation/Editor/Assets/EditorIcons/Selected/character_Mode@4x.png using Guid(0ccc508108fa6ed4fa11b4a467d7f609) (TextureImporter) -> (artifact id: 'cf26a76befbfeb28bf9176e77b5bdc6a') in 0.0066376 seconds
Start importing Packages/com.unity.render-pipelines.core/Editor/Lighting/Icons/PresetBounce_Left.png using Guid(1c7013643e4df944492a5801199df62a) (TextureImporter) -> (artifact id: '4525b092d6878d6020e82f5f4c8fdb0a') in 0.0088784 seconds
Start importing Assets/EmeraldBunny/Art/upperlidR.png using Guid(1cd3145f718ce854481dd29abdd9cad1) (TextureImporter) -> (artifact id: '34e892cbb62d27ffcec3673ecf974a37') in 0.00451 seconds
Start importing Packages/com.unity.render-pipelines.core/Editor/LookDev/Icons/LayoutCustom.png using Guid(1cc4a70085896c04bbfbf60669963fc8) (TextureImporter) -> (artifact id: '8eb0ea1781f516073ad8c32e7c1a5a41') in 0.0046962 seconds
Start importing Packages/com.unity.inputsystem/InputSystem/Editor/Icons/Orientation@4x.png using Guid(1c751eb104ad5407992e614361d5f81e) (TextureImporter) -> (artifact id: 'aa61527763b34300a7d2b52f892a4c42') in 0.00504 seconds
Start importing Packages/com.unity.inputsystem/InputSystem/Editor/Icons/Button@2x.png using Guid(1c37f00575bd6494ea726be5afee89b9) (TextureImporter) -> (artifact id: 'bece2b7a905c5b3e3f3720e2f83cce53') in 0.0050276 seconds
Start importing Packages/com.unity.render-pipelines.universal/Textures/BlueNoise16/L/LDR_LLL1_25.png using Guid(1c3c6d69a645b804fa232004b96b7ad3) (TextureImporter) -> (artifact id: '6b0be1af7ce4e8003329e66b91f57bcc') in 0.0074536 seconds
Start importing Packages/com.unity.2d.animation/Editor/Assets/EditorIcons/Dark/d_Visibility_Tool@2x 1.png using Guid(1c5db39ecfdc3764c9b3874920a80999) (TextureImporter) -> (artifact id: '537e954097338ab8689855ca0c229f03') in 0.01686 seconds
Start importing Packages/com.unity.render-pipelines.core/Editor/Icons/MipLevels/RenderGraphViewer/d_Resources@16.png using Guid(2c62c65904d676c489198d40c731befe) (TextureImporter) -> (artifact id: '5e89be454780ed9841eaf02b8e06d30e') in 0.0078279 seconds
Start importing Packages/com.unity.render-pipelines.universal/Textures/BlueNoise16/L/LDR_LLL1_4.png using Guid(2ca97df9d1801e84a8a8f2c53cb744f0) (TextureImporter) -> (artifact id: 'ed4ef0c1da1fcfca6e82ce44745f83da') in 0.0061912 seconds
Start importing Packages/com.unity.2d.animation/Editor/Assets/EditorIcons/Dark/d_Create_Vertex@4x.png using Guid(2ced226d9df062547882002f633ab6ee) (TextureImporter) -> (artifact id: '5d2b3bed5a20b9e3dff91213d7945862') in 0.0067832 seconds
Start importing Packages/com.unity.2d.animation/Editor/Assets/EditorIcons/Light/Split_Edge@2x.png using Guid(3c84cd9c7ddd51c4b959d02c41aced07) (TextureImporter) -> (artifact id: 'ed791795b08e65f143908be000856398') in 0.0081927 seconds
Start importing Assets/EmeraldBunny/Art/ear_left.png using Guid(3ca5a834b62f9394f9224cc4075ca482) (TextureImporter) -> (artifact id: 'acc3a5566c49b57e5b6348eda56791ef') in 0.0072708 seconds
Start importing Packages/com.unity.2d.animation/Editor/Assets/ComponentIcons/d_Animation.SpriteResolver@64.png using Guid(4c30b1506cccf4f46952be11e3a98523) (TextureImporter) -> (artifact id: '5852ad45a920b7deee55db0a6c953f8c') in 0.0120657 seconds
Start importing Packages/com.unity.render-pipelines.core/Editor/Icons/MipLevels/d_RenderPipelineResources@32.png using Guid(4c30e5cf9793c0044a32b7aadd4f6f5e) (TextureImporter) -> (artifact id: '2238cd592aac3c3e59df1fa9d9506483') in 0.0062864 seconds
Start importing Packages/com.unity.2d.animation/Editor/Assets/ComponentIcons/Animation.SpriteLibrary@2x.png using Guid(4c962e26d197d4a78af313c9eba7f136) (TextureImporter) -> (artifact id: 'dc8117446d45c8a3ce9a73d246d24fbe') in 0.0221397 seconds
Start importing Packages/com.unity.shadergraph/Editor/Resources/GraphView/Nodes/NodeChevronDown.png using Guid(4c07dcabd0a45844eb0889811a49b9bf) (TextureImporter) -> (artifact id: '99999e9b8f2ba32ca1bc46b90601003f') in 0.0457977 seconds
Start importing Packages/com.unity.2d.animation/Editor/Assets/ComponentIcons/d_Animation.SpriteResolver@256.png using Guid(4c78d8667944f4116ba9dd56d2219e77) (TextureImporter) -> (artifact id: '8a52418288e65dd71fdddd1c7b7de8de') in 0.0104471 seconds
Start importing Assets/EmeraldBunny/Art/hair_braid.png using Guid(4c88708b15eb9934881eb870cd819796) (TextureImporter) -> (artifact id: 'e7d65fb5bd9a59714a08f87353c9d4b2') in 0.0049854 seconds
Start importing Packages/com.unity.2d.animation/Editor/Assets/EditorIcons/Light/False.png using Guid(4cbbf7337aa794bf299ec0044983eef2) (TextureImporter) -> (artifact id: 'a059643fbc0e8ba5c2c5dee14bb9dda7') in 0.0490228 seconds
Start importing Packages/com.unity.2d.animation/Editor/Assets/ComponentIcons/Animation.SpriteLibraryVar@128.png using Guid(5c718c499137a4dc48bbf03037c806f6) (TextureImporter) -> (artifact id: '7448c086b95dcf8fdeac83b8d04c07af') in 0.0071724 seconds
Start importing Packages/com.unity.2d.animation/Editor/Assets/ComponentIcons/Animation.IKManager On@128.png using Guid(5c81e841f99f744f997dfa12ce9c2a82) (TextureImporter) -> (artifact id: '9a31f89abb4c64ee9f54742713f4f1b1') in 0.0065591 seconds
Start importing Packages/com.unity.2d.animation/Editor/Assets/ComponentIcons/Animation.SpriteResolver On@128.png using Guid(5c838469e8ab742f081032f02a904a31) (TextureImporter) -> (artifact id: 'ef95f60d5970fe82403db190eeb885dd') in 0.0106876 seconds
Start importing Packages/com.unity.2d.animation/Editor/Assets/ComponentIcons/d_ErrorIcon_Small.png using Guid(5cc9ffa0f39d24f5ebb62d36675dd296) (TextureImporter) -> (artifact id: '070ce021eab50a3336094d040da427f4') in 0.0056999 seconds
Start importing Packages/com.unity.2d.animation/Editor/Assets/ComponentIcons/Animation.SpriteLibrary@32.png using Guid(5c6d7a5595d5b4713980d6a92eb6fced) (TextureImporter) -> (artifact id: 'a558fa27a02543b6507f760524786b99') in 0.0283608 seconds
Start importing Packages/com.unity.2d.animation/Editor/Assets/ComponentIcons/Animation.SpriteSkin@128.png using Guid(5caee0ba7342b4b2cacdbe0e6030c7b0) (TextureImporter) -> (artifact id: 'e62e2a826ce79598c66b80d19b440890') in 0.0081129 seconds
Start importing Packages/com.unity.render-pipelines.universal/Textures/FilmGrain/Large02.png using Guid(5cdee82a77d13994f83b8fdabed7c301) (TextureImporter) -> (artifact id: 'dcd1c3e0d6e17ef745a081d5a86d3e1f') in 0.0103873 seconds
Start importing Packages/com.unity.inputsystem/InputSystem/Editor/Icons/Dpad@3x.png using Guid(6c1147159d9dc42948601b29dfc9a40c) (TextureImporter) -> (artifact id: '37c56e6fb22385d6e203e32c415a8a9a') in 0.0046577 seconds
Start importing Packages/com.unity.2d.animation/Editor/Assets/EditorIcons/Selected/Copy@2x.png using Guid(6cc5103edc9f0dd4f80e8274c73dfeac) (TextureImporter) -> (artifact id: '2ff0e967ad6624e20c9e0a7facefe28b') in 0.0130042 seconds
Start importing Packages/com.unity.render-pipelines.core/Editor/Lighting/Icons/PresetRim_Left.png using Guid(6cec6e582e857c24bb9432ed7ff629f8) (TextureImporter) -> (artifact id: '5668332d6ea237c773aaa697ceb5d4dc') in 0.0072186 seconds
Start importing Assets/EmeraldBunny/Art/rabbit_right.png using Guid(6cdf2593415968342835dbf67ed701d6) (TextureImporter) -> (artifact id: '1a52bec679ed641e201d68d2332e9a2b') in 0.0052337 seconds
Start importing Packages/com.unity.2d.animation/Editor/Assets/EditorIcons/Selected/Sprite_Influence@3x.png using Guid(7ce16c63ba627427cab935593c090e34) (TextureImporter) -> (artifact id: '1c0a9aae3db3d8f3ddd898b68a7a46a2') in 0.0062967 seconds
Start importing Packages/com.unity.render-pipelines.universal/Textures/BlueNoise16/L/LDR_LLL1_3.png using Guid(7ce2118f74614a94aa8a0cdf2e6062c3) (TextureImporter) -> (artifact id: 'ecf241166a6bc5e55654dcd002e4d291') in 0.0043123 seconds
Start importing Assets/EmeraldBunny/Art/arm_right_upper.png using Guid(7ca47282ffc71624f95919d6bb51bfd0) (TextureImporter) -> (artifact id: '5d96b2520cba6f921692414d8d66f1c8') in 0.00689 seconds
Start importing Packages/com.unity.render-pipelines.universal/Editor/2D/Resources/PixelPerfectCamera.png using Guid(7cba34d70552e144586a4d3ce4a33de5) (TextureImporter) -> (artifact id: '5316c23983a1ada6584a96b8ebb360c4') in 0.0846273 seconds
Start importing Packages/com.unity.2d.animation/Editor/Assets/ComponentIcons/d_Animation.SpriteLibrary@128.png using Guid(7c1d940f1184e44269a954817b343570) (TextureImporter) -> (artifact id: '32133c3dc23609d51fc2139ffe16bfaf') in 0.0635982 seconds
Start importing Assets/Resources/Art/Characters/C001/PuppetMotion/chest_bounce.png using Guid(7c4e2a91b0d84f6e9a1c5d8e3b2f4701) (TextureImporter) -> (artifact id: '1414b5d6493b0699125692bcc5b6f171') in 0.0070508 seconds
Start importing Assets/Resources/Art/Characters/C001/LiveLayers/layer_full.png using Guid(7cff5f107f143de469c45af4ac2e5076) (TextureImporter) -> (artifact id: '9e9bd86e586a4818083c6710cf15bdf8') in 0.0198932 seconds
Start importing Packages/com.unity.render-pipelines.core/Editor/Icons/MipLevels/RenderGraphViewer/Resources@32.png using Guid(8c00ff63cd786b34685fe28d9d37c2b9) (TextureImporter) -> (artifact id: 'c39806b0d4898ee6fd389bf9b64a5b96') in 0.0044377 seconds
Start importing Packages/com.unity.2d.animation/Editor/Assets/EditorIcons/Dark/d_Edit_Joints.png using Guid(8c3235661573d7b44bd864536f83d0ea) (TextureImporter) -> (artifact id: '0a0ff16f9470404840230352f256c6f7') in 0.0556448 seconds
Start importing Packages/com.unity.2d.animation/Editor/Assets/EditorIcons/Dark/d_Visibility_Tool 1.png using Guid(8ce57331a725cc74d84af900f8f3c641) (TextureImporter) -> (artifact id: '679f2f21dfd2b1d7862ef985676071bc') in 0.0062214 seconds
Start importing Packages/com.unity.render-pipelines.core/Editor/LookDev/Icons/d_Duplicate@2x.png using Guid(8ca869dd944d5f54e9ec614b26f10dcb) (TextureImporter) -> (artifact id: 'bfe9e08a7b11edd8bbdd7c70ea1296c5') in 0.0058312 seconds
Start importing Packages/com.unity.render-pipelines.core/Editor/LookDev/Icons/d_LayoutCustom.png using Guid(8c3a606a4a147a34c952b98bf038c662) (TextureImporter) -> (artifact id: '9cad9904d96ebb4246df0aeef9abd95e') in 0.0055844 seconds
Start importing Packages/com.unity.2d.animation/Editor/Assets/EditorIcons/Dark/d_Visibility_Tool@3x.png using Guid(8c3b52e1fbc36584d802ee0099c48682) (TextureImporter) -> (artifact id: '974ad98a65cc69ff16e47e4e6014bc6e') in 0.006519 seconds
Start importing Packages/com.unity.render-pipelines.core/Editor/LookDev/Icons/LayoutHorizontal.png using Guid(8ccec084228b3b74a898f38126eb142f) (TextureImporter) -> (artifact id: '42afbee81c5f1d8683dd83ff0bcaf4bc') in 0.005176 seconds
Start importing Assets/EmeraldBunny/Art/spread_front_toe_4.png using Guid(9cb22b582121234469d07bd34112252c) (TextureImporter) -> (artifact id: '4e29daf41f5ed3b6ef4b730b290e35ca') in 0.0160331 seconds
Start importing Packages/com.unity.render-pipelines.core/Editor/LookDev/Icons/d_RenderDoc@2x.png using Guid(9c63b51755ec8c845b857cc73a35d606) (TextureImporter) -> (artifact id: '43eb7d590fe9ed0b0f70a3fbfdbd31d3') in 0.0059803 seconds
Start importing Packages/com.unity.2d.animation/Editor/Assets/ComponentIcons/d_Animation.SpriteLibraryManager.png using Guid(9ca415e19264343fda4eee42c9a3452c) (TextureImporter) -> (artifact id: '8ee9211fdb8da00059111d69b5e9cdf2') in 0.0055336 seconds
Start importing Packages/com.unity.2d.animation/Editor/Assets/ComponentIcons/Animation.SpriteLibrary@64.png using Guid(9c7af1d0200fc4bbc8276e459fa2d906) (TextureImporter) -> (artifact id: 'd7da0f0c50ae502dbf571f45f4961c46') in 0.0061092 seconds
Start importing Packages/com.unity.render-pipelines.core/Editor/LookDev/Icons/d_LayoutHorizontal@2x.png using Guid(9cad92999ddfa304495b735a55c78329) (TextureImporter) -> (artifact id: 'f5b00a734cc1f55764e2f3561e1e6b8d') in 0.0059976 seconds
Start importing Packages/com.unity.inputsystem/InputSystem/Editor/Icons/Pen@4x.png using Guid(acf10446fff184bb98db6350c2c43148) (TextureImporter) -> (artifact id: 'e0d6472c35bf303821ffdf4cd99f850f') in 0.0111657 seconds
Start importing Assets/EmeraldBunny/Art/chair_all_lower_front.png using Guid(acc3271b4dcddc546bc483bf180da6b6) (TextureImporter) -> (artifact id: 'fc0b6a19e7a9544558d6b3ee9be95092') in 0.0162613 seconds
Start importing Packages/com.unity.render-pipelines.core/Editor/Icons/MipLevels/d_Volume@64.png using Guid(aca45e74fd5117e499180b8f31d39395) (TextureImporter) -> (artifact id: '2f4db3031a9517edf42d228f9cf3ca30') in 0.0040452 seconds
Start importing Packages/com.unity.2d.animation/Editor/Assets/EditorIcons/Selected/Weight_Slider@4x.png using Guid(ac47ed8ccc79cf04dae198b9cc5b3a6f) (TextureImporter) -> (artifact id: '63fcd599e3b9a5d88ce9a8255419f97e') in 0.0059376 seconds
Start importing Packages/com.unity.render-pipelines.core/Editor/Lighting/Icons/LightUnitIcons/d_ExteriorLight.png using Guid(acd8a3fb93bb04b4db467ca2090011ae) (TextureImporter) -> (artifact id: '6dfff12489b70144787eb9499a0b822f') in 0.0038712 seconds
Start importing Packages/com.unity.2d.animation/Editor/Assets/EditorIcons/Dark/d_Visibility_Tool.png using Guid(ac4a94776fb2dd74a910bef3649b5c84) (TextureImporter) -> (artifact id: 'd8b96c96dec15dcc734ad9eceb820441') in 0.005392 seconds
Start importing Packages/com.unity.render-pipelines.core/Editor/Lighting/Icons/LightUnitIcons/DecorativeLight@2x.png using Guid(ac6bd7230f54da84b8ad3a0e2b14b3d9) (TextureImporter) -> (artifact id: 'ccecfadba099db51466be158d4a21443') in 0.0042335 seconds
Start importing Packages/com.unity.inputsystem/InputSystem/Editor/Icons/d_Position@4x.png using Guid(ac4c5ccb2785f4460b2dcfe47010c688) (TextureImporter) -> (artifact id: '9b72de81030b56966702ccc6c2587c78') in 0.0094096 seconds
Start importing Packages/com.unity.2d.animation/Editor/Assets/ComponentIcons/Animation.SpriteLibraryManager On@64.png using Guid(ac5de94053f294b929e8105eced63bbe) (TextureImporter) -> (artifact id: '490383b599104c6914fe447902daf97e') in 0.0063921 seconds
Start importing Packages/com.unity.render-pipelines.core/Editor/Icons/MipLevels/Volume@128.png using Guid(bcac3edca050cd043be3942131c59be3) (TextureImporter) -> (artifact id: 'e2bed9d4ea48a5f9741a4c05b0cce925') in 0.0075945 seconds
Start importing Packages/com.unity.2d.sprite/Editor/ObjectMenuCreation/DefaultAssets/Textures/9-SlicedWithBorder.png using Guid(cc35afd292fc349128b36a291fb3a165) (TextureImporter) -> (artifact id: '0273148d63b62b0b9fbdd7a49a9a25b0') in 0.0105904 seconds
Start importing Packages/com.unity.render-pipelines.core/Editor/LookDev/Icons/d_Remove@2x.png using Guid(cc27e95868ab32345b74b8338c01ebed) (TextureImporter) -> (artifact id: 'fe29948d3741dffc3e334ed74d2d3def') in 0.009405 seconds
Start importing Packages/com.unity.render-pipelines.core/Editor/LookDev/Icons/d_SunPosition.png using Guid(cc99218b39d91f84e9a26fac406c07e7) (TextureImporter) -> (artifact id: 'af17774bcece5913d89aaf3eff0b7a62') in 0.0146796 seconds
Start importing Packages/com.unity.2d.animation/Editor/Assets/EditorIcons/Selected/d_Visibility_Tool.png using Guid(cc4d24c10deda874e9f3470976b7d396) (TextureImporter) -> (artifact id: '99b4f5a242a6b2cadcfa97e526d082af') in 0.0056318 seconds
Start importing Packages/com.unity.2d.animation/Editor/Assets/ComponentIcons/d_Animation.SpriteLibraryVar@256.png using Guid(cc7d2cf7748504544a90f45ddac4dc80) (TextureImporter) -> (artifact id: '5d8fbef9c4058e26be41563d7f38a98a') in 0.0093908 seconds
Start importing Packages/com.unity.2d.animation/Editor/Assets/ComponentIcons/Animation.IKCCD On@64.png using Guid(cc7e65fd16d39483aa18d865a68e9451) (TextureImporter) -> (artifact id: '34a5c3f56b00434cf084677e28a5852b') in 0.0062638 seconds
Start importing Packages/com.unity.2d.animation/Editor/Assets/EditorIcons/Dark/d_Weight_Slider.png using Guid(dce15ef65ee3c394cb6cc78d4d70b6d9) (TextureImporter) -> (artifact id: '8c216a7c7c7cde348bbb008e647d9c2c') in 0.0124259 seconds
Start importing Assets/EmeraldBunny/Art/bow_gem.png using Guid(dc49f9691c005c24aa6cac64cdd3b553) (TextureImporter) -> (artifact id: '80a5d76e4cd7c3383c14d6df9107c9c2') in 0.010021 seconds
Start importing Packages/com.unity.2d.animation/Editor/Assets/EditorIcons/Selected/character_Mode@3x.png using Guid(dcea51d6065d64246aeec467afeff684) (TextureImporter) -> (artifact id: '5ce663ff31595122195f00ebb40ac9aa') in 0.0073159 seconds
Start importing Packages/com.unity.2d.animation/Editor/Assets/EditorIcons/Selected/d_Visibility_Hidded@3x.png using Guid(dc1f494fe190bd54bb487d11e639d5fc) (TextureImporter) -> (artifact id: '94007239c0da603ffdae07c80ae8b42a') in 0.0065928 seconds
Start importing Packages/com.unity.2d.animation/Editor/Assets/EditorIcons/Light/Weight_Slider@3x.png using Guid(ec8214d7d416a8746bb342b71e8e4269) (TextureImporter) -> (artifact id: 'dbd6a07fd858c496d07ca5f33877de1e') in 0.0065545 seconds
Start importing Packages/com.unity.2d.animation/Editor/Assets/EditorIcons/Light/Visibility_Tool@3x.png using Guid(ec23e33668eecff4aaec16f735dcc204) (TextureImporter) -> (artifact id: 'e00bf4758a5d938eeb6907f2052b13dd') in 0.0117761 seconds
Start importing Packages/com.unity.2d.animation/Editor/Assets/EditorIcons/Dark/d_Sprite_Influence.png using Guid(eca47b8e551b04a0e8adc931893c60f4) (TextureImporter) -> (artifact id: '45b0b64e21c4579f71ccacc42a55955d') in 0.0097142 seconds
Start importing Assets/EmeraldBunny/Art/costume_bust.png using Guid(ec55676745a1dee48891231b1ce1a929) (TextureImporter) -> (artifact id: 'ac9b498c7a7262b1b310b97bafbecac9') in 0.0104654 seconds
Start importing Packages/com.unity.inputsystem/InputSystem/Editor/Icons/InputControl.png using Guid(ec85de66fa5b64dd984fdcc82f8f92b3) (TextureImporter) -> (artifact id: 'd5e35ad35e18df26427e7200542ba473') in 0.0046562 seconds
Start importing Packages/com.unity.render-pipelines.core/Editor/Icons/RenderGraphViewer/MemorylessTexture@2x.png using Guid(ec3a3173916c141d8962a4466c366be6) (TextureImporter) -> (artifact id: '50803d5309243f3304df1284e32a0d23') in 0.0045237 seconds
Start importing Packages/com.unity.ugui/Editor Resources/Gizmos/TMP - Sprite Asset Icon.psd using Guid(ec7c645d93308c04d8840982af12101e) (TextureImporter) -> (artifact id: 'a865c77e349fc614e8a354fab53a63a3') in 0.0058877 seconds
Start importing Assets/EmeraldBunny/Art/fingerL_thumb.png using Guid(eccdc8f2c94de26498356a381558601d) (TextureImporter) -> (artifact id: '6e6a9f6a111bdb089dc0023b508392a8') in 0.0099635 seconds
Start importing Packages/com.unity.render-pipelines.universal/Editor/2D/Resources/Cinemachine.png using Guid(ec2f01df0bb1bfe459b5562a9e71c8d4) (TextureImporter) -> (artifact id: '71a931f8688bae2765fa28bd1889d77f') in 0.0108357 seconds
Start importing Packages/com.unity.2d.animation/Editor/Assets/EditorIcons/Light/Warning.png using Guid(ecff197e49b7c4a8c8431746d97f9b2d) (TextureImporter) -> (artifact id: 'bee4112fb5609287c8d429513cad3a3f') in 0.0054452 seconds
Start importing Packages/com.unity.render-pipelines.core/Editor/LookDev/Icons/d_CenterLight.png using Guid(fca3bc21b4600e04faaddb69c5fad81e) (TextureImporter) -> (artifact id: '0fda66eb4bb7a1aaa06e408590143986') in 0.0062597 seconds
Start importing Packages/com.unity.2d.animation/Editor/Assets/ComponentIcons/d_Animation.SpriteLibraryManager@128.png using Guid(fc88c9e07aafe4904bd795a8dfa811f2) (TextureImporter) -> (artifact id: 'c78bbe4b7412e85a32400977e6ab9941') in 0.00695 seconds
Start importing Packages/com.unity.inputsystem/InputSystem/Editor/Icons/d_Joystick@3x.png using Guid(fcaa0d99df7c74f52afaa17a375dd393) (TextureImporter) -> (artifact id: '30b3708599e825f90e906e5e283aae4e') in 0.0266423 seconds
Start importing Packages/com.unity.2d.animation/Editor/Assets/EditorIcons/Dark/d_Mesh@2x.png using Guid(fc8dcc4a15d828e4686470389805489c) (TextureImporter) -> (artifact id: 'd3f0f8b5545ca6d193ad14c5084bb310') in 0.0095082 seconds
Start importing Packages/com.unity.2d.animation/Editor/Assets/EditorIcons/Dark/d_Bone.png using Guid(fc2eaf4b0441b7645960252182c27446) (TextureImporter) -> (artifact id: 'ca32c3dde34c653d4977924371af5870') in 0.026947 seconds
Start importing Packages/com.unity.2d.animation/Editor/Assets/EditorIcons/Light/Parent_Bone@2x.png using Guid(fc9e5a25e0610a347b46fd10daa3f0cd) (TextureImporter) -> (artifact id: 'ccffeaf8d9798f5d2dfc8bf7395956f2') in 0.0052775 seconds
Start importing Packages/com.unity.render-pipelines.universal/Textures/BlueNoise16/L/LDR_LLL1_11.png using Guid(fc3fa8f108657e14486697c9a84ccfc5) (TextureImporter) -> (artifact id: '1c4d8a652b031b7d433a9eb870f13629') in 0.0043623 seconds
Start importing Packages/com.unity.2d.sprite/Editor/ObjectMenuCreation/DefaultAssets/Textures/IsometricDiamondWithBorder.png using Guid(0d267bc78a0864eb48358689b29ed20a) (TextureImporter) -> (artifact id: '867804b54893eeae9b03da196d64a605') in 0.0356128 seconds
Start importing Assets/Resources/Art/Characters/C001/V3Layers/layer_body_blink.png using Guid(0d96c7cf26c44d5419199bf5edceb8e6) (TextureImporter) -> (artifact id: 'e4d30fc41d5299b197aa6fedc411bbe3') in 0.1235709 seconds
Start importing Packages/com.unity.2d.animation/Editor/Assets/EditorIcons/Light/Create_Edge@3x.png using Guid(0da63bf69e254aa4a83c345c3de497c8) (TextureImporter) -> (artifact id: '704fe2be137115610d16a237180234a4') in 0.0364984 seconds
Start importing Packages/com.unity.render-pipelines.core/Editor/LookDev/Icons/d_Duplicate.png using Guid(0d692588b1d40e9429620400bd5efe63) (TextureImporter) -> (artifact id: '99c8b775c4e2840f515245bd3afb75f0') in 0.0067299 seconds
Start importing Packages/com.unity.inputsystem/InputSystem/Editor/Icons/d_ChevronDown@4x.png using Guid(0de917098a5b848b1a371e570928ce10) (TextureImporter) -> (artifact id: '731185a13eccc2185848e484347b3d2e') in 0.0058239 seconds
Start importing Packages/com.unity.ugui/Editor Resources/Textures/btn_AlignCapLine.psd using Guid(0d9a36012a224080966c7b55896aa0f9) (TextureImporter) -> (artifact id: '6eac9edbb725f4cf52cb10cd7b467f2f') in 0.0050506 seconds
Start importing Packages/com.unity.render-pipelines.core/Editor/Lighting/Icons/d_LightPlacement_Icon On.png using Guid(1d70e8f2a6df91f46a8e5b4f2378c8bc) (TextureImporter) -> (artifact id: '22162ed197676c5033c15985c907702d') in 0.0058155 seconds
Start importing Packages/com.unity.2d.animation/Editor/Assets/EditorIcons/Selected/Edit_Pose@2x.png using Guid(1da4b8d35afa8314198e7b69dc383431) (TextureImporter) -> (artifact id: 'b3bec3d1e094153983de872d9a9f9e9d') in 0.0215943 seconds
Start importing Packages/com.unity.render-pipelines.core/Editor/Lighting/Icons/LightUnitIcons/MediumAreaLight@2x.png using Guid(1dea3362fb2f72d46b7e3351a7e12ccf) (TextureImporter) -> (artifact id: '63b519fc37d930dc5b9ae29a8cc88d60') in 0.0087597 seconds
Start importing Packages/com.unity.render-pipelines.core/Editor/Lighting/Icons/PresetRim_Right.png using Guid(1deb07c84dc414b4388bf2970d0c9aef) (TextureImporter) -> (artifact id: '4c5aa77a3e8cdd1b461fa2bed859fae4') in 0.0049578 seconds
Start importing Packages/com.unity.2d.animation/Editor/Assets/EditorIcons/Light/Mesh@3x.png using Guid(2d95cf258837ba44896030e25b9f2dd7) (TextureImporter) -> (artifact id: 'f946fbd3f0ea1cf4ad7cad039dde973f') in 0.0055626 seconds
Start importing Packages/com.unity.2d.animation/Editor/Assets/EditorIcons/Dark/d_Edit_Geometry@2x.png using Guid(2d2e8c77fdf4f364c83224444f65fb4d) (TextureImporter) -> (artifact id: '46b120a64798b555d0db224971490698') in 0.005302 seconds
Start importing Assets/EmeraldBunny/Art/chair_rightarm.png using Guid(3d02101db72985f42be26cb0f912c232) (TextureImporter) -> (artifact id: 'cf0d3605c82104e5731e1462865c103e') in 0.0053684 seconds
Start importing Assets/EmeraldBunny/Art/toeAir1_lower_front.png using Guid(3d63204d4408fcb44a9dec8bbf4ce5b1) (TextureImporter) -> (artifact id: '45dd56ef931dda1fee27a3a69325c0f3') in 0.0072356 seconds
Start importing Packages/com.unity.2d.animation/Editor/Assets/EditorIcons/Light/Weight_Brush@4x.png using Guid(3dd5e5c693a816e4f96b869f6465955b) (TextureImporter) -> (artifact id: '0dfe65b44a12596d975287ab4174d991') in 0.0215599 seconds
Start importing Packages/com.unity.render-pipelines.universal/Editor/ShaderGraph/GraphTemplates/UITKFullTemplate.png using Guid(3d3db9f7026a8344cbbc2353827bbbc0) (TextureImporter) -> (artifact id: '111c61b8fca3329754394f567c7f107a') in 0.1284193 seconds
Start importing Assets/Resources/Art/Characters/C001/LiveLayers/layer_head_blink.png using Guid(3d5de22360c762e4f9daaf8d398d802c) (TextureImporter) -> (artifact id: 'c1bb42ecd01fc0296c35655e180d66e6') in 0.0122379 seconds
Start importing Packages/com.unity.inputsystem/InputSystem/Editor/Icons/d_Add Binding@2x.png using Guid(3d7dc8d6b9a96490b9aa433645712fdf) (TextureImporter) -> (artifact id: '59c52d5238e8eb287d6891a1d59385de') in 0.0080496 seconds
Start importing Packages/com.unity.2d.animation/Editor/Assets/ComponentIcons/Animation.SpriteLibraryManager@256.png using Guid(3d9fb59c1fa00406ab971588842aa368) (TextureImporter) -> (artifact id: '6d81a5efc8e9b0ee2ca1368bbf207bad') in 0.021437 seconds
Start importing Packages/com.unity.2d.animation/Editor/Assets/ComponentIcons/d_Animation.SpriteLibrary.png using Guid(4d3519975d99540eba1637a8a3e58f11) (TextureImporter) -> (artifact id: '6b572d0f17b77fab977340caedcc5527') in 0.0075498 seconds
Start importing Packages/com.unity.render-pipelines.core/Editor/LookDev/Icons/d_Layout1@2x.png using Guid(4de5e4f3717b2c548bd8b90b6c628b2f) (TextureImporter) -> (artifact id: 'a7ca56395610a4bb4fd801c082fc2ca2') in 0.0056581 seconds
Start importing Packages/com.unity.render-pipelines.core/Editor/Lighting/Icons/PresetBounce_Right.png using Guid(4dac1eeb02c481340801b3ac458b2976) (TextureImporter) -> (artifact id: '094670726369e5d834e3699e0be78232') in 0.0044325 seconds
Start importing Packages/com.unity.render-pipelines.universal/Textures/BlueNoise16/L/LDR_LLL1_15.png using Guid(4dcc0502f8586f941b5c4a66717205e8) (TextureImporter) -> (artifact id: '705888f3c3bf8aee2d3282f105a36adb') in 0.0042569 seconds
Start importing Packages/com.unity.2d.animation/Editor/Assets/EditorIcons/Light/Split_Edge@3x.png using Guid(4d2d8fb4fc2041441980b4ec253532b0) (TextureImporter) -> (artifact id: '50c8958d020971165fbd28fb04434c01') in 0.0067866 seconds
Start importing Packages/com.unity.inputsystem/InputSystem/Editor/Icons/Gamepad@2x.png using Guid(4defb5292901c41f29313d9c9c87a7eb) (TextureImporter) -> (artifact id: '3af82b5d871ebc9573057e3c73eef319') in 0.0685265 seconds
Start importing Assets/EmeraldBunny/Art/hair_fringe.png using Guid(5d1299acc2c38164a96af607533a3227) (TextureImporter) -> (artifact id: 'e5c817b377ad0c3a8c93474b77bd9918') in 0.0069954 seconds
Start importing Packages/com.unity.2d.animation/Editor/Assets/EditorIcons/Selected/character_Mode@2x.png using Guid(5d52b20f865aff242bfcb08c3b6f61a5) (TextureImporter) -> (artifact id: '9f412cebdad1bcf66cd15e065a28b000') in 0.0726028 seconds
Start importing Packages/com.unity.2d.animation/Editor/Assets/EditorIcons/Dark/d_Edit_Pose@2x.png using Guid(5df5eccb22181f040836da1ea19743e8) (TextureImporter) -> (artifact id: '2d45702004673821856b1bf19b3a04df') in 0.0066953 seconds
Start importing Packages/com.unity.inputsystem/InputSystem/Editor/Icons/d_ChevronDown@3x.png using Guid(5d96795fd770f47d69d997b053532730) (TextureImporter) -> (artifact id: '7df839abb9e80990674bbdd596e88bc6') in 0.0064126 seconds
Start importing Packages/com.unity.render-pipelines.core/Editor/Icons/MipLevels/VolumeProfile@256.png using Guid(5d574cebaf0c0a34aa93a406ad65a61b) (TextureImporter) -> (artifact id: '4dac6238e3cc95d20424ed9d1a02d227') in 0.0059181 seconds
Start importing Packages/com.unity.render-pipelines.core/Editor/Lighting/Icons/LightUnitIcons/Overcast@2x.png using Guid(5db8233d631a83f429153aaeb8f8333a) (TextureImporter) -> (artifact id: 'd827036d38080bedfbcffcba586ec7e0') in 0.0043624 seconds
Start importing Packages/com.unity.inputsystem/InputSystem/Editor/Icons/d_Stick@2x.png using Guid(5d0b11389336d4b16b96f147c9f912e2) (TextureImporter) -> (artifact id: '61f5e1bf9c8f63cd258dbcfcd58bf8da') in 0.0047006 seconds
Start importing Packages/com.unity.2d.animation/Editor/Assets/EditorIcons/Selected/Paste@4x.png using Guid(5d4fa2fdecdadcb468baaedc792cc439) (TextureImporter) -> (artifact id: '97911599221130b4420e288a93367b94') in 0.008387 seconds
Start importing Assets/EmeraldBunny/Art/chair_front_lower_rear.png using Guid(5def311726ae0034d964c8076436b723) (TextureImporter) -> (artifact id: '05ed4ecc669cb5c734b4124c70a53f6b') in 0.0084293 seconds
Start importing Packages/com.unity.inputsystem/InputSystem/Editor/Icons/d_Touch@4x.png using Guid(6db042035460c4167a6ab8d1ac3c2681) (TextureImporter) -> (artifact id: '8c8e15a9e1da527cc597bd848cd26aa0') in 0.0054237 seconds
Start importing Packages/com.unity.2d.animation/Editor/Assets/EditorIcons/Dark/d_Paste@2x.png using Guid(6de1e8bb25ebf5c44b02b794de99154c) (TextureImporter) -> (artifact id: '145bba261801feccc028770e99b0a5a8') in 0.0067576 seconds
Start importing Packages/com.unity.2d.animation/Editor/Assets/EditorIcons/Dark/d_Visibility_Hidded@3x.png using Guid(6d082a477f1715f498c6a28543125ec8) (TextureImporter) -> (artifact id: '9faba34bfcabbdd31c7db55822d059ed') in 0.005353 seconds
Start importing Packages/com.unity.2d.animation/Editor/Assets/ComponentIcons/Animation.IKManager@128.png using Guid(6dfa8a4e449dd46479d1788637b70811) (TextureImporter) -> (artifact id: '679318cdee93a90270e2f09e30e782d4') in 0.0086421 seconds
Start importing Packages/com.unity.shadergraph/Editor/Resources/Icons/sg_graph_icon_gray_light.png using Guid(7d62654fc399cc349a1ed7e0eab44ff0) (TextureImporter) -> (artifact id: '26a5724cfc893908d3259d8ba64cd523') in 0.0105361 seconds
Start importing Assets/Resources/Art/Characters/C001/V3Layers/layer_body.png using Guid(7d066ab5be8a0b54695b8c01d83a7502) (TextureImporter) -> (artifact id: '443edb36a718b8e788f706b402e271aa') in 0.0875617 seconds
Start importing Packages/com.unity.inputsystem/InputSystem/Editor/Icons/d_Joystick.png using Guid(7d4638131127c4f4382fb36cf16c52fe) (TextureImporter) -> (artifact id: 'e43cdf48d9c8889ae38acc102fbe7533') in 0.0258068 seconds
Start importing Assets/Resources/Art/Characters/C001/preview_cut.png using Guid(7d2b8c7100603fe44a9b0e76ec4876e6) (TextureImporter) -> (artifact id: '74264090ad3f8ec8fe758f21ef6e2f4a') in 0.9382064 seconds
Start importing Packages/com.unity.2d.animation/Editor/Assets/EditorIcons/Light/False@2x.png using Guid(7d6f3490c59314e8f91123fe30ea8b98) (TextureImporter) -> (artifact id: 'd9207e127008c0dd9fe90a6b6de6eb49') in 0.0060975 seconds
Start importing Assets/Resources/Art/Characters/C001/LiveLayers/layer_foot_l.png using Guid(8da630bdad833fc45885dd469d382ffd) (TextureImporter) -> (artifact id: '07b10cfc9125d3c2cb3628a44eb335a7') in 0.0193166 seconds
Start importing Packages/com.unity.shadergraph/Editor/Resources/GraphView/Nodes/PreviewExpand.png using Guid(8df757582ef08984bb6c3510e3a9fd1e) (TextureImporter) -> (artifact id: '49540f10a3ae98b74bb475ac9a51359f') in 0.004636 seconds
Start importing Packages/com.unity.render-pipelines.core/Runtime/Sampling/Textures/SobolBlueNoise/SobolOwenScrambled256.png using Guid(8d786511913a2cb4aacb1f9a188652b4) (TextureImporter) -> (artifact id: '353b376e486f9d9a19dac69c98859ad1') in 0.0056065 seconds
Start importing Packages/com.unity.2d.animation/Editor/Assets/ComponentIcons/d_Animation.IKFabrik@64.png using Guid(8dfc24821a9794200b8d54e906e4b6da) (TextureImporter) -> (artifact id: 'acef76e3b00b55ba2fb4adde2612b8b5') in 0.0076065 seconds
Start importing Assets/EmeraldBunny/Art/eyeR_white.png using Guid(8d5f0bf28918070419eea13d0a6f6503) (TextureImporter) -> (artifact id: '2df763b51ab361ad8cfbec0ac819a8e2') in 0.0047335 seconds
Start importing Packages/com.unity.2d.animation/Editor/Assets/EditorIcons/Light/Weight_Brush.png using Guid(9d026c034cfd40746a436496efe2dd7f) (TextureImporter) -> (artifact id: '0b167fa47dbd59f17523d63e1bcdb8ce') in 0.0050102 seconds
Start importing Packages/com.unity.render-pipelines.universal/Textures/BlueNoise16/L/LDR_LLL1_16.png using Guid(9d92991794bb5864c8085468b97aa067) (TextureImporter) -> (artifact id: 'ea461a5284b3832b3c83c22617da8d12') in 0.0054057 seconds
Start importing Packages/com.unity.2d.animation/Editor/Assets/EditorIcons/Dark/d_Create_Edge@3x.png using Guid(9d68cf945428ac2448d4c657f30b31cc) (TextureImporter) -> (artifact id: '16be1707e304772eab5c37ab46bb5331') in 0.005413 seconds
Start importing Packages/com.unity.render-pipelines.core/Editor/Lighting/Icons/LightPlacement_Icon@256.png using Guid(9d1f3c50fbb907f4fba5095da15f23dc) (TextureImporter) -> (artifact id: '1705e9511572f1a6386cd43d7c728146') in 0.0064779 seconds
Start importing Packages/com.unity.render-pipelines.core/Runtime/Sampling/Textures/SobolBlueNoise/RankingTile256SPP.png using Guid(adf003e8db5aef64fa57c155f2e599be) (TextureImporter) -> (artifact id: '7ebeaab7a939140d10bbbad9575bb3f0') in 0.0096452 seconds
Start importing Packages/com.unity.render-pipelines.core/Editor/Icons/MipLevels/d_RenderPipelineResources@16.png using Guid(adc1ce28e3842cd46b0a08e5ac86a647) (TextureImporter) -> (artifact id: 'a6c3262cb8b1ad93a608603718fa6288') in 0.0040434 seconds
Start importing Packages/com.unity.render-pipelines.core/Editor/Resources/Gizmos/ProbeTouchupVolume.png using Guid(adc48c15b6dfb444b865f111178f02ec) (TextureImporter) -> (artifact id: 'a2ec195036cd9d4a516ca92bfde42da5') in 0.0060053 seconds
Start importing Packages/com.unity.shadergraph/Editor/Resources/GraphView/Nodes/PreviewCollapse@2x.png using Guid(adc5cc7a4034e1b41b9341fa124ef43d) (TextureImporter) -> (artifact id: '0c0e253bf2a3662cbb87c204ad8d1f2c') in 0.0073842 seconds
Start importing Packages/com.unity.2d.animation/Editor/Assets/EditorIcons/Selected/Create_Edge.png using Guid(ad7b296d426713b4593ee1a19fcbf9d1) (TextureImporter) -> (artifact id: '3e7345ad40149683c600b6f265b2a296') in 0.0053654 seconds
Start importing Packages/com.unity.render-pipelines.core/Editor/Lighting/Icons/PresetKick_Right.png using Guid(bdb354565d2d91e48a7ffe02442fe226) (TextureImporter) -> (artifact id: '01bae0de3991fedce56c7de20b929e0d') in 0.0046071 seconds
Start importing Packages/com.unity.render-pipelines.core/Editor/LookDev/Icons/LookDev@2x.png using Guid(bd76726ffb1eb94429fb8143429bd978) (TextureImporter) -> (artifact id: '8b0371aba480100040b4934a47d05c29') in 0.0565276 seconds
Start importing Packages/com.unity.render-pipelines.core/Editor/Lighting/Icons/LightUnitIcons/VeryBrightSun.png using Guid(bdc9b1177bc1ad84e8532eec9f2dcc13) (TextureImporter) -> (artifact id: 'c2b5e91eb5c2aa9e9ee960553c17433d') in 0.0055357 seconds
Start importing Packages/com.unity.2d.sprite/Editor/ObjectMenuCreation/DefaultAssets/Textures/Capsule.png using Guid(bd3cb4af8406d4436a2ae8c2aafe1f8d) (TextureImporter) -> (artifact id: 'f2e6fd0bf065961231269f6f0cd250bd') in 0.0102642 seconds
Start importing Assets/Resources/Art/Characters/C001/V3Layers/layer_sword.png using Guid(bd5dba6204cb4d54c88c10e5bbbd3678) (TextureImporter) -> (artifact id: '5a25832027da472046f1d3033b05308a') in 0.030326 seconds
Start importing Packages/com.unity.render-pipelines.universal/Textures/FilmGrain/Medium04.png using Guid(bd9e8c758250ef449a4b4bfaad7a2133) (TextureImporter) -> (artifact id: 'e3f2176bd27386964d5a2949cc898f1f') in 0.0102994 seconds
Start importing Packages/com.unity.2d.animation/Editor/Assets/EditorIcons/Selected/Paste@2x.png using Guid(cd0250057a3f07346b60675b355c3e06) (TextureImporter) -> (artifact id: '4ee1c82ca787ddddbff110d52b263e18') in 0.0055941 seconds
Start importing Assets/EmeraldBunny/Art/spread_front_toe_2.png using Guid(cdd5b25e59769f1439ef48cf3e080c12) (TextureImporter) -> (artifact id: 'de53382b421f73b348ac5a8dfe75db08') in 0.0046213 seconds
Start importing Assets/EmeraldBunny/Art/irisL.png using Guid(cd1761bdfef31ec44bfd2edb4e54dcd9) (TextureImporter) -> (artifact id: '33dc30bdfc28c468384197a231df556e') in 0.004657 seconds
Start importing Packages/com.unity.render-pipelines.core/Editor/Icons/RenderGraphViewer/MultipleUsage.png using Guid(cd47f6d5edd2c7541a0baf3774a54fdd) (TextureImporter) -> (artifact id: '2dd711920b3bd3f1cb743be100d41f95') in 0.0059009 seconds
Start importing Packages/com.unity.2d.animation/Editor/Assets/EditorIcons/Selected/Edit_Geometry@3x.png using Guid(dd736f22fa93fe9468b8b8b405413957) (TextureImporter) -> (artifact id: 'a4ef6d20b060cedb0b02f7115ec296ee') in 0.0056226 seconds
Start importing Packages/com.unity.2d.animation/Editor/Assets/EditorIcons/Dark/d_Sprite_Influence@3x.png using Guid(dd74e4fa4aa2947d6a14ab33d32d7c63) (TextureImporter) -> (artifact id: 'f49959acb2e2a834f809d18996406870') in 0.0055732 seconds
Start importing Packages/com.unity.render-pipelines.universal/Textures/FilmGrain/Thin02.png using Guid(dd77ffd079630404e879388999033049) (TextureImporter) -> (artifact id: '89107b4856ce5ec49ae2ccc99b2586d8') in 0.0098634 seconds
Start importing Packages/com.unity.render-pipelines.core/Editor/Lighting/Icons/LightUnitIcons/InteriorLight.png using Guid(ddbb35633e84dde4a93c6662f696ae4c) (TextureImporter) -> (artifact id: '0a54a48c8174cac1ee97b9755f2be6c3') in 0.004679 seconds
Start importing Packages/com.unity.2d.animation/Editor/Assets/ComponentIcons/Animation.SpriteSkin@64.png using Guid(dd3db1e5b4263437aa298781bd55d726) (TextureImporter) -> (artifact id: 'ecbd1547f394b629a6d9c6680f5b72c2') in 0.0061404 seconds
Start importing Packages/com.unity.shadergraph/GraphTemplates/default_masks.png using Guid(dd2e21fb358baa649a7ad7d1d6e722f5) (TextureImporter) -> (artifact id: 'f1bdf9d0abf24eb96eb96611cfb93531') in 0.0040652 seconds
Start importing Assets/EmeraldBunny/Art/spread_front_toe_1.png using Guid(dd2ecb7de2746384b9767c900efbc9b6) (TextureImporter) -> (artifact id: '2376d72eafac592fe5fd5c9fd540d503') in 0.0054625 seconds
Start importing Packages/com.unity.render-pipelines.core/Editor/Lighting/Icons/LightUnitIcons/Candlelight.png using Guid(eda062bf16e02ef44a7bf24336ddac6c) (TextureImporter) -> (artifact id: 'f817b47212cb5057d8d24917da203618') in 0.0041741 seconds
Start importing Packages/com.unity.2d.animation/Editor/Assets/EditorIcons/Dark/d_Split_Edge@4x.png using Guid(ed130aac49764ad4f9d35454c297b75a) (TextureImporter) -> (artifact id: '026e5e629cf7ae14387d67f31544e8a5') in 0.0060497 seconds
Start importing Packages/com.unity.ugui/Editor Resources/Textures/btn_AlignTop_Light.psd using Guid(ed041e68439749a69d0efa0e3d896c2e) (TextureImporter) -> (artifact id: '49dd44ef2cf1d2de360fa758c6aac280') in 0.0203627 seconds
Start importing Packages/com.unity.render-pipelines.core/Editor/Icons/RenderGraphViewer/d_AccelerationStructure@2x.png using Guid(ed7bb161ec84da2458e0b8730958a76a) (TextureImporter) -> (artifact id: '251426e27a050a87d11ea4d61819c4d3') in 0.0048978 seconds
Start importing Packages/com.unity.2d.animation/Editor/Assets/EditorIcons/Light/Generate_Weights@3x.png using Guid(ed5ce024c84dbdb42ac5037d03e7c039) (TextureImporter) -> (artifact id: '6197a238b161ebddb3878d2018d06ff4') in 0.0076386 seconds
Start importing Packages/com.unity.2d.animation/Editor/Assets/ComponentIcons/d_Animation.IKManager@128.png using Guid(eddc3b652f54848828296504ee94ec04) (TextureImporter) -> (artifact id: '39acf7b1ff9da110769d0f4947ac1e69') in 0.007175 seconds
Start importing Packages/com.unity.render-pipelines.universal/Textures/BlueNoise16/L/LDR_LLL1_8.png using Guid(ed5ea7ce59ca8ec4f9f14bf470a30f35) (TextureImporter) -> (artifact id: 'dcce0c1be6f211940940b74ef45a9a44') in 0.0042374 seconds
Start importing Packages/com.unity.2d.animation/Editor/Assets/EditorIcons/Dark/d_EditorUI.Filter@2x.png using Guid(fda2e829442ad4c0d875a0f52dd3a487) (TextureImporter) -> (artifact id: '43d73436617cf4b59abcf6d8cc06a460') in 0.0101366 seconds
Start importing Packages/com.unity.2d.animation/Editor/Assets/EditorIcons/Dark/d_Weight_Brush@2x.png using Guid(fda4344db9f9d794698ed7487ca53957) (TextureImporter) -> (artifact id: 'a990a3c78a91db534663f591e7d301a7') in 0.0051801 seconds
Start importing Packages/com.unity.render-pipelines.universal/Textures/FilmGrain/Large01.png using Guid(fd2fd78b392986e42a12df2177d3b89c) (TextureImporter) -> (artifact id: '7b15858ca2074de944fdb28a6079ad4c') in 0.0100011 seconds
Start importing Packages/com.unity.2d.animation/Editor/Assets/EditorIcons/Light/Create Bones.png using Guid(0e5ae7fe3a07e88429a3e90897c6ab82) (TextureImporter) -> (artifact id: '6eb0568662c786b7d1cf95ea591db089') in 0.0054823 seconds
Start importing Assets/Resources/Art/Characters/C001/V3Layers/layer_cutout.png using Guid(0e6a7fb042b38754e96b6490a191c385) (TextureImporter) -> (artifact id: '6980c9a2cd841abd31a896b6ee561ffa') in 0.0834722 seconds
Start importing Packages/com.unity.2d.animation/Editor/Assets/EditorIcons/Light/Sprite_Influence@4x.png using Guid(0e0d5e38f19194a978d2f42b0b806775) (TextureImporter) -> (artifact id: 'b5135475adda6beeea7bec1e4ccd73fc') in 0.0056608 seconds
Start importing Packages/com.unity.inputsystem/InputSystem/Editor/Icons/d_ChevronUp@3x.png using Guid(0efecba65ae4341a385cd5d39a2af765) (TextureImporter) -> (artifact id: '966ad97d09c457aa993d961b192b3e7e') in 0.0039412 seconds
Start importing Packages/com.unity.render-pipelines.core/Editor/Lighting/Icons/LightUnitIcons/MediumAreaLight.png using Guid(1eb691390c444f14bac0868bd61fd451) (TextureImporter) -> (artifact id: 'd2cbaba79a59833ad74bd66043faba20') in 0.0080503 seconds
Start importing Packages/com.unity.2d.animation/Editor/Assets/ComponentIcons/d_Animation.SpriteSkin@256.png using Guid(1e7881f6af9ad4c0eb01def7f1b8a31b) (TextureImporter) -> (artifact id: '0ca8e9796468c3a7ac49e23459702187') in 0.012268 seconds
Start importing Packages/com.unity.render-pipelines.core/Editor/Lighting/Icons/LightUnitIcons/DecorativeLight.png using Guid(1e2ae1a12a2a1ff498cab6444b9cd394) (TextureImporter) -> (artifact id: 'e47072391cea13cb636617aa2b8eb52e') in 0.004449 seconds
Start importing Packages/com.unity.2d.animation/Editor/Assets/EditorIcons/Light/Visibility_Tool.png using Guid(1e7c59239d2a59140b34f39ea6d4d44c) (TextureImporter) -> (artifact id: '42df798284366e5de4c5dd2588ccce34') in 0.0052193 seconds
Start importing Packages/com.unity.2d.animation/Editor/Assets/EditorIcons/Dark/d_Bone_Influence@4x.png using Guid(1e0f2b45945c8254abd59f40d783c11f) (TextureImporter) -> (artifact id: 'e445382ddb119d3e27002af98cb91508') in 0.0088373 seconds
Start importing Packages/com.unity.shadergraph/Editor/Resources/GraphView/Nodes/BlackboardFieldExposed.png using Guid(2e8113252e9a1b245a81dc384ae86446) (TextureImporter) -> (artifact id: '425cfb0473b68c6cefbbb75046b133e9') in 0.0129057 seconds
Start importing Packages/com.unity.render-pipelines.core/Editor/LookDev/Icons/Rotation.png using Guid(2ee66e81975377745aaa59fe11ad374d) (TextureImporter) -> (artifact id: 'd629397e3e7e3e1fefe51d1d0fbbdaa7') in 0.0161228 seconds
Start importing Packages/com.unity.inputsystem/InputSystem/Editor/Icons/Axis@3x.png using Guid(2e27a82b5cc4e4ef98cbef2d0b324aed) (TextureImporter) -> (artifact id: '925b81610b379efcab23da568f74711f') in 0.0044255 seconds
Start importing Packages/com.unity.render-pipelines.core/Editor/Icons/MipLevels/d_VolumeProfile@16.png using Guid(2e6a4056f58607f4cb9a7430cffd3cf0) (TextureImporter) -> (artifact id: 'b3466378d99d2178b2fbd8714264f869') in 0.0037536 seconds
Start importing Packages/com.unity.2d.animation/Editor/Assets/EditorIcons/Light/Copy@2x.png using Guid(2e0cf451cb3d56742aad87ea75993209) (TextureImporter) -> (artifact id: '39c4c58b80431f14c074e8fb9f0a68e7') in 0.0049765 seconds
Start importing Packages/com.unity.render-pipelines.core/Editor/Icons/MipLevels/Volume@64.png using Guid(3e1119a71344058429824f48f89db02a) (TextureImporter) -> (artifact id: '4a57a9613b7013380779ddd0c09921cc') in 0.0040339 seconds
Start importing Packages/com.unity.ugui/Editor Resources/Gizmos/TMP - Input Field Icon.psd using Guid(3ee40aa79cd242a5b53b0b0ca4f13f0f) (TextureImporter) -> (artifact id: '9f75831962d6b6401149781fab00379a') in 0.0051178 seconds
Start importing Packages/com.unity.2d.animation/Editor/Assets/EditorIcons/Dark/d_Split Bones.png using Guid(3e98b5bf8fbc84d4bafe25706ebcde8a) (TextureImporter) -> (artifact id: 'bc7cb9117a5bd533c5728d6bb8cb643d') in 0.0236623 seconds
Start importing Packages/com.unity.render-pipelines.core/Editor/Icons/MipLevels/Volume@16.png using Guid(3e0af3c90ea2a304c8c241c8fbdce6e5) (TextureImporter) -> (artifact id: '0776c930f6afbe1095a0e2c0fbbf8ccf') in 0.0050952 seconds
Start importing Packages/com.unity.2d.animation/Editor/Assets/ComponentIcons/Animation.SpriteLibraryVar@32.png using Guid(3e3d41c162ad74767b66168d4d94b99c) (TextureImporter) -> (artifact id: '2a193fd0caf894cb8cb5a7aabf6b0caf') in 0.0061902 seconds
Start importing Packages/com.unity.2d.animation/Editor/Assets/EditorIcons/Selected/Weight_Brush@3x.png using Guid(3e6e6fbbd946d0541923f45f4eaa2cf1) (TextureImporter) -> (artifact id: '2d774b731b0d60b5fcece14bc7b5cc30') in 0.0056078 seconds
Start importing Packages/com.unity.2d.animation/Editor/Assets/EditorIcons/Light/Weight_Slider@4x.png using Guid(4e494ad3b858ecf4fab63aae9075d43d) (TextureImporter) -> (artifact id: '19fd1ed4112384d525b532620645b392') in 0.0088739 seconds
Start importing Packages/com.unity.render-pipelines.core/Editor/Icons/RenderGraphViewer/d_PassInspector@2x.png using Guid(4e0d4fae0554052489fc6918c357d43c) (TextureImporter) -> (artifact id: 'd5ae521fda5aa808719fb4d42b12ac3c') in 0.009235 seconds
Start importing Assets/EmeraldBunny/Art/chair_leg_right_lower_fixed.png using Guid(5e803e8e0371e3646adb5b0b25fd5634) (TextureImporter) -> (artifact id: '1c93f108f6964f69012afba7e952d99f') in 0.0063249 seconds
Start importing Packages/com.unity.render-pipelines.core/Editor/Icons/RenderGraphViewer/d_ScriptLink@2x.png using Guid(5e032f76278407d46a6a3dc6ff0bdc36) (TextureImporter) -> (artifact id: '80f2b8cd667d73bdf657d439c7ef4b17') in 0.0054132 seconds
Start importing Assets/Resources/Art/Characters/C005/portrait.png using Guid(5e249a1bfdc783ea61e447dc209fb741) (TextureImporter) -> (artifact id: 'bdd9124e2686364db48180a24ca585fc') in 0.0586569 seconds
Start importing Packages/com.unity.shadergraph/GraphTemplates/Cross Pipeline/TerrainStandardTemplateThumbnail.png using Guid(6e413e07ed366984daa954acc11e85e9) (TextureImporter) -> (artifact id: 'abd8f855e69d9af8b1a044cc6c3c593c') in 0.0504968 seconds
Start importing Packages/com.unity.inputsystem/InputSystem/Editor/Icons/Touch@4x.png using Guid(6e9283a12f5b74afbba696cbb82f5e7f) (TextureImporter) -> (artifact id: 'af4a21c16afd813998a6bc10e1860459') in 0.0050621 seconds
Start importing Packages/com.unity.render-pipelines.core/Editor/Icons/RenderGraphViewer/d_Resources@2x.png using Guid(6eb2e156a8a1f8149b02f135509f10ea) (TextureImporter) -> (artifact id: '47218a643483c546dffea3bea3981fd4') in 0.0045848 seconds
Start importing Packages/com.unity.2d.animation/Editor/Assets/EditorIcons/Light/SetPivot128.png using Guid(6e69868210a834182b29ea52c36a0a52) (TextureImporter) -> (artifact id: '1aa3b82c853aafbd170cdfe386a35de1') in 0.0121024 seconds
Start importing Assets/EmeraldBunny/Art/foot_ground_lower_fixed.png using Guid(6ea9e31e32ee4544cacec84bcf80d715) (TextureImporter) -> (artifact id: 'db53c0babf4c2775e143f48610246570') in 0.0073846 seconds
Start importing Packages/com.unity.2d.animation/Editor/Assets/ComponentIcons/Animation.SpriteResolver On@32.png using Guid(6e2a81314a40c43849866fb7490cb521) (TextureImporter) -> (artifact id: 'f39eb6ed611a1f5f90ffc6e3a0c96ea6') in 0.0070025 seconds
Start importing Packages/com.unity.render-pipelines.core/Editor/Lighting/Icons/LightUnitIcons/MoonlessNight@2x.png using Guid(6e5a98aaa576d99408eeba30eb91eaba) (TextureImporter) -> (artifact id: 'c913dab6f9fb112e43ca391c78b1030f') in 0.0053705 seconds
Start importing Packages/com.unity.render-pipelines.universal/Editor/2D/Resources/InspectorIcons/PointLight.png using Guid(6eaa9958d83ec43499e946a21edba283) (TextureImporter) -> (artifact id: 'a39a0380f62274886a30f99c260ac140') in 0.0062458 seconds
Start importing Packages/com.unity.2d.animation/Editor/Assets/EditorIcons/Dark/d_Create Bones@3x.png using Guid(6e2c347c12b3fe04b94007ad25ace23a) (TextureImporter) -> (artifact id: '5b3aae686ac44b0f394d3f09e5a91f76') in 0.0204879 seconds
Start importing Packages/com.unity.render-pipelines.core/Editor/PostProcessing/LensFlareResource/Flare@2x.png using Guid(6e8cc863e4120a341b5e87a5235120c4) (TextureImporter) -> (artifact id: '0467002d9f85b6c5137914ab38af6798') in 0.0124769 seconds
Start importing Assets/EmeraldBunny/Art/chair_base_lower_front.png using Guid(6edfa5e549062e348b7e3deeba79fd3c) (TextureImporter) -> (artifact id: '37429356a089b88aff21054d257ef500') in 0.0087255 seconds
Start importing Packages/com.unity.2d.animation/Editor/Assets/EditorIcons/Dark/d_Paste.png using Guid(7e00d2a7fc6d13b49bacb9663abfa3ae) (TextureImporter) -> (artifact id: 'ef8ad0b5b032dd71ea340be15774ffda') in 0.0066186 seconds
Start importing Packages/com.unity.render-pipelines.core/Editor/Icons/MipLevels/d_RenderPipelineResources@64.png using Guid(7ef0eb993d6c43645b45ffcf1c0a91f0) (TextureImporter) -> (artifact id: 'bd9d0417069f413905478259e796cf3e') in 0.0079414 seconds
Start importing Packages/com.unity.2d.animation/Editor/Assets/ComponentIcons/d_Animation.SpriteLibraryManager@2x.png using Guid(7e3251474ee614d5bba6dfa1affe3e86) (TextureImporter) -> (artifact id: '29a90e4aa481227531df0269d7e40cb9') in 0.018932 seconds
Start importing Packages/com.unity.inputsystem/InputSystem/Editor/Icons/Axis.png using Guid(7e853779c8fed4ebf917a0de21c79602) (TextureImporter) -> (artifact id: '159491278a77b35dab88cb575e16b2fc') in 0.0044347 seconds
Start importing Packages/com.unity.shadergraph/Editor/Resources/GraphView/Nodes/NodeChevronLeft@2x.png using Guid(7e575e166832cb7478f6d674d896b778) (TextureImporter) -> (artifact id: '852454ff2d4475304fbc0107838f2ab1') in 0.0055472 seconds
Start importing Packages/com.unity.2d.animation/Editor/Assets/ComponentIcons/d_Animation.SpriteSkin@64.png using Guid(7ed99b178ead940bf9cc24b0b0213517) (TextureImporter) -> (artifact id: 'de472341d6ad93bb67351581487a2c0d') in 0.0063401 seconds
Start importing Packages/com.unity.2d.animation/Editor/Assets/EditorIcons/Dark/d_Create Bones@4x.png using Guid(7e1aff9652c0dac418d9aa42f5f24dc2) (TextureImporter) -> (artifact id: '1628684cf107d38dddb875df25f94900') in 0.0061556 seconds
Start importing Packages/com.unity.2d.animation/Editor/Assets/EditorIcons/Dark/d_Generate_Weights@4x.png using Guid(8e88614a5d2aead4998a8c70955662c6) (TextureImporter) -> (artifact id: '107478848530d77cdb13875546bd5548') in 0.0083841 seconds
Start importing Packages/com.unity.inputsystem/InputSystem/Editor/Icons/Mouse.png using Guid(9eb2b64988cb1443cab6da5dc5300d1c) (TextureImporter) -> (artifact id: 'd0725a4abf36a6835cdea814c41c0322') in 0.0110952 seconds
Start importing Packages/com.unity.inputsystem/InputSystem/Editor/Icons/d_Keyboard@3x.png using Guid(9ec4e316700da46b88741a8153b33963) (TextureImporter) -> (artifact id: '4f5f9dd6d627d287023a08a5fef5e9e6') in 0.0089607 seconds
Start importing Packages/com.unity.render-pipelines.core/Editor/Lighting/Icons/LightUnitIcons/d_Fluorescent@2x.png using Guid(9ed59abbb45e72140ae72a33b30ea19e) (TextureImporter) -> (artifact id: '3eb6e0c48a721d2d581ee86c50d72716') in 0.0053141 seconds
Start importing Packages/com.unity.inputsystem/InputSystem/Editor/Icons/d_Gamepad@3x.png using Guid(9e882b58df0964f5b90ff99cb481ee79) (TextureImporter) -> (artifact id: 'faee05fba380a843aeca36525fb63864') in 0.0046448 seconds
Start importing Packages/com.unity.2d.animation/Editor/Assets/ComponentIcons/Animation.IKFabrik On.png using Guid(9efb82d91ad0e4fdfbf6a09635f9d78d) (TextureImporter) -> (artifact id: 'd7487bb9168b667513712603f369a2e3') in 0.0056918 seconds
Start importing Packages/com.unity.inputsystem/InputSystem/Editor/Icons/Interactive Binding@4x.png using Guid(9e6c9e992a2ee4327bce1d6a8189cedb) (TextureImporter) -> (artifact id: '5db295175ffd8c03f44b3cae08a86572') in 0.0143084 seconds
Start importing Packages/com.unity.2d.animation/Editor/Assets/ComponentIcons/d_Animation.IKManager@256.png using Guid(ae40df8c9f7d34e72ac6a5232cb18366) (TextureImporter) -> (artifact id: '8efd46203322ed98debc58572177c05d') in 0.01142 seconds
Start importing Packages/com.unity.shadergraph/Editor/Resources/Icons/blackboard@2x.png using Guid(aed2175e23cfe426e8678485b004714e) (TextureImporter) -> (artifact id: '498a4bfaa4fb9a79d1b229de507d3c7e') in 0.0052716 seconds
Start importing Packages/com.unity.2d.animation/Editor/Assets/ComponentIcons/d_Animation.IKCCD@128.png using Guid(aee4d1ab3c8e8444aaeb344c96f2dc3a) (TextureImporter) -> (artifact id: 'bff3ea32fdf357ee534c22044d2b3865') in 0.0070459 seconds
Start importing Packages/com.unity.2d.animation/Editor/Assets/ComponentIcons/Animation.SpriteLibraryManager On.png using Guid(aea51f1a175ef466e95835d2787d061f) (TextureImporter) -> (artifact id: '419a2774e5127cbd75a619458f2270b7') in 0.005863 seconds
Start importing Packages/com.unity.2d.animation/Editor/Assets/EditorIcons/Light/Generate_Geometry@2x.png using Guid(ae5924760c9fbf54d89df9f13435887e) (TextureImporter) -> (artifact id: '0f93dcf6c7e2a95db63ef14ed0fd91c2') in 0.0200845 seconds
Start importing Assets/EmeraldBunny/Art/spread_rear_toe_4.png using Guid(ae8f752cf73cb2b45ad0601a956b1e86) (TextureImporter) -> (artifact id: 'bd92b8ba30c4a2a5dd0c6bcebec0c2a3') in 0.0135332 seconds
Start importing Assets/EmeraldBunny/Art/leg_front_calf_lower_fixed.png using Guid(be2067a85c812754ca19119983c74f60) (TextureImporter) -> (artifact id: '5a9d67640031c32a11d3a810bd814dd7') in 0.0174137 seconds
Start importing Packages/com.unity.inputsystem/InputSystem/Editor/Icons/d_Gamepad@2x.png using Guid(bed935caee9524e6780614c2055bfd35) (TextureImporter) -> (artifact id: '990edecb8a55da94e75ac76497a1dfba') in 0.005678 seconds
Start importing Packages/com.unity.2d.animation/Editor/Assets/ComponentIcons/Animation.SpriteResolver@128.png using Guid(ce009ee7a4fb24c1da2f07064894e6c4) (TextureImporter) -> (artifact id: '5f90b025074ce7cfcd9b3a828becddbe') in 0.044198 seconds
Start importing Packages/com.unity.render-pipelines.core/Editor/Lighting/Icons/LightPlacement_Icon@64.png using Guid(ce171bd6b515f1647a9a2c608ff705bb) (TextureImporter) -> (artifact id: 'f531d4b690cc908481851d5a0d5c5738') in 0.0094442 seconds
Start importing Packages/com.unity.2d.animation/Editor/Assets/EditorIcons/Light/Bone_Influence@3x.png using Guid(cee9dbe90b270c944ae1dabf41c93b10) (TextureImporter) -> (artifact id: 'd39edd6b429ad2cfcefd5c10839000c9') in 0.0144571 seconds
Start importing Packages/com.unity.inputsystem/InputSystem/Editor/Icons/d_Touch@2x.png using Guid(ceaa885da02f84da195f87de12535da6) (TextureImporter) -> (artifact id: '735dbfc1f07d5dc905df91b4e81b152b') in 0.0074504 seconds
Start importing Packages/com.unity.inputsystem/InputSystem/Editor/AssetEditor/PackageResources/personal/actionTreeBackground.png using Guid(ce5f11cd993284c4f9c54f854bdc8c9c) (TextureImporter) -> (artifact id: '76fdcc25dded8cac06bce8622bd44cb8') in 0.0044173 seconds
Start importing Assets/EmeraldBunny/Art/repair_eyes.png using Guid(def2575d6a6ad484e9f537a0f3239ef8) (TextureImporter) -> (artifact id: 'fca5839a91c6996728293e9dd088740e') in 0.0057728 seconds
Start importing Packages/com.unity.inputsystem/InputSystem/Editor/Icons/d_Orientation@4x.png using Guid(de98baf415a2c4d7dbe0de74cb6e171c) (TextureImporter) -> (artifact id: 'd7d8331039a7b361e94129bff0b6f9ae') in 0.0257669 seconds
Start importing Packages/com.unity.render-pipelines.universal/Editor/Gizmos/Camera_Overlay.png using Guid(de8dba0dc20209d4086c0dd93ddf0dd4) (TextureImporter) -> (artifact id: '65b6cf340a98cd7d4cfeea842cf163f0') in 0.007107 seconds
Start importing Packages/com.unity.2d.animation/Editor/Assets/EditorIcons/Dark/d_Visibility_Tool@2x.png using Guid(debf043892056974eaec3b42dfdda5b3) (TextureImporter) -> (artifact id: '93dfe7762c057147fba9d607cdcc3f1f') in 0.005127 seconds
Start importing Packages/com.unity.ugui/Editor Resources/Gizmos/TMP - Font Asset Icon.psd using Guid(ee148e281f3c41c5b4ff5f8a5afe5a6c) (TextureImporter) -> (artifact id: 'adff08dedfc2b296f8ac4867b9775469') in 0.0055608 seconds
Start importing Packages/com.unity.2d.sprite/Editor/ObjectMenuCreation/DefaultAssets/Textures/HexagonPointTop.png using Guid(eed45a33cd08446c8b88325cf82fc52f) (TextureImporter) -> (artifact id: '4942e51f6cb9bf392a27e7995c51b105') in 0.0075569 seconds
Start importing Packages/com.unity.2d.animation/Editor/Assets/EditorIcons/Dark/d_Edit_Joints@2x.png using Guid(eecbc6949fc2aac40bfe64caade7a594) (TextureImporter) -> (artifact id: 'f212a18a8643faf0d9c33773cd2ec599') in 0.0069336 seconds
Start importing Packages/com.unity.2d.animation/Editor/Assets/EditorIcons/Dark/d_Bone@3x.png using Guid(fe145a004cb46de488885e70d26cade0) (TextureImporter) -> (artifact id: '2d550dba02a1444764ac0b163079856f') in 0.0082365 seconds
Start importing Packages/com.unity.2d.common/Path/Editor/Handles/TangentBroken.png using Guid(fe95aee6edcd44a18bb5f5ff8269e300) (TextureImporter) -> (artifact id: '5160102f8d6d4d46bd039611c95780ab') in 0.0060865 seconds
Start importing Assets/EmeraldBunny/Art/blink_closed.png using Guid(fe2813f63bf4fea40813dd4951192e60) (TextureImporter) -> (artifact id: 'd258b217bcde761a753312fce9714ccd') in 0.0157067 seconds
Start importing Packages/com.unity.2d.animation/Editor/Assets/EditorIcons/Selected/SetPivot64.png using Guid(fe3852467ea5e4b488f8c7e0006c970b) (TextureImporter) -> (artifact id: '870e14f54cc5f0abbf081acdc6e056e7') in 0.0059807 seconds
Start importing Assets/EmeraldBunny/Art/arm_left_forearm.png using Guid(fe8858b914f1bfb47a3c05934fa4923a) (TextureImporter) -> (artifact id: '5a05b26b501649b23a425a325c3eb544') in 0.0053553 seconds
Start importing Packages/com.unity.2d.animation/Editor/Assets/EditorIcons/Dark/d_Create Bones@2x.png using Guid(fea84712d555ee04a8147088aad76931) (TextureImporter) -> (artifact id: '1f57726b6e9ab0c8dddc511e72a418ec') in 0.0260627 seconds
Start importing Packages/com.unity.2d.animation/Editor/Assets/ComponentIcons/d_Animation.SpriteLibraryVar.png using Guid(0f23e3a5939b544a695891ff91d452b7) (TextureImporter) -> (artifact id: '3b769493d081b1b99228ab6d35c9daf8') in 0.0154136 seconds
Start importing Packages/com.unity.2d.animation/Editor/Assets/EditorIcons/Dark/d_Sprite_Influence@2x.png using Guid(0f26b0f71c3344e8b8838eb64eb7d9e9) (TextureImporter) -> (artifact id: '7ec98d6d95818069d338696b1a9e2259') in 0.0057572 seconds
Start importing Packages/com.unity.2d.animation/Editor/Assets/EditorIcons/Dark/d_Edit_Geometry@3x.png using Guid(0ff8fd73a1ad1284eb30ab319560b4c7) (TextureImporter) -> (artifact id: '7f0424f8473d460f0375d592924400e9') in 0.005306 seconds
Start importing Packages/com.unity.shadergraph/GraphTemplates/Cross Pipeline/LitParticleTemplateThumbnail.png using Guid(0f0c228bd0a3835428c403a8d1568ef5) (TextureImporter) -> (artifact id: '16b68a442e57d2673e33021db2d18440') in 0.1887796 seconds
Start importing Packages/com.unity.render-pipelines.core/Editor/Lighting/Icons/LightUnitIcons/Shade@2x.png using Guid(1f20ae185bcb2254a844ed304955beb3) (TextureImporter) -> (artifact id: '8e2e8f066ba6cd6f360d174489400346') in 0.0057257 seconds
Start importing Packages/com.unity.2d.sprite/Editor/Assets/SpriteEditorOn@2x.png using Guid(1fb0e05a5ca5a42ba8ffafe439520b8e) (TextureImporter) -> (artifact id: '441772cd07932a6fa01307c58d49092e') in 0.0042551 seconds
Start importing Packages/com.unity.2d.animation/Editor/Assets/EditorIcons/Light/Create_Edge@4x.png using Guid(1f21190ca9d1e8540b2a3a2e46002685) (TextureImporter) -> (artifact id: '621493034e66c986dbe8db81f011609d') in 0.0064543 seconds
Start importing Packages/com.unity.2d.animation/Editor/Assets/EditorIcons/Dark/d_False@2x.png using Guid(1fa6ee9de92b645ecbf1f64c60b79880) (TextureImporter) -> (artifact id: '23dc1b19597dc2337f94465a977b0a9e') in 0.0057265 seconds
Start importing Packages/com.unity.2d.animation/Editor/Assets/EditorIcons/Selected/d_Mesh.png using Guid(1f9ef263156323d4dbaab5a1b41a61e6) (TextureImporter) -> (artifact id: '7fe6b07c4c5f9ca043b1caba6ed4c90b') in 0.0056776 seconds
Start importing Packages/com.unity.2d.animation/Editor/Assets/EditorIcons/Selected/Split_Edge@2x.png using Guid(2f12c9758dad4e34ea8bc886f1fdb0dd) (TextureImporter) -> (artifact id: 'c96d2620316ec1b83d1c58cc333b2faa') in 0.0087007 seconds
Start importing Packages/com.unity.shadergraph/GraphTemplates/Subgraphs/SmallNoiseMask.tga using Guid(2fe31a8312ab8524ebd8601be367f0c8) (TextureImporter) -> (artifact id: '8de98de54a1f9e4bf56f93b490ff2891') in 0.0053865 seconds
Start importing Packages/com.unity.2d.common/Path/Editor/Handles/ShapeTool.png using Guid(2fd4f13c38edc483ba5fce64269a434a) (TextureImporter) -> (artifact id: 'c33c4b6b15e8f919635b30247281d566') in 0.0183505 seconds
Start importing Packages/com.unity.render-pipelines.core/Editor/LookDev/Icons/SunPosition@2x.png using Guid(2f75c34a5bc525545916fb8367422dd0) (TextureImporter) -> (artifact id: 'd8966a2ae8b0c6ef8840970e4a9ab172') in 0.0052892 seconds
Start importing Packages/com.unity.2d.animation/Editor/Assets/EditorIcons/Dark/d_Visibility_Tool@3x 1.png using Guid(2fe54232a3d87784e804d41060f1cd8e) (TextureImporter) -> (artifact id: '8136ae39d1df3c3f4237762055b9c793') in 0.0056109 seconds
Start importing Packages/com.unity.ugui/Editor Resources/Gizmos/TMP - Text Component Icon.psd using Guid(2fd6421f253b4ef1a19526541f9ffc0c) (TextureImporter) -> (artifact id: 'a630d222bc8e8df67b3aca7774cdc33d') in 0.0058377 seconds
Start importing Packages/com.unity.2d.animation/Editor/Assets/EditorIcons/Light/Edit_Joints@2x.png using Guid(2fc7298673dedaa4a9f850a8ca46e299) (TextureImporter) -> (artifact id: '2645d045de7407bb0a7062648c2e39e8') in 0.0132739 seconds
Start importing Assets/EmeraldBunny/Art/chair_front.png using Guid(2f3bb174144049b4bb5fb40213ed267d) (TextureImporter) -> (artifact id: 'f724acd7d69fa91c84fb370abb091908') in 0.0263596 seconds
Start importing Packages/com.unity.shadergraph/Editor/Resources/Icons/sg_subgraph_icon.png using Guid(2f2e2190c36a7b54295d734e567b3e44) (TextureImporter) -> (artifact id: 'ffa7f108af6af2462ee3b818a7416cf6') in 0.0072201 seconds
Start importing Packages/com.unity.render-pipelines.core/Editor/LookDev/Icons/LayoutCustom@2x.png using Guid(2fffe801f98fb314484382ea4affcf94) (TextureImporter) -> (artifact id: '249e4abaaf462c7d6171dc51af198cc2') in 0.0079405 seconds
Start importing Packages/com.unity.render-pipelines.core/Editor/Lighting/Icons/LightUnitIcons/d_Candlelight.png using Guid(3f9a63faecec9a34c9ffbfedd9ac5c3b) (TextureImporter) -> (artifact id: 'a545f312ab40488305a28c0b3f327409') in 0.0043454 seconds
Start importing Packages/com.unity.2d.animation/Editor/Assets/ComponentIcons/d_WarningIcon_Small@2x.png using Guid(3f2d8e263d8314a48a35859e01318f35) (TextureImporter) -> (artifact id: 'be059f6a265d04d3f2a931b76bc4961a') in 0.0162947 seconds
Start importing Assets/EmeraldBunny/Art/bow_right.png using Guid(4f10fa5db7ff8b1499cafddcd6d3e587) (TextureImporter) -> (artifact id: '278b35e64c8c84ec5a4d37b1d9273d8d') in 0.00898 seconds
Start importing Packages/com.unity.2d.animation/Editor/Assets/ComponentIcons/Animation.IKLimb On.png using Guid(4f5364a9fe7e04741862d2af49136835) (TextureImporter) -> (artifact id: '95ef999e62a8427c2685eaf1d1dfd99e') in 0.0054228 seconds
Start importing Assets/EmeraldBunny/Art/eyeL_white.png using Guid(4f074404cc477f441bf9ebcb29cead2b) (TextureImporter) -> (artifact id: '78a7bee53f9811d4195a822713fface1') in 0.0056265 seconds
Start importing Packages/com.unity.render-pipelines.core/Editor/LookDev/Icons/d_Remove.png using Guid(4ff71d806d58fd041be6e55d1d1ca70e) (TextureImporter) -> (artifact id: '4c8ad0a5bb79843df13ce896c4a7b72d') in 0.0052098 seconds
Start importing Packages/com.unity.2d.animation/Editor/Assets/EditorIcons/Dark/d_Edit_Pose@4x.png using Guid(4f3a106299767d146975053c7be09b97) (TextureImporter) -> (artifact id: '0bca4831b44c556a2e895ed8ac5bb975') in 0.0067026 seconds
Start importing Packages/com.unity.inputsystem/InputSystem/Editor/Icons/Orientation@3x.png using Guid(5f09d534eb1414449a2758696bd4dd11) (TextureImporter) -> (artifact id: 'bfc94b1cd19f9539bedfae564bea5a7a') in 0.0064846 seconds
Start importing Packages/com.unity.2d.animation/Editor/Assets/EditorIcons/Selected/Parent_Bone@3x.png using Guid(6f4409ce938bf9447a36e531f7755ca7) (TextureImporter) -> (artifact id: 'faeaf4b1ee9efcb0626bc498f7cc97d7') in 0.0067417 seconds
Start importing Packages/com.unity.2d.animation/Editor/Assets/EditorIcons/Selected/Edit_Joints.png using Guid(6fd5a08a269c8544095b5c02ab57696b) (TextureImporter) -> (artifact id: '294f7351de12028bad4f42e33592ddae') in 0.005148 seconds
Start importing Packages/com.unity.inputsystem/InputSystem/Editor/Icons/Keyboard@4x.png using Guid(7fc0926499f7a4500b152d45397c44a4) (TextureImporter) -> (artifact id: '46618578869caab577d7626107e89653') in 0.0046697 seconds
Start importing Assets/EmeraldBunny/Art/lowerlidR.png using Guid(7f229b319ae7f114bb6c247669782570) (TextureImporter) -> (artifact id: '8a25d1bedcd6226f5b7267c61d419de1') in 0.0052222 seconds
Start importing Packages/com.unity.render-pipelines.universal/Editor/2D/Resources/SceneViewIcons/GlobalLight.png using Guid(7f923c32ff8dfab40b5673135ddb6cd4) (TextureImporter) -> (artifact id: '8c2022b65aa4a751b5e0d7801d3c3a61') in 0.010826 seconds
Start importing Packages/com.unity.2d.animation/Editor/Assets/EditorIcons/Selected/Weight_Slider@2x.png using Guid(7f64a6e091143c0458506b559165cf72) (TextureImporter) -> (artifact id: '426c192ee5c622ef287ddb967f94db8b') in 0.0068143 seconds
Start importing Packages/com.unity.inputsystem/InputSystem/Editor/Icons/Orientation.png using Guid(7fb7b46a8c63948d2b28dc394281bf5a) (TextureImporter) -> (artifact id: '1ef9db7f95b17d8a4e1515f7ee7e6354') in 0.0047761 seconds
Start importing Packages/com.unity.inputsystem/InputSystem/Editor/Icons/d_ChevronUp.png using Guid(7fad89501bb5c408e956934bf2eb8ae3) (TextureImporter) -> (artifact id: 'd9920ce98f5059b2ae94d582e315d64c') in 0.0048444 seconds
Start importing Packages/com.unity.2d.animation/Editor/Assets/ComponentIcons/Animation.SpriteResolver@256.png using Guid(8f526fff3bebe4808b05f8ae127482f0) (TextureImporter) -> (artifact id: '2a2e90a935821f18a31101eee8979532') in 0.0098494 seconds
Start importing Packages/com.unity.2d.animation/Editor/Assets/ComponentIcons/Animation.IKLimb@128.png using Guid(8f03a52015a57491094416b25e8e9c18) (TextureImporter) -> (artifact id: '1afa86a5a51fc37e96a0d83923c16e02') in 0.0091968 seconds
Start importing Packages/com.unity.render-pipelines.universal/Editor/2D/Resources/InspectorIcons/GlobalLight.png using Guid(8f5dd14b314efbe4684329d8a14bbe38) (TextureImporter) -> (artifact id: 'ed88d9417a6e5649e74da60201d3374c') in 0.0111428 seconds
Start importing Assets/EmeraldBunny/Art/toeGround5_lower_rear.png using Guid(9f96e8df3f9b01e4a99a46036a68180b) (TextureImporter) -> (artifact id: '40c3839b7b55c526dacb368ce0468356') in 0.0051148 seconds
Start importing Packages/com.unity.2d.animation/Editor/Assets/ComponentIcons/d_Animation.IKCCD.png using Guid(9fa9bae87905c44afb14ac13c8e481d1) (TextureImporter) -> (artifact id: '040f8f65b2b00647359f5273377d3d94') in 0.0061078 seconds
Start importing Packages/com.unity.2d.animation/Editor/Assets/EditorIcons/Selected/Weight_Slider@3x.png using Guid(af73899d5803d99448134360f184f348) (TextureImporter) -> (artifact id: '67ed87727f5ff691924be6188cbcdfe4') in 0.0057954 seconds
Start importing Packages/com.unity.2d.animation/Editor/Assets/ComponentIcons/Animation.SpriteLibraryVar@256.png using Guid(af04f3196abef440b94c03fbe3dab00f) (TextureImporter) -> (artifact id: '6fe5dcf2855a1f25c34876ce7cabdfde') in 0.0210729 seconds
Start importing Packages/com.unity.2d.animation/Editor/Assets/ComponentIcons/d_Animation.IKFabrik@128.png using Guid(af77273b34edb4bacbace0efd118bf1a) (TextureImporter) -> (artifact id: '9f67b9c634aed93a8dae70c5526d3def') in 0.0113826 seconds
Start importing Packages/com.unity.2d.animation/Editor/Assets/EditorIcons/Dark/d_Split Bones@2x.png using Guid(afe7d261eb308984e95ffa8d883fc998) (TextureImporter) -> (artifact id: '014fc88b7e9021bdbc7f4224c96f2c59') in 0.0064676 seconds
Start importing Packages/com.unity.2d.animation/Editor/Assets/ComponentIcons/Animation.SpriteSkin On@64.png using Guid(af48269279273434687aeac541f87ca8) (TextureImporter) -> (artifact id: 'ffc21c4502f91d6d0923e09df118c8fc') in 0.0091896 seconds
Start importing Assets/Resources/Art/Characters/C001/CubismLayers/bust.png using Guid(affa4a2ff1b9489f95d23a1e48db7bcc) (TextureImporter) -> (artifact id: 'd1e74785528b284a99ad1698b47c488e') in 0.0497911 seconds
Start importing Packages/com.unity.2d.animation/Editor/Assets/ComponentIcons/Animation.IKCCD.png using Guid(affd7e74f3f7b465ea861fbf1651b73b) (TextureImporter) -> (artifact id: 'fc93d0dfaaa2a2be008e508b969cfc47') in 0.0066028 seconds
Start importing Packages/com.unity.2d.animation/Editor/Assets/EditorIcons/Selected/Weight_Brush.png using Guid(bf734b7184825b040837040cb93a8dc7) (TextureImporter) -> (artifact id: '97e942e529e3fc6262683b53cfbe8719') in 0.0083073 seconds
Start importing Assets/Resources/Art/Characters/C001/Layers/layer_hair_front.png using Guid(bf359bef2e5f43cfa336c5ecda99f35f) (TextureImporter) -> (artifact id: 'e905114fad52dc02fe964ca8e4f5be80') in 0.0494096 seconds
Start importing Packages/com.unity.render-pipelines.universal/Textures/BlueNoise16/L/LDR_LLL1_12.png using Guid(bfed3e498947fcb4890b7f40f54d85b9) (TextureImporter) -> (artifact id: 'c3701180ab419ac77be686b8b371ee4c') in 0.0038796 seconds
Start importing Packages/com.unity.2d.animation/Editor/Assets/ComponentIcons/Animation.IKLimb.png using Guid(cf11b38b95bcf4dac8b48952d4fd11b8) (TextureImporter) -> (artifact id: '2315466dfac77396d2ff6a5497899622') in 0.0065407 seconds
Start importing Packages/com.unity.render-pipelines.core/Editor/LookDev/Icons/renderdoc.png using Guid(cf13fb90f91d2a545a00591d75b43bd8) (TextureImporter) -> (artifact id: '03e482783bac6982c10ceb47ced6ae26') in 0.0056281 seconds
Start importing Packages/com.unity.inputsystem/InputSystem/Editor/AssetEditor/PackageResources/personal/actionTreeBackgroundWithoutBorder.png using Guid(cf632ed80bf1f46c980de6b1b8b903ef) (TextureImporter) -> (artifact id: 'ba5d0f8b0840d04c938de7ce8bd5fe82') in 0.0085702 seconds
Start importing Packages/com.unity.2d.animation/Editor/Assets/ComponentIcons/d_Animation.SpriteLibraryManager@256.png using Guid(cf27adadd6b1f42eebc0e8ab8f0d091d) (TextureImporter) -> (artifact id: 'f9ef37528537884f68046bb9b929d463') in 0.0128684 seconds
Start importing Packages/com.unity.2d.animation/Editor/Assets/EditorIcons/Selected/SetPivot256.png using Guid(cf571779d45114b29b2641744a545123) (TextureImporter) -> (artifact id: 'ec29bb80e0c4b79fe5e7a72acfcb6009') in 0.0186068 seconds
Start importing Packages/com.unity.2d.animation/Editor/Assets/EditorIcons/Light/Sprite_Mode@2x.png using Guid(cfe99a1afb609b4488d6fc9224a62f74) (TextureImporter) -> (artifact id: '164c0347a26846f660a5a550dd8a33a4') in 0.0055721 seconds
Start importing Assets/EmeraldBunny/Art/toeGround2_lower_rear.png using Guid(cf5a466558754474a8fb53c14ec682ec) (TextureImporter) -> (artifact id: '9460003698046709a3f740a8c42832d5') in 0.0051982 seconds
Start importing Packages/com.unity.render-pipelines.core/Editor/Lighting/Icons/LightAnchor_Icon.png using Guid(df491817340312f439c32f95902ddee7) (TextureImporter) -> (artifact id: '0d4b5401bf0ea6369dd76b58a61c13c8') in 0.007767 seconds
Start importing Packages/com.unity.render-pipelines.core/Editor/LookDev/Icons/RightArrow.png using Guid(df4dc708bd8692446a6d5c3531ac377b) (TextureImporter) -> (artifact id: '4d2893f6e2ee238a73fa432c0029491f') in 0.0074472 seconds
Start importing Packages/com.unity.2d.animation/Editor/Assets/ComponentIcons/Animation.SpriteLibrary@128.png using Guid(efb08993e46994800a736d1f88e89019) (TextureImporter) -> (artifact id: '3031201816c7f6cf35063276ea839796') in 0.0080946 seconds
Start importing Packages/com.unity.2d.animation/Editor/Assets/EditorIcons/Dark/d_Create_Vertex.png using Guid(efe4b927ec825b242bf70d64c4258c1e) (TextureImporter) -> (artifact id: 'd51de099eb10963af75bdc788d72185f') in 0.0058435 seconds
Start importing Packages/com.unity.render-pipelines.core/Editor/Lighting/Icons/LightPlacement_Icon@16.png using Guid(ef06ba4eb3daf484f8b1a9e1ac266945) (TextureImporter) -> (artifact id: '0c6730f6f1806ba3f802c85685b7b718') in 0.0045667 seconds
Start importing Packages/com.unity.2d.animation/Editor/Assets/EditorIcons/Light/Generate_Weights@2x.png using Guid(ef3672bed7321e34da872e8c2e205209) (TextureImporter) -> (artifact id: 'c32468d09612b1f2a10461869309a0a3') in 0.0052411 seconds
Start importing Packages/com.unity.2d.animation/Editor/Assets/EditorIcons/Selected/Visibility_Tool@2x.png using Guid(ef9977ed07c438845a52c577f4ffcc3a) (TextureImporter) -> (artifact id: 'e092d782b492a7406bbb40c380a9bc67') in 0.0057833 seconds
Start importing Packages/com.unity.2d.animation/Editor/Assets/EditorIcons/Selected/Bone_Influence.png using Guid(ff00345da0563d641903c5bd5bb748a4) (TextureImporter) -> (artifact id: 'f8a32ff9b6898cc7712cf525eccfcdb7') in 0.0058054 seconds
Start importing Packages/com.unity.inputsystem/InputSystem/Editor/Icons/TrackedPoseDriver@2x.png using Guid(ff8479815905ce84e9ef610d926f28c8) (TextureImporter) -> (artifact id: '1880ef217d53ab0c61cb3839a074f4d7') in 0.0043223 seconds
Start importing Packages/com.unity.render-pipelines.universal/Textures/BlueNoise16/L/LDR_LLL1_28.png using Guid(ff47e5a0f105eb34883b973e51f4db62) (TextureImporter) -> (artifact id: '4092722f3ee394573ccb4283db456626') in 0.0041994 seconds
Start importing Packages/com.unity.2d.animation/Editor/Assets/EditorIcons/Selected/Sprite_Mode@2x.png using Guid(ff2aa9ebc8aee604caa5f8459ac4ae43) (TextureImporter) -> (artifact id: '5461e8460bf731013024bbf817a33116') in 0.005679 seconds
Start importing Packages/com.unity.inputsystem/InputSystem/Editor/AssetEditor/PackageResources/green.png using Guid(ffeba93637e654de6a5906b48520dc94) (TextureImporter) -> (artifact id: 'c6f82ac053dcb47bbf9b7663037b9b9c') in 0.0044075 seconds
Start importing Assets/Resources/Art/Characters/C001/LiveLayers/layer_hair_back.png using Guid(ff7f815c3d2da1946a584742b3206f65) (TextureImporter) -> (artifact id: 'f6eda399d5606d2d7bbc17c511d7766d') in 0.0129924 seconds
Start importing Packages/com.unity.render-pipelines.core/Editor/LookDev/Icons/d_LookDev@2x.png using Guid(ffdf80dc342e69344b2dccafe04c30ee) (TextureImporter) -> (artifact id: 'f1d15958d24dd5bbc8329549cc45891e') in 0.0050291 seconds
Start importing Packages/com.unity.render-pipelines.core/Runtime/GPUDriven/OcclusionCullingDebugShaderVariables.cs.hlsl using Guid(00f96d87bb315084d89b58bd90c5304a) (ShaderIncludeImporter) -> (artifact id: '200b9e60b9d1347961ff2f9d0d5909f1') in 0.004539 seconds
Start importing Packages/com.unity.render-pipelines.core/Runtime/GPUDriven/OcclusionTestCommon.hlsl using Guid(1024f2cfcd9723443be47989a040394e) (ShaderIncludeImporter) -> (artifact id: '4fbd482f007b8daccf1511048446913b') in 0.0035104 seconds
Start importing Packages/com.unity.render-pipelines.universal/ShaderLibrary/NormalReconstruction.hlsl using Guid(20013f01a8cbaef4c9545926c27b8d73) (ShaderIncludeImporter) -> (artifact id: '9f4a81eccee92a059d041ae960bd07f1') in 0.003627 seconds
Start importing Packages/com.unity.render-pipelines.universal/Editor/ShaderGraph/Includes/Varyings.hlsl using Guid(2085a40153652db43a116297c1924476) (ShaderIncludeImporter) -> (artifact id: 'd0003ba4e16dd5dc29a9a311023b8ca1') in 0.0054974 seconds
Start importing Packages/com.unity.render-pipelines.core/ShaderLibrary/API/Validate.hlsl using Guid(30ba55673585a6e4f9afd796eb8b170e) (ShaderIncludeImporter) -> (artifact id: '7ff7c9773558a7df2eae3c89b7be433f') in 0.0036242 seconds
Start importing Packages/com.unity.render-pipelines.core/Runtime/ShaderLibrary/Sampling/Hammersley.cs.hlsl using Guid(5060b04656b69294cb1c5d9dc7185ad2) (ShaderIncludeImporter) -> (artifact id: '19f208623878e4987fae8626ec1df2db') in 0.0037739 seconds
Start importing Packages/com.unity.shadergraph/Editor/Generation/Targets/BuiltIn/ShaderLibrary/DeclareDepthTexture.hlsl using Guid(5080cbd4eecd4a74b849da7f9b53632b) (ShaderIncludeImporter) -> (artifact id: '707058c823c0f5060dca12b2828c9ba1') in 0.0035469 seconds
Start importing Packages/com.unity.shadergraph/Editor/Generation/Targets/BuiltIn/Editor/ShaderGraph/Includes/UnlitPass.hlsl using Guid(50370b309724a0440808e87f08aed757) (ShaderIncludeImporter) -> (artifact id: 'a902870d79012a924e376fe6a959101c') in 0.0048114 seconds
Start importing Packages/com.unity.render-pipelines.core/Runtime/UnifiedRayTracing/Compute/RadeonRays/kernels/aabb.hlsl using Guid(6065e50fcb17cf247938a4f5ed300176) (ShaderIncludeImporter) -> (artifact id: 'de4cb0bac77e1dc33d5153fc181888ca') in 0.0037848 seconds
Start importing Packages/com.unity.render-pipelines.core/Runtime/GPUDriven/InstanceOcclusionCullerShaderVariables.cs.hlsl using Guid(60581e86aa47d834785ca132fc385273) (ShaderIncludeImporter) -> (artifact id: 'ba711ec29549438de294187ede08dd2c') in 0.0032896 seconds
Start importing Packages/com.unity.render-pipelines.universal/Shaders/BakedLitForwardPass.hlsl using Guid(70003ec87ea6481a920369a377c1b623) (ShaderIncludeImporter) -> (artifact id: '43fd09ad54edddb1fb3da29c39dc660e') in 0.0040501 seconds
Start importing Packages/com.unity.shadergraph/ShaderGraphLibrary/ShaderVariablesFunctions.hlsl using Guid(7084c0669cdb2af4ab8c669b3139e0df) (ShaderIncludeImporter) -> (artifact id: '99b6d4961571c1f382558e570b862e11') in 0.0120225 seconds
Start importing Packages/com.unity.render-pipelines.universal/Runtime/RendererFeatures/SurfaceCacheGI/SurfaceCacheCore/PatchUtil.hlsl using Guid(804415e4b1bf68147a30546faefeeb0b) (ShaderIncludeImporter) -> (artifact id: '3409782ff82f50f9dca1350510d6f207') in 0.0044684 seconds
Start importing Packages/com.unity.render-pipelines.core/Runtime/UnifiedRayTracing/FetchGeometry.hlsl using Guid(8089a70b4819c714295530d5e01d5d36) (ShaderIncludeImporter) -> (artifact id: 'f2d72e8002ea7f79091a66ed7472a26b') in 0.0045961 seconds
Start importing Packages/com.unity.render-pipelines.universal/ShaderLibrary/DBuffer.hlsl using Guid(9041fd6e0797cf74a8f08340e6157c0d) (ShaderIncludeImporter) -> (artifact id: 'b029d5fd438e295b17378139da4d3437') in 0.0039926 seconds
Start importing Packages/com.unity.shadergraph/Editor/Generation/Targets/BuiltIn/ShaderLibrary/ShaderTypes.cs.hlsl using Guid(90c38a95e899f254f984aef093366e94) (ShaderIncludeImporter) -> (artifact id: '7b1037aa0564bb1c4f8c1e8b0e0135e3') in 0.0035356 seconds
Start importing Packages/com.unity.render-pipelines.core/ShaderLibrary/Debug.hlsl using Guid(90f3145f58b7eb44cb4252ac2a3ab258) (ShaderIncludeImporter) -> (artifact id: 'f5b988e0707d4b932ffda7e1ccaea7b5') in 0.0036164 seconds
Start importing Packages/com.unity.render-pipelines.core/ShaderLibrary/HDROutput.hlsl using Guid(b06473c622f844540bd141fc0efae169) (ShaderIncludeImporter) -> (artifact id: 'a35aac64096c91582a6e290b0cceb13b') in 0.0032436 seconds
Start importing Packages/com.unity.render-pipelines.universal/Shaders/Particles/ParticlesSimpleLitForwardPass.hlsl using Guid(d0ccc42c5a0934462a0ff237772dceff) (ShaderIncludeImporter) -> (artifact id: 'dac9702cdf65791bfb6764afa8e18713') in 0.0032986 seconds
Start importing Packages/com.unity.render-pipelines.universal/Shaders/Terrain/TerrainLitMetaPass.hlsl using Guid(d00e32bd7638d40538d108b4e2581147) (ShaderIncludeImporter) -> (artifact id: '51a6e1daa4a4233f6b3f8fad6c694116') in 0.0037278 seconds
Start importing Packages/com.unity.render-pipelines.core/ShaderLibrary/API/WebGPU.hlsl using Guid(e0badbba7ccb42748817520dc250e720) (ShaderIncludeImporter) -> (artifact id: 'd88fb2f2d9e2be463ba910494a604db1') in 0.0041556 seconds
Start importing Packages/com.unity.shadergraph/Editor/Generation/Targets/BuiltIn/ShaderLibrary/Core.hlsl using Guid(e01bb373f731e2946bb996c6b980c1ab) (ShaderIncludeImporter) -> (artifact id: '2f1c7a85fdc1aafb620ae74c7404aef3') in 0.0054792 seconds
Start importing Packages/com.unity.render-pipelines.universal/Shaders/Utils/FogDeferred.hlsl using Guid(0172f7cbd9e44e8b844a485dbd8e8349) (ShaderIncludeImporter) -> (artifact id: 'd0300505a4d2770e052cc4c51fc8ffc6') in 0.0039468 seconds
Start importing Packages/com.unity.render-pipelines.core/ShaderLibrary/Sampling/SampleUVMappingInternal.hlsl using Guid(01b8f0e33ff01164da19412b5fbdc7d4) (ShaderIncludeImporter) -> (artifact id: 'b3db4251ee50bf482427683d81dfdcec') in 0.00368 seconds
Start importing Packages/com.unity.render-pipelines.universal/Shaders/Particles/ParticlesSimpleLitInput.hlsl using Guid(01fa3f8c89aa44160b9a735fc22362d0) (ShaderIncludeImporter) -> (artifact id: '2f8c803136dd9b49e9b2aaefa0f69b6f') in 0.0038247 seconds
Start importing Packages/com.unity.render-pipelines.core/ShaderLibrary/Random.hlsl using Guid(11914c30949383848ab39385375eff34) (ShaderIncludeImporter) -> (artifact id: '782f9f9e5b2e03acb2bb674d2417edcd') in 0.0035858 seconds
Start importing Packages/com.unity.render-pipelines.universal/Shaders/LitForwardPass.hlsl using Guid(116bd973269b9f741b7177c8523b9e50) (ShaderIncludeImporter) -> (artifact id: 'db0dd0e8869b68637c022675d96e785e') in 0.0037734 seconds
Start importing Packages/com.unity.render-pipelines.core/Runtime/STP/StpCommon.hlsl using Guid(11eb6b38eb2cd494cb1ccc8742453265) (ShaderIncludeImporter) -> (artifact id: '2b728a7dd8c203a8fca3242b5b3867c2') in 0.0108336 seconds
Start importing Packages/com.unity.shadergraph/Editor/Generation/Targets/BuiltIn/ShaderLibrary/SurfaceInput.hlsl using Guid(114d56cbf65e5a94ca8aaf64e35d43a9) (ShaderIncludeImporter) -> (artifact id: 'cd9e08cfcc4b5a5a8d39f4c542f7831e') in 0.0033803 seconds
Start importing Packages/com.unity.render-pipelines.universal/ShaderLibrary/Fog.hlsl using Guid(31a96610f8f1dce418026fb1dec1be06) (ShaderIncludeImporter) -> (artifact id: 'e5054d761a88c0a8df13c10c09922c6c') in 0.0036851 seconds
Start importing Packages/com.unity.render-pipelines.universal/Shaders/2D/Include/ShapeLightShared.hlsl using Guid(4151cfb2494f10243a255c8a553306e3) (ShaderIncludeImporter) -> (artifact id: '142d7ee5133d1abc9674f8626acd9469') in 0.0031845 seconds
Start importing Packages/com.unity.render-pipelines.universal/ShaderLibrary/ProbeVolumeVariants.hlsl using Guid(4156fde60711cfd4c9cc05a737bd013e) (ShaderIncludeImporter) -> (artifact id: 'b10cf71e97bf2606cc882f73c0903caf') in 0.0035613 seconds
Start importing Packages/com.unity.render-pipelines.universal/ShaderLibrary/VisualEffectVertex.hlsl using Guid(41a9ae1971520f84c89225b0e84299ec) (ShaderIncludeImporter) -> (artifact id: 'bb53964fb9d20a2f4c01189c020a3adb') in 0.0033274 seconds
Start importing Packages/com.unity.render-pipelines.core/Runtime/PostProcessing/HDROutputDefines.cs.hlsl using Guid(413c288ef05043d4285cf0407f8188b9) (ShaderIncludeImporter) -> (artifact id: '627e8592984465763508acb45f33b07a') in 0.0038498 seconds
Start importing Packages/com.unity.render-pipelines.universal/Shaders/Nature/SpeedTree7Input.hlsl using Guid(519469e5f151ddb40a650b66f48175cb) (ShaderIncludeImporter) -> (artifact id: '3bae4d32591754dcf53381557daeef5b') in 0.0033959 seconds
Start importing Packages/com.unity.render-pipelines.universal/ShaderLibrary/Shadows.deprecated.hlsl using Guid(51fae96488b3f402a8abcda4217b37e1) (ShaderIncludeImporter) -> (artifact id: 'b293d4e8ee14b25b7c1dd0bd5a68ba08') in 0.0028401 seconds
Start importing Packages/com.unity.shadergraph/Editor/Generation/Targets/BuiltIn/ShaderLibrary/MetaInput.hlsl using Guid(51db4cfe7bc15d249a840d3643e41b7a) (ShaderIncludeImporter) -> (artifact id: 'e117fe6074bf7eefa199014ec97dddb3') in 0.0027981 seconds
Start importing Packages/com.unity.render-pipelines.core/ShaderLibrary/ThreadingSM6Impl.hlsl using Guid(517e6b6a28d958f4d957127836465b2e) (ShaderIncludeImporter) -> (artifact id: 'cb520658b743619e44daa91015a5f0dc') in 0.003523 seconds
Start importing Packages/com.unity.render-pipelines.core/ShaderLibrary/Refraction.hlsl using Guid(61125f624d229884d8cff04fc0fceab7) (ShaderIncludeImporter) -> (artifact id: 'ec51dc7961a914dbb702f56003c51c6d') in 0.0032133 seconds
Start importing Packages/com.unity.render-pipelines.universal/ShaderLibrary/DOTS.hlsl using Guid(71338c4661f9c40249e1fdb27df62e92) (ShaderIncludeImporter) -> (artifact id: 'fb071ccf5881156df1b413098a64ede7') in 0.0042283 seconds
Start importing Packages/com.unity.render-pipelines.core/Runtime/UnifiedRayTracing/Compute/ComputeRaygenShader.hlsl using Guid(7176b7aa19c704f439cdab57ccf4bceb) (ShaderIncludeImporter) -> (artifact id: '3b8b03abc6020eb91950649506995728') in 0.0033245 seconds
Start importing Packages/com.unity.render-pipelines.universal/Editor/ShaderGraph/Includes/Terrain/PBRForwardPass.hlsl using Guid(713d6952dfc661f44b856f1bfc9a4880) (ShaderIncludeImporter) -> (artifact id: '7529ed13cdd73ff6b73b931959ce436e') in 0.0030457 seconds
Start importing Packages/com.unity.render-pipelines.core/Runtime/PostProcessing/LensFlareOcclusionPermutation.cs.hlsl using Guid(81fe9e8731660404b8d68e384d6c03a9) (ShaderIncludeImporter) -> (artifact id: '117c192bc1ebf39adffd68d625745dae') in 0.0034729 seconds
Start importing Packages/com.unity.render-pipelines.core/Runtime/Sampling/Common.hlsl using Guid(91796a9618276ff42930ee05801207aa) (ShaderIncludeImporter) -> (artifact id: 'b85205fcbe0b78e3391fab41ffc501a8') in 0.0032731 seconds
Start importing Packages/com.unity.render-pipelines.universal/ShaderLibrary/UniversalDOTSInstancing.hlsl using Guid(91bd1404255c4cb28a6c81f20300308f) (ShaderIncludeImporter) -> (artifact id: 'cbc46a1be732a58c87f4106e707f2bc0') in 0.0036207 seconds
Start importing Packages/com.unity.render-pipelines.core/ShaderLibrary/AmbientProbe.hlsl using Guid(a1a94b80a0038af4484e8122c5df419e) (ShaderIncludeImporter) -> (artifact id: 'cb8f629343b1a24ab991c72e064c4fc1') in 0.0196525 seconds
Start importing Packages/com.unity.render-pipelines.core/ShaderLibrary/VertexCubeSlicing.hlsl using Guid(b19e52fd23b5c7549b05da06be1b1614) (ShaderIncludeImporter) -> (artifact id: 'd3c11a4c2f9c2d7930f38a990c273b6c') in 0.0036533 seconds
Start importing Packages/com.unity.shadergraph/Editor/Generation/Targets/Fullscreen/Includes/FullscreenBlit.hlsl using Guid(c1931467a12255f489f3c72e4aa99ade) (ShaderIncludeImporter) -> (artifact id: '3dcd8326fa90636cf818d82c46fb1928') in 0.0031049 seconds
Start importing Packages/com.unity.shadergraph/Editor/Generation/Targets/BuiltIn/Editor/ShaderGraph/Templates/SharedCode.template.hlsl using Guid(d1c01b917a304614daf4994f4ca27e6d) (ShaderIncludeImporter) -> (artifact id: '0bf7a13027de60fa871fdd0015ba89db') in 0.004375 seconds
Start importing Packages/com.unity.render-pipelines.core/ShaderLibrary/UnityInstancing.hlsl using Guid(e1cfc5ca61db3d448825f316ff92cb0b) (ShaderIncludeImporter) -> (artifact id: 'a8fb22e0b3f07d881a64078d4b66a813') in 0.004494 seconds
Start importing Packages/com.unity.shadergraph/Editor/Generation/Targets/BuiltIn/Editor/ShaderGraph/Includes/BuildInputData.hlsl using Guid(f1a1da3eef3aa834d9c94eb0a5c04358) (ShaderIncludeImporter) -> (artifact id: '45864237a931476765752a829de100f1') in 0.003517 seconds
Start importing Packages/com.unity.render-pipelines.core/Runtime/UnifiedRayTracing/Common.hlsl using Guid(f1fa02d2f89398244bd06abebd7e1840) (ShaderIncludeImporter) -> (artifact id: '2e6cc6c1656d9ea9b857a522cc1348b1') in 0.0030331 seconds
Start importing Packages/com.unity.render-pipelines.core/ShaderLibrary/DynamicScaling.hlsl using Guid(024209fcf73c38243ae3b71c8955f187) (ShaderIncludeImporter) -> (artifact id: '3d8dedb1f92ea079235990bbf993a3e9') in 0.0036393 seconds
Start importing Packages/com.unity.shadergraph/Editor/Generation/Targets/BuiltIn/Editor/ShaderGraph/Includes/PBRDeferredPass.hlsl using Guid(12263a5b80a209c44ae6188994252ecd) (ShaderIncludeImporter) -> (artifact id: '39906155d6c2a3d344fac87d9b8adc28') in 0.0038525 seconds
Start importing Packages/com.unity.shadergraph/Editor/Generation/Targets/BuiltIn/ShaderLibrary/SSAO.hlsl using Guid(225d6e653df7a2440a907ddd6d2dd1fc) (ShaderIncludeImporter) -> (artifact id: 'e8da4dc2e3583508d48729630af05f67') in 0.012339 seconds
Start importing Packages/com.unity.shadergraph/Editor/Generation/Targets/BuiltIn/Editor/ShaderGraph/Includes/PBRForwardAddPass.hlsl using Guid(32b23321ec58ddc4e88879d693256c3a) (ShaderIncludeImporter) -> (artifact id: '78fa21cd7e095dd1e39b74c0b280a710') in 0.0043927 seconds
Start importing Packages/com.unity.render-pipelines.core/ShaderLibrary/SDF2D.hlsl using Guid(325b1a823e35d84478e89669f808ecb9) (ShaderIncludeImporter) -> (artifact id: '8e7abacd98b635045657d550b80af0ac') in 0.0038986 seconds
Start importing Packages/com.unity.render-pipelines.universal/ShaderLibrary/Debug/DebuggingFullscreen.hlsl using Guid(4203f0a40f114a18a614d8fa38c29be9) (ShaderIncludeImporter) -> (artifact id: 'a7952aa8b25986bd598716f03f5f9ffc') in 0.0044931 seconds
Start importing Packages/com.unity.shadergraph/Editor/Generation/Targets/BuiltIn/ShaderLibrary/Particles.hlsl using Guid(4273cde13e0f6f9428ee53ed68036d6a) (ShaderIncludeImporter) -> (artifact id: '07c80900ea7d55a752cc8555ea18a8a2') in 0.0033411 seconds
Start importing Packages/com.unity.render-pipelines.universal/Editor/2D/ShaderGraph/Includes/MeshNormalPass.hlsl using Guid(523042f52a938dd469d367936b00da21) (ShaderIncludeImporter) -> (artifact id: '8938139760ce25804f666acbb6178698') in 0.0054322 seconds
Start importing Packages/com.unity.shadergraph/ShaderGraphLibrary/LODDitheringTransition.hlsl using Guid(5248225944112fb418a213fa587fe10d) (ShaderIncludeImporter) -> (artifact id: '5a7c107ad0e8807ef6c3b8f56123a85b') in 0.0042795 seconds
Start importing Packages/com.unity.render-pipelines.core/Runtime/STP/STP.cs.hlsl using Guid(62ccbd1f548f598418c8662d9f7da3ee) (ShaderIncludeImporter) -> (artifact id: 'df9c346b77d143586b9418f3d074489d') in 0.0031185 seconds
Start importing Packages/com.unity.render-pipelines.universal/ShaderLibrary/UnityGBuffer.deprecated.hlsl using Guid(726f208616c14aa6a29cfa28e9f028dd) (ShaderIncludeImporter) -> (artifact id: 'acb87652b4d5b36c1b3ed85c6c49acaa') in 0.0032083 seconds
Start importing Packages/com.unity.render-pipelines.universal/ShaderLibrary/Unlit.hlsl using Guid(823e07282e194f119e8032f1555676ee) (ShaderIncludeImporter) -> (artifact id: '4492947ff33d0fb8f3d0ee416f791683') in 0.004746 seconds
Start importing Packages/com.unity.render-pipelines.universal/Shaders/LitGBufferPass.hlsl using Guid(92673cbb58cac8e4d8b5d044ce912dd8) (ShaderIncludeImporter) -> (artifact id: 'da94a980b7f0a979d657269f6769b25b') in 0.0055289 seconds
Start importing Packages/com.unity.render-pipelines.universal/ShaderLibrary/DeclareNormalsTexture.hlsl using Guid(92a8a2733f9d18a44aad998449c6ee51) (ShaderIncludeImporter) -> (artifact id: '330219838c2d22ff78774201555f24c4') in 0.0032088 seconds
Start importing Packages/com.unity.render-pipelines.universal/ShaderLibrary/MotionVectorsCommon.hlsl using Guid(a20568904d9c412459181938be987e12) (ShaderIncludeImporter) -> (artifact id: '3d88cfd1699bf9bfb464e46fbf1a64da') in 0.0035002 seconds
Start importing Packages/com.unity.render-pipelines.core/Runtime/PostProcessing/Shaders/LensFlareCommon.hlsl using Guid(a279154a65cb87e46a9922aeaf9b7bc4) (ShaderIncludeImporter) -> (artifact id: '3226eacfd8eda349d090cc16516b9082') in 0.0035255 seconds
Start importing Packages/com.unity.render-pipelines.universal/ShaderLibrary/Input.hlsl using Guid(b2555155ead696140913bef1ec93adf0) (ShaderIncludeImporter) -> (artifact id: 'f7d99524e37c67feebc9894512a9553d') in 0.0033686 seconds
Start importing Packages/com.unity.render-pipelines.universal/Shaders/Nature/SpeedTreeUtility.hlsl using Guid(c245162389fbe944dbc0d721bee26fe0) (ShaderIncludeImporter) -> (artifact id: '7e9da17f72b50f17948a72ff0169c1a4') in 0.0040387 seconds
Start importing Packages/com.unity.render-pipelines.core/Runtime/GPUDriven/InstanceData/InstanceWindDataUpdateDefs.cs.hlsl using Guid(f267e53cd6dfdee4c820be8c35548ffe) (ShaderIncludeImporter) -> (artifact id: '425137d45b59e7a8d86cb555cc1d7e5c') in 0.0036372 seconds
Start importing Packages/com.unity.render-pipelines.core/Runtime/UnifiedRayTracing/Compute/RadeonRays/kernels/intersect_structures.hlsl using Guid(f20cb86c2d6c414d9ff78df5fc04cd1d) (ShaderIncludeImporter) -> (artifact id: 'fe354a97d7673ddb942b5c5a66941454') in 0.0155657 seconds
Start importing Packages/com.unity.render-pipelines.core/ShaderLibrary/EntityLighting.hlsl using Guid(0303be75670325342b4bf5697686e77b) (ShaderIncludeImporter) -> (artifact id: 'b1dae7f1bd7ca9dcb96bd9220d49564d') in 0.0049524 seconds
Start importing Packages/com.unity.render-pipelines.universal/Editor/Terrain/TerrainBaseMapGenPass.hlsl using Guid(038de1c4d210733429acda9d6f95d183) (ShaderIncludeImporter) -> (artifact id: '2bc6ef567f3ba5599a1096f0dc394936') in 0.0034162 seconds
Start importing Packages/com.unity.render-pipelines.core/Runtime/GPUDriven/OcclusionCullingCommon.hlsl using Guid(13f1cda4ab8412041ac157181fa6e421) (ShaderIncludeImporter) -> (artifact id: '9508e71b0e339780597973dd9a9582a6') in 0.003681 seconds
Start importing Packages/com.unity.render-pipelines.universal/Shaders/UnlitMetaPass.hlsl using Guid(138efaf7fb432134da44d5a4981a62ad) (ShaderIncludeImporter) -> (artifact id: '27c03322e925e28021de970d5d5008c2') in 0.0033214 seconds
Start importing Packages/com.unity.render-pipelines.universal/Editor/ShaderGraph/Includes/ShaderPassDecal.hlsl using Guid(131f64991fbd3cb4286f7fbc05dcf29e) (ShaderIncludeImporter) -> (artifact id: '0cd75daeb71a568e565cf195bc4e71c1') in 0.0036081 seconds
Start importing Packages/com.unity.render-pipelines.core/ShaderLibrary/Color.hlsl using Guid(23284bbc36146a94995a8a08e61f4e73) (ShaderIncludeImporter) -> (artifact id: '015cd738248042058fd6ee734aee60b0') in 0.0034513 seconds
Start importing Packages/com.unity.render-pipelines.core/Runtime/Vrs/Shaders/VrsTileSize.hlsl using Guid(234c0613ab6043a7852e6ab1a268352a) (ShaderIncludeImporter) -> (artifact id: 'e099b766c6a28593e25302ed78116b05') in 0.0036978 seconds
Start importing Packages/com.unity.render-pipelines.core/ShaderLibrary/TextureXR.hlsl using Guid(33098eef498723540b0b7705cf69a338) (ShaderIncludeImporter) -> (artifact id: '02f327cfded0cf12eb10ca5c2b88e256') in 0.0032779 seconds
Start importing Packages/com.unity.shadergraph/ShaderGraphLibrary/Nature/SpeedTreeCommon.hlsl using Guid(33eafb83c6bce0842b6887eebaf95436) (ShaderIncludeImporter) -> (artifact id: '0c90e2270419636f447db87e4559bb7c') in 0.0051929 seconds
Start importing Packages/com.unity.shadergraph/Editor/Generation/Templates/BuildVertexDescriptionInputs.template.hlsl using Guid(430a733c64a5c474787ac95203c2056b) (ShaderIncludeImporter) -> (artifact id: '632e7b0be9eb0285bfb6ca5e144f6648') in 0.0040116 seconds
Start importing Packages/com.unity.render-pipelines.core/ShaderLibrary/ScreenCoordOverride.hlsl using Guid(435c74ddc7b1fd744b934a196d6d3d82) (ShaderIncludeImporter) -> (artifact id: '3c801ef6f5a5fc5018b9d8ba96c9a3fb') in 0.0034593 seconds
Start importing Packages/com.unity.render-pipelines.core/Editor/Lighting/ProbeVolume/ProbePlacement.cs.hlsl using Guid(53a7b15acf3ceaf41b7f56dbca27f6c8) (ShaderIncludeImporter) -> (artifact id: '08db22b4bfa26ac4b7a01b4502685e2b') in 0.0044341 seconds
Start importing Packages/com.unity.render-pipelines.universal/ShaderLibrary/Core.hlsl using Guid(53686bf58189656459fca4c6ab04ebe5) (ShaderIncludeImporter) -> (artifact id: 'c2a256c307b5782ec860ef8f8ca4dcd6') in 0.0028407 seconds
Start importing Packages/com.unity.render-pipelines.core/ShaderLibrary/Macros.hlsl using Guid(6300b0e79f5d15e499b9d6b5d23ca01b) (ShaderIncludeImporter) -> (artifact id: '89c1ea0ea21c7eca6fbf3a2fdd2209c1') in 0.0034357 seconds
Start importing Packages/com.unity.render-pipelines.core/ShaderLibrary/Sampling/Fibonacci.hlsl using Guid(63275e6ba7e477f43a376217dc2e147f) (ShaderIncludeImporter) -> (artifact id: '67b0d854f445c108f2686ff5563325a2') in 0.0044532 seconds
Start importing Packages/com.unity.render-pipelines.universal/Shaders/Particles/ParticlesDepthNormalsPass.hlsl using Guid(637c27b6fe6224a06b2b066769d0a6e6) (ShaderIncludeImporter) -> (artifact id: 'ce3976ce067acbfa6db18e48d95f1f27') in 0.0056075 seconds
Start importing Packages/com.unity.render-pipelines.core/ShaderLibrary/MostRepresentativePoint.hlsl using Guid(73b08ea164ce48f382a510231156102f) (ShaderIncludeImporter) -> (artifact id: 'c27c07d654ffbc3e8d081c64ce49b649') in 0.0043998 seconds
Start importing Packages/com.unity.render-pipelines.universal/Editor/ShaderGraph/Includes/UnlitGBufferPass.hlsl using Guid(73b8a22390b7d43f7803cb609e674fe6) (ShaderIncludeImporter) -> (artifact id: '6212ed7d88f11bc2cada00cb4474faf9') in 0.0042843 seconds
Start importing Packages/com.unity.render-pipelines.universal/Runtime/VFXGraph/Shaders/VFXDefines.hlsl using Guid(730c9c8a21ae0a64aba043694dfacca7) (ShaderIncludeImporter) -> (artifact id: 'd7e5c7930f9b3f2a8524a57c28e40bf1') in 0.0039387 seconds
Start importing Packages/com.unity.render-pipelines.universal/Shaders/Utils/StencilDeferred.hlsl using Guid(83384e2d6206c8649ba879ec271c4254) (ShaderIncludeImporter) -> (artifact id: 'c1741e4057de1bf64c03aadb353fa034') in 0.0033766 seconds
Start importing Packages/com.unity.render-pipelines.core/Runtime/UnifiedRayTracing/Common/GeometryPool/GeometryPool.hlsl using Guid(839bff092489da0498be737d665c0665) (ShaderIncludeImporter) -> (artifact id: '0f747fb3b49abea30d27dae0e425e445') in 0.0035106 seconds
Start importing Packages/com.unity.render-pipelines.universal/Editor/Terrain/BuildTerrainVertexDescriptionInputs.template.hlsl using Guid(93d037989b854c24d8f2a8284a46acf3) (ShaderIncludeImporter) -> (artifact id: 'fff04758706545f29a29e6aa3b4f29ae') in 0.0037843 seconds
Start importing Packages/com.unity.render-pipelines.universal/ShaderLibrary/SSAO.hlsl using Guid(930a5f40803cb414b84db9a1889f890c) (ShaderIncludeImporter) -> (artifact id: '07aa601dd1b5fa522ae19095c9ec731b') in 0.0027156 seconds
Start importing Packages/com.unity.render-pipelines.core/ShaderLibrary/CommonLighting.hlsl using Guid(93bbf250faa37d446990b9501e7fb7e8) (ShaderIncludeImporter) -> (artifact id: '456184ffa1aac50844df96c27470d6f5') in 0.0035484 seconds
Start importing Packages/com.unity.render-pipelines.universal/Shaders/2D/Include/LightingUtility.hlsl using Guid(931e5ffca47cea54783e99bf989216b5) (ShaderIncludeImporter) -> (artifact id: 'de11e4cf930f153bed4eb851bdd12e74') in 0.0034352 seconds
Start importing Packages/com.unity.render-pipelines.universal/Shaders/Particles/ParticlesUnlitForwardPass.hlsl using Guid(a361552991159403bbd785132d5cb812) (ShaderIncludeImporter) -> (artifact id: '52a85ab96af1c284fa587292ab9c5139') in 0.0115897 seconds
Start importing Packages/com.unity.render-pipelines.universal/Shaders/Particles/ParticlesLitInput.hlsl using Guid(a3129e299d0744bb7bd42c2cea7cea2b) (ShaderIncludeImporter) -> (artifact id: '07cd3142f6a328b4dd50dca631586f08') in 0.0037331 seconds
Start importing Packages/com.unity.render-pipelines.universal/Runtime/RendererFeatures/SurfaceCacheGI/SurfaceCacheCore/PathTracing.hlsl using Guid(a30369464edbd71488d5d8fdb678695f) (ShaderIncludeImporter) -> (artifact id: 'f7ebf7be920621d9b1a23202f85aceea') in 0.0034741 seconds
Start importing Packages/com.unity.render-pipelines.core/ShaderLibrary/FoveatedRenderingKeywords.hlsl using Guid(c32bc6ee3c5a47b5829b4db408c79d3b) (ShaderIncludeImporter) -> (artifact id: '3636aebe82927ae6c83865486e890237') in 0.0044219 seconds
Start importing Packages/com.unity.render-pipelines.core/Runtime/Sampling/PathTracingSampler.hlsl using Guid(d330e4a95eccc4eb9bb75e79bc736ce7) (ShaderIncludeImporter) -> (artifact id: '07ed77f5cb47022daf0b7b3903f04cef') in 0.0050894 seconds
Start importing Packages/com.unity.shadergraph/Editor/Generation/Templates/BuildSurfaceDescriptionInputs.template.hlsl using Guid(d3b47ff860a51904395688d633cb1018) (ShaderIncludeImporter) -> (artifact id: '7b9ae673321c46b5d652b213150448c3') in 0.0035598 seconds
Start importing Packages/com.unity.render-pipelines.core/Runtime/PostProcessing/Shaders/ffx/ffx_a.hlsl using Guid(e3711cae0eaec834eb4ae197be7dd569) (ShaderIncludeImporter) -> (artifact id: '5b2d0e34acc18bb27ea8115aac26ccf0') in 0.0056616 seconds
Start importing Packages/com.unity.render-pipelines.universal/ShaderLibrary/BRDF.hlsl using Guid(e325eaafb90d419598a94581ba3335a4) (ShaderIncludeImporter) -> (artifact id: '64658394d846b3e15fbc50a1c8b404f2') in 0.0044146 seconds
Start importing Packages/com.unity.render-pipelines.core/ShaderLibrary/Sampling/SampleUVMapping.hlsl using Guid(f3e4d64dcf820e040a738f576d8d1f79) (ShaderIncludeImporter) -> (artifact id: '5f21f15e095bbfcfbbc9a03fb99f9c84') in 0.0180384 seconds
Start importing Packages/com.unity.render-pipelines.universal/Shaders/Nature/SpeedTree7Passes.hlsl using Guid(f3f941933e171854386001194281536f) (ShaderIncludeImporter) -> (artifact id: '2ccf47dc516883e7023e9e85554447d0') in 0.0057196 seconds
Start importing Packages/com.unity.render-pipelines.universal/Shaders/BakedLitMetaPass.hlsl using Guid(f31bf343921b848fa8e5cde15f1dbaab) (ShaderIncludeImporter) -> (artifact id: '0b1fdd55f93155bd1a35dadc29a47b5e') in 0.0039324 seconds
Start importing Packages/com.unity.render-pipelines.core/ShaderLibrary/FoveatedRendering.hlsl using Guid(f36f5598be293c04db2a21f9e7463518) (ShaderIncludeImporter) -> (artifact id: '2bf3bec41aed5f0138582dd0cd46c47b') in 0.0043397 seconds
Start importing Packages/com.unity.render-pipelines.core/Runtime/UnifiedRayTracing/Bindings.hlsl using Guid(047623a35563f0e45bbfce747454416c) (ShaderIncludeImporter) -> (artifact id: 'd6dcf6cadb62096fa0d104f4fe471e03') in 0.0038461 seconds
Start importing Packages/com.unity.render-pipelines.universal/Runtime/VFXGraph/Shaders/VFXLit.hlsl using Guid(045a06f7c76196a43a929d2a916c7d95) (ShaderIncludeImporter) -> (artifact id: 'a62bcb0fc43aff1f72f08bdee603d4d7') in 0.0043773 seconds
Start importing Packages/com.unity.render-pipelines.core/ShaderLibrary/API/GLES3.hlsl using Guid(14a46e0dac04a0245b3f95359167b663) (ShaderIncludeImporter) -> (artifact id: '242e3876f0e365494e69183dc91034c2') in 0.0041122 seconds
Start importing Packages/com.unity.shadergraph/Editor/Generation/Targets/BuiltIn/ShaderLibrary/Lighting.hlsl using Guid(14bcae32932007341a82b552c24738fd) (ShaderIncludeImporter) -> (artifact id: '2afdc64e829e49fb80339ef9779adc96') in 0.008856 seconds
Start importing Packages/com.unity.render-pipelines.universal/ShaderLibrary/Debug/DebugViewEnums.cs.hlsl using Guid(448811f26ae38ae4cbb2edb0d2b9186c) (ShaderIncludeImporter) -> (artifact id: '74c95890c202779f329cf6bb5229bca2') in 0.0059441 seconds
Start importing Packages/com.unity.render-pipelines.core/ShaderLibrary/CommonMaterial.hlsl using Guid(540178d5ddc29e74da771e38536aee22) (ShaderIncludeImporter) -> (artifact id: '465a2d9ca56f9557477c6a98f7ba65ad') in 0.0044512 seconds
Start importing Packages/com.unity.shadergraph/Editor/Generation/Targets/BuiltIn/Editor/ShaderGraph/Includes/LegacySurfaceVertex.hlsl using Guid(5461cde96a0881146aed77bccd1c72ec) (ShaderIncludeImporter) -> (artifact id: 'f89c2729cfa7c8f942d4ef3738c784b5') in 0.0058591 seconds
Start importing Packages/com.unity.shadergraph/Editor/Generation/Targets/Fullscreen/Includes/FullscreenCommon.hlsl using Guid(54f14acd1960c2a459a0fcd6c959938d) (ShaderIncludeImporter) -> (artifact id: '4703562ff5bd660eeb6a579fc33512e9') in 0.0034085 seconds
Start importing Packages/com.unity.render-pipelines.core/ShaderLibrary/Filtering.hlsl using Guid(54ca0b3b7814f804aac1450b38477c74) (ShaderIncludeImporter) -> (artifact id: '9b44bad3b320edabad789b8a955d3ae6') in 0.0038548 seconds
Start importing Packages/com.unity.render-pipelines.universal/ShaderLibrary/SurfaceInput.hlsl using Guid(546b9685ee7cc0941afd734baa08db2a) (ShaderIncludeImporter) -> (artifact id: 'e01ecd216b69a380356a94dfa1bd697a') in 0.0047445 seconds
Start importing Packages/com.unity.render-pipelines.universal/Editor/ShaderGraph/Includes/DecalMeshBiasTypeEnum.cs.hlsl using Guid(6483447b285419e4b89f8a853712e1ab) (ShaderIncludeImporter) -> (artifact id: '13788609ee3e530eb7e386fe3a5522e2') in 0.0041832 seconds
Start importing Packages/com.unity.render-pipelines.core/ShaderLibrary/ShaderDebugPrint.hlsl using Guid(6487e82b005541789deacb92eaa88bed) (ShaderIncludeImporter) -> (artifact id: '9df46d4723211796452a6ff53f434039') in 0.003682 seconds
Start importing Packages/com.unity.render-pipelines.universal/Shaders/Terrain/TerrainDetailLitPasses.hlsl using Guid(749e1c2d203942319da1fdb1d94c5f2a) (ShaderIncludeImporter) -> (artifact id: 'b6111819b6b00b4ce7c3a41816d653d7') in 0.0034898 seconds
Start importing Packages/com.unity.render-pipelines.universal/Runtime/RendererFeatures/SurfaceCacheGI/SurfaceCacheCore/PathTracingMaterials.hlsl using Guid(8441f2d912ff46d418f324f16d4540c1) (ShaderIncludeImporter) -> (artifact id: 'a60375c41e2fe300bde942c4ca6e875d') in 0.0035168 seconds
Start importing Packages/com.unity.render-pipelines.core/Runtime/Sampling/SamplingResources.hlsl using Guid(a4f17041120a6f24c8d78d484c813aec) (ShaderIncludeImporter) -> (artifact id: '11c2293da77393bb0ff38da578dad87b') in 0.0036264 seconds
Start importing Packages/com.unity.render-pipelines.universal/ShaderLibrary/Debug/DebuggingCommon.hlsl using Guid(a419d344c87843af8e1ce2e8c571fcb6) (ShaderIncludeImporter) -> (artifact id: 'cbdbce475911215b7ad04a065144a717') in 0.0036354 seconds
Start importing Packages/com.unity.render-pipelines.universal/Shaders/Terrain/WavingGrassPasses.hlsl using Guid(b4bc78a1364154f15b718a412e9710b6) (ShaderIncludeImporter) -> (artifact id: '059c9cdb36269e647e1851718c299aeb') in 0.0035759 seconds
Start importing Packages/com.unity.render-pipelines.universal/Shaders/LitInput.hlsl using Guid(c46f85bf266d7496d9b3659acfbdc711) (ShaderIncludeImporter) -> (artifact id: '79d9d667344da248ee273844adaeb685') in 0.0035202 seconds
Start importing Packages/com.unity.render-pipelines.universal/Runtime/RendererFeatures/SurfaceCacheGI/SurfaceCacheCore/VectorLogic.hlsl using Guid(d4da391a9b2648a980105cdee7aba311) (ShaderIncludeImporter) -> (artifact id: '6e649a2e8a9f823321447110317b2ead') in 0.0037351 seconds
Start importing Packages/com.unity.render-pipelines.core/Runtime/Lighting/ProbeVolume/ProbeVolumeBlendStates.hlsl using Guid(e478f7f7b57c7ab46a2933b408f63161) (ShaderIncludeImporter) -> (artifact id: '826b28742c9d4e4aa3b575afc0abd720') in 0.0034747 seconds
Start importing Packages/com.unity.render-pipelines.core/ShaderLibrary/API/Metal.hlsl using Guid(f4d51e77f119d4dc8899ff02b46bb621) (ShaderIncludeImporter) -> (artifact id: 'a7452f5faa5f394b0cbc174e56ed4abf') in 0.0049296 seconds
Start importing Packages/com.unity.render-pipelines.core/ShaderLibrary/Sampling/Sampling.hlsl using Guid(f4c850bea2c5d45449ba8e228333c82c) (ShaderIncludeImporter) -> (artifact id: 'c6f22666467a1913aa7a5ee000d91863') in 0.0065061 seconds
Start importing Packages/com.unity.render-pipelines.core/ShaderLibrary/API/Vulkan.hlsl using Guid(05a00b34d7740a643a8a6de19c6d9aa6) (ShaderIncludeImporter) -> (artifact id: 'cf4a9f0ea85774ab6ef81e18e330be34') in 0.0037223 seconds
Start importing Packages/com.unity.render-pipelines.universal/Shaders/2D/Include/InputData2D.hlsl using Guid(15c09e9f82634f5881e6676d62f25bcb) (ShaderIncludeImporter) -> (artifact id: '161e1a2c6929b3c12a52882f37b2aba7') in 0.0036971 seconds
Start importing Packages/com.unity.render-pipelines.core/ShaderLibrary/PhysicalCamera.hlsl using Guid(259e4e1d42f9302459819d218966a11c) (ShaderIncludeImporter) -> (artifact id: '58657bcef39ca300673eb76a02080f96') in 0.0054228 seconds
Start importing Packages/com.unity.shadergraph/Editor/Generation/Targets/BuiltIn/Editor/ShaderGraph/Includes/ShadowCasterPass.hlsl using Guid(35c8158e574671d43b32c60a61df1b0f) (ShaderIncludeImporter) -> (artifact id: '8b917fc134770d558a385ec32822a173') in 0.0034071 seconds
Start importing Packages/com.unity.render-pipelines.core/Runtime/UnifiedRayTracing/Compute/RadeonRays/kernels/bvh2il.hlsl using Guid(4541f1bb75b10ac4597809e3016f3026) (ShaderIncludeImporter) -> (artifact id: '22fe95e476e1e01e84b9ff3148fcf0e1') in 0.003341 seconds
Start importing Packages/com.unity.render-pipelines.universal/Shaders/Nature/SpeedTree7CommonInput.hlsl using Guid(55e6929e00a20d64eadff49d59e097db) (ShaderIncludeImporter) -> (artifact id: '9cdca858a44dc82e77a68cb26686201b') in 0.0037829 seconds
Start importing Packages/com.unity.shadergraph/Editor/Generation/Targets/BuiltIn/Editor/ShaderGraph/Includes/ShaderPass.hlsl using Guid(65e35b38e39fde248977f1e9a8ec2e10) (ShaderIncludeImporter) -> (artifact id: 'ced89eb0a1e8cb8214937d7b8bef88ac') in 0.0059431 seconds
Start importing Packages/com.unity.render-pipelines.universal/ShaderLibrary/UnityInput.hlsl using Guid(6564342aa7c6ca44a86b97323a311d74) (ShaderIncludeImporter) -> (artifact id: '4beb49bad9e4a7b77fccd4f5f2959f2d') in 0.0039655 seconds
Start importing Packages/com.unity.render-pipelines.core/Editor/Lighting/ProbeVolume/VoxelizeScene.hlsl using Guid(7530ec596e48f41e2bc1cc954be9b805) (ShaderIncludeImporter) -> (artifact id: '78635e517d88ad23ae60c4c31f083bfd') in 0.0038265 seconds
Start importing Packages/com.unity.render-pipelines.universal/Shaders/Nature/SpeedTree7CommonPasses.hlsl using Guid(85f7860cf76171b438c51eb5fcd238ce) (ShaderIncludeImporter) -> (artifact id: '92b982b93debc4638ec9e430cb9e430e') in 0.0068494 seconds
Start importing Packages/com.unity.shadergraph/Editor/Generation/Targets/BuiltIn/ShaderLibrary/UnityGBuffer.hlsl using Guid(951755fce4d8bae4ca6cfbe7908e1149) (ShaderIncludeImporter) -> (artifact id: '459df165b451296ddff8c058b9a6e419') in 0.0037475 seconds
Start importing Packages/com.unity.render-pipelines.universal-config/Runtime/ShaderConfig.cs.hlsl using Guid(956ff25f08f5e1d4a9ffc96f5803d5a1) (ShaderIncludeImporter) -> (artifact id: 'eb27e6ad7306f78a0c98f9bc6ba90697') in 0.003919 seconds
Start importing Packages/com.unity.render-pipelines.core/Runtime/GPUDriven/OcclusionCullingCommonShaderVariables.cs.hlsl using Guid(a5ea6c3e82289ce4d8ea0b60a96b1ee2) (ShaderIncludeImporter) -> (artifact id: 'a112cb6144114d3626072cc17f68ef36') in 0.0038408 seconds
Start importing Packages/com.unity.render-pipelines.core/ShaderLibrary/Common.hlsl using Guid(a57f9f83ea626ae45b402953fe637268) (ShaderIncludeImporter) -> (artifact id: 'cd3174d94281f8cd36f910f78ba427f4') in 0.0031784 seconds
Start importing Packages/com.unity.render-pipelines.core/ShaderLibrary/ACES.hlsl using Guid(b52d68e305b98a94bac88855d8ea5936) (ShaderIncludeImporter) -> (artifact id: '176191ae28163d3f27e89e384a1a2175') in 0.0420391 seconds
Start importing Packages/com.unity.render-pipelines.core/ShaderLibrary/GraniteShaderLibBase.hlsl using Guid(c5520328ccc5d6c4e8a923677cbb21cf) (ShaderIncludeImporter) -> (artifact id: '77ad9bcb2cac851a8bc6fa599cac3bdc') in 0.0068269 seconds
Start importing Packages/com.unity.render-pipelines.core/Runtime/Utilities/Blit.hlsl using Guid(d55706914cfa84431bb4f9277ebd1054) (ShaderIncludeImporter) -> (artifact id: '180c9211917b736bb830a0291e538622') in 0.0033339 seconds
Start importing Packages/com.unity.render-pipelines.universal/ShaderLibrary/SixWayLighting.hlsl using Guid(d5c9d8a733254102b894def0429c24c4) (ShaderIncludeImporter) -> (artifact id: 'ee38984d55f64f406d0e83a9ffa0fc91') in 0.0034809 seconds
Start importing Packages/com.unity.render-pipelines.universal/Editor/ShaderGraph/Includes/PBRGBufferPass.hlsl using Guid(f562fc45f8fc5434a96065e20892eff9) (ShaderIncludeImporter) -> (artifact id: '9bb6c226b3dce4afa3131cc130b894c9') in 0.0039047 seconds
Start importing Packages/com.unity.render-pipelines.core/ShaderLibrary/SpaceFillingCurves.hlsl using Guid(063144fddd2c1be41b9d09dec6314fc7) (ShaderIncludeImporter) -> (artifact id: '1004bb81984830596d8a0d55d3c9d2f0') in 0.0029677 seconds
Start importing Packages/com.unity.render-pipelines.universal/Shaders/Nature/SpeedTree8Passes.hlsl using Guid(0613a5abac2db2247bdcd7380e98bba1) (ShaderIncludeImporter) -> (artifact id: 'f01dfdecdba3b147a5f99358b7c7410a') in 0.0035038 seconds
Start importing Packages/com.unity.render-pipelines.universal/Editor/ShaderGraph/Includes/CanvasPass.hlsl using Guid(0618e9bb046736646afe2346a3813db4) (ShaderIncludeImporter) -> (artifact id: '65f0473640811a64b01f1649ca38074d') in 0.0035427 seconds
Start importing Packages/com.unity.shadergraph/Editor/Generation/Targets/BuiltIn/ShaderLibrary/Shim/InputsShim.hlsl using Guid(160030f5e9c5e9b43bfd7646d5712b8a) (ShaderIncludeImporter) -> (artifact id: 'e38ec1e66ac41dcddb426c539467f8bf') in 0.0032835 seconds
Start importing Packages/com.unity.shadergraph/Editor/Generation/Targets/Fullscreen/Templates/SharedCode.template.hlsl using Guid(16201fed0715efa48a8908fedb361bf0) (ShaderIncludeImporter) -> (artifact id: '39ae7fb5e44edae5c7e1f09fd31f5f2d') in 0.0030127 seconds
Start importing Packages/com.unity.shadergraph/ShaderGraphLibrary/PreviewVaryings.hlsl using Guid(1634e4cba986f4a4aabc82c280e09d13) (ShaderIncludeImporter) -> (artifact id: '517b420a32138be80a6e1c29cd3e2712') in 0.0073896 seconds
Start importing Packages/com.unity.render-pipelines.universal/Runtime/RendererFeatures/SurfaceCacheGI/SurfaceCacheCore/PathTracingCommon.hlsl using Guid(26c202ba0499aad4387888eff3a31187) (ShaderIncludeImporter) -> (artifact id: '05c5871e32fe28834855ff1eaadf3961') in 0.0039096 seconds
Start importing Packages/com.unity.render-pipelines.core/Runtime/Lighting/ProbeVolume/ProbeReferenceVolume.Streaming.cs.hlsl using Guid(2675e3c7f72788145b4a5bc872a75211) (ShaderIncludeImporter) -> (artifact id: 'c6e477d10269b138a098bd1a257da760') in 0.016309 seconds
Start importing Packages/com.unity.render-pipelines.core/ShaderLibrary/DebugMipmapStreaming.hlsl using Guid(369a40fd4db19d048ad2cf161cc89fcd) (ShaderIncludeImporter) -> (artifact id: '9347a9d4488ea9c341dfbc0a4ec9c80e') in 0.0042185 seconds
Start importing Packages/com.unity.render-pipelines.universal/Shaders/BakedLitInput.hlsl using Guid(463a8185744c2459f8e621f4e4eb74d3) (ShaderIncludeImporter) -> (artifact id: 'a3214aec7f08536da6900203e44668cb') in 0.0037378 seconds
Start importing Packages/com.unity.render-pipelines.core/Runtime/Sampling/SobolBluenoiseSampling.hlsl using Guid(563a0665ce2f07e419c80acd1ad6e1f0) (ShaderIncludeImporter) -> (artifact id: '67fbdf27158d955fe6bd3935d3f13bf0') in 0.0041559 seconds
Start importing Packages/com.unity.render-pipelines.core/Runtime/Utilities/GPUPrefixSum/GPUPrefixSum.Data.cs.hlsl using Guid(56dcfb5655d6cc74cb661e531de4bbdf) (ShaderIncludeImporter) -> (artifact id: '7b4cd810376705b9c6f3462f803389e4') in 0.0034987 seconds
Start importing Packages/com.unity.render-pipelines.universal/Runtime/RendererFeatures/SurfaceCacheGI/SurfaceCacheCore/RestirEstimation.hlsl using Guid(66f41beb195ccdf408b955566b037e9d) (ShaderIncludeImporter) -> (artifact id: '142cc5be793a105686b8d4e49387a668') in 0.0036741 seconds
Start importing Packages/com.unity.render-pipelines.core/Runtime/Lighting/ProbeVolume/DecodeSH.hlsl using Guid(6646f462aeb8278489c25fda24fd2db8) (ShaderIncludeImporter) -> (artifact id: 'e26a71bb6ee3037948c69b64e5154cc4') in 0.1595385 seconds
Start importing Packages/com.unity.render-pipelines.core/Runtime/UnifiedRayTracing/Compute/RadeonRays/kernels/triangle_mesh.hlsl using Guid(76757b5514dd6404dafc9fbe2566522d) (ShaderIncludeImporter) -> (artifact id: 'bba26e1a14001342016a3a6b62be9a97') in 0.0039528 seconds
Start importing Packages/com.unity.shadergraph/ShaderGraphLibrary/Functions.hlsl using Guid(76c5c0b7561134f0ca526e50f239a4a2) (ShaderIncludeImporter) -> (artifact id: 'fb9f2e7280bcbc323bec5c790618b27b') in 0.0031521 seconds
Start importing Packages/com.unity.render-pipelines.core/ShaderLibrary/VolumeRendering.hlsl using Guid(76b6dbce57ad3e647a01b5ad36f737a5) (ShaderIncludeImporter) -> (artifact id: 'f4c05a7ccb57a236c85a94925f7babe2') in 0.0034082 seconds
Start importing Packages/com.unity.render-pipelines.universal/ShaderLibrary/Lighting.hlsl using Guid(762f0a4829f44584ba01e2f0661150d9) (ShaderIncludeImporter) -> (artifact id: '6c63dfe35c19474719b92ec91d194832') in 0.0025963 seconds
Start importing Packages/com.unity.render-pipelines.universal/Shaders/BakedLitDepthNormalsPass.hlsl using Guid(9604e389528d04ae39fe05a7b4212172) (ShaderIncludeImporter) -> (artifact id: 'f008c16ae36e3177446511a4cbfe4522') in 0.0032932 seconds
Start importing Packages/com.unity.shadergraph/Editor/Generation/Targets/CustomRenderTexture/CustomTextureGraph.hlsl using Guid(96a8b300b2dfb474bb4fd8118749fdec) (ShaderIncludeImporter) -> (artifact id: '044b3165fda609191102d2a1ba89c728') in 0.0036955 seconds
Start importing Packages/com.unity.render-pipelines.core/ShaderLibrary/Version.hlsl using Guid(96eb0e7285e8ec64b9b711f1e6b78dea) (ShaderIncludeImporter) -> (artifact id: '433b9e977a90d01e871a0133898c81c4') in 0.0028876 seconds
Start importing Packages/com.unity.render-pipelines.universal/Shaders/SimpleLitDepthNormalsPass.hlsl using Guid(a63ccbef6bed14464a35b8a62ee9b775) (ShaderIncludeImporter) -> (artifact id: '7875d8d6c72e46e2bf55e059e7d3fa9a') in 0.0034804 seconds
Start importing Packages/com.unity.render-pipelines.core/ShaderLibrary/NormalSurfaceGradient.hlsl using Guid(b6ff088bebec9f941ae19a0086e4f097) (ShaderIncludeImporter) -> (artifact id: 'd006626f4b3a9fd9eb807ca6957e945e') in 0.0036452 seconds
Start importing Packages/com.unity.render-pipelines.core/ShaderLibrary/ParallaxMapping.hlsl using Guid(c6976b17260ed7d4ca3810ae8488f67f) (ShaderIncludeImporter) -> (artifact id: '4df7e0a7a01c4de0060eacf032a77323') in 0.0036348 seconds
Start importing Packages/com.unity.render-pipelines.universal/Shaders/LitDepthNormalsPass.hlsl using Guid(d6641dcdedd1f422aa58ffec746e5342) (ShaderIncludeImporter) -> (artifact id: 'f2c5341c5662c090bdac34f72cda4f2c') in 0.0035486 seconds
Start importing Packages/com.unity.render-pipelines.core/Runtime/Lighting/ProbeVolume/ProbeReferenceVolume.Debug.cs.hlsl using Guid(f6e06ceb4cc6a38458f4b614e8000dc8) (ShaderIncludeImporter) -> (artifact id: '86ecbcc56dc6ecc8002d61715141c556') in 0.0036665 seconds
Start importing Packages/com.unity.render-pipelines.universal/Runtime/RendererFeatures/SurfaceCacheGI/SurfaceCacheCore/RingBuffer.hlsl using Guid(f6915963f3bd8724b9def69a1ecdd73d) (ShaderIncludeImporter) -> (artifact id: '3985b6105dd117fe1b8811a24902927c') in 0.0040577 seconds
Start importing Packages/com.unity.render-pipelines.core/ShaderLibrary/SpaceTransforms.hlsl using Guid(07d22e3065efb5a489e5e2644df19bc7) (ShaderIncludeImporter) -> (artifact id: '62e85ed44f808449abeb8d83da45b386') in 0.0042158 seconds
Start importing Packages/com.unity.shadergraph/ShaderGraphLibrary/GeometricTools.hlsl using Guid(07d3f5482ecfe425f91b12cd32be4cbe) (ShaderIncludeImporter) -> (artifact id: 'f7dae6aa20f4d2735b653bbd8d01a834') in 0.0031141 seconds
Start importing Packages/com.unity.render-pipelines.universal/Editor/ShaderGraph/Includes/UnlitPass.hlsl using Guid(07da8e9cacb587246ade02755c273666) (ShaderIncludeImporter) -> (artifact id: 'aa34c9e08173dc9f65f41d6ed27a3652') in 0.0026755 seconds
Start importing Packages/com.unity.render-pipelines.core/ShaderLibrary/API/GLCore.hlsl using Guid(17e9ff94ac9e8aa4e81b23222a4dc205) (ShaderIncludeImporter) -> (artifact id: '30e6a1f4e483a770bcddf68b66356f67') in 0.003479 seconds
Start importing Packages/com.unity.render-pipelines.universal/Editor/2D/ShaderGraph/Includes/SpriteUnlitPass.hlsl using Guid(172e304acf14e434e967133e7ee67273) (ShaderIncludeImporter) -> (artifact id: '138301af7ca03afdaff24b6fd89eb6f9') in 0.0047403 seconds
Start importing Packages/com.unity.render-pipelines.universal/Editor/ShaderGraph/Includes/PBRForwardPass.hlsl using Guid(2774e65a956f7428a9ba09fe1098e1eb) (ShaderIncludeImporter) -> (artifact id: 'd9f575aa5db2e3a8ac267f74a31c8ba3') in 0.0035864 seconds
Start importing Packages/com.unity.render-pipelines.core/ShaderLibrary/BC6H.hlsl using Guid(27d419a4917d0ea49978c236e058d464) (ShaderIncludeImporter) -> (artifact id: 'b175b05405675d4c79fefa46f7c8c385') in 0.0035376 seconds
Start importing Packages/com.unity.render-pipelines.core/ShaderLibrary/API/Switch2.hlsl using Guid(27b804a87c546b2429017809b12cd1c9) (ShaderIncludeImporter) -> (artifact id: '51b06e7383592489e5e1ce3e433c1888') in 0.0041156 seconds
Start importing Packages/com.unity.render-pipelines.core/Runtime/Sampling/PseudoRandom.hlsl using Guid(270be7a3bca5b4e038d7e90c1ca0f18c) (ShaderIncludeImporter) -> (artifact id: '5f053e747597ed078b37d9983fa9481f') in 0.0069391 seconds
Start importing Packages/com.unity.render-pipelines.core/ShaderLibrary/GlobalSamplers.hlsl using Guid(47ecc1e1971024be4a44aa322690660e) (ShaderIncludeImporter) -> (artifact id: '2b7d4275608c06d377e802691a801385') in 0.0032907 seconds
Start importing Packages/com.unity.render-pipelines.universal/Shaders/UnlitForwardPass.hlsl using Guid(574332cc54d34b3b96cd214f5febe833) (ShaderIncludeImporter) -> (artifact id: 'e2cf2bb16ada96214aa61ae8779b6a99') in 0.0033897 seconds
Start importing Packages/com.unity.render-pipelines.universal/ShaderLibrary/UniversalMetaPass.hlsl using Guid(573542356fb54fe4583ff78639189cf8) (ShaderIncludeImporter) -> (artifact id: '055eed10ded5189fad8e37cb5f71138d') in 0.0034484 seconds
Start importing Packages/com.unity.render-pipelines.universal/Shaders/Utils/Universal2D.hlsl using Guid(67e3e0cfa0204244683a6c506307f311) (ShaderIncludeImporter) -> (artifact id: '27910d759c79e21b1086472e8168fe91') in 0.0038412 seconds
Start importing Packages/com.unity.render-pipelines.universal/ShaderLibrary/ShaderVariablesFunctions.deprecated.hlsl using Guid(77a6d2810aa974e0bad8b56aec6e87f4) (ShaderIncludeImporter) -> (artifact id: '42db13cb2bc5fdfdf6c2cc63243c279d') in 0.0031927 seconds
Start importing Packages/com.unity.render-pipelines.universal/ShaderLibrary/GBufferOutputFormat.hlsl using Guid(87322610c9b88a64e8bce40c056d8116) (ShaderIncludeImporter) -> (artifact id: '1b24a2ef63c47cec4ce5844d25b21eb2') in 0.0031418 seconds
Start importing Packages/com.unity.shadergraph/Editor/Generation/Targets/BuiltIn/ShaderLibrary/Shadows.hlsl using Guid(87c2af44d69c0194687e11c33c85f6c2) (ShaderIncludeImporter) -> (artifact id: 'ffb46551ea43c0d8ebcca6f556893ff9') in 0.0030958 seconds
Start importing Packages/com.unity.render-pipelines.universal/Runtime/RendererFeatures/SurfaceCacheGI/SurfaceCacheCore/UniformEstimation.hlsl using Guid(87f25dcc02b54e84ab16e783d04d72d8) (ShaderIncludeImporter) -> (artifact id: 'a756107819a89a5065c22ef9a18e994b') in 0.0034961 seconds
Start importing Packages/com.unity.render-pipelines.universal/Shaders/2D/Include/ShadowProjectVertex.hlsl using Guid(97832dc646b4fb4498bf5aa61e366c13) (ShaderIncludeImporter) -> (artifact id: '459f1430ddf09488d8dc88d6cacc66ac') in 0.003294 seconds
Start importing Packages/com.unity.render-pipelines.universal/Shaders/Utils/CopyDepthPass.hlsl using Guid(971e7c84ed6bc40fc95bdbb2e008013f) (ShaderIncludeImporter) -> (artifact id: 'de0a052fb66c901b2d52dc2b8f7a35b7') in 0.0033294 seconds
Start importing Packages/com.unity.render-pipelines.universal/Shaders/Terrain/WavingGrassDepthNormalsPass.hlsl using Guid(97ce72d5527034cbca1d95b53d583472) (ShaderIncludeImporter) -> (artifact id: 'e78287aad14f526aa0813ae0b335a763') in 0.0038392 seconds
Start importing Packages/com.unity.render-pipelines.universal/ShaderLibrary/LightCookie/LightCookieInput.hlsl using Guid(a70b6c101edaa442a80370b0d514fb3c) (ShaderIncludeImporter) -> (artifact id: '353d2f218d28b217bf609620cc16ba98') in 0.0035683 seconds
Start importing Packages/com.unity.render-pipelines.core/Runtime/GPUDriven/InstanceOcclusionCuller.cs.hlsl using Guid(a71fe447aa3034341b4a16245852e2f5) (ShaderIncludeImporter) -> (artifact id: 'ae6d0ccdd602a3e984bbc027db9920c8') in 0.0031377 seconds
Start importing Packages/com.unity.render-pipelines.universal/Shaders/Particles/ParticlesEditorPass.hlsl using Guid(b75058dfffdae7a41bf0373f3d2f264c) (ShaderIncludeImporter) -> (artifact id: '73354632a7b762bdb1c9bc491c24ccf3') in 0.0029279 seconds
Start importing Packages/com.unity.render-pipelines.universal/Shaders/DepthNormalsPass.hlsl using Guid(b76d45ea333b2a049bc45c5328ef3e7c) (ShaderIncludeImporter) -> (artifact id: '434a8f2cc616b035f762404cbdf64bcd') in 0.0034027 seconds
Start importing Packages/com.unity.render-pipelines.universal/ShaderLibrary/ParticlesInstancing.hlsl using Guid(c70398529f54bc44ca6a3ed0211e039f) (ShaderIncludeImporter) -> (artifact id: 'f2c6f48416aa0fb3a17f2cb8dc3911ff') in 0.0031499 seconds
Start importing Packages/com.unity.shadergraph/Editor/Generation/Targets/BuiltIn/Editor/ShaderGraph/Includes/BuiltInCanvasPass.hlsl using Guid(c79cdcb9c21d4339a577df76710eafd5) (ShaderIncludeImporter) -> (artifact id: 'ddc469c07568d2f8bc73e51f059d5722') in 0.0033236 seconds
Start importing Packages/com.unity.render-pipelines.core/Runtime/GPUDriven/InstanceData/InstanceTransformUpdateDefs.cs.hlsl using Guid(d73035ddef2bea3469c6784cf7f2e865) (ShaderIncludeImporter) -> (artifact id: '7180160fa486d9297f406d93ab6c562f') in 0.0041047 seconds
Start importing Packages/com.unity.render-pipelines.core/ShaderLibrary/MetaPass.hlsl using Guid(d7414e735eb09cd40855d8142a1c2e18) (ShaderIncludeImporter) -> (artifact id: 'ccf81b0c96107306ceaf5e8a8130d3ec') in 0.00353 seconds
Start importing Packages/com.unity.render-pipelines.universal/Shaders/2D/Include/2DCommon.hlsl using Guid(e707208f874722b45a81cf2f59f81458) (ShaderIncludeImporter) -> (artifact id: 'af421ba3779dc22cbb1fcd7c75ee6bfe') in 0.0033693 seconds
Start importing Packages/com.unity.render-pipelines.core/ShaderLibrary/SphericalHarmonics.hlsl using Guid(e7990b191f2f28e4884a439c088c4fe0) (ShaderIncludeImporter) -> (artifact id: '1f77ab63705fcaa53a92eddd0fbed2fc') in 0.003434 seconds
Start importing Packages/com.unity.render-pipelines.universal/Runtime/RendererFeatures/SurfaceCacheGI/SurfaceCacheCore/RestirCandidateTemporal.hlsl using Guid(e78ab4c515da1e442a19a4905ed03844) (ShaderIncludeImporter) -> (artifact id: '11fc3476bcaa23f79c206ce3b78329d1') in 0.0034814 seconds
Start importing Packages/com.unity.render-pipelines.universal/Shaders/UnlitInput.hlsl using Guid(e7ba75cc852b14b7f934978b5697bf1b) (ShaderIncludeImporter) -> (artifact id: '65bcba20103aa1eef9f02fa0531e0706') in 0.0044848 seconds
Start importing Packages/com.unity.shadergraph/Editor/Generation/Targets/BuiltIn/ShaderLibrary/ShaderGraphFunctions.hlsl using Guid(e74b0f1b5e52c5642a66b47b7fc87799) (ShaderIncludeImporter) -> (artifact id: 'cedc005a6f9016efa19b90ca196354f8') in 0.0044799 seconds
Start importing Packages/com.unity.render-pipelines.universal/Shaders/2D/Include/CombinedShapeLightShared.hlsl using Guid(e7ee44e4db2311b428e6f789318838f8) (ShaderIncludeImporter) -> (artifact id: '901ae6325472d5b24ab84042ba63ceef') in 0.0038063 seconds
Start importing Packages/com.unity.render-pipelines.universal/Editor/Terrain/TerrainPassUtils.hlsl using Guid(08f4bc71ad275bc4b90168fda29f36b5) (ShaderIncludeImporter) -> (artifact id: 'a89468ce7502d2657aab55fbdb73ca5b') in 0.0031047 seconds
Start importing Packages/com.unity.shadergraph/Editor/Generation/Targets/BuiltIn/ShaderLibrary/Shim/UIShim.hlsl using Guid(0807df336df54b879e1b97aa9306c0da) (ShaderIncludeImporter) -> (artifact id: '9668ecd58101c9bb3c930e4adbfba771') in 0.0038272 seconds
Start importing Packages/com.unity.render-pipelines.core/Runtime/Vrs/Shaders/VrsMainTex.hlsl using Guid(08b9525dab8d497cb640174e593275d1) (ShaderIncludeImporter) -> (artifact id: 'b23941fcd6468d20d32d8b51af6bea7e') in 0.003106 seconds
Start importing Packages/com.unity.render-pipelines.universal/ShaderLibrary/SurfaceData.hlsl using Guid(181b211e2007bd4478d853b8964457ab) (ShaderIncludeImporter) -> (artifact id: '4928f064fafbcb6a0a4c7b33795105d2') in 0.003329 seconds
Start importing Packages/com.unity.render-pipelines.universal/Shaders/2D/Include/SurfaceData2D.hlsl using Guid(2861459260b14a2481f8f8e7f6637d8f) (ShaderIncludeImporter) -> (artifact id: '95037b5ee209f753458e26780603f1ea') in 0.0035132 seconds
Start importing Packages/com.unity.render-pipelines.universal/Shaders/UnlitGBufferPass.hlsl using Guid(28fcbf208a4c04495b93bb6d554908e0) (ShaderIncludeImporter) -> (artifact id: '237bb0529b6e41ac413c5ec0c5ffbb6f') in 0.0053543 seconds
Start importing Packages/com.unity.render-pipelines.universal/Runtime/VFXGraph/Shaders/VFXCommon.hlsl using Guid(385bc181e02fb7549a92fc001133ad46) (ShaderIncludeImporter) -> (artifact id: '026338b7c786d277ed5cd87f00f42141') in 0.0044432 seconds
Start importing Packages/com.unity.shadergraph/Editor/Generation/Targets/BuiltIn/Editor/ShaderGraph/Includes/Varyings.hlsl using Guid(48ba7a8ce29978c4690d3d53549a5a4c) (ShaderIncludeImporter) -> (artifact id: '1cb66669934fced0d9d6f3f14c16059f') in 0.00294 seconds
Start importing Packages/com.unity.render-pipelines.universal/ShaderLibrary/Particles.hlsl using Guid(58997c4bd657ad848919e91029ee01eb) (ShaderIncludeImporter) -> (artifact id: '587a5a8772c68e570548f6b6e0189cb2') in 0.0027562 seconds
Start importing Packages/com.unity.render-pipelines.core/Runtime/Lighting/ProbeVolume/ProbeVolume.hlsl using Guid(688129ab15b222340a2c7fa427269889) (ShaderIncludeImporter) -> (artifact id: '285f9beafc2d2e596de0dd87d5bce0d2') in 0.0035082 seconds
Start importing Packages/com.unity.render-pipelines.universal/ShaderLibrary/UnityGBuffer.hlsl using Guid(688ed6f8ef8246529e7fdd721e43d639) (ShaderIncludeImporter) -> (artifact id: 'd628a2a222c8401e8640fd94c8d0eef3') in 0.002721 seconds
Start importing Packages/com.unity.render-pipelines.universal/Editor/ShaderGraph/Includes/Terrain/DepthNormalsOnlyPass.hlsl using Guid(78121747aa974234f94f7fda667dbbe1) (ShaderIncludeImporter) -> (artifact id: '2126eba93685ac21e3223f098a9654a8') in 0.0031606 seconds
Start importing Packages/com.unity.shadergraph/Editor/Generation/Targets/BuiltIn/ShaderLibrary/SurfaceData.hlsl using Guid(88329a10539cce1418e6aa8c8b62c896) (ShaderIncludeImporter) -> (artifact id: '422b404fe6880f18e30978b2b7a8475a') in 0.002572 seconds
Start importing Packages/com.unity.render-pipelines.universal/ShaderLibrary/LightCookie/LightCookie.hlsl using Guid(8878828335bd847b493e10211fcbf825) (ShaderIncludeImporter) -> (artifact id: '8386f0f52bfe2f88bbdb4ef48b3d2d80') in 0.0029626 seconds
Start importing Packages/com.unity.render-pipelines.universal/Shaders/2D/Include/Core2D.hlsl using Guid(882f88039036f6c49a8df5ce3d214444) (ShaderIncludeImporter) -> (artifact id: 'c1f3a6afaad2f1b10b83fa39bfb77795') in 0.0031512 seconds
Start importing Packages/com.unity.render-pipelines.universal/ShaderLibrary/Deprecated.hlsl using Guid(9802e36ef1c38064d9bcd7bf2e01cccb) (ShaderIncludeImporter) -> (artifact id: 'a2dbff075d600e0c8c86aeb0006f6c93') in 0.003021 seconds
Start importing Packages/com.unity.render-pipelines.universal/Shaders/Particles/ParticlesLitForwardPass.hlsl using Guid(a8d5c97876fe84413b2f630e2debf75b) (ShaderIncludeImporter) -> (artifact id: 'c186d5fa8e308c171c0ae7cbc2ba05a5') in 0.0030062 seconds
Start importing Packages/com.unity.render-pipelines.universal/Shaders/Terrain/TerrainLitInput.hlsl using Guid(a817cb90496894b368593402e13b040c) (ShaderIncludeImporter) -> (artifact id: '1d1df1164648d3a52340f5783c1c404b') in 0.0032733 seconds
Start importing Packages/com.unity.render-pipelines.universal/ShaderLibrary/ShaderVariablesFunctions.hlsl using Guid(a8db2eae5ac4548a683f17e8c528c05c) (ShaderIncludeImporter) -> (artifact id: '8a218ea6749e5251f3e3be7f1352b822') in 0.0026482 seconds
Start importing Packages/com.unity.render-pipelines.core/ShaderLibrary/CommonShadow.hlsl using Guid(a85db80be6def144e938df4cbf0d1aa6) (ShaderIncludeImporter) -> (artifact id: '21f3864ee28d3beb7f4f0f95f04e534f') in 0.0036575 seconds
Start importing Packages/com.unity.render-pipelines.core/Runtime/UnifiedRayTracing/TraceRay.hlsl using Guid(d89584fc78a387b4b89d50da624e2695) (ShaderIncludeImporter) -> (artifact id: 'b5d835f9178e3b10893ac9cc25706194') in 0.0031601 seconds
Start importing Packages/com.unity.render-pipelines.universal/Editor/ShaderGraph/Includes/MotionVectorPass.hlsl using Guid(d8b8f4c97d2074ea9a54a1d0dbefb62c) (ShaderIncludeImporter) -> (artifact id: '6427f194c201df6beec740b13b78285f') in 0.0033219 seconds
Start importing Packages/com.unity.shadergraph/Editor/Generation/Targets/Terrain/Includes/TerrainTextureVariables.hlsl using Guid(d85c65f9f4934f44bfa653df1ef8875c) (ShaderIncludeImporter) -> (artifact id: '10e7c612f28d8fac67bece28c50cc108') in 0.0039875 seconds
Start importing Packages/com.unity.render-pipelines.universal/ShaderLibrary/Debug/Debugging3D.hlsl using Guid(d8ae717b647341719f2a89f20faaf51b) (ShaderIncludeImporter) -> (artifact id: 'b250aaa4b46afdd33101915572e06a31') in 0.0035158 seconds
Start importing Packages/com.unity.render-pipelines.core/ShaderLibrary/API/Switch.hlsl using Guid(e81335bf0a3c45c4fa81ed2fe67eeba0) (ShaderIncludeImporter) -> (artifact id: '099ffeeb79a282bb7b3b465dfabae3ba') in 0.0031511 seconds
Start importing Packages/com.unity.render-pipelines.core/ShaderLibrary/API/FoveatedRendering_Metal.hlsl using Guid(e885d2d1e5bc4382b9f742451fef9b1f) (ShaderIncludeImporter) -> (artifact id: 'b41dc7b3b492d9a58f635740d346e0d9') in 0.0036422 seconds
Start importing Packages/com.unity.render-pipelines.core/ShaderLibrary/DebugMipmapStreamingMacros.hlsl using Guid(0986d558af63ed0418f7eb24eeaa2308) (ShaderIncludeImporter) -> (artifact id: '58c8883caf2dceff7aad099d56cbfbc3') in 0.0039993 seconds
Start importing Packages/com.unity.render-pipelines.core/ShaderLibrary/ThreadingEmuImpl.hlsl using Guid(093f86242d8d4e64187076599c7f708e) (ShaderIncludeImporter) -> (artifact id: 'ddf7373b89c73c9984e46f7ab5f5f6d1') in 0.0029505 seconds
Start importing Packages/com.unity.render-pipelines.universal/Editor/2D/ShaderGraph/Includes/Mesh2DLitPass.hlsl using Guid(19a7eabf161c29846b42f73a2965d39b) (ShaderIncludeImporter) -> (artifact id: 'd8edf7ef35f963fcd12f4c9aab0d2071') in 0.0030112 seconds
Start importing Packages/com.unity.render-pipelines.universal/ShaderLibrary/DeclareOpaqueTexture.hlsl using Guid(29619926ce55c944aa978fe5e07cc3db) (ShaderIncludeImporter) -> (artifact id: '19efa1e356eb1829e5f13d63d96fa3d8') in 0.0033534 seconds
Start importing Packages/com.unity.render-pipelines.universal/ShaderLibrary/LightCookie/LightCookieTypes.hlsl using Guid(394c5e9a352f74e998cb797d7aa461d4) (ShaderIncludeImporter) -> (artifact id: '2a84f2e6c5da24832eb2e00745c488ad') in 0.0031812 seconds
Start importing Packages/com.unity.shadergraph/Editor/Generation/Targets/BuiltIn/Editor/ShaderGraph/Includes/LightingMetaPass.hlsl using Guid(395ef430db5747842b555e50b3c7b330) (ShaderIncludeImporter) -> (artifact id: 'f05d1e1dffbff550d2ac2fb193b69f73') in 0.0033699 seconds
Start importing Packages/com.unity.render-pipelines.universal/Editor/2D/ShaderGraph/Includes/SpriteNormalPass.hlsl using Guid(39ce338156d9f6b40b4702eb2d26d40d) (ShaderIncludeImporter) -> (artifact id: '2504f78fe2be176a3622cac90a5dbae4') in 0.0035498 seconds
Start importing Packages/com.unity.render-pipelines.core/ShaderLibrary/DynamicScalingClamping.hlsl using Guid(49883cc3d16fa0241a1c9114ce9a1f64) (ShaderIncludeImporter) -> (artifact id: 'ea16145742966e9fadde08c89d0148f7') in 0.0033976 seconds
Start importing Packages/com.unity.render-pipelines.universal/Editor/ShaderGraph/Includes/Terrain/PBRGBufferPass.hlsl using Guid(6970aba7f3c314f4fa5d5b93188b6de3) (ShaderIncludeImporter) -> (artifact id: '3a035531728d55069700e785b4f2b4e5') in 0.0033055 seconds
Start importing Packages/com.unity.render-pipelines.universal/Shaders/Nature/SpeedTree7BillboardInput.hlsl using Guid(693515911c7346d448c10a3cfc4acf45) (ShaderIncludeImporter) -> (artifact id: '4a3c5298593c0d9080bde6762c9b571e') in 0.0040736 seconds
Start importing Packages/com.unity.render-pipelines.universal/Shaders/PostProcessing/FXAA3_11.hlsl using Guid(691e950f7acb24df5be4c31303d0991a) (ShaderIncludeImporter) -> (artifact id: 'e39da946d857f0bd1081c434ce05ae39') in 0.0034674 seconds
Start importing Packages/com.unity.render-pipelines.universal/Shaders/2D/Include/Normals2DCommon.hlsl using Guid(694e01e6361351641bfb5cc5fc69f087) (ShaderIncludeImporter) -> (artifact id: '975ea5731aa68088ae3e537fd312a094') in 0.0036804 seconds
Start importing Packages/com.unity.render-pipelines.core/ShaderLibrary/TextureStack.hlsl using Guid(79641ba14fe04324b8905bafbf3e82ed) (ShaderIncludeImporter) -> (artifact id: '6d8e8fd32d6eb517e11c5fcd81c412bd') in 0.0033274 seconds
Start importing Packages/com.unity.render-pipelines.core/ShaderLibrary/Texture.hlsl using Guid(79062f3c36657da4e9a366000411cf78) (ShaderIncludeImporter) -> (artifact id: '4ed13b885b612beff99adfda35180eec') in 0.0041804 seconds
Start importing Packages/com.unity.render-pipelines.core/ShaderLibrary/UnityDOTSInstancing.hlsl using Guid(89aebf2868d41e34abc02aae1d41b4cd) (ShaderIncludeImporter) -> (artifact id: '206ef8e74915f45ad1928a06851633c0') in 0.0036672 seconds
Start importing Packages/com.unity.shadergraph/Editor/Generation/Targets/BuiltIn/ShaderLibrary/ParticlesInstancing.hlsl using Guid(9989d64681f299941b8d598b04007e82) (ShaderIncludeImporter) -> (artifact id: '9515c287c90104789ff90bb331019f0f') in 0.003662 seconds
Start importing Packages/com.unity.render-pipelines.universal/Shaders/2D/Include/NormalsRenderingShared.hlsl using Guid(b9c3f97797bd9374cb2607614554fe54) (ShaderIncludeImporter) -> (artifact id: '964108ef758d3bb5c3cbf05a728ac841') in 0.0044699 seconds
Start importing Packages/com.unity.render-pipelines.universal/Shaders/2D/Include/SpriteMaskShared.hlsl using Guid(c9ac51d204bc24b118ec6bc5ab6c29c6) (ShaderIncludeImporter) -> (artifact id: '85cda7298d7b113dad2ac3211911a190') in 0.0048462 seconds
Start importing Packages/com.unity.render-pipelines.universal/Shaders/Particles/ParticlesDepthOnlyPass.hlsl using Guid(e9795406c7fc049d2b125cce47405fa9) (ShaderIncludeImporter) -> (artifact id: 'd3aac80a75ed727432a6382af10d94b9') in 0.0038283 seconds
Start importing Packages/com.unity.render-pipelines.universal/Shaders/Nature/SpeedTree8Input.hlsl using Guid(e9fc1df17be32ac41a7186d571c669d5) (ShaderIncludeImporter) -> (artifact id: '9b55297ed0b55f74375e138f8f8e8fbb') in 0.0039961 seconds
Start importing Packages/com.unity.render-pipelines.core/ShaderLibrary/Sampling/SampleUVMappingNormalInternal.hlsl using Guid(f941b2119184e624a8ecd126735c5ed0) (ShaderIncludeImporter) -> (artifact id: '0739d0bfe6dceb4f097db5a8bda17840') in 0.0038144 seconds
Start importing Packages/com.unity.render-pipelines.core/ShaderLibrary/PerPixelDisplacement.hlsl using Guid(0a40799d368cbbd4982d2f423cdd8595) (ShaderIncludeImporter) -> (artifact id: '070e3623439d682ef60d77206dc8b3be') in 0.0033723 seconds
Start importing Packages/com.unity.render-pipelines.universal/Shaders/DepthOnlyPass.hlsl using Guid(0acd4fdbcf0cf654a9cdf3e9ccc2edce) (ShaderIncludeImporter) -> (artifact id: 'b280b4b5e8cc228db0b137874f5e30df') in 0.0030373 seconds
Start importing Packages/com.unity.render-pipelines.core/Runtime/UnifiedRayTracing/Hardware/HardwareRaygenShader.hlsl using Guid(1ad0a9c8f99bbe642b782fd45551c0a1) (ShaderIncludeImporter) -> (artifact id: '958da1402d9052569a7b5cdad7b73cef') in 0.0028834 seconds
Start importing Packages/com.unity.render-pipelines.core/ShaderLibrary/SixWayLighting.hlsl using Guid(1a3c09fe584943f9ba43ae5a5cf0700d) (ShaderIncludeImporter) -> (artifact id: '1e62a34d33fe0a11938ea3dad0d8b0d1') in 0.0029093 seconds
Start importing Packages/com.unity.render-pipelines.universal/Shaders/Particles/ParticlesInput.hlsl using Guid(1acd75ff24dbc43cca235408192130b7) (ShaderIncludeImporter) -> (artifact id: 'dad2be42c763cbe716144c7d30add102') in 0.0035761 seconds
Start importing Packages/com.unity.shadergraph/Editor/Generation/Targets/BuiltIn/ShaderLibrary/Input.hlsl using Guid(1a6eb37d2c834244cbdd9d92ce6a52ed) (ShaderIncludeImporter) -> (artifact id: '2b7a5b869fc43cf27c6cd6ba6ee3f1bb') in 0.0029005 seconds
Start importing Packages/com.unity.render-pipelines.core/ShaderLibrary/AreaLighting.hlsl using Guid(2af09bb13e6547242913c40dfb0e50f9) (ShaderIncludeImporter) -> (artifact id: 'ac99518b93f15ed63264b0ff1c90f73e') in 0.0039644 seconds
Start importing Packages/com.unity.render-pipelines.core/Runtime/PostProcessing/Shaders/ffx/ffx_fsr1.hlsl using Guid(2a92c8c54bb0f63458be93b670c77c3b) (ShaderIncludeImporter) -> (artifact id: '6989396144e5a5d744b1c88aa7e6a263') in 0.0036287 seconds
Start importing Packages/com.unity.render-pipelines.core/Runtime/PostProcessing/Shaders/ffx/ffx_cas.hlsl using Guid(2a9d148fab2695346824a766e925a31f) (ShaderIncludeImporter) -> (artifact id: 'ef91aba14c4f3df843890077e5064398') in 0.003408 seconds
Start importing Packages/com.unity.render-pipelines.universal/Editor/ShaderGraph/Includes/Terrain/TerrainVert.hlsl using Guid(3a737aafdc720423fac5e90590a0f05f) (ShaderIncludeImporter) -> (artifact id: '72ea5de27719a9f2ab689bed22b57242') in 0.0033845 seconds
Start importing Packages/com.unity.shadergraph/Editor/Generation/Targets/BuiltIn/ShaderLibrary/Shim/SurfaceShaderProxy.hlsl using Guid(3a5c1c06341ec0448a21f4659568cf1b) (ShaderIncludeImporter) -> (artifact id: 'c0340d6e3180b98956b32f3931d1a312') in 0.0030785 seconds
Start importing Packages/com.unity.render-pipelines.universal/Editor/2D/ShaderGraph/Includes/SpriteForwardPass.hlsl using Guid(4ad8b54817d9f5441910014b5ceb8583) (ShaderIncludeImporter) -> (artifact id: 'e106572f87333e5dab431eada03c1082') in 0.0034005 seconds
Start importing Packages/com.unity.render-pipelines.core/Editor/Lighting/ProbeVolume/ProbeGIBaking.Dilate.cs.hlsl using Guid(5a1695d093636284ca9487c8124775c5) (ShaderIncludeImporter) -> (artifact id: '707395630ce0061195951be162d9164e') in 0.0052729 seconds
Start importing Packages/com.unity.render-pipelines.universal/Shaders/Terrain/TerrainDetailLitInput.hlsl using Guid(6aa45ba0b4524671ae57fb74652592f3) (ShaderIncludeImporter) -> (artifact id: 'ebccc54c5cf2f3e92dd0d50a993c2ed5') in 0.0038686 seconds
Start importing Packages/com.unity.shadergraph/GraphTemplates/Cross Pipeline/GetSceneNormal.hlsl using Guid(7a885bf8770318b4f97d51502ba92b06) (ShaderIncludeImporter) -> (artifact id: 'e5bc4ed74fec9cda4bc199258189653e') in 0.003482 seconds
Start importing Packages/com.unity.render-pipelines.core/Runtime/GPUDriven/GeometryUtilities.hlsl using Guid(8ae16c27ed16096458605a6fc56994c8) (ShaderIncludeImporter) -> (artifact id: 'b6db79811fb5f4fc65f2227cf811591c') in 0.0039114 seconds
Start importing Packages/com.unity.render-pipelines.core/Runtime/Sampling/SobolSampling.hlsl using Guid(8a9360b3acf7c304cbcb5a54b9b89409) (ShaderIncludeImporter) -> (artifact id: '9fec6968a90cfd86257e6ad74b8a32fd') in 0.0036529 seconds
Start importing Packages/com.unity.shadergraph/Editor/Generation/Targets/BuiltIn/ShaderLibrary/Deprecated.hlsl using Guid(8ac4c7f9b9937b64885ce949fc6d6525) (ShaderIncludeImporter) -> (artifact id: '5db671767109b4023286e16313efabb7') in 0.0026461 seconds
Start importing Packages/com.unity.render-pipelines.core/Runtime/UnifiedRayTracing/Compute/RadeonRays/kernels/math.hlsl using Guid(8a988affc98dd434aadd71fe6be1061f) (ShaderIncludeImporter) -> (artifact id: 'c3b14f68cfb9d29208f0eaf0bdbcda15') in 0.0036975 seconds
Start importing Packages/com.unity.render-pipelines.universal/Shaders/ShadowCasterPass.hlsl using Guid(9a48a2987a0e11645adf07fe4a8d5ec9) (ShaderIncludeImporter) -> (artifact id: '4914621493ad915d73763580e02abf8d') in 0.0029007 seconds
Start importing Packages/com.unity.render-pipelines.universal/ShaderLibrary/ShaderGraphFunctions.hlsl using Guid(9adc879d74aec4400bbdce89ff664a05) (ShaderIncludeImporter) -> (artifact id: '6c5d6959ff3faafad850ffe164f65a06') in 0.0041928 seconds
Start importing Packages/com.unity.render-pipelines.universal/Shaders/Terrain/TerrainTextureNode.hlsl using Guid(aa602bf7da734370bdb394a751f56555) (ShaderIncludeImporter) -> (artifact id: '774cfd93fbc62b5d8e48f7820d9cc3e1') in 0.0033519 seconds
Start importing Packages/com.unity.render-pipelines.universal/Editor/ShaderGraph/Includes/ShaderVariablesDecal.hlsl using Guid(aa80e1eae2080d849a7ab1ccfbd6953c) (ShaderIncludeImporter) -> (artifact id: '94825bbab25d398be20f2a374049f2d2') in 0.0034423 seconds
Start importing Packages/com.unity.render-pipelines.core/ShaderLibrary/Sampling/Hammersley.hlsl using Guid(aa5e319c8b8499f4fba1c3ecdd133545) (ShaderIncludeImporter) -> (artifact id: '6a1709bbfb29ed7eabf912afe0389cf2') in 0.0037334 seconds
Start importing Packages/com.unity.render-pipelines.core/Runtime/Sampling/Hashes.hlsl using Guid(ba9242b5d88ccf2489a51d94185a1300) (ShaderIncludeImporter) -> (artifact id: '31f5c40bfb69a442f9ab5488d9928265') in 0.0037678 seconds
Start importing Packages/com.unity.render-pipelines.universal/Editor/ShaderGraph/Includes/ShaderPass.hlsl using Guid(ba78d2682f9fed14fb0827a24fb5a1f0) (ShaderIncludeImporter) -> (artifact id: '25de83565803fe2a60273b7d4cb12ab0') in 0.0030992 seconds
Start importing Packages/com.unity.render-pipelines.universal/Shaders/Terrain/WavingGrassInput.hlsl using Guid(ca55f7593a02f4c1ab1bdbc03282d7af) (ShaderIncludeImporter) -> (artifact id: '8e989f84f4bc3b00186ca23ff34101e6') in 0.0034374 seconds
Start importing Packages/com.unity.render-pipelines.core/ShaderLibrary/CommonDeprecated.hlsl using Guid(ca3a5025616550a40816a5272a4f7631) (ShaderIncludeImporter) -> (artifact id: '881ac63173bade2af9d980430fb92aa7') in 0.0037463 seconds
Start importing Packages/com.unity.render-pipelines.universal/Shaders/Particles/ParticlesSimpleLitGBufferPass.hlsl using Guid(ca0e14e5bf6ac934086f42ca329f4ef1) (ShaderIncludeImporter) -> (artifact id: '7476a5a6593dc97da5711399448dd067') in 0.0066862 seconds
Start importing Packages/com.unity.render-pipelines.universal/Editor/ShaderGraph/Includes/SixWayForwardPass.hlsl using Guid(ea5e0c2b753f4b5287a5a23f0e61407e) (ShaderIncludeImporter) -> (artifact id: '0b74420d2f281cc4ff600a691116e309') in 0.0039361 seconds
Start importing Packages/com.unity.render-pipelines.universal/Shaders/PostProcessing/Common.hlsl using Guid(eaaf2a45502c59c4e907088b5f034c0c) (ShaderIncludeImporter) -> (artifact id: '3305029b37f535b8f3646a049e0b7ffc') in 0.0032356 seconds
Start importing Packages/com.unity.shadergraph/Editor/Generation/Targets/Fullscreen/Includes/FullscreenDrawProcedural.hlsl using Guid(fa5319f2d61c4df44b77220af2406147) (ShaderIncludeImporter) -> (artifact id: '211238989735b95e21be8f156fc7047d') in 0.003574 seconds
Start importing Packages/com.unity.shadergraph/Editor/Generation/Targets/BuiltIn/ShaderLibrary/Shim/Shims.hlsl using Guid(fa48edec2a3839b41a62407f4a233b81) (ShaderIncludeImporter) -> (artifact id: '14622bf70258c6a94665c2a21de29ffc') in 0.0033729 seconds
Start importing Packages/com.unity.shadergraph/Editor/Generation/Targets/Fullscreen/Includes/FullscreenShaderPass.cs.hlsl using Guid(fa6980c25ec2f164ba4a6fcb040eb870) (ShaderIncludeImporter) -> (artifact id: '405d5b02fcc0a37f940e2aad662910ee') in 0.0042021 seconds
Start importing Packages/com.unity.render-pipelines.core/ShaderLibrary/Hashes.hlsl using Guid(0bf6c7395c05c624d92ebdff0dcc1a61) (ShaderIncludeImporter) -> (artifact id: '0b03e84146c06948d7fc5c819dacd6cc') in 0.0029112 seconds
Start importing Packages/com.unity.render-pipelines.universal/ShaderLibrary/GlobalIllumination.hlsl using Guid(1be91b057dbe43239a838d9e45a42a32) (ShaderIncludeImporter) -> (artifact id: '2c3a82360d822c7ba5a1a46618c5decc') in 0.0035985 seconds
Start importing Packages/com.unity.render-pipelines.universal/ShaderLibrary/GBufferInput.hlsl using Guid(2b30f99b47dd40adaf41fd8e6573daa4) (ShaderIncludeImporter) -> (artifact id: 'eb297eaaf004492137af85c7cbc9e98e') in 0.0039124 seconds
Start importing Packages/com.unity.shadergraph/ShaderGraphLibrary/ShaderVariables.hlsl using Guid(2bc64066748469e48861ed835a8b806d) (ShaderIncludeImporter) -> (artifact id: '8c2d056e439d9efee6956df966f74eb5') in 0.0055373 seconds
Start importing Packages/com.unity.render-pipelines.universal/Editor/Terrain/TerrainPassDefine.template.hlsl using Guid(3b77405e9fadb4c408bbf830f615ce99) (ShaderIncludeImporter) -> (artifact id: '5a4363b6464fde387f3d12ea89221e42') in 0.0046495 seconds
Start importing Packages/com.unity.render-pipelines.universal/Editor/ShaderGraph/Includes/ShadowCasterPass.hlsl using Guid(3beb91c1958c67d47bb580c465e22f29) (ShaderIncludeImporter) -> (artifact id: '051fcc12ffda9ba1e413f152b0cdf778') in 0.0032782 seconds
Start importing Packages/com.unity.render-pipelines.universal/Shaders/2D/Include/Lit2DCommon.hlsl using Guid(4b0b97f5510f6a34681068f902b725d5) (ShaderIncludeImporter) -> (artifact id: '1dcdf719b116eae4e2b5c84f815de6bb') in 0.0033558 seconds
Start importing Packages/com.unity.render-pipelines.universal/ShaderLibrary/ShaderTypes.cs.hlsl using Guid(6be8cfeb6b34eca43b000cb7bad7255e) (ShaderIncludeImporter) -> (artifact id: '7546dd7a9dd0cb06b6058e81f97c4b57') in 0.0030184 seconds
Start importing Packages/com.unity.render-pipelines.universal/Shaders/Terrain/TerrainLitDepthNormalsPass.hlsl using Guid(7b6328a4b0ed14a9ea5e0629d7c7966c) (ShaderIncludeImporter) -> (artifact id: '887bf77b7942e666e8cb20ec929963f3') in 0.0047115 seconds
Start importing Packages/com.unity.render-pipelines.universal/Runtime/RendererFeatures/SurfaceCacheGI/SurfaceCacheCore/IrradianceCompression.hlsl using Guid(7be701552a7670148a7c948d2b363156) (ShaderIncludeImporter) -> (artifact id: 'e90cb52cee3c7ffdb2f23afc61786d9f') in 0.0039631 seconds
Start importing Packages/com.unity.render-pipelines.core/Runtime/UnifiedRayTracing/Compute/RadeonRays/kernels/transform.hlsl using Guid(7b4dd253adea58d49a8347c5bcc08904) (ShaderIncludeImporter) -> (artifact id: 'c8bf28ac88e10a525eb9c7610fd1b4a8') in 0.0036931 seconds
Start importing Packages/com.unity.render-pipelines.core/Runtime/Debug/ProbeVolumeDebugFunctions.hlsl using Guid(7b7fb68bec939a04791463e4b8734f38) (ShaderIncludeImporter) -> (artifact id: '8e27f3d824c988d69bac8a283fd1d5e4') in 0.007999 seconds
Start importing Packages/com.unity.render-pipelines.core/Runtime/PostProcessing/Shaders/ffx/ffx_lpm.hlsl using Guid(8b2264ffe26ac3e42b4077bfbc35941b) (ShaderIncludeImporter) -> (artifact id: 'd42535a58c7decfd10eed5f81499ac98') in 0.0076627 seconds
Start importing Packages/com.unity.render-pipelines.universal/Shaders/Nature/SpeedTree7BillboardPasses.hlsl using Guid(8ba36b6596e931145bbad992032afb1a) (ShaderIncludeImporter) -> (artifact id: '05994983ef5a2c10f3e64b979c2eaccb') in 0.0050363 seconds
Start importing Packages/com.unity.shadergraph/ShaderGraphLibrary/Nature/SpeedTree8Wind.hlsl using Guid(8b4aa8c48881d4142b1c30e408b503d8) (ShaderIncludeImporter) -> (artifact id: 'b6af647fc11f1a0d184d72822288c6cf') in 0.0051897 seconds
Start importing Packages/com.unity.shadergraph/Editor/Generation/Targets/BuiltIn/ShaderLibrary/ShaderVariablesFunctions.hlsl using Guid(9b185d0244daaf94894ec0689c057a42) (ShaderIncludeImporter) -> (artifact id: 'eb71e81c066192cc09d26b5191ca254c') in 0.0063013 seconds
Start importing Packages/com.unity.render-pipelines.universal/Editor/ShaderGraph/Includes/LightingMetaPass.hlsl using Guid(9b897418a23a04642a054cf9daa3bf54) (ShaderIncludeImporter) -> (artifact id: '7b147c10677afb4e4c3f65d440636eba') in 0.0042801 seconds
Start importing Packages/com.unity.render-pipelines.universal/Runtime/RendererFeatures/SurfaceCacheGI/SurfaceCacheCore/Common.hlsl using Guid(9bdf70d328f46724a8d2a29eacb6e8d7) (ShaderIncludeImporter) -> (artifact id: '12e3d072b256b2c9613a225f0a08822d') in 0.003179 seconds
Start importing Packages/com.unity.ugui/Editor Resources/Shaders/TMP_SDF_SSD.cginc using Guid(abe6991365a27d341a10580f3b7c0f44) (ShaderIncludeImporter) -> (artifact id: '6210c9b75bcff879a66d3acd3c6dd96f') in 0.0037707 seconds
Start importing Packages/com.unity.render-pipelines.core/Runtime/UnifiedRayTracing/Compute/RadeonRays/kernels/trace_ray.hlsl using Guid(ab8d793352dffca4f9b91b50e2421b57) (ShaderIncludeImporter) -> (artifact id: 'caeae22ed9ff8274932cc2b49262ce0e') in 0.0058666 seconds
Start importing Packages/com.unity.shadergraph/ShaderGraphLibrary/Nature/SpeedTree9Wind.hlsl using Guid(dbd0aaccbcc575f468323e8991e68e98) (ShaderIncludeImporter) -> (artifact id: '2d751aec6b0ead0b483cd048f59b2991') in 0.0035671 seconds
Start importing Packages/com.unity.render-pipelines.universal/ShaderLibrary/GBufferOutput.hlsl using Guid(db51e39af1b3c01449a3e6b1ce782a48) (ShaderIncludeImporter) -> (artifact id: 'b14a8b4af31163ffd134d279fd9df06f') in 0.0035658 seconds
Start importing Packages/com.unity.render-pipelines.core/Runtime/Vrs/Shaders/VrsShadingRates.hlsl using Guid(dbb73cb4c1954036a32ce1ade17ac0fd) (ShaderIncludeImporter) -> (artifact id: 'd3a75696d03a5648a51816ce82f2729b') in 0.003176 seconds
Start importing Packages/com.unity.shadergraph/GraphTemplates/Subgraphs/CanvasLinearSpaceConversion.hlsl using Guid(ebc2de0dabf4215478451d72641762ff) (ShaderIncludeImporter) -> (artifact id: 'c690503dede8f8c969a8324dd18eabc9') in 0.0036803 seconds
Start importing Packages/com.unity.render-pipelines.core/Runtime/Lighting/ProbeVolume/ProbeVolumeUploadDataCommon.hlsl using Guid(fb1453f13b855f444a8034b2db10ca61) (ShaderIncludeImporter) -> (artifact id: 'ef9bfe867865f568f9645c9290fa7ebb') in 0.0035237 seconds
Start importing Packages/com.unity.render-pipelines.universal/Shaders/PostProcessing/SubpixelMorphologicalAntialiasingBridge.hlsl using Guid(0c5832a72145a5b49a1b64a21a609bb4) (ShaderIncludeImporter) -> (artifact id: 'a69cd26a5b71b0f5439ecd24543c3fe6') in 0.0036625 seconds
Start importing Packages/com.unity.render-pipelines.core/Runtime/Debug/ProbeVolumeDebugBase.hlsl using Guid(0c0fc89bf58dc6d4590d0db55a62679e) (ShaderIncludeImporter) -> (artifact id: 'ce01fada4b1bcf355640e5d1e25fd789') in 0.0035718 seconds
Start importing Packages/com.unity.render-pipelines.universal/ShaderLibrary/AmbientOcclusion.hlsl using Guid(1c0cb2353d9a4debbc61e650002843f4) (ShaderIncludeImporter) -> (artifact id: 'd413f326bb01aaa85da7121a5c9b63b7') in 0.0037568 seconds
Start importing Packages/com.unity.shadergraph/Editor/Generation/Targets/BuiltIn/ShaderLibrary/UnityInput.hlsl using Guid(1c7ec01faf22529498d9ebac04dfafd4) (ShaderIncludeImporter) -> (artifact id: 'e78a0635bfeba66e0c5607532f0d02d8') in 0.0029671 seconds
Start importing Packages/com.unity.shadergraph/ShaderGraphLibrary/ShaderConfig.cs.hlsl using Guid(2c6472a689b6ae34e806881d3066cfb3) (ShaderIncludeImporter) -> (artifact id: '577cbf0a8465c76f07bb9fb420f351f4') in 0.0034189 seconds
Start importing Packages/com.unity.render-pipelines.universal/Editor/2D/ShaderGraph/Includes/SpriteLitPass.hlsl using Guid(3ce18356597793947bd0f671f7363559) (ShaderIncludeImporter) -> (artifact id: 'cb664f728743a81c9be68b9a8df97caf') in 0.0037855 seconds
Start importing Packages/com.unity.render-pipelines.core/Runtime/Vrs/Shaders/VrsImage.hlsl using Guid(3cc7957ff84646bbbb849b88919e2109) (ShaderIncludeImporter) -> (artifact id: '31e3be685c98ef196fbc7a43b81094be') in 0.0045557 seconds
Start importing Packages/com.unity.render-pipelines.universal/Editor/ShaderGraph/Includes/PBR2DPass.hlsl using Guid(3cb98c83fcab8434296397682201b369) (ShaderIncludeImporter) -> (artifact id: 'cb02bdb0d5cbad1bb00a99f44e84a55e') in 0.0036554 seconds
Start importing Packages/com.unity.ugui/Editor Resources/Shaders/TMP_Properties.cginc using Guid(3c6c403084eacec478a1129ce20061ea) (ShaderIncludeImporter) -> (artifact id: '0b6510a7584c4ccb00079dbc08b3b282') in 0.0041889 seconds
Start importing Packages/com.unity.render-pipelines.core/Runtime/UnifiedRayTracing/Compute/RayQuerySoftware.hlsl using Guid(3cae67c457a2ad24495f86529619c102) (ShaderIncludeImporter) -> (artifact id: '8378f0306c5a3b367052338f4cfb226a') in 0.0041186 seconds
Start importing Packages/com.unity.render-pipelines.universal/ShaderLibrary/Clustering.hlsl using Guid(5c52f3d26791c415b9e887442bfc817c) (ShaderIncludeImporter) -> (artifact id: '9203bacd6cc4ec754f0a6b52c2fbb18c') in 0.0040798 seconds
Start importing Packages/com.unity.render-pipelines.universal/ShaderLibrary/Shadows.hlsl using Guid(5cb845b7decdb4db6a7fcc676b127b6d) (ShaderIncludeImporter) -> (artifact id: 'f7d219d047f4515df2c6607adcccc848') in 0.0029986 seconds
Start importing Packages/com.unity.render-pipelines.universal/Shaders/2D/Include/ShapeLightVariables.hlsl using Guid(5ce9e51bf709e4e459da190b3cf4d110) (ShaderIncludeImporter) -> (artifact id: '6ba50cdd56895471936c0e993b1a772d') in 0.0039901 seconds
Start importing Packages/com.unity.render-pipelines.core/Runtime/GPUDriven/OccluderDepthPyramidConstants.cs.hlsl using Guid(5cbc804d3cb252947a62ba74b9e72d08) (ShaderIncludeImporter) -> (artifact id: '0f0b371ae39df8b047fe7a9342120111') in 0.0042431 seconds
Start importing Packages/com.unity.render-pipelines.universal/ShaderLibrary/MetaInput.hlsl using Guid(6c9c9877e9a3dff4fbc73fd447c653d8) (ShaderIncludeImporter) -> (artifact id: 'd0706f5645459d4323d1b509cac6dc2b') in 0.0031463 seconds
Start importing Packages/com.unity.shadergraph/Editor/Generation/Targets/BuiltIn/ShaderLibrary/Shim/HLSLSupportShim.hlsl using Guid(7c33a2e733f9c2a4185a4a03d7ed39ca) (ShaderIncludeImporter) -> (artifact id: 'c82bde28cd3bee7807e574464d274913') in 0.0036177 seconds
Start importing Packages/com.unity.shadergraph/Editor/Generation/Targets/BuiltIn/Editor/ShaderGraph/Includes/SpriteUnlitPass.hlsl using Guid(7c499715fdb4d7c479dcd3fd13abe0d0) (ShaderIncludeImporter) -> (artifact id: '829b213e2193ce55dabfdce6a2381473') in 0.0029589 seconds
Start importing Packages/com.unity.render-pipelines.core/ShaderLibrary/API/D3D11.hlsl using Guid(9c7140d7b956a4547bb71f8ed0dd9049) (ShaderIncludeImporter) -> (artifact id: '4a1d4001e329db98d9cad022f0101c36') in 0.0043306 seconds
Start importing Packages/com.unity.render-pipelines.universal/Runtime/VFXGraph/Shaders/VFXLitPixelOutput.hlsl using Guid(ac160f8e04d8868418f09da1757e85ac) (ShaderIncludeImporter) -> (artifact id: 'e00b5aa4c6579fe41e53c674d77cd90e') in 0.0040528 seconds
Start importing Packages/com.unity.render-pipelines.universal/Editor/2D/ShaderGraph/Includes/MeshUnlitPass.hlsl using Guid(bce3f62f3aca0994599f5113432c9136) (ShaderIncludeImporter) -> (artifact id: '67f3fdc1d3c8e4ffb60172e7d9116874') in 0.0038738 seconds
Start importing Packages/com.unity.render-pipelines.universal/ShaderLibrary/RenderingLayers.hlsl using Guid(bcd650cf6823f4f7fb62fe0eccae07b0) (ShaderIncludeImporter) -> (artifact id: 'da114a899ba25ac3d7abb32701aa9097') in 0.0056845 seconds
Start importing Packages/com.unity.render-pipelines.universal/ShaderLibrary/GBufferCommon.hlsl using Guid(bc7fdf95b149455c88d444108d74601c) (ShaderIncludeImporter) -> (artifact id: 'd14f9fe412b934f40ba3d2dce3501691') in 0.0085347 seconds
Start importing Packages/com.unity.render-pipelines.universal/Shaders/Particles/ParticlesLitGbufferPass.hlsl using Guid(cc421706a0b598946982fee0c0d4bf51) (ShaderIncludeImporter) -> (artifact id: '79e967ec0f327af7b3804122998e8767') in 0.0062898 seconds
Start importing Packages/com.unity.render-pipelines.core/ShaderLibrary/Threading.hlsl using Guid(cc0d8451b1d348689c76bbac2a797aaa) (ShaderIncludeImporter) -> (artifact id: '0dc3ce99f87669354bb9a6f078c69ad8') in 0.0060366 seconds
Start importing Packages/com.unity.render-pipelines.universal/Shaders/LitMetaPass.hlsl using Guid(dcf4e762d48204e33b575f8007e3d563) (ShaderIncludeImporter) -> (artifact id: '926298f223db4279249a6603084fdbbb') in 0.0048541 seconds
Start importing Packages/com.unity.render-pipelines.core/Runtime/Lighting/ProbeVolume/ShaderVariablesProbeVolumes.cs.hlsl using Guid(dcbd446e83bc87d40b82dd90f8814c3c) (ShaderIncludeImporter) -> (artifact id: 'c9f52fcb492cc37f5c3b11f0f14a99ba') in 0.0049552 seconds
Start importing Packages/com.unity.render-pipelines.core/Runtime/UnifiedRayTracing/Common/GeometryPool/GeometryPoolDefs.cs.hlsl using Guid(eca78e9f751408043bef5b9d52db9d39) (ShaderIncludeImporter) -> (artifact id: 'ce677dd2f022ab648ffd105b9e10292b') in 0.0066049 seconds
Start importing Packages/com.unity.shadergraph/ShaderGraphLibrary/ShaderVariablesMatrixDefsLegacyUnity.hlsl using Guid(0d85288be460c884bba7ec9ef5c6684d) (ShaderIncludeImporter) -> (artifact id: 'e606f14d3149e7eb8d4fc5bc52b2e67a') in 0.0091889 seconds
Start importing Packages/com.unity.shadergraph/ShaderGraphLibrary/PreviewPass.hlsl using Guid(0db5a27336918594d860a43da98f2b47) (ShaderIncludeImporter) -> (artifact id: '666813f87a1313739dd449b22fd488bd') in 0.0069204 seconds
Start importing Packages/com.unity.shadergraph/Editor/Generation/Targets/Fullscreen/Includes/CustomRenderTexture.hlsl using Guid(0de8792ff52727f44925b54be00b9f18) (ShaderIncludeImporter) -> (artifact id: 'c9becd7229e9d580bf422b49b0951d1f') in 0.0033094 seconds
Start importing Packages/com.unity.render-pipelines.universal/Shaders/Particles/ParticlesUnlitInput.hlsl using Guid(0ddf9719bc9ff43e1a017712e21bb5e6) (ShaderIncludeImporter) -> (artifact id: 'fd9bbe7623fc1ebd0d0bdbd9aa62420a') in 0.0036772 seconds
Start importing Packages/com.unity.render-pipelines.core/Runtime/UnifiedRayTracing/Compute/RadeonRays/kernels/intersector_common.hlsl using Guid(1d3d4991676b46b4dbcffa10bf77e786) (ShaderIncludeImporter) -> (artifact id: '115bea84610bbe23bca33a21a735a8c5') in 0.0036684 seconds
Start importing Packages/com.unity.render-pipelines.universal/Shaders/PostProcessing/TemporalAA.hlsl using Guid(2d9f6a569c0b340a388b3e7c0428548c) (ShaderIncludeImporter) -> (artifact id: 'ab6a049028f695d48487f12e4e22be70') in 0.0031503 seconds
Start importing Packages/com.unity.render-pipelines.universal/Editor/ShaderGraph/Includes/SelectionPickingPass.hlsl using Guid(3d28e6c5572c3d8479d70ecfdc954692) (ShaderIncludeImporter) -> (artifact id: '1650ec8386f0cbcabd59a15fd490ad62') in 0.0034915 seconds
Start importing Packages/com.unity.render-pipelines.universal/Runtime/RendererFeatures/SurfaceCacheGI/SurfaceCacheCore/TemporalFiltering.hlsl using Guid(3d6e9bbc38b5ff841a484d47af117c33) (ShaderIncludeImporter) -> (artifact id: '7c072168839235e9ea9ff591f82a42dc') in 0.0037626 seconds
Start importing Packages/com.unity.render-pipelines.universal/ShaderLibrary/ObjectMotionVectors.hlsl using Guid(6d239a0044031854a817ab72a66ce766) (ShaderIncludeImporter) -> (artifact id: '6f5569706893c51e611c88915967ba1a') in 0.0032916 seconds
Start importing Packages/com.unity.render-pipelines.universal/Runtime/RendererFeatures/SurfaceCacheGI/SurfaceCacheCore/Estimation.hlsl using Guid(6d141c681d76ebf4a954f3cbee57173c) (ShaderIncludeImporter) -> (artifact id: '2db5478c3261f60676cf80187b4aa9b2') in 0.0035565 seconds
Start importing Packages/com.unity.render-pipelines.core/Runtime/Sampling/QuasiRandom.hlsl using Guid(6dd45a9bd35347a45b6cb0047cab846f) (ShaderIncludeImporter) -> (artifact id: 'c194614d1c4f307244a06826c4c345d4') in 0.0025765 seconds
Start importing Packages/com.unity.render-pipelines.universal/ShaderLibrary/DeclareRenderingLayerTexture.hlsl using Guid(6db8433897838284fa5c7571f3088db8) (ShaderIncludeImporter) -> (artifact id: 'c1245cb58f23490f63f2734c405bf9e2') in 0.0047775 seconds
Start importing Packages/com.unity.render-pipelines.core/Runtime/UnifiedRayTracing/CommonStructs.hlsl using Guid(7d31f2834b1e0db45bc5e8596c3908cf) (ShaderIncludeImporter) -> (artifact id: '668c875b6a5f266ed9d69b7b95535e75') in 0.0038957 seconds
Start importing Packages/com.unity.render-pipelines.universal/ShaderLibrary/UnityTypes.hlsl using Guid(8d0dd75f99f9243d584a08489c8498b8) (ShaderIncludeImporter) -> (artifact id: '2111fc9206623c13384da65877920bf0') in 0.0037651 seconds
Start importing Packages/com.unity.render-pipelines.core/ShaderLibrary/Packing.hlsl using Guid(ad629edbad34c1c45afea3021c1553c8) (ShaderIncludeImporter) -> (artifact id: 'ba74eacbfa46763b1864dc2670841374') in 0.0041772 seconds
Start importing Packages/com.unity.render-pipelines.universal/Shaders/Terrain/TerrainLitPasses.hlsl using Guid(ad25529ea2516421ab5f1a2440bee139) (ShaderIncludeImporter) -> (artifact id: '2bff25c038a3d0c9ca0a091abcb381d4') in 0.0039781 seconds
Start importing Packages/com.unity.render-pipelines.universal/Shaders/SimpleLitInput.hlsl using Guid(ad863d097888f42c6bcf419efb2946c5) (ShaderIncludeImporter) -> (artifact id: '3d78ddef99e6d66556ef478252cedb7e') in 0.0038589 seconds
Start importing Packages/com.unity.render-pipelines.core/Runtime/Utilities/BlitColorAndDepth.hlsl using Guid(cdea49463de0449b48cacd6a3925dcf7) (ShaderIncludeImporter) -> (artifact id: '3440b8bba9098dd290535310ac52f8ef') in 0.0042718 seconds
Start importing Packages/com.unity.shadergraph/Editor/Generation/Targets/BuiltIn/Editor/ShaderGraph/Includes/DepthOnlyPass.hlsl using Guid(cd9e404a0c5b4bb4787c63d916f217a2) (ShaderIncludeImporter) -> (artifact id: '139727572911e86f9d9f9523ffea850e') in 0.0036977 seconds
Start importing Packages/com.unity.render-pipelines.universal/Editor/ShaderGraph/Templates/SharedCode.template.hlsl using Guid(ed33028ae86f863468162a7c6b0ae962) (ShaderIncludeImporter) -> (artifact id: 'c6caf7c418c1bf6f4fd3ca2cbccbf34d') in 0.0029438 seconds
Start importing Packages/com.unity.render-pipelines.core/Runtime/STP/Stp.hlsl using Guid(edf9bcadab79ea842850b55b8d3a60d4) (ShaderIncludeImporter) -> (artifact id: '9e8a361e81764add024bcfbb6f608386') in 0.00456 seconds
Start importing Packages/com.unity.render-pipelines.universal/Shaders/XR/XRMirrorView.hlsl using Guid(0eac51a8dfc8fa341a5f8c6450bc0f84) (ShaderIncludeImporter) -> (artifact id: '64a05444781017beb0e464101d0cc97a') in 0.0035937 seconds
Start importing Packages/com.unity.render-pipelines.core/ShaderLibrary/Tessellation.hlsl using Guid(1ea56bc9911bbad4191075872a46cc89) (ShaderIncludeImporter) -> (artifact id: '463e34bdd171d46e93039ee18377df9d') in 0.0040615 seconds
Start importing Packages/com.unity.render-pipelines.core/Runtime/GPUDriven/OcclusionCullingCommon.cs.hlsl using Guid(1ed97a1fe4775544caa75b92f1d8e9ae) (ShaderIncludeImporter) -> (artifact id: '5fc5d4dee754c25d7975ff1126a0a676') in 0.0035687 seconds
Start importing Packages/com.unity.shadergraph/Editor/Generation/Targets/BuiltIn/Editor/ShaderGraph/Includes/PBRGBufferPass.hlsl using Guid(3ed09dfc4bb69694ca13ae03dbab44df) (ShaderIncludeImporter) -> (artifact id: '10e3c6010f277b6971a235b4c75db5f4') in 0.0024514 seconds
Start importing Packages/com.unity.render-pipelines.universal/ShaderLibrary/DecalInput.hlsl using Guid(3e4be2c2c37a850478a159473b68a63f) (ShaderIncludeImporter) -> (artifact id: '591e4ae08f291fc6e567152c688dc867') in 0.0044592 seconds
Start importing Packages/com.unity.render-pipelines.universal/ShaderLibrary/Debug/Debugging2D.hlsl using Guid(4ee4501622ea4008903e313980a6b1b2) (ShaderIncludeImporter) -> (artifact id: 'a76504b1508bfc7cda56b26d80e1d2dd') in 0.0058475 seconds
Start importing Packages/com.unity.render-pipelines.universal/ShaderLibrary/RealtimeLights.hlsl using Guid(4e8e2a4c57cb4eb6bf8653ab88069a9c) (ShaderIncludeImporter) -> (artifact id: '52adbd4a27b414f9db8430d17a772f8c') in 0.0043407 seconds
Start importing Packages/com.unity.shadergraph/Editor/Generation/Targets/BuiltIn/Editor/ShaderGraph/Includes/LegacyBuilding.hlsl using Guid(5ef47fafdf6082a4ca29b49f85810af3) (ShaderIncludeImporter) -> (artifact id: 'dd2fb6d762f121363759d2cc144ca8e5') in 0.0049155 seconds
Start importing Packages/com.unity.render-pipelines.core/ShaderLibrary/BSDF.hlsl using Guid(5eb5e8e99ae281342bae5c7b296b3ae3) (ShaderIncludeImporter) -> (artifact id: '66c4c4bd4eddb8d4a9af2fbd74af874c') in 0.0037209 seconds
Start importing Packages/com.unity.render-pipelines.universal/ShaderLibrary/ForwardPlusKeyword.deprecated.hlsl using Guid(7e363e809b854c74b30d5945820534d4) (ShaderIncludeImporter) -> (artifact id: 'd21c5b11ebdb9531968fb63b55a25b55') in 0.0051296 seconds
Start importing Packages/com.unity.shadergraph/Editor/Generation/Targets/BuiltIn/ShaderLibrary/DeclareNormalsTexture.hlsl using Guid(8e70e91938193854da65cb4c9d09b99b) (ShaderIncludeImporter) -> (artifact id: '388c93dae625480b0d20de2903579d09') in 0.003562 seconds
Start importing Packages/com.unity.render-pipelines.core/Runtime/PostProcessing/LensFlareDataSRP.cs.hlsl using Guid(9ee7f7178a92d554fa636bc513594ded) (ShaderIncludeImporter) -> (artifact id: '358bd8e35b085dc5f1e025bf22d073ee') in 0.0036824 seconds
Start importing Packages/com.unity.render-pipelines.universal/Editor/ShaderGraph/Includes/DepthNormalsOnlyPass.hlsl using Guid(9ebb19659794b47c59986fcc45692a0d) (ShaderIncludeImporter) -> (artifact id: '49647c646324a853ef25fa01f8f11679') in 0.007217 seconds
Start importing Packages/com.unity.render-pipelines.core/ShaderLibrary/ImageBasedLighting.hlsl using Guid(ae4dc0bfd9fc0b544a109513ba841d30) (ShaderIncludeImporter) -> (artifact id: 'ab57355ca60f4e28b7478d0354670d12') in 0.0059927 seconds
Start importing Packages/com.unity.render-pipelines.universal/Shaders/UnlitDepthNormalsPass.hlsl using Guid(ce8b43269e26f4263ac0da53665264b9) (ShaderIncludeImporter) -> (artifact id: 'c884442c87502e1556e493687cb9736a') in 0.0037978 seconds
Start importing Packages/com.unity.render-pipelines.universal/Shaders/XR/XRVisibilityMeshHelper.hlsl using Guid(ded32ce19f1afce42a36cb8e415e3aca) (ShaderIncludeImporter) -> (artifact id: '83bebadc84e361e33fde99ef765568b3') in 0.0040532 seconds
Start importing Packages/com.unity.render-pipelines.core/Runtime/PostProcessing/Shaders/FSRCommon.hlsl using Guid(ee30e890854422d4c85fb895d34e2a53) (ShaderIncludeImporter) -> (artifact id: 'aac571db7b2a8209a230c9a815ac1d71') in 0.0038645 seconds
Start importing Packages/com.unity.render-pipelines.universal/Shaders/SimpleLitForwardPass.hlsl using Guid(ee447e65526c7db45a978c16b28827a9) (ShaderIncludeImporter) -> (artifact id: 'b581cc848b5538b67c43230c620a2f30') in 0.0044098 seconds
Start importing Packages/com.unity.render-pipelines.core/ShaderLibrary/GeometricTools.hlsl using Guid(eebfba22df48acf4b978d98000cb10e6) (ShaderIncludeImporter) -> (artifact id: '123fa68d11c09a96704461d4ad995721') in 0.0027073 seconds
Start importing Packages/com.unity.render-pipelines.universal/Runtime/RendererFeatures/SurfaceCacheGI/SurfaceCacheCore/RisEstimation.hlsl using Guid(3fdd957f94ad7874198e756569ec013e) (ShaderIncludeImporter) -> (artifact id: '564228b4a3a4bfbfeafb712bbd8324ab') in 0.003333 seconds
Start importing Packages/com.unity.render-pipelines.universal/Shaders/PostProcessing/SubpixelMorphologicalAntialiasing.hlsl using Guid(3f1f7ec9e0c852a48826fe085f257d80) (ShaderIncludeImporter) -> (artifact id: '3425ed5456f8e24f5c42ebfbdc188aaa') in 0.004153 seconds
Start importing Packages/com.unity.render-pipelines.universal/Editor/ShaderGraph/Includes/UITKPass.hlsl using Guid(4f183ca0bce4b844b8b2b26d1a18159c) (ShaderIncludeImporter) -> (artifact id: '42ff260dc2e44034f96f7582843657f0') in 0.0030621 seconds
Start importing Packages/com.unity.render-pipelines.universal/Shaders/SimpleLitGBufferPass.hlsl using Guid(5f8cea4f4fce7414ab78bcbf51dca71c) (ShaderIncludeImporter) -> (artifact id: '0e956db20aa57587f9178d0475de9aa2') in 0.0034109 seconds
Start importing Packages/com.unity.render-pipelines.core/ShaderLibrary/VirtualTexturing.hlsl using Guid(6f22d4e29906d3c47892e0c92874b752) (ShaderIncludeImporter) -> (artifact id: 'bbdf0f499a8902c7e3722fc3d6e916f3') in 0.0030887 seconds
Start importing Packages/com.unity.render-pipelines.core/ShaderLibrary/Shadow/ShadowSamplingTent.hlsl using Guid(6ff912bb23fcd5b468dd2e5c37addac3) (ShaderIncludeImporter) -> (artifact id: 'c20981142c9a838cafb9adc000524ab4') in 0.0035308 seconds
Start importing Packages/com.unity.shadergraph/Editor/Generation/Targets/BuiltIn/Editor/ShaderGraph/Includes/PBRForwardPass.hlsl using Guid(6fca0a7fb5d1b8648a17c83915199f6e) (ShaderIncludeImporter) -> (artifact id: '90f450d0ff14f21e8349a6e9889eefa8') in 0.0025881 seconds
Start importing Packages/com.unity.shadergraph/Editor/Generation/Targets/CustomRenderTexture/CustomTexture.hlsl using Guid(8f43a880cf1819049aa196a7696ee562) (ShaderIncludeImporter) -> (artifact id: 'f5c19f283b7af0abed5f345a89662200') in 0.0033979 seconds
Start importing Packages/com.unity.shadergraph/Editor/Generation/Targets/BuiltIn/ShaderLibrary/DeclareOpaqueTexture.hlsl using Guid(8f04f9a51bb7cae408ba6b74194f84f7) (ShaderIncludeImporter) -> (artifact id: '27505b85b0b8124cc6b83db3e31cc56d') in 0.0038259 seconds
Start importing Packages/com.unity.render-pipelines.universal/Editor/ShaderGraph/Includes/DepthOnlyPass.hlsl using Guid(8f266648f26372548b2ae696d6db739e) (ShaderIncludeImporter) -> (artifact id: 'e8375760a8ee57584da7255018ca55e2') in 0.0035866 seconds
Start importing Packages/com.unity.shadergraph/Editor/Generation/Targets/BuiltIn/ShaderLibrary/Shim/UIShimPreview.hlsl using Guid(9f12249d09c77224c8a6d6fad6e252b5) (ShaderIncludeImporter) -> (artifact id: '1e07011e00233adc2722c4cf5882b78b') in 0.0032699 seconds
Start importing Packages/com.unity.render-pipelines.core/ShaderLibrary/Coverage.hlsl using Guid(9fede799a67b40b2a294892639a80b13) (ShaderIncludeImporter) -> (artifact id: 'b6011bf3dd5c5249b584dbeed1717413') in 0.0041674 seconds
Start importing Packages/com.unity.render-pipelines.core/Runtime/PostProcessing/Shaders/LensFlareScreenSpaceCommon.hlsl using Guid(afe55daff42455e4eb6a40e34678a418) (ShaderIncludeImporter) -> (artifact id: '9e328715ce2de1213ec2d37d3180a877') in 0.0037779 seconds
Start importing Packages/com.unity.render-pipelines.universal/Shaders/Utils/ClusterDeferred.hlsl using Guid(affb8a852369435f8e6a36bf7893715f) (ShaderIncludeImporter) -> (artifact id: 'c6f7c2626864e17cb207f0d356c95ab2') in 0.0068749 seconds
Start importing Packages/com.unity.shadergraph/Editor/Generation/Targets/BuiltIn/ShaderLibrary/ShaderVariablesFunctions.deprecated.hlsl using Guid(bfc4f24aa6eda10499234c714f82c6f2) (ShaderIncludeImporter) -> (artifact id: '6ae50d92a9fe223db2348f293f0ebfc9') in 0.0068874 seconds
Start importing Packages/com.unity.render-pipelines.universal/Editor/Terrain/BuildTerrainSurfaceDescriptionInputs.template.hlsl using Guid(ef136de7def056a4d8aa337fa0bcd989) (ShaderIncludeImporter) -> (artifact id: '206794abd3290ef4a16e1a2638c9c2f8') in 0.007856 seconds
Start importing Packages/com.unity.render-pipelines.universal/ShaderLibrary/LODCrossFade.hlsl using Guid(ef46fb1e00bf67142ae3548411a562b6) (ShaderIncludeImporter) -> (artifact id: 'fc9a846299a81682cdd28d30b120c622') in 0.0129663 seconds
Start importing Packages/com.unity.render-pipelines.universal/ShaderLibrary/DeclareDepthTexture.hlsl using Guid(ff20ba0133cd2904ebf470aedb16e9a2) (ShaderIncludeImporter) -> (artifact id: 'b8c9d85732820ce1ed4df0cb85658a7c') in 0.0062088 seconds
Start importing Packages/com.unity.render-pipelines.core/Runtime/UnifiedRayTracing/TraceRayAndQueryHit.hlsl using Guid(ff541650e0d7c3146a62582a0bd48d30) (ShaderIncludeImporter) -> (artifact id: '70355ef265c56c1df4e6bb955c900cd3') in 0.0036717 seconds
Start importing Packages/com.unity.render-pipelines.universal/Shaders/SimpleLitMetaPass.hlsl using Guid(ffc632d1e38ef4682807a89afb2b966f) (ShaderIncludeImporter) -> (artifact id: '6a39cff5ca8a5321a087cb9a0121f7bb') in 0.0043396 seconds
Start importing Packages/com.unity.shadergraph/Editor/Resources/Shaders/BlitNoAlpha.shader using Guid(50b406436c6214c49aaaa6011b71dde8) (ShaderImporter)Launched and connected shader compiler UnityShaderCompiler.exe after 0.11 seconds
 -> (artifact id: '2557c53943f732786d43b8d8d048a60a') in 0.3273917 seconds
Start importing Packages/com.unity.render-pipelines.universal/Shaders/SpatialMappingOcclusion.shader using Guid(60e10855641b4d84da68ec72e6f6eeb8) (ShaderImporter) -> (artifact id: '7e1c2ec2bd932c66953f1a8c0843ab1b') in 0.018985 seconds
Start importing Packages/com.unity.render-pipelines.universal/Tests/Editor/CustomDepthBlit.shader using Guid(7057bb795f794bc44a4e34ca79be6e54) (ShaderImporter) -> (artifact id: 'c65f7032a4fbaee24ac188f23c63e1ba') in 0.0165973 seconds
Start importing Packages/com.unity.render-pipelines.universal/Shaders/PostProcessing/LensFlareScreenSpace.shader using Guid(701880fecb344ea4c9cd0db3407ab287) (ShaderImporter) -> (artifact id: '66992e9c00ebcc6a5f290faab3696743') in 0.0256776 seconds
Start importing Assets/Inochi2D/Resources/Shaders/I2DMaskedShader.shader using Guid(f03081e978568b444a5e780eb12ebd91) (ShaderImporter) -> (artifact id: '90dd6d3eb1c89afa156c33217653677b') in 0.0059447 seconds
Start importing Packages/com.unity.render-pipelines.universal/Runtime/Decal/DBuffer/DBufferClear.shader using Guid(f056d8bd2a1c7e44e9729144b4c70395) (ShaderImporter) -> (artifact id: 'f19b5e1820c492b916ff4d767e02fd2b') in 0.0137942 seconds
Start importing Packages/com.unity.render-pipelines.universal/Shaders/PostProcessing/StopNaN.shader using Guid(1121bb4e615ca3c48b214e79e841e823) (ShaderImporter) -> (artifact id: '588f1d7008f41a8ba1c769751bb85d76') in 0.0113555 seconds
Start importing Packages/com.unity.render-pipelines.universal/Shaders/Terrain/TerrainLitBase.shader using Guid(21322c8b137c66e49b86085d3c8161f6) (ShaderImporter)WARNING: Shader Unsupported: 'Hidden/Universal Render Pipeline/Terrain/Lit (Base Pass)' - All subshaders removed
WARNING: Shader Did you use #pragma only_renderers and omit this platform?
WARNING: Shader If subshaders removal was intentional, you may have forgotten turning Fallback off?
WARNING: Shader Unsupported: 'Hidden/Universal Render Pipeline/Terrain/Lit (Base Pass)' - All subshaders removed
WARNING: Shader Did you use #pragma only_renderers and omit this platform?
WARNING: Shader If subshaders removal was intentional, you may have forgotten turning Fallback off?
WARNING: Shader Unsupported: 'Hidden/Universal Render Pipeline/Terrain/Lit (Base Pass)' - All subshaders removed
WARNING: Shader Did you use #pragma only_renderers and omit this platform?
WARNING: Shader If subshaders removal was intentional, you may have forgotten turning Fallback off?
WARNING: Shader Unsupported: 'Hidden/Universal Render Pipeline/Terrain/Lit (Base Pass)' - All subshaders removed
WARNING: Shader Did you use #pragma only_renderers and omit this platform?
WARNING: Shader If subshaders removal was intentional, you may have forgotten turning Fallback off?
 -> (artifact id: 'dca46165dd0cdd3646285ccab6682090') in 0.0566116 seconds
Start importing Packages/com.unity.render-pipelines.core/Tests/Editor/ShaderStripping/DummyPipelineShader.shader using Guid(61e53729ad706d049b12a441f328fe34) (ShaderImporter) -> (artifact id: '058dec09781e065373a9530c60a3e460') in 0.0046577 seconds
Start importing Packages/com.unity.render-pipelines.core/Runtime/Lighting/ProbeVolume/ProbeVolumeUploadDataL2.compute using Guid(6196f34ed825db14b81fb3eb0ea8d931) (ComputeShaderImporter) -> (artifact id: '7f9bef6ca87210c206f67ab7e923f3bf') in 0.007664 seconds
Start importing Packages/com.unity.render-pipelines.core/Editor/LookDev/CubeToLatlong.shader using Guid(a16365e8c873daa4c94919438490b905) (ShaderImporter) -> (artifact id: 'c878b0543a9f1d6d395ce7347f464557') in 0.0061962 seconds
Start importing Packages/com.unity.render-pipelines.universal/Runtime/RendererFeatures/SurfaceCacheGI/SurfaceCacheCore/Defrag.compute using Guid(a183a2d0b1da4904fb3bd71c6111ebb1) (ComputeShaderImporter) -> (artifact id: '64ae4070e3013bd9c36782a0fb08c789') in 0.0081911 seconds
Start importing Packages/com.unity.render-pipelines.universal/Tests/Editor/PostProcessDataTests/1.shader using Guid(a176945d0e562084691bce8e11084c6a) (ShaderImporter) -> (artifact id: 'ae798474ea53903d570dfc8f42c07d9c') in 0.3669094 seconds
Start importing Packages/com.unity.render-pipelines.universal/Shaders/PostProcessing/PaniniProjection.shader using Guid(a15b78cf8ca26ca4fb2090293153c62c) (ShaderImporter) -> (artifact id: 'c71f2b800aad926506f16eadd88cd8cc') in 0.0124529 seconds
Start importing Packages/com.unity.render-pipelines.universal/Shaders/Utils/Blit.shader using Guid(c17132b1f77d20942aa75f8429c0f8bc) (ShaderImporter) -> (artifact id: 'e42501ee10050b461a433e3320eb0cf2') in 0.0146235 seconds
Start importing Packages/com.unity.render-pipelines.universal/Shaders/Utils/CoreBlitColorAndDepth.shader using Guid(d104b2fc1ca6445babb8e90b0758136b) (ShaderImporter) -> (artifact id: '4d75c56ba2ba9516ebfca41f05281481') in 0.0109313 seconds
Start importing Packages/com.unity.render-pipelines.core/Shaders/CoreCopy.shader using Guid(12dc59547ea167a4ab435097dd0f9add) (ShaderImporter) -> (artifact id: 'b1b87e23ab33efc85ec2c64c09af9d4d') in 0.0085657 seconds
Start importing Packages/com.unity.render-pipelines.core/Tests/Editor/SimpleDots.shader using Guid(120ea264a7bdc294f86074ea0303c88f) (ShaderImporter) -> (artifact id: 'b9d5557994e710c354e66ca7fcdbd155') in 0.0074671 seconds
Start importing Packages/com.unity.render-pipelines.universal/Shaders/Utils/ClusterDeferred.shader using Guid(222cce62363a44a380c36bf03b392608) (ShaderImporter) -> (artifact id: 'f4a95e8b3fa14ea5c4a483029c195233') in 0.0294069 seconds
Start importing Packages/com.unity.2d.animation/Editor/Assets/SkinningModule/SpriteBitmask.shader using Guid(3230fdc399f8287488325e5941a00527) (ShaderImporter) -> (artifact id: 'b775f0475327f99f4bad766e77bac91d') in 0.0058778 seconds
Start importing Packages/com.unity.render-pipelines.universal/Runtime/RendererFeatures/SurfaceCacheGI/FallbackMaterial.shader using Guid(421501d8e4bd2014dbd1dbe80ec2bb5a) (ShaderImporter) -> (artifact id: '5553d759154bb50cdb2d9a904111d097') in 0.0088975 seconds
Start importing Packages/com.unity.render-pipelines.core/Runtime/Vrs/Shaders/VrsVisualization.shader using Guid(620b55b8040a88d468e94abe55bed5ba) (ShaderImporter) -> (artifact id: '95dec820eb4decd2fd211a70fa3ebb4d') in 0.0086754 seconds
Start importing Assets/EmeraldInochi/Resources/Display.shader using Guid(8266cc3dfaed5234fa315b8349bc0611) (ShaderImporter)There are inconsistent line endings in the 'Assets/EmeraldInochi/Resources/Display.shader' script. Some are Mac OS X (UNIX) and some are Windows.
This might lead to incorrect line numbers in stacktraces and compiler errors. Many text editors can fix this using Convert Line Endings menu commands.
 -> (artifact id: 'f679ea430f6de27811d29e179c2f9327') in 0.0063649 seconds
Start importing Packages/com.unity.render-pipelines.core/Runtime/UnifiedRayTracing/Compute/RadeonRays/kernels/scatter.compute using Guid(a2eaeefdac4637a44b734e85b7be9186) (ComputeShaderImporter) -> (artifact id: 'c6e33d5e5d3d9de99f74bc2b36d8e623') in 0.0045429 seconds
Start importing Assets/Resources/Shaders/StillLight.shader using Guid(b2d5f9c3e8a74d4f0c6b1e2d3f4a5b6c) (ShaderImporter) -> (artifact id: '3948fec6533a9a64f1f16ae675f6fad4') in 0.0056696 seconds
Start importing Packages/com.unity.render-pipelines.core/Runtime/RenderPipelineResources/GPUDriven/OcclusionCullingDebug.compute using Guid(b23e766bcf50ca4438ef186b174557df) (ComputeShaderImporter) -> (artifact id: '548c094c63c2d9c31c6b3885be540768') in 0.0090726 seconds
Start importing Packages/com.unity.render-pipelines.universal/Runtime/RendererFeatures/SurfaceCacheGI/SurfaceCacheCore/TemporalFiltering.compute using Guid(c23523f04780d754f927b9daf4f975b9) (ComputeShaderImporter) -> (artifact id: '25fc5bfb0dbc317cbfd4704ac8ba29c6') in 0.0053385 seconds
Start importing Packages/com.unity.render-pipelines.universal/Shaders/2D/Sprite-Lit-Default.shader using Guid(e260cfa7296ee7642b167f1eb5be5023) (ShaderImporter) -> (artifact id: 'e4b59437a6b50d563cc0651854c27d81') in 0.0240806 seconds
Start importing Packages/com.unity.render-pipelines.universal/Shaders/2D/Sprite-Unlit-Default.shader using Guid(13c02b14c4d048fa9653293d54f6e0e1) (ShaderImporter) -> (artifact id: 'e8b7014b779f8cfa4169fb4a86fa6a6e') in 0.0116363 seconds
Start importing Packages/com.unity.render-pipelines.universal/Runtime/RendererFeatures/SurfaceCacheGI/FlatNormalResolution.compute using Guid(134e9451a58aaba43ba713adbd103d92) (ComputeShaderImporter) -> (artifact id: '79c0fdc26a6e1ee7f1e2e2525626863a') in 0.0132125 seconds
Start importing Packages/com.unity.render-pipelines.core/Runtime/STP/StpSetup.compute using Guid(33be2e9a5506b2843bdb2bdff9cad5e1) (ComputeShaderImporter) -> (artifact id: '15f51c7081c9bcd4fed654681a539fe9') in 0.0171633 seconds
Start importing Packages/com.unity.render-pipelines.core/Editor/LookDev/Compositor.shader using Guid(4386e57b23a56004c93e1d57d2bbcb4f) (ShaderImporter) -> (artifact id: '664ad816857be9b58a2e9fe8a4ae431e') in 0.0109312 seconds
Start importing Packages/com.unity.render-pipelines.universal/Shaders/Debug/ProbeVolumeSamplingDebugPositionNormal.compute using Guid(53626a513ea68ce47b59dc1299fe3959) (ComputeShaderImporter) -> (artifact id: 'fe48ab6bb3adb72f7c7df50728bd001d') in 0.0122793 seconds
Start importing Packages/com.unity.render-pipelines.core/Runtime/RenderPipelineResources/GPUDriven/InstanceDataBufferUploadKernels.compute using Guid(53864816eb00f2343b60e1a2c5a262ef) (ComputeShaderImporter) -> (artifact id: '57d857473857404fb78b529ac54f53b9') in 0.0046181 seconds
Start importing Packages/com.unity.render-pipelines.universal/Runtime/RendererFeatures/SurfaceCacheGI/SurfaceCacheCore/SpatialFiltering.compute using Guid(63e59de460463bb4c9d64bc58051d12c) (ComputeShaderImporter) -> (artifact id: '3113a125afe6924a5edfabbdd6e2cd22') in 0.0070431 seconds
Start importing Packages/com.unity.render-pipelines.universal/Shaders/PostProcessing/SubpixelMorphologicalAntialiasing.shader using Guid(63eaba0ebfb82cc43bde059b4a8c65f6) (ShaderImporter) -> (artifact id: 'e2531124e0556cf1cf511f86ea0abd36') in 0.0179729 seconds
Start importing Packages/com.unity.render-pipelines.universal/Shaders/Utils/CoreBlit.shader using Guid(93446b5c5339d4f00b85c159e1159b7c) (ShaderImporter) -> (artifact id: 'f16a9a62d26ee9e18b5424cf2fea34d1') in 0.0622838 seconds
Start importing Packages/com.unity.render-pipelines.universal/Shaders/Lit.shader using Guid(933532a4fcc9baf4fa0491de14d08ed7) (ShaderImporter) -> (artifact id: '3ce5850db57efa9140f08284015e507d') in 0.0576499 seconds
Start importing Packages/com.unity.render-pipelines.core/Runtime/Lighting/ProbeVolume/ProbeVolumeBlendStates.compute using Guid(a3f7b8c99de28a94684cb1daebeccf5d) (ComputeShaderImporter) -> (artifact id: '560d97a5f8b6126c9981368947a660f5') in 0.0076996 seconds
Start importing Packages/com.unity.render-pipelines.core/Runtime/RenderPipelineResources/GPUDriven/DebugOccluder.shader using Guid(b3c92426a88625841ab15ca6a7917248) (ShaderImporter) -> (artifact id: '218ff41fa7a35a4d3f2301c64386ab57') in 0.0064317 seconds
Start importing Assets/Inochi2D/Resources/Shaders/I2DBlitShader.shader using Guid(b32afa9b80048ac4699d541c39474984) (ShaderImporter) -> (artifact id: '96d795ae27022f3f21133dcf40addcd5') in 0.0060298 seconds
Start importing Packages/com.unity.render-pipelines.core/Runtime/RenderPipelineResources/GPUDriven/DebugOcclusionTest.shader using Guid(d3f0849180c2d0944bc71060693df100) (ShaderImporter) -> (artifact id: 'b05e67e36d0f16edba8d7af381249f28') in 0.0095466 seconds
Start importing Packages/com.unity.render-pipelines.universal/Shaders/2D/Sprite-Mask.shader using Guid(e39bd598ce13f44ba8af997d3e42cd18) (ShaderImporter) -> (artifact id: '86e4c351657259a74df3ee70c9c9fece') in 0.0131766 seconds
Start importing Packages/com.unity.render-pipelines.universal/Shaders/Utils/Sampling.shader using Guid(04c410c9937594faa893a11dceb85f7e) (ShaderImporter) -> (artifact id: 'c01a3a3a82d05f3c30c7e734a2a7a4c4') in 0.0121126 seconds
Start importing Packages/com.unity.render-pipelines.universal/Shaders/Particles/ParticlesUnlit.shader using Guid(0406db5a14f94604a8c57ccfbc9f3b46) (ShaderImporter) -> (artifact id: '76df75d553e3f1a2e4066cb6ed7647f8') in 0.0507151 seconds
Start importing Packages/com.unity.render-pipelines.universal/Shaders/XR/XROcclusionMesh.shader using Guid(4431b1f1f743fbf4eb310a967890cbea) (ShaderImporter) -> (artifact id: '8a738bf2256aab251303792015f8c4dd') in 0.0114158 seconds
Start importing Packages/com.unity.render-pipelines.universal/Shaders/2D/Shadow2D-Shadow-Sprite.shader using Guid(44fc62292b65ab04eabcf310e799ccf6) (ShaderImporter) -> (artifact id: 'acc97523cc79c760b0c9c792a1d43f51') in 0.0107023 seconds
Start importing Packages/com.unity.render-pipelines.universal/Shaders/BRGPicking.shader using Guid(74b1585886a85614aa34e2c8e303c77a) (ShaderImporter) -> (artifact id: 'f2f76f8b48c0206ed284c4864fcc4df6') in 0.0144719 seconds
Start importing Packages/com.unity.render-pipelines.universal/Shaders/2D/RenderAs2D-Flattening.shader using Guid(74659692f6350ba46b88180d9c826630) (ShaderImporter) -> (artifact id: '907d00148550bb6566f9f2aa6c36ce0c') in 0.0129517 seconds
Start importing Assets/EmeraldInochi/Resources/Native.shader using Guid(84fb26df9537d2c4f838bfd7bde46d16) (ShaderImporter)There are inconsistent line endings in the 'Assets/EmeraldInochi/Resources/Native.shader' script. Some are Mac OS X (UNIX) and some are Windows.
This might lead to incorrect line numbers in stacktraces and compiler errors. Many text editors can fix this using Convert Line Endings menu commands.
 -> (artifact id: 'e8c323d27ce8a8c9bc81704fc2409f79') in 0.009578 seconds
Start importing Packages/com.unity.render-pipelines.universal/Shaders/PostProcessing/FinalPost.shader using Guid(c49e63ed1bbcb334780a3bd19dfed403) (ShaderImporter) -> (artifact id: '40983c71eeff9ec9c36fca45f11bd789') in 0.0315487 seconds
Start importing Assets/Resources/Shaders/ParticleAdd.shader using Guid(d4e7b1c8a9f04e6ab2c3d5e7f8091a2b) (ShaderImporter) -> (artifact id: '78f598a062412ef1da798429143c94a5') in 0.0064428 seconds
Start importing Packages/com.unity.render-pipelines.universal/Shaders/Unlit.shader using Guid(650dd9526735d5b46b79224bc6e94025) (ShaderImporter) -> (artifact id: '2aa01ee2bdd23ff5e210503f3ad607b3') in 0.0405248 seconds
Start importing Packages/com.unity.render-pipelines.universal/Shaders/PostProcessing/LutBuilderLdr.shader using Guid(65df88701913c224d95fc554db28381a) (ShaderImporter) -> (artifact id: '467ec69fb6187a39ca365ebdfd400e90') in 0.0120528 seconds
Start importing Packages/com.unity.render-pipelines.universal/Shaders/Particles/ParticlesSimpleLit.shader using Guid(8516d7a69675844a7a0b7095af7c46af) (ShaderImporter) -> (artifact id: '8fd3c16a15ff6fc03e788530fdf109b1') in 0.0523554 seconds
Start importing Packages/com.unity.render-pipelines.universal/Editor/Overrides/Shaders/ShadowsMidtonesHighlightsCurves.shader using Guid(95e15a77195eb574ab82aaac18b1c796) (ShaderImporter) -> (artifact id: '4229cc5e5c2a4f766838e8af12708ebe') in 0.0072103 seconds
Start importing Packages/com.unity.render-pipelines.universal/Runtime/RendererFeatures/SurfaceCacheGI/SurfaceCacheCore/RestirEstimation.compute using Guid(b5dbdcea251f42c4a9b8721877f436bf) (ComputeShaderImporter) -> (artifact id: 'c6b40dd724c82b795e2afbc202ba8e10') in 0.0066003 seconds
Start importing Packages/com.unity.render-pipelines.universal/Shaders/CameraMotionVectors.shader using Guid(c56b7e0d4c7cb484e959caeeedae9bbf) (ShaderImporter) -> (artifact id: '672d61f1e599c54ed2509aa2fd2bf6df') in 0.0112771 seconds
Start importing Packages/com.unity.render-pipelines.universal/Shaders/XR/XRMirrorView.shader using Guid(d5a307c014552314b9f560906d708772) (ShaderImporter) -> (artifact id: '4e22ac4c9da1f18bdb850424595dfc52') in 0.0117221 seconds
Start importing Packages/com.unity.render-pipelines.universal/Shaders/Terrain/WavingGrass.shader using Guid(e507fdfead5ca47e8b9a768b51c291a1) (ShaderImporter) -> (artifact id: 'eced8e1d3439ac87dec6c1d2662ab5b7') in 0.032037 seconds
Start importing Packages/com.unity.render-pipelines.core/Runtime/RenderPipelineResources/FallbackShader.shader using Guid(36e335017ad71d54fbb10842863188ae) (ShaderImporter) -> (artifact id: 'a8f254e71c2e00124ff29f3b945a2015') in 0.0057503 seconds
Start importing Packages/com.unity.render-pipelines.core/Runtime/UnifiedRayTracing/Compute/RadeonRays/kernels/restructure_bvh.compute using Guid(56641cb88dcb31a4398a4997ef7a7a8c) (ComputeShaderImporter) -> (artifact id: 'ab3ef81313f7f3e7fb0b6db174a9ff53') in 0.0064823 seconds
Start importing Packages/com.unity.render-pipelines.universal/Shaders/PostProcessing/EdgeAdaptiveSpatialUpsampling.shader using Guid(562b7ae4f629f144aa97780546fce7c6) (ShaderImporter) -> (artifact id: '07ac42034505b8133cc096f6cd45d264') in 0.012675 seconds
Start importing Packages/com.unity.render-pipelines.core/Tests/Editor/CopyDepthToBuffer.compute using Guid(6666e5f03ff07054dbb7a7ac6e6aaee0) (ComputeShaderImporter) -> (artifact id: '3992ea6f152ca3b89dd2cfdfe4506c4f') in 0.0040711 seconds
Start importing Packages/com.unity.render-pipelines.core/Runtime/UnifiedRayTracing/Compute/RadeonRays/kernels/bit_histogram.compute using Guid(8670f7ce4b60cef43bed36148aa1b0a2) (ComputeShaderImporter) -> (artifact id: '9d620961aa6f7c3de130148964ad07ba') in 0.0064409 seconds
Start importing Packages/com.unity.render-pipelines.core/Runtime/STP/StpPreTaa.compute using Guid(a679dba8ec4d9ce45884a270b0e22dda) (ComputeShaderImporter) -> (artifact id: 'a641ac0fdd8ba50c8cbaadb024facd50') in 0.0089315 seconds
Start importing Packages/com.unity.render-pipelines.universal/Shaders/Utils/CopyDepth.shader using Guid(d6dae50ee9e1bfa4db75f19f99355220) (ShaderImporter) -> (artifact id: 'fd2a6181417b5ed640f3aef36d75818b') in 0.0119693 seconds
Start importing Packages/com.unity.render-pipelines.universal/Shaders/Utils/FallbackError.shader using Guid(e6e9a19c3678ded42a3bc431ebef7dbd) (ShaderImporter) -> (artifact id: 'f1fe585033d64a3526b1827ff0021ba4') in 0.0083888 seconds
Start importing Packages/com.unity.render-pipelines.core/Runtime/RenderPipelineResources/GPUDriven/InstanceOcclusionCullingKernels.compute using Guid(f6d223acabc2f974795a5a7864b50e6c) (ComputeShaderImporter) -> (artifact id: 'a3251868b01cc09618652970222c5220') in 0.0090318 seconds
Start importing Packages/com.unity.render-pipelines.universal/Shaders/Terrain/TerrainDetailLit.shader using Guid(f6783ab646d374f94b199774402a5144) (ShaderImporter) -> (artifact id: 'd1109139a25a0230adb0e39b1f54d310') in 0.0398744 seconds
Start importing Packages/com.unity.render-pipelines.universal/Runtime/RendererFeatures/SurfaceCacheGI/SurfaceCacheCore/Scrolling.compute using Guid(47bbc3edf61978b498603cc2a1b87eea) (ComputeShaderImporter) -> (artifact id: '78e5ecb428ed9e95afba0b0a2b12ebc3') in 0.0050247 seconds
Start importing Packages/com.unity.render-pipelines.universal/Shaders/Debug/HDRDebugView.shader using Guid(573620ae32aec764abd4d728906d2587) (ShaderImporter) -> (artifact id: '1142392536a70968d9a4dd325b8a27ca') in 0.0154822 seconds
Start importing Packages/com.unity.render-pipelines.core/Tests/Runtime/Threading/FunctionTestsGroup.compute using Guid(77f6c3e00d2daf84ba7b57e205d5dd64) (ComputeShaderImporter) -> (artifact id: '2742bee2fec911ca934bd0a7b1de8af2') in 0.0087296 seconds
Start importing Packages/com.unity.render-pipelines.universal/Shaders/2D/Shadow2D-Unshadow-Geometry.shader using Guid(77774d9009bb81447b048c907d4c6273) (ShaderImporter) -> (artifact id: '1a81aac9fb7767cea015d6035c9a505a') in 0.0109813 seconds
Start importing Packages/com.unity.render-pipelines.universal/Editor/Overrides/Shaders/TrackballEditor.shader using Guid(77cfa04f893eb8745b6a454a3d51b43c) (ShaderImporter) -> (artifact id: '69923c6b1a5d2eaed653c6500d110421') in 0.0070244 seconds
Start importing Packages/com.unity.render-pipelines.core/Editor/PostProcessing/LensFlareResource/LensFlareDataDriven.shader using Guid(a796fe586e0ddba4cae031b0ab585286) (ShaderImporter) -> (artifact id: '8fc27128a246fd20f6b3585c6a00e79c') in 0.0121652 seconds
Start importing Packages/com.unity.render-pipelines.universal/Shaders/Particles/ParticlesLit.shader using Guid(b7839dad95683814aa64166edc107ae2) (ShaderImporter) -> (artifact id: '56548648fb6c8b5802f6489cf27ca992') in 0.1927942 seconds
Start importing Packages/com.unity.test-framework.performance/Editor/TestReportGraph/TestReportShader.shader using Guid(c7715b638c6f5c849a6ec12234ae264c) (ShaderImporter) -> (artifact id: 'ec2edf9f672d0c0fcebb61034f01323a') in 0.0061597 seconds
Start importing Packages/com.unity.render-pipelines.universal/Shaders/PostProcessing/UberPost.shader using Guid(e7857e9d0c934dc4f83f270f8447b006) (ShaderImporter) -> (artifact id: 'f582f92821e75bea335687b4c3f8de2b') in 0.0205439 seconds
Start importing Packages/com.unity.render-pipelines.core/Runtime/RenderPipelineResources/GPUDriven/OccluderDepthPyramidKernels.compute using Guid(08b2b5fb307b0d249860612774a987da) (ComputeShaderImporter) -> (artifact id: '8de323651b676c8bfaa0e01a18768669') in 0.0061029 seconds
Start importing Packages/com.unity.render-pipelines.universal/Shaders/Utils/ScreenSpaceAmbientOcclusion.shader using Guid(0849e84e3d62649e8882e9d6f056a017) (ShaderImporter) -> (artifact id: 'd1f295d3602b6dc37e45dd703bc2bbb6') in 0.0347806 seconds
Start importing Packages/com.unity.render-pipelines.core/Runtime/UnifiedRayTracing/Common/GeometryPool/GeometryPoolKernels.compute using Guid(98e3d58cae7210c4786f67f504c9e899) (ComputeShaderImporter) -> (artifact id: 'ce77c917aa6f5a0dcc2435d6d7961eca') in 0.00529 seconds
Start importing Packages/com.unity.render-pipelines.universal/Shaders/Utils/BlitHDROverlay.shader using Guid(a89bee29cffa951418fc1e2da94d1959) (ShaderImporter) -> (artifact id: 'e25628f675da887e25ba0a4fedc61047') in 0.0150134 seconds
Start importing Packages/com.unity.render-pipelines.core/Editor/Lighting/ProbeVolume/VoxelizeScene.shader using Guid(c8b6a681c7b4e2e4785ffab093907f9e) (ShaderImporter) -> (artifact id: 'a670c9112ba6bce6f9a50c5e59ca3e66') in 0.008585 seconds
Start importing Assets/EmeraldBunny/Runtime/BunnySkin.shader using Guid(c81a67214ca3f234aba16bec0a91ef5f) (ShaderImporter) -> (artifact id: '13ba1e076c99b31af413aa33dfeb900a') in 0.0058102 seconds
Start importing Packages/com.unity.render-pipelines.universal/Shaders/SpatialMappingWireframe.shader using Guid(e8b802ac01d87144b91f12f40c1f2659) (ShaderImporter) -> (artifact id: 'e3f425137a58a0eebf7659cec84cd25c') in 0.011251 seconds
Start importing Packages/com.unity.render-pipelines.universal/Shaders/PostProcessing/ScalingSetup.shader using Guid(e8ee25143a34b8c4388709ea947055d1) (ShaderImporter) -> (artifact id: '7785ab3205b3b6ee6c3525d374f235ad') in 0.0123868 seconds
Start importing Packages/com.unity.render-pipelines.universal/Shaders/XR/XRMotionVector.shader using Guid(f89aac1e4f84468418fe30e611dff395) (ShaderImporter) -> (artifact id: 'badac3fd3682a6dd5e28c9c05b6c3c8d') in 0.0098122 seconds
Start importing Packages/com.unity.render-pipelines.core/Runtime/Lighting/ProbeVolume/ProbeVolumeUploadData.compute using Guid(0951de5992461754fa73650732c4954c) (ComputeShaderImporter) -> (artifact id: 'b52aae26903b14b696d553aaf8935ffe') in 0.0082228 seconds
Start importing Packages/com.unity.render-pipelines.universal/Shaders/2D/Shadow2D-Shadow-Geometry.shader using Guid(19349a0f9a7ed4c48a27445bcf92e5e1) (ShaderImporter) -> (artifact id: 'e9375e7faaa7c52bbe974c4f007c13c5') in 0.0103956 seconds
Start importing Packages/com.unity.render-pipelines.core/Editor/PostProcessing/LensFlareResource/LensFlareDataDrivenPreview.shader using Guid(19dfbb09098c9584a83c956fbd6c5d79) (ShaderImporter) -> (artifact id: '027dfa0e5a53b9ccc8132b6aa763e0ac') in 0.0086622 seconds
Start importing Packages/com.unity.render-pipelines.universal/Shaders/Terrain/WavingGrassBillboard.shader using Guid(29868e73b638e48ca99a19ea58c48d90) (ShaderImporter) -> (artifact id: '126772bac17c7498d6d7d727fd7a1ba8') in 0.0333763 seconds
Start importing Packages/com.unity.render-pipelines.core/Runtime/STP/StpTaa.compute using Guid(3923900e2b41b5e47bc25bfdcbcdc9e6) (ComputeShaderImporter) -> (artifact id: 'b7bf6d2772efcd41a1d96b1472d98374') in 0.0091749 seconds
Start importing Assets/Inochi2D/Resources/Shaders/I2DMainShader.shader using Guid(592fea888749e594d86fbf7572c95eef) (ShaderImporter)There are inconsistent line endings in the 'Assets/Inochi2D/Resources/Shaders/I2DMainShader.shader' script. Some are Mac OS X (UNIX) and some are Windows.
This might lead to incorrect line numbers in stacktraces and compiler errors. Many text editors can fix this using Convert Line Endings menu commands.
 -> (artifact id: '4a337f07fbaa1bfa54b24aee0889cc2a') in 0.0065252 seconds
Start importing Packages/com.unity.render-pipelines.universal/Shaders/Terrain/TerrainLit.shader using Guid(69c1f799e772cb6438f56c23efccb782) (ShaderImporter)Shader 'Universal Render Pipeline/Terrain/Lit': dependency 'AddPassShader' shader 'Hidden/Universal Render Pipeline/Terrain/Lit (Add Pass)' not found
Shader 'Universal Render Pipeline/Terrain/Lit': dependency 'BaseMapShader' shader 'Hidden/Universal Render Pipeline/Terrain/Lit (Base Pass)' not found
Shader 'Universal Render Pipeline/Terrain/Lit': dependency 'BaseMapGenShader' shader 'Hidden/Universal Render Pipeline/Terrain/Lit (Basemap Gen)' not found
WARNING: Shader Unsupported: 'Universal Render Pipeline/Terrain/Lit' - All subshaders removed
WARNING: Shader Did you use #pragma only_renderers and omit this platform?
WARNING: Shader If subshaders removal was intentional, you may have forgotten turning Fallback off?
WARNING: Shader Unsupported: 'Universal Render Pipeline/Terrain/Lit' - All subshaders removed
WARNING: Shader Did you use #pragma only_renderers and omit this platform?
WARNING: Shader If subshaders removal was intentional, you may have forgotten turning Fallback off?
Shader 'Universal Render Pipeline/Terrain/Lit': dependency 'AddPassShader' shader 'Hidden/Universal Render Pipeline/Terrain/Lit (Add Pass)' not found
Shader 'Universal Render Pipeline/Terrain/Lit': dependency 'BaseMapShader' shader 'Hidden/Universal Render Pipeline/Terrain/Lit (Base Pass)' not found
Shader 'Universal Render Pipeline/Terrain/Lit': dependency 'BaseMapGenShader' shader 'Hidden/Universal Render Pipeline/Terrain/Lit (Basemap Gen)' not found
WARNING: Shader Unsupported: 'Universal Render Pipeline/Terrain/Lit' - All subshaders removed
WARNING: Shader Did you use #pragma only_renderers and omit this platform?
WARNING: Shader If subshaders removal was intentional, you may have forgotten turning Fallback off?
WARNING: Shader Unsupported: 'Universal Render Pipeline/Terrain/Lit' - All subshaders removed
WARNING: Shader Did you use #pragma only_renderers and omit this platform?
WARNING: Shader If subshaders removal was intentional, you may have forgotten turning Fallback off?
 -> (artifact id: '32259e61e28e9a1b01e31e29e7c3cc46') in 0.0489268 seconds
Start importing Packages/com.unity.render-pipelines.universal/Shaders/Nature/SpeedTree8.shader using Guid(99134b1f0c27d54469a840832a28fadf) (ShaderImporter) -> (artifact id: '6bfb9b0e9c3b933936bba8cdb9f032ea') in 0.0503351 seconds
Start importing Packages/com.unity.render-pipelines.universal/Runtime/RendererFeatures/SurfaceCacheGI/SurfaceCacheCore/Eviction.compute using Guid(c9f2aeed6ef396f4d9134e4da1edfe19) (ComputeShaderImporter) -> (artifact id: 'c233af2ac2183b14ef538e9856291507') in 0.0054245 seconds
Start importing Packages/com.unity.render-pipelines.universal/Shaders/Utils/StencilDeferred.shader using Guid(e9155b26e1bc55942a41e518703fe304) (ShaderImporter) -> (artifact id: 'da39f057d082bd4acf4e9278ac524663') in 0.0395787 seconds
Start importing Packages/com.unity.render-pipelines.core/Runtime/RenderPipelineResources/GPUDriven/InstanceDataBufferCopyKernels.compute using Guid(f984aeb540ded8b4fbb8a2047ab5b2e2) (ComputeShaderImporter) -> (artifact id: '1ae4456875cc97a313087e230680ea4c') in 0.0036546 seconds
Start importing Packages/com.unity.render-pipelines.universal/Shaders/Terrain/TerrainLitAdd.shader using Guid(0a7e590f3cf1d4ee8a8fab5b6eff09ef) (ShaderImporter) -> (artifact id: '23b37b01ebf4e85acae51df431f73448') in 0.0264503 seconds
Start importing Packages/com.unity.2d.animation/Editor/Assets/SkinningModule/SpriteOutline.shader using Guid(0a8f4dcd626bcd14bbbfa5a5e116b16e) (ShaderImporter) -> (artifact id: '91c5a1e1614bb890af13d68f87cc6ca8') in 0.0058988 seconds
Start importing Packages/com.unity.render-pipelines.core/Runtime/UnifiedRayTracing/Compute/RadeonRays/kernels/CopyPositions.compute using Guid(1ad53a96b58d3c3488dde4f14db1aaeb) (ComputeShaderImporter) -> (artifact id: 'f10747e0ecd03deff2450fe40e780fdb') in 0.0045733 seconds
Start importing Packages/com.unity.render-pipelines.core/Runtime/RenderPipelineResources/GPUDriven/InstanceTransformUpdateKernels.compute using Guid(2a567b9b2733f8d47a700c3c85bed75b) (ComputeShaderImporter) -> (artifact id: '5c7e2867695b4955eb7c46c34470b31f') in 0.0067831 seconds
Start importing Packages/com.unity.render-pipelines.universal/Shaders/PostProcessing/BokehDepthOfField.shader using Guid(2aed67ad60045d54ba3a00c91e2d2631) (ShaderImporter) -> (artifact id: '327a81fc4be16b89de7a77e492a68ead') in 0.035377 seconds
Start importing Packages/com.unity.render-pipelines.core/Runtime/Debug/ProbeVolumeFragmentationDebug.shader using Guid(3a80877c579b9144ebdcc6d923bca303) (ShaderImporter) -> (artifact id: '2173e18bd29bf19c044877f4cf106ce1') in 0.0106189 seconds
Start importing Assets/Inochi2D/Resources/Shaders/I2DMaskShader.shader using Guid(8a7ffc168d519674b828bde6dfee99c7) (ShaderImporter) -> (artifact id: 'e904ed2f83653386ebd41b7bb48ed12e') in 0.0057732 seconds
Start importing Packages/com.unity.render-pipelines.core/Runtime/Vrs/Shaders/VrsTexture.compute using Guid(cacb30de6c40c7444bbc78cb0a81fd2a) (ComputeShaderImporter) -> (artifact id: '5271cc9fd31997632984c6262f4219fb') in 0.0076113 seconds
Start importing Packages/com.unity.shadergraph/Editor/Resources/Shaders/FallbackError.shader using Guid(da07703fcc09f8d4799221050659bd55) (ShaderImporter) -> (artifact id: '25a231f4748abcbf3dae4f4ea27facf9') in 0.0055794 seconds
Start importing Packages/com.unity.render-pipelines.core/Runtime/UnifiedRayTracing/Common/Utilities/CopyBuffer.compute using Guid(1b95b5dcf48d1914c9e1e7405c7660e3) (ComputeShaderImporter) -> (artifact id: '279c8f5a95034c3b7c4e2a7f3d5064c6') in 0.0040681 seconds
Start importing Packages/com.unity.render-pipelines.core/Tests/Editor/SimpleSpeedTreeDots.shader using Guid(2b06b6233ca86cd4886e99d0e9d1124e) (ShaderImporter) -> (artifact id: '574585b6f0721171482beaa8003a799f') in 0.0068114 seconds
Start importing Packages/com.unity.render-pipelines.core/Runtime/Debug/ProbeVolumeDebug.shader using Guid(3b21275fd12d65f49babb5286f040f2d) (ShaderImporter) -> (artifact id: 'aefa8c89efd614a350d49b0934df9f75') in 0.010518 seconds
Start importing Packages/com.unity.render-pipelines.core/Editor/Lighting/ProbeVolume/ProbeVolumeCellDilation.compute using Guid(6bb382f7de370af41b775f54182e491d) (ComputeShaderImporter) -> (artifact id: '50a42826b4a355a1488aa93f3e2b4728') in 0.0080137 seconds
Start importing Packages/com.unity.render-pipelines.universal/Shaders/ObjectMotionVectorFallback.shader using Guid(7b3ede40266cd49a395def176e1bc486) (ShaderImporter) -> (artifact id: 'dfa72a0c0c6110ab00ac8157a36933cf') in 0.0120058 seconds
Start importing Packages/com.unity.render-pipelines.core/Tests/Editor/BufferCopyTest.compute using Guid(8ba6ac699baf35242857feaf27c9cc2a) (ComputeShaderImporter) -> (artifact id: 'b2dbca9aced9fab97db80c60c0bdcf4d') in 0.0041486 seconds
Start importing Packages/com.unity.render-pipelines.universal/Runtime/RendererFeatures/SurfaceCacheGI/SurfaceCacheCore/RestirSpatial.compute using Guid(8bf708594b6a9224b9a0915f3db08c5d) (ComputeShaderImporter) -> (artifact id: '0bc24bd1139ad289fa42152c963b785b') in 0.0054858 seconds
Start importing Packages/com.unity.render-pipelines.core/Editor/Lighting/ProbeVolume/ProbeVolumeSubdivide.compute using Guid(bb86f1f0af829fd45b2ebddda1245c22) (ComputeShaderImporter) -> (artifact id: '9a9f566714c28f3e0d5a6fc36ec99915') in 0.0061571 seconds
Start importing Packages/com.unity.render-pipelines.core/Runtime/Debug/ProbeVolumeOffsetDebug.shader using Guid(db8bd7436dc2c5f4c92655307d198381) (ShaderImporter) -> (artifact id: '5f895bf50c9c920dfdba138d29c2a49c') in 0.009704 seconds
Start importing Packages/com.unity.render-pipelines.universal/Shaders/BakedLit.shader using Guid(0ca6dca7396eb48e5849247ffd444914) (ShaderImporter) -> (artifact id: 'd3df84d49c75a26efb4ee758ad7bd61b') in 0.0415438 seconds
Start importing Packages/com.unity.shadergraph/Editor/Resources/Shaders/Checkerboard.shader using Guid(5caf62d8bd7c44596ace77ef9eb8ea31) (ShaderImporter) -> (artifact id: '3f046e410924ece290a5c548340a798a') in 0.005661 seconds
Start importing Packages/com.unity.render-pipelines.universal/Shaders/PostProcessing/LensFlareDataDriven.shader using Guid(6cda457ac28612740adb23da5d39ea92) (ShaderImporter) -> (artifact id: '726acd56348ec43dc8a6c55ef8f51976') in 0.0196351 seconds
Start importing Packages/com.unity.render-pipelines.universal/Runtime/RendererFeatures/SurfaceCacheGI/ScreenResolveUpsampling.compute using Guid(7c302ee1d7410a6458981a5f329520b4) (ComputeShaderImporter) -> (artifact id: '62fa357561dd8e620ec8cac17b093b7e') in 0.0107986 seconds
Start importing Packages/com.unity.2d.animation/Editor/Assets/SkinningModule/SpriteEdgeOutline.shader using Guid(7cbb3655339ec401ca75ba5fe26884f4) (ShaderImporter) -> (artifact id: '45f69347e2e00958de17fa2742ecb20a') in 0.0059935 seconds
Start importing Packages/com.unity.render-pipelines.core/Tests/Runtime/Threading/FunctionTestsWave.compute using Guid(7cce01e3b2c07a34b8a6cfa8dcd99d0b) (ComputeShaderImporter) -> (artifact id: '648a3051551087a0858bcf2c200f05fb') in 0.0101046 seconds
Start importing Packages/com.unity.render-pipelines.universal/Shaders/2D/Mesh2D-Unlit-Default.shader using Guid(8c3bb6de0c0e7c047b65c077249507e5) (ShaderImporter) -> (artifact id: '58381d7d7e99932ea56616af26c86272') in 0.0154869 seconds
Start importing Packages/com.unity.render-pipelines.universal/Shaders/Utils/StencilDitherMaskSeed.shader using Guid(8c3ee818f2efa514c889881ccb2e95a2) (ShaderImporter) -> (artifact id: '8fb93a01406d6680e7da452595cfcb5b') in 0.0113161 seconds
Start importing Packages/com.unity.render-pipelines.universal/Shaders/PostProcessing/TemporalAA.shader using Guid(9c70c1a35ff15f340b38ea84842358bf) (ShaderImporter) -> (artifact id: 'b8dd1d2f300e7f204027fb59205f8ccd') in 0.0222565 seconds
Start importing Packages/com.unity.ugui/Editor Resources/Shaders/TMP_SDF Internal Editor.shader using Guid(9c442dc870b456e48b615cd8add0e9ef) (ShaderImporter) -> (artifact id: '1d84de99b17eddc779fc1f69810430fa') in 0.015846 seconds
Start importing Packages/com.unity.render-pipelines.universal/Tests/Editor/PostProcessDataTests/2.shader using Guid(ace59f7f124432f4f923bd3bfa93e0ad) (ShaderImporter) -> (artifact id: 'eb4f3a53f24a1a841c2b8c0a7c33c69b') in 0.3712922 seconds
Start importing Packages/com.unity.render-pipelines.universal/Shaders/PostProcessing/LutBuilderHdr.shader using Guid(ec9fec698a3456d4fb18cf8bacb7a2bc) (ShaderImporter) -> (artifact id: 'acec76313012ce4742728ba2353442e8') in 0.0131109 seconds
Start importing Packages/com.unity.render-pipelines.universal/Editor/Overrides/Shaders/CurveBackground.shader using Guid(0d0f817524897904ba47a6a1d55e7668) (ShaderImporter) -> (artifact id: 'ba7197557037013178d63ef1d6ca9aee') in 0.0071621 seconds
Start importing Packages/com.unity.render-pipelines.core/Runtime/UnifiedRayTracing/Compute/RadeonRays/kernels/build_hlbvh.compute using Guid(2d70cd6be91bd7843a39a54b51c15b13) (ComputeShaderImporter) -> (artifact id: 'eb5aa9c6e9d2e86d07896525a36d696e') in 0.005503 seconds
Start importing Packages/com.unity.render-pipelines.core/Editor/Gizmo/UnlitGizmo.shader using Guid(2df96b66b5510f94b98df2ac6f926ef4) (ShaderImporter) -> (artifact id: '4620019507508561fcefbdd259605290') in 0.0047364 seconds
Start importing Packages/com.unity.render-pipelines.universal/Runtime/RendererFeatures/SurfaceCacheGI/PatchAllocation.compute using Guid(3d9fc4c0ae8e22f49a8ebefad82718d9) (ComputeShaderImporter) -> (artifact id: '5ac889498197085a95ab8ecc71a2814c') in 0.0102744 seconds
Start importing Packages/com.unity.render-pipelines.universal/Runtime/RendererFeatures/SurfaceCacheGI/Debug.compute using Guid(4d40202dfa5473d44bcdc97e00d74703) (ComputeShaderImporter) -> (artifact id: '171531c466d3941b2e67ede484b5a663') in 0.0099404 seconds
Start importing Packages/com.unity.render-pipelines.universal/Runtime/RendererFeatures/SurfaceCacheGI/ScreenResolveLookup.compute using Guid(4d271c06564c6784392d81f949558e5c) (ComputeShaderImporter) -> (artifact id: 'e8306ef67fe8586b75331341884b5b8d') in 0.010336 seconds
Start importing Packages/com.unity.render-pipelines.core/Runtime/UnifiedRayTracing/Compute/RadeonRays/kernels/block_scan.compute using Guid(4d6d5de35fa45ef4a92119397a045cc9) (ComputeShaderImporter) -> (artifact id: '0434d32f03cbc996b7a50cd04e34d3c0') in 0.0043478 seconds
Start importing Packages/com.unity.render-pipelines.universal/Shaders/SimpleLit.shader using Guid(8d2bb70cbf9db8d4da26e15b26e74248) (ShaderImporter) -> (artifact id: '41663acd4c275df0d133cef051ee86d2') in 0.0470759 seconds
Start importing Assets/Resources/Art/Characters/C001/PuppetMotion/PuppetFace.shader using Guid(9d0575e7dda13f44e9c4467bdced45e5) (ShaderImporter) -> (artifact id: '248500b667bb74dce06c949edd606311') in 0.0060633 seconds
Start importing Packages/com.unity.render-pipelines.core/Runtime/RenderPipelineResources/GPUDriven/InstanceWindDataUpdateKernels.compute using Guid(fde76746e4fd0ed418c224f6b4084114) (ComputeShaderImporter) -> (artifact id: 'a459d73b74d62cb0f4e6c215e7991e4a') in 0.0066193 seconds
Start importing Packages/com.unity.render-pipelines.universal/Shaders/PostProcessing/CameraMotionBlur.shader using Guid(1edcd131364091c46a17cbff0b1de97a) (ShaderImporter) -> (artifact id: '104151a4eb64c95cdd375a864d0bc10d') in 0.0235867 seconds
Start importing Packages/com.unity.render-pipelines.universal/Shaders/2D/Mesh2D-Lit-Default.shader using Guid(4e90a8289da1f3943885176e4f83e35c) (ShaderImporter) -> (artifact id: '64a50d3c9ff4b444dc5eec9ac564b55b') in 0.0160457 seconds
Start importing Packages/com.unity.render-pipelines.core/Runtime/UnifiedRayTracing/Compute/RadeonRays/kernels/block_reduce_part.compute using Guid(4e034cc8ea2635c4e9f063e5ddc7ea7a) (ComputeShaderImporter) -> (artifact id: '3b24ba4e3ea41b6cf04fc331a0c34e53') in 0.0044853 seconds
Start importing Packages/com.unity.render-pipelines.universal/Shaders/PostProcessing/GaussianDepthOfField.shader using Guid(5e7134d6e63e0bc47a1dd2669cedb379) (ShaderImporter) -> (artifact id: '7dc76ae8d6193036e7e89f405fc78fbc') in 0.0203046 seconds
Start importing Packages/com.unity.render-pipelines.universal/Shaders/Nature/SpeedTree7Billboard.shader using Guid(5ec81c81908db34429b4f6ddecadd3bd) (ShaderImporter) -> (artifact id: 'e60922dc528909d262f0ca191a6a7018') in 0.0382163 seconds
Start importing Assets/Resources/Shaders/IceFloor.shader using Guid(6e4c2a91b8f74e0da3c5e7b1d9f02a44) (ShaderImporter) -> (artifact id: '71e08be23ba96ac2075d7d99cfa63549') in 0.0061825 seconds
Start importing Packages/com.unity.2d.animation/Editor/Assets/SkinningModule/SkinningModule-GUITextureClip.shader using Guid(bedd19944f451ba4d83e7ed69be98d5c) (ShaderImporter) -> (artifact id: '1311c950b5de4b01661ff7c421562e42') in 0.0078188 seconds
Start importing Packages/com.unity.render-pipelines.universal/Shaders/2D/Shadow2D-Projected.shader using Guid(ce09d4a80b88c5a4eb9768fab4f1ee00) (ShaderImporter) -> (artifact id: '747efb30a68177c2f6f2c04b244e12ef') in 0.0125068 seconds
Start importing Packages/com.unity.render-pipelines.universal/Shaders/2D/Shadow2D-Unshadow-Sprite.shader using Guid(de02b375720b5c445afe83cd483bedf3) (ShaderImporter) -> (artifact id: '1fcdedeed70b720ffa46d33d4f71342d') in 0.0112312 seconds
Start importing Packages/com.unity.render-pipelines.universal/Shaders/ComplexLit.shader using Guid(ee7e4c9a5f6364b688a332c67fc32cca) (ShaderImporter) -> (artifact id: '338a4b197f5f9d5442a4f53459688663') in 0.0804452 seconds
Start importing Packages/com.unity.render-pipelines.universal/Runtime/RendererFeatures/OnTileUberPost.shader using Guid(fe4f13c1004a07d4ea1e30bfd0326d9e) (ShaderImporter) -> (artifact id: '04bd91b95a8b7ae70fa401355b085e4b') in 0.0312482 seconds
Start importing Packages/com.unity.render-pipelines.universal/Shaders/Nature/SpeedTree7.shader using Guid(0f4122b9a743b744abe2fb6a0a88868b) (ShaderImporter)Shader 'Universal Render Pipeline/Nature/SpeedTree7': dependency 'BillboardShader' shader 'Universal Render Pipeline/Nature/SpeedTree7 Billboard' not found
Shader 'Universal Render Pipeline/Nature/SpeedTree7': dependency 'BillboardShader' shader 'Universal Render Pipeline/Nature/SpeedTree7 Billboard' not found
 -> (artifact id: 'e336d69d897902ff38b5cbff5530b6c4') in 0.0483764 seconds
Start importing Packages/com.unity.render-pipelines.universal/Shaders/Utils/ScreenSpaceShadows.shader using Guid(0f854b35a0cf61a429bd5dcfea30eddd) (ShaderImporter) -> (artifact id: '72d382f618a7109b79b361a2f9145237') in 0.0149026 seconds
Start importing Packages/com.unity.render-pipelines.universal/Shaders/2D/Light2D.shader using Guid(3f6c848ca3d7bca4bbe846546ac701a1) (ShaderImporter) -> (artifact id: 'c060eefd4b47b6cffab112418ff04dc1') in 0.0105203 seconds
Start importing Packages/com.unity.render-pipelines.universal/Shaders/PostProcessing/Bloom.shader using Guid(5f1864addb451f54bae8c86d230f736e) (ShaderImporter) -> (artifact id: '155f925420275c042ae04bb9c465638e') in 0.0284805 seconds
Start importing Packages/com.unity.render-pipelines.universal/Shaders/Utils/MaterialError.shader using Guid(5fd9a8feb75a4b5894c241777f519d4e) (ShaderImporter) -> (artifact id: 'e20ae66d95d6185b20c506d0598bf04c') in 0.008679 seconds
Start importing Packages/com.unity.render-pipelines.universal/Shaders/Utils/FallbackLoading.shader using Guid(7f888aff2ac86494babad1c2c5daeee2) (ShaderImporter) -> (artifact id: 'f877d9916482a24869b13bdde8b786e4') in 0.0077997 seconds
Start importing Packages/com.unity.render-pipelines.universal/Shaders/Terrain/TerrainLitBasemapGen.shader using Guid(8fbe92a9edfe6074e841d6dd1509bc59) (ShaderImporter) -> (artifact id: '1133ea1c5f5b6b27b949c46f10fae534') in 0.0207123 seconds
Start importing Packages/com.unity.render-pipelines.core/Runtime/Debug/ProbeVolumeSamplingDebug.shader using Guid(bf54e6528c79a224e96346799064c393) (ShaderImporter) -> (artifact id: 'b3dbfff061c6a6ebbbe1416d204b0d78') in 0.0102498 seconds
Start importing Packages/com.unity.render-pipelines.universal/Shaders/Debug/DebugReplacement.shader using Guid(cf852408f2e174538bcd9b7fda1c5ae7) (ShaderImporter) -> (artifact id: 'adc8b87334148af2493652d7f499aced') in 0.0180846 seconds
Start importing Assets/EmeraldBunny/Generated/Materials/chair_base_lower_fixed.mat using Guid(00f46ba7ba52acc499264fdc5428a4d2) (NativeFormatImporter) -> (artifact id: '13f546a5908e6a6d90fe0eab6a97cbcc') in 0.0079239 seconds
Start importing Assets/EmeraldBunny/Generated/Materials/chair_base_lower_front.mat using Guid(00a683a8fab772d4494bfc84d45113bd) (NativeFormatImporter) -> (artifact id: '557ff99116262b44c85342b61be0d664') in 0.0031364 seconds
Start importing Assets/EmeraldBunny/Generated/Materials/hair_leftside.mat using Guid(20b79dcb69f7e9341806966e78ffe6c0) (NativeFormatImporter) -> (artifact id: '5898a80113a29be630c70034939ddd84') in 0.0033424 seconds
Start importing Assets/EmeraldBunny/Generated/Materials/leg_front_knee_lower_fixed.mat using Guid(201f59160652fd74f82a6def124d461a) (NativeFormatImporter) -> (artifact id: '6f0442a3a02cbf7ddb28be08e6eaeccd') in 0.003035 seconds
Start importing Assets/EmeraldBunny/Generated/Materials/chair_leg_backleft_lower_fixed.mat using Guid(3003988a5f994ee4cad91b9569a3bbd6) (NativeFormatImporter) -> (artifact id: '059b2b40a2a958e6b100227a7cc9261d') in 0.0033331 seconds
Start importing Assets/EmeraldBunny/Generated/Materials/foot_ground_lower_rear.mat using Guid(30268e9c1d5ecc34084d7d6c120ce3e6) (NativeFormatImporter) -> (artifact id: 'eb841b636ac451e00fbbca1099382c12') in 0.0032928 seconds
Start importing Assets/EmeraldBunny/Generated/Materials/leg_front_knee_lower_rear.mat using Guid(30299d2ddc129fc438bad7e1e9ac9db8) (NativeFormatImporter) -> (artifact id: 'cd72ff6c3b513b27f72d248120bd0af3') in 0.003309 seconds
Start importing Assets/EmeraldBunny/Generated/Materials/spread_rear_toe_4.mat using Guid(40625fe6a91e5e545bbbcdf9d4cf683e) (NativeFormatImporter) -> (artifact id: 'c745d37bb51367cf8a18128b75d94b97') in 0.0030472 seconds
Start importing Assets/EmeraldBunny/Generated/Materials/repair_chair.mat using Guid(6043b41bdf167cf4fb8a489c08d7702b) (NativeFormatImporter) -> (artifact id: 'bdd618502e0366f349e4d32b14226f53') in 0.0033501 seconds
Start importing Assets/EmeraldBunny/Generated/Materials/fingerL_index.mat using Guid(602f212eaf0fc6749824b64ea826ca7d) (NativeFormatImporter) -> (artifact id: 'e3609698731f66b1de172b98ce484028') in 0.0238509 seconds
Start importing Assets/EmeraldBunny/Generated/Materials/chair_leg_right_lower_fixed.mat using Guid(8001f907ee5ed6f4797b7077c68450f1) (NativeFormatImporter) -> (artifact id: 'bd71d7b72e18005395de276d77d3237e') in 0.0039468 seconds
Start importing Assets/EmeraldBunny/Generated/Materials/browL.mat using Guid(80c24975a51a0de41a733e896304de66) (NativeFormatImporter) -> (artifact id: 'a3ae2cbca95aff6204556436d83b898f') in 0.0040938 seconds
Start importing Assets/EmeraldBunny/Generated/Materials/chair_leg_right.mat using Guid(a01f8d70a54156b49914af6d30e32223) (NativeFormatImporter) -> (artifact id: 'fd2e89971d3c6a4ed7405313994c2c5e') in 0.0036829 seconds
Start importing Assets/EmeraldBunny/Generated/Materials/toeAir1_lower_front.mat using Guid(e0b400b58bc7b68479291a7ecf2d9866) (NativeFormatImporter) -> (artifact id: '11a63f85010c60804f7b1e530297fb10') in 0.0034624 seconds
Start importing Assets/EmeraldBunny/Generated/Materials/leg_rear_calf_lower_front.mat using Guid(e0f751c50cd203244bb03a2b4f19afd8) (NativeFormatImporter) -> (artifact id: 'dffb986c77b8905d6ca332e1fd85c82f') in 0.0209404 seconds
Start importing Assets/EmeraldBunny/Generated/Materials/irisL.mat using Guid(e0ebfc87d23a40145811e657a1529912) (NativeFormatImporter) -> (artifact id: 'e9382a1fa73b78eb897f532c3fe3a3f0') in 0.005665 seconds
Start importing Assets/EmeraldBunny/Generated/Materials/arm_left_upper.mat using Guid(11d4e9c3a87f9244aa75caa8f746a3c6) (NativeFormatImporter) -> (artifact id: 'd7b6913eaabf85c4a757039fdbae1f2f') in 0.0046052 seconds
Start importing Packages/com.unity.render-pipelines.universal/Runtime/Materials/Decal.mat using Guid(31d0dcc6f2dd4e4408d18036a2c93862) (NativeFormatImporter) -> (artifact id: '8f3d32c29394a79b41f28a25b53defe8') in 0.0085245 seconds
Start importing Packages/com.unity.render-pipelines.universal/Runtime/Materials/Lit.mat using Guid(31321ba15b8f8eb4c954353edc038b1d) (NativeFormatImporter) -> (artifact id: '960643f9fe6857c5d72b0d2fd2085c0e') in 0.0135934 seconds
Start importing Assets/EmeraldBunny/Generated/Materials/lip_lower.mat using Guid(5120e7c95a10f7647bacc9208b8ceb55) (NativeFormatImporter) -> (artifact id: 'fd5e119af69d9c26ac0801a9f15ecde9') in 0.0067838 seconds
Start importing Packages/com.unity.render-pipelines.universal/Runtime/Materials/Mesh2D-Unlit-Default.mat using Guid(71942363c5608a64bb62421349d39c9c) (NativeFormatImporter) -> (artifact id: 'ef7311a66811940111367c78fa0cdd5d') in 0.0038611 seconds
Start importing Assets/EmeraldBunny/Generated/Materials/ear_left.mat using Guid(81f6f75d424e7aa4e9906af16b88e74a) (NativeFormatImporter) -> (artifact id: '88cf6d099130ed458b783f7b63d11896') in 0.0034726 seconds
Start importing Assets/EmeraldBunny/Generated/Materials/chair_leg_backleft.mat using Guid(9114bd2322602f34fa04a493f8e2de06) (NativeFormatImporter) -> (artifact id: '9df7abbe9ef3fe14603978b646090888') in 0.0033496 seconds
Start importing Assets/EmeraldBunny/Generated/Materials/fingerR_thumb.mat using Guid(a1ce212d6d32dd44ba1ef928d389a94d) (NativeFormatImporter) -> (artifact id: '852d4a6fbee4568b508e1324c0f5d58a') in 0.003047 seconds
Start importing Assets/EmeraldBunny/Generated/Materials/collar_right.mat using Guid(c163195e19559d849a6add0b4233d2dd) (NativeFormatImporter) -> (artifact id: '86038c6df264a4009d24cd97c7756c3e') in 0.0037122 seconds
Start importing Assets/EmeraldBunny/Generated/Materials/blink_closed.mat using Guid(c16b2e974a094c94eb8c3f701880d89b) (NativeFormatImporter) -> (artifact id: '5606216d5870737d401b26a74854f2fc') in 0.0032369 seconds
Start importing Assets/EmeraldBunny/Generated/Materials/cuff_left.mat using Guid(e1d685b6a7b49ad4c8b0d16fb715420c) (NativeFormatImporter) -> (artifact id: 'b1cfe6ca3ba8d49bedd8f4179ae2115c') in 0.0032008 seconds
Start importing Assets/EmeraldBunny/Generated/Materials/hair_braid.mat using Guid(e1074b46575b3004895f7d0e85eee5ed) (NativeFormatImporter) -> (artifact id: '3a6f5153d3b6572a7dcd891d8f88eb4f') in 0.0119448 seconds
Start importing Assets/EmeraldBunny/Generated/Materials/leg_rear_knee.mat using Guid(f1a34658946594546bdff651404f00cd) (NativeFormatImporter) -> (artifact id: '97a55f2fc90951954c6db6a596e03cef') in 0.0035827 seconds
Start importing Assets/EmeraldBunny/Generated/Materials/spread_rear_toe_1.mat using Guid(02c4657694b4c004b885910cb64d7f0e) (NativeFormatImporter) -> (artifact id: '8541f77cc5a23bc08eb86bdc697835a5') in 0.0030915 seconds
Start importing Assets/EmeraldBunny/Generated/Materials/spread_front_toe_0.mat using Guid(52545f18d8c0dad4288069ce02f1d413) (NativeFormatImporter) -> (artifact id: '776190781cdbd54d025cc52bbdacbaea') in 0.0033176 seconds
Start importing Assets/EmeraldBunny/Generated/Materials/toeGround5_lower_rear.mat using Guid(6271d08757f0a354aaf3f636e8afa1ff) (NativeFormatImporter) -> (artifact id: '64b6a01603c4c4f46acb43e2024122a0') in 0.0038643 seconds
Start importing Assets/EmeraldBunny/Generated/Materials/hair_righttip.mat using Guid(6259ba7d9ea3bcd4fb952fe661a6e5d6) (NativeFormatImporter) -> (artifact id: 'd8dd850169205197b2b2e23c0af09a3e') in 0.0033874 seconds
Start importing Assets/EmeraldBunny/Generated/Materials/foot_ground_lower_fixed.mat using Guid(8222b8d9c4ecea84eb627422761675a9) (NativeFormatImporter) -> (artifact id: '53847dafec40b1e446395c12f853a46b') in 0.003241 seconds
Start importing Packages/com.unity.render-pipelines.universal/Editor/SceneTemplates/Materials/Emissive.mat using Guid(92f845725428c954b878da352f657fe5) (NativeFormatImporter) -> (artifact id: 'b1f26f5eeb8ffbff6a8f6611506c4115') in 0.0045622 seconds
Start importing Assets/EmeraldBunny/Generated/Materials/repair_knee.mat using Guid(a2d935262ad35ea4c9bd918bafe2f0c2) (NativeFormatImporter) -> (artifact id: 'f44e4d12dcb20d942c473d3a5026943d') in 0.0085231 seconds
Start importing Assets/EmeraldBunny/Generated/Materials/leg_front_thigh_lower_rear.mat using Guid(a24ce1a3b097a5c4f9e5c82886834b18) (NativeFormatImporter) -> (artifact id: '3ac37ca22be788418e007e652f854986') in 0.0039578 seconds
Start importing Assets/EmeraldBunny/Generated/Materials/leg_front_calf_lower_front.mat using Guid(b28044d4edc424441a0942916bf7f863) (NativeFormatImporter) -> (artifact id: '5f902d099138148352e01aa0db1fe333') in 0.0052508 seconds
Start importing Assets/EmeraldBunny/Generated/Materials/chair_front_lower_front.mat using Guid(b259a5baa3251a7469f3672a7a0bb7ec) (NativeFormatImporter) -> (artifact id: 'f39f24e51287a8359f33939cc6b88085') in 0.0038184 seconds
Start importing Assets/EmeraldBunny/Generated/Materials/face.mat using Guid(b2aae2328bc47a140954c25f07bf113b) (NativeFormatImporter) -> (artifact id: '83bb0d3ccfee29f4e156da3aa8d48678') in 0.0032688 seconds
Start importing Packages/com.unity.render-pipelines.universal/Editor/SceneTemplates/Materials/Gold.mat using Guid(c2e40fa84d53ccd428f640eac126b1fb) (NativeFormatImporter) -> (artifact id: '9f9661d44e363023702c87ca4956e3f6') in 0.003538 seconds
Start importing Assets/EmeraldBunny/Generated/Materials/rabbit_right.mat using Guid(c27e80e2f5287b44490dc42b5d8ee3de) (NativeFormatImporter) -> (artifact id: '3484f724c901c8a23b4465777c87b461') in 0.0034181 seconds
Start importing Assets/EmeraldBunny/Generated/Materials/mouth_inner.mat using Guid(f210402ffb1a12648992f0a969db89f7) (NativeFormatImporter) -> (artifact id: '17dc7567ed54df388cffa6e7ac39f91b') in 0.0033893 seconds
Start importing Assets/EmeraldBunny/Generated/Materials/hand_right.mat using Guid(f278224661903634d9304935a1a23c06) (NativeFormatImporter) -> (artifact id: 'bd3e61c4721c7d79331bd0f7ebc2c905') in 0.0056205 seconds
Start importing Assets/EmeraldBunny/Generated/Materials/spread_front_toe_1.mat using Guid(13d0458ea8d3f0f45b4d771537b12ad8) (NativeFormatImporter) -> (artifact id: 'b212315b610f5209be32418b5fa97733') in 0.0037796 seconds
Start importing Assets/EmeraldBunny/Generated/Materials/waist_chain.mat using Guid(63800218b9935a242bb6d1575ff756b4) (NativeFormatImporter) -> (artifact id: '554ce99b2bf2c855ca53da0510aac53c') in 0.0032783 seconds
Start importing Assets/EmeraldBunny/Generated/Materials/chair_rightarm.mat using Guid(638033526a14c6d49ae5e019fc864fe1) (NativeFormatImporter) -> (artifact id: 'a473fa4b688efa051a717ea08d623a68') in 0.0032217 seconds
Start importing Assets/EmeraldBunny/Generated/Materials/foot_air_lower_fixed.mat using Guid(a30920f6cdffa9442a4d0e4848d4b918) (NativeFormatImporter) -> (artifact id: 'f03b4d13647d89326a0049a9c8f3e9f4') in 0.0030468 seconds
Start importing Packages/com.unity.render-pipelines.universal/Editor/SceneTemplates/Materials/Metal_Black.mat using Guid(b34b07a45ba63ce47896c9e674f3a7a7) (NativeFormatImporter) -> (artifact id: '2e543c70b0a48798291a154a0176c0e2') in 0.0048758 seconds
Start importing Assets/EmeraldBunny/Generated/Materials/spread_rear_toe_3.mat using Guid(d3aa447d41cb2954791e469ffbcf8875) (NativeFormatImporter) -> (artifact id: 'd445d05ecd6f4c63eb0517b0b134ddbe') in 0.0029437 seconds
Start importing Assets/EmeraldBunny/Generated/Materials/chair_base_lower_rear.mat using Guid(e3a3c095338225e4599d3a30bac862c8) (NativeFormatImporter) -> (artifact id: 'c8b524218c4e8ed84b6b89ceed1ca41e') in 0.0032228 seconds
Start importing Assets/EmeraldBunny/Generated/Materials/chair_leg_middle_lower_fixed.mat using Guid(f31430244348725418384d99bff962cd) (NativeFormatImporter) -> (artifact id: '379a759fd07d0568cfe5b57956489036') in 0.0035996 seconds
Start importing Assets/EmeraldBunny/Generated/Materials/lowerlidL.mat using Guid(1486b50442835c048bb2edb7aaacf112) (NativeFormatImporter) -> (artifact id: '0a6ffc98700063427cb399ba53a63110') in 0.0051041 seconds
Start importing Assets/EmeraldBunny/Generated/Materials/arm_right_forearm.mat using Guid(24f2b9d11b082a54a91f8d6d1f94429d) (NativeFormatImporter) -> (artifact id: 'c4a91203cdebbc3c7bf3f2899139e4ab') in 0.0058497 seconds
Start importing Assets/EmeraldBunny/Generated/Materials/spread_front_toe_2.mat using Guid(7495ce0f53dd61a45a6e910cbd24355f) (NativeFormatImporter) -> (artifact id: 'fee1b527c26f31e282c6706cf33986a5') in 0.0052771 seconds
Start importing Assets/EmeraldBunny/Generated/Materials/mouth.mat using Guid(74ddecb52c807ff40addd49b50bb5687) (NativeFormatImporter) -> (artifact id: 'c98872e2c37fe0e1aa209cd63660e970') in 0.0085289 seconds
Start importing Packages/com.unity.render-pipelines.universal/Runtime/Materials/Mesh2D-Lit-Default.mat using Guid(9452ae1262a74094f8a68013fbcd1834) (NativeFormatImporter) -> (artifact id: 'a9f6a1c64081483a70fbc1be53f18baa') in 0.0041826 seconds
Start importing Assets/EmeraldBunny/Generated/Materials/earring_left.mat using Guid(a482916b0dbb77448910961ba495953a) (NativeFormatImporter) -> (artifact id: '5f20a0093da6ced8febfc73f7eea8fed') in 0.0047691 seconds
Start importing Assets/EmeraldBunny/Generated/Materials/chair_front.mat using Guid(f493a23c46817204dbf90e9ac4dcd0fd) (NativeFormatImporter) -> (artifact id: '59b1d90ae206497b63716a0faa9856b7') in 0.0028017 seconds
Start importing Assets/EmeraldBunny/Generated/Materials/leg_rear_knee_lower_front.mat using Guid(05435cefed658014ca8b126246bd471b) (NativeFormatImporter) -> (artifact id: '6351649a03754acf1aa337dcb191d93e') in 0.0034108 seconds
Start importing Assets/EmeraldBunny/Generated/Materials/neck.mat using Guid(050ee58483a7bbf42b3caad07603450b) (NativeFormatImporter) -> (artifact id: '5a39475d72baac2cf4cb2a6245f107ef') in 0.0030399 seconds
Start importing Packages/com.unity.render-pipelines.universal/Runtime/Materials/SpriteMask-Default.mat using Guid(15d0c3709176029428a0da2f8cecf0b5) (NativeFormatImporter) -> (artifact id: '9b9123c1145efbdb38e316f85cad951e') in 0.0131809 seconds
Start importing Assets/EmeraldBunny/Generated/Materials/bow_gem.mat using Guid(658d55e2db4b77e4ab2264551b086de4) (NativeFormatImporter) -> (artifact id: 'aed4b134551c1ff09f88bb7585a5e610') in 0.0079008 seconds
Start importing Assets/EmeraldBunny/Generated/Materials/chair_front_lower_rear.mat using Guid(958b62f773dccdc4590e05e23a2c9425) (NativeFormatImporter) -> (artifact id: '2dda730f49da84d14868b2d10617806b') in 0.0030125 seconds
Start importing Assets/EmeraldBunny/Generated/Materials/toeGround2_lower_rear.mat using Guid(b589e2e55f3ce34438f03cd05b7b682e) (NativeFormatImporter) -> (artifact id: 'd714c6d850f4f88a43f9bd43776c05a8') in 0.0031731 seconds
Start importing Packages/com.unity.render-pipelines.universal/Runtime/Materials/SpatialMappingOcclusion.mat using Guid(b51db210fe78df745a372851b3db949e) (NativeFormatImporter) -> (artifact id: 'e725b235a682e6bf286c10ab07552b74') in 0.0050238 seconds
Start importing Assets/EmeraldBunny/Generated/Animations/ToeFlex.anim using Guid(d56ce426b4044b54d9e2a70f731d1350) (NativeFormatImporter) -> (artifact id: 'a7434ba423f79dcc6dd4decdad109e83') in 0.1887968 seconds
Start importing Assets/EmeraldBunny/Generated/Materials/fingerL_middle.mat using Guid(e507550030b251148a53fdeae33de593) (NativeFormatImporter) -> (artifact id: '0cbba10e77e6727c0ecb1f37f21e2ee9') in 0.0031781 seconds
Start importing Assets/EmeraldBunny/Generated/Materials/chair_leftarm.mat using Guid(f53450682e82dd1408cdd641c9a9d7b5) (NativeFormatImporter) -> (artifact id: '88b79434e9837107b159386c832b07b8') in 0.0035186 seconds
Start importing Assets/EmeraldBunny/Generated/Materials/nose.mat using Guid(1610174f15a9fba4d95e8573653aa84f) (NativeFormatImporter) -> (artifact id: 'fdfe2ce5107dfc78da6d055c62f3931d') in 0.00311 seconds
Start importing Assets/EmeraldBunny/Generated/Materials/toeGround3_lower_rear.mat using Guid(26329f6928dcddf46b41cdd3f07cd804) (NativeFormatImporter) -> (artifact id: '7e1b100da278a1772be5ca25bb60445c') in 0.0028138 seconds
Start importing Assets/EmeraldBunny/Generated/Materials/leg_rear_calf_lower_fixed.mat using Guid(368caac700e2d2f4ebeb738b8ef85a46) (NativeFormatImporter) -> (artifact id: 'daebb94d646ba76e86812c18a03642fd') in 0.0030683 seconds
Start importing Assets/EmeraldBunny/Generated/Materials/bow_right.mat using Guid(4697f5b412fb20f4aa31e46fb1a27eeb) (NativeFormatImporter) -> (artifact id: '3e03be3275666d409e271cc47340c2f8') in 0.0030076 seconds
Start importing Assets/EmeraldBunny/Generated/Materials/leg_front_thigh_lower_front.mat using Guid(56e4903b433f2564caba19025bf3cb67) (NativeFormatImporter) -> (artifact id: 'acbe026575b04d9c1ebe72bc4514080e') in 0.0030345 seconds
Start importing Assets/EmeraldBunny/Generated/Materials/repair_eyes.mat using Guid(56ec2c4e005051e40b703ffb91974e0b) (NativeFormatImporter) -> (artifact id: 'da47e79d4e1b7ab89d4e026e10c054f1') in 0.0032717 seconds
Start importing Assets/EmeraldBunny/Generated/Materials/fingerR_middle.mat using Guid(6671921d86f6a4341a324ad581c427e3) (NativeFormatImporter) -> (artifact id: '0368337e613102243062a8c13ab2f5be') in 0.019234 seconds
Start importing Packages/com.unity.render-pipelines.universal/Editor/SceneTemplates/Materials/Ground.mat using Guid(761d8e1f988ed2345a28312145c79c6e) (NativeFormatImporter) -> (artifact id: '27ce923cbd5bcc4047b0e855e6fb0af9') in 0.0037334 seconds
Start importing Assets/EmeraldBunny/Generated/Materials/leg_rear_knee_lower_rear.mat using Guid(864757a5c44570840a3e0198db0dfc49) (NativeFormatImporter) -> (artifact id: 'ecb642ba2aff636a3321c2a45cca95d6') in 0.0041743 seconds
Start importing Assets/EmeraldBunny/Generated/Materials/hair_fringe.mat using Guid(865e38a4aecd82b4bb18bb3914728afc) (NativeFormatImporter) -> (artifact id: '2df8a95836b42b285474bdd3f30e2db1') in 0.0031706 seconds
Start importing Assets/EmeraldBunny/Generated/Materials/toeAir4_lower_front.mat using Guid(967dd885da3aff441866da4e6af4f241) (NativeFormatImporter) -> (artifact id: '6da1b3c1a4fe326d85fc8b9fbc41d659') in 0.0059952 seconds
Start importing Packages/com.unity.render-pipelines.universal/Runtime/Materials/RenderAs2D-Flattening.mat using Guid(b697f6a938056384e968ccf6527dac83) (NativeFormatImporter) -> (artifact id: '5ecfe90ca8080262222ed764ee85060b') in 0.0041849 seconds
Start importing Assets/EmeraldBunny/Generated/Materials/chair_leg_middle_lower_rear.mat using Guid(c67dcb144e1ef0b42aacbb6d8f082dc1) (NativeFormatImporter) -> (artifact id: '5ea79efd960853bc64b4e14d7d7a2f3c') in 0.0044553 seconds
Start importing Assets/EmeraldBunny/Generated/Materials/browR.mat using Guid(d658c13c6d777004fb8dbf469672189a) (NativeFormatImporter) -> (artifact id: '9fc766b98ccf4ea712b92f258914585f') in 0.0038992 seconds
Start importing Assets/EmeraldBunny/Generated/Materials/bow_left.mat using Guid(e65d06e8d1ada214691eac236e8deb4f) (NativeFormatImporter) -> (artifact id: '5ad763f1af7f80476bfd879add949c02') in 0.0402214 seconds
Start importing Assets/EmeraldBunny/Generated/Materials/spread_rear_toe_2.mat using Guid(f642b8526165dad4bb686bae4c2ffd8b) (NativeFormatImporter) -> (artifact id: '748a63ebc79ec60e0f811327f96bc48c') in 0.0042321 seconds
Start importing Assets/EmeraldBunny/Generated/Materials/chair_rightarm_lower_fixed.mat using Guid(0768bbd4bd74e6f47a797378a0086bf9) (NativeFormatImporter) -> (artifact id: 'acad7da418622390c6f43609590f4158') in 0.0036741 seconds
Start importing Assets/EmeraldBunny/Generated/Materials/leg_front_thigh.mat using Guid(073b9b17cc39bb24885c0fc6c3ccc6ec) (NativeFormatImporter) -> (artifact id: 'd741fbc2ae37ce123e0ec8deaeee2932') in 0.0039278 seconds
Start importing Assets/EmeraldBunny/Generated/Materials/upperlidL.mat using Guid(17f6c166540219942b3b732c4a06f245) (NativeFormatImporter) -> (artifact id: '429ec7c16e7db0de6e1eaae7a13ee864') in 0.0035824 seconds
Start importing Assets/EmeraldBunny/Generated/Materials/leg_front_calf_lower_fixed.mat using Guid(77838561a2475ca40b5ce3291622100d) (NativeFormatImporter) -> (artifact id: '62c8145bb3d1746a4fefe6b7dd5f3529') in 0.0042488 seconds
Start importing Assets/EmeraldBunny/Generated/Materials/chair_leg_frontleft.mat using Guid(87a2c4b2137b9594cad3dbcd2dfe0c4b) (NativeFormatImporter) -> (artifact id: '5df994863887598d994420aa9f38b988') in 0.0036539 seconds
Start importing Assets/EmeraldBunny/Generated/Animations/LegAnkle.anim using Guid(e7f07cf75f8dfe44da48729aca03bb4c) (NativeFormatImporter) -> (artifact id: 'd7bfb02af89d9b55bc5d633eafb3da4d') in 0.1249603 seconds
Start importing Assets/EmeraldBunny/Generated/Materials/leg_front_knee.mat using Guid(f7feb30dcfe324b439573884a4cea715) (NativeFormatImporter) -> (artifact id: 'f51d987339e459e655a15e63f0cd36c4') in 0.0039952 seconds
Start importing Assets/EmeraldBunny/Generated/Materials/toeAir5_lower_front.mat using Guid(381dc303c82c7f245922cd123fe4cfdd) (NativeFormatImporter) -> (artifact id: '17f6e4d865ac7b0a1f6f411e8bebf652') in 0.0030601 seconds
Start importing Assets/EmeraldBunny/Generated/Materials/fingerR_little.mat using Guid(58c071d6ab7ef2f4cbcf3bd1944c3bb8) (NativeFormatImporter) -> (artifact id: 'b6d9973637e96fd3395a928831a30a00') in 0.0026073 seconds
Start importing Packages/com.unity.render-pipelines.universal/Runtime/Materials/FullscreenInvertColors.mat using Guid(78a08787ca30045abb69f6f7dd878e09) (NativeFormatImporter) -> (artifact id: 'ee24d1240c4d3093a35a8ce9cd6a6123') in 0.0031123 seconds
Start importing Packages/com.unity.render-pipelines.universal/Runtime/Materials/SpatialMappingWireframe.mat using Guid(9875a245ac49007498213638a307faa1) (NativeFormatImporter) -> (artifact id: '40a3a03ad30c23572795ee7951b74454') in 0.0037251 seconds
Start importing Assets/EmeraldBunny/Generated/Materials/lowerlidR.mat using Guid(a83ecbf10733ade43a555cf8a12c072e) (NativeFormatImporter) -> (artifact id: 'b30cb27b4dac767f186223d9276c5767') in 0.003082 seconds
Start importing Assets/EmeraldBunny/Generated/Materials/chair_base.mat using Guid(c8236241102a1654bb23a37836e5601f) (NativeFormatImporter) -> (artifact id: 'e1436a3026778400f86d9b09f4b66527') in 0.0028531 seconds
Start importing Packages/com.unity.render-pipelines.universal/Runtime/Materials/ParticlesUnlit.mat using Guid(e823cd5b5d27c0f4b8256e7c12ee3e6d) (NativeFormatImporter) -> (artifact id: 'aa862bff269d59d834f13819255630e6') in 0.003405 seconds
Start importing Assets/EmeraldBunny/Generated/Materials/hair_back.mat using Guid(1943aeaf5da01d24d8827845b5c70ca7) (NativeFormatImporter) -> (artifact id: 'd1bf36cb8a4578242e9fd7774126e2ca') in 0.0033731 seconds
Start importing Assets/EmeraldBunny/Generated/Materials/hair_rightlock.mat using Guid(29b5214d8dd129141a53938d0a030049) (NativeFormatImporter) -> (artifact id: '8ef65893eb10d2e76b34f242ccda76d0') in 0.0034299 seconds
Start importing Assets/EmeraldBunny/Generated/Animations/Idle.anim using Guid(29a93ec73e11aa74e89ea63cdc506db3) (NativeFormatImporter) -> (artifact id: 'e9a170ecffe9ee18796962def6e351f5') in 0.1547537 seconds
Start importing Assets/EmeraldBunny/Generated/Materials/arm_left_forearm.mat using Guid(59f32930b95f1a24e8050dd63c851880) (NativeFormatImporter) -> (artifact id: 'e6fa2737cb76e1f92fc6f0c6ef43fbdd') in 0.003392 seconds
Start importing Packages/com.unity.render-pipelines.universal/Runtime/Materials/TerrainLit.mat using Guid(594ea882c5a793440b60ff72d896021e) (NativeFormatImporter) -> (artifact id: '32c0756065a4c99773d8b19abfdb7370') in 0.0043789 seconds
Start importing Packages/com.unity.render-pipelines.universal/Editor/SceneTemplates/Indoors.scenetemplate using Guid(89b1eb68090237240966320a7a94784d) (NativeFormatImporter) -> (artifact id: '8ca52a63375871e742f0bd6adc0ab7de') in 0.0378922 seconds
Start importing Assets/EmeraldBunny/Generated/Materials/spread_rear_toe_0.mat using Guid(9933013bf60989945a12d14cc95d306c) (NativeFormatImporter) -> (artifact id: 'ec67b8a71f3a5ab738468db13d33de06') in 0.0041358 seconds
Start importing Assets/EmeraldBunny/Generated/Materials/leg_front_thigh_lower_fixed.mat using Guid(a93c9671bb2b612469798dbfffdacec4) (NativeFormatImporter) -> (artifact id: '9d42395e8055c8b695ed905398610102') in 0.0048009 seconds
Start importing Packages/com.unity.render-pipelines.universal/Runtime/Materials/Sprite-Lit-Default.mat using Guid(a97c105638bdf8b4a8650670310a4cd3) (NativeFormatImporter) -> (artifact id: '6b65b378b739cf40c13c1e455b16dff7') in 0.0040816 seconds
Start importing Assets/EmeraldBunny/Generated/Materials/upperlidR.mat using Guid(b9215fe1f2c2c1644b76013d5c654f94) (NativeFormatImporter) -> (artifact id: '7e774097130d4d69ad9f860636f6068f') in 0.0030265 seconds
Start importing Assets/EmeraldBunny/Generated/Animations/HandRelax.anim using Guid(d901a914a570744459ffb70f6345f33d) (NativeFormatImporter) -> (artifact id: 'f5fe0c1cdfe74d4e71844f5e28b03214') in 0.0792833 seconds
Start importing Assets/EmeraldBunny/Generated/Materials/chair_all.mat using Guid(e9ba034f7709db140945ee50deb82a56) (NativeFormatImporter) -> (artifact id: '0bc81d2e10e286b56e8d60cf8d8c1946') in 0.0033322 seconds
Start importing Packages/com.unity.render-pipelines.universal/Editor/SceneTemplates/Materials/White.mat using Guid(f96821bbefeea864b9b418af4b8615ac) (NativeFormatImporter) -> (artifact id: 'b0a10ce88eba78cadb227317064359ad') in 0.0030907 seconds
Start importing Assets/EmeraldBunny/Generated/Materials/chair_leg_frontleft_lower_fixed.mat using Guid(2ad791d03c382304897f73403768d383) (NativeFormatImporter) -> (artifact id: '080f7acc3094c285d1d36b49ad35ea61') in 0.0029512 seconds
Start importing Assets/EmeraldBunny/Generated/Materials/costume_bust.mat using Guid(3aec37c731033fa41bc1c2febb3e7f94) (NativeFormatImporter) -> (artifact id: '79d68ab8e933b6ab46f90ae32c229b28') in 0.0029608 seconds
Start importing Assets/EmeraldBunny/Generated/Materials/costume_waist.mat using Guid(3adf246b1dc001641b6d82c28ef1050a) (NativeFormatImporter) -> (artifact id: 'e67c534f13e70f416d070fb07c40ede1') in 0.002976 seconds
Start importing Packages/com.unity.render-pipelines.universal/Runtime/Materials/SimpleLit.mat using Guid(6a1143ee683302f4aa628c052723efc1) (NativeFormatImporter) -> (artifact id: '4e947c4ad6c49ec8c3dbccd89f2ba9c5') in 0.0088157 seconds
Start importing Assets/EmeraldBunny/Generated/Materials/leg_rear_calf_lower_rear.mat using Guid(8a71b9a64d2e20447ae8aed45b155cf5) (NativeFormatImporter) -> (artifact id: '88d28c08f3009db1f601305b7effe26c') in 0.0039622 seconds
Start importing Packages/com.unity.render-pipelines.universal/Runtime/RendererFeatures/SurfaceCacheGI/FallbackMaterial.mat using Guid(8a239b3da89050c4e89ac06b168fc684) (NativeFormatImporter) -> (artifact id: '365f287f19db505f8da5f5a7aa1bdbca') in 0.0052973 seconds
Start importing Assets/EmeraldBunny/Generated/Materials/repair_face.mat using Guid(baeb2cba03794c949a85fb97008c1239) (NativeFormatImporter) -> (artifact id: 'b914bbc2d9c5c63899cd9f6d444c4e97') in 0.0042506 seconds
Start importing Assets/EmeraldBunny/Generated/Materials/hair_sweep.mat using Guid(da00bab10da84494d9cf1ae580b60ab8) (NativeFormatImporter) -> (artifact id: '60fc2810ba932a1b262299e3f4934b2a') in 0.0032189 seconds
Start importing Assets/EmeraldBunny/Generated/Materials/fingerR_index.mat using Guid(eaf47ad3bc1131541a469be52d2570a0) (NativeFormatImporter) -> (artifact id: '76d8b5faf3258aa56af66e6149dda236') in 0.0035739 seconds
Start importing Assets/EmeraldBunny/Generated/Materials/leg_front_knee_lower_front.mat using Guid(1bff20cc9feeac94ca1e77f193736f39) (NativeFormatImporter) -> (artifact id: '6afe6d410ff5e4b514834dfc4dd2c700') in 0.0032196 seconds
Start importing Assets/EmeraldBunny/Generated/Materials/toeGround1_lower_rear.mat using Guid(2beda8a8017ff81429ef40cc16f24d67) (NativeFormatImporter) -> (artifact id: 'ca90d7bd79e25f3e01e967cff81c0a27') in 0.003118 seconds
Start importing Assets/EmeraldBunny/Generated/Materials/arm_right_upper.mat using Guid(4bc6d9c7aae9f0444aba0abbc02c0d48) (NativeFormatImporter) -> (artifact id: '4f6976c0596f88403414b450b1961aaf') in 0.0033292 seconds
Start importing Assets/EmeraldBunny/Generated/Materials/hair_gem.mat using Guid(5bef6097a015e0e4795d91e4e27af2dd) (NativeFormatImporter) -> (artifact id: '3c43be00fd3214a085a12b175a75001d') in 0.0051406 seconds
Start importing Assets/EmeraldBunny/Generated/Materials/hand_left.mat using Guid(ab94f8440f0388948b06b8684b431732) (NativeFormatImporter) -> (artifact id: 'd5a7b6bcad99ae793ed522b1bd981c36') in 0.0036724 seconds
Start importing Assets/EmeraldBunny/Generated/Materials/foot_air_lower_front.mat using Guid(abbdca7539c06a5419c128243686fdad) (NativeFormatImporter) -> (artifact id: '2d84344d06ac28bc31216156dac05bcb') in 0.0038103 seconds
Start importing Assets/EmeraldBunny/Generated/Materials/toeAir3_lower_front.mat using Guid(bb84cf5c688f9ae4889058929ca34852) (NativeFormatImporter) -> (artifact id: '20223a6ecf8d580791cae9acee9fc93f') in 0.0029707 seconds
Start importing Assets/EmeraldBunny/Generated/Materials/bow_tails.mat using Guid(bb3c7c74375368a4d9a1f602ba2b53a3) (NativeFormatImporter) -> (artifact id: '6600b84377e8843f51c49ae8b0b90154') in 0.0036316 seconds
Start importing Assets/EmeraldBunny/Generated/Materials/fingerL_thumb.mat using Guid(bbcc83fc26ea5b145909047ae7a0e03a) (NativeFormatImporter) -> (artifact id: 'df01c5e24340f821ec07dce8759546e6') in 0.0038002 seconds
Start importing Assets/EmeraldBunny/Generated/Materials/leg_rear_knee_lower_fixed.mat using Guid(0ce2fd4ef17db6c4f9b3ea72dc42f681) (NativeFormatImporter) -> (artifact id: '6b87ee1f196d301f675028e3fc3bf256') in 0.0031363 seconds
Start importing Assets/EmeraldBunny/Generated/Materials/collar_left.mat using Guid(1cff0ad108855cb498838e552869a254) (NativeFormatImporter) -> (artifact id: 'd62a00b3e310d48633b262cba2bd6e17') in 0.0035079 seconds
Start importing Assets/EmeraldBunny/Generated/Materials/background_foot_repair.mat using Guid(3c7949cbbf2737f4d86edaa2accb1c21) (NativeFormatImporter) -> (artifact id: '54916d5b4ce911625b8c154a46a6fc7c') in 0.0056207 seconds
Start importing Assets/EmeraldBunny/Generated/Materials/cuff_right.mat using Guid(bc24fdb4a11898e4795dec2d392d36b2) (NativeFormatImporter) -> (artifact id: 'f3d0696ac8f7df0f18428cec62cb0f39') in 0.0031909 seconds
Start importing Assets/EmeraldBunny/Generated/Materials/costume_hip.mat using Guid(bc598a38b1a5f094482b9b8dacf39408) (NativeFormatImporter) -> (artifact id: 'b6315b6c6b4c22a64118f1a46b17f2ee') in 0.0038391 seconds
Start importing Assets/EmeraldBunny/Generated/Animations/FootStretch.anim using Guid(eccd7e9711290214bbe14618c19d2ab2) (NativeFormatImporter) -> (artifact id: '9db507754f82af7a54fe4b746e8d0a8d') in 0.0858228 seconds
Start importing Assets/EmeraldBunny/Generated/Materials/chair_leg_right_lower_front.mat using Guid(3de02c6ca7d53f2479fee20e9a9f5ca1) (NativeFormatImporter) -> (artifact id: 'f49c2b263ceac47edfa665880fab63de') in 0.0039923 seconds
Start importing Assets/EmeraldBunny/Generated/Materials/irisR.mat using Guid(6d3b93a9dd38e1c439428eb9d29aa5a9) (NativeFormatImporter) -> (artifact id: 'd2ff507a23b3847cc721a1f7cb3ac4ba') in 0.0030951 seconds
Start importing Assets/EmeraldBunny/Generated/Materials/toeGround4_lower_rear.mat using Guid(8dc35f51965b70e4ab68b8d72748e0eb) (NativeFormatImporter) -> (artifact id: '0cb09e82030b9e4f1f97ae24329e4d8f') in 0.004056 seconds
Start importing Assets/EmeraldBunny/Generated/Materials/toeAir2_lower_front.mat using Guid(8de5c48a85eeaa14991d7b73e8e90c72) (NativeFormatImporter) -> (artifact id: '5099c2c37053442da9d90118cdeba535') in 0.0039072 seconds
Start importing Packages/com.unity.render-pipelines.universal/Editor/SceneTemplates/Standard.scenetemplate using Guid(9d187c8728d2b4c398f45befcacc2827) (NativeFormatImporter) -> (artifact id: '07073d9b0154803a34ceafbe0c05fae5') in 0.0108813 seconds
Start importing Packages/com.unity.render-pipelines.universal/Runtime/Materials/Sprite-Unlit-Default.mat using Guid(9dfc825aed78fcd4ba02077103263b40) (NativeFormatImporter) -> (artifact id: '3535407266e63a704ebed07394e8e29d') in 0.0021259 seconds
Start importing Assets/EmeraldBunny/Generated/Materials/eyeL_white.mat using Guid(cdfd4a873466c8d49894921cca76ff05) (NativeFormatImporter) -> (artifact id: 'b8d3d3782c25c59b5aebcd132c3a5e3d') in 0.0029882 seconds
Start importing Assets/EmeraldBunny/Generated/Animations/Response.anim using Guid(ed5bba97850e35a4a9e3093154a2c00d) (NativeFormatImporter) -> (artifact id: '900f6663eeed77fbe085e295937a5508') in 0.0426154 seconds
Start importing Assets/EmeraldBunny/Generated/Materials/fingerR_ring.mat using Guid(0e19aa7141baeee47ac062667861ea6c) (NativeFormatImporter) -> (artifact id: 'c1b3a901235321961ca7fbe9fcfe5d64') in 0.0027072 seconds
Start importing Assets/EmeraldBunny/Generated/Materials/chair_leftarm_lower_fixed.mat using Guid(2e8d698ce4bf3ea499fca60e637cc1e4) (NativeFormatImporter) -> (artifact id: '4f77ab16c9b1782001245197d8825efd') in 0.0037523 seconds
Start importing Assets/EmeraldBunny/Generated/Materials/background.mat using Guid(5e828de0de84fac4790ac43c2bae3aa2) (NativeFormatImporter) -> (artifact id: '9301b92638517e754e8dd25a33693e93') in 0.00328 seconds
Start importing Assets/EmeraldBunny/Generated/Materials/leg_rear_calf.mat using Guid(6eba2e7cc9064a14097b7ce75931f8e4) (NativeFormatImporter) -> (artifact id: '7ffbf5e7cecd48be24755446ec51ec71') in 0.0029374 seconds
Start importing Assets/EmeraldBunny/Generated/Materials/eyeR_white.mat using Guid(ce68212a39307ab449a2adb9b63317ad) (NativeFormatImporter) -> (artifact id: '76d8ba9c466aeb376dee76c5e096ab18') in 0.003062 seconds
Start importing Assets/EmeraldBunny/Generated/Materials/hair_ribbon.mat using Guid(fe7da86dd2a8c944d87e50e48b6ded24) (NativeFormatImporter) -> (artifact id: '456891b71075ce66345aa6eddbf13a5b') in 0.0029838 seconds
Start importing Assets/EmeraldBunny/Generated/Materials/leg_front_calf.mat using Guid(1f1137a0bc093cb46bf1f57f7e1e841b) (NativeFormatImporter) -> (artifact id: 'df8911d2cd54e7c34214867c17714656') in 0.0034482 seconds
Start importing Assets/EmeraldBunny/Generated/Materials/chair_all_lower_fixed.mat using Guid(2f02b59f7f13da649842cd0ed26d437e) (NativeFormatImporter) -> (artifact id: '3b6a383bdff6806e5d63bf8004babd09') in 0.004956 seconds
Start importing Assets/EmeraldBunny/Generated/Materials/body.mat using Guid(3f07d363a8ea6f14ea69253b56d51c06) (NativeFormatImporter) -> (artifact id: '57889aa93599f519e807f136cdebdd04') in 0.0029976 seconds
Start importing Packages/com.unity.render-pipelines.universal/Editor/SceneTemplates/Basic.scenetemplate using Guid(3f9cc3f14b0454fa7b997b33a99d539f) (NativeFormatImporter) -> (artifact id: 'fa10ce461e7017805c61926a11c21995') in 0.0114921 seconds
Start importing Assets/EmeraldBunny/Generated/Materials/spread_front_toe_4.mat using Guid(3f6f639f64c37e5488d5ad121da050a8) (NativeFormatImporter) -> (artifact id: '9d2d7cdbc8fbc1847a8f4732a6e4e563') in 0.0035175 seconds
Start importing Assets/EmeraldBunny/Generated/Materials/chair_all_lower_front.mat using Guid(4f089314949d1da47ade0d7d9a2b5c03) (NativeFormatImporter) -> (artifact id: '16af359a61e684b7ea7326e862cc5b1a') in 0.0033021 seconds
Start importing Assets/EmeraldBunny/Generated/Materials/spread_front_toe_3.mat using Guid(4f7a720544cb7fa43b9e879f5095f1c9) (NativeFormatImporter) -> (artifact id: 'cdeb92e13cb87878000a3f1fab4fc2e8') in 0.0034938 seconds
Start importing Packages/com.unity.render-pipelines.universal/Editor/SceneTemplates/Materials/Black.mat using Guid(4f1ef37ae953c484bbc5d5e4049147e5) (NativeFormatImporter) -> (artifact id: 'c073248664ba5268b69bc9cf80293393') in 0.0032918 seconds
Start importing Assets/EmeraldBunny/Generated/Materials/earring_right.mat using Guid(afcf60227054fc24abff285d99b98621) (NativeFormatImporter) -> (artifact id: 'eb13eee76abe036260907065a4ae5c90') in 0.0029374 seconds
Start importing Assets/EmeraldBunny/Generated/Materials/rabbit_left.mat using Guid(cf19edfd48a2c704b923f94b2c602e4e) (NativeFormatImporter) -> (artifact id: 'bd4f479a6d0ac600f2d3af1861fdc0a6') in 0.0031985 seconds
Start importing Assets/EmeraldBunny/Generated/Materials/chair_front_lower_fixed.mat using Guid(df66005e785c2174586c572c08a54bd3) (NativeFormatImporter) -> (artifact id: '98e4ee82dca0057e7d0554e8904e34f9') in 0.0038937 seconds
Start importing Packages/com.unity.searcher/Editor/Resources/FlatSkin/Font/Roboto-Black.ttf using Guid(1062c701058745940ae5dca6219c64c8) (TrueTypeFontImporter) -> (artifact id: '2d561f5b87d8722698d7fe7950198ec0') in 0.0542538 seconds
Start importing Packages/com.unity.searcher/Editor/Resources/FlatSkin/Font/Roboto-Regular.ttf using Guid(30dc370b164eefc43b95744fc796dad0) (TrueTypeFontImporter) -> (artifact id: 'ac8613a3ab90cc91012c806dd5061c6e') in 0.0049817 seconds
Start importing Packages/com.unity.searcher/Editor/Resources/FlatSkin/Font/Roboto-ThinItalic.ttf using Guid(b2ea3b3f1765e544b9eb5bd1a93a91ce) (TrueTypeFontImporter) -> (artifact id: 'f1d111e632864e6c771e7681fc073a57') in 0.0070513 seconds
Start importing Assets/Resources/Fonts/NotoSansSC.otf using Guid(c3a91f0e7b2d4a6c8e0f1a2b3c4d5e6f) (TrueTypeFontImporter) -> (artifact id: '87a878253248d25769a13054ef273935') in 0.0686593 seconds
Start importing Packages/com.unity.render-pipelines.core/Runtime/Debugging/Prefabs/Fonts/PerfectDOSVGA437.ttf using Guid(74a5091d8707f334b9a5c31ef71a64ba) (TrueTypeFontImporter) -> (artifact id: '792a09fd742bfb275c78c9535a0380b9') in 0.0039254 seconds
Start importing Packages/com.unity.searcher/Editor/Resources/FlatSkin/Font/Roboto-Medium.ttf using Guid(a51a3aebb43ac044989270407476b208) (TrueTypeFontImporter) -> (artifact id: 'de21cd48792519797b1fa63e77bfa5e5') in 0.0039502 seconds
Start importing Packages/com.unity.searcher/Editor/Resources/FlatSkin/Font/Roboto-Bold.ttf using Guid(3750c318f40cab44a97d3a81beaefeb3) (TrueTypeFontImporter) -> (artifact id: 'd618dc5260c03a095be54af110dc360e') in 0.0042549 seconds
Start importing Packages/com.unity.searcher/Editor/Resources/FlatSkin/Font/Roboto-Italic.ttf using Guid(c839255fc8f6b4b4d90bf8c1af9f9bd1) (TrueTypeFontImporter) -> (artifact id: '7c208dcc28859e97c444a41343076713') in 0.0053974 seconds
Start importing Packages/com.unity.searcher/Editor/Resources/FlatSkin/Font/Roboto-Thin.ttf using Guid(19a9abb883540be48b75b951a927ae03) (TrueTypeFontImporter) -> (artifact id: '02329869b977e1e11589b453eccbc67f') in 0.0058265 seconds
Start importing Packages/com.unity.searcher/Editor/Resources/FlatSkin/Font/Roboto-MediumItalic.ttf using Guid(d93c1bc57fdf1ac4dad1bf04fac05464) (TrueTypeFontImporter) -> (artifact id: 'e86fdaeda2cb2d2b6364616a2d1ed46a') in 0.0045185 seconds
Start importing Packages/com.unity.searcher/Editor/Resources/FlatSkin/Font/Roboto-BlackItalic.ttf using Guid(f95147a9bab9fe649b8070170fa7ebd2) (TrueTypeFontImporter) -> (artifact id: '3e0bec5b8657fd2ae0acc1a27cdb96de') in 0.0043537 seconds
Start importing Packages/com.unity.searcher/Editor/Resources/FlatSkin/Font/Roboto-Light.ttf using Guid(2a29e27936eb547458f646f71125b264) (TrueTypeFontImporter) -> (artifact id: '154447e5361566b122af9eb5705a15a4') in 0.004668 seconds
Start importing Packages/com.unity.searcher/Editor/Resources/FlatSkin/Font/Roboto-LightItalic.ttf using Guid(5e63515167650a541b309ba3bfd4db3d) (TrueTypeFontImporter) -> (artifact id: 'dfcaff9cda82c680d59f6c0ef4ee456a') in 0.0044624 seconds
Start importing Packages/com.unity.searcher/Editor/Resources/FlatSkin/Font/Roboto-BoldItalic.ttf using Guid(dfb97a9307a577a41bcacba34b9a7e32) (TrueTypeFontImporter) -> (artifact id: 'a179d9da234083bd81e55dec78dbad7f') in 0.0080754 seconds
Start importing Packages/com.unity.shadergraph/GraphTemplates/Subgraphs/Terrain/Pack Material.shadersubgraph using Guid(3039d6867ed141b44b3463a76cabd45c) (ScriptedImporter) -> (artifact id: '22f2020132128533d26c65cef4fe299e') in 0.2552025 seconds
Start importing Packages/com.unity.shadergraph/GraphTemplates/Subgraphs/UV Scale.shadersubgraph using Guid(60f6b7b276d03134e9b565b19546e94c) (ScriptedImporter) -> (artifact id: '54eee0d42b51d90d8a886018a39abbfc') in 0.0475355 seconds
Start importing Packages/com.unity.shadergraph/ShaderGraphLibrary/Nature/SpeedTree8InterpolatedNormals.shadersubgraph using Guid(b04441f4a83ad224d92d547d170c366b) (ScriptedImporter) -> (artifact id: '9a58ec6a8a74342430a5dfc5eb13fcea') in 0.0575026 seconds
Start importing Packages/com.unity.shadergraph/GraphTemplates/Subgraphs/SoftParticles.shadersubgraph using Guid(d0f40856fc355224fab6453746e0507a) (ScriptedImporter) -> (artifact id: '41690afe39fb1f5781d52de02680beaf') in 0.0231641 seconds
Start importing Packages/com.unity.shadergraph/GraphTemplates/Subgraphs/Switch6.shadersubgraph using Guid(b19f392a4817e1340bbaf1045b6e5051) (ScriptedImporter) -> (artifact id: 'e99a755e1601ae324b47c468812d71c1') in 0.0239219 seconds
Start importing Packages/com.unity.shadergraph/GraphTemplates/Subgraphs/Face Normal.shadersubgraph using Guid(e1024532a1a801f41a6f45f93c8da7a8) (ScriptedImporter) -> (artifact id: '172cd76c3863750b311b81e7b46cb9f7') in 0.0560973 seconds
Start importing Packages/com.unity.shadergraph/GraphTemplates/Subgraphs/Particle Distortion.shadersubgraph using Guid(e1ea40df0c5f7d14a96e0bac1ae79489) (ScriptedImporter) -> (artifact id: '421087a0a13a34af0df65a70ace4d7b6') in 0.0625828 seconds
Start importing Packages/com.unity.shadergraph/GraphTemplates/Subgraphs/Normal Bending.shadersubgraph using Guid(62a4ab9c203a85c43a5d0847b25fd2a8) (ScriptedImporter) -> (artifact id: '596427577b4a9c5ec8204c1f7be3cc56') in 0.0250717 seconds
Start importing Packages/com.unity.shadergraph/GraphTemplates/Subgraphs/Terrain/Unpack Material.shadersubgraph using Guid(62cd44aa2d94fa442942547943d2b24a) (ScriptedImporter) -> (artifact id: '040ab9c60983432326be981607ebcf28') in 0.0163944 seconds
Start importing Packages/com.unity.shadergraph/ShaderGraphLibrary/Nature/SpeedTree8CameraFacingLeafEffect.shadersubgraph using Guid(8258ab4a37f447c48ac3c26cbdb4c032) (ScriptedImporter) -> (artifact id: 'ed13292224f57330fd1459761d24cfde') in 0.0155202 seconds
Start importing Packages/com.unity.shadergraph/GraphTemplates/Subgraphs/Circle.shadersubgraph using Guid(f20330646a5d9ab4ba73ed235396a7a6) (ScriptedImporter) -> (artifact id: 'e3eb6154e7119f242ec3edc67ab150e4') in 0.0320023 seconds
Start importing Packages/com.unity.shadergraph/GraphTemplates/Subgraphs/Particle Vertex Color.shadersubgraph using Guid(73f7a6a1a6335484ba02a0b8f80fe10c) (ScriptedImporter) -> (artifact id: '36091696c7a1b39cdf887b25b40c082d') in 0.0159348 seconds
Start importing Packages/com.unity.shadergraph/GraphTemplates/Subgraphs/CameraDistanceMask.shadersubgraph using Guid(556dff229d0982b43b52bc3ce1019148) (ScriptedImporter) -> (artifact id: '92d6acfb064d36fb37535434feb2933e') in 0.0331618 seconds
Start importing Packages/com.unity.shadergraph/GraphTemplates/Subgraphs/Terrain/Distance Fade.shadersubgraph using Guid(b374ab41cedfcce4d85380817ce9de7d) (ScriptedImporter) -> (artifact id: 'a5cc66194b57f07069370a534e70e3ea') in 0.0413369 seconds
Start importing Packages/com.unity.shadergraph/GraphTemplates/Subgraphs/FlowMap Time.shadersubgraph using Guid(d3a5ed15ae8578b448a8756ea0b97162) (ScriptedImporter) -> (artifact id: '7192325c0d570ccdba2470836398a3d3') in 0.0287535 seconds
Start importing Packages/com.unity.shadergraph/GraphTemplates/Subgraphs/Terrain/Layer Standard.shadersubgraph using Guid(14f7847555748494e8b3e5cbc8afd15e) (ScriptedImporter) -> (artifact id: '8b8a5841dc9df014937eb7943e6e5f9f') in 0.0355817 seconds
Start importing Packages/com.unity.shadergraph/GraphTemplates/Subgraphs/Particle Camera Fade.shadersubgraph using Guid(648107f3fecbb0f4bb5b8f8476fbb48a) (ScriptedImporter) -> (artifact id: 'cbd281c6af7d49566d02fc57d061fee4') in 0.0166659 seconds
Start importing Packages/com.unity.shadergraph/GraphTemplates/Subgraphs/Canvas Color.shadersubgraph using Guid(74f647076bca3d442bc4a6ace5daf59f) (ScriptedImporter) -> (artifact id: '87b52d14756b193e19d13ea86f563e72') in 0.0197081 seconds
Start importing Packages/com.unity.shadergraph/ShaderGraphLibrary/Nature/SpeedTree8LODTransition.shadersubgraph using Guid(74ce720b09dcad14690aca1cb7b6f2dc) (ScriptedImporter) -> (artifact id: '99580bcb4bab3f3098174fe9333bee7a') in 0.0152224 seconds
Start importing Packages/com.unity.shadergraph/ShaderGraphLibrary/Nature/SpeedTree9CameraFacingLeafEffect.shadersubgraph using Guid(153b138ddd88e7b42a0c29bde1e7142c) (ScriptedImporter) -> (artifact id: '1e3876627152b5e31680d2865b295315') in 0.013516 seconds
Start importing Packages/com.unity.shadergraph/GraphTemplates/Subgraphs/Sample Flipbook.shadersubgraph using Guid(658423db13944174c95e6a25bde1eb66) (ScriptedImporter) -> (artifact id: '81a79afa2c60b3f0d0a17c52df761d59') in 0.0179073 seconds
Start importing Packages/com.unity.shadergraph/GraphTemplates/Subgraphs/FlowMap Sample Normal.shadersubgraph using Guid(7794dc8c6277cb649804d7253e567322) (ScriptedImporter) -> (artifact id: 'ff8dac22d6abf850e40f3fad5ccfbc96') in 0.0168161 seconds
Start importing Packages/com.unity.shadergraph/GraphTemplates/Subgraphs/UV FlowMap.shadersubgraph using Guid(c76da6dceef150547b7030daa98eeda6) (ScriptedImporter) -> (artifact id: 'b174dbe776a747f3ee86b26ef74f6a6e') in 0.0275927 seconds
Start importing Packages/com.unity.shadergraph/GraphTemplates/Subgraphs/Switch4.shadersubgraph using Guid(38026d07e949e0043a9daa90b1917d90) (ScriptedImporter) -> (artifact id: '32d1b708eb1c4690a65003ecc6f803b2') in 0.0156841 seconds
Start importing Packages/com.unity.shadergraph/GraphTemplates/Subgraphs/Terrain/Blend Layers Add.shadersubgraph using Guid(b893f303ffd21324988969130704e4bc) (ScriptedImporter) -> (artifact id: '4b26d626819f0214fe74d4e4da105cb9') in 0.0183904 seconds
Start importing Packages/com.unity.shadergraph/GraphTemplates/Subgraphs/Terrain/Premultiply Layer.shadersubgraph using Guid(d8d596b309d3eaa48bd57234e7567aee) (ScriptedImporter) -> (artifact id: 'f7e8163c53adf376df5ab24d14097343') in 0.0177306 seconds
Start importing Packages/com.unity.shadergraph/ShaderGraphLibrary/Nature/SpeedTree9Wind.shadersubgraph using Guid(e8af7a3452f45f542a042fef4a52065a) (ScriptedImporter) -> (artifact id: 'c8a41df6c617fd91ec9c3174b869e8e8') in 0.0177506 seconds
Start importing Packages/com.unity.shadergraph/ShaderGraphLibrary/Nature/SpeedTree8Billboard.shadersubgraph using Guid(89c32740b629abb41bf9b65e3a64c373) (ScriptedImporter) -> (artifact id: '09dfe287e5e26cf6a61c74d434e23ea9') in 0.0320966 seconds
Start importing Packages/com.unity.shadergraph/GraphTemplates/Subgraphs/Terrain/Blend Layers Alpha.shadersubgraph using Guid(990a2f951c73f0449a8596028e51c11e) (ScriptedImporter) -> (artifact id: 'fd2faf7cb9526c2f11a21cbf7f464dfc') in 0.0229078 seconds
Start importing Packages/com.unity.shadergraph/GraphTemplates/Subgraphs/UV Halftone.shadersubgraph using Guid(a925de7ea1f0ed04a8b35c2c10fcc1c1) (ScriptedImporter) -> (artifact id: 'e3f58340de59c56b803441e0a6a53993') in 0.0215915 seconds
Start importing Packages/com.unity.shadergraph/GraphTemplates/Subgraphs/UV Distortion.shadersubgraph using Guid(d9fc86ddc060cc44988e8835a3192cb0) (ScriptedImporter) -> (artifact id: '3bd1489afd8c5cc81fadff45db106f22') in 0.0169978 seconds
Start importing Packages/com.unity.shadergraph/ShaderGraphLibrary/Nature/SpeedTree8Wind.shadersubgraph using Guid(e9398b7940890a74eafc240b5a593541) (ScriptedImporter) -> (artifact id: 'a9ffc27dfb1ed691eebf24133872e62e') in 0.0163884 seconds
Start importing Packages/com.unity.shadergraph/GraphTemplates/Subgraphs/Sample Flipbook Motion Vector.shadersubgraph using Guid(e98ef91f2346c4c57a3cfbb4347ff978) (ScriptedImporter) -> (artifact id: '9804a7a55c251f081084bbfe35891d3b') in 0.042877 seconds
Start importing Packages/com.unity.shadergraph/GraphTemplates/Subgraphs/Value Range Remap.shadersubgraph using Guid(3a82744b38735a84fb29cc43c4b41c7d) (ScriptedImporter) -> (artifact id: 'e9edde51104c10a54e06f6e298c074a9') in 0.0172017 seconds
Start importing Packages/com.unity.shadergraph/GraphTemplates/Subgraphs/Decal Edge Mask.shadersubgraph using Guid(ea046900739fbcc4498f7b47f45545c9) (ScriptedImporter) -> (artifact id: '06bf6ef917219a94c708dd4dbda25e67') in 0.0151382 seconds
Start importing Packages/com.unity.shadergraph/GraphTemplates/Subgraphs/ParticleFlipbookBlending.shadersubgraph using Guid(ea87914f38f4183408f6ec6cb547ed94) (ScriptedImporter) -> (artifact id: 'ebfa6389093997c9928fa83a8913ac8f') in 0.0134716 seconds
Start importing Packages/com.unity.shadergraph/ShaderGraphLibrary/Nature/SpeedTree8ColorAlpha.shadersubgraph using Guid(1b4ecad27a9bc714e8d3af3ffb8a368c) (ScriptedImporter) -> (artifact id: 'f5d9d38d52f8f0ba35b296c42bd81e20') in 0.0882805 seconds
Start importing Packages/com.unity.shadergraph/GraphTemplates/Subgraphs/Sample Flipbook Blending.shadersubgraph using Guid(3ba4047e0734f2944a3d9b7b015af0ca) (ScriptedImporter) -> (artifact id: 'c7999f0522a6968d08109d0a2989c445') in 0.0227188 seconds
Start importing Packages/com.unity.shadergraph/GraphTemplates/Subgraphs/Terrain/Height Based Splat Modify.shadersubgraph using Guid(3b5d8d8dca1de7240983df8e315a8a01) (ScriptedImporter) -> (artifact id: 'a9fb105b818098ddc2e4c02481e798f9') in 0.0416775 seconds
Start importing Packages/com.unity.shadergraph/GraphTemplates/Subgraphs/Depth Fade.shadersubgraph using Guid(8bbfe621c0368244b80a10cdd14cd70e) (ScriptedImporter) -> (artifact id: '2bb21f98bcffa88ca3f884e5f9e7e5a3') in 0.0173371 seconds
Start importing Packages/com.unity.shadergraph/GraphTemplates/Subgraphs/HeightMask.shadersubgraph using Guid(bb515ce764324b444b925949646460fe) (ScriptedImporter) -> (artifact id: '57ebf81b0f9240e95e6f3160b87a16cd') in 0.0182141 seconds
Start importing Packages/com.unity.shadergraph/GraphTemplates/Subgraphs/FlowMap Sample Texture.shadersubgraph using Guid(dd4e180f1d31c4c4e9d4909d27e6761c) (ScriptedImporter) -> (artifact id: '0b300c4fce65190e22cb27bb51a307df') in 0.0174449 seconds
Start importing Packages/com.unity.shadergraph/GraphTemplates/BuiltIn/BuiltIn Lit Basic.shadergraph using Guid(2019d78ad3d1c5c4a8d309a857ca449f) (ScriptedImporter) -> (artifact id: 'f9c1be7082f2beb3559fa852b5bf16dc') in 0.2935947 seconds
Start importing Packages/com.unity.render-pipelines.universal/Runtime/Materials/ArnoldStandardSurface/ArnoldStandardSurfaceTransparent.shadergraph using Guid(30fa68ce467463643a86b839ca0eb195) (ScriptedImporter) -> (artifact id: 'b4103a586a19897dbc93017517d837b3') in 0.2140364 seconds
Start importing Packages/com.unity.render-pipelines.universal/Shaders/AutodeskInteractive/AutodeskInteractiveMasked.shadergraph using Guid(80aa867ac363ac043847b06ad71604cd) (ScriptedImporter) -> (artifact id: '8e9560b36dd7b3ddf2c280f3137fe60c') in 0.1310173 seconds
Start importing Packages/com.unity.shadergraph/GraphTemplates/Cross Pipeline/0_Lit Basic.shadergraph using Guid(a2407126e3372f64cacb75ed466a5621) (ScriptedImporter) -> (artifact id: '6f8a8f78de5e12a68c01967fe2e5e672') in 0.1160334 seconds
Start importing Packages/com.unity.shadergraph/GraphTemplates/Cross Pipeline/Unlit Simple.shadergraph using Guid(2476a2d151e824143af40dce1fc93a12) (ScriptedImporter) -> (artifact id: '3cf26812789f3a636735c727ec1d4392') in 0.0859935 seconds
Start importing Packages/com.unity.render-pipelines.universal/Shaders/2D/VFXSpriteLit.shadergraph using Guid(24a73dccd7b6fad4798be282f96a21f4) (ScriptedImporter) -> (artifact id: '8a2bb1e07208bac04e155befe99ff722') in 0.0809261 seconds
Start importing Packages/com.unity.render-pipelines.universal/Runtime/Materials/PhysicalMaterial3DsMax/PhysicalMaterial3DsMax.shadergraph using Guid(44245ab89240f51459a5077d7145c452) (ScriptedImporter) -> (artifact id: 'afa362d825ea462d51e627a255f58ce6') in 0.1273431 seconds
Start importing Packages/com.unity.render-pipelines.universal/Editor/ShaderGraph/GraphTemplates/2D/1_2D Sprite Unlit.shadergraph using Guid(25a0ebb4827f3cc47a1af2c79005f65b) (ScriptedImporter) -> (artifact id: '2367b3ebed6db92ebd9141c9a834c53d') in 0.0738838 seconds
Start importing Packages/com.unity.shadergraph/GraphTemplates/BuiltIn/BuiltIn Unlit Basic.shadergraph using Guid(9618d41bb71f74048bb6cace8785b93d) (ScriptedImporter) -> (artifact id: 'b31bfd44ff15e990a7083285858ac5e2') in 0.0917404 seconds
Start importing Packages/com.unity.shadergraph/GraphTemplates/Cross Pipeline/2_Particle Lit.shadergraph using Guid(a680d9a9f8b66514abbfd3ae1c8f77f7) (ScriptedImporter) -> (artifact id: 'e1a234c41a76f0a8b72c9189a0289cfb') in 0.1204144 seconds
Start importing Packages/com.unity.render-pipelines.universal/Editor/ShaderGraph/GraphTemplates/UITKBasicTemplate.shadergraph using Guid(0738648e2f2f84b489a2f0076b69e30a) (ScriptedImporter) -> (artifact id: '1e1bcc1b4e917a92cac3e778164845e2') in 0.0496483 seconds
Start importing Packages/com.unity.shadergraph/GraphTemplates/Cross Pipeline/1_Decal Material Volume.shadergraph using Guid(1716ff8c1e51af14280cc97fbcba3b11) (ScriptedImporter) -> (artifact id: 'a6a9c754a133f641b809dcad17520162') in 0.2102029 seconds
Start importing Packages/com.unity.render-pipelines.universal/Runtime/Materials/ArnoldStandardSurface/ArnoldStandardSurface.shadergraph using Guid(3739e562a03fc0b4982d8aa66cc50865) (ScriptedImporter) -> (artifact id: '732d7dfd941d9727c022147b0a595bdf') in 0.139216 seconds
Start importing Packages/com.unity.render-pipelines.universal/Shaders/2D/VFXSpriteUnlit.shadergraph using Guid(d7288f66e4fb0634c9afef98c31b722a) (ScriptedImporter) -> (artifact id: '7cad7483ec60a25c6444a2237077d9dd') in 0.0565889 seconds
Start importing Packages/com.unity.shadergraph/GraphTemplates/Cross Pipeline/0_Decal Simple.shadergraph using Guid(39144937a5efe954dac51acbbe54157e) (ScriptedImporter) -> (artifact id: 'cfd1c20a9264a33977f631000a46d604') in 0.0864228 seconds
Start importing Packages/com.unity.render-pipelines.universal/Shaders/Nature/SpeedTree8_PBRLit.shadergraph using Guid(9920c1f1781549a46ba081a2a15a16ec) (ScriptedImporter) -> (artifact id: 'dfb74f1a06163b40a908933ab68f47db') in 0.2429599 seconds
Start importing Packages/com.unity.render-pipelines.universal/Runtime/Materials/PhysicalMaterial3DsMax/PhysicalMaterial3DsMaxTransparent.shadergraph using Guid(1a207e3bee00db44b940e6f362a8e148) (ScriptedImporter) -> (artifact id: 'f33a4fb1d399782df7daa5e537828ed1') in 0.1160011 seconds
Start importing Packages/com.unity.shadergraph/GraphTemplates/Cross Pipeline/UGUI Canvas Basic.shadergraph using Guid(5a4a765e921b8554eb959f7cf697b3be) (ScriptedImporter) -> (artifact id: '121dbd91af37347cab32ffde890b9591') in 0.0627539 seconds
Start importing Packages/com.unity.render-pipelines.universal/Shaders/Decal.shadergraph using Guid(9b4e681081e2b4c469111bb649e2f7ee) (ScriptedImporter) -> (artifact id: 'a7606a859af868e1472f722a313d3939') in 0.0951619 seconds
Start importing Packages/com.unity.render-pipelines.universal/Shaders/Nature/SpeedTree9_URP.shadergraph using Guid(cbd3e1cc4ae141c42a30e33b4d666a61) (ScriptedImporter) -> (artifact id: '2711708c30ffa585ce2ae6de0f331cab') in 0.1847024 seconds
Start importing Packages/com.unity.render-pipelines.universal/Shaders/FullscreenInvertColors.shadergraph using Guid(fb6390f650ca44a5ba3246d8dda47927) (ScriptedImporter) -> (artifact id: 'c7b1ddeb1bfc9eb6c6000c4efa09a150') in 0.0540638 seconds
Start importing Packages/com.unity.render-pipelines.universal/Shaders/AutodeskInteractive/AutodeskInteractiveTransparent.shadergraph using Guid(5c81372d981403744adbdda4433c9c11) (ScriptedImporter) -> (artifact id: '7614ee40ab1b43bb5f7058694cb1e8ac') in 0.1344051 seconds
Start importing Packages/com.unity.render-pipelines.universal/Editor/ShaderGraph/GraphTemplates/Terrain Standard 4 Layers URP.shadergraph using Guid(bc3def193b270c649b041063a70a1a1f) (ScriptedImporter)Shader 'Hidden/Terrain/Terrain Standard 4 Layers URP': dependency 'AddPassShader' shader 'Hidden/Hidden/Terrain/Terrain Standard 4 Layers URP_AddPass' not found
Shader 'Hidden/Terrain/Terrain Standard 4 Layers URP': dependency 'BaseMapGenShader' shader 'Hidden/Hidden/Terrain/Terrain Standard 4 Layers URP_BaseMapGen' not found
Shader 'Hidden/Terrain/Terrain Standard 4 Layers URP': dependency 'BaseMapShader' shader 'Hidden/Universal Render Pipeline/Terrain/Lit (Base Pass)' not found
Shader 'Hidden/Terrain/Terrain Standard 4 Layers URP': dependency 'AddPassShader' shader 'Hidden/Hidden/Terrain/Terrain Standard 4 Layers URP_AddPass' not found
Shader 'Hidden/Terrain/Terrain Standard 4 Layers URP': dependency 'BaseMapGenShader' shader 'Hidden/Hidden/Terrain/Terrain Standard 4 Layers URP_BaseMapGen' not found
Shader 'Hidden/Terrain/Terrain Standard 4 Layers URP': dependency 'BaseMapShader' shader 'Hidden/Universal Render Pipeline/Terrain/Lit (Base Pass)' not found
 -> (artifact id: '1faf0acbe1b5576b00b6782fb19adad6') in 0.3288983 seconds
Start importing Packages/com.unity.shadergraph/GraphTemplates/Cross Pipeline/UGUI Canvas Meter.shadergraph using Guid(9d4e8ca8c5046914c87ca6ccef140dac) (ScriptedImporter) -> (artifact id: 'c1af70415521a5d6d71088e1f213f4a2') in 0.0531392 seconds
Start importing Packages/com.unity.render-pipelines.universal/Editor/ShaderGraph/GraphTemplates/2D/0_2D Sprite Lit.shadergraph using Guid(bde135b320597544b9ac325092409f8b) (ScriptedImporter) -> (artifact id: 'a6807364465b8915d570dad98e454703') in 0.0808475 seconds
Start importing Packages/com.unity.render-pipelines.universal/Shaders/AutodeskInteractive/AutodeskInteractive.shadergraph using Guid(0e9d5a909a1f7e84882a534d0d11e49f) (ScriptedImporter) -> (artifact id: '9d418e49fd2174f57b1baf7c12242bb2') in 0.1167498 seconds
Start importing Packages/com.unity.render-pipelines.universal/Editor/ShaderGraph/GraphTemplates/UITKFullTemplate.shadergraph using Guid(3e01bbae25716b24ea9da11102b44902) (ScriptedImporter) -> (artifact id: 'b19d9205b6a4d7124465a60ce13ecf68') in 0.0423743 seconds
Start importing Packages/com.unity.shadergraph/GraphTemplates/Custom Render Texture.shadergraph using Guid(7ef2cf71ad164fe479662ae612dff99e) (ScriptedImporter) -> (artifact id: '1bec025da4b8c728cce6f11cb32c0017') in 0.0204617 seconds
Start importing Packages/com.unity.shadergraph/GraphTemplates/Cross Pipeline/1_Lit Full.shadergraph using Guid(aee84ce0dab81b049bb88017d78a63cd) (ScriptedImporter) -> (artifact id: 'd85ef33d9867d67154513891bca96596') in 0.2021335 seconds
Start importing Packages/com.unity.shadergraph/GraphTemplates/Cross Pipeline/Terrain Simple.shadergraph using Guid(def488a52add6574d9f295a507032cb8) (ScriptedImporter)Shader 'Hidden/Terrain/Terrain Simple': dependency 'AddPassShader' shader 'Hidden/Hidden/Terrain/Terrain Simple_AddPass' not found
Shader 'Hidden/Terrain/Terrain Simple': dependency 'BaseMapGenShader' shader 'Hidden/Hidden/Terrain/Terrain Simple_BaseMapGen' not found
Shader 'Hidden/Terrain/Terrain Simple': dependency 'BaseMapShader' shader 'Hidden/Universal Render Pipeline/Terrain/Lit (Base Pass)' not found
Shader 'Hidden/Terrain/Terrain Simple': dependency 'AddPassShader' shader 'Hidden/Hidden/Terrain/Terrain Simple_AddPass' not found
Shader 'Hidden/Terrain/Terrain Simple': dependency 'BaseMapGenShader' shader 'Hidden/Hidden/Terrain/Terrain Simple_BaseMapGen' not found
Shader 'Hidden/Terrain/Terrain Simple': dependency 'BaseMapShader' shader 'Hidden/Universal Render Pipeline/Terrain/Lit (Base Pass)' not found
 -> (artifact id: '09fc3d4cefb9c48d83f5d257a10e873f') in 0.3144387 seconds
Start importing Packages/com.unity.shadergraph/GraphTemplates/Cross Pipeline/0_Particle Unlit.shadergraph using Guid(af66091e0eca0c04a9c3584ae867418a) (ScriptedImporter) -> (artifact id: '82f79024b396af2c9c9252521351f8dc') in 0.0914118 seconds
Start importing Packages/com.unity.render-pipelines.universal/Editor/ShaderGraph/GraphTemplates/2D/2_2D Sprite Custom Lit.shadergraph using Guid(bfad0aba0faa90547b68abd10bb6be86) (ScriptedImporter) -> (artifact id: '7020184c1c4e72f5ec09dba96f983765') in 0.0859076 seconds
Start importing Packages/com.unity.render-pipelines.universal/Editor/ShaderGraph/GraphTemplates/Fullscreen Basic URP.shadergraph using Guid(df41eefe8c13d444ca890dddbbc61f8d) (ScriptedImporter) -> (artifact id: 'd53dfa04293dbdecc4537cb6338a4478') in 0.0407137 seconds
Start importing Packages/com.unity.render-pipelines.core/Runtime/Debug/ProbeSamplingDebugMesh.fbx using Guid(20be25aac4e22ee49a7db76fb3df6de2) (FBXImporter) -> (artifact id: 'ff53ec14bd68ba281aa66a739aa78c06') in 0.2459341 seconds
Start importing Packages/com.unity.render-pipelines.core/Runtime/RenderPipelineResources/Mesh/SamplesFixture.fbx using Guid(b28fa67a0ff82c5478f27368dc627683) (FBXImporter) -> (artifact id: 'd9923744d1d52dcb4105a33e04fd1f89') in 0.0463979 seconds
Start importing Packages/com.unity.render-pipelines.core/Runtime/RenderPipelineResources/Mesh/UnityMaterialBall.fbx using Guid(39857cfad1651644682ff5b772e6e697) (FBXImporter) -> (artifact id: '983304b31053dcd281ea773a5e609402') in 0.0742206 seconds
Start importing Packages/com.unity.render-pipelines.core/Runtime/RenderPipelineResources/Mesh/BackgroundMesh.fbx using Guid(b9ae429aca254fa41966db24b9e53232) (FBXImporter) -> (artifact id: 'ea77fe2f172b754a928a17a94df4b55b') in 0.0208582 seconds
Start importing Packages/com.unity.render-pipelines.core/Runtime/RenderPipelineResources/Mesh/SamplesFloorSpotlight.fbx using Guid(1dbf28c1bb322474d981b2dc555e28b0) (FBXImporter) -> (artifact id: '9cab3ead8cc81bff6e4d597cb7933dd5') in 0.0207431 seconds
Start importing Packages/com.unity.render-pipelines.core/Runtime/RenderPipelineResources/Mesh/SamplesSpotlightModel.fbx using Guid(4e8732d4875cc0647b52b55a218072b6) (FBXImporter) -> (artifact id: '276c50106d439e98cf49f39622b23a55') in 0.041355 seconds
Start importing Packages/com.unity.render-pipelines.core/Editor/Resources/DebugProbe.fbx using Guid(9e1c97fc44f9a8744b61b58f72c56de4) (FBXImporter) -> (artifact id: '63d41b0a7ff89d6cdb444641096e815e') in 0.0919478 seconds
Start importing Assets/EmeraldBunny/Generated/Meshes/leg_front_thigh_lower_rear.asset using Guid(008a2c63c053714419bc6208d537e950) (NativeFormatImporter) -> (artifact id: '201bf946454313d28a94bb7342ca5f4d') in 0.0178709 seconds
Start importing Packages/com.unity.render-pipelines.universal/Editor/SceneTemplates/Standard/GlobalVolumeProfile.asset using Guid(103b0616690034ca1a309e958ed431fc) (NativeFormatImporter) -> (artifact id: 'ae47e29d22d99c727ee8075492dd13c4') in 0.0039136 seconds
Start importing Assets/Settings/SampleSceneProfile.asset using Guid(10fc4df2da32a41aaa32d77bc913491c) (NativeFormatImporter) -> (artifact id: '3faee5f4b714ce57b17d785441e044fc') in 0.003441 seconds
Start importing Assets/EmeraldBunny/Generated/Meshes/leg_front_thigh_lower_front.asset using Guid(202ec93cadcba614bb63b640c8edbb99) (NativeFormatImporter) -> (artifact id: 'c7d975e776c32ec41461933a449a42d2') in 0.0037278 seconds
Start importing Packages/com.unity.2d.animation/Editor/Assets/ComponentIcons/Animation.SpriteSkin.asset using Guid(607b17a3f96ae4b97b6b24dcdb2012ee) (NativeFormatImporter) -> (artifact id: '30b81928eea54c330ea5896932822622') in 0.0653025 seconds
Start importing Assets/EmeraldBunny/Generated/Meshes/spread_front_toe_4.asset using Guid(608b3f0f671027443955df0dc97cf94f) (NativeFormatImporter) -> (artifact id: '9531de6771a88264887401e86ef58837') in 0.0033269 seconds
Start importing Assets/EmeraldBunny/Generated/Meshes/chair_leg_backleft.asset using Guid(904f5c8ad8513f6448422d6b85bd3444) (NativeFormatImporter) -> (artifact id: '3f7b0c5d5b920c43d3fce4911fd51c97') in 0.0035998 seconds
Start importing Assets/EmeraldBunny/Generated/Meshes/arm_left_forearm.asset using Guid(a0ad8efe89be5e046a45d5f5e8458e25) (NativeFormatImporter) -> (artifact id: 'a51998088ac0ce3b6954b7ff4ca7674a') in 0.0030834 seconds
Start importing Assets/EmeraldBunny/Generated/Meshes/leg_rear_calf_lower_front.asset using Guid(c069482271f1f534aa3677e4dd541fa3) (NativeFormatImporter) -> (artifact id: '492f9d23313c1b7a0ce5ab3f415738f8') in 0.0035721 seconds
Start importing Assets/EmeraldBunny/Generated/Meshes/chair_leg_right_lower_front.asset using Guid(d0feaf19a2ba994448ea663e97f8dfc8) (NativeFormatImporter) -> (artifact id: '23f99269901bbd36dc451b38080ed17f') in 0.0033516 seconds
Start importing Packages/com.unity.render-pipelines.core/Editor/Icons/Processed/PassInspector Icon.asset using Guid(f07c8ecc9e9de7842ab9c99a9256ff7d) (NativeFormatImporter) -> (artifact id: '8e5ad2632b106e26212037a1b9f6fcd1') in 0.0027729 seconds
Start importing Assets/EmeraldBunny/Generated/Meshes/fingerR_index.asset using Guid(01e6b70ba01315d4d893b900869dff20) (NativeFormatImporter) -> (artifact id: 'd3d53b72ab3e3cdea136c00edf02f824') in 0.0032994 seconds
Start importing Assets/EmeraldBunny/Generated/Meshes/hair_ribbon.asset using Guid(019c8b296c702bd499e8a7a5060ee8c3) (NativeFormatImporter) -> (artifact id: '4c7d73ac34983805877e54bc5567f98a') in 0.0031753 seconds
Start importing Assets/EmeraldBunny/Generated/Meshes/leg_rear_knee.asset using Guid(21bcac44567614e4c8a0b077228e4df3) (NativeFormatImporter) -> (artifact id: 'dd95453d3c756b7c129dc665eb0269a7') in 0.0030242 seconds
Start importing Packages/com.unity.render-pipelines.universal/Runtime/Data/PostProcessData.asset using Guid(41439944d30ece34e96484bdb6645b55) (NativeFormatImporter) -> (artifact id: '773dd7a50e62e00d2090db9f310907fb') in 0.0035493 seconds
Start importing Packages/com.unity.2d.animation/Editor/Assets/ComponentIcons/d_Animation.SpriteSkin.asset using Guid(41ba21739e79d42819811459918315b2) (NativeFormatImporter) -> (artifact id: 'b4cde1aae94c4cc7c3035e67931fc6d3') in 0.011515 seconds
Start importing Assets/EmeraldBunny/Generated/Meshes/collar_right.asset using Guid(51ddf4ab3189c2d4ba81d2899fc9e1b1) (NativeFormatImporter) -> (artifact id: 'd31632126dfa8f6455a4c65b3afddd29') in 0.0041562 seconds
Start importing Assets/EmeraldBunny/Generated/Meshes/upperlidL.asset using Guid(719069b963061714aa82c1b652ad41e4) (NativeFormatImporter) -> (artifact id: '551c0bed674b362242d209a889aa88ba') in 0.0037911 seconds
Start importing Assets/EmeraldBunny/Generated/Meshes/chair_leg_frontleft.asset using Guid(b1313569aa0f0484483f687054ef7c0c) (NativeFormatImporter) -> (artifact id: 'a0079f76a1364246e2cb70ad7c9242ce') in 0.00349 seconds
Start importing Assets/EmeraldBunny/Generated/Meshes/neck.asset using Guid(12c0732b296e2ba458861d49b103594b) (NativeFormatImporter) -> (artifact id: '4670273cae73f77968b0e2bee8a359e1') in 0.003102 seconds
Start importing Assets/EmeraldBunny/Generated/Meshes/cuff_left.asset using Guid(12183849f5d6a1943b1918e6096e729e) (NativeFormatImporter) -> (artifact id: '2d63230b18d9800a97afac4aae24740b') in 0.0031869 seconds
Start importing Assets/EmeraldBunny/Generated/Meshes/hair_rightlock.asset using Guid(229c01f8a9f943d49947830c322becf0) (NativeFormatImporter) -> (artifact id: '885a576d9c8649fe14e5ff30e0741f6b') in 0.0030601 seconds
Start importing Assets/EmeraldBunny/Generated/Meshes/toeAir1_lower_front.asset using Guid(42c13cda8ff68464dbcbed317361015b) (NativeFormatImporter) -> (artifact id: '53454b12459b9476249037d4f66fb9cd') in 0.0032136 seconds
Start importing Assets/EmeraldBunny/Generated/Meshes/leg_rear_calf.asset using Guid(423b034a9c356674ba8c1ecd49f8312c) (NativeFormatImporter) -> (artifact id: 'be90ba3eddc7cf4670e1cea45e9a2bc8') in 0.0039088 seconds
Start importing Assets/EmeraldBunny/Generated/Meshes/toeAir4_lower_front.asset using Guid(62405de979feb2941b535fa0710b82ba) (NativeFormatImporter) -> (artifact id: '26806d0fa41a631010a44e924c021316') in 0.002846 seconds
Start importing Assets/EmeraldBunny/Generated/Meshes/repair_chair.asset using Guid(b2ca84ece5eb3a74592670da6c1533e0) (NativeFormatImporter) -> (artifact id: '9949a1071226f3a95b3a8152d3da9941') in 0.0064733 seconds
Start importing Assets/EmeraldBunny/Generated/Meshes/leg_front_knee.asset using Guid(d2d0805ecb8f7f84aab592b7b3e19713) (NativeFormatImporter) -> (artifact id: 'a755ec2ca5e2312bcba44156edef4954') in 0.004209 seconds
Start importing Packages/com.unity.2d.animation/Editor/Assets/ComponentIcons/Animation.SpriteResolver.asset using Guid(d2cb3a8ce3b824bea895b92d838d0514) (NativeFormatImporter) -> (artifact id: 'bf31cb43aad449218d1682c2ae2297ca') in 0.0060519 seconds
Start importing Assets/Settings/PC_Renderer.asset using Guid(f288ae1f4751b564a96ac7587541f7a2) (NativeFormatImporter) -> (artifact id: '1371ea30f164641bd564e7fe0efbe78b') in 0.0033143 seconds
Start importing Assets/EmeraldBunny/Generated/Meshes/repair_eyes.asset using Guid(f21f8972f0cb11a4e90a40ffebb1b2ef) (NativeFormatImporter) -> (artifact id: 'd03d077564b87c62fecb2012effdbdb5') in 0.0037011 seconds
Start importing Packages/com.unity.2d.animation/Editor/Assets/ComponentIcons/Animation.SpriteLibrary.asset using Guid(33f954c4cbc334f2f92518b5f4a95a11) (NativeFormatImporter) -> (artifact id: '8b6b1305afe24531a4db44e1a408ae7a') in 0.0052808 seconds
Start importing Assets/EmeraldBunny/Generated/Meshes/arm_right_forearm.asset using Guid(4337ab7d8f439174ba28fae0161c07f6) (NativeFormatImporter) -> (artifact id: '386e381e9c3f9c414ff169e1fefd46f0') in 0.0035562 seconds
Start importing Assets/EmeraldBunny/Generated/Meshes/hand_right.asset using Guid(8301e5461d2173d46aea1f2881dda3f3) (NativeFormatImporter) -> (artifact id: '3801050699c79a96717844b92d4624e7') in 0.0037773 seconds
Start importing Assets/EmeraldBunny/Generated/Meshes/costume_bust.asset using Guid(836b41f3160bfaf4c89213779ca8a26b) (NativeFormatImporter) -> (artifact id: 'cb013bea1f345502c54e227a1c8c7e25') in 0.0045 seconds
Start importing Assets/EmeraldBunny/Generated/Meshes/leg_rear_knee_lower_fixed.asset using Guid(b3a1f855065419241a1191c22df13aac) (NativeFormatImporter) -> (artifact id: 'daf991994e6d91d085e37e2b82c13957') in 0.0034523 seconds
Start importing Assets/EmeraldBunny/Generated/Meshes/leg_front_thigh.asset using Guid(b31b412188e609f41ae5bad956336555) (NativeFormatImporter) -> (artifact id: '9806f9435e839145b3e7ffa8b0728711') in 0.0037894 seconds
Start importing Assets/EmeraldBunny/Generated/Meshes/spread_rear_toe_3.asset using Guid(245702616b5c2cb4fb5cfbd0258ce049) (NativeFormatImporter) -> (artifact id: 'a803f8c867d63234d7b4dc7c2d31d373') in 0.0032567 seconds
Start importing Packages/com.unity.render-pipelines.core/Editor/Icons/Processed/d_DecalProjector Icon.asset using Guid(340b2e8f8761e254d8ee52bc663cedbd) (NativeFormatImporter) -> (artifact id: 'a9926f4c8cebc2707ad671d8912be8af') in 0.0079584 seconds
Start importing Assets/EmeraldBunny/Generated/Meshes/foot_air_lower_fixed.asset using Guid(4405f4476090cf04b989f51ac92f2069) (NativeFormatImporter) -> (artifact id: '73d02ac750609bfddeae2156232b8513') in 0.0036289 seconds
Start importing Assets/EmeraldBunny/Generated/Meshes/bow_tails.asset using Guid(944ff0b856355e04a95e2a8266844215) (NativeFormatImporter) -> (artifact id: '62b75f71535680ac67400c49951746c1') in 0.0033973 seconds
Start importing Assets/EmeraldBunny/Generated/Meshes/hair_gem.asset using Guid(a439d4a8f3397bf45b4882a199016655) (NativeFormatImporter) -> (artifact id: 'f8f79973e4d70c026db529862603d153') in 0.0034607 seconds
Start importing Assets/EmeraldBunny/Generated/Meshes/lip_lower.asset using Guid(a499b80e51c4cb5499b3fd9b199dfb0f) (NativeFormatImporter) -> (artifact id: 'c6478418e8978fd58ea4008f69831051') in 0.0030881 seconds
Start importing Packages/com.unity.2d.common/Editor/ScriptablePacker/SpriteAtlasGeometryPacker.asset using Guid(c40c2d7ca127c0243a5c4254595d2869) (NativeFormatImporter) -> (artifact id: '30fc6e8f8d79811cbc312b351d27922c') in 0.0033403 seconds
Start importing Assets/EmeraldBunny/Generated/Meshes/spread_rear_toe_2.asset using Guid(d4ff66bfa7a031d4d9c23effe8e7173d) (NativeFormatImporter) -> (artifact id: '6b4bf2be15112dbf8b4376f198061cc0') in 0.0033159 seconds
Start importing Packages/com.unity.render-pipelines.core/Editor/Icons/Processed/d_VolumeProfile Icon.asset using Guid(150de12d7eed3a2429509ab2146f6345) (NativeFormatImporter) -> (artifact id: '1ec4983a1e76a61eb1ce5f922ddfe738') in 0.0090915 seconds
Start importing Packages/com.unity.render-pipelines.universal/Tests/Editor/PostProcessDataTests/PostProcessData BloomPS Different 1.asset using Guid(350a709cf1218764c94f752764b6ab69) (NativeFormatImporter) -> (artifact id: 'f1ce8f5e2f0f402639b2a45f42c70339') in 0.0263302 seconds
Start importing Assets/EmeraldBunny/Generated/Meshes/foot_ground_lower_fixed.asset using Guid(35dd579f2b30ec84c9ddcd68b680603b) (NativeFormatImporter) -> (artifact id: '78fc80d611c8c70bd2128f75a3ba106b') in 0.0032807 seconds
Start importing Assets/Settings/Postprocessing Profile.asset using Guid(55466062bffd39241915591e85d24b7f) (NativeFormatImporter) -> (artifact id: '5e116d2cde05e87166991a4d09329f67') in 0.0046182 seconds
Start importing Packages/com.unity.render-pipelines.core/Editor/Icons/Processed/Volume Icon.asset using Guid(65d673f04ea8f2f49919cf67d18aaf54) (NativeFormatImporter) -> (artifact id: '3e82559381d3f7626fa9f48fd1a71592') in 0.0063176 seconds
Start importing Assets/Settings/Mobile_Renderer.asset using Guid(65bc7dbf4170f435aa868c779acfb082) (NativeFormatImporter) -> (artifact id: '9b55107e1e5f126fe2ec12b7dcd9e71a') in 0.0055928 seconds
Start importing Assets/EmeraldBunny/Generated/Meshes/leg_front_knee_lower_rear.asset using Guid(85861fec87850604691466344d35abad) (NativeFormatImporter) -> (artifact id: '9a48fff174bbe0f8231a151fee25a2a6') in 0.0050902 seconds
Start importing Packages/com.unity.render-pipelines.core/Editor/Icons/Processed/RenderPipelineResources Icon.asset using Guid(9577fdc34c3b03242bf439342d37043b) (NativeFormatImporter) -> (artifact id: '55271f66f3d64265aa4c4e207ce5fae4') in 0.0069394 seconds
Start importing Assets/EmeraldBunny/Generated/Meshes/leg_front_calf.asset using Guid(a5bb4bc645961ec43b1ad1b7d491b75d) (NativeFormatImporter) -> (artifact id: '4fe071bf35267bb13664290f18af4c54') in 0.0050497 seconds
Start importing Packages/com.unity.render-pipelines.core/Editor/Icons/Processed/d_LocalVolumetricFog Icon.asset using Guid(a51c08ea4f8a47641a38f14eff7be3db) (NativeFormatImporter) -> (artifact id: 'bec642be8c78ae3254c83990c8a0ac16') in 0.0053568 seconds
Start importing Assets/EmeraldBunny/Generated/Meshes/rabbit_left.asset using Guid(d5c46cb93afae544590e819143ef281c) (NativeFormatImporter) -> (artifact id: '4c0336a5ceca398800042eec1b699b2f') in 0.0038376 seconds
Start importing Assets/EmeraldBunny/Generated/Meshes/leg_rear_knee_lower_rear.asset using Guid(d5164a0a325dfb6489c0ed2fc9a0e79e) (NativeFormatImporter) -> (artifact id: '8488e33644c22226831f017340f36e1d') in 0.0047131 seconds
Start importing Assets/EmeraldBunny/Generated/Meshes/foot_ground_lower_rear.asset using Guid(e5ed4155d3d26034c97562eea77df491) (NativeFormatImporter) -> (artifact id: 'c6f9de9228847a7e848dfb157099ba8b') in 0.0034018 seconds
Start importing Assets/EmeraldBunny/Generated/Meshes/cuff_right.asset using Guid(1673dc0a9ea446f41a30f6e8f0ec1ed2) (NativeFormatImporter) -> (artifact id: 'f8566b9f14aa00cc956bb8dc17bdaf3b') in 0.0036021 seconds
Start importing Assets/EmeraldBunny/Generated/Meshes/rabbit_right.asset using Guid(26399d74a1627e64a8e7bee88d9a33ba) (NativeFormatImporter) -> (artifact id: '1cacc8aac1979ae9cb0a5151b5b49335') in 0.0034995 seconds
Start importing Assets/EmeraldBunny/Generated/Meshes/toeAir5_lower_front.asset using Guid(3632e9ee96dcbe949b340e1f4e2b37b5) (NativeFormatImporter) -> (artifact id: '0d17097030c5f72dccc1767c7b6f46a6') in 0.002875 seconds
Start importing Assets/EmeraldBunny/Generated/Meshes/hand_left.asset using Guid(56639158eea9a3940b363e768aeccb94) (NativeFormatImporter) -> (artifact id: '3f5d2067324877a9cc3953ca194d9974') in 0.0034879 seconds
Start importing Assets/EmeraldBunny/Generated/Meshes/fingerL_middle.asset using Guid(568ccd39dffe01a479b9b0c0d03754e8) (NativeFormatImporter) -> (artifact id: '0d7aff0b56758f61c12318048c3d67d5') in 0.0033665 seconds
Start importing Assets/EmeraldBunny/Generated/Meshes/spread_rear_toe_1.asset using Guid(76ab5d4c15aea7e4a9774819e6759c38) (NativeFormatImporter) -> (artifact id: '2b7b49a4a6314b716641857238c4c748') in 0.0031906 seconds
Start importing Packages/com.unity.render-pipelines.core/Editor/Icons/Processed/DecalProjector Icon.asset using Guid(9603ab9e0ac90754298d959374a0ec29) (NativeFormatImporter) -> (artifact id: '038af9788dce138047675b79317e255e') in 0.0070763 seconds
Start importing Assets/EmeraldBunny/Generated/Meshes/background.asset using Guid(a6830315b8ef92b469e18648c959898c) (NativeFormatImporter) -> (artifact id: '8f271afe9ce51b5863576e836a699fff') in 0.0033748 seconds
Start importing Assets/EmeraldBunny/Generated/Meshes/hair_braid.asset using Guid(b61fe0876b2bf3a4394555e0e2f27415) (NativeFormatImporter) -> (artifact id: 'e879114836a308e1b921f0508952e612') in 0.0030595 seconds
Start importing Assets/EmeraldBunny/Generated/Meshes/toeGround4_lower_rear.asset using Guid(c631c89a55505d74ba92349fee6bd3ab) (NativeFormatImporter) -> (artifact id: 'a4fea840a33460605b95ba52f5d6093e') in 0.0032666 seconds
Start importing Assets/EmeraldBunny/Generated/Meshes/fingerL_thumb.asset using Guid(c698e525e67ea5344ad4f663788b1f43) (NativeFormatImporter) -> (artifact id: 'ffc2b345b5fb843f787fdcf7a6e6a230') in 0.0038972 seconds
Start importing Assets/EmeraldBunny/Generated/Meshes/spread_front_toe_2.asset using Guid(d60308d252a7edb44a19a5c853fb0c57) (NativeFormatImporter) -> (artifact id: 'db12212e8f1d6ad98379a5a913ce61b3') in 0.0038664 seconds
Start importing Packages/com.unity.render-pipelines.core/Editor/Icons/Processed/d_RenderPipelineResources Icon.asset using Guid(f6437d4e6a2f10345a40803d33f489bf) (NativeFormatImporter) -> (artifact id: '3ce1aa6a0a9b9f8ee9ba1baa9ce6154a') in 0.0062056 seconds
Start importing Assets/EmeraldBunny/Generated/Meshes/background_foot_repair.asset using Guid(f6ed41a5bba7b1c40b4950e5a8d76846) (NativeFormatImporter) -> (artifact id: '0f9a3c4a75b849fb5fe27043fc1ff885') in 0.0034425 seconds
Start importing Assets/EmeraldBunny/Generated/Meshes/leg_front_knee_lower_fixed.asset using Guid(071c11f72492dda4f937bcbde10b5e22) (NativeFormatImporter) -> (artifact id: '55666d0a0c7d32cd7fd3472f5f129f7d') in 0.0036181 seconds
Start importing Assets/EmeraldBunny/Generated/Meshes/eyeR_white.asset using Guid(07cee0bf08c350b4da169d12a28f9271) (NativeFormatImporter) -> (artifact id: '2bdde1c2981a767297199a37d8233ac8') in 0.0033581 seconds
Start importing Packages/com.unity.render-pipelines.core/Editor/Icons/Processed/d_Volume Icon.asset using Guid(177b2538515c71b4a86aa1cad939807a) (NativeFormatImporter) -> (artifact id: '6270493438bfcb47713762428d420ac0') in 0.0055737 seconds
Start importing Assets/EmeraldBunny/Generated/Meshes/toeGround5_lower_rear.asset using Guid(6724a77628f113f40ad9026e4f891cec) (NativeFormatImporter) -> (artifact id: 'c2033ee38840f8aa6cd74b05f9a17a59') in 0.003499 seconds
Start importing Packages/com.unity.2d.animation/Editor/Assets/ComponentIcons/d_Animation.SpriteLibrary.asset using Guid(67c59659677c64521a754356d551b44f) (NativeFormatImporter) -> (artifact id: '338e0455d749a252a7284b64d0bd3960') in 0.0047493 seconds
Start importing Assets/EmeraldBunny/Generated/Meshes/hair_back.asset using Guid(679fac743929a064db582012565f35db) (NativeFormatImporter) -> (artifact id: 'de7f09fe75a16fcf1c96c2373ba52df8') in 0.0034148 seconds
Start importing Assets/EmeraldBunny/Generated/Meshes/arm_left_upper.asset using Guid(b70be2c9130d5e54bbe7185862874f00) (NativeFormatImporter) -> (artifact id: 'ce78d0f7d013f74b83d647d7ca119dde') in 0.0036436 seconds
Start importing Assets/EmeraldBunny/Generated/Meshes/chair_leg_frontleft_lower_fixed.asset using Guid(d75d5e2d0ef609245ad6407aef81e289) (NativeFormatImporter) -> (artifact id: 'a9defb29a65f59f860223d4d3ef99710') in 0.0029648 seconds
Start importing Packages/com.unity.render-pipelines.universal/Tests/Editor/PostProcessDataTests/PostProcessData BloomPS Different.asset using Guid(e7b20d8e594294f4380ea14212e1b042) (NativeFormatImporter) -> (artifact id: '478c6487015b56bc0580cc3e78e0e26d') in 0.0040259 seconds
Start importing Assets/EmeraldBunny/Generated/Meshes/irisR.asset using Guid(f76a6c7188bd10f448e326321340fcea) (NativeFormatImporter) -> (artifact id: '3cdbfafcfa0b8b01cb7c8dc838632487') in 0.0027488 seconds
Start importing Packages/com.unity.shadergraph/Editor/Resources/DefaultHeatmapValues.asset using Guid(089885f17bac7464a80c68e81d8538a1) (NativeFormatImporter) -> (artifact id: 'e7c7e627f3b4bb910b40efeaffb4210f') in 0.0038324 seconds
Start importing Assets/Settings/UniversalRenderPipelineGlobalSettings.asset using Guid(18dc0cd2c080841dea60987a38ce93fa) (NativeFormatImporter) -> (artifact id: '3f2079ee22784b8a51d15fc7b191f77f') in 0.0030144 seconds
Start importing Assets/EmeraldBunny/Generated/Meshes/earring_left.asset using Guid(68db448265c98ba4baf2a68cbb615e8f) (NativeFormatImporter) -> (artifact id: '4e2556d07e99542c0f5c73893b89632b') in 0.0030904 seconds
Start importing Assets/EmeraldBunny/Generated/Meshes/lowerlidR.asset using Guid(786dc55f8c65f2944982b418b61d6c54) (NativeFormatImporter) -> (artifact id: 'c0107424171a9b06a77c483ee548c0dd') in 0.0033836 seconds
Start importing Assets/EmeraldBunny/Generated/Meshes/body.asset using Guid(88044c9f96e4afa4082742d37e94f90d) (NativeFormatImporter) -> (artifact id: 'f20953680b0a62065fe40b5188a15ab6') in 0.0037949 seconds
Start importing Assets/EmeraldBunny/Generated/Meshes/spread_front_toe_3.asset using Guid(f8f648c0f5c37fe498e2e676d4599d96) (NativeFormatImporter) -> (artifact id: '03b2dc1c41b1bfda85f745137628ecb5') in 0.0036268 seconds
Start importing Assets/EmeraldBunny/Generated/Meshes/chair_base_lower_rear.asset using Guid(19f8c39f5d392584e896c64003ff81a2) (NativeFormatImporter) -> (artifact id: '18e4db04d3620f939f186cb8d4a49e55') in 0.0031975 seconds
Start importing Assets/EmeraldBunny/Generated/Meshes/collar_left.asset using Guid(69f5994ae7f2d414f87b54d26d61dfbc) (NativeFormatImporter) -> (artifact id: 'c11d286b78318f44430b5665c5433e8b') in 0.003272 seconds
Start importing Packages/com.unity.render-pipelines.universal/Editor/SceneTemplates/Indoors/LightingData.asset using Guid(695c65e91172db945bf049e595adcc66) (NativeFormatImporter) -> (artifact id: '9a6b898057d23c1388d901b8dbb8f1f2') in 0.0039077 seconds
Start importing Assets/EmeraldBunny/Generated/Meshes/earring_right.asset using Guid(79b2711ba20f1fd41b73906963aeb1e2) (NativeFormatImporter) -> (artifact id: '9e1a19cc7be5482fe05ec9fa538d21ee') in 0.0032914 seconds
Start importing Assets/EmeraldBunny/Generated/Meshes/chair_all.asset using Guid(897eb4791ec67e64cbf2e7ad6e84e0fb) (NativeFormatImporter) -> (artifact id: 'ae5bedc490c1a23ee07b878a1b65f738') in 0.0036037 seconds
Start importing Assets/EmeraldBunny/Generated/Meshes/leg_front_thigh_lower_fixed.asset using Guid(a9679ed05d00c4f45a8bc7cf0ef9672b) (NativeFormatImporter) -> (artifact id: '967e05982bdfdfccc16eab219095299f') in 0.0030011 seconds
Start importing Assets/EmeraldBunny/Generated/Meshes/irisL.asset using Guid(b9ad2fead2188a64b80d1983180839af) (NativeFormatImporter) -> (artifact id: 'a080cc86755165b614f68ea2a50babe1') in 0.0036294 seconds
Start importing Assets/EmeraldBunny/Generated/Meshes/bow_left.asset using Guid(d9ed75fb24039664b8e6b4e2eeeb8d20) (NativeFormatImporter) -> (artifact id: 'a7cd6fb9e967cac35608f7b34f4c128c') in 0.0038188 seconds
Start importing Assets/EmeraldBunny/Generated/Meshes/eyeL_white.asset using Guid(e936ffa3ba874a046a251f036eb2f794) (NativeFormatImporter) -> (artifact id: 'd54e938dc91a9b4206cf952cb975b73f') in 0.0037104 seconds
Start importing Assets/EmeraldBunny/Generated/Meshes/chair_front_lower_rear.asset using Guid(f966fcb95f865ca48ac099c1d0d7dc22) (NativeFormatImporter) -> (artifact id: '4de0454c2424e7e9ebb39b16853b2ee3') in 0.0041141 seconds
Start importing Assets/EmeraldBunny/Generated/Meshes/chair_front_lower_fixed.asset using Guid(0a30e4e04fc2f2f409efb611183a08af) (NativeFormatImporter) -> (artifact id: '52d8efdd013a03c6b22d523eeab56ff5') in 0.0043206 seconds
Start importing Assets/EmeraldBunny/Generated/Meshes/browL.asset using Guid(3a03b7848c0027f439c150398c4fbc56) (NativeFormatImporter) -> (artifact id: 'c94cd2a265680f36e8cf099597f0b5c9') in 0.0032964 seconds
Start importing Assets/EmeraldBunny/Generated/Meshes/chair_leg_middle_lower_fixed.asset using Guid(4a802e1009a76214ba9fceea88759e83) (NativeFormatImporter) -> (artifact id: '604e48eb0f922deb9ff6066016fdf01e') in 0.0034717 seconds
Start importing Assets/EmeraldBunny/Generated/Meshes/chair_front_lower_front.asset using Guid(4add1a37fcce29a4987cb3e9cd6ddc61) (NativeFormatImporter) -> (artifact id: '382029bb06779aa651c962c941966f9c') in 0.0038433 seconds
Start importing Assets/EmeraldBunny/Generated/Meshes/costume_hip.asset using Guid(7a02614443aff5a458d6af44bd11c13a) (NativeFormatImporter) -> (artifact id: '444a4ba3592018bcc9b094206a3ac65d') in 0.0036759 seconds
Start importing Packages/com.unity.render-pipelines.universal/Runtime/Data/UniversalRendererData.asset using Guid(ba6e69114eba6af4585b7b850051b2d9) (NativeFormatImporter) -> (artifact id: 'e9ad2070959e90d9af222fdfd170ce9f') in 0.0045646 seconds
Start importing Assets/EmeraldBunny/Generated/Meshes/bow_gem.asset using Guid(ba5fa5534cfe0544da796e92004a45ad) (NativeFormatImporter) -> (artifact id: '63b309fa9a023b9d9835ad52ef0dee3b') in 0.0053203 seconds
Start importing Assets/EmeraldBunny/Generated/Meshes/toeGround1_lower_rear.asset using Guid(cafb096f98abb38429b5130783018897) (NativeFormatImporter) -> (artifact id: '60f38c6ea7483d7a9049587901cdb9de') in 0.0031076 seconds
Start importing Assets/EmeraldBunny/Generated/Meshes/leg_rear_knee_lower_front.asset using Guid(da3a8a5fd76788246a0b05338138a6ec) (NativeFormatImporter) -> (artifact id: '5f630637e437c50c35e67af9397ff263') in 0.0029199 seconds
Start importing Packages/com.unity.render-pipelines.core/Editor/Icons/Processed/VolumeProfile Icon.asset using Guid(faa56264e2faf674c8be98efbfd8e2a4) (NativeFormatImporter) -> (artifact id: 'ad099e67b3cdc8fadeb0df39ee69d1e5') in 0.005802 seconds
Start importing Assets/EmeraldBunny/Generated/Meshes/fingerR_thumb.asset using Guid(1b2a95809af66f948b57cc7a5c65593e) (NativeFormatImporter) -> (artifact id: '427128c9b2053ea9d562f4f659b697c8') in 0.0035474 seconds
Start importing Packages/com.unity.2d.animation/Editor/Assets/ComponentIcons/d_Animation.SpriteResolver.asset using Guid(1beab167850ca46a1bd9c199729da371) (NativeFormatImporter) -> (artifact id: '767320d62fd552f55832ec63c940e5cd') in 0.0054033 seconds
Start importing Assets/Settings/PC_RPAsset.asset using Guid(4b83569d67af61e458304325a23e5dfd) (NativeFormatImporter) -> (artifact id: '8c7cd626ebb30c1474c8bf98a6b45930') in 0.0036627 seconds
Start importing Assets/EmeraldBunny/Generated/Meshes/foot_air_lower_front.asset using Guid(4bde00d97e40c8c4ea199fd1ad8b5cca) (NativeFormatImporter) -> (artifact id: 'c112eedb223864c29e0d8c47dbb526f0') in 0.0039941 seconds
Start importing Assets/EmeraldBunny/Generated/Meshes/hair_sweep.asset using Guid(9bc4afb1f5000484899ea2097ad0c421) (NativeFormatImporter) -> (artifact id: 'cca669124e17d163a12bc46d38cb6733') in 0.0035289 seconds
Start importing Assets/EmeraldBunny/Generated/Meshes/leg_front_calf_lower_fixed.asset using Guid(ab30d503486321148a442c8f01eb36be) (NativeFormatImporter) -> (artifact id: 'fb2f784c096126364145426c4a8c0170') in 0.0031669 seconds
Start importing Assets/EmeraldBunny/Generated/Meshes/mouth_inner.asset using Guid(ab56257aeed31994da5b8a913f711b68) (NativeFormatImporter) -> (artifact id: '3d264baf1f488fbd9c866ef1b2141cd9') in 0.0029723 seconds
Start importing Assets/Settings/DefaultVolumeProfile.asset using Guid(ab09877e2e707104187f6f83e2f62510) (NativeFormatImporter) -> (artifact id: '4032c9a4c80121d2ef520a15ccb051bb') in 0.0031867 seconds
Start importing Assets/EmeraldBunny/Generated/Meshes/spread_front_toe_1.asset using Guid(ab5bb95154c7c1d4795d5cb4368d2fe0) (NativeFormatImporter) -> (artifact id: '1b9ec148c0d61bb9bee0e558c9bb096d') in 0.0031193 seconds
Start importing Assets/EmeraldBunny/Generated/Meshes/chair_rightarm_lower_fixed.asset using Guid(ab3e82abc08af14478e83e5806a34753) (NativeFormatImporter) -> (artifact id: '488e96c1d1e63144231384c1324b5323') in 0.0033205 seconds
Start importing Assets/EmeraldBunny/Generated/Meshes/browR.asset using Guid(ab3eb9efa3c20754cb09417d937fa9c9) (NativeFormatImporter) -> (artifact id: 'd6496e668b989b91d24ac7c8759ab904') in 0.0029604 seconds
Start importing Assets/EmeraldBunny/Generated/Meshes/arm_right_upper.asset using Guid(bb04985328ca6704ba2d6af82f7d48f6) (NativeFormatImporter) -> (artifact id: 'f3c206395f74c88a144787b841e7768e') in 0.0033564 seconds
Start importing Assets/EmeraldBunny/Generated/Meshes/fingerR_little.asset using Guid(bbf9f739bb51ea24d91e5b11995afd80) (NativeFormatImporter) -> (artifact id: 'edb2e3eaccd6ff40363e978df89ea5df') in 0.0034705 seconds
Start importing Packages/com.unity.render-pipelines.universal/Editor/SceneTemplates/Standard/LightingData.asset using Guid(bbf92febd37eec24fa8da21f59ace918) (NativeFormatImporter) -> (artifact id: 'f941e067d7e2884bba64631b6c9234a0') in 0.002791 seconds
Start importing Assets/EmeraldBunny/Generated/Meshes/chair_leg_middle_lower_rear.asset using Guid(db58da29337d4504d9d332322af743b4) (NativeFormatImporter) -> (artifact id: '4187c73234ea7bb1a5f585f720690a6d') in 0.0032054 seconds
Start importing Assets/EmeraldBunny/Generated/Meshes/chair_leg_right.asset using Guid(dbbdf014bfd179d419231488ed79020e) (NativeFormatImporter) -> (artifact id: '3f57503c1071a35009f6e7a78b5aa53b') in 0.0032654 seconds
Start importing Assets/EmeraldBunny/Generated/Meshes/chair_rightarm.asset using Guid(eb92be5105284184ea783cc3e61bb1d7) (NativeFormatImporter) -> (artifact id: '3a3e12010563752e117e3d98d7dce0ec') in 0.0030291 seconds
Start importing Packages/com.unity.render-pipelines.core/Editor/Icons/Processed/Resources Icon.asset using Guid(0c718439afc500a47899efc9499bc9f5) (NativeFormatImporter) -> (artifact id: '90537c1511ac064686a07af92b30bf95') in 0.00359 seconds
Start importing Assets/EmeraldBunny/Generated/Meshes/chair_front.asset using Guid(4c82c20736d595b42b92221b354fb329) (NativeFormatImporter) -> (artifact id: '70250a4e709a9929bb288f5d834dad6f') in 0.003241 seconds
Start importing Assets/EmeraldBunny/Generated/Meshes/face.asset using Guid(4c345a84d8193374ba428b09f23aa8ca) (NativeFormatImporter) -> (artifact id: '0aefff799ac50dabd1a71ba8d0e6ec3f') in 0.0039957 seconds
Start importing Assets/EmeraldBunny/Generated/Meshes/ear_left.asset using Guid(5c3e6a3de9b2f5049903ccd8819db1b6) (NativeFormatImporter) -> (artifact id: '6e076d862cb7c1b6ccb754c7e4f0b5b1') in 0.0030892 seconds
Start importing Assets/EmeraldBunny/Generated/Meshes/toeGround2_lower_rear.asset using Guid(6c4a63788633b4745b28a4f71933c40d) (NativeFormatImporter) -> (artifact id: 'b8875db7291a4d58131bb4d570d4d4b9') in 0.0030696 seconds
Start importing Assets/EmeraldBunny/Generated/Meshes/chair_leftarm.asset using Guid(7c8607aee176a6642900fe1bd751365b) (NativeFormatImporter) -> (artifact id: '5dba8c376354cd5e1800447ed3b78ec2') in 0.00251 seconds
Start importing Assets/EmeraldBunny/Generated/Meshes/chair_base_lower_fixed.asset using Guid(7cc90339d1f86d84580660daf1bfb552) (NativeFormatImporter) -> (artifact id: 'c18a388c429350a3d9dc1938cf6e31aa') in 0.0028826 seconds
Start importing Assets/EmeraldBunny/Generated/Meshes/fingerL_index.asset using Guid(8c242097dd731a74cb968b0337494203) (NativeFormatImporter) -> (artifact id: '64733a663e23fd309e32a90d6cda3c44') in 0.0030416 seconds
Start importing Packages/com.unity.render-pipelines.core/Editor/Icons/Processed/LocalVolumetricFog Icon.asset using Guid(acb29b12f9f806e4086dd007d41e47e2) (NativeFormatImporter) -> (artifact id: 'a0967288c54c5ce33cc52718fcc28802') in 0.0050441 seconds
Start importing Assets/EmeraldBunny/Generated/Meshes/leg_front_calf_lower_front.asset using Guid(dca7acaf4f8d68d4589d4b2ce769c0e7) (NativeFormatImporter) -> (artifact id: '4d942b7d003bd99d3e6379029cc50a85') in 0.0038737 seconds
Start importing Assets/EmeraldBunny/Generated/Meshes/repair_face.asset using Guid(ecd720db64df7bc49ad2f67f293431b0) (NativeFormatImporter) -> (artifact id: 'f4b234eb530668f677b1578c8fffb6bd') in 0.0045407 seconds
Start importing Assets/EmeraldBunny/Generated/Meshes/spread_rear_toe_4.asset using Guid(0de258c9403189140a1784086bca9d77) (NativeFormatImporter) -> (artifact id: '1c8a094f58a686d30d7b68a64873be7e') in 0.0040031 seconds
Start importing Assets/EmeraldBunny/Generated/Meshes/chair_leftarm_lower_fixed.asset using Guid(0d7e95385fe74fa4dbedb33c6259a7a5) (NativeFormatImporter) -> (artifact id: '207ce3b466becb23ab5876a004d2bf0d') in 0.0028983 seconds
Start importing Assets/EmeraldBunny/Generated/Meshes/spread_front_toe_0.asset using Guid(1d04b69a5dfb77e4aa0e528eb54618cb) (NativeFormatImporter) -> (artifact id: 'c4cf551e2039679fbba6a48dd7d3f88d') in 0.0036385 seconds
Start importing Assets/EmeraldBunny/Generated/Meshes/hair_leftside.asset using Guid(2d47bd8cff77d024b98c5fbcb99bf7c7) (NativeFormatImporter) -> (artifact id: '1403686b2f391bee1a6eceda8ccb7a84') in 0.0029089 seconds
Start importing Assets/EmeraldBunny/Generated/Meshes/blink_closed.asset using Guid(2d8ce688ced4ca44592b5888f6c14c2a) (NativeFormatImporter) -> (artifact id: 'c76aa4e12061be5406edd625e71b71f7') in 0.0032568 seconds
Start importing Assets/EmeraldBunny/Generated/Meshes/upperlidR.asset using Guid(3db8d393548b0a742a9496d91142e948) (NativeFormatImporter) -> (artifact id: '5fa9f4148599b85acadcd4aea0328d5f') in 0.0037243 seconds
Start importing Assets/EmeraldBunny/Generated/Meshes/leg_front_knee_lower_front.asset using Guid(4d1fbf9d9f60aa34fb3ec7a8cd2b6158) (NativeFormatImporter) -> (artifact id: '42a1e944f9d6df75bdf29aa7339b54ce') in 0.0038889 seconds
Start importing Assets/EmeraldBunny/Generated/Meshes/costume_waist.asset using Guid(5d744b4233b9b674d89e40ce96db18c5) (NativeFormatImporter) -> (artifact id: '5cf64e09fac8a8da3ae3664653762a8c') in 0.0037573 seconds
Start importing Assets/EmeraldBunny/Generated/Meshes/waist_chain.asset using Guid(6d1d75fec16f25848813dd894380deca) (NativeFormatImporter) -> (artifact id: '1dd0187c0a32cd4b112fbc3453d09eb0') in 0.0029516 seconds
Start importing Packages/com.unity.render-pipelines.core/Runtime/RenderPipelineResources/Default Lens Flare (SRP).asset using Guid(bd7eaf3bd49c39f4cb77bd809459aa72) (NativeFormatImporter) -> (artifact id: 'b78676d3d65c61a83272c7a98fe81c1a') in 0.0097685 seconds
Start importing Assets/EmeraldBunny/Generated/Meshes/chair_base.asset using Guid(dda1ac92085f60c48b7afcdf8685441b) (NativeFormatImporter) -> (artifact id: '054ecb4d04a2b1d7c3628d0e2ed5ee4b') in 0.0042304 seconds
Start importing Assets/EmeraldBunny/Generated/Meshes/repair_knee.asset using Guid(ddf94979ba43d5d48bca6e0f5090bc00) (NativeFormatImporter) -> (artifact id: '93156bf8b06668c474940283a4df6143') in 0.0033261 seconds
Start importing Packages/com.unity.render-pipelines.universal/Editor/Volume/DefaultVolumeProfile.asset using Guid(eda47df5b85f4f249abf7abd73db2cb2) (NativeFormatImporter) -> (artifact id: '799151250d50a362ab2c8b44051ca144') in 0.0034646 seconds
Start importing Assets/EmeraldBunny/Generated/Meshes/nose.asset using Guid(0ea2b091140279545a2de3e972086be1) (NativeFormatImporter) -> (artifact id: '4a7fd818098f6b8493bd51b5032728e8') in 0.0028099 seconds
Start importing Assets/EmeraldBunny/Generated/Meshes/bow_right.asset using Guid(2e649a0f47b73c546ae305d00a52343d) (NativeFormatImporter) -> (artifact id: 'c388032ae781cc76266a8c357bc19004') in 0.0026723 seconds
Start importing Assets/EmeraldBunny/Generated/Meshes/toeAir2_lower_front.asset using Guid(2e68cbc7e254e344a83500a1826136b0) (NativeFormatImporter) -> (artifact id: 'd6f3b19ab70c8d04b6fa984988486370') in 0.0030964 seconds
Start importing Assets/EmeraldBunny/Generated/Meshes/chair_leg_right_lower_fixed.asset using Guid(3e89cd844fa20dd4196c2e3428a9f7e6) (NativeFormatImporter) -> (artifact id: '9c9f6bd921dcd7bca90f41b84f37708c') in 0.0032879 seconds
Start importing Assets/Settings/Mobile_RPAsset.asset using Guid(5e6cbd92db86f4b18aec3ed561671858) (NativeFormatImporter) -> (artifact id: 'bb23a25a6ecd8b37341164be41b2bfe2') in 0.0029256 seconds
Start importing Assets/EmeraldBunny/Generated/Meshes/spread_rear_toe_0.asset using Guid(7e4a38013bace23418351e4c52f7065d) (NativeFormatImporter) -> (artifact id: 'b8a3c2b83a01f510fe5fc4f24248a09a') in 0.0036642 seconds
Start importing Assets/EmeraldBunny/Generated/Meshes/hair_righttip.asset using Guid(9e60cf148a40fb44e879921c60787983) (NativeFormatImporter) -> (artifact id: '056f0c61d032a899b7656c3850658b84') in 0.0035508 seconds
Start importing Packages/com.unity.2d.common/Editor/ScriptablePacker/DefaultScriptablePacker.asset using Guid(9eaaf0b28a38f804f9fadea8b77e198d) (NativeFormatImporter) -> (artifact id: 'fdc386ff42cb2df8062a08ae83d7b757') in 0.0064248 seconds
Start importing Assets/EmeraldBunny/Generated/Meshes/chair_all_lower_front.asset using Guid(bea813c1ee758a340bf151d4b0219c9a) (NativeFormatImporter) -> (artifact id: '4262b4706970dba99e4dd0dcf9f26003') in 0.0033105 seconds
Start importing Assets/EmeraldBunny/Generated/Meshes/chair_leg_backleft_lower_fixed.asset using Guid(ce8565f9ba74bef4ca337cf2a775b0a8) (NativeFormatImporter) -> (artifact id: 'a68886332d3cf7b9b2b238568ac3c38a') in 0.0033085 seconds
Start importing Packages/com.unity.render-pipelines.core/Editor/Icons/Processed/d_PassInspector Icon.asset using Guid(de46f443cc7a01d4a86b2535f132a51d) (NativeFormatImporter) -> (artifact id: '03f8a53c285e696ca189b20762810774') in 0.0042285 seconds
Start importing Assets/EmeraldBunny/Generated/Meshes/fingerR_ring.asset using Guid(de6b0d4b5d627c649b26051c3500ba1f) (NativeFormatImporter) -> (artifact id: '92d31dcabf143da68c799cc0177713bf') in 0.0030776 seconds
Start importing Assets/EmeraldBunny/Generated/Meshes/leg_rear_calf_lower_fixed.asset using Guid(fe40f34f8e55e6b48ba208396783ddef) (NativeFormatImporter) -> (artifact id: '53e1e59858e8777cdb15c70f6d2c2325') in 0.0027818 seconds
Start importing Assets/EmeraldBunny/Generated/Meshes/leg_rear_calf_lower_rear.asset using Guid(0f93b28a1ac2e4645b370c8715f475bf) (NativeFormatImporter) -> (artifact id: 'b0ff33ec742ea64ab715629c39db8abe') in 0.0033583 seconds
Start importing Assets/EmeraldBunny/Generated/Meshes/mouth.asset using Guid(0f3665c3e366b1349a9d5e0191a04117) (NativeFormatImporter) -> (artifact id: '0bb83813216019a4f7e4ee5f73cd9045') in 0.0028291 seconds
Start importing Assets/EmeraldBunny/Generated/Meshes/chair_all_lower_fixed.asset using Guid(4f65079fdeb2e6c49b882e900b9b5194) (NativeFormatImporter) -> (artifact id: '809a0f9b86c3a44f02b0b87de3047a26') in 0.0025738 seconds
Start importing Assets/EmeraldBunny/Generated/Meshes/lowerlidL.asset using Guid(4fd6ad7c7b1155b449fa54bf92201cea) (NativeFormatImporter) -> (artifact id: 'a93c9b04ffc00211643df76ae91fafb1') in 0.0023939 seconds
Start importing Packages/com.unity.render-pipelines.core/Editor/Icons/Processed/d_Resources Icon.asset using Guid(5f91283c363fa3943844c7b87c3ce64d) (NativeFormatImporter) -> (artifact id: '2962c33c15b15bc48304cd673b3f6d6e') in 0.0020479 seconds
Start importing Assets/EmeraldBunny/Generated/Meshes/chair_base_lower_front.asset using Guid(5f52140e511dc7d4abb9dd94de7094f2) (NativeFormatImporter) -> (artifact id: 'b8d807c65734f867f97a324a4b327376') in 0.0022456 seconds
Start importing Assets/EmeraldBunny/Generated/Meshes/toeGround3_lower_rear.asset using Guid(6f3776d261d75774982398e233e08c68) (NativeFormatImporter) -> (artifact id: '9b2134cf4c3d3f3d16b3a1e8cae6ed50') in 0.0032254 seconds
Start importing Packages/com.unity.render-pipelines.universal/Editor/SceneTemplates/Indoors/Indoors Baking Set.asset using Guid(6f5f3e944558b294093fde8026e4d36e) (NativeFormatImporter) -> (artifact id: '1f357de00def547ebd6b5c747feeaf18') in 0.0129109 seconds
Start importing Assets/EmeraldBunny/Generated/Meshes/hair_fringe.asset using Guid(9f7138793e7515a40b10a942323736ef) (NativeFormatImporter) -> (artifact id: '491cdb6b1f813a3806ab8dad6a1fa77b') in 0.0032964 seconds
Start importing Assets/EmeraldBunny/Generated/Meshes/fingerR_middle.asset using Guid(af10d3c7ed09fbb4ca9db2cb5e506b26) (NativeFormatImporter) -> (artifact id: '02cc39bbace269abe35dc1da66d5c95d') in 0.0033926 seconds
Start importing Packages/com.unity.render-pipelines.universal/Editor/SceneTemplates/Indoors/GlobalVolumeProfile.asset using Guid(afa2d039a61b9a44ab0eb7f1c138af34) (NativeFormatImporter) -> (artifact id: '4af27586657552fd846d090a7b91dd12') in 0.002539 seconds
Start importing Assets/EmeraldBunny/Generated/Meshes/toeAir3_lower_front.asset using Guid(ef50c195d4829a0409c1c05c560e0543) (NativeFormatImporter) -> (artifact id: '63c0f59d6082863a65db3c26d44f452f') in 0.0030203 seconds
Start importing Packages/com.unity.2d.animation/Third Party Notices.md using Guid(004c70e5832534d4798a9e1c2b525aee) (TextScriptImporter) -> (artifact id: 'a4741321dc0797b57a5848c2ad8d71e6') in 0.0065192 seconds
Start importing Packages/com.unity.render-pipelines.core/CHANGELOG.md using Guid(20456a2cc8a214f9d9846725cff9fea4) (TextScriptImporter) -> (artifact id: '1c67d578f2770f309f0a5d2ac26fadc5') in 0.0056102 seconds
Start importing Packages/com.unity.searcher/LICENSE.md using Guid(200891d0445794843bffcc351163c84c) (TextScriptImporter) -> (artifact id: 'c8c10680516b2de672292fb19e50cee5') in 0.0056052 seconds
Start importing Assets/EmeraldInochi/Resources/Inochi/EmeraldBunny.bytes using Guid(20bb6b1075273c34e86b5175a07862db) (TextScriptImporter) -> (artifact id: '92fa99754315a46b588271a941c105b6') in 0.0148446 seconds
Start importing Packages/com.unity.2d.sprite/LICENSE.md using Guid(20ef7441e2dc7954c9ba3a12ffbac4d9) (TextScriptImporter) -> (artifact id: '4e01aae592bdfc098dcd6f5114308079') in 0.0054466 seconds
Start importing Packages/com.unity.modules.subsystems/package.json using Guid(30b312a167534621b316172253b08723) (PackageManifestImporter) -> (artifact id: '5fddaf95e1048f20ba7f7820d94a41a8') in 0.003597 seconds
Start importing Packages/com.unity.render-pipelines.universal/package.json using Guid(30648b8d550465f4bb77f1e1afd0b37d) (PackageManifestImporter) -> (artifact id: '13b4e648cd994ccfeb0387246cf3e3d2') in 0.0040099 seconds
Start importing Packages/com.unity.modules.jsonserialize/package.json using Guid(40bf3cec17fa0b49fe04443c8332d638) (PackageManifestImporter) -> (artifact id: '4c54406cdf6f27a0dfd74653ac191550') in 0.0041644 seconds
Start importing Packages/com.unity.burst/package.json using Guid(60714b3a36613ab2918a1439869a826f) (PackageManifestImporter) -> (artifact id: '0b87196a3ec47d3aed6daae301f57984') in 0.0035586 seconds
Start importing Packages/com.unity.ide.visualstudio/CHANGELOG.md using Guid(6022bdd5b2896a54f94123b812705321) (TextScriptImporter) -> (artifact id: '4ad22eaff22f6baba59706f9fad01585') in 0.0034606 seconds
Start importing Packages/com.unity.modules.screencapture/package.json using Guid(80beef77cb19e713c7c2d481b65ed485) (PackageManifestImporter) -> (artifact id: '2f4796478e898a299d67d69a4e932b6a') in 0.0033472 seconds
Start importing Packages/com.unity.modules.cloth/package.json using Guid(906c12bc9cd95d3963c6d58f62522c78) (PackageManifestImporter) -> (artifact id: '3d693bca45ffae6fac5cd7db888ef115') in 0.0031244 seconds
Start importing Packages/com.unity.2d.animation/LICENSE.md using Guid(a061223c7e76544829ec45015410a4b4) (TextScriptImporter) -> (artifact id: 'b1d01c09cd6df7cb0325f487132f2638') in 0.0036398 seconds
Start importing Packages/com.unity.test-framework.performance/package.json using Guid(b030b7e8a4c531241b496403efc884ab) (PackageManifestImporter) -> (artifact id: '600eed6c640081ce0f5bf982d73379fb') in 0.0038822 seconds
Start importing Assets/Inochi2D/package.json using Guid(d0229e30fe557394391c69efa918b2ea) (TextScriptImporter) -> (artifact id: 'a13079e9cd92ba150b545f52adfc4890') in 0.0034696 seconds
Start importing Packages/com.unity.modules.unitywebrequesttexture/package.json using Guid(d0e3ad91972c66f5238f5b9b7d5ae58a) (PackageManifestImporter) -> (artifact id: 'e55c9ecf8b6cd2df41ad2d48f83627ef') in 0.0029596 seconds
Start importing Packages/com.unity.ugui/README.md using Guid(e0ae6629cc70b514889df37fccb76832) (TextScriptImporter) -> (artifact id: '44afeb028f510a9f4544ce88fd1cf112') in 0.0040724 seconds
Start importing Packages/com.unity.inputsystem/package.json using Guid(f0e14ea80f96b445f97b1c83650d5733) (PackageManifestImporter) -> (artifact id: '773fbff377d00595506e39d9200f197a') in 0.0031621 seconds
Start importing Packages/com.unity.modules.ai/package.json using Guid(f0f13f2ab3d6d13cfc6e4656824bfca8) (PackageManifestImporter) -> (artifact id: '993ffce69848b7fc2884f536f4e72d66') in 0.0031551 seconds
Start importing Packages/com.unity.render-pipelines.core/Tests/Editor/UnifiedRayTracing/TraceRays.urtshader using Guid(1142bbad8b9e8c44c83a9775ff120d37) (ScriptedImporter)
Compiling Ray Tracing Shader "TraceRays.urtshader", keywords = <no keywords>
    finished in 0.00 seconds. Local cache hits 1, remote cache hits 0, compiled 0 platform variants
 -> (artifact id: '5553b18b7c8112bb9ccf89122cb67ade') in 0.0758269 seconds
Start importing Packages/com.unity.collections/Unity.Collections.LowLevel.ILSupport/README.txt using Guid(11246cfa909f81542b920bd109592bf5) (TextScriptImporter) -> (artifact id: '1b58fb7926fe33e24c66b8ab16c29834') in 0.0037637 seconds
Start importing Packages/com.unity.render-pipelines.core/Tests/Editor/RenderPipeline/SettingsStrippingResults/no_strippers_active_A_B_C.json using Guid(11f45568281574f48aee9ddbe7e80112) (TextScriptImporter) -> (artifact id: '427bbbd7106043ae80798d303b5f408f') in 0.0037794 seconds
Start importing Packages/com.unity.inputsystem/ValidationConfig.json using Guid(21e367e100361604f9ad6287fd367d4a) (TextScriptImporter) -> (artifact id: '6747c8a6d1a859362fba897ea410b516') in 0.0033368 seconds
Start importing Packages/com.unity.ugui/package.json using Guid(319b8889f363f5947acf209c17a94149) (PackageManifestImporter) -> (artifact id: 'b8649e2e616e661dd09ce4c051e6241c') in 0.0031537 seconds
Start importing Packages/com.unity.render-pipelines.universal/Editor/ScriptTemplates/ScriptableRendererFeature.txt using Guid(51493ed8d97d3c24b94c6cffe834630b) (TextScriptImporter) -> (artifact id: 'de536b94159dd269ec9412f04ed502c6') in 0.0032918 seconds
Start importing Packages/com.unity.render-pipelines.universal/Runtime/RendererFeatures/SurfaceCacheGI/SurfaceCacheCore/RisEstimation.urtshader using Guid(713f6141bd66a134383b787f2eaa7c11) (ScriptedImporter)
Compiling Ray Tracing Shader "RisEstimation.urtshader", keywords = <no keywords>
    finished in 0.00 seconds. Local cache hits 1, remote cache hits 0, compiled 0 platform variants
 -> (artifact id: 'f3e1c77ba19ceee35f0267b5d0e51b7e') in 0.0137787 seconds
Start importing Packages/com.unity.ext.nunit/package.json using Guid(8143d3a8390f2c64685e3bc272bd9e90) (PackageManifestImporter) -> (artifact id: 'b3b8f0f121831b39f23fd68d5d301926') in 0.0036785 seconds
Start importing Packages/com.unity.inputsystem/LICENSE.md using Guid(9166eed4756114bdaa498aca2df93e19) (TextScriptImporter) -> (artifact id: '7c9d36dfdaa6173e588e0793b0d80d1c') in 0.0027522 seconds
Start importing Packages/com.unity.render-pipelines.universal-config/package.json using Guid(b13c5df96839b924b85df50f9659b9e4) (PackageManifestImporter) -> (artifact id: '3ae81c29170bca1bc39cf1b7573af8c1') in 0.0029625 seconds
Start importing Packages/com.unity.render-pipelines.core/Tests/Editor/ShaderStripping/Results/UI_Default_0_0.json using Guid(d18eadffb612a2f4a995f89ad69c62c3) (TextScriptImporter) -> (artifact id: 'c9822bc28d5917466ed41e5b98996790') in 0.0031406 seconds
Start importing Packages/com.unity.modules.assetbundle/package.json using Guid(e1ef8466c8fd01a549f10baa4d51fa17) (PackageManifestImporter) -> (artifact id: 'bd1378d04a55ff92f406f64b548a4dfc') in 0.0025314 seconds
Start importing Packages/com.unity.modules.imgui/package.json using Guid(42fe78c8fe682715a2cb531422e6ccb3) (PackageManifestImporter) -> (artifact id: 'b643c636c8e55776455f8adce1983951') in 0.0030216 seconds
Start importing Packages/com.unity.modules.tilemap/package.json using Guid(92a378669877c05c6071d0fed687bb95) (PackageManifestImporter) -> (artifact id: '4056b6dbe265f7ea644917ceb3d938ad') in 0.0024485 seconds
Start importing Packages/com.unity.test-framework.performance/ValidationExceptions.json using Guid(a23a55c69f9544b56a85639e7258ea1d) (TextScriptImporter) -> (artifact id: '0de6bb025ea649b84fc90771cdd733ed') in 0.0031281 seconds
Start importing Assets/EmeraldBunny/Art/layers.json using Guid(b2ff13c20ed1f5e409647470e6d4c19b) (TextScriptImporter) -> (artifact id: '61e0390c035c795d3caaf0a884ac79fe') in 0.0027278 seconds
Start importing Assets/Resources/Art/Characters/C001/Puppet/puppet.json using Guid(c2d3e4f5061728394a5b6c7d8e9f0123) (TextScriptImporter) -> (artifact id: 'f49eb99fe2e990ee6a3d50856b895469') in 0.0034396 seconds
Start importing Packages/com.unity.render-pipelines.universal/Editor/RendererFeatures/NewPostProcessRendererFeature.cs.txt using Guid(03e97e85a392e23469cd704039e21501) (TextScriptImporter) -> (artifact id: '0b9e20e5364904ecf821c16a39959cd5') in 0.0041321 seconds
Start importing Assets/Inochi2D/LICENSE.md using Guid(03dab32d80b2ed1488df40943dd92415) (TextScriptImporter) -> (artifact id: '0302d6e93a4e878844c83518c937b24d') in 0.0034786 seconds
Start importing Assets/Resources/Art/Characters/C001/PuppetLayers/landmarks.json using Guid(037e465550c346046b849a4a3d674369) (TextScriptImporter) -> (artifact id: 'a757e9a6467d9d152ab050f9fc118dba') in 0.003718 seconds
Start importing Packages/com.unity.inputsystem/CHANGELOG.md using Guid(a3e12f7b92d6e49c0b430ae7813c2398) (TextScriptImporter) -> (artifact id: '21efd0e6afd90248462a2f8d3a095188') in 0.0035516 seconds
Start importing Packages/com.unity.searcher/README.md using Guid(a363ef2608aa3684794c3db0480fcd81) (TextScriptImporter) -> (artifact id: '09cc471bb4702455150c85c1d2362135') in 0.0036017 seconds
Start importing Packages/com.unity.ide.visualstudio/ValidationConfig.json using Guid(a3f71b076c36a204a864f8c44142b3a9) (TextScriptImporter) -> (artifact id: '24357cb0c47577b7373223c2476cd21b') in 0.0031017 seconds
Start importing Packages/com.unity.2d.common/LICENSE.md using Guid(c3b59bc98951d4f7ea2ad99b77e35f03) (TextScriptImporter) -> (artifact id: '5cfa6fe6b919041bfdfcde56ff166490') in 0.0035509 seconds
Start importing Assets/Resources/Art/Characters/C001/Puppet/landmarks.json using Guid(d3e4f5061728394a5b6c7d8e9f012345) (TextScriptImporter) -> (artifact id: '9d0a7727557a6f9cd9a601e5b48a810e') in 0.0093579 seconds
Start importing Packages/com.unity.modules.terrainphysics/package.json using Guid(d3cbe921f7b3d9a3257e7c61a5761796) (PackageManifestImporter) -> (artifact id: 'f5e2c961ee3d9c345b9cfb0721893363') in 0.0038789 seconds
Start importing Packages/com.unity.mathematics/package.json using Guid(d34d0af25c21141a98c0cf3c0066444f) (PackageManifestImporter) -> (artifact id: '4f8aaef6e675f0d139584cd98f31bbcf') in 0.0032566 seconds
Start importing Packages/com.unity.2d.sprite/README.md using Guid(e31c136ab48c1194184380e435f3936d) (TextScriptImporter) -> (artifact id: 'f6370a54792b9c6aa3c5139106c1ef5c') in 0.0035074 seconds
Start importing Packages/com.unity.burst/ValidationExceptions.json using Guid(f383c015504b380698ba4a8681b1223e) (TextScriptImporter) -> (artifact id: 'd7164317e9bba999a6db22150e9b8517') in 0.0031297 seconds
Start importing Packages/com.unity.render-pipelines.core/Tests/Editor/RenderPipeline/SettingsStrippingResults/KeepAStripper_RemoveAStripper_A_B_C.json using Guid(241278b82c9201f40817c73e0e86a393) (TextScriptImporter) -> (artifact id: '5e0e84a9b756327a62047ff3fc8b40ae') in 0.0031251 seconds
Start importing Packages/com.unity.burst/CHANGELOG.md using Guid(544e4fbf839e39e1b693958db86e8cc8) (TextScriptImporter) -> (artifact id: 'de9546e1d48680b09a90b17bb7644c67') in 0.0033335 seconds
Start importing Packages/com.unity.render-pipelines.core/Editor/Lighting/ProbeVolume/RenderingLayerMask/TraceRenderingLayerMask.urtshader using Guid(94a070d33e408384bafc1dea4a565df9) (ScriptedImporter)
Compiling Ray Tracing Shader "TraceRenderingLayerMask.urtshader", keywords = <no keywords>
    finished in 0.00 seconds. Local cache hits 1, remote cache hits 0, compiled 0 platform variants
 -> (artifact id: '00bbb221d1e27c0f9443856a5487c0b3') in 0.0146764 seconds
Start importing Packages/com.unity.render-pipelines.universal/Runtime/RendererFeatures/SurfaceCacheGI/SurfaceCacheCore/UniformEstimation.urtshader using Guid(94a39d12848d8d64ca962a72b74e7c50) (ScriptedImporter)
Compiling Ray Tracing Shader "UniformEstimation.urtshader", keywords = <no keywords>
    finished in 0.00 seconds. Local cache hits 1, remote cache hits 0, compiled 0 platform variants
 -> (artifact id: '196b48d16add00849a1cec00bdd2d24f') in 0.013367 seconds
Start importing Assets/Resources/Art/Characters/C001/CubismLayers/landmarks.json using Guid(e4f5061728394a5b6c7d8e9f01234567) (TextScriptImporter) -> (artifact id: '8cfa35856907fa382bfa2dfc437645da') in 0.0026754 seconds
Start importing Packages/com.unity.2d.animation/README.md using Guid(f497b12fab15d4d2eabb5029505fec1a) (TextScriptImporter) -> (artifact id: 'f8cd5687d690db2d70eab6c2e3c223e7') in 0.0032974 seconds
Start importing Packages/com.unity.ext.nunit/CHANGELOG.md using Guid(f49bbe06ffa5ae24abe32abdab430c24) (TextScriptImporter) -> (artifact id: 'fceecea86d3291d57dee7acd6734d35a') in 0.0032604 seconds
Start importing Packages/com.unity.ugui/PackageConversionData.json using Guid(05f5bfd584002f948982a1498890f9a9) (TextScriptImporter) -> (artifact id: 'd9e43e27959cd399247c69832ab9dc4f') in 0.003047 seconds
Start importing Packages/com.unity.modules.unitywebrequestassetbundle/package.json using Guid(05f7f519769978b79b31d063a7fc6fa1) (PackageManifestImporter) -> (artifact id: '4f2160dda0ab469cf2df5b0cd4f92db7') in 0.0032776 seconds
Start importing Assets/Content/schema.md using Guid(459a1df2dfe02604b879950991ea0048) (TextScriptImporter) -> (artifact id: '9751511b4180575b2348a900d95cd5db') in 0.003044 seconds
Start importing Packages/com.unity.render-pipelines.core/Tests/Editor/UnifiedRayTracing/TraceTransparentRays.urtshader using Guid(6513c3b892e933c4f8d00c19d5c47532) (ScriptedImporter)
Compiling Ray Tracing Shader "TraceTransparentRays.urtshader", keywords = <no keywords>
    finished in 0.00 seconds. Local cache hits 1, remote cache hits 0, compiled 0 platform variants
 -> (artifact id: '54b3dc491ce57cafb618490eab295fc7') in 0.0073203 seconds
Start importing Packages/com.unity.ide.visualstudio/package.json using Guid(656f74f6edaa396458412b9e3903d8cd) (PackageManifestImporter) -> (artifact id: 'd34c98134e27ad73091c6d3a1014086e') in 0.0026207 seconds
Start importing Packages/com.unity.render-pipelines.core/ValidationConfig.json using Guid(75497c58fb28415a98098a98e7133272) (TextScriptImporter) -> (artifact id: 'a7e1c03fe37934ac9434255e3e62d48e') in 0.0031338 seconds
Start importing Packages/com.unity.render-pipelines.core/package.json using Guid(753d1ac2429a21a44ac5f937cbbb409f) (PackageManifestImporter) -> (artifact id: 'cc0c44bb6bc6afd903e4e115d107c0c1') in 0.003222 seconds
Start importing Packages/com.unity.modules.imageconversion/package.json using Guid(953fab16d15d5885b3600fcd6388b2ad) (PackageManifestImporter) -> (artifact id: '4914195fadd462954a635b65250787ed') in 0.0026937 seconds
Start importing Packages/com.unity.render-pipelines.core/Tests/Editor/RenderPipeline/SettingsStrippingResults/PrivateCtorAStripper_A_B_C.json using Guid(a50296725d3e4cf4aa43416a9a85b52c) (TextScriptImporter) -> (artifact id: '0399baf6faff2dd78ebbad007ed7d043') in 0.0027514 seconds
Start importing Packages/com.unity.collections/CHANGELOG.md using Guid(a5d815866ec304e56b03ec5cfc5f8b0a) (TextScriptImporter) -> (artifact id: '76ad7a7954281251f6c793308562447a') in 0.0031433 seconds
Start importing Packages/com.unity.shadergraph/package.json using Guid(d5ac453c34e359d439de9d724772ed3d) (PackageManifestImporter) -> (artifact id: '8a4a23de73bf1cfe66cd073fc3b44c53') in 0.003217 seconds
Start importing Packages/com.unity.render-pipelines.universal/CHANGELOG.md using Guid(16b5d2a7d862f49ffb9453600e8ee776) (TextScriptImporter) -> (artifact id: 'b3eda0f0c5143132cbe0c98990434081') in 0.0034154 seconds
Start importing Packages/com.unity.modules.unityanalytics/package.json using Guid(26a4f29db434fd79025c91f6126382cc) (PackageManifestImporter) -> (artifact id: '4f55ed6c07c9d593d430c69b12caecd5') in 0.0034128 seconds
Start importing Packages/com.unity.shadergraph/LICENSE.md using Guid(3627da0ec84594020b79e02cec8d0b41) (TextScriptImporter) -> (artifact id: '72b4fa774d99603f0009b0150b6b09bb') in 0.0034548 seconds
Start importing Assets/Resources/Art/Characters/C001/PreviewLayers/pivots.json using Guid(4685f5b782c71f941abd237debfbfab5) (TextScriptImporter) -> (artifact id: '450597d2dd1080deade5565fe4cc9df0') in 0.0036799 seconds
Start importing Packages/com.unity.mathematics/CHANGELOG.md using Guid(56de866d5032f461baa43decd9ce3bd8) (TextScriptImporter) -> (artifact id: 'c915c18a00b5a08c993883945607100d') in 0.0038766 seconds
Start importing Packages/com.unity.collections/LICENSE.md using Guid(568f02fe7676e4d659782d6038df91de) (TextScriptImporter) -> (artifact id: 'd65e4ff8f611b581202afa9dfb67221e') in 0.0043384 seconds
Start importing Packages/com.unity.searcher/package.json using Guid(86b0e09d2fd75564f90fbc601e1eec6b) (PackageManifestImporter) -> (artifact id: '16c4a2d68405b228e1a3e964d50a9b85') in 0.0036875 seconds
Start importing Packages/com.unity.collections/Unity.Collections.PerformanceTests/README.md using Guid(86abcf43c46cd3743bb775a4682f2d1d) (TextScriptImporter) -> (artifact id: '313554527ad309fd74494e9fa26f1882') in 0.0038825 seconds
Start importing Packages/com.unity.modules.video/package.json using Guid(96d14b71b907bb52333b2886e665aba6) (PackageManifestImporter) -> (artifact id: '5663ce496606d4af708204c817adcf41') in 0.0034468 seconds
Start importing Packages/com.unity.shadergraph/ValidationConfig.json using Guid(a65122cb60c266746acf35e0e5c8ac96) (TextScriptImporter) -> (artifact id: 'eb979cab433de53d88e96e5acd74567d') in 0.0038859 seconds
Start importing Assets/Resources/Art/Characters/C001/LiveLayers/pivots.json using Guid(a6da21963e531914b92dc61c2c55658d) (TextScriptImporter) -> (artifact id: '302a49db128269356381c8fccd0d68a0') in 0.0039894 seconds
Start importing Packages/com.unity.test-framework/CHANGELOG.md using Guid(d691174143fd3774ba63d7c493633b99) (TextScriptImporter) -> (artifact id: '042e5d077a319e13cd83b80ccc9d2b2b') in 0.0042626 seconds
Start importing Packages/com.unity.shadergraph/CHANGELOG.md using Guid(d652dd37e32b64cc9b4e36a1e7ddf1b8) (TextScriptImporter) -> (artifact id: '1c03ab1d464a97c854abc24fe7d59fd7') in 0.0047657 seconds
Start importing Packages/com.unity.test-framework/package.json using Guid(d6a2e6e4803de7b43baacdc355fc144d) (PackageManifestImporter) -> (artifact id: 'b4c291a7b646fefb4f0c6f571829a42c') in 0.0030839 seconds
Start importing Packages/com.unity.2d.common/CHANGELOG.md using Guid(1791df116968841c6bc27470d2ebeaa8) (TextScriptImporter) -> (artifact id: '3c6e83037f4b6657a97a6dde1f07fd9c') in 0.0030501 seconds
Start importing Packages/com.unity.nuget.mono-cecil/package.json using Guid(17a4fd582bf2d47479cf5c1508ca82c6) (PackageManifestImporter) -> (artifact id: '7d8277172f9172650445d26e2efb1263') in 0.0036942 seconds
Start importing Packages/com.unity.render-pipelines.universal/Editor/ScriptTemplates/UnlitURP.txt using Guid(4796721ff66d641078403679f98f5dbb) (TextScriptImporter) -> (artifact id: 'e7f6a81a8a5c6b9aa1c38136158ef920') in 0.00297 seconds
Start importing Packages/com.unity.modules.particlesystem/package.json using Guid(87d720faa37005c08600090e04d8c739) (PackageManifestImporter) -> (artifact id: 'd6aa8c20d84b997ec285a739a17be19d') in 0.002657 seconds
Start importing Packages/com.unity.mathematics/LICENSE.md using Guid(a7f87992cd1d44040ae42b05e5fbdaa5) (TextScriptImporter) -> (artifact id: 'dcb480f55b9e03877084c202f58984ab') in 0.0024415 seconds
Start importing Packages/com.unity.2d.sprite/CHANGELOG.md using Guid(b7007d815829e7644bb81d1f8004a340) (TextScriptImporter) -> (artifact id: 'e0d296e5887392c86686326100524cf6') in 0.002373 seconds
Start importing Packages/com.unity.render-pipelines.core/Tests/Editor/ShaderStripping/Results/UI_Default_Sprites_Default_5_0.5.json using Guid(b7530f054ac4b4b4183bef9efddcb60f) (TextScriptImporter) -> (artifact id: '5ee249e49f6cf93e7a5b11d303f86232') in 0.002522 seconds
Start importing Assets/Resources/Art/Characters/C001/SpineLayers/pivots.json using Guid(d7a4c9e1f3b60584e02c7d0f6b9e3a5b) (TextScriptImporter) -> (artifact id: '5aaa9709cc17bf8497192e93584f4c35') in 0.0026629 seconds
Start importing Packages/com.unity.inputsystem/README.md using Guid(f747a892239fb40f9a9b9e2acf9929ee) (TextScriptImporter) -> (artifact id: '3ae4f911971c56e7f716f83b8485fc56') in 0.0027127 seconds
Start importing Packages/com.unity.modules.physics2d/package.json using Guid(f7a8357347c80dc69c08d0b1a05e2122) (PackageManifestImporter) -> (artifact id: 'e2187f6cfb7435ccc7f0487e9567b857') in 0.0034564 seconds
Start importing Packages/com.unity.shadergraph/README.md using Guid(08534868baca5cc4092711da8c94e981) (TextScriptImporter) -> (artifact id: '07c637b5701b48568373dfe81f8fdc21') in 0.0033339 seconds
Start importing Packages/com.unity.modules.vr/package.json using Guid(18a4fadfef534684d5af39ca8dc48fe9) (PackageManifestImporter) -> (artifact id: '84052aabb171f6ab790f35d596f62a3c') in 0.0027327 seconds
Start importing Packages/com.unity.burst/Third Party Notices.md using Guid(28c762070e0d3359b18a59f9402d5013) (TextScriptImporter) -> (artifact id: '0594e0b44a72c47bdccb3985fe019f76') in 0.0033452 seconds
Start importing Packages/com.unity.2d.common/package.json using Guid(68f1917ec3cac45b080c26153375c2bb) (PackageManifestImporter) -> (artifact id: 'eb2f556dd69fc459eebac42125a1b501') in 0.0034321 seconds
Start importing Packages/com.unity.test-framework.performance/Third Party Notices.md using Guid(682cbcd3b2e7545e2bbc6306016e7bb7) (TextScriptImporter) -> (artifact id: '56427e1b4ac5622fb901fa78006ce993') in 0.0030616 seconds
Start importing Packages/com.unity.ide.visualstudio/ThirdPartyNotices.md using Guid(7809f42f64c877f4b90ac233e5ec2372) (TextScriptImporter) -> (artifact id: 'd241ed5bb98769970512d80e17245a44') in 0.0036297 seconds
Start importing Assets/Resources/Art/Characters/C001/V3Layers/pivots.json using Guid(78bb90785d616b64aadf5e049c567b9f) (TextScriptImporter) -> (artifact id: '691ba96872f7bc5e3ba2de99ed65022e') in 0.0031662 seconds
Start importing Packages/com.unity.ide.visualstudio/ValidationExceptions.json using Guid(788fbcfc0abc6c54b9504cfee3176c22) (TextScriptImporter) -> (artifact id: '62bec716e48d532d324c1ebb235c671c') in 0.0033713 seconds
Start importing Packages/com.unity.shadergraph/Editor/Resources/GraphView/Nodes/UITKShaderPreview-Vector.svg using Guid(a8d7d25cc14c27f4e9257da19b888497) (ScriptedImporter) -> (artifact id: '9cf1d8d05236b57de9425ad81a091325') in 0.3217601 seconds
Start importing Packages/com.unity.modules.wind/package.json using Guid(b83f06ac0c0696e9563230865ca72b81) (PackageManifestImporter) -> (artifact id: '48870b0fad529c24ec23948838d08134') in 0.0029241 seconds
Start importing Packages/com.unity.ugui/CHANGELOG.md using Guid(c851bee4305bddf438cc6ffc515991ce) (TextScriptImporter) -> (artifact id: '80aa7e1c8215b9d3824af55dd65c9c21') in 0.0027226 seconds
Start importing Packages/com.unity.modules.umbra/package.json using Guid(d85e5eeaf8f135aeaaebdc8aa3cff6c3) (PackageManifestImporter) -> (artifact id: '6d849251c9e4cdd9848460d7e0ea0550') in 0.0032637 seconds
Start importing Packages/com.unity.nuget.mono-cecil/Third Party Notices.md using Guid(192a998b912484856a34120268cfbfc9) (TextScriptImporter) -> (artifact id: 'e07d49955e23fcc39e799189a37025ad') in 0.0034616 seconds
Start importing Packages/com.unity.2d.animation/CHANGELOG.md using Guid(29c81981f22b24a2c8585a80ec3ee610) (TextScriptImporter) -> (artifact id: '1c467e90b8b0972de1b696c243c1febe') in 0.0032066 seconds
Start importing Packages/com.unity.inputsystem/ValidationExceptions.json using Guid(d9fe79419851eee4e8c90f7d0f934859) (TextScriptImporter) -> (artifact id: '1e7ff8dfdd7263375100ea86f135763c') in 0.0031436 seconds
Start importing Packages/com.unity.modules.audio/package.json using Guid(e9df95f53f1c1d0c9199e235d6c42b50) (PackageManifestImporter) -> (artifact id: '14bdb854ae6daae762f5873a0a889a4a') in 0.0031524 seconds
Start importing Packages/com.unity.ext.nunit/LICENSE.md using Guid(f91a00d2dca52b843b2d50ccf750737d) (TextScriptImporter) -> (artifact id: '55298590a2352299e08e2ff1f27aa1b0') in 0.0032732 seconds
Start importing Packages/com.unity.modules.physics/package.json using Guid(1a4266815e998967becf686f9c71f0a6) (PackageManifestImporter) -> (artifact id: '4fbeefd29956a8cb2b920ec02d72eda6') in 0.0032624 seconds
Start importing Packages/com.unity.burst/LICENSE.md using Guid(3adebabc9c53348aab08029333dba930) (TextScriptImporter) -> (artifact id: 'd264b669ea15005bcef2308f8066e86e') in 0.0029744 seconds
Start importing Packages/com.unity.render-pipelines.universal/ValidationExceptions.json using Guid(3afe581e949e3cc489c978bd8e000c4b) (TextScriptImporter) -> (artifact id: '8676c928f375d84056c4d7aea32a74f8') in 0.0033073 seconds
Start importing Packages/com.unity.2d.common/Third Party Notices.md using Guid(4a6ed47ab3732e642a9f8b492ed24194) (TextScriptImporter) -> (artifact id: 'd14be968750dd97a7eadd2247ea74b4e') in 0.0031325 seconds
Start importing Packages/com.unity.render-pipelines.core/Editor/Lighting/ProbeVolume/DynamicGI/DynamicGISkyOcclusion.urtshader using Guid(5a2a534753fbdb44e96c3c78b5a6999d) (ScriptedImporter)
Compiling Ray Tracing Shader "DynamicGISkyOcclusion.urtshader", keywords = <no keywords>
    finished in 0.00 seconds. Local cache hits 1, remote cache hits 0, compiled 0 platform variants
 -> (artifact id: '85aff15bdeaa166b3ec75f6e9791ba7e') in 0.0133668 seconds
Start importing Packages/com.unity.render-pipelines.core/Runtime/UnifiedRayTracing/Compute/RadeonRays/README.txt using Guid(6ab740f51f5df0244bb3510f143c74ef) (TextScriptImporter) -> (artifact id: '3dc7127f9d581fb0ecd6ec8a6bf10b5d') in 0.0034802 seconds
Start importing Packages/com.unity.modules.vehicles/package.json using Guid(6afb166a156df2d20433d981f4bb2832) (PackageManifestImporter) -> (artifact id: '16ef665dac3746b447ea167f980da255') in 0.0028248 seconds
Start importing Packages/com.unity.inputsystem/InputSystem/Editor/ProjectWideActions/ProjectWideActionsTemplate.json using Guid(8a190d472354bb845973412ac9c5c477) (TextScriptImporter) -> (artifact id: '23f1394f964dd08cd5dc1fe33695703e') in 0.0035868 seconds
Start importing Packages/com.unity.render-pipelines.universal-config/LICENSE.md using Guid(8a8d9e4408d3f1247884b71451a0abcf) (TextScriptImporter) -> (artifact id: '5f6be654156818ac684fb127434d5dc4') in 0.0038887 seconds
Start importing Packages/com.unity.searcher/ValidationExceptions.json using Guid(8a0fd4a8e3885488e9afc7e5e7ead9c6) (TextScriptImporter) -> (artifact id: '217c3114d5f41579590338b584649c06') in 0.0033204 seconds
Start importing Packages/com.unity.render-pipelines.core/LICENSE.md using Guid(ba4b5cdf8466e485ab792e0e4e45af25) (TextScriptImporter) -> (artifact id: 'cbf749fc26b67c615ba097e8d084c4a3') in 0.0035913 seconds
Start importing Packages/com.unity.inputsystem/InputSystem/Plugins/PlayerInput/DefaultInputActions.inputactions using Guid(ca9f5fa95ffab41fb9a615ab714db018) (ScriptedImporter) -> (artifact id: 'c7bb96b89281d5659142e73a61e2a083') in 0.0232192 seconds
Start importing Packages/com.unity.modules.unitywebrequestwww/package.json using Guid(fa27413e9edb06a6058d6c894eca0338) (PackageManifestImporter) -> (artifact id: '544e02c2e4fff416b5755915f1fd3dbb') in 0.0023943 seconds
Start importing Packages/com.unity.modules.unitywebrequestaudio/package.json using Guid(4b518b37798c97b0f860962cbf615533) (PackageManifestImporter) -> (artifact id: 'ef897d7e225c33dae9315c5417c1634d') in 0.0025847 seconds
Start importing Packages/com.unity.modules.hierarchycore/package.json using Guid(9b1a5759726ef9d39a0ab82047b615f1) (PackageManifestImporter) -> (artifact id: '2c156e03cb13bcc2a06b8c9b0a7a8ac4') in 0.0032021 seconds
Start importing Packages/com.unity.render-pipelines.core/Tests/Editor/RenderPipeline/SettingsStrippingResults/no_strippers_active_no_settings.json using Guid(dbc864b8cdd37be4e8900a8efad3efc5) (TextScriptImporter) -> (artifact id: '7c395ed94f17782f9d6d2e2bc430e142') in 0.003099 seconds
Start importing Packages/com.unity.render-pipelines.core/Tests/Editor/UnifiedRayTracing/TraceRaysAndFetchAttributes.urtshader using Guid(fbc59f55df2416344b008dc23753cae2) (ScriptedImporter)
Compiling Ray Tracing Shader "TraceRaysAndFetchAttributes.urtshader", keywords = <no keywords>
    finished in 0.00 seconds. Local cache hits 1, remote cache hits 0, compiled 0 platform variants
 -> (artifact id: 'bb9357e14210f19acbd00034a5eda908') in 0.0095801 seconds
Start importing Packages/com.unity.searcher/CHANGELOG.md using Guid(0ce03cb7950ade54ab84650691ce7a38) (TextScriptImporter) -> (artifact id: 'c0bda8e45c65ab46da260c3dbddf89ee') in 0.0030479 seconds
Start importing Packages/com.unity.render-pipelines.core/Editor/ScriptTemplates/BlitSRP.txt using Guid(0c69256ff57964383b6408cfd6119fb3) (TextScriptImporter) -> (artifact id: 'ac577b8f342759c518e087b1be22f5fd') in 0.0031984 seconds
Start importing Packages/com.unity.modules.xr/package.json using Guid(2c814623cb42764d304be0c5ddd03ceb) (PackageManifestImporter) -> (artifact id: '5cf90f838d6837d1fee4108bf50e9644') in 0.0032897 seconds
Start importing Packages/com.unity.test-framework.performance/CHANGELOG.md using Guid(5cb0d418e2eda6f4a8ebfe6910c17dd4) (TextScriptImporter) -> (artifact id: '3436c06b2726384414a57b49a5354c10') in 0.0028676 seconds
Start importing Assets/Content/catalog.json using Guid(7c3c62d26efdf614c9cc3a5e569e460a) (TextScriptImporter) -> (artifact id: '84a7bdb18fb2504b581ccfa5f0d14f94') in 0.0032558 seconds
Start importing Packages/com.unity.test-framework.performance/LICENSE.md using Guid(9c8887056eaaa7e4888ca0131e2892da) (TextScriptImporter) -> (artifact id: '94c44230087ad053bedd3bffe6bba333') in 0.0035609 seconds
Start importing Packages/com.unity.modules.director/package.json using Guid(ec02776fe29df900b897106d61977735) (PackageManifestImporter) -> (artifact id: '050663fa3328fcc8ba0607ef180c9ff4') in 0.0033721 seconds
Start importing Packages/com.unity.ugui/LICENSE.md using Guid(4d3d51749e989f747b2674e0b4d9b3d7) (TextScriptImporter) -> (artifact id: 'ae566241d6b201e35280c27d51ece7ee') in 0.0037431 seconds
Start importing Packages/com.unity.ext.nunit/README.md using Guid(5da62a0c1c5218c4aa16b74546a7822d) (TextScriptImporter) -> (artifact id: 'ebd2415c4602e9e8df3bcf5433f75a5e') in 0.0035786 seconds
Start importing Packages/com.unity.modules.terrain/package.json using Guid(6d56244f8c39a851975d3c0bd432c66f) (PackageManifestImporter) -> (artifact id: '7f03c5409fa603fad1c4d8ccf7d0f4c3') in 0.0036416 seconds
Start importing Packages/com.unity.2d.sprite/package.json using Guid(7dc5f1e5d04ac8549ac21802071e983b) (PackageManifestImporter) -> (artifact id: '0fa520f2958983bac20533b143977a63') in 0.0034235 seconds
Start importing Packages/com.unity.render-pipelines.universal/Runtime/RendererFeatures/SurfaceCacheGI/SurfaceCacheCore/RestirCandidateTemporal.urtshader using Guid(ad3a9f9982f8c4f4a839a78955e78458) (ScriptedImporter)
Compiling Ray Tracing Shader "RestirCandidateTemporal.urtshader", keywords = <no keywords>
    finished in 0.00 seconds. Local cache hits 1, remote cache hits 0, compiled 0 platform variants
 -> (artifact id: '2a77cd8c49e7ad2366be5bb7e4a8b440') in 0.0144222 seconds
Start importing Packages/com.unity.collections/package.json using Guid(bd605698a338c4de88bb5b3c4632af68) (PackageManifestImporter) -> (artifact id: '7259b18c7740ce0b5568a424fd97c79a') in 0.0034613 seconds
Start importing Packages/com.unity.modules.androidjni/package.json using Guid(bd1af0a6633ee94ae21c7d1d702cdc12) (PackageManifestImporter) -> (artifact id: 'e8484e022b3ccedd12256bf63c408f83') in 0.0622727 seconds
Start importing Packages/com.unity.render-pipelines.core/Tests/Editor/RenderPipeline/SettingsStrippingResults/RemoveAStripper_A_B_C.json using Guid(bd5d01b5acb573241ba5d80705a999f3) (TextScriptImporter) -> (artifact id: 'a21c5cc9e5c527926b177714a3454443') in 0.0050299 seconds
Start importing Packages/com.unity.ide.visualstudio/CONTRIBUTING.md using Guid(cd78ce5b75b8be84d8b94cd99903161f) (TextScriptImporter) -> (artifact id: '542e6d31e419f5fa86c170ffaf92cbe7') in 0.0049442 seconds
Start importing Packages/com.unity.render-pipelines.core/Tests/Editor/ShaderStripping/Results/UI_Default_Sprites_Default_5_0.json using Guid(edc0bb404a0b82742bb56f3c56b35ff4) (TextScriptImporter) -> (artifact id: 'f26b9ed26c25c59223e393ca47198c16') in 0.0052364 seconds
Start importing Packages/com.unity.ugui/PackageConversionData_Assets.json using Guid(0e0afa652c0031c48896a97b424d027b) (TextScriptImporter) -> (artifact id: '804ed7b65d087f01b748fb71ecdd6f77') in 0.0035222 seconds
Start importing Packages/com.unity.nuget.mono-cecil/CHANGELOG.md using Guid(1eb7e6f92b1d7d64ba0a48ea751728f3) (TextScriptImporter) -> (artifact id: '4c1390cdc63d6dac699fcaaee8295b96') in 0.0029859 seconds
Start importing Assets/Inochi2D/README.md using Guid(2e77a7f3a0009bd48b520cf56e4b5248) (TextScriptImporter) -> (artifact id: '8310ce97444b63b5e3196533580fb823') in 0.003666 seconds
Start importing Packages/com.unity.collections/Unity.Collections.PerformanceTests/Unity.PerformanceTesting.Benchmark/README.md using Guid(2e3a7e16dc0bd2346a2514dd143105a9) (TextScriptImporter) -> (artifact id: '2d8ec273cd61e627d91d5aab903147f7') in 0.0034796 seconds
Start importing Packages/com.unity.test-framework/LICENSE.md using Guid(3ec7596410385054a9e0bc90377fbe63) (TextScriptImporter) -> (artifact id: '0186e104071661cdf600f060f6e90c25') in 0.0039901 seconds
Start importing Packages/com.unity.render-pipelines.universal-config/CHANGELOG.md using Guid(5e031dc4f3118ad44b907737119d7ed1) (TextScriptImporter) -> (artifact id: '6aecb873ddfa687996c2814c4f9c2114') in 0.0033915 seconds
Start importing Packages/com.unity.mathematics/ValidationExceptions.json using Guid(5ed727127196a4ecc90e24e2cd7af338) (TextScriptImporter) -> (artifact id: '4cc76c19a2de3daa0998756408ae203b') in 0.0037638 seconds
Start importing Packages/com.unity.modules.animation/package.json using Guid(7ef8348b8ea834d7e1bc214b07f7fb87) (PackageManifestImporter) -> (artifact id: '0ce165297b0905ed3c714c8d81c161e8') in 0.0033091 seconds
Start importing Packages/com.unity.2d.animation/package.json using Guid(9e83c20a8293f44ec8a375d3805f477d) (PackageManifestImporter) -> (artifact id: '62c94d113622c3ffa700cf4fc994fa1b') in 0.0038299 seconds
Start importing Packages/com.unity.nuget.mono-cecil/README.md using Guid(beaa90bac8bb70d439d582bca35465cb) (TextScriptImporter) -> (artifact id: 'ff3829100b7fb7af99a5e40096540b02') in 0.0031136 seconds
Start importing Packages/com.unity.render-pipelines.universal/Editor/RendererFeatures/NewPostProcessVolumeComponent.cs.txt using Guid(de03ee604e709ec44b8356ef5776a893) (TextScriptImporter) -> (artifact id: 'ebaf6c8369708d418f833efd7ec8ea8c') in 0.0039043 seconds
Start importing Packages/com.unity.render-pipelines.universal/LICENSE.md using Guid(eecaac92122b4407f8bf4998e8708aee) (TextScriptImporter) -> (artifact id: '49ca42a80feb51d4198d83afdc547c84') in 0.0035953 seconds
Start importing Packages/com.unity.render-pipelines.core/THIRD PARTY NOTICES.md using Guid(eefc64b67f7aad040905b2000990f5f3) (TextScriptImporter) -> (artifact id: '413155e29d7bd2f271b20187dd1b556a') in 0.0036447 seconds
Start importing Packages/com.unity.collections/pvpExceptions.json using Guid(fee59c2b2318a7e4fa7a2c2af28d9553) (TextScriptImporter) -> (artifact id: 'b3fc5991a944805a1264cd70468482ad') in 0.0033282 seconds
Start importing Packages/com.unity.2d.common/README.md using Guid(fef9ee9b48f7a45aaa6991afe5f95a2b) (TextScriptImporter) -> (artifact id: '99fefc32ed5de9fcb747a926d2776433') in 0.0034503 seconds
Start importing Packages/com.unity.render-pipelines.universal/Third Party Notices.md using Guid(feee7af7dbba54f55abd26b21ca99071) (TextScriptImporter) -> (artifact id: 'ce43c6b0fa1fb40c867d7a532fb0bcd3') in 0.0034537 seconds
Start importing Packages/com.unity.burst/Unity.Burst.Unsafe.xml using Guid(1f35a383fc36434aaf9e13a75fba3b24) (TextScriptImporter) -> (artifact id: 'ff3d38efe50ba85b8e613e8b40a302c6') in 0.0039926 seconds
Start importing Packages/com.unity.ide.visualstudio/LICENSE.md using Guid(1fe9e6e1ae93cf64bbdfbd29300752e1) (TextScriptImporter) -> (artifact id: 'e29000ad732133c7f8f651b06de6ed15') in 0.0039085 seconds
Start importing Packages/com.unity.render-pipelines.core/Tests/Editor/RenderPipeline/SettingsStrippingResults/WrongStripper_A_B_C.json using Guid(2fe8312442a2a0d45b36a4263a7b0849) (TextScriptImporter) -> (artifact id: '356c5133c549f8761907526d5a34394d') in 0.0039632 seconds
Start importing Packages/com.unity.render-pipelines.universal/ValidationConfig.json using Guid(3f7d69b580ef4c288896687cfed86996) (TextScriptImporter) -> (artifact id: '17fffaa824e2105950f6ff2941394512') in 0.0041321 seconds
Start importing Packages/com.unity.modules.unitywebrequest/package.json using Guid(3fdd83b151eb8d25c5e2f82fc39dcb04) (PackageManifestImporter) -> (artifact id: 'dd8e3d3d718b3295cafb73aeafc2d7e8') in 0.003518 seconds
Start importing Packages/com.unity.modules.uielements/package.json using Guid(4f0f9b9f3ed97ad2b9ba8f1a8e4666c2) (PackageManifestImporter) -> (artifact id: 'b4bf06aa21c6a6487308088a12a0a110') in 0.0033325 seconds
Start importing Packages/com.unity.collections/ValidationExceptions.json using Guid(6fe576033d6a2424c888d599967457a2) (TextScriptImporter) -> (artifact id: 'b8a1a3c61391e93450a34b7ee0eb7ab9') in 0.0044068 seconds
Start importing Packages/com.unity.nuget.mono-cecil/LICENSE.md using Guid(9fc87c3ee46f3b34e97e18e4fcac8151) (TextScriptImporter) -> (artifact id: '13db5c1c52a2323cebee3d982604db8f') in 0.0034484 seconds
Start importing Packages/com.unity.collections/README.md using Guid(af5aad29a2c56fd449428c9041fc68bb) (TextScriptImporter) -> (artifact id: 'abc237ae162c991a85f60885f7f75ab1') in 0.0034487 seconds
Start importing Packages/com.unity.modules.ui/package.json using Guid(bfd567a3d1631a761bca9e99fa53d86d) (PackageManifestImporter) -> (artifact id: 'b6a9b41c4f747864b57f61357f87e39b') in 0.0036185 seconds
Start importing Packages/com.unity.ext.nunit/Third Party Notices.md using Guid(bfcb3ba499f7d452b92d9a9cc3378788) (TextScriptImporter) -> (artifact id: 'a0ad95160bf24b81a3492900b4dce76e') in 0.0034779 seconds
Start importing Packages/com.unity.render-pipelines.core/Editor/Lighting/ProbeVolume/VirtualOffset/TraceVirtualOffset.urtshader using Guid(ff2cbab5da58bf04d82c5f34037ed123) (ScriptedImporter)
Compiling Ray Tracing Shader "TraceVirtualOffset.urtshader", keywords = <no keywords>
    finished in 0.00 seconds. Local cache hits 1, remote cache hits 0, compiled 0 platform variants
 -> (artifact id: '1e33304e9d405c62e9503b03959361c1') in 0.0134149 seconds
Start importing Packages/com.unity.render-pipelines.core/Runtime/Debugging/Prefabs/Widgets/DebugUIMessageBox.prefab using Guid(10a25524b0986f9488b430e2829bbbe8) (PrefabImporter) -> (artifact id: '2529a6e3f52fd1c781d9f2036e351de9') in 0.0126427 seconds
Start importing Packages/com.unity.render-pipelines.core/Runtime/Debugging/Prefabs/Widgets/DebugUIToggleHistory.prefab using Guid(5088d0220f0c4df439cf06c5c270eacb) (PrefabImporter) -> (artifact id: '525a849049822a96aff9be2cdad79037') in 0.0121753 seconds
Start importing Packages/com.unity.render-pipelines.core/Runtime/Debugging/Prefabs/Widgets/DebugUIVector2.prefab using Guid(326f7c58aed965d41bf7805a782d1e44) (PrefabImporter) -> (artifact id: '6012fb9933fe45f691587eb6dff8da0e') in 0.0107736 seconds
Start importing Packages/com.unity.render-pipelines.core/Runtime/Debugging/Prefabs/Widgets/DebugUIHandlerRenderingLayerField.prefab using Guid(928d1ca04af80c84e8d5dabc18095d79) (PrefabImporter) -> (artifact id: '8f430a4d4efc9f476e39be8181ef16eb') in 0.0347567 seconds
Start importing Packages/com.unity.render-pipelines.core/Runtime/Debugging/Prefabs/Widgets/DebugUIValueTuple.prefab using Guid(a2148203dd960814ca5db0c293ceda35) (PrefabImporter) -> (artifact id: '7311129e75e5069cc22f51ae857f68b5') in 0.0076808 seconds
Start importing Packages/com.unity.render-pipelines.core/Runtime/Debugging/Prefabs/Widgets/DebugUIEnumHistory.prefab using Guid(b2da6b27df236b144b3516ed8e7d36ac) (PrefabImporter) -> (artifact id: '55cff24757b2e54ed34b5ea24892c266') in 0.0059568 seconds
Start importing Packages/com.unity.render-pipelines.core/Runtime/Debugging/Prefabs/Widgets/DebugUIUIntField.prefab using Guid(f22bcc84a5f4a1944b075a2c4ac71493) (PrefabImporter) -> (artifact id: '10761040243a1be6b826bb787c52e632') in 0.0098338 seconds
Start importing Packages/com.unity.render-pipelines.core/Runtime/Debugging/Prefabs/Widgets/DebugUIProgressBar.prefab using Guid(d3770aaa3bbd8384aabab9ddd383e21e) (PrefabImporter) -> (artifact id: '532283c848ed06270c07ddd6623ba17f') in 0.0055447 seconds
Start importing Packages/com.unity.render-pipelines.core/Runtime/Debugging/Prefabs/Widgets/DebugUIVector3.prefab using Guid(94afea5f242d72547979595ba963f335) (PrefabImporter) -> (artifact id: 'b09f7d3c4af4f9864d844c0c95bb2b6c') in 0.0091726 seconds
Start importing Packages/com.unity.render-pipelines.core/Runtime/Debugging/Prefabs/Widgets/DebugUIVector4.prefab using Guid(d47f009476100f545971a81ede14c750) (PrefabImporter) -> (artifact id: 'f674d70d444da669d4485ae348ac20bb') in 0.008548 seconds
Start importing Packages/com.unity.render-pipelines.universal/Tests/Editor/Tools/Converters/ReadonlyMaterialConverter/Cube.prefab using Guid(95cb9745d0f90ed4cb2976ad2147b05d) (PrefabImporter) -> (artifact id: '3e867e30ff07d7a2f417e37405d2812c') in 0.0076792 seconds
Start importing Packages/com.unity.render-pipelines.core/Runtime/Debugging/Prefabs/Resources/DebugUIPersistentCanvas.prefab using Guid(f6b1a0fe75d5009449cf55ae76220e2b) (PrefabImporter) -> (artifact id: '17faee91fcf8f5d62a27557e171eaa21') in 0.0074891 seconds
Start importing Packages/com.unity.render-pipelines.core/Runtime/Debugging/Prefabs/Widgets/DebugUIButton.prefab using Guid(f6ce33b91f6ffe54cadacbf4bb112440) (PrefabImporter) -> (artifact id: 'c72464b4a83abdd37f2c607812b8896d') in 0.0054078 seconds
Start importing Packages/com.unity.render-pipelines.core/Runtime/Debugging/Prefabs/Widgets/DebugUIColor.prefab using Guid(77c185820dd1a464eac89cae3abccddf) (PrefabImporter) -> (artifact id: '09547a43400c87c159569516b3cba2b4') in 0.008193 seconds
Start importing Packages/com.unity.render-pipelines.core/Runtime/Debugging/Prefabs/Widgets/DebugUIValuePersistent.prefab using Guid(8778e6b26b51c6a4999b94d7cacd8b5d) (PrefabImporter) -> (artifact id: 'dfd5113db165c283be461192ec58f2cd') in 0.0065302 seconds
Start importing Packages/com.unity.render-pipelines.core/Runtime/Debugging/Prefabs/Widgets/DebugUIHBox.prefab using Guid(f7f5e36797cf0c1408561665c67b179b) (PrefabImporter) -> (artifact id: '9b1daa27e385bb140e2196471c55c037') in 0.0056073 seconds
Start importing Packages/com.unity.render-pipelines.core/Runtime/Debugging/Prefabs/Widgets/DebugUIGroup.prefab using Guid(38a07789c9e87004dad98c2909f58369) (PrefabImporter) -> (artifact id: '0f7266bafa6a578ab6798d220f57b163') in 0.0054109 seconds
Start importing Packages/com.unity.render-pipelines.core/Runtime/Debugging/Prefabs/Widgets/DebugUIObjectPopupField.prefab using Guid(48fb043c850cadc4a883b53785e14c6e) (PrefabImporter) -> (artifact id: '7f66197973a3f95c9734954421454e84') in 0.0063569 seconds
Start importing Packages/com.unity.render-pipelines.core/Runtime/Debugging/Prefabs/Widgets/DebugUIEnumField.prefab using Guid(988db55689193434fb0b3b89538f978f) (PrefabImporter) -> (artifact id: 'ba470cbac19b89d75b6321f497c2d893') in 0.0057215 seconds
Start importing Packages/com.unity.render-pipelines.core/Runtime/Debugging/Prefabs/Widgets/DebugUIObject.prefab using Guid(a87cfaef648f17c41b568e842e068c51) (PrefabImporter) -> (artifact id: '13ac4ebecfc774f4e78f97e57b17c277') in 0.0077023 seconds
Start importing Packages/com.unity.render-pipelines.core/Runtime/Debugging/Prefabs/Widgets/DebugUIFloatField.prefab using Guid(d8c744701b43c864b88e7f8144e19bc5) (PrefabImporter) -> (artifact id: 'd3c73b63a9f9ecf490e7ac73887d02d1') in 0.0062583 seconds
Start importing Packages/com.unity.render-pipelines.core/Runtime/Debugging/Prefabs/Widgets/DebugUIVBox.prefab using Guid(ca3e294656861a64b8aeeb9f916da0a9) (PrefabImporter) -> (artifact id: 'a341d5fd4c07c44fa91e200462cae40b') in 0.0054788 seconds
Start importing Packages/com.unity.render-pipelines.core/Runtime/Debugging/Prefabs/Widgets/DebugUIPanel.prefab using Guid(daa46a58178a6ad41ae1ddc2dc7f856d) (PrefabImporter) -> (artifact id: '62cb9a82e5fc3fa6c93cb2ee94384bfe') in 0.0468232 seconds
Start importing Packages/com.unity.render-pipelines.core/Runtime/Debugging/Prefabs/Widgets/DebugUIFoldout.prefab using Guid(1c87ab2ce8b8b304d98fbe9a734b1f74) (PrefabImporter) -> (artifact id: '20721c68d5e04122ca7aef44bac56651') in 0.0059826 seconds
Start importing Packages/com.unity.render-pipelines.core/Runtime/Debugging/Prefabs/Widgets/DebugUIBitField.prefab using Guid(7c78b588b2e1f7c4a86ca4a985cf6e4a) (PrefabImporter) -> (artifact id: '67f814f7f9a9a2e5fa54abb770266236') in 0.0364911 seconds
Start importing Packages/com.unity.render-pipelines.core/Runtime/Debugging/Prefabs/Widgets/DebugUIValue.prefab using Guid(dc0f88987826e6e48b1fe9c7c2b53a53) (PrefabImporter) -> (artifact id: 'a39e7558951160a2cea43e65ae4e1a40') in 0.0137428 seconds
Start importing Packages/com.unity.render-pipelines.core/Runtime/Debugging/Prefabs/Widgets/DebugUIRow.prefab using Guid(2d019437ff89b8d44949727731cd9357) (PrefabImporter) -> (artifact id: 'ccd974bd584f527fa76e6f0c116ff3c9') in 0.0127567 seconds
Start importing Packages/com.unity.render-pipelines.core/Runtime/Debugging/Prefabs/Widgets/DebugUIObjectList.prefab using Guid(ad83bc56407925d44a77a5bd01cd6783) (PrefabImporter) -> (artifact id: '757369b80aa6e1ac3d09df04654ba55a') in 0.0143177 seconds
Start importing Assets/EmeraldBunny/EmeraldBunny.prefab using Guid(fdb2ecd82dbb4c945a524b4e768eb1f7) (PrefabImporter) -> (artifact id: '54b59500c1bb4a3198cf319dcec2771a') in 0.0277112 seconds
Start importing Packages/com.unity.render-pipelines.core/Runtime/Debugging/Prefabs/Widgets/DebugUIIntField.prefab using Guid(ae00bb75e0cd5b04b8fe7fb4ab662629) (PrefabImporter) -> (artifact id: '1d2b99146c214aa094e27f2ba05dc7c4') in 0.0166692 seconds
Start importing Packages/com.unity.render-pipelines.core/Runtime/Debugging/Prefabs/Widgets/DebugUIToggle.prefab using Guid(ce347ad101f41ee4ab5c3fbc0ea447db) (PrefabImporter) -> (artifact id: 'af79da3636552754734b3b63cd5a48b4') in 0.0237671 seconds
Start importing Packages/com.unity.render-pipelines.core/Runtime/Debugging/Prefabs/Resources/DebugUICanvas.prefab using Guid(cf6cbdd672089a84796e55a21fed1cbe) (PrefabImporter) -> (artifact id: '64867316862b75b07a5d60db6ccca513') in 0.0836874 seconds
Start importing Packages/com.unity.shadergraph/Editor/Resources/Styles/SGBlackboard.uss using Guid(00d735264dc3c1849bf2ee8dec95ec39) (ScriptedImporter) -> (artifact id: '679a974ecae95d3671376545506969c9') in 0.1413676 seconds
Start importing Packages/com.unity.render-pipelines.core/Editor/StyleSheets/HeaderFoldout.uss using Guid(20e417e1ec9645d44ad61671212c15f7) (ScriptedImporter) -> (artifact id: 'fe56346edbb9a285b6fb387b17b6da1f') in 0.0336969 seconds
Start importing Packages/com.unity.2d.animation/Editor/Assets/SpriteLibraryEditor/CategoriesTab.uss using Guid(406d759682a9c4fd6b4363091ea2ed90) (ScriptedImporter) -> (artifact id: '3498f5ed8fac9245c6f3042ae8626019') in 0.008203 seconds
Start importing Packages/com.unity.2d.animation/Editor/Assets/SpriteLibraryEditor/LabelsTab.uss using Guid(508137d46fc4f48929786b113175a254) (ScriptedImporter) -> (artifact id: '93777e923c633050c7d20792abf024de') in 0.0083546 seconds
Start importing Packages/com.unity.shadergraph/Editor/Resources/Styles/Controls/IntegerControlView.uss using Guid(600766c36ef866641959f10610a7ee4f) (ScriptedImporter) -> (artifact id: '2b64f980d5b6b933157a1d1eb54516d8') in 0.0079218 seconds
Start importing Packages/com.unity.render-pipelines.universal/Editor/Converter/converter_widget_main.uss using Guid(012f251bbb5d36246a87499f75dd8b24) (ScriptedImporter) -> (artifact id: '8e939beb482db4a9c29d6fa2346cbf93') in 0.010949 seconds
Start importing Packages/com.unity.2d.animation/Editor/Assets/SkinningModule/WeightInspectorIMGUIPanelStyle.uss using Guid(31c817456951a8b4f9c5a038f633223c) (ScriptedImporter) -> (artifact id: '483b4a157d38992095ded025bd2d59cf') in 0.014145 seconds
Start importing Packages/com.unity.shadergraph/Editor/Resources/Resizable.uss using Guid(419e3929026046a4797ab0c35f33a788) (ScriptedImporter) -> (artifact id: '3e1861abfb111fffe9f1bcab5a411ce7') in 0.0104058 seconds
Start importing Packages/com.unity.shadergraph/Editor/Resources/Styles/Controls/ScreenPositionSlotControlView.uss using Guid(61a89c57c8aee6c43ac9433a7a5dbf9e) (ScriptedImporter) -> (artifact id: '811418541aee5858989217f0e28dfb43') in 0.0050639 seconds
Start importing Packages/com.unity.shadergraph/Editor/Resources/Styles/PixelCacheProfiler.uss using Guid(61cf67e9c1f54ceab08d2bd16ffd3c53) (ScriptedImporter) -> (artifact id: 'a787d9ed46d6ea84c706cde0d27f0f66') in 0.0068249 seconds
Start importing Packages/com.unity.shadergraph/Editor/Resources/Styles/Controls/CubemapSlotControlView.uss using Guid(81f64e9003fb9674889a56938f078eb0) (ScriptedImporter) -> (artifact id: 'df61a52f0323c7452b78f163e5849c57') in 0.0096971 seconds
Start importing Packages/com.unity.shadergraph/Editor/Resources/Styles/MasterPreviewView.uss using Guid(a141d7b330b4c764ab25b2ba4ac38b2f) (ScriptedImporter) -> (artifact id: 'c5b5704039112a9fbff93adde842ee9e') in 0.0150884 seconds
Start importing Packages/com.unity.shadergraph/Editor/Resources/Styles/RedirectNode.uss using Guid(e1a4e0aa330ca2f43b4625b248a0539e) (ScriptedImporter) -> (artifact id: '8537a848e444c79edb4b937a447fdafa') in 0.0681346 seconds
Start importing Packages/com.unity.shadergraph/Editor/Resources/Styles/Controls/TextureArraySlotControlView.uss using Guid(223e574ec2e9a40e690b2d94380057cf) (ScriptedImporter) -> (artifact id: '0d1f8d1cda305e373be07adc266c2f13') in 0.0097538 seconds
Start importing Packages/com.unity.2d.animation/Editor/Assets/SkinningModule/InfluenceWindowStyle.uss using Guid(72c98894fc0953a4486e96fa2cff6f8d) (ScriptedImporter)Packages/com.unity.2d.animation/Editor/Assets/SkinningModule/InfluenceWindowStyle.uss (line 26): error: Unsupported selector format: '.Dark . #HeaderImage
'
Packages/com.unity.2d.animation/Editor/Assets/SkinningModule/InfluenceWindowStyle.uss (line 51): error: Unsupported selector format: '.Dark . #ListView
'
Packages/com.unity.2d.animation/Editor/Assets/SkinningModule/InfluenceWindowStyle.uss (line 71): error: Unsupported selector format: '.Dark . .ListRowOddColor
'
Packages/com.unity.2d.animation/Editor/Assets/SkinningModule/InfluenceWindowStyle.uss (line 81): error: Unsupported selector format: 'ListView . .unity-collection-view__item--selected
'
Packages/com.unity.2d.animation/Editor/Assets/SkinningModule/InfluenceWindowStyle.uss (line 89): error: Unsupported selector format: '.Dark . ListView . .unity-collection-view__item--selected
'
Packages/com.unity.2d.animation/Editor/Assets/SkinningModule/InfluenceWindowStyle.uss (line 100): error: Unsupported selector format: '.Dark . #ContentBackgroundImage
'
Packages/com.unity.2d.animation/Editor/Assets/SkinningModule/InfluenceWindowStyle.uss (line 119): error: Unsupported selector format: '.Dark . #ButtonsContainer
'
Packages/com.unity.2d.animation/Editor/Assets/SkinningModule/InfluenceWindowStyle.uss (line 160): error: Unsupported selector format: '.Dark . #AddButton
'
Packages/com.unity.2d.animation/Editor/Assets/SkinningModule/InfluenceWindowStyle.uss (line 171): error: Unsupported selector format: '.Dark . #RemoveButton
'
 -> (artifact id: 'f35d68fae29e61b586551aae5c659b42') in 0.0310698 seconds
Start importing Packages/com.unity.render-pipelines.core/Editor/StyleSheets/RenderPipelineGlobalSettings.uss using Guid(925e22fd08389624bbc859935ca73339) (ScriptedImporter) -> (artifact id: '00255e12eac4770bd0257fddaf1c3f55') in 0.0141231 seconds
Start importing Packages/com.unity.render-pipelines.universal/Editor/Converter/converter_editor.uss using Guid(0356b27d63ed56a4c9b6fa5b729c89f8) (ScriptedImporter) -> (artifact id: '9df631ff891044685b6aa930783ffec9') in 0.0078354 seconds
Start importing Packages/com.unity.2d.animation/Editor/Assets/SkinningModule/MeshToolbarStyle.uss using Guid(230294e66b45c7e4696341b7c6f0eea5) (ScriptedImporter) -> (artifact id: '76772bd8f7e8d09808082abbcd8cbf27') in 0.0376114 seconds
Start importing Packages/com.unity.2d.animation/Editor/Assets/SkinningModule/PastePanelStyle.uss using Guid(2362443a3fd04784d9c18412e771c7fa) (ScriptedImporter) -> (artifact id: 'b2cdf73b01513f857721d8bd090fd41a') in 0.009249 seconds
Start importing Packages/com.unity.2d.animation/Editor/Assets/SkinningModule/BoneInspectorPanelStyle.uss using Guid(630253c1b6a245746ac843e5cad0aac6) (ScriptedImporter) -> (artifact id: '379bee96063a72bd8f0036478d5d3203') in 0.0094316 seconds
Start importing Packages/com.unity.shadergraph/Editor/Resources/Styles/ShaderPort.uss using Guid(736551d82e9cda54b8f6f606ebc6de27) (ScriptedImporter) -> (artifact id: '7d0cf9aa09ce30e51f47498278d121ec') in 0.0122062 seconds
Start importing Packages/com.unity.render-pipelines.core/Editor/StyleSheets/DefaultVolumeProfileEditor.uss using Guid(83a028a39a272694784e78db21cff69b) (ScriptedImporter) -> (artifact id: 'c72e3dcf7738a92d1fef2c491f2f8473') in 0.0078014 seconds
Start importing Packages/com.unity.shadergraph/Editor/Resources/Styles/PropertyNameReferenceField.uss using Guid(93842094f0dbac941bac7d2af67241b3) (ScriptedImporter) -> (artifact id: 'ec7e9ea31c73b96b27fb31a59b044608') in 0.0078243 seconds
Start importing Packages/com.unity.2d.animation/Editor/Assets/SkinningModule/PoseToolbarStyle.uss using Guid(a39e33a7bab4436585a7d4bdeaa84efc) (ScriptedImporter) -> (artifact id: 'e20bcf040ede9f1574f4bd4837c302a0') in 0.019212 seconds
Start importing Packages/com.unity.2d.animation/Editor/Assets/LayoutOverlay/ScrollableToolbar.uss using Guid(f3a7eea6e0f5acb479ae4e70f8f25d95) (ScriptedImporter) -> (artifact id: '3237b5ea79072d2a29490a45c804dd05') in 0.0053937 seconds
Start importing Packages/com.unity.2d.animation/Editor/Assets/SkinningModule/GenerateWeightsPanelStyle.uss using Guid(24c60fb4e4533094889a2aa33ce92889) (ScriptedImporter) -> (artifact id: 'bfc2a61eb66b56e31e26f604bbb7e36d') in 0.0064049 seconds
Start importing Packages/com.unity.2d.animation/Editor/Assets/SkinningModule/ToolbarStyle.uss using Guid(449db082dbe14ec4b97d3e130d5c71b4) (ScriptedImporter) -> (artifact id: '55ce151ac8d619c5384e016f0be8a270') in 0.0085732 seconds
Start importing Packages/com.unity.shadergraph/Editor/Resources/Styles/HeatmapValuesEditor.uss using Guid(54f2b0dd16c64e699842f28e948cc04b) (ScriptedImporter) -> (artifact id: 'd18e0d6a0bd630fdbe4412cd9dc25e33') in 0.0056768 seconds
Start importing Packages/com.unity.shadergraph/Editor/Resources/Styles/UITKMasterNodePreview.uss using Guid(7471d1c0502da124ba03a8b0379a265e) (ScriptedImporter) -> (artifact id: '1f41bf6fb0512bc782dc1d4cf0544d78') in 0.0102339 seconds
Start importing Packages/com.unity.shadergraph/Editor/Resources/Styles/GraphSubWindow.uss using Guid(74741f330ea4fe848977aa5900880f7b) (ScriptedImporter) -> (artifact id: '3b9d1be6f1be77f44cd045a6e1465cb8') in 0.0081611 seconds
Start importing Packages/com.unity.shadergraph/Editor/Resources/Styles/MaterialNodeView.uss using Guid(c47827ee6a0eadd4288dede8e3993da3) (ScriptedImporter) -> (artifact id: '35cf5e1b398f3ea46b5959c9d8cd412f') in 0.0114958 seconds
Start importing Packages/com.unity.shadergraph/Editor/Resources/Styles/Controls/SliderControlView.uss using Guid(e425c4562a777aa40a6daed5f97d03b7) (ScriptedImporter) -> (artifact id: '24d3c69c62a77e5653b77009067ce52b') in 0.0070895 seconds
Start importing Packages/com.unity.2d.animation/Editor/Assets/SkinningModule/RigToolbarStyle.uss using Guid(2571b347a2ca442dad28c8b8bc0212f0) (ScriptedImporter) -> (artifact id: '995f97130e42a47919aa2bc8de1a7333') in 0.0199769 seconds
Start importing Packages/com.unity.2d.sprite/Editor/UI/SpriteEditor/SpriteEditorToolbar.uss using Guid(35f4ee23cc5e408190298151beab219a) (ScriptedImporter) -> (artifact id: 'f20e445b007647272962ef7ec20d1d75') in 0.0069957 seconds
Start importing Packages/com.unity.2d.sprite/Editor/UI/SpriteEditor/SpriteOutlineToolOverlayPanelStyle.uss using Guid(453cfcbf89b424ad9a293b19d1e3d4bb) (ScriptedImporter) -> (artifact id: '248c73e4c17218fb73bc37991d72e987') in 0.0081063 seconds
Start importing Packages/com.unity.2d.animation/Editor/Assets/SkinningModule/WeightToolbarStyle.uss using Guid(d5088f76dafda4b48b76b33f42653e6c) (ScriptedImporter) -> (artifact id: 'a90f18f39d56f5b6f40d0943ce9f1be9') in 0.0389961 seconds
Start importing Packages/com.unity.shadergraph/Editor/Resources/Styles/PropertyNodeView.uss using Guid(0620899e56d69964ba2cbda1de01bbe2) (ScriptedImporter) -> (artifact id: '598b7af103982579fe7082892b193fae') in 0.0057353 seconds
Start importing Packages/com.unity.2d.animation/Editor/Assets/AssetUpgrader/AssetUpgrader.uss using Guid(2623f92de99ca4b3d94e818d816553fb) (ScriptedImporter) -> (artifact id: 'fda435fa3fe332872d1a3880a33ffd74') in 0.010403 seconds
Start importing Packages/com.unity.shadergraph/Editor/Resources/Styles/MaterialGraph.uss using Guid(466e6b269ff1900438e46c66af51cef8) (ScriptedImporter) -> (artifact id: '159f0dc0edd403bf037c0b7d5d972635') in 0.0052078 seconds
Start importing Packages/com.unity.shadergraph/Editor/Resources/Styles/Controls/PopupControlView.uss using Guid(5632d12a476944a4c96410178f559fd3) (ScriptedImporter) -> (artifact id: '74c8ed96ccb9fdab341a909c41c8d62e') in 0.0064548 seconds
Start importing Packages/com.unity.shadergraph/Editor/Resources/Styles/Controls/GradientSlotControlView.uss using Guid(76dc05b36584d4d0085b786ca1b29fe3) (ScriptedImporter) -> (artifact id: '054914a2857f7b304cddc71588e13254') in 0.0053868 seconds
Start importing Packages/com.unity.shadergraph/Editor/Resources/Styles/ReorderableSlotListView.uss using Guid(86af34a821ab1e64aa04298dc9cafb4e) (ScriptedImporter) -> (artifact id: '62e665eb6d811d22ab07c70e61cc7ab1') in 0.0064521 seconds
Start importing Packages/com.unity.shadergraph/Editor/Resources/Styles/Controls/EnumConversionControlView.uss using Guid(96e6e59ca33b02f4e816a4693a642883) (ScriptedImporter) -> (artifact id: '28def985949651fb5a8bea690ada09bb') in 0.0091283 seconds
Start importing Packages/com.unity.shadergraph/Editor/Resources/Styles/Controls/ColorRGBASlotControlView.uss using Guid(a690636bb8883ea4db5f27192551b973) (ScriptedImporter) -> (artifact id: '3b687eb5f640796c1812baa0dd918086') in 0.0061278 seconds
Start importing Packages/com.unity.shadergraph/Editor/Resources/Styles/Controls/DielectricSpecularControlView.uss using Guid(b6e0d19d1d9f531419f20cd97c102ad5) (ScriptedImporter) -> (artifact id: '9470b92e7f6e7cec1dee3e141afc5d67') in 0.0071515 seconds
Start importing Packages/com.unity.shadergraph/Editor/Resources/Styles/Controls/TextControlView.uss using Guid(b60919d98f4e6f54681012e4d7ad2a01) (ScriptedImporter) -> (artifact id: 'a0175f86d6cffebfdca7ce93d01f9f54') in 0.0996306 seconds
Start importing Packages/com.unity.shadergraph/Editor/Resources/Styles/HlslFunctionView.uss using Guid(c6a3af95768504ef29093f7793eaf5f9) (ScriptedImporter) -> (artifact id: '85b749f48e80276e507e18dccee159a4') in 0.0063444 seconds
Start importing Packages/com.unity.2d.animation/Editor/Assets/SkinningModule/BoneToolbarStyle.uss using Guid(d61989f1b8cdf884c960907a37504ceb) (ScriptedImporter) -> (artifact id: '9f9940984589054b140004189abc89d7') in 0.0262142 seconds
Start importing Packages/com.unity.shadergraph/Editor/Resources/Styles/CustomSlotLabelField.uss using Guid(07b35fab3034b5b4f92ad33b949d4340) (ScriptedImporter) -> (artifact id: '9acf936f0319520b1ab85aa1dd11897e') in 0.0075968 seconds
Start importing Packages/com.unity.render-pipelines.core/Editor/StyleSheets/RenderGraphViewerDark.uss using Guid(a74acab1c36b3344e95480f4d42afd55) (ScriptedImporter) -> (artifact id: 'f1b52dbc272b25385e35682914ee6beb') in 0.0189881 seconds
Start importing Packages/com.unity.shadergraph/Editor/Resources/Styles/Controls/BooleanSlotControlView.uss using Guid(c72bf0f50e306d944a1e48a2bb299082) (ScriptedImporter) -> (artifact id: '00b1f45bb787816b14d92693a2f86531') in 0.0050633 seconds
Start importing Packages/com.unity.render-pipelines.core/Editor/LookDev/DisplayWindow.uss using Guid(e78887bb3654fde48bc3bc31beb7c7e4) (ScriptedImporter) -> (artifact id: '8c82c45b0604067614d54080a7a46e5a') in 0.0263908 seconds
Start importing Packages/com.unity.shadergraph/Editor/Resources/Styles/InspectorView.uss using Guid(485099284bca84dcfbf9af86eb599f6f) (ScriptedImporter) -> (artifact id: 'cf98658f5ebcad59f2329af5164cead6') in 0.0076093 seconds
Start importing Packages/com.unity.shadergraph/Editor/Resources/Selectable.uss using Guid(58c573829af3c7c44aaf7d3125df048a) (ScriptedImporter) -> (artifact id: 'a3d360625e93a7414fbe882d10e2b17b') in 0.0062235 seconds
Start importing Packages/com.unity.2d.animation/Editor/Assets/SpriteLibraryEditor/SpriteLibraryEditorWindow.uss using Guid(685c184ded89b4284a0869dc09590e85) (ScriptedImporter) -> (artifact id: '981bf6887024391e4a39567469dde820') in 0.0192255 seconds
Start importing Packages/com.unity.shadergraph/Editor/Resources/Styles/Controls/MultiFloatControlView.uss using Guid(88a2f14704b95c04489527404f433249) (ScriptedImporter) -> (artifact id: 'd84d892f0ad2755ed7f5981dd019f3fe') in 0.0099142 seconds
Start importing Packages/com.unity.shadergraph/Editor/Resources/Styles/Controls/EnumControlView.uss using Guid(98e35cb4631356142bd2f27a5a31543e) (ScriptedImporter) -> (artifact id: 'a7747c0e90036eb1ca52208b1107869d') in 0.0192366 seconds
Start importing Packages/com.unity.shadergraph/Editor/Resources/Styles/GraphEditorView.uss using Guid(c8974112dad54614f894afd0042d3a60) (ScriptedImporter) -> (artifact id: '605144deb9021887d808fe875681d0db') in 0.0280894 seconds
Start importing Packages/com.unity.shadergraph/Editor/Resources/Styles/Controls/MultiFloatSlotControlView.uss using Guid(191128023ec19d143b9328a73ff33d8c) (ScriptedImporter) -> (artifact id: '1d616813e314174ade26ec9fef502dbb') in 0.0066569 seconds
Start importing Packages/com.unity.shadergraph/Editor/Resources/StickyNote.uss using Guid(49f440ce949d5b944bccdfef70f2aca7) (ScriptedImporter) -> (artifact id: '255291656c04f04341e96ced4079172a') in 0.0248744 seconds
Start importing Packages/com.unity.shadergraph/Editor/Resources/Styles/NodeSettings.uss using Guid(59bba4c88ab5f464d9a8f51088561c48) (ScriptedImporter) -> (artifact id: '4e1e17e479d801be67c3d03c099f12d4') in 0.0177415 seconds
Start importing Packages/com.unity.2d.sprite/Editor/SpriteEditor/SpriteEditorHintPopup/SpriteEditorHintPopup.uss using Guid(69524ff72550482dbe2ad3ae26b7f797) (ScriptedImporter) -> (artifact id: 'a876e06940064008fd457306e23448d4') in 0.0138126 seconds
Start importing Packages/com.unity.shadergraph/Editor/Resources/Styles/Controls/TextureSlotControlView.uss using Guid(69d9130ff4b1d8847904bf9579adc7e0) (ScriptedImporter) -> (artifact id: '41e5feba403726b7a08ea17562c196d6') in 0.0102472 seconds
Start importing Packages/com.unity.shadergraph/Editor/Resources/Styles/Controls/UVSlotControlView.uss using Guid(79edeef1474952e41b017ad4ac812f5e) (ScriptedImporter) -> (artifact id: 'ee869cf43ac9a305f84a3ac58ac4ce34') in 0.0069132 seconds
Start importing Packages/com.unity.shadergraph/Editor/Resources/Styles/Controls/ChannelMixerControlView.uss using Guid(99d6d41531ec36841953987e7ae78317) (ScriptedImporter) -> (artifact id: 'c57b5b981798c244b2b2b144547f7070') in 0.0174248 seconds
Start importing Packages/com.unity.2d.animation/Editor/Assets/SkinningModule/WeightPainterPanelStyle.uss using Guid(b94e074c751075841957558677e2e60e) (ScriptedImporter) -> (artifact id: 'e97c7742c142c53ccab89938c86709af') in 0.0216379 seconds
Start importing Packages/com.unity.shadergraph/Editor/Resources/Styles/MaterialGraphView.uss using Guid(c95091ab1e1b926498a5938a7d0e1ef6) (ScriptedImporter) -> (artifact id: 'd919af0d66287bac0807af717cd796a6') in 0.0173984 seconds
Start importing Packages/com.unity.shadergraph/Editor/Resources/Styles/ColorMode.uss using Guid(d9a970c4d408c408b888ee0caa8403eb) (ScriptedImporter) -> (artifact id: '3505e0f12844f80daa3a70c096e41a73') in 0.0141654 seconds
Start importing Packages/com.unity.shadergraph/Editor/Resources/Styles/PropertyRow.uss using Guid(2af887df8cf23de4f9bf550f4e917c18) (ScriptedImporter) -> (artifact id: 'dd70f56617e5ad860cd130f697cd265b') in 0.0283786 seconds
Start importing Packages/com.unity.2d.animation/Editor/Assets/SkinningModule/GenerateGeometryPanelStyle.uss using Guid(3a255b868cdf39a4494f59819f0ff29e) (ScriptedImporter) -> (artifact id: '1ecd00c9e63fe418b0900a4bc3c9063f') in 0.0188528 seconds
Start importing Packages/com.unity.shadergraph/Editor/Resources/Styles/Controls/ToggleControlView.uss using Guid(8a80fd0ae214be84187160e65df52a8c) (ScriptedImporter) -> (artifact id: 'b2780de8278e27f5d11c3fb850cee2f9') in 0.0095074 seconds
Start importing Packages/com.unity.2d.animation/Editor/Assets/SkinningModule/PivotInspectorPanelStyle.uss using Guid(ca98e2335e48a4619be9fef24dbb4fd1) (ScriptedImporter) -> (artifact id: 'fc3a1cbf70ab2231b7258970802d1671') in 0.0134192 seconds
Start importing Packages/com.unity.shadergraph/Editor/Resources/Styles/Controls/MultiIntegerSlotControlView.uss using Guid(da559d27fc411114ab78e3561b55270a) (ScriptedImporter) -> (artifact id: '6bc7ad337cb1cc357393d42e5d7fd1e3') in 0.0243311 seconds
Start importing Packages/com.unity.shadergraph/Editor/Resources/Styles/Controls/ColorControlView.uss using Guid(4b038bc8dced2a440bc294aeff20a4ac) (ScriptedImporter) -> (artifact id: 'ee2bf1923ba5c78352836c5e287a345f') in 0.0098365 seconds
Start importing Packages/com.unity.render-pipelines.core/Editor/StyleSheets/HelpButton.uss using Guid(4b3af3115f6d00b41a5655ef26d54683) (ScriptedImporter) -> (artifact id: '842599868af38f0fff89dfc612a23dce') in 0.030384 seconds
Start importing Packages/com.unity.render-pipelines.core/Editor/StyleSheets/RenderGraphViewerLight.uss using Guid(8bf46326c944b984c9084f09aef9b2e2) (ScriptedImporter) -> (artifact id: '6c5a7e65808626c54033b3482f44a2d1') in 0.0232131 seconds
Start importing Packages/com.unity.2d.animation/Editor/Assets/SkinningModule/BoneReparentStyle.uss using Guid(bba2f5e225fa49144a222787bfb6bcdf) (ScriptedImporter) -> (artifact id: '35f9c3007eacf4b4f6dccb8df86effe4') in 0.0067427 seconds
Start importing Packages/com.unity.shadergraph/Editor/Resources/Styles/PortInputView.uss using Guid(1cea6b2114919574aac870488908a2e0) (ScriptedImporter) -> (artifact id: 'c16b5bd369df7b125d81fde0a04e73bb') in 0.0193217 seconds
Start importing Packages/com.unity.2d.animation/Editor/Assets/SkinningModule/VisibilityTool.uss using Guid(3cb521b5cc4956f4a9018b9e357aa680) (ScriptedImporter) -> (artifact id: '179fd4c8ea7acdf5cb0698aff25bf4d4') in 0.0429823 seconds
Start importing Packages/com.unity.2d.animation/Editor/Assets/LayoutOverlay/LayoutOverlayStyle.uss using Guid(4cb62f324c9e68643acade726b44b815) (ScriptedImporter) -> (artifact id: '98b695aa1246fef976cb5dc9383329a4') in 0.0230714 seconds
Start importing Packages/com.unity.2d.sprite/Editor/UI/SpriteEditor/SpriteFrameCapabilityWindow.uss using Guid(6c7e9115f7d147358afe5f37134801db) (ScriptedImporter) -> (artifact id: 'f82459a1218bc2f353c85f24d4dcf086') in 0.0123947 seconds
Start importing Packages/com.unity.render-pipelines.core/Editor/LookDev/DisplayWindow-PersonalSkin.uss using Guid(7c95237923780ad4683f959f53629b60) (ScriptedImporter) -> (artifact id: 'c412e87127dbc10f41d22cfdcd66c74e') in 0.0112978 seconds
Start importing Packages/com.unity.shadergraph/Editor/Resources/Styles/PropertySheet.uss using Guid(acd20f0eca2b65544b43e657d5d713fe) (ScriptedImporter) -> (artifact id: '8af279a3ea610168609b6f3658e21591') in 0.0176945 seconds
Start importing Packages/com.unity.render-pipelines.core/Editor/LookDev/Inspectors.uss using Guid(ac4993c3b6160894d896820a9648ff4d) (ScriptedImporter) -> (artifact id: '3620b1f98fe563c5fac382294a435773') in 0.0198319 seconds
Start importing Packages/com.unity.inputsystem/InputSystem/Editor/UITKAssetEditor/PackageResources/InputAssetEditorDark.uss using Guid(cca9ce0c8554d5244930f14c21489ac1) (ScriptedImporter) -> (artifact id: 'a79f506b22a43e808ef2bf3b298d63f7') in 0.0088067 seconds
Start importing Packages/com.unity.render-pipelines.core/Editor/StyleSheets/HeaderFoldoutLight.uss using Guid(dc364c42ee0194a4cace7e9e86e0b9dc) (ScriptedImporter) -> (artifact id: 'a951e11d1432587c40a737871203053c') in 0.0073064 seconds
Start importing Packages/com.unity.shadergraph/Editor/Resources/Styles/Controls/ChannelEnumMaskControlView.uss using Guid(1db7b9bf1f9186d44ba7fefd3bc715c6) (ScriptedImporter) -> (artifact id: '4c5f37661ca2c215340b30f06aac7a58') in 0.0116953 seconds
Start importing Packages/com.unity.searcher/Editor/Resources/Searcher.uss using Guid(4deaa574907fd7647ab0d5bff0e9ba24) (ScriptedImporter) -> (artifact id: '0624555bfcf1d2684c4968f50ae6d250') in 0.0243339 seconds
Start importing Packages/com.unity.2d.animation/Editor/Assets/SpriteSwap/SpriteSwapOverlay.uss using Guid(5d0f1086030a4bc4a6d184421673afdf) (ScriptedImporter) -> (artifact id: '29af11387c5ed9a855ee0a89c398ab87') in 0.0263348 seconds
Start importing Packages/com.unity.inputsystem/InputSystem/Editor/UITKAssetEditor/PackageResources/InputActionsEditorStyles.uss using Guid(7dac9c49a90bca4499371d0adc9b617b) (ScriptedImporter) -> (artifact id: 'bd622fa5a8e3d1103c17fa8e7ad4c4df') in 0.0123164 seconds
Start importing Packages/com.unity.shadergraph/Editor/Resources/Styles/Controls/Texture3DSlotControlView.uss using Guid(8d40f6518d8654aa4bf083cc5897f8ee) (ScriptedImporter) -> (artifact id: 'e7c001583b7927f9fa757c8435216c3b') in 0.0156001 seconds
Start importing Packages/com.unity.shadergraph/Editor/Resources/Styles/Controls/GradientControlView.uss using Guid(8d3443495105d4166996158d4b321c21) (ScriptedImporter) -> (artifact id: '337aa3b600c0851442716e945c79bb82') in 0.0074516 seconds
Start importing Packages/com.unity.shadergraph/Editor/Resources/Styles/Controls/ChannelEnumControlView.uss using Guid(8dfac6eef2d89e8428c7a79b147413db) (ScriptedImporter) -> (artifact id: '92aed5d1a6df9ca02e7752463472e07a') in 0.0164847 seconds
Start importing Packages/com.unity.render-pipelines.core/Editor/StyleSheets/VolumeEditor.uss using Guid(cd410e8cdc0119a46a753f48e79c8d07) (ScriptedImporter) -> (artifact id: '2d76d9c80f9b22fc75ccf2ccac51910a') in 0.0251916 seconds
Start importing Packages/com.unity.render-pipelines.universal/Editor/2D/LightBatchingDebugger/LightBatchingDebugger.uss using Guid(fd5cb3dd3de574f1585db92b6689f86a) (ScriptedImporter) -> (artifact id: 'bc5e6f2e1409f425b7a02b3c454110ed') in 0.0149337 seconds
Start importing Packages/com.unity.2d.sprite/Editor/UI/SpriteEditor/SpriteEditor.uss using Guid(fd3d7c275a0958b4fa0f26a0ee9b8481) (ScriptedImporter) -> (artifact id: '8592e386af34c4fc520113dc5ec7b5c7') in 0.0355279 seconds
Start importing Packages/com.unity.render-pipelines.core/Editor/StyleSheets/HeaderFoldoutDark.uss using Guid(2e54b39aedaf3ae4a866b97489135739) (ScriptedImporter) -> (artifact id: '000a66323aa54b1ab4053003d7df2066') in 0.0167297 seconds
Start importing Packages/com.unity.inputsystem/InputSystem/Editor/UITKAssetEditor/PackageResources/InputAssetEditorLight.uss using Guid(5e7024ed0fd03984289320d04507bc0c) (ScriptedImporter) -> (artifact id: '1c7cf91e025b94da0d536c96bbd12830') in 0.0345739 seconds
Start importing Packages/com.unity.render-pipelines.core/Editor/Controls/ToggleDropdown.uss using Guid(5ff83f8997b534409b1595a0ea6750db) (ScriptedImporter) -> (artifact id: '536bd9935e798df1b0fc1e539ffde5d7') in 0.0259292 seconds
Start importing Packages/com.unity.shadergraph/Editor/Resources/Styles/Controls/ColorRGBSlotControlView.uss using Guid(5f9f1162b05e46646805842469135609) (ScriptedImporter) -> (artifact id: '4910006b62e24cd8d3e130570b15f99f') in 0.0087146 seconds
Start importing Packages/com.unity.2d.animation/Editor/Assets/SpriteLibraryEditor/GridView.uss using Guid(8f78074488a7540c1892cee9c9b90549) (ScriptedImporter) -> (artifact id: '5de4a74c476024a7861b2cee05e584fe') in 0.0100001 seconds
Start importing Packages/com.unity.render-pipelines.universal/Editor/Converter/converter_widget.uss using Guid(8f9ac38644e5f664ab13b4b78f1f3faa) (ScriptedImporter) -> (artifact id: '7f1b8be9de84ca74130f9b8798ec6ee3') in 0.0098018 seconds
Start importing Packages/com.unity.render-pipelines.core/Editor/StyleSheets/RenderGraphViewer.uss using Guid(cf3ac3446e9c4333b9d16ece5c21317d) (ScriptedImporter) -> (artifact id: 'ae156739f73f18efd16752288a187157') in 0.0540901 seconds
Start importing Packages/com.unity.render-pipelines.core/Editor/UXML/RenderGraphViewer.uxml using Guid(00387952e4f43ec45a9084e579a44e4e) (ScriptedImporter) -> (artifact id: 'd8e7eb14bc314915acaf37254e2fe027') in 0.1343673 seconds
Start importing Packages/com.unity.inputsystem/InputSystem/Editor/UITKAssetEditor/PackageResources/ControlSchemeEditor.uxml using Guid(303ef5b13740f9a4db252c50122d2c62) (ScriptedImporter) -> (artifact id: '5700908b0f3340d048929796dfc0ef01') in 0.0454855 seconds
Start importing Packages/com.unity.shadergraph/Editor/Resources/UXML/Blackboard/SGBlackboardRow.uxml using Guid(5029c7a42d2731a4599f3f85f37ea5a9) (ScriptedImporter) -> (artifact id: '61148a2d9c22b4b073fdcca8e0377c45') in 0.0186256 seconds
Start importing Packages/com.unity.2d.animation/Editor/Assets/AssetUpgrader/AssetUpgrader.uxml using Guid(a0573d1ee775943adb00717b348bf967) (ScriptedImporter) -> (artifact id: 'e062d29fcb27187a781c5d21038721f1') in 0.0194943 seconds
Start importing Packages/com.unity.render-pipelines.universal/Editor/Converter/converter_widget_item.uxml using Guid(c04b8c76151329e42929df320c5901fe) (ScriptedImporter) -> (artifact id: 'c0cf4919cfb9b3d296a4fe390ca32f51') in 0.009797 seconds
Start importing Packages/com.unity.render-pipelines.core/Editor/UXML/DefaultVolumeProfileEditor.uxml using Guid(d0b4821bb729cd24fbbe0af5feaa73ab) (ScriptedImporter) -> (artifact id: 'd963a46701c0998903c4666106515a2c') in 0.0074234 seconds
Start importing Packages/com.unity.2d.sprite/Editor/UI/SpriteEditor/SpriteFrameModuleInspector.uxml using Guid(d02b5650e6e0b4c45ab18d5a1d1fce97) (ScriptedImporter) -> (artifact id: '74608210170ee2a1b3c6c17d4f89fd84') in 0.017628 seconds
Start importing Packages/com.unity.2d.animation/Editor/Assets/SkinningModule/MeshToolbar.uxml using Guid(e085ef9f44efb404ca5462391539bf32) (ScriptedImporter) -> (artifact id: '1ef2cf27e59164df9d55f9ae844ab86e') in 0.0203815 seconds
Start importing Packages/com.unity.2d.animation/Editor/Assets/SkinningModule/BoneToolbar.uxml using Guid(c1808a8a0e94621468b171839da19a41) (ScriptedImporter) -> (artifact id: '031425f04ab04d6f338558a65d591687') in 0.0086617 seconds
Start importing Packages/com.unity.2d.animation/Editor/Assets/SkinningModule/BoneReparentWindow.uxml using Guid(d195aed64b2027a4197eb33df30324a3) (ScriptedImporter) -> (artifact id: 'bd7c76e2810f4293772b99f503f05083') in 0.0090006 seconds
Start importing Packages/com.unity.2d.sprite/Editor/UI/SpriteEditor/SpriteOutlineToolOverlayPanel.uxml using Guid(822efcfdd5f5a45e99513239c9c1859f) (ScriptedImporter) -> (artifact id: '6fbd8030178e9efda246d9c3a0887f4f') in 0.0237702 seconds
Start importing Packages/com.unity.2d.animation/Editor/Assets/SpriteLibraryEditor/EditorTabHeader.uxml using Guid(a48b87fa919cc4fc1aa9c3d6b8ec5831) (ScriptedImporter) -> (artifact id: 'c94b82bf9346b4656bf12b0574da810e') in 0.0208815 seconds
Start importing Packages/com.unity.2d.animation/Editor/Assets/SpriteLibraryEditor/LabelsTab.uxml using Guid(a2f920e9797844aedbe4eb4bf4fa83e7) (ScriptedImporter) -> (artifact id: '19521a241c1ceb232b7cc28425720e2f') in 0.0535551 seconds
Start importing Packages/com.unity.2d.animation/Editor/Assets/SpriteLibraryEditor/EditorBottomToolbar.uxml using Guid(b2ba942b7d73347e898626debe5e7afa) (ScriptedImporter) -> (artifact id: '7dcc1d951f003cb57032ea3f3ae183ac') in 0.007981 seconds
Start importing Packages/com.unity.2d.animation/Editor/Assets/SpriteLibraryEditor/CategoriesTab.uxml using Guid(2354d1435ffcc4b069ec91cefd3da64d) (ScriptedImporter) -> (artifact id: 'fb56290853db8f6f7c1778e3d878b6a4') in 0.0089742 seconds
Start importing Packages/com.unity.render-pipelines.core/Editor/UXML/VolumeEditor.uxml using Guid(d367e3b92ff05ac4eb99950f44cc0333) (ScriptedImporter) -> (artifact id: '722f3b15d8641525029114c396cdfbfb') in 0.0212923 seconds
Start importing Packages/com.unity.shadergraph/Editor/Resources/UXML/Blackboard/SGBlackboardField.uxml using Guid(f339e526c7fc4e14daae8819172de9de) (ScriptedImporter) -> (artifact id: 'c47715ed5fd2ab5ec308a256ba521d69') in 0.0091059 seconds
Start importing Packages/com.unity.inputsystem/InputSystem/Editor/UITKAssetEditor/PackageResources/BindingPanelRowTemplate.uxml using Guid(449c8e5ca27af8e4a9db710c8be5e4df) (ScriptedImporter) -> (artifact id: 'a3b521dd6761db86b783ceaecd439479') in 0.0104316 seconds
Start importing Packages/com.unity.2d.animation/Editor/Assets/SpriteLibraryEditor/EditorMainWindow.uxml using Guid(05f0e88295177435592ac5ba24fb98ef) (ScriptedImporter) -> (artifact id: 'b37a372b66f9723f5e3186aba4bc3c39') in 0.0186824 seconds
Start importing Packages/com.unity.2d.animation/Editor/Assets/SpriteLibraryEditor/EditorTopToolbar.uxml using Guid(179ad99a9938c40dc984df75d6c14f3b) (ScriptedImporter) -> (artifact id: '53f69c78e1c589b0dc2daa9c92098337') in 0.0158956 seconds
Start importing Packages/com.unity.2d.animation/Editor/Assets/SpriteLibraryEditor/SpriteLibraryEditorWindow.uxml using Guid(9409e019e8a3d467694747cb45b13abb) (ScriptedImporter) -> (artifact id: '697969429abbec1373e5538d972ea72b') in 0.0191605 seconds
Start importing Packages/com.unity.shadergraph/Editor/Resources/UXML/StickyNote.uxml using Guid(d4cc9867eee425f4dac7d5bb91f07845) (ScriptedImporter) -> (artifact id: '24b0ff726825109c3320dc3ad1050d37') in 0.0119863 seconds
Start importing Packages/com.unity.inputsystem/InputSystem/Editor/UITKAssetEditor/PackageResources/InputActionsTreeViewItem.uxml using Guid(452df07a8ad0c944c879a484d5890e61) (ScriptedImporter) -> (artifact id: '09e998a385759e2f652bbcec9b3bddaa') in 0.0125654 seconds
Start importing Packages/com.unity.inputsystem/InputSystem/Editor/UITKAssetEditor/PackageResources/InputActionsProjectSettings.uxml using Guid(75a33987e21d5ac449deecea3dcd864f) (ScriptedImporter) -> (artifact id: '53b86f76886831405dbbfdb811bbe19d') in 0.0127771 seconds
Start importing Packages/com.unity.render-pipelines.universal/Editor/2D/LightBatchingDebugger/LayerBatch.uxml using Guid(754a67c6d4788447895a4349508b2f37) (ScriptedImporter) -> (artifact id: 'b7a139d13d897bb8f79b6409601a713f') in 0.0074298 seconds
Start importing Packages/com.unity.2d.animation/Editor/Assets/LayoutOverlay/LayoutOverlay.uxml using Guid(46c8e0bde8bfa5a4eadb9b33d3543bcd) (ScriptedImporter) -> (artifact id: 'b288552d33e61c002e4db648e3630dfd') in 0.0652785 seconds
Start importing Packages/com.unity.inputsystem/InputSystem/Editor/UITKAssetEditor/PackageResources/InputActionsEditor.uxml using Guid(c662e0d3cc3c4f948808f9847f715ef2) (ScriptedImporter) -> (artifact id: 'cb70e7f8ee423c93322cc877ccc7302d') in 0.0185716 seconds
Start importing Packages/com.unity.2d.animation/Editor/Assets/SkinningModule/GenerateGeometryPanel.uxml using Guid(d62df6d8cd1bb504dbae262bb6d6efe6) (ScriptedImporter) -> (artifact id: '6fcadfe9424e064dde6c69e4920371d1') in 0.0103187 seconds
Start importing Packages/com.unity.2d.animation/Editor/Assets/SkinningModule/GenerateWeightsPanel.uxml using Guid(676867f8653a3ec40a598ba3ccea79c6) (ScriptedImporter) -> (artifact id: '0601720355816b842ab274d239669fd7') in 0.0093172 seconds
Start importing Packages/com.unity.shadergraph/Editor/Resources/UXML/NodeSettings.uxml using Guid(b70651993c98eda43810c32b7416a21b) (ScriptedImporter) -> (artifact id: 'cb187fee3f297a5f2c29dd5b14d162b0') in 0.0063357 seconds
Start importing Packages/com.unity.render-pipelines.universal/Editor/Converter/converter_editor.uxml using Guid(c700399f2adb2504dac99f1139d658f3) (ScriptedImporter) -> (artifact id: '818b0dc4a250e733b0975c99d28c20cf') in 0.0484634 seconds
Start importing Packages/com.unity.2d.animation/Editor/Assets/SkinningModule/RigToolbar.uxml using Guid(c759b46e19574f558cedb72dff2e9530) (ScriptedImporter) -> (artifact id: '234d1192e0710aec78bab0df698fb8d4') in 0.0070353 seconds
Start importing Packages/com.unity.render-pipelines.universal/Editor/Converter/converter_widget.uxml using Guid(3893b5ea9974b9549aefa44bd1b99e24) (ScriptedImporter) -> (artifact id: '95e9a559d81eb2be663d597157bbda69') in 0.0099508 seconds
Start importing Packages/com.unity.shadergraph/Editor/Resources/UXML/HeatmapValuesEditor.uxml using Guid(781e1a409e314b1fb13e3605a69680ba) (ScriptedImporter) -> (artifact id: '3599c7c5eb66c71ba856f274a399b17f') in 0.0062665 seconds
Start importing Packages/com.unity.shadergraph/Editor/Resources/UXML/Blackboard/SGBlackboardCategory.uxml using Guid(98cf1ee902c59944796b97562a34faee) (ScriptedImporter) -> (artifact id: '13b419df47d183aab614e9f73740bc8a') in 0.0058102 seconds
Start importing Packages/com.unity.render-pipelines.core/Editor/UXML/RenderPipelineGlobalSettings.uxml using Guid(d8d5beb40e5c9f94f95d805868251329) (ScriptedImporter) -> (artifact id: 'f4962dedc208ecaeaf9fc4161aa84f9f') in 0.0067197 seconds
Start importing Packages/com.unity.2d.animation/Editor/Assets/SkinningModule/PoseToolbar.uxml using Guid(d89864f098e249e580aae20c6fb9f317) (ScriptedImporter) -> (artifact id: '64e6e4432d8b7248234a165fdfc2b470') in 0.007085 seconds
Start importing Packages/com.unity.searcher/Editor/Resources/SearcherItem.uxml using Guid(793d6318ba59ca94381b936836fe697d) (ScriptedImporter) -> (artifact id: 'ebfd34e43daf41668f383c09823c1e67') in 0.0057409 seconds
Start importing Packages/com.unity.searcher/Editor/Resources/SearcherWindow.uxml using Guid(da37dcca55e437b4a9eeebff722ad51f) (ScriptedImporter) -> (artifact id: '0545bbbc3140f6b3fa3af5c8688237ba') in 0.0058925 seconds
Start importing Packages/com.unity.2d.animation/Editor/Assets/SkinningModule/BoneInspectorPanel.uxml using Guid(1b45e34b5d565204db1307b88755e76d) (ScriptedImporter) -> (artifact id: '757524176a0ed0639aed9bedcc0db9cf') in 0.008942 seconds
Start importing Packages/com.unity.inputsystem/InputSystem/Editor/UITKAssetEditor/PackageResources/CompositeBindingPropertiesEditor.uxml using Guid(2bd2d0548382d58489e8c2999daf4139) (ScriptedImporter) -> (artifact id: '7ce01f5375573877f3fbc9fef0e49c31') in 0.0083337 seconds
Start importing Packages/com.unity.2d.animation/Editor/Assets/SkinningModule/PastePanel.uxml using Guid(7bbb98f319252794fab775275aa2632d) (ScriptedImporter) -> (artifact id: '5cabde18b107ba07bcfec939e28ef0ba') in 0.008525 seconds
Start importing Packages/com.unity.render-pipelines.universal/Editor/Converter/converter_widget_main.uxml using Guid(9b40f22c604c94f438696f75a42873eb) (ScriptedImporter) -> (artifact id: '4825aa6a4e73b22ebe75b27c9bdbc13d') in 0.0118389 seconds
Start importing Packages/com.unity.2d.animation/Editor/Assets/SkinningModule/VisibilityToolbar.uxml using Guid(2cea33b1d0032174c8833d64fbf31529) (ScriptedImporter) -> (artifact id: '7b6404667c5b40f0f46df0904a265d24') in 0.0056192 seconds
Start importing Packages/com.unity.2d.animation/Editor/Assets/SkinningModule/VisibilityToolWindow.uxml using Guid(7c5cb5d0bb89666419fa44a3e64ed366) (ScriptedImporter) -> (artifact id: 'cbdb70236a2f0397861da9233c06a410') in 0.0083529 seconds
Start importing Packages/com.unity.inputsystem/InputSystem/Editor/UITKAssetEditor/PackageResources/NameAndParameterListViewItemTemplate.uxml using Guid(9cbd73d51dc491b4888055ae65cd9545) (ScriptedImporter) -> (artifact id: '537888fe235d7d648dd261ad5004e0c9') in 0.0056581 seconds
Start importing Packages/com.unity.inputsystem/InputSystem/Editor/UITKAssetEditor/PackageResources/CompositePartBindingPropertiesEditor.uxml using Guid(acfae125fa5d7904987a696b3993d432) (ScriptedImporter) -> (artifact id: 'a81dad3c503e4f5664610ba89ac87e82') in 0.0055672 seconds
Start importing Packages/com.unity.2d.animation/Editor/Assets/SkinningModule/WeightToolbar.uxml using Guid(ccf751df7bd10e14db670d1353e02ea0) (ScriptedImporter) -> (artifact id: 'e7d88a482c093f525f9b578ac83fd1e1') in 0.0080786 seconds
Start importing Packages/com.unity.shadergraph/Editor/Resources/UXML/GraphInspector.uxml using Guid(dcf0e02f89cf7c848a22002b79ce27d3) (ScriptedImporter) -> (artifact id: '0ff947f4ba236492ca1a83bc1b378df8') in 0.0081495 seconds
Start importing Packages/com.unity.2d.animation/Editor/Assets/SkinningModule/PivotInspectorPanel.uxml using Guid(0d841f054a46c40bc878c70ce26a2c2a) (ScriptedImporter) -> (artifact id: '47e2416fc84b6f64af9080004c7d7cca') in 0.0064235 seconds
Start importing Packages/com.unity.2d.animation/Editor/Assets/SkinningModule/InfluenceWindow.uxml using Guid(5d2935f038257c44998f9aeec57d2ae7) (ScriptedImporter) -> (artifact id: '007e06f90be1d76f9d2713e94486a1f8') in 0.0067909 seconds
Start importing Packages/com.unity.2d.sprite/Editor/UI/SpriteEditor/PolygonChangeShapeWindow.uxml using Guid(ad9baf3ac3e35c948bf6a50e91e91473) (ScriptedImporter) -> (artifact id: '3f9434ce7d7620d9413bb74bae387d9f') in 0.0065426 seconds
Start importing Packages/com.unity.2d.sprite/Editor/UI/SpriteEditor/SpriteFrameCapabilityWindow.uxml using Guid(dde790a688b0426aa8b203f14ba9ced2) (ScriptedImporter) -> (artifact id: 'adfc03c8b096302d49cb028dce39496f') in 0.0061742 seconds
Start importing Packages/com.unity.shadergraph/Editor/Resources/UXML/GraphSubWindow.uxml using Guid(2e461625111c0354980fca534f771ff3) (ScriptedImporter) -> (artifact id: 'eced7603c028e531741dff5fbadd6c2e') in 0.0058355 seconds
Start importing Packages/com.unity.shadergraph/Editor/Resources/UXML/Blackboard/SGBlackboard.uxml using Guid(4ee4ce39889d8db4d8c49aa84772cd12) (ScriptedImporter) -> (artifact id: 'fa3b63e2dc1fee34e9358b462fb55d09') in 0.0061765 seconds
Start importing Packages/com.unity.2d.animation/Editor/Assets/SkinningModule/WeightPainterPanel.uxml using Guid(6e9568834ba2b2c44af4e3876cee0d2d) (ScriptedImporter) -> (artifact id: '9f247ae2c83be1131d6cdc013364765b') in 0.0089614 seconds
Start importing Packages/com.unity.shadergraph/Editor/Resources/UXML/Resizable.uxml using Guid(8ec4570e052fbb34bbe8d52d99e76d07) (ScriptedImporter) -> (artifact id: '7315dcf3e35b6cd691aa9bc3cba3548c') in 0.0072372 seconds
Start importing Packages/com.unity.2d.sprite/Editor/SpriteEditor/SpriteEditorHintPopup/SpriteEditorHintPopup.uxml using Guid(8e9ebe2fdfb2403ea7d41196ab5ad791) (ScriptedImporter) -> (artifact id: '52bfdd732fc126450d2a38f8b4fb0f6e') in 0.0085943 seconds
Start importing Packages/com.unity.shadergraph/Editor/Resources/UXML/PixelCacheProfiler.uxml using Guid(0fda1aff5a5744478f70542e95fd3d42) (ScriptedImporter) -> (artifact id: '4164f35cb97b0e75ae1b66c66e086b69') in 0.0080887 seconds
Start importing Packages/com.unity.shadergraph/Editor/Resources/UXML/UITKMasterNodePreview.uxml using Guid(1f8dc278ca660e145a487c8b93679c62) (ScriptedImporter) -> (artifact id: 'ca08c36a48cc40638605d38311c7a5f7') in 0.0091251 seconds
Start importing Packages/com.unity.inputsystem/InputSystem/Editor/UITKAssetEditor/PackageResources/InputActionMapsTreeViewItem.uxml using Guid(3fa44185ed614414ebab354dfe5a06b6) (ScriptedImporter) -> (artifact id: 'bc47d18968390dbbc10e6ae23265f2f1') in 0.0073529 seconds
Start importing Packages/com.unity.render-pipelines.universal/Editor/2D/LightBatchingDebugger/LightBatchingDebugger.uxml using Guid(7f54b2764826949c192810bd3944abcc) (ScriptedImporter) -> (artifact id: '236a7f9228cae94feb6574b935033f2a') in 0.0118389 seconds
Shader 'Universal Render Pipeline/Terrain/Lit': dependency 'AddPassShader' shader 'Hidden/Universal Render Pipeline/Terrain/Lit (Add Pass)' not found
Shader 'Universal Render Pipeline/Terrain/Lit': dependency 'BaseMapShader' shader 'Hidden/Universal Render Pipeline/Terrain/Lit (Base Pass)' not found
Shader 'Universal Render Pipeline/Terrain/Lit': dependency 'BaseMapGenShader' shader 'Hidden/Universal Render Pipeline/Terrain/Lit (Basemap Gen)' not found
WARNING: Shader Unsupported: 'Universal Render Pipeline/Terrain/Lit' - All subshaders removed
WARNING: Shader Did you use #pragma only_renderers and omit this platform?
WARNING: Shader If subshaders removal was intentional, you may have forgotten turning Fallback off?
WARNING: Shader Unsupported: 'Universal Render Pipeline/Terrain/Lit' - All subshaders removed
WARNING: Shader Did you use #pragma only_renderers and omit this platform?
WARNING: Shader If subshaders removal was intentional, you may have forgotten turning Fallback off?
Shader 'Hidden/Terrain/Terrain Standard 4 Layers URP': dependency 'AddPassShader' shader 'Hidden/Hidden/Terrain/Terrain Standard 4 Layers URP_AddPass' not found
Shader 'Hidden/Terrain/Terrain Standard 4 Layers URP': dependency 'BaseMapGenShader' shader 'Hidden/Hidden/Terrain/Terrain Standard 4 Layers URP_BaseMapGen' not found
Shader 'Hidden/Terrain/Terrain Standard 4 Layers URP': dependency 'BaseMapShader' shader 'Hidden/Universal Render Pipeline/Terrain/Lit (Base Pass)' not found
Shader 'Hidden/Terrain/Terrain Simple': dependency 'AddPassShader' shader 'Hidden/Hidden/Terrain/Terrain Simple_AddPass' not found
Shader 'Hidden/Terrain/Terrain Simple': dependency 'BaseMapGenShader' shader 'Hidden/Hidden/Terrain/Terrain Simple_BaseMapGen' not found
Shader 'Hidden/Terrain/Terrain Simple': dependency 'BaseMapShader' shader 'Hidden/Universal Render Pipeline/Terrain/Lit (Base Pass)' not found
Shader 'Universal Render Pipeline/Nature/SpeedTree7': dependency 'BillboardShader' shader 'Universal Render Pipeline/Nature/SpeedTree7 Billboard' not found
WARNING: Shader Unsupported: 'Hidden/Universal Render Pipeline/Terrain/Lit (Base Pass)' - All subshaders removed
WARNING: Shader Did you use #pragma only_renderers and omit this platform?
WARNING: Shader If subshaders removal was intentional, you may have forgotten turning Fallback off?
WARNING: Shader Unsupported: 'Hidden/Universal Render Pipeline/Terrain/Lit (Base Pass)' - All subshaders removed
WARNING: Shader Did you use #pragma only_renderers and omit this platform?
WARNING: Shader If subshaders removal was intentional, you may have forgotten turning Fallback off?
Start importing Packages/com.unity.render-pipelines.core/Runtime/RenderPipelineResources/Mesh/SamplesFixture.fbx using Guid(b28fa67a0ff82c5478f27368dc627683) (FBXImporter) -> (artifact id: 'fe2471b1a1fde477d714f6100ee9dd84') in 0.0356128 seconds
Start importing Packages/com.unity.render-pipelines.core/Runtime/RenderPipelineResources/Mesh/SamplesFloorSpotlight.fbx using Guid(1dbf28c1bb322474d981b2dc555e28b0) (FBXImporter) -> (artifact id: 'b53b28e1c6f33809859d1700e9095a4c') in 0.04272 seconds
[Licensing::Client] Successfully resolved entitlement details
[Licensing::Module] License group:
  Id: F4-99BH-9QMP-CCW5-HN7U-XXXX
  Product: Unity Personal
  Type: ULF
  Expiration: 2026-09-24T16:37:05Z
[Licensing::Module] License group:
  Id: ewogICJzdWJzR3JvdXAiIDogInVuaXR5IGVkaXRvciIsCiAgIm5hbWVzcGFjZSIgOiAidW5pdHlfZWRpdG9yIiwKICAidHlwZSIgOiAiRURJVE9SIiwKICAidGFnIiA6ICJVbml0eVBlcnNvbmFsXXXX
  Product: Unity Personal Version
  Type: Assigned
  Expiration: Unlimited
Refreshing native plugins compatible for Editor in 1.47 ms, found 4 plugins.
Preloading 0 native plugins for Editor in 0.00 ms.
Asset Pipeline Refresh (id=1d29579435d4ab845bfe33768068fc82): Total: 72.647 seconds - Initiated by InitialRefreshV2(ForceSynchronousImport)
	Summary:
		Imports: total=3774 (actual=3774, local cache=0, cache server=0)
		Asset DB Process Time: managed=1494 ms, native=53241 ms
		Asset DB Callback time: managed=1358 ms, native=12370 ms
		Scripting: domain reloads=1, domain reload time=1155 ms, compile time=2979 ms, other=46 ms
		Project Asset Count: scripts=1008, non-scripts=2764
		Asset File Changes: new=7952, changed=7952, moved=0, deleted=0
		Scan Filter Count: 0
	InvokeCustomDependenciesCallbacks: 0.002ms
	InvokePackagesCallback: 7791.159ms
	ApplyChangesToAssetFolders: 0.721ms
	Scan: 1049.850ms
	OnSourceAssetsModified: 56.604ms
	CategorizeAssetsWithTransientArtifact: 38.100ms
	ProcessAssetsWithTransientArtifactChanges: 70.166ms
	CategorizeAssets: 85.650ms
	ImportOutOfDateAssets: 53257.577ms (1678.634ms without children)
		ImportManagerImport: 48586.005ms (1095.045ms without children)
			ImportInProcess: 47454.795ms
			UpdateCategorizedAssets: 36.165ms
		CompileScripts: 2978.808ms
		ReloadNativeAssets: 0.065ms
		UnloadImportedAssets: 3.272ms
		ReloadImportedAssets: 1.058ms
		EnsureUptoDateAssetsAreRegisteredWithGuidPM: 1.034ms
		InitializingProgressBar: 0.015ms
		PostProcessAllAssetNotificationsAddChangedAssets: 0.002ms
		OnDemandSchedulerStart: 8.683ms
	PostProcessAllAssets: 6072.286ms
	Hotreload: 5.853ms
	GatherAllCurrentPrimaryArtifactRevisions: 0.270ms
	UnloadStreamsBegin: 3.914ms
	PersistCurrentRevisions: 5.389ms
	UnloadStreamsEnd: 0.429ms
	GenerateScriptTypeHashes: 3.288ms
	Untracked: 4208.940ms

Application.AssetDatabase Initial Refresh End
Scanning for USB devices : 2.493ms
Initializing Unity extensions:
[Licensing::Client] Successfully resolved entitlement details
[Licensing::Module] License group:
  Id: F4-99BH-9QMP-CCW5-HN7U-XXXX
  Product: Unity Personal
  Type: ULF
  Expiration: 2026-09-24T16:37:05Z
[Licensing::Module] License group:
  Id: ewogICJzdWJzR3JvdXAiIDogInVuaXR5IGVkaXRvciIsCiAgIm5hbWVzcGFjZSIgOiAidW5pdHlfZWRpdG9yIiwKICAidHlwZSIgOiAiRURJVE9SIiwKICAidGFnIiA6ICJVbml0eVBlcnNvbmFsXXXX
  Product: Unity Personal Version
  Type: Assigned
  Expiration: Unlimited
Unloading 394 Unused Serialized files (Serialized files now loaded: 0)
[Licensing::Client] Successfully resolved entitlement details
[Licensing::Module] License group:
  Id: F4-99BH-9QMP-CCW5-HN7U-XXXX
  Product: Unity Personal
  Type: ULF
  Expiration: 2026-09-24T16:37:05Z
[Licensing::Module] License group:
  Id: ewogICJzdWJzR3JvdXAiIDogInVuaXR5IGVkaXRvciIsCiAgIm5hbWVzcGFjZSIgOiAidW5pdHlfZWRpdG9yIiwKICAidHlwZSIgOiAiRURJVE9SIiwKICAidGFnIiA6ICJVbml0eVBlcnNvbmFsXXXX
  Product: Unity Personal Version
  Type: Assigned
  Expiration: Unlimited
Unloading 4631 unused Assets / (14.1 MB). Loaded Objects now: 5901.
Memory consumption went from 383.3 MB to 369.2 MB.
Total: 41.814800 ms (FindLiveObjects: 0.513100 ms CreateObjectMapping: 0.484800 ms MarkObjects: 25.718400 ms  DeleteObjects: 15.096500 ms)

[LAYOUT] About to load UserSettings\Layouts\default-6000.dwlt, keepMainWindow=False
[LAYOUT] About to save layout F:\天命之子\client\UserSettings\Layouts\default-6000.dwlt
[LAYOUT] About to save layout C:/Users/Administrator/AppData/Roaming/Unity/Editor-5.x/Preferences\Layouts\current\default-6000.dwlt
[MODES] ModeService[default].InitializeCurrentMode
[MODES] ModeService[default].RaiseModeChanged(default, default)
This project uses Input Manager, which is marked for deprecation. To manage input in your project, use the <a href="https://docs.unity3d.com/Packages/com.unity.inputsystem@latest">Input System package</a> instead.
[NATURAL-PLAY] game view portrait index=7
UnityEngine.Debug:ExtractStackTraceNoAlloc (byte*,int,string)
UnityEngine.StackTraceUtility:ExtractStackTrace ()
UnityEngine.DebugLogHandler:Internal_Log (UnityEngine.LogType,UnityEngine.LogOption,string,UnityEngine.Object)
UnityEngine.DebugLogHandler:LogFormat (UnityEngine.LogType,UnityEngine.Object,string,object[])
UnityEngine.Logger:Log (UnityEngine.LogType,object)
UnityEngine.Debug:Log (object)
Resonance.EditorTools.NaturalPlaySmoke:FocusPortraitGameView () (at Assets/Editor/Smoke/NaturalPlaySmoke.cs:247)
Resonance.EditorTools.NaturalPlaySmoke:TryEnterPlay () (at Assets/Editor/Smoke/NaturalPlaySmoke.cs:196)
Resonance.EditorTools.NaturalPlaySmoke:RequestRun (string) (at Assets/Editor/Smoke/NaturalPlaySmoke.cs:133)
Resonance.EditorTools.NaturalPlaySmoke:CliAuto () (at Assets/Editor/Smoke/NaturalPlaySmoke.cs:77)

(Filename: Assets/Editor/Smoke/NaturalPlaySmoke.cs Line: 247)

[NATURAL-PLAY] entering play mode
UnityEngine.Debug:ExtractStackTraceNoAlloc (byte*,int,string)
UnityEngine.StackTraceUtility:ExtractStackTrace ()
UnityEngine.DebugLogHandler:Internal_Log (UnityEngine.LogType,UnityEngine.LogOption,string,UnityEngine.Object)
UnityEngine.DebugLogHandler:LogFormat (UnityEngine.LogType,UnityEngine.Object,string,object[])
UnityEngine.Logger:Log (UnityEngine.LogType,object)
UnityEngine.Debug:Log (object)
Resonance.EditorTools.NaturalPlaySmoke:TryEnterPlay () (at Assets/Editor/Smoke/NaturalPlaySmoke.cs:197)
Resonance.EditorTools.NaturalPlaySmoke:RequestRun (string) (at Assets/Editor/Smoke/NaturalPlaySmoke.cs:133)
Resonance.EditorTools.NaturalPlaySmoke:CliAuto () (at Assets/Editor/Smoke/NaturalPlaySmoke.cs:77)

(Filename: Assets/Editor/Smoke/NaturalPlaySmoke.cs Line: 197)

[Project] Loading completed in 93.258 seconds
	Project init time: 				87.386 seconds
		Template init time: 		0.000 seconds
		Package Manager init time: 		1.352 seconds
		Asset Database init time: 		8.470 seconds
		Global illumination init time: 	0.014 seconds
		Assemblies load time: 			1.498 seconds
		Unity extensions init time: 	0.007 seconds
		Asset Database refresh time: 	72.647 seconds
	Scene opening time: 			5.088 seconds
##utp:{"type":"ProjectInfo","version":2,"phase":"Immediate","time":1789400315849,"processId":43128,"projectLoad":93.2581552,"projectInit":87.3864157,"templateInit":0.0,"packageManagerInit":1.3517083,"assetDatabaseInit":8.4695868,"globalIlluminationInit":0.0135051,"assembliesLoad":1.4984676,"unityExtensionsInit":0.0069019,"assetDatabaseRefresh":72.6471397,"sceneOpening":5.088141}
##utp:{"type":"EditorInfo","version":2,"phase":"Immediate","time":1789400315849,"processId":43128,"editorVersion":"6000.3.23f1 (09d2ecc7fb28)","branch":"6000.3/staging","buildType":"Release","platform":"Windows"}
[Licensing::Client] Successfully resolved entitlement details
[Licensing::Module] License group:
  Id: F4-99BH-9QMP-CCW5-HN7U-XXXX
  Product: Unity Personal
  Type: ULF
  Expiration: 2026-09-24T16:37:05Z
[Licensing::Module] License group:
  Id: ewogICJzdWJzR3JvdXAiIDogInVuaXR5IGVkaXRvciIsCiAgIm5hbWVzcGFjZSIgOiAidW5pdHlfZWRpdG9yIiwKICAidHlwZSIgOiAiRURJVE9SIiwKICAidGFnIiA6ICJVbml0eVBlcnNvbmFsXXXX
  Product: Unity Personal Version
  Type: Assigned
  Expiration: Unlimited
Reloading assemblies for play mode.
Reloading assemblies after forced synchronous recompile.
Begin MonoManager ReloadAssembly
- Loaded All Assemblies, in  0.967 seconds
Refreshing native plugins compatible for Editor in 1.92 ms, found 4 plugins.
Missing types referenced from component UniversalRenderPipelineGlobalSettings on game object UniversalRenderPipelineGlobalSettings:
	UnityEngine.PathTracing.Core.WorldRenderPipelineResources, Unity.PathTracing.Runtime (1 object)
Native extension for Android target not found
Native extension for WindowsStandalone target not found
ScheduleIndexationOnStartup MainProcess:True IndexOnStartup:True
[MODES] ModeService[none].Initialize
[MODES] ModeService[none].LoadModes
Mono: successfully reloaded assembly
- Finished resetting the current domain, in  2.171 seconds
Domain Reload Profiling: 3132ms
	BeginReloadAssembly (626ms)
		ExecutionOrderSort (0ms)
		DisableScriptedObjects (112ms)
		BackupInstance (0ms)
		ReleaseScriptingObjects (0ms)
		CreateAndSetChildDomain (289ms)
	RebuildCommonClasses (53ms)
	RebuildNativeTypeToScriptingClass (18ms)
	initialDomainReloadingComplete (41ms)
	LoadAllAssembliesAndSetupDomain (222ms)
		LoadAssemblies (190ms)
		RebuildTransferFunctionScriptingTraits (0ms)
		AnalyzeDomain (184ms)
			TypeCache.Refresh (6ms)
				TypeCache.ScanAssembly (0ms)
			BuildScriptInfoCaches (137ms)
			ResolveRequiredComponents (37ms)
	FinalizeReload (2172ms)
		ReleaseScriptCaches (0ms)
		RebuildScriptCaches (0ms)
		SetupLoadedEditorAssemblies (881ms)
			LogAssemblyErrors (0ms)
			InitializePlatformSupportModulesInManaged (46ms)
			SetLoadedEditorAssemblies (4ms)
			BeforeProcessingInitializeOnLoad (190ms)
			ProcessInitializeOnLoadAttributes (536ms)
			ProcessInitializeOnLoadMethodAttributes (91ms)
			AfterProcessingInitializeOnLoad (13ms)
			EditorAssembliesLoaded (0ms)
		ExecutionOrderSort2 (0ms)
		AwakeInstancesAfterBackupRestoration (776ms)
Asset Pipeline Refresh (id=f07559597a2aae3459b59a08571de105): Total: 3.340 seconds - Initiated by StopAssetImportingV2(ForceSynchronousImport | ForceDomainReload)
	Summary:
		Imports: total=0 (actual=0, local cache=0, cache server=0)
		Asset DB Process Time: managed=0 ms, native=2303 ms
		Asset DB Callback time: managed=46 ms, native=0 ms
		Scripting: domain reloads=1, domain reload time=988 ms, compile time=2 ms, other=0 ms
		Project Asset Count: scripts=1008, non-scripts=2764
		Asset File Changes: new=0, changed=0, moved=0, deleted=0
		Scan Filter Count: 0
	InvokeCustomDependenciesCallbacks: 0.001ms
	InvokePackagesCallback: 2.178ms
	ApplyChangesToAssetFolders: 0.294ms
	Scan: 0.001ms
	OnSourceAssetsModified: 0.002ms
	CategorizeAssetsWithTransientArtifact: 0.003ms
	ProcessAssetsWithTransientArtifactChanges: 3.155ms
	CategorizeAssets: 59.068ms
	ImportOutOfDateAssets: 2185.100ms (2165.494ms without children)
		CompileScripts: 1.681ms
		CollectScriptTypesHashes: 13.244ms
		ReloadNativeAssets: 1.023ms
		UnloadImportedAssets: 2.546ms
		EnsureUptoDateAssetsAreRegisteredWithGuidPM: 0.703ms
		InitializingProgressBar: 0.001ms
		PostProcessAllAssetNotificationsAddChangedAssets: 0.001ms
		OnDemandSchedulerStart: 0.408ms
	PostProcessAllAssets: 46.933ms
	GatherAllCurrentPrimaryArtifactRevisions: 0.270ms
	UnloadStreamsBegin: 1.480ms
	PersistCurrentRevisions: 0.149ms
	UnloadStreamsEnd: 0.002ms
	GenerateScriptTypeHashes: 5.154ms
	Untracked: 1041.692ms

Loaded scene 'Temp/__Backupscenes/0.backup'
	Deserialize:            0.816 ms
	Integration:            344.813 ms
	Integration of assets:  0.003 ms
	Thread Wait Time:       0.015 ms
	Total Operation Time:   345.646 ms
EMERALD_LOADED parts=4 vertices=11873 parameters=6
UnityEngine.Debug:ExtractStackTraceNoAlloc (byte*,int,string)
UnityEngine.StackTraceUtility:ExtractStackTrace ()
UnityEngine.DebugLogHandler:Internal_Log (UnityEngine.LogType,UnityEngine.LogOption,string,UnityEngine.Object)
UnityEngine.DebugLogHandler:LogFormat (UnityEngine.LogType,UnityEngine.Object,string,object[])
UnityEngine.Logger:Log (UnityEngine.LogType,object)
UnityEngine.Debug:Log (object)
EmeraldInochi.InochiStandee:Initialize () (at Assets/EmeraldInochi/InochiStandee.cs:94)
EmeraldInochi.InochiStandee:Attach (UnityEngine.Transform) (at Assets/EmeraldInochi/InochiStandee.cs:51)
Resonance.App.EmeraldLobby:TryAttach (UnityEngine.Transform,System.Collections.Generic.List`1<UnityEngine.GameObject>) (at Assets/Scripts/Resonance.App/UI/EmeraldLobby.cs:16)
Resonance.App.GameRoot:DrawHome () (at Assets/Scripts/Resonance.App/Core/GameRoot.cs:442)
Resonance.App.GameRoot:Show (Resonance.App.GameRoot/ScreenId) (at Assets/Scripts/Resonance.App/Core/GameRoot.cs:402)
Resonance.App.GameRoot:<DrawBoot>b__80_0 () (at Assets/Scripts/Resonance.App/Core/GameRoot.cs:432)
Resonance.App.BootSplash/Hold:Update () (at Assets/Scripts/Resonance.App/UI/BootSplash.cs:83)

(Filename: Assets/EmeraldInochi/InochiStandee.cs Line: 94)

[NATURAL-PLAY] game view portrait index=7
UnityEngine.Debug:ExtractStackTraceNoAlloc (byte*,int,string)
UnityEngine.StackTraceUtility:ExtractStackTrace ()
UnityEngine.DebugLogHandler:Internal_Log (UnityEngine.LogType,UnityEngine.LogOption,string,UnityEngine.Object)
UnityEngine.DebugLogHandler:LogFormat (UnityEngine.LogType,UnityEngine.Object,string,object[])
UnityEngine.Logger:Log (UnityEngine.LogType,object)
UnityEngine.Debug:Log (object)
Resonance.EditorTools.NaturalPlaySmoke:FocusPortraitGameView () (at Assets/Editor/Smoke/NaturalPlaySmoke.cs:247)
Resonance.EditorTools.NaturalPlaySmoke:OnPlayMode (UnityEditor.PlayModeStateChange) (at Assets/Editor/Smoke/NaturalPlaySmoke.cs:141)
UnityEditor.EditorApplication:Internal_PlayModeStateChanged (UnityEditor.PlayModeStateChange)

(Filename: Assets/Editor/Smoke/NaturalPlaySmoke.cs Line: 247)

Asset Pipeline Refresh (id=09c6a20de1fec9f409af1e82b48b431c): Total: 0.041 seconds - Initiated by RefreshV2(NoUpdateAssetOptions)
[MODES] ModeService[default].LoadModes
Start Indexing on Editor startup
[Indexing] Starting Initial Indexing for Assets
Created GICache directory at C:/Users/Administrator/AppData/LocalLow/Unity/Caches/GiCache. Took: 0.025s, timestamps: [99.726 - 99.751]
[Licensing::Client] Successfully resolved entitlement details
[Licensing::Client] Successfully resolved entitlement details
Launched and connected shader compiler UnityShaderCompiler.exe after 0.04 seconds
Android Extension - Scanning For ADB Devices 4638 ms
EMERALD_LOADED parts=4 vertices=11873 parameters=6
UnityEngine.Debug:ExtractStackTraceNoAlloc (byte*,int,string)
UnityEngine.StackTraceUtility:ExtractStackTrace ()
UnityEngine.DebugLogHandler:Internal_Log (UnityEngine.LogType,UnityEngine.LogOption,string,UnityEngine.Object)
UnityEngine.DebugLogHandler:LogFormat (UnityEngine.LogType,UnityEngine.Object,string,object[])
UnityEngine.Logger:Log (UnityEngine.LogType,object)
UnityEngine.Debug:Log (object)
EmeraldInochi.InochiStandee:Initialize () (at Assets/EmeraldInochi/InochiStandee.cs:94)
EmeraldInochi.InochiStandee:Attach (UnityEngine.Transform) (at Assets/EmeraldInochi/InochiStandee.cs:51)
Resonance.App.EmeraldLobby:TryAttach (UnityEngine.Transform,System.Collections.Generic.List`1<UnityEngine.GameObject>) (at Assets/Scripts/Resonance.App/UI/EmeraldLobby.cs:16)
Resonance.App.GameRoot:DrawHome () (at Assets/Scripts/Resonance.App/Core/GameRoot.cs:442)
Resonance.App.GameRoot:Show (Resonance.App.GameRoot/ScreenId) (at Assets/Scripts/Resonance.App/Core/GameRoot.cs:402)
Resonance.App.GameRoot:<ToggleBattlePause>b__67_0 () (at Assets/Scripts/Resonance.App/Core/GameRoot.cs:208)
Resonance.App.UiChrome/<>c__DisplayClass18_0:<Hit>b__0 () (at Assets/Scripts/Resonance.App/UI/UiChrome.cs:554)
UnityEngine.Events.InvokableCall:Invoke ()
UnityEngine.Events.UnityEvent:Invoke ()
UnityEngine.UI.Button:Press () (at ./Library/PackageCache/com.unity.ugui@27635d171b1a/Runtime/UGUI/UI/Core/Button.cs:71)
UnityEngine.UI.Button:OnPointerClick (UnityEngine.EventSystems.PointerEventData) (at ./Library/PackageCache/com.unity.ugui@27635d171b1a/Runtime/UGUI/UI/Core/Button.cs:115)
UnityEngine.EventSystems.ExecuteEvents:Execute (UnityEngine.EventSystems.IPointerClickHandler,UnityEngine.EventSystems.BaseEventData) (at ./Library/PackageCache/com.unity.ugui@27635d171b1a/Runtime/UGUI/EventSystem/ExecuteEvents.cs:57)
UnityEngine.EventSystems.ExecuteEvents:Execute<UnityEngine.EventSystems.IPointerClickHandler> (UnityEngine.GameObject,UnityEngine.EventSystems.BaseEventData,UnityEngine.EventSystems.ExecuteEvents/EventFunction`1<UnityEngine.EventSystems.IPointerClickHandler>) (at ./Library/PackageCache/com.unity.ugui@27635d171b1a/Runtime/UGUI/EventSystem/ExecuteEvents.cs:272)
Resonance.App.NaturalPlayRuntime/<PointerAt>d__76:MoveNext () (at Assets/Scripts/Resonance.App/Debug/NaturalPlayRuntime.cs:1258)
UnityEngine.SetupCoroutine:InvokeMoveNext (System.Collections.IEnumerator,intptr)

(Filename: Assets/EmeraldInochi/InochiStandee.cs Line: 94)

[NATURAL-PLAY]
PASS
historical_baseline=DC_RECON_KIT/m1/G2_REVIEW_20260913/artifacts/natural-play/run7
historical_verdict=FAIL BattlePlay missing=Tap,Slide
historical_note=run7 kept as FAIL; this session does not rewrite it to PASS
pointer=UnityEngine.EventSystem
os_touch=NOT_CLAIMED
provenance=DESIGN_PLACEHOLDER
schema=G2R14-NP-1
plan=np.auto.v1
session=np-20260914T153840
battle_ids=np-20260914T153840-001
battle_1=np-20260914T153840-001 scenario=np.auto.v1 stage=NP-AUTO persisted=1 outcome=InProgress digest=a58ebb2577728a48d8605838bd6578c44687d112b977f6ff58076e8761863bda dir=F:\天命之子\client\captures\natural-play\battles\np-20260914T153840-001
catalog=DESIGN_PLACEHOLDER G2R14-NP-1 mode=np.auto.v1+A53_SUB_STRIP_DOT_FLAME sub=A53_SUB_STRIP_DOT_FLAME fights=1 chargeSec=1.25 declaredAutoDriveGain=2 honorDeclared=True tickUnitFloor=Math.Max(14f,DriveGain) until integrator hunk roster=ok
captures=np_01_battle.png,np_11_home.png
screen=Home
title=
drive=94 fever=False ever=False speed=1 auto=Manual outcome=InProgress wave=0

phase	expected	observed	frame	ms
VerificationCatalog	DESIGN_PLACEHOLDER before FIGHT	DESIGN_PLACEHOLDER G2R14-NP-1 mode=np.auto.v1+A53_SUB_STRIP_DOT_FLAME sub=A53_SUB_STRIP_DOT_FLAME fights=1 chargeSec=1.25 declaredAutoDriveGain=2 honorDeclared=True tickUnitFloor=Math.Max(14f,DriveGain) until integrator hunk roster=ok	1	0
HomeVisible	screen=Home	screen=Home	2	6277
TapToStage	tap 关卡	tapped GameRoot/Canvas/首页/关卡	3	6554
StageVisible	screen=Stage	screen=Stage	6	6877
TapStart	tap FIGHT	tapped GameRoot/Canvas/StageBoard/WavePreview/FIGHT	8	8225
BattleVisible	screen=Battle hud=p0	screen=Battle hud=p0 wave=0	18	8351
BattleId	unique battle_id + frozen BattleInitialHeader + RunHeader	id=np-20260914T153840-001 scenario=np.auto.v1 frozen=True header=seed=98113015;rules=g2-patha-2026-09-13;profile=JP_LEGACY_EMPIRICAL;auto=Manual;speed=1;forceNoCrit=0;stage=NP-AUTO;data=g2id1-4b247612fde6977dd6935b20202716cecb4c65baba75593cd4b79142e9cd73a2;party=C001,C007,C010,C003,C005	19	8362
AutoFullTap	tap > MANUAL	tapped GameRoot/Canvas/> MANUAL	21	8526
AutoFullTap	tap > MANUAL	tapped GameRoot/Canvas/> MANUAL	46	8970
AutoFull	Auto=Full via HUD	Auto=Full	61	9277
AutoSkillObserved	auto policy fired (cast/charge)	screen=Battle last=TAP  森语引路者  路引 drive=94 qte=-1 fever=False paused=False speed=1 auto=Full wave=0 outcome=InProgress cmd=seq=12 tick=107 kind=Tap slot=4 source=Auto accepted=True reason=None timing=Bad value=0	283	11588
AutoSubmit	CommandLog Source=Auto skill	screen=Battle last=TAP  森语引路者  路引 drive=94 qte=-1 fever=False paused=False speed=1 auto=Full wave=0 outcome=InProgress cmd=seq=12 tick=107 kind=Tap slot=4 source=Auto accepted=True reason=None timing=Bad value=0	283	11588
AutoManualTap	tap > MANUAL	tapped GameRoot/Canvas/> MANUAL	284	11631
AutoManual	Auto=Manual via HUD	Auto=Manual	294	11924
ExitPause	tap || PAUSE	tapped GameRoot/Canvas/|| PAUSE	295	11979
ExitPause	PauseBoard + Paused	PauseBoard Paused=true	303	12104
ExitHome	tap HOME	tapped GameRoot/Canvas/PauseBoard/HOME	305	12370
HomeReturn	screen=Home	screen=Home	318	12494

--- inputs ---
note natural-play start
note historical_baseline=DC_RECON_KIT/m1/G2_REVIEW_20260913/artifacts/natural-play/run7 verdict=FAIL BattlePlay missing=Tap,Slide (kept; not rewritten)
note pointer=UnityEngine.EventSystem os_touch=NOT_CLAIMED
note plan mode=np.auto.v1 fights=1 provenance=DESIGN_PLACEHOLDER schema=G2R14-NP-1
note catalog DESIGN_PLACEHOLDER G2R14-NP-1 mode=np.auto.v1+A53_SUB_STRIP_DOT_FLAME sub=A53_SUB_STRIP_DOT_FLAME fights=1 chargeSec=1.25 declaredAutoDriveGain=2 honorDeclared=True tickUnitFloor=Math.Max(14f,DriveGain) until integrator hunk roster=ok
note ok VerificationCatalog DESIGN_PLACEHOLDER G2R14-NP-1 mode=np.auto.v1+A53_SUB_STRIP_DOT_FLAME sub=A53_SUB_STRIP_DOT_FLAME fights=1 chargeSec=1.25 declaredAutoDriveGain=2 honorDeclared=True tickUnitFloor=Math.Max(14f,DriveGain) until integrator hunk roster=ok
note ok HomeVisible screen=Home
frame=2 t=6.278 kind=tap pos=289,438 target=none after=battle=null screen=Stage
note ok TapToStage tapped GameRoot/Canvas/首页/关卡
note ok StageVisible screen=Stage
frame=7 t=7.769 kind=tap pos=540,250 target=none after=screen=Battle last=第一波 drive=0 qte=-1 fever=False paused=False speed=1 auto=Manual wave=0 outcome=InProgress
note ok TapStart tapped GameRoot/Canvas/StageBoard/WavePreview/FIGHT
note ok BattleVisible screen=Battle hud=p0 wave=0
note ok BattleId id=np-20260914T153840-001 scenario=np.auto.v1 frozen=True header=seed=98113015;rules=g2-patha-2026-09-13;profile=JP_LEGACY_EMPIRICAL;auto=Manual;speed=1;forceNoCrit=0;stage=NP-AUTO;data=g2id1-4b247612fde6977dd6935b20202716cecb4c65baba75593cd4b79142e9cd73a2;party=C001,C007,C010,C003,C005
note shot np_01_battle.png
frame=20 t=8.503 kind=tap pos=983,1824 target=GameRoot/Canvas/> MANUAL after=screen=Battle last=第一波 drive=0 qte=-1 fever=False paused=False speed=1 auto=Semi wave=0 outcome=InProgress cmd=seq=1 tick=18 kind=SetAuto slot=0 source=Player accepted=True reason=None timing=Bad value=1
note ok AutoFullTap tapped GameRoot/Canvas/> MANUAL
frame=45 t=8.728 kind=tap pos=983,1824 target=GameRoot/Canvas/> MANUAL after=screen=Battle last=SLIDE  森语引路者  棘径加攻 drive=46 qte=-1 fever=False paused=False speed=1 auto=Full wave=0 outcome=InProgress cmd=seq=7 tick=25 kind=SetAuto slot=0 source=Player accepted=True reason=None timing=Bad value=2
note ok AutoFullTap tapped GameRoot/Canvas/> MANUAL
note ok AutoFull Auto=Full
note ok AutoSkillObserved screen=Battle last=TAP  森语引路者  路引 drive=94 qte=-1 fever=False paused=False speed=1 auto=Full wave=0 outcome=InProgress cmd=seq=12 tick=107 kind=Tap slot=4 source=Auto accepted=True reason=None timing=Bad value=0
note ok AutoSubmit screen=Battle last=TAP  森语引路者  路引 drive=94 qte=-1 fever=False paused=False speed=1 auto=Full wave=0 outcome=InProgress cmd=seq=12 tick=107 kind=Tap slot=4 source=Auto accepted=True reason=None timing=Bad value=0
frame=283 t=11.588 kind=tap pos=983,1824 target=GameRoot/Canvas/> MANUAL after=screen=Battle last=TAP  森语引路者  路引 drive=94 qte=-1 fever=False paused=False speed=1 auto=Manual wave=0 outcome=InProgress cmd=seq=13 tick=110 kind=SetAuto slot=0 source=Player accepted=True reason=None timing=Bad value=0
note ok AutoManualTap tapped GameRoot/Canvas/> MANUAL
note ok AutoManual Auto=Manual
note persist np-20260914T153840-001 why=auto-exit status=F:\天命之子\client\captures\natural-play\battles\np-20260914T153840-001 outcome=InProgress digest=6fb84a37189d76a62fe760e85d8612205de285313d903f3a60b45cc0b4ca8755 replay=F:\天命之子\client\captures\natural-play\battles\np-20260914T153840-001\replay.jsonl
frame=294 t=11.924 kind=tap pos=97,1824 target=GameRoot/Canvas/|| PAUSE after=screen=Battle last=TAP  森语引路者  路引 drive=94 qte=-1 fever=False paused=True speed=1 auto=Manual wave=0 outcome=InProgress cmd=seq=14 tick=120 kind=Pause slot=0 source=Player accepted=True reason=None timing=Bad value=0
note ok ExitPause tapped GameRoot/Canvas/|| PAUSE
note ok ExitPause PauseBoard Paused=true
note persist np-20260914T153840-001 why=pre-home status=F:\天命之子\client\captures\natural-play\battles\np-20260914T153840-001 outcome=InProgress digest=a58ebb2577728a48d8605838bd6578c44687d112b977f6ff58076e8761863bda replay=F:\天命之子\client\captures\natural-play\battles\np-20260914T153840-001\replay.jsonl
frame=304 t=12.117 kind=tap pos=238,538 target=none after=screen=Home last=TAP  森语引路者  路引 drive=94 qte=-1 fever=False paused=True speed=1 auto=Manual wave=0 outcome=InProgress cmd=seq=14 tick=120 kind=Pause slot=0 source=Player accepted=True reason=None timing=Bad value=0
note ok ExitHome tapped GameRoot/Canvas/PauseBoard/HOME
note ok HomeReturn screen=Home
note shot np_11_home.png
note persist np-20260914T153840-001 why=quit status=F:\天命之子\client\captures\natural-play\battles\np-20260914T153840-001 outcome=InProgress digest=a58ebb2577728a48d8605838bd6578c44687d112b977f6ff58076e8761863bda replay=F:\天命之子\client\captures\natural-play\battles\np-20260914T153840-001\replay.jsonl

--- frozen battle headers (authoritative) ---
np-20260914T153840-001	seed=98113015;rules=g2-patha-2026-09-13;profile=JP_LEGACY_EMPIRICAL;auto=Manual;speed=1;forceNoCrit=0;stage=NP-AUTO;data=g2id1-4b247612fde6977dd6935b20202716cecb4c65baba75593cd4b79142e9cd73a2;party=C001,C007,C010,C003,C005

--- live RunHeader (current GameRoot.Battle; may be fight 2) ---
seed=98113015;rules=g2-patha-2026-09-13;profile=JP_LEGACY_EMPIRICAL;auto=Manual;speed=1;forceNoCrit=0;stage=NP-AUTO;data=g2id1-739d8b44874327aba5cc7bbf1de521bdd7e524983b1452f749fcacbf4d40f054;party=C001,C007,C010,C003,C005

--- live CommandLog (current GameRoot.Battle; per-fight files are authoritative) ---
seq=1 tick=18 kind=SetAuto slot=0 source=Player accepted=True reason=None timing=Bad value=1
seq=2 tick=25 kind=Tap slot=0 source=Auto accepted=True reason=None timing=Bad value=0
seq=3 tick=25 kind=Tap slot=1 source=Auto accepted=True reason=None timing=Bad value=0
seq=4 tick=25 kind=Slide slot=2 source=Auto accepted=True reason=None timing=Bad value=0
seq=5 tick=25 kind=Tap slot=3 source=Auto accepted=True reason=None timing=Bad value=0
seq=6 tick=25 kind=Slide slot=4 source=Auto accepted=True reason=None timing=Bad value=0
seq=7 tick=25 kind=SetAuto slot=0 source=Player accepted=True reason=None timing=Bad value=2
seq=8 tick=107 kind=Slide slot=0 source=Auto accepted=True reason=None timing=Bad value=0
seq=9 tick=107 kind=Tap slot=1 source=Auto accepted=True reason=None timing=Bad value=0
seq=10 tick=107 kind=Tap slot=2 source=Auto accepted=True reason=None timing=Bad value=0
seq=11 tick=107 kind=Tap slot=3 source=Auto accepted=True reason=None timing=Bad value=0
seq=12 tick=107 kind=Tap slot=4 source=Auto accepted=True reason=None timing=Bad value=0
seq=13 tick=110 kind=SetAuto slot=0 source=Player accepted=True reason=None timing=Bad value=0
seq=14 tick=120 kind=Pause slot=0 source=Player accepted=True reason=None timing=Bad value=0

--- reflection (read-only) ---
BattleSim.CommandLog (public, read-only)
BattleSim.RunHeader() (read-only)
UnityEngine.Debug:ExtractStackTraceNoAlloc (byte*,int,string)
UnityEngine.StackTraceUtility:ExtractStackTrace ()
UnityEngine.DebugLogHandler:Internal_Log (UnityEngine.LogType,UnityEngine.LogOption,string,UnityEngine.Object)
UnityEngine.DebugLogHandler:LogFormat (UnityEngine.LogType,UnityEngine.Object,string,object[])
UnityEngine.Logger:Log (UnityEngine.LogType,object)
UnityEngine.Debug:Log (object)
Resonance.App.NaturalPlayRuntime:WriteAndQuit (bool) (at Assets/Scripts/Resonance.App/Debug/NaturalPlayRuntime.cs:1608)
Resonance.App.NaturalPlayRuntime:Pass () (at Assets/Scripts/Resonance.App/Debug/NaturalPlayRuntime.cs:1529)
Resonance.App.NaturalPlayRuntime/<Run>d__43:MoveNext () (at Assets/Scripts/Resonance.App/Debug/NaturalPlayRuntime.cs:277)
UnityEngine.SetupCoroutine:InvokeMoveNext (System.Collections.IEnumerator,intptr)

(Filename: Assets/Scripts/Resonance.App/Debug/NaturalPlayRuntime.cs Line: 1608)

Unloading 22 Unused Serialized files (Serialized files now loaded: 0)
Loaded scene 'Temp/__Backupscenes/0.backup'
	Deserialize:            0.582 ms
	Integration:            166.275 ms
	Integration of assets:  0.002 ms
	Thread Wait Time:       0.017 ms
	Total Operation Time:   166.876 ms
Unloading 116 unused Assets / (17.6 MB). Loaded Objects now: 6051.
Memory consumption went from 385.8 MB to 368.2 MB.
Total: 18.279400 ms (FindLiveObjects: 0.344300 ms CreateObjectMapping: 0.194800 ms MarkObjects: 11.978800 ms  DeleteObjects: 5.759900 ms)

[Licensing::Client] Successfully resolved entitlement details
[Licensing::Module] License group:
  Id: F4-99BH-9QMP-CCW5-HN7U-XXXX
  Product: Unity Personal
  Type: ULF
  Expiration: 2026-09-24T16:37:05Z
[Licensing::Module] License group:
  Id: ewogICJzdWJzR3JvdXAiIDogInVuaXR5IGVkaXRvciIsCiAgIm5hbWVzcGFjZSIgOiAidW5pdHlfZWRpdG9yIiwKICAidHlwZSIgOiAiRURJVE9SIiwKICAidGFnIiA6ICJVbml0eVBlcnNvbmFsXXXX
  Product: Unity Personal Version
  Type: Assigned
  Expiration: Unlimited
Starting new worker id: 0 with log in F:/天命之子/client/Logs/AssetImportWorker0.log
Android Extension - Scanning For ADB Devices 2328 ms
Starting new worker id: 1 with log in F:/天命之子/client/Logs/AssetImportWorker1.log
Starting new worker id: 2 with log in F:/天命之子/client/Logs/AssetImportWorker2.log
[NATURAL-PLAY] quitting editor after result pass=True
UnityEngine.Debug:ExtractStackTraceNoAlloc (byte*,int,string)
UnityEngine.StackTraceUtility:ExtractStackTrace ()
UnityEngine.DebugLogHandler:Internal_Log (UnityEngine.LogType,UnityEngine.LogOption,string,UnityEngine.Object)
UnityEngine.DebugLogHandler:LogFormat (UnityEngine.LogType,UnityEngine.Object,string,object[])
UnityEngine.Logger:Log (UnityEngine.LogType,object)
UnityEngine.Debug:Log (object)
Resonance.EditorTools.NaturalPlaySmoke:QuitIfDone () (at Assets/Editor/Smoke/NaturalPlaySmoke.cs:226)
Resonance.EditorTools.NaturalPlaySmoke:Poll () (at Assets/Editor/Smoke/NaturalPlaySmoke.cs:171)
UnityEditor.EditorApplication:Internal_CallUpdateFunctions ()

(Filename: Assets/Editor/Smoke/NaturalPlaySmoke.cs Line: 226)

[LAYOUT] About to save layout F:\天命之子\client\UserSettings\Layouts\default-6000.dwlt
[LAYOUT] About to save layout C:/Users/Administrator/AppData/Roaming/Unity/Editor-5.x/Preferences\Layouts\current\default-6000.dwlt
Killing ADB server in 2.0420919 seconds.
Input System module state changed to: ShutdownInProgress.
Input System polling thread exited.
Input System module state changed to: Shutdown.
[Physics::Module] Cleanup current backend.
[Physics::Module] Id: 0xf2b8ea05
[Licensing::IpcConnector] LicenseClient-Administrator-notifications channel disconnected successfully.
[Licensing::IpcConnector] LicenseClient-Administrator channel disconnected successfully.
AcceleratorClientConnectionCallback - disconnected - :0
Cleanup mono
Checking for leaked weakptr:
  Found no leaked weakptrs.
[Package Manager] Server process was shutdown
Internal: There are remaining Allocations on the JobTempAlloc. This is a leak, and will impact performance
To Debug, run app with -diag-job-temp-memory-leak-validation cmd line argument. This will output the callstacks of the leaked allocations.
Internal: There are remaining Allocations on the JobTempAlloc. This is a leak, and will impact performance
To Debug, run app with -diag-job-temp-memory-leak-validation cmd line argument. This will output the callstacks of the leaked allocations.
##utp:{"type":"MemoryLeaks","version":2,"phase":"Immediate","time":1789400334836,"processId":43128,"allocatedMemory":29780480,"memoryLabels":[{"Default":29313},{"Permanent":15236},{"NewDelete":433129},{"Thread":4237960},{"Manager":821728},{"VertexData":8},{"Geometry":816},{"Texture":296},{"Shader":131865},{"Material":24},{"GfxDevice":57928},{"Animation":392},{"Audio":2664},{"Font":10264623},{"FreeType":456835},{"FontEngine":736},{"Physics":2146},{"Physics2D":16},{"Serialization":199047},{"Input":14984},{"JobScheduler":33024},{"TextLib":16120},{"Mono":32},{"MonoCode":184},{"ScriptingNativeRuntime":155060},{"BaseObject":1872832},{"Resource":1336},{"Renderer":3000},{"Transform":4685},{"File":47792},{"WebCam":616},{"Culling":32},{"Terrain":11394},{"Wind":24},{"STL":40},{"String":1580103},{"DynamicArray":109945},{"HashMap":161122},{"Utility":2661041},{"Curl":48},{"PoolAlloc":2296},{"AI":80},{"TypeTree":13861},{"ScriptManager":512},{"RuntimeInitializeOnLoadManager":64},{"SpriteAtlas":112},{"GI":7792},{"Director":8240},{"CloudService":518656},{"WebRequest":552},{"VR":47994},{"SceneManager":504},{"Video":208},{"LazyScriptCache":32},{"NativeArray":9768},{"Camera":17},{"Secure":2377},{"Image":16384},{"SerializationCache":1576},{"APIUpdating":10320},{"Subsystems":336},{"VirtualTexturing":57888},{"StaticSafetyDebugInfo":278528},{"Analytics":464},{"Hierarchy":608},{"CoreStats":13112},{"Identifiers":6480},{"Gui":237},{"EditorUtility":521795},{"VersionControl":4},{"Undo":947},{"AssetDatabase":4884163},{"EditorGi":328},{"UnityConnect":29344},{"Upm":1896},{"AssetCompliance":64},{"DrivenProperties":72},{"LocalIPC":219},{"ProfilerEditor":9746},{"CoreBusinessMetrics":3504},{"Licensing":1264},{"AssetReference":32},{"IPCStream":32}]}
