[Licensing::Module] Trying to connect to existing licensing client channel...
Built from '6000.3/staging' branch; Version is '6000.3.23f1 (09d2ecc7fb28) revision 643820'; Using compiler version '194234433'; Build Type 'Release'
[Licensing::IpcConnector] Channel LicenseClient-Administrator doesn't exist
OS: 'Windows 11  (10.0.26200) Professional' Language: 'zh' Physical Memory: 32581 MB
BatchMode: 0, IsHumanControllingUs: 1, StartBugReporterOnCrash: 1, Is64bit: 1
System  architecture: x64
Process architecture: x64
Date: 2026-09-20T06:20:20Z
[Licensing::Module] Successfully launched the LicensingClient (PId: 34820)
[Licensing::IpcConnector] Successfully connected to: "LicenseClient-Administrator" at "2026-09-20T06:20:21.3072632Z"
[Licensing::Client] Code 10 while verifying Licensing Client signature (process Id: 34820, path: "D:/Unity/Hub/Editor/6000.3.23f1/Editor/Data/Resources/Licensing/Client/Unity.Licensing.Client.exe")
[Licensing::Module] LicensingClient has failed validation; ignoring

COMMAND LINE ARGUMENTS:
D:\Unity\Hub\Editor\6000.3.23f1\Editor\Unity.exe
-projectPath
F:\Resonance\client
-logFile
F:\天命之子\DC_RECON_KIT\m1\REVIEW_350e3b6\artifacts\natural-play\20260920T062020-np_basic_v1\editor.log
Successfully changed project path to: F:\Resonance\client
F:/Resonance/client
[UnityMemory] Configuration Parameters - Can be set up in boot.config
    "memorysetup-temp-allocator-size-nav-mesh-worker=65536"
    "memorysetup-temp-allocator-size-audio-worker=65536"
    "memorysetup-temp-allocator-size-gfx=262144"
    "memorysetup-allocator-temp-initial-block-size-main=262144"
    "memorysetup-allocator-temp-initial-block-size-worker=262144"
    "memorysetup-temp-allocator-size-background-worker=32768"
    "memorysetup-temp-allocator-size-job-worker=262144"
    "memorysetup-temp-allocator-size-preload-manager=33554432"
    "memorysetup-remapper-allocator-initial-capacity=32768"
    "memorysetup-temp-allocator-size-gi-baking-worker=262144"
    "memorysetup-temp-allocator-size-gi-baking-worker=262144"
    "memorysetup-temp-allocator-size-gi-baking-worker=262144"
    "memorysetup-temp-allocator-size-gi-baking-worker=262144"
    "memorysetup-temp-allocator-size-gi-baking-worker=262144"
    "memorysetup-bucket-allocator-granularity=16"
    "memorysetup-bucket-allocator-bucket-count=8"
    "memorysetup-bucket-allocator-block-size=33554432"
    "memorysetup-bucket-allocator-block-count=8"
    "memorysetup-main-allocator-block-size=16777216"
    "memorysetup-thread-allocator-block-size=16777216"
    "memorysetup-gfx-main-allocator-block-size=16777216"
    "memorysetup-gfx-thread-allocator-block-size=16777216"
    "memorysetup-cache-allocator-block-size=4194304"
    "memorysetup-typetree-allocator-block-size=2097152"
    "memorysetup-profiler-bucket-allocator-granularity=16"
    "memorysetup-profiler-bucket-allocator-bucket-count=8"
    "memorysetup-profiler-bucket-allocator-block-size=33554432"
    "memorysetup-profiler-bucket-allocator-block-count=8"
    "memorysetup-profiler-allocator-block-size=16777216"
    "memorysetup-profiler-editor-allocator-block-size=1048576"
    "memorysetup-temp-allocator-size-main=16777216"
    "memorysetup-job-temp-allocator-block-size=2097152"
    "memorysetup-job-temp-allocator-block-size-background=1048576"
    "memorysetup-job-temp-allocator-reduction-small-platforms=262144"
    "memorysetup-temp-allocator-size-cloud-worker=32768"
Player connection [27288]  Target information:

Player connection [27288]  * "[IP] 192.168.1.54 [Port] 55504 [Flags] 2 [Guid] 663379855 [EditorId] 663379855 [Version] 1048832 [Id] WindowsEditor(7,DESKTOP-AKI3LSA) [Debug] 1 [PackageName] WindowsEditor [ProjectName] Editor" 

Player connection [27288]  * "[IP] 172.23.112.1 [Port] 55504 [Flags] 2 [Guid] 663379855 [EditorId] 663379855 [Version] 1048832 [Id] WindowsEditor(7,DESKTOP-AKI3LSA) [Debug] 1 [PackageName] WindowsEditor [ProjectName] Editor" 

Player connection [27288]  * "[IP] 198.18.0.1 [Port] 55504 [Flags] 2 [Guid] 663379855 [EditorId] 663379855 [Version] 1048832 [Id] WindowsEditor(7,DESKTOP-AKI3LSA) [Debug] 1 [PackageName] WindowsEditor [ProjectName] Editor" 

Player connection [27288] Host joined multi-casting on [225.0.0.222:54997]...
Player connection [27288] Host joined alternative multi-casting on [225.0.0.222:34997]...
Input System module state changed to: Initialized.
[Physics::Module] Initialized fallback backend.
[Physics::Module] Id: 0xdecafbad
[Package Manager] Connected to IPC stream "Upm-23488" after 0.3 seconds.
[Licensing::Module] Licensing is not yet initialized.
[Licensing::Client] Handshaking with LicensingClient:
  Version:                 1.18.3+d7ffd15
  Session Id:              0dc70686f106443383b125d635ac3506
  Correlation Id:          72e6e9c1d4aafe9ef5814ecd291044a8
  External correlation Id: 8754550779292472060
  Machine Id:              2I/XDZsLcGAfRljEGy76IATF7BI=
[Licensing::Module] Successfully connected to LicensingClient on channel: "LicenseClient-Administrator" (connect: 0.57s, validation: 0.46s, handshake: 0.09s)
[Licensing::IpcConnector] Successfully connected to: "LicenseClient-Administrator-notifications" at "2026-09-20T06:20:21.8587722Z"
[Licensing::Module] Connected to LicensingClient (PId: 34820, launch time: 0.03, total connection time: 1.12s)
[Licensing::Module] Error: Access token is unavailable; failed to update
[Licensing::Client] Successfully resolved entitlement details
[Licensing::Module] License group:
  Id: F4-99BH-9QMP-CCW5-HN7U-XXXX
  Product: Unity Personal
  Type: ULF
  Expiration: 2026-09-28T04:51:23Z
[Licensing::Module] License group:
  Id: ewogICJzdWJzR3JvdXAiIDogInVuaXR5IGVkaXRvciIsCiAgIm5hbWVzcGFjZSIgOiAidW5pdHlfZWRpdG9yIiwKICAidHlwZSIgOiAiRURJVE9SIiwKICAidGFnIiA6ICJVbml0eVBlcnNvbmFsXXXX
  Product: Unity Personal Version
  Type: Assigned
  Expiration: Unlimited
[Licensing::Client] Successfully updated license, isAsync: True, time: 0.01
[Licensing::Client] Successfully resolved entitlement details
[Licensing::Module] License group:
  Id: F4-99BH-9QMP-CCW5-HN7U-XXXX
  Product: Unity Personal
  Type: ULF
  Expiration: 2026-09-28T04:51:23Z
[Licensing::Module] License group:
  Id: ewogICJzdWJzR3JvdXAiIDogInVuaXR5IGVkaXRvciIsCiAgIm5hbWVzcGFjZSIgOiAidW5pdHlfZWRpdG9yIiwKICAidHlwZSIgOiAiRURJVE9SIiwKICAidGFnIiA6ICJVbml0eVBlcnNvbmFsXXXX
  Product: Unity Personal Version
  Type: Assigned
  Expiration: Unlimited
[Licensing::Module] Licensing Background thread has ended after 1.20s
[Licensing::Module] Licensing is initialized (took 0.07s).
[Licensing::Client] Successfully resolved entitlement details
[Licensing::Module] License group:
  Id: F4-99BH-9QMP-CCW5-HN7U-XXXX
  Product: Unity Personal
  Type: ULF
  Expiration: 2026-09-28T04:51:23Z
[Licensing::Module] License group:
  Id: ewogICJzdWJzR3JvdXAiIDogInVuaXR5IGVkaXRvciIsCiAgIm5hbWVzcGFjZSIgOiAidW5pdHlfZWRpdG9yIiwKICAidHlwZSIgOiAiRURJVE9SIiwKICAidGFnIiA6ICJVbml0eVBlcnNvbmFsXXXX
  Product: Unity Personal Version
  Type: Assigned
  Expiration: Unlimited
Library Redirect Path: Library/
[Physics::Module] Selected backend.
[Physics::Module] Name: PhysX
[Physics::Module] Id: 0xf2b8ea05
[Physics::Module] SDK Version: 4.1.2
[Physics::Module] Integration Version: 1.0.0
[Physics::Module] Threading Mode: Multi-Threaded
Artifact Garbage Collection - Removed 2 unused hashed content files
Refreshing native plugins compatible for Editor in 1.67 ms, found 3 plugins.
Preloading 0 native plugins for Editor in 0.00 ms.
Initialize engine version: 6000.3.23f1 (09d2ecc7fb28)
[Subsystems] Discovering subsystems at path D:/Unity/Hub/Editor/6000.3.23f1/Editor/Data/Resources/UnitySubsystems
[Subsystems] Discovering subsystems at path F:/Resonance/client/Assets
[D3D12 Device Filter] Vendor Name: NVIDIA
[D3D12 Device Filter] Device Name: NVIDIA GeForce RTX 4060 Ti
[D3D12 Device Filter] Driver Version: 32.0.16.1047
[D3D12 Device Filter] Feature Level: 12.2
[D3D12 Device Filter] Graphics Memory: 7949 MB
[D3D12 Device Filter] Processor Count: 16
[D3D12 Device Filter] Device Type: Discrete
GfxDevice: creating device client; kGfxThreadingModeSplitJobs
d3d12: failed to query info queue interface (0x80004002).
Direct3D:
    Version:         Direct3D 12 [level 12.2]
    Renderer:        NVIDIA GeForce RTX 4060 Ti (ID=0x2803)
    Vendor:          NVIDIA
    VRAM:            7949 MB
    App VRAM Budget: 7181 MB
    Driver:          32.0.16.1047
Initialize mono
Mono path[0] = 'D:/Unity/Hub/Editor/6000.3.23f1/Editor/Data/Managed'
Mono path[1] = 'D:/Unity/Hub/Editor/6000.3.23f1/Editor/Data/MonoBleedingEdge/lib/mono/unityjit-win32'
Mono config path = 'D:/Unity/Hub/Editor/6000.3.23f1/Editor/Data/MonoBleedingEdge/etc'
Using monoOptions --debugger-agent=transport=dt_socket,embedding=1,server=y,suspend=n,address=127.0.0.1:56488
Using cacheserver namespaces - metadata:defaultmetadata, artifacts:defaultartifacts
Using cacheserver namespaces - metadata:defaultmetadata, artifacts:defaultartifacts
ImportWorker Server TCP listen port: 0
AcceleratorClientConnectionCallback - disconnected - :0
Begin MonoManager ReloadAssembly
Registering precompiled unity dll's ...
Register platform support module: D:/Unity/Hub/Editor/6000.3.23f1/Editor/Data/PlaybackEngines/WindowsStandaloneSupport/UnityEditor.WindowsStandalone.Extensions.dll
[Licensing::Client] Successfully resolved entitlement details
[Licensing::Module] License group:
  Id: F4-99BH-9QMP-CCW5-HN7U-XXXX
  Product: Unity Personal
  Type: ULF
  Expiration: 2026-09-28T04:51:23Z
[Licensing::Module] License group:
  Id: ewogICJzdWJzR3JvdXAiIDogInVuaXR5IGVkaXRvciIsCiAgIm5hbWVzcGFjZSIgOiAidW5pdHlfZWRpdG9yIiwKICAidHlwZSIgOiAiRURJVE9SIiwKICAidGFnIiA6ICJVbml0eVBlcnNvbmFsXXXX
  Product: Unity Personal Version
  Type: Assigned
  Expiration: Unlimited
Register platform support module: D:/Unity/Hub/Editor/6000.3.23f1/Editor/Data/PlaybackEngines/AndroidPlayer/UnityEditor.Android.Extensions.dll
Registered in 0.007739 seconds.
- Loaded All Assemblies, in  0.403 seconds
Native extension for Android target not found
Native extension for WindowsStandalone target not found
Package Manager log level set to [2]
ScheduleIndexationOnStartup MainProcess:False IndexOnStartup:True
Mono: successfully reloaded assembly
- Finished resetting the current domain, in  0.394 seconds
Domain Reload Profiling: 792ms
	BeginReloadAssembly (136ms)
		ExecutionOrderSort (0ms)
		DisableScriptedObjects (0ms)
		BackupInstance (0ms)
		ReleaseScriptingObjects (0ms)
		CreateAndSetChildDomain (2ms)
	RebuildCommonClasses (33ms)
	RebuildNativeTypeToScriptingClass (10ms)
	initialDomainReloadingComplete (50ms)
	LoadAllAssembliesAndSetupDomain (168ms)
		LoadAssemblies (129ms)
		RebuildTransferFunctionScriptingTraits (0ms)
		AnalyzeDomain (164ms)
			TypeCache.Refresh (163ms)
				TypeCache.ScanAssembly (151ms)
			BuildScriptInfoCaches (0ms)
			ResolveRequiredComponents (0ms)
	FinalizeReload (394ms)
		ReleaseScriptCaches (0ms)
		RebuildScriptCaches (0ms)
		SetupLoadedEditorAssemblies (358ms)
			LogAssemblyErrors (0ms)
			InitializePlatformSupportModulesInManaged (105ms)
			SetLoadedEditorAssemblies (3ms)
			BeforeProcessingInitializeOnLoad (68ms)
			ProcessInitializeOnLoadAttributes (121ms)
			ProcessInitializeOnLoadMethodAttributes (61ms)
			AfterProcessingInitializeOnLoad (0ms)
			EditorAssembliesLoaded (0ms)
		ExecutionOrderSort2 (0ms)
		AwakeInstancesAfterBackupRestoration (0ms)
[Licensing::Client] Successfully resolved entitlement details
[Licensing::Module] License group:
  Id: F4-99BH-9QMP-CCW5-HN7U-XXXX
  Product: Unity Personal
  Type: ULF
  Expiration: 2026-09-28T04:51:23Z
[Licensing::Module] License group:
  Id: ewogICJzdWJzR3JvdXAiIDogInVuaXR5IGVkaXRvciIsCiAgIm5hbWVzcGFjZSIgOiAidW5pdHlfZWRpdG9yIiwKICAidHlwZSIgOiAiRURJVE9SIiwKICAidGFnIiA6ICJVbml0eVBlcnNvbmFsXXXX
  Product: Unity Personal Version
  Type: Assigned
  Expiration: Unlimited
Application.AssetDatabase Initial Refresh Start
[Package Manager] Restoring resolved packages state from cache
[Licensing::Client] Successfully resolved entitlement details
[Package Manager] Registered 51 packages:
  Packages from [https://packages.unity.com]:
    com.unity.ide.visualstudio@2.0.22 (location: F:\Resonance\client\Library\PackageCache\com.unity.ide.visualstudio@8140e851d83e)
    com.unity.inputsystem@1.14.2 (location: F:\Resonance\client\Library\PackageCache\com.unity.inputsystem@be6c4fd0abf5)
    com.unity.2d.animation@11.0.0 (location: F:\Resonance\client\Library\PackageCache\com.unity.2d.animation@a1db3619cb6f)
    com.unity.2d.common@12.0.4 (location: F:\Resonance\client\Library\PackageCache\com.unity.2d.common@3e42aeccb30d)
    com.unity.collections@2.6.8 (location: F:\Resonance\client\Library\PackageCache\com.unity.collections@84e8eb3fc12e)
    com.unity.burst@1.8.30 (location: F:\Resonance\client\Library\PackageCache\com.unity.burst@2f3d916873ea)
    com.unity.mathematics@1.3.3 (location: F:\Resonance\client\Library\PackageCache\com.unity.mathematics@19a9377c4ffa)
    com.unity.nuget.mono-cecil@1.11.6 (location: F:\Resonance\client\Library\PackageCache\com.unity.nuget.mono-cecil@ecb9724e46ff)
    com.unity.test-framework.performance@3.5.0 (location: F:\Resonance\client\Library\PackageCache\com.unity.test-framework.performance@8b56083ec0f0)
    com.unity.searcher@4.9.5 (location: F:\Resonance\client\Library\PackageCache\com.unity.searcher@a463122f2c00)
  Built-in packages:
    com.unity.render-pipelines.universal@17.3.0 (location: F:\Resonance\client\Library\PackageCache\com.unity.render-pipelines.universal@7865b6b91f8a)
    com.unity.test-framework@1.6.0 (location: F:\Resonance\client\Library\PackageCache\com.unity.test-framework@bd7f943e9647)
    com.unity.ugui@2.0.0 (location: F:\Resonance\client\Library\PackageCache\com.unity.ugui@27635d171b1a)
    com.unity.2d.sprite@1.0.0 (location: F:\Resonance\client\Library\PackageCache\com.unity.2d.sprite@5b922524bd83)
    com.unity.modules.ai@1.0.0 (location: F:\Resonance\client\Library\PackageCache\com.unity.modules.ai)
    com.unity.modules.androidjni@1.0.0 (location: F:\Resonance\client\Library\PackageCache\com.unity.modules.androidjni)
    com.unity.modules.animation@1.0.0 (location: F:\Resonance\client\Library\PackageCache\com.unity.modules.animation)
    com.unity.modules.assetbundle@1.0.0 (location: F:\Resonance\client\Library\PackageCache\com.unity.modules.assetbundle)
    com.unity.modules.audio@1.0.0 (location: F:\Resonance\client\Library\PackageCache\com.unity.modules.audio)
    com.unity.modules.cloth@1.0.0 (location: F:\Resonance\client\Library\PackageCache\com.unity.modules.cloth)
    com.unity.modules.director@1.0.0 (location: F:\Resonance\client\Library\PackageCache\com.unity.modules.director)
    com.unity.modules.imageconversion@1.0.0 (location: F:\Resonance\client\Library\PackageCache\com.unity.modules.imageconversion)
    com.unity.modules.imgui@1.0.0 (location: F:\Resonance\client\Library\PackageCache\com.unity.modules.imgui)
    com.unity.modules.jsonserialize@1.0.0 (location: F:\Resonance\client\Library\PackageCache\com.unity.modules.jsonserialize)
    com.unity.modules.particlesystem@1.0.0 (location: F:\Resonance\client\Library\PackageCache\com.unity.modules.particlesystem)
    com.unity.modules.physics@1.0.0 (location: F:\Resonance\client\Library\PackageCache\com.unity.modules.physics)
    com.unity.modules.physics2d@1.0.0 (location: F:\Resonance\client\Library\PackageCache\com.unity.modules.physics2d)
    com.unity.modules.screencapture@1.0.0 (location: F:\Resonance\client\Library\PackageCache\com.unity.modules.screencapture)
    com.unity.modules.terrain@1.0.0 (location: F:\Resonance\client\Library\PackageCache\com.unity.modules.terrain)
    com.unity.modules.terrainphysics@1.0.0 (location: F:\Resonance\client\Library\PackageCache\com.unity.modules.terrainphysics)
    com.unity.modules.tilemap@1.0.0 (location: F:\Resonance\client\Library\PackageCache\com.unity.modules.tilemap)
    com.unity.modules.ui@1.0.0 (location: F:\Resonance\client\Library\PackageCache\com.unity.modules.ui)
    com.unity.modules.uielements@1.0.0 (location: F:\Resonance\client\Library\PackageCache\com.unity.modules.uielements)
    com.unity.modules.umbra@1.0.0 (location: F:\Resonance\client\Library\PackageCache\com.unity.modules.umbra)
    com.unity.modules.unityanalytics@1.0.0 (location: F:\Resonance\client\Library\PackageCache\com.unity.modules.unityanalytics)
    com.unity.modules.unitywebrequest@1.0.0 (location: F:\Resonance\client\Library\PackageCache\com.unity.modules.unitywebrequest)
    com.unity.modules.unitywebrequestassetbundle@1.0.0 (location: F:\Resonance\client\Library\PackageCache\com.unity.modules.unitywebrequestassetbundle)
    com.unity.modules.unitywebrequestaudio@1.0.0 (location: F:\Resonance\client\Library\PackageCache\com.unity.modules.unitywebrequestaudio)
    com.unity.modules.unitywebrequesttexture@1.0.0 (location: F:\Resonance\client\Library\PackageCache\com.unity.modules.unitywebrequesttexture)
    com.unity.modules.unitywebrequestwww@1.0.0 (location: F:\Resonance\client\Library\PackageCache\com.unity.modules.unitywebrequestwww)
    com.unity.modules.vehicles@1.0.0 (location: F:\Resonance\client\Library\PackageCache\com.unity.modules.vehicles)
    com.unity.modules.video@1.0.0 (location: F:\Resonance\client\Library\PackageCache\com.unity.modules.video)
    com.unity.modules.vr@1.0.0 (location: F:\Resonance\client\Library\PackageCache\com.unity.modules.vr)
    com.unity.modules.wind@1.0.0 (location: F:\Resonance\client\Library\PackageCache\com.unity.modules.wind)
    com.unity.modules.xr@1.0.0 (location: F:\Resonance\client\Library\PackageCache\com.unity.modules.xr)
    com.unity.modules.subsystems@1.0.0 (location: F:\Resonance\client\Library\PackageCache\com.unity.modules.subsystems)
    com.unity.modules.hierarchycore@1.0.0 (location: F:\Resonance\client\Library\PackageCache\com.unity.modules.hierarchycore)
    com.unity.ext.nunit@2.0.5 (location: F:\Resonance\client\Library\PackageCache\com.unity.ext.nunit@d8c07649098d)
    com.unity.render-pipelines.core@17.3.0 (location: F:\Resonance\client\Library\PackageCache\com.unity.render-pipelines.core@0bb36005e9ba)
    com.unity.shadergraph@17.3.0 (location: F:\Resonance\client\Library\PackageCache\com.unity.shadergraph@b4b75cc00891)
    com.unity.render-pipelines.universal-config@17.0.3 (location: F:\Resonance\client\Library\PackageCache\com.unity.render-pipelines.universal-config@8dc1aab4af1d)
[Subsystems] No new subsystems found in resolved package list.
[Package Manager] Done registering packages in 0.05 seconds
Starting: D:\Unity\Hub\Editor\6000.3.23f1\Editor\Data\Tools\BuildPipeline\bee_backend.exe --ipc --defer-dag-verification --dagfile="Library/Bee/1900b0aE.dag" --continue-on-failure --profile="Library/Bee/backend1.traceevents" ScriptAssemblies
WorkingDir: F:/Resonance/client
ExitCode: 4 Duration: 0s338ms
[457/808    0s] WriteResponseFile Library/Bee/artifacts/rsp/4747638433968585886.rsp
Rebuilding DAG because FileSignature timestamp changed: Library/Bee/1900b0aE-inputdata.json
[636/808    0s] ILPP-Configuration Library/ilpp-configuration.nevergeneratedoutput
*** Tundra requires additional run (0.25 seconds), 2 items updated, 635 evaluated
Starting: D:\Unity\Hub\Editor\6000.3.23f1\Editor\Data\netcorerun\netcorerun.exe "D:\Unity\Hub\Editor\6000.3.23f1\Editor\Data\Tools\BuildPipeline\ScriptCompilationBuildProgram.exe" "Library/Bee/1900b0aE.dag.json" "Library/Bee/1900b0aE-inputdata.json" "Library\Bee\buildprogram0.traceevents"
WorkingDir: F:/Resonance/client
ExitCode: 0 Duration: 0s584ms
Starting: D:\Unity\Hub\Editor\6000.3.23f1\Editor\Data\Tools\BuildPipeline\bee_backend.exe --ipc --defer-dag-verification --dagfile="Library/Bee/1900b0aE.dag" --continue-on-failure --dagfilejson="Library\Bee\1900b0aE.dag.json" --profile="Library/Bee/backend2.traceevents" ScriptAssemblies
WorkingDir: F:/Resonance/client
ExitCode: 0 Duration: 0s391ms
Finished compiling graph: 811 nodes, 14419 flattened edges (11833 ToBuild, 124 ToUse), maximum node priority 910
[636/808    0s] ILPP-Configuration Library/ilpp-configuration.nevergeneratedoutput
*** Tundra build success (0.33 seconds), 1 items updated, 808 evaluated
AssetDatabase: script compilation time: 1.820032s
Begin MonoManager ReloadAssembly
- Loaded All Assemblies, in  0.676 seconds
Refreshing native plugins compatible for Editor in 0.80 ms, found 4 plugins.
Missing types referenced from component UniversalRenderPipelineGlobalSettings on game object UniversalRenderPipelineGlobalSettings:
	UnityEngine.PathTracing.Core.WorldRenderPipelineResources, Unity.PathTracing.Runtime (1 object)
Native extension for Android target not found
Native extension for WindowsStandalone target not found
ScheduleIndexationOnStartup MainProcess:True IndexOnStartup:True
Mono: successfully reloaded assembly
- Finished resetting the current domain, in  2.560 seconds
Domain Reload Profiling: 3231ms
	BeginReloadAssembly (273ms)
		ExecutionOrderSort (0ms)
		DisableScriptedObjects (22ms)
		BackupInstance (0ms)
		ReleaseScriptingObjects (0ms)
		CreateAndSetChildDomain (129ms)
	RebuildCommonClasses (35ms)
	RebuildNativeTypeToScriptingClass (12ms)
	initialDomainReloadingComplete (28ms)
	LoadAllAssembliesAndSetupDomain (323ms)
		LoadAssemblies (261ms)
		RebuildTransferFunctionScriptingTraits (0ms)
		AnalyzeDomain (156ms)
			TypeCache.Refresh (106ms)
				TypeCache.ScanAssembly (97ms)
			BuildScriptInfoCaches (35ms)
			ResolveRequiredComponents (13ms)
	FinalizeReload (2561ms)
		ReleaseScriptCaches (0ms)
		RebuildScriptCaches (0ms)
		SetupLoadedEditorAssemblies (2283ms)
			LogAssemblyErrors (0ms)
			InitializePlatformSupportModulesInManaged (41ms)
			SetLoadedEditorAssemblies (3ms)
			BeforeProcessingInitializeOnLoad (139ms)
			ProcessInitializeOnLoadAttributes (2030ms)
			ProcessInitializeOnLoadMethodAttributes (61ms)
			AfterProcessingInitializeOnLoad (9ms)
			EditorAssembliesLoaded (0ms)
		ExecutionOrderSort2 (0ms)
		AwakeInstancesAfterBackupRestoration (19ms)
Asset Pipeline Refresh (id=04844b63ffa3833419719c3bc695ff21): Total: 5.626 seconds - Initiated by InitialRefreshV2(ForceSynchronousImport)
	Summary:
		Imports: total=0 (actual=0, local cache=0, cache server=0)
		Asset DB Process Time: managed=0 ms, native=2951 ms
		Asset DB Callback time: managed=69 ms, native=56 ms
		Scripting: domain reloads=1, domain reload time=676 ms, compile time=1838 ms, other=33 ms
		Project Asset Count: scripts=1008, non-scripts=2764
		Asset File Changes: new=0, changed=0, moved=0, deleted=0
		Scan Filter Count: 0
	InvokeCustomDependenciesCallbacks: 0.001ms
	InvokePackagesCallback: 58.119ms
	ApplyChangesToAssetFolders: 0.592ms
	Scan: 152.253ms
	OnSourceAssetsModified: 0.002ms
	CategorizeAssetsWithTransientArtifact: 23.592ms
	ProcessAssetsWithTransientArtifactChanges: 49.665ms
	CategorizeAssets: 42.908ms
	ImportOutOfDateAssets: 2566.506ms (727.295ms without children)
		CompileScripts: 1837.695ms
		ReloadNativeAssets: 0.025ms
		UnloadImportedAssets: 0.482ms
		EnsureUptoDateAssetsAreRegisteredWithGuidPM: 0.387ms
		InitializingProgressBar: 0.000ms
		PostProcessAllAssetNotificationsAddChangedAssets: 0.000ms
		OnDemandSchedulerStart: 0.622ms
	PostProcessAllAssets: 70.044ms
	GatherAllCurrentPrimaryArtifactRevisions: 0.002ms
	UnloadStreamsBegin: 2.577ms
	PersistCurrentRevisions: 0.136ms
	UnloadStreamsEnd: 0.001ms
	GenerateScriptTypeHashes: 2.931ms
	Untracked: 2659.521ms

Application.AssetDatabase Initial Refresh End
Launched and connected shader compiler UnityShaderCompiler.exe after 0.02 seconds
Scanning for USB devices : 1.968ms
Initializing Unity extensions:
[MODES] ModeService[none].Initialize
[MODES] ModeService[none].LoadModes
[MODES] Loading mode Default (0) for mode-current-id-契灵回响
Unloading 19 Unused Serialized files (Serialized files now loaded: 0)
Unloading 4211 unused Assets / (4.2 MB). Loaded Objects now: 5100.
Memory consumption went from 202.7 MB to 198.5 MB.
Total: 7.287700 ms (FindLiveObjects: 0.291000 ms CreateObjectMapping: 0.263000 ms MarkObjects: 5.382300 ms  DeleteObjects: 1.350000 ms)

[LAYOUT] About to load UserSettings\Layouts\default-6000.dwlt, keepMainWindow=False
[LAYOUT] About to save layout F:\Resonance\client\UserSettings\Layouts\default-6000.dwlt
[LAYOUT] About to save layout C:/Users/Administrator/AppData/Roaming/Unity/Editor-5.x/Preferences\Layouts\current\default-6000.dwlt
[MODES] ModeService[default].InitializeCurrentMode
[MODES] ModeService[default].RaiseModeChanged(default, default)
This project uses Input Manager, which is marked for deprecation. To manage input in your project, use the <a href="https://docs.unity3d.com/Packages/com.unity.inputsystem@latest">Input System package</a> instead.
<RI> Initializing input.
Using Windows.Gaming.Input
<RI> Input initialized.
[Project] Loading completed in 10.296 seconds
	Project init time: 				8.194 seconds
		Template init time: 		0.000 seconds
		Package Manager init time: 		0.409 seconds
		Asset Database init time: 		0.155 seconds
		Global illumination init time: 	0.009 seconds
		Assemblies load time: 			0.816 seconds
		Unity extensions init time: 	0.016 seconds
		Asset Database refresh time: 	5.626 seconds
	Scene opening time: 			1.461 seconds
##utp:{"type":"ProjectInfo","version":2,"phase":"Immediate","time":1789885230993,"processId":23488,"projectLoad":10.2961921,"projectInit":8.1939268,"templateInit":0.0,"packageManagerInit":0.408665,"assetDatabaseInit":0.1547261,"globalIlluminationInit":0.0090001,"assembliesLoad":0.8157629,"unityExtensionsInit":0.0158129,"assetDatabaseRefresh":5.6260445,"sceneOpening":1.4612296}
##utp:{"type":"EditorInfo","version":2,"phase":"Immediate","time":1789885230993,"processId":23488,"editorVersion":"6000.3.23f1 (09d2ecc7fb28)","branch":"6000.3/staging","buildType":"Release","platform":"Windows"}
Asset Pipeline Refresh (id=29c5326d21a23b440840e8ceb6aed1e2): Total: 0.039 seconds - Initiated by RefreshV2(AllowForceSynchronousImport)
Failed to create GICache directory at the default location: C:/Users/Administrator/AppData/LocalLow/Unity/Caches/GiCache.
[Licensing::Client] Successfully resolved entitlement details
[Licensing::Client] Successfully resolved entitlement details
Failed to create GICache directory at the default location: C:/Users/Administrator/AppData/LocalLow/Unity/Caches/GiCache.
Failed to create GICache directory at the default location: C:/Users/Administrator/AppData/LocalLow/Unity/Caches/GiCache.
Failed to create GICache directory at the default location: C:/Users/Administrator/AppData/LocalLow/Unity/Caches/GiCache.
Failed to create GICache directory at the default location: C:/Users/Administrator/AppData/LocalLow/Unity/Caches/GiCache.
Failed to create GICache directory at the default location: C:/Users/Administrator/AppData/LocalLow/Unity/Caches/GiCache.
Failed to create GICache directory at the default location: C:/Users/Administrator/AppData/LocalLow/Unity/Caches/GiCache.
Android Extension - Scanning For ADB Devices 3041 ms
Failed to create GICache directory at the default location: C:/Users/Administrator/AppData/LocalLow/Unity/Caches/GiCache.
[NATURAL-PLAY] game view portrait index=7
UnityEngine.Debug:ExtractStackTraceNoAlloc (byte*,int,string)
UnityEngine.StackTraceUtility:ExtractStackTrace ()
UnityEngine.DebugLogHandler:Internal_Log (UnityEngine.LogType,UnityEngine.LogOption,string,UnityEngine.Object)
UnityEngine.DebugLogHandler:LogFormat (UnityEngine.LogType,UnityEngine.Object,string,object[])
UnityEngine.Logger:Log (UnityEngine.LogType,object)
UnityEngine.Debug:Log (object)
Resonance.EditorTools.NaturalPlaySmoke:FocusPortraitGameView () (at Assets/Editor/Smoke/NaturalPlaySmoke.cs:247)
Resonance.EditorTools.NaturalPlaySmoke:TryEnterPlay () (at Assets/Editor/Smoke/NaturalPlaySmoke.cs:196)
Resonance.EditorTools.NaturalPlaySmoke:Poll () (at Assets/Editor/Smoke/NaturalPlaySmoke.cs:175)
UnityEditor.EditorApplication:Internal_CallUpdateFunctions ()

(Filename: Assets/Editor/Smoke/NaturalPlaySmoke.cs Line: 247)

[NATURAL-PLAY] entering play mode
UnityEngine.Debug:ExtractStackTraceNoAlloc (byte*,int,string)
UnityEngine.StackTraceUtility:ExtractStackTrace ()
UnityEngine.DebugLogHandler:Internal_Log (UnityEngine.LogType,UnityEngine.LogOption,string,UnityEngine.Object)
UnityEngine.DebugLogHandler:LogFormat (UnityEngine.LogType,UnityEngine.Object,string,object[])
UnityEngine.Logger:Log (UnityEngine.LogType,object)
UnityEngine.Debug:Log (object)
Resonance.EditorTools.NaturalPlaySmoke:TryEnterPlay () (at Assets/Editor/Smoke/NaturalPlaySmoke.cs:197)
Resonance.EditorTools.NaturalPlaySmoke:Poll () (at Assets/Editor/Smoke/NaturalPlaySmoke.cs:175)
UnityEditor.EditorApplication:Internal_CallUpdateFunctions ()

(Filename: Assets/Editor/Smoke/NaturalPlaySmoke.cs Line: 197)

Reloading assemblies for play mode.
Reloading assemblies after forced synchronous recompile.
Begin MonoManager ReloadAssembly
- Loaded All Assemblies, in  0.710 seconds
Refreshing native plugins compatible for Editor in 0.61 ms, found 4 plugins.
Missing types referenced from component UniversalRenderPipelineGlobalSettings on game object UniversalRenderPipelineGlobalSettings:
	UnityEngine.PathTracing.Core.WorldRenderPipelineResources, Unity.PathTracing.Runtime (1 object)
Native extension for Android target not found
Native extension for WindowsStandalone target not found
ScheduleIndexationOnStartup MainProcess:True IndexOnStartup:True
[MODES] ModeService[none].Initialize
[MODES] ModeService[none].LoadModes
Mono: successfully reloaded assembly
- Finished resetting the current domain, in  1.341 seconds
Domain Reload Profiling: 2049ms
	BeginReloadAssembly (515ms)
		ExecutionOrderSort (0ms)
		DisableScriptedObjects (74ms)
		BackupInstance (0ms)
		ReleaseScriptingObjects (0ms)
		CreateAndSetChildDomain (302ms)
	RebuildCommonClasses (30ms)
	RebuildNativeTypeToScriptingClass (11ms)
	initialDomainReloadingComplete (23ms)
	LoadAllAssembliesAndSetupDomain (129ms)
		LoadAssemblies (108ms)
		RebuildTransferFunctionScriptingTraits (0ms)
		AnalyzeDomain (107ms)
			TypeCache.Refresh (5ms)
				TypeCache.ScanAssembly (0ms)
			BuildScriptInfoCaches (77ms)
			ResolveRequiredComponents (22ms)
	FinalizeReload (1341ms)
		ReleaseScriptCaches (0ms)
		RebuildScriptCaches (0ms)
		SetupLoadedEditorAssemblies (560ms)
			LogAssemblyErrors (0ms)
			InitializePlatformSupportModulesInManaged (30ms)
			SetLoadedEditorAssemblies (3ms)
			BeforeProcessingInitializeOnLoad (115ms)
			ProcessInitializeOnLoadAttributes (342ms)
			ProcessInitializeOnLoadMethodAttributes (61ms)
			AfterProcessingInitializeOnLoad (9ms)
			EditorAssembliesLoaded (0ms)
		ExecutionOrderSort2 (0ms)
		AwakeInstancesAfterBackupRestoration (473ms)
Asset Pipeline Refresh (id=8c8f4cdf76ae7d146991374752af27ca): Total: 2.160 seconds - Initiated by StopAssetImportingV2(ForceSynchronousImport | ForceDomainReload)
	Summary:
		Imports: total=0 (actual=0, local cache=0, cache server=0)
		Asset DB Process Time: managed=0 ms, native=1409 ms
		Asset DB Callback time: managed=26 ms, native=0 ms
		Scripting: domain reloads=1, domain reload time=722 ms, compile time=1 ms, other=0 ms
		Project Asset Count: scripts=1008, non-scripts=2764
		Asset File Changes: new=0, changed=0, moved=0, deleted=0
		Scan Filter Count: 0
	InvokeCustomDependenciesCallbacks: 0.000ms
	InvokePackagesCallback: 1.250ms
	ApplyChangesToAssetFolders: 0.191ms
	Scan: 0.001ms
	OnSourceAssetsModified: 0.002ms
	CategorizeAssetsWithTransientArtifact: 0.002ms
	ProcessAssetsWithTransientArtifactChanges: 1.741ms
	CategorizeAssets: 36.386ms
	ImportOutOfDateAssets: 1347.115ms (1342.412ms without children)
		CompileScripts: 1.013ms
		CollectScriptTypesHashes: 1.280ms
		ReloadNativeAssets: 0.705ms
		UnloadImportedAssets: 0.922ms
		EnsureUptoDateAssetsAreRegisteredWithGuidPM: 0.408ms
		InitializingProgressBar: 0.000ms
		PostProcessAllAssetNotificationsAddChangedAssets: 0.001ms
		OnDemandSchedulerStart: 0.375ms
	PostProcessAllAssets: 26.983ms
	GatherAllCurrentPrimaryArtifactRevisions: 0.170ms
	UnloadStreamsBegin: 1.128ms
	PersistCurrentRevisions: 0.118ms
	UnloadStreamsEnd: 0.001ms
	GenerateScriptTypeHashes: 3.494ms
	Untracked: 744.872ms

Loaded scene 'Temp/__Backupscenes/0.backup'
	Deserialize:            0.686 ms
	Integration:            209.832 ms
	Integration of assets:  0.001 ms
	Thread Wait Time:       0.010 ms
	Total Operation Time:   210.529 ms
EMERALD_LOADED parts=4 vertices=11873 parameters=6
UnityEngine.Debug:ExtractStackTraceNoAlloc (byte*,int,string)
UnityEngine.StackTraceUtility:ExtractStackTrace ()
UnityEngine.DebugLogHandler:Internal_Log (UnityEngine.LogType,UnityEngine.LogOption,string,UnityEngine.Object)
UnityEngine.DebugLogHandler:LogFormat (UnityEngine.LogType,UnityEngine.Object,string,object[])
UnityEngine.Logger:Log (UnityEngine.LogType,object)
UnityEngine.Debug:Log (object)
EmeraldInochi.InochiStandee:Initialize () (at F:/天命之子/client/Assets/EmeraldInochi/InochiStandee.cs:94)
EmeraldInochi.InochiStandee:Attach (UnityEngine.Transform) (at F:/天命之子/client/Assets/EmeraldInochi/InochiStandee.cs:51)
Resonance.App.EmeraldLobby:TryAttach (UnityEngine.Transform,System.Collections.Generic.List`1<UnityEngine.GameObject>) (at Assets/Scripts/Resonance.App/UI/EmeraldLobby.cs:16)
Resonance.App.GameRoot:DrawHome () (at Assets/Scripts/Resonance.App/Core/GameRoot.cs:446)
Resonance.App.GameRoot:Show (Resonance.App.GameRoot/ScreenId) (at Assets/Scripts/Resonance.App/Core/GameRoot.cs:406)
Resonance.App.GameRoot:<DrawBoot>b__80_0 () (at Assets/Scripts/Resonance.App/Core/GameRoot.cs:436)
Resonance.App.BootSplash/Hold:Update () (at Assets/Scripts/Resonance.App/UI/BootSplash.cs:83)

(Filename: F:/天命之子/client/Assets/EmeraldInochi/InochiStandee.cs Line: 94)

[NATURAL-PLAY] game view portrait index=7
UnityEngine.Debug:ExtractStackTraceNoAlloc (byte*,int,string)
UnityEngine.StackTraceUtility:ExtractStackTrace ()
UnityEngine.DebugLogHandler:Internal_Log (UnityEngine.LogType,UnityEngine.LogOption,string,UnityEngine.Object)
UnityEngine.DebugLogHandler:LogFormat (UnityEngine.LogType,UnityEngine.Object,string,object[])
UnityEngine.Logger:Log (UnityEngine.LogType,object)
UnityEngine.Debug:Log (object)
Resonance.EditorTools.NaturalPlaySmoke:FocusPortraitGameView () (at Assets/Editor/Smoke/NaturalPlaySmoke.cs:247)
Resonance.EditorTools.NaturalPlaySmoke:OnPlayMode (UnityEditor.PlayModeStateChange) (at Assets/Editor/Smoke/NaturalPlaySmoke.cs:141)
UnityEditor.EditorApplication:Internal_PlayModeStateChanged (UnityEditor.PlayModeStateChange)

(Filename: Assets/Editor/Smoke/NaturalPlaySmoke.cs Line: 247)

Failed to create GICache directory at the default location: C:/Users/Administrator/AppData/LocalLow/Unity/Caches/GiCache.
[Licensing::Client] Successfully resolved entitlement details
Start Indexing on Editor startup
[Indexing] Starting Initial Indexing for Assets
Failed to create GICache directory at the default location: C:/Users/Administrator/AppData/LocalLow/Unity/Caches/GiCache.
Failed to create GICache directory at the default location: C:/Users/Administrator/AppData/LocalLow/Unity/Caches/GiCache.
Failed to create GICache directory at the default location: C:/Users/Administrator/AppData/LocalLow/Unity/Caches/GiCache.
Failed to create GICache directory at the default location: C:/Users/Administrator/AppData/LocalLow/Unity/Caches/GiCache.
Failed to create GICache directory at the default location: C:/Users/Administrator/AppData/LocalLow/Unity/Caches/GiCache.
Failed to create GICache directory at the default location: C:/Users/Administrator/AppData/LocalLow/Unity/Caches/GiCache.
Failed to create GICache directory at the default location: C:/Users/Administrator/AppData/LocalLow/Unity/Caches/GiCache.
Failed to create GICache directory at the default location: C:/Users/Administrator/AppData/LocalLow/Unity/Caches/GiCache.
Failed to create GICache directory at the default location: C:/Users/Administrator/AppData/LocalLow/Unity/Caches/GiCache.
Failed to create GICache directory at the default location: C:/Users/Administrator/AppData/LocalLow/Unity/Caches/GiCache.
Failed to create GICache directory at the default location: C:/Users/Administrator/AppData/LocalLow/Unity/Caches/GiCache.
Failed to create GICache directory at the default location: C:/Users/Administrator/AppData/LocalLow/Unity/Caches/GiCache.
Failed to create GICache directory at the default location: C:/Users/Administrator/AppData/LocalLow/Unity/Caches/GiCache.
Failed to create GICache directory at the default location: C:/Users/Administrator/AppData/LocalLow/Unity/Caches/GiCache.
Failed to create GICache directory at the default location: C:/Users/Administrator/AppData/LocalLow/Unity/Caches/GiCache.
Failed to create GICache directory at the default location: C:/Users/Administrator/AppData/LocalLow/Unity/Caches/GiCache.
Failed to create GICache directory at the default location: C:/Users/Administrator/AppData/LocalLow/Unity/Caches/GiCache.
Failed to create GICache directory at the default location: C:/Users/Administrator/AppData/LocalLow/Unity/Caches/GiCache.
Failed to create GICache directory at the default location: C:/Users/Administrator/AppData/LocalLow/Unity/Caches/GiCache.
Failed to create GICache directory at the default location: C:/Users/Administrator/AppData/LocalLow/Unity/Caches/GiCache.
Failed to create GICache directory at the default location: C:/Users/Administrator/AppData/LocalLow/Unity/Caches/GiCache.
Failed to create GICache directory at the default location: C:/Users/Administrator/AppData/LocalLow/Unity/Caches/GiCache.
Failed to create GICache directory at the default location: C:/Users/Administrator/AppData/LocalLow/Unity/Caches/GiCache.
Failed to create GICache directory at the default location: C:/Users/Administrator/AppData/LocalLow/Unity/Caches/GiCache.
Failed to create GICache directory at the default location: C:/Users/Administrator/AppData/LocalLow/Unity/Caches/GiCache.
Failed to create GICache directory at the default location: C:/Users/Administrator/AppData/LocalLow/Unity/Caches/GiCache.
Failed to create GICache directory at the default location: C:/Users/Administrator/AppData/LocalLow/Unity/Caches/GiCache.
Failed to create GICache directory at the default location: C:/Users/Administrator/AppData/LocalLow/Unity/Caches/GiCache.
Failed to create GICache directory at the default location: C:/Users/Administrator/AppData/LocalLow/Unity/Caches/GiCache.
Failed to create GICache directory at the default location: C:/Users/Administrator/AppData/LocalLow/Unity/Caches/GiCache.
Failed to create GICache directory at the default location: C:/Users/Administrator/AppData/LocalLow/Unity/Caches/GiCache.
Failed to create GICache directory at the default location: C:/Users/Administrator/AppData/LocalLow/Unity/Caches/GiCache.
Failed to create GICache directory at the default location: C:/Users/Administrator/AppData/LocalLow/Unity/Caches/GiCache.
Failed to create GICache directory at the default location: C:/Users/Administrator/AppData/LocalLow/Unity/Caches/GiCache.
Failed to create GICache directory at the default location: C:/Users/Administrator/AppData/LocalLow/Unity/Caches/GiCache.
Failed to create GICache directory at the default location: C:/Users/Administrator/AppData/LocalLow/Unity/Caches/GiCache.
Failed to create GICache directory at the default location: C:/Users/Administrator/AppData/LocalLow/Unity/Caches/GiCache.
Failed to create GICache directory at the default location: C:/Users/Administrator/AppData/LocalLow/Unity/Caches/GiCache.
Failed to create GICache directory at the default location: C:/Users/Administrator/AppData/LocalLow/Unity/Caches/GiCache.
Failed to create GICache directory at the default location: C:/Users/Administrator/AppData/LocalLow/Unity/Caches/GiCache.
Failed to create GICache directory at the default location: C:/Users/Administrator/AppData/LocalLow/Unity/Caches/GiCache.
Failed to create GICache directory at the default location: C:/Users/Administrator/AppData/LocalLow/Unity/Caches/GiCache.
Failed to create GICache directory at the default location: C:/Users/Administrator/AppData/LocalLow/Unity/Caches/GiCache.
Failed to create GICache directory at the default location: C:/Users/Administrator/AppData/LocalLow/Unity/Caches/GiCache.
Failed to create GICache directory at the default location: C:/Users/Administrator/AppData/LocalLow/Unity/Caches/GiCache.
Failed to create GICache directory at the default location: C:/Users/Administrator/AppData/LocalLow/Unity/Caches/GiCache.
Failed to create GICache directory at the default location: C:/Users/Administrator/AppData/LocalLow/Unity/Caches/GiCache.
Failed to create GICache directory at the default location: C:/Users/Administrator/AppData/LocalLow/Unity/Caches/GiCache.
Failed to create GICache directory at the default location: C:/Users/Administrator/AppData/LocalLow/Unity/Caches/GiCache.
Failed to create GICache directory at the default location: C:/Users/Administrator/AppData/LocalLow/Unity/Caches/GiCache.
Failed to create GICache directory at the default location: C:/Users/Administrator/AppData/LocalLow/Unity/Caches/GiCache.
Failed to create GICache directory at the default location: C:/Users/Administrator/AppData/LocalLow/Unity/Caches/GiCache.
Failed to create GICache directory at the default location: C:/Users/Administrator/AppData/LocalLow/Unity/Caches/GiCache.
Failed to create GICache directory at the default location: C:/Users/Administrator/AppData/LocalLow/Unity/Caches/GiCache.
Failed to create GICache directory at the default location: C:/Users/Administrator/AppData/LocalLow/Unity/Caches/GiCache.
Failed to create GICache directory at the default location: C:/Users/Administrator/AppData/LocalLow/Unity/Caches/GiCache.
Failed to create GICache directory at the default location: C:/Users/Administrator/AppData/LocalLow/Unity/Caches/GiCache.
Failed to create GICache directory at the default location: C:/Users/Administrator/AppData/LocalLow/Unity/Caches/GiCache.
Failed to create GICache directory at the default location: C:/Users/Administrator/AppData/LocalLow/Unity/Caches/GiCache.
Failed to create GICache directory at the default location: C:/Users/Administrator/AppData/LocalLow/Unity/Caches/GiCache.
Failed to create GICache directory at the default location: C:/Users/Administrator/AppData/LocalLow/Unity/Caches/GiCache.
Failed to create GICache directory at the default location: C:/Users/Administrator/AppData/LocalLow/Unity/Caches/GiCache.
Failed to create GICache directory at the default location: C:/Users/Administrator/AppData/LocalLow/Unity/Caches/GiCache.
Failed to create GICache directory at the default location: C:/Users/Administrator/AppData/LocalLow/Unity/Caches/GiCache.
Failed to create GICache directory at the default location: C:/Users/Administrator/AppData/LocalLow/Unity/Caches/GiCache.
Failed to create GICache directory at the default location: C:/Users/Administrator/AppData/LocalLow/Unity/Caches/GiCache.
Failed to create GICache directory at the default location: C:/Users/Administrator/AppData/LocalLow/Unity/Caches/GiCache.
Failed to create GICache directory at the default location: C:/Users/Administrator/AppData/LocalLow/Unity/Caches/GiCache.
Failed to create GICache directory at the default location: C:/Users/Administrator/AppData/LocalLow/Unity/Caches/GiCache.
Failed to create GICache directory at the default location: C:/Users/Administrator/AppData/LocalLow/Unity/Caches/GiCache.
Failed to create GICache directory at the default location: C:/Users/Administrator/AppData/LocalLow/Unity/Caches/GiCache.
Failed to create GICache directory at the default location: C:/Users/Administrator/AppData/LocalLow/Unity/Caches/GiCache.
Failed to create GICache directory at the default location: C:/Users/Administrator/AppData/LocalLow/Unity/Caches/GiCache.
Failed to create GICache directory at the default location: C:/Users/Administrator/AppData/LocalLow/Unity/Caches/GiCache.
Failed to create GICache directory at the default location: C:/Users/Administrator/AppData/LocalLow/Unity/Caches/GiCache.
Failed to create GICache directory at the default location: C:/Users/Administrator/AppData/LocalLow/Unity/Caches/GiCache.
Failed to create GICache directory at the default location: C:/Users/Administrator/AppData/LocalLow/Unity/Caches/GiCache.
Failed to create GICache directory at the default location: C:/Users/Administrator/AppData/LocalLow/Unity/Caches/GiCache.
Failed to create GICache directory at the default location: C:/Users/Administrator/AppData/LocalLow/Unity/Caches/GiCache.
Failed to create GICache directory at the default location: C:/Users/Administrator/AppData/LocalLow/Unity/Caches/GiCache.
Failed to create GICache directory at the default location: C:/Users/Administrator/AppData/LocalLow/Unity/Caches/GiCache.
Failed to create GICache directory at the default location: C:/Users/Administrator/AppData/LocalLow/Unity/Caches/GiCache.
Failed to create GICache directory at the default location: C:/Users/Administrator/AppData/LocalLow/Unity/Caches/GiCache.
Failed to create GICache directory at the default location: C:/Users/Administrator/AppData/LocalLow/Unity/Caches/GiCache.
Failed to create GICache directory at the default location: C:/Users/Administrator/AppData/LocalLow/Unity/Caches/GiCache.
Failed to create GICache directory at the default location: C:/Users/Administrator/AppData/LocalLow/Unity/Caches/GiCache.
Failed to create GICache directory at the default location: C:/Users/Administrator/AppData/LocalLow/Unity/Caches/GiCache.
Failed to create GICache directory at the default location: C:/Users/Administrator/AppData/LocalLow/Unity/Caches/GiCache.
Failed to create GICache directory at the default location: C:/Users/Administrator/AppData/LocalLow/Unity/Caches/GiCache.
Failed to create GICache directory at the default location: C:/Users/Administrator/AppData/LocalLow/Unity/Caches/GiCache.
Failed to create GICache directory at the default location: C:/Users/Administrator/AppData/LocalLow/Unity/Caches/GiCache.
Failed to create GICache directory at the default location: C:/Users/Administrator/AppData/LocalLow/Unity/Caches/GiCache.
Failed to create GICache directory at the default location: C:/Users/Administrator/AppData/LocalLow/Unity/Caches/GiCache.
Failed to create GICache directory at the default location: C:/Users/Administrator/AppData/LocalLow/Unity/Caches/GiCache.
Failed to create GICache directory at the default location: C:/Users/Administrator/AppData/LocalLow/Unity/Caches/GiCache.
Failed to create GICache directory at the default location: C:/Users/Administrator/AppData/LocalLow/Unity/Caches/GiCache.
Failed to create GICache directory at the default location: C:/Users/Administrator/AppData/LocalLow/Unity/Caches/GiCache.
Failed to create GICache directory at the default location: C:/Users/Administrator/AppData/LocalLow/Unity/Caches/GiCache.
Failed to create GICache directory at the default location: C:/Users/Administrator/AppData/LocalLow/Unity/Caches/GiCache.
Failed to create GICache directory at the default location: C:/Users/Administrator/AppData/LocalLow/Unity/Caches/GiCache.
Failed to create GICache directory at the default location: C:/Users/Administrator/AppData/LocalLow/Unity/Caches/GiCache.
Failed to create GICache directory at the default location: C:/Users/Administrator/AppData/LocalLow/Unity/Caches/GiCache.
Failed to create GICache directory at the default location: C:/Users/Administrator/AppData/LocalLow/Unity/Caches/GiCache.
Failed to create GICache directory at the default location: C:/Users/Administrator/AppData/LocalLow/Unity/Caches/GiCache.
Failed to create GICache directory at the default location: C:/Users/Administrator/AppData/LocalLow/Unity/Caches/GiCache.
Failed to create GICache directory at the default location: C:/Users/Administrator/AppData/LocalLow/Unity/Caches/GiCache.
Failed to create GICache directory at the default location: C:/Users/Administrator/AppData/LocalLow/Unity/Caches/GiCache.
Failed to create GICache directory at the default location: C:/Users/Administrator/AppData/LocalLow/Unity/Caches/GiCache.
Failed to create GICache directory at the default location: C:/Users/Administrator/AppData/LocalLow/Unity/Caches/GiCache.
Failed to create GICache directory at the default location: C:/Users/Administrator/AppData/LocalLow/Unity/Caches/GiCache.
Failed to create GICache directory at the default location: C:/Users/Administrator/AppData/LocalLow/Unity/Caches/GiCache.
Failed to create GICache directory at the default location: C:/Users/Administrator/AppData/LocalLow/Unity/Caches/GiCache.
Failed to create GICache directory at the default location: C:/Users/Administrator/AppData/LocalLow/Unity/Caches/GiCache.
Failed to create GICache directory at the default location: C:/Users/Administrator/AppData/LocalLow/Unity/Caches/GiCache.
Failed to create GICache directory at the default location: C:/Users/Administrator/AppData/LocalLow/Unity/Caches/GiCache.
Failed to create GICache directory at the default location: C:/Users/Administrator/AppData/LocalLow/Unity/Caches/GiCache.
Failed to create GICache directory at the default location: C:/Users/Administrator/AppData/LocalLow/Unity/Caches/GiCache.
Failed to create GICache directory at the default location: C:/Users/Administrator/AppData/LocalLow/Unity/Caches/GiCache.
Failed to create GICache directory at the default location: C:/Users/Administrator/AppData/LocalLow/Unity/Caches/GiCache.
Failed to create GICache directory at the default location: C:/Users/Administrator/AppData/LocalLow/Unity/Caches/GiCache.
Failed to create GICache directory at the default location: C:/Users/Administrator/AppData/LocalLow/Unity/Caches/GiCache.
Failed to create GICache directory at the default location: C:/Users/Administrator/AppData/LocalLow/Unity/Caches/GiCache.
Failed to create GICache directory at the default location: C:/Users/Administrator/AppData/LocalLow/Unity/Caches/GiCache.
Failed to create GICache directory at the default location: C:/Users/Administrator/AppData/LocalLow/Unity/Caches/GiCache.
Failed to create GICache directory at the default location: C:/Users/Administrator/AppData/LocalLow/Unity/Caches/GiCache.
Failed to create GICache directory at the default location: C:/Users/Administrator/AppData/LocalLow/Unity/Caches/GiCache.
Failed to create GICache directory at the default location: C:/Users/Administrator/AppData/LocalLow/Unity/Caches/GiCache.
Failed to create GICache directory at the default location: C:/Users/Administrator/AppData/LocalLow/Unity/Caches/GiCache.
Failed to create GICache directory at the default location: C:/Users/Administrator/AppData/LocalLow/Unity/Caches/GiCache.
Failed to create GICache directory at the default location: C:/Users/Administrator/AppData/LocalLow/Unity/Caches/GiCache.
Failed to create GICache directory at the default location: C:/Users/Administrator/AppData/LocalLow/Unity/Caches/GiCache.
Failed to create GICache directory at the default location: C:/Users/Administrator/AppData/LocalLow/Unity/Caches/GiCache.
Failed to create GICache directory at the default location: C:/Users/Administrator/AppData/LocalLow/Unity/Caches/GiCache.
Failed to create GICache directory at the default location: C:/Users/Administrator/AppData/LocalLow/Unity/Caches/GiCache.
Failed to create GICache directory at the default location: C:/Users/Administrator/AppData/LocalLow/Unity/Caches/GiCache.
Failed to create GICache directory at the default location: C:/Users/Administrator/AppData/LocalLow/Unity/Caches/GiCache.
Failed to create GICache directory at the default location: C:/Users/Administrator/AppData/LocalLow/Unity/Caches/GiCache.
Failed to create GICache directory at the default location: C:/Users/Administrator/AppData/LocalLow/Unity/Caches/GiCache.
Failed to create GICache directory at the default location: C:/Users/Administrator/AppData/LocalLow/Unity/Caches/GiCache.
Failed to create GICache directory at the default location: C:/Users/Administrator/AppData/LocalLow/Unity/Caches/GiCache.
Failed to create GICache directory at the default location: C:/Users/Administrator/AppData/LocalLow/Unity/Caches/GiCache.
Failed to create GICache directory at the default location: C:/Users/Administrator/AppData/LocalLow/Unity/Caches/GiCache.
Failed to create GICache directory at the default location: C:/Users/Administrator/AppData/LocalLow/Unity/Caches/GiCache.
Failed to create GICache directory at the default location: C:/Users/Administrator/AppData/LocalLow/Unity/Caches/GiCache.
Failed to create GICache directory at the default location: C:/Users/Administrator/AppData/LocalLow/Unity/Caches/GiCache.
Failed to create GICache directory at the default location: C:/Users/Administrator/AppData/LocalLow/Unity/Caches/GiCache.
Failed to create GICache directory at the default location: C:/Users/Administrator/AppData/LocalLow/Unity/Caches/GiCache.
Failed to create GICache directory at the default location: C:/Users/Administrator/AppData/LocalLow/Unity/Caches/GiCache.
Failed to create GICache directory at the default location: C:/Users/Administrator/AppData/LocalLow/Unity/Caches/GiCache.
Failed to create GICache directory at the default location: C:/Users/Administrator/AppData/LocalLow/Unity/Caches/GiCache.
Failed to create GICache directory at the default location: C:/Users/Administrator/AppData/LocalLow/Unity/Caches/GiCache.
Failed to create GICache directory at the default location: C:/Users/Administrator/AppData/LocalLow/Unity/Caches/GiCache.
Failed to create GICache directory at the default location: C:/Users/Administrator/AppData/LocalLow/Unity/Caches/GiCache.
Failed to create GICache directory at the default location: C:/Users/Administrator/AppData/LocalLow/Unity/Caches/GiCache.
Failed to create GICache directory at the default location: C:/Users/Administrator/AppData/LocalLow/Unity/Caches/GiCache.
Failed to create GICache directory at the default location: C:/Users/Administrator/AppData/LocalLow/Unity/Caches/GiCache.
Failed to create GICache directory at the default location: C:/Users/Administrator/AppData/LocalLow/Unity/Caches/GiCache.
Failed to create GICache directory at the default location: C:/Users/Administrator/AppData/LocalLow/Unity/Caches/GiCache.
Failed to create GICache directory at the default location: C:/Users/Administrator/AppData/LocalLow/Unity/Caches/GiCache.
Failed to create GICache directory at the default location: C:/Users/Administrator/AppData/LocalLow/Unity/Caches/GiCache.
Failed to create GICache directory at the default location: C:/Users/Administrator/AppData/LocalLow/Unity/Caches/GiCache.
Failed to create GICache directory at the default location: C:/Users/Administrator/AppData/LocalLow/Unity/Caches/GiCache.
Failed to create GICache directory at the default location: C:/Users/Administrator/AppData/LocalLow/Unity/Caches/GiCache.
Failed to create GICache directory at the default location: C:/Users/Administrator/AppData/LocalLow/Unity/Caches/GiCache.
Failed to create GICache directory at the default location: C:/Users/Administrator/AppData/LocalLow/Unity/Caches/GiCache.
Failed to create GICache directory at the default location: C:/Users/Administrator/AppData/LocalLow/Unity/Caches/GiCache.
Failed to create GICache directory at the default location: C:/Users/Administrator/AppData/LocalLow/Unity/Caches/GiCache.
Failed to create GICache directory at the default location: C:/Users/Administrator/AppData/LocalLow/Unity/Caches/GiCache.
Failed to create GICache directory at the default location: C:/Users/Administrator/AppData/LocalLow/Unity/Caches/GiCache.
Failed to create GICache directory at the default location: C:/Users/Administrator/AppData/LocalLow/Unity/Caches/GiCache.
Failed to create GICache directory at the default location: C:/Users/Administrator/AppData/LocalLow/Unity/Caches/GiCache.
Failed to create GICache directory at the default location: C:/Users/Administrator/AppData/LocalLow/Unity/Caches/GiCache.
Failed to create GICache directory at the default location: C:/Users/Administrator/AppData/LocalLow/Unity/Caches/GiCache.
Failed to create GICache directory at the default location: C:/Users/Administrator/AppData/LocalLow/Unity/Caches/GiCache.
Failed to create GICache directory at the default location: C:/Users/Administrator/AppData/LocalLow/Unity/Caches/GiCache.
Failed to create GICache directory at the default location: C:/Users/Administrator/AppData/LocalLow/Unity/Caches/GiCache.
Failed to create GICache directory at the default location: C:/Users/Administrator/AppData/LocalLow/Unity/Caches/GiCache.
Failed to create GICache directory at the default location: C:/Users/Administrator/AppData/LocalLow/Unity/Caches/GiCache.
Failed to create GICache directory at the default location: C:/Users/Administrator/AppData/LocalLow/Unity/Caches/GiCache.
Failed to create GICache directory at the default location: C:/Users/Administrator/AppData/LocalLow/Unity/Caches/GiCache.
Failed to create GICache directory at the default location: C:/Users/Administrator/AppData/LocalLow/Unity/Caches/GiCache.
Failed to create GICache directory at the default location: C:/Users/Administrator/AppData/LocalLow/Unity/Caches/GiCache.
Failed to create GICache directory at the default location: C:/Users/Administrator/AppData/LocalLow/Unity/Caches/GiCache.
Failed to create GICache directory at the default location: C:/Users/Administrator/AppData/LocalLow/Unity/Caches/GiCache.
Failed to create GICache directory at the default location: C:/Users/Administrator/AppData/LocalLow/Unity/Caches/GiCache.
Failed to create GICache directory at the default location: C:/Users/Administrator/AppData/LocalLow/Unity/Caches/GiCache.
Failed to create GICache directory at the default location: C:/Users/Administrator/AppData/LocalLow/Unity/Caches/GiCache.
Failed to create GICache directory at the default location: C:/Users/Administrator/AppData/LocalLow/Unity/Caches/GiCache.
Failed to create GICache directory at the default location: C:/Users/Administrator/AppData/LocalLow/Unity/Caches/GiCache.
Failed to create GICache directory at the default location: C:/Users/Administrator/AppData/LocalLow/Unity/Caches/GiCache.
Failed to create GICache directory at the default location: C:/Users/Administrator/AppData/LocalLow/Unity/Caches/GiCache.
Failed to create GICache directory at the default location: C:/Users/Administrator/AppData/LocalLow/Unity/Caches/GiCache.
Failed to create GICache directory at the default location: C:/Users/Administrator/AppData/LocalLow/Unity/Caches/GiCache.
Failed to create GICache directory at the default location: C:/Users/Administrator/AppData/LocalLow/Unity/Caches/GiCache.
Failed to create GICache directory at the default location: C:/Users/Administrator/AppData/LocalLow/Unity/Caches/GiCache.
Failed to create GICache directory at the default location: C:/Users/Administrator/AppData/LocalLow/Unity/Caches/GiCache.
Failed to create GICache directory at the default location: C:/Users/Administrator/AppData/LocalLow/Unity/Caches/GiCache.
Failed to create GICache directory at the default location: C:/Users/Administrator/AppData/LocalLow/Unity/Caches/GiCache.
Failed to create GICache directory at the default location: C:/Users/Administrator/AppData/LocalLow/Unity/Caches/GiCache.
Failed to create GICache directory at the default location: C:/Users/Administrator/AppData/LocalLow/Unity/Caches/GiCache.
Failed to create GICache directory at the default location: C:/Users/Administrator/AppData/LocalLow/Unity/Caches/GiCache.
Failed to create GICache directory at the default location: C:/Users/Administrator/AppData/LocalLow/Unity/Caches/GiCache.
Failed to create GICache directory at the default location: C:/Users/Administrator/AppData/LocalLow/Unity/Caches/GiCache.
Failed to create GICache directory at the default location: C:/Users/Administrator/AppData/LocalLow/Unity/Caches/GiCache.
Failed to create GICache directory at the default location: C:/Users/Administrator/AppData/LocalLow/Unity/Caches/GiCache.
Failed to create GICache directory at the default location: C:/Users/Administrator/AppData/LocalLow/Unity/Caches/GiCache.
Failed to create GICache directory at the default location: C:/Users/Administrator/AppData/LocalLow/Unity/Caches/GiCache.
Failed to create GICache directory at the default location: C:/Users/Administrator/AppData/LocalLow/Unity/Caches/GiCache.
Failed to create GICache directory at the default location: C:/Users/Administrator/AppData/LocalLow/Unity/Caches/GiCache.
Failed to create GICache directory at the default location: C:/Users/Administrator/AppData/LocalLow/Unity/Caches/GiCache.
Failed to create GICache directory at the default location: C:/Users/Administrator/AppData/LocalLow/Unity/Caches/GiCache.
Failed to create GICache directory at the default location: C:/Users/Administrator/AppData/LocalLow/Unity/Caches/GiCache.
Failed to create GICache directory at the default location: C:/Users/Administrator/AppData/LocalLow/Unity/Caches/GiCache.
Failed to create GICache directory at the default location: C:/Users/Administrator/AppData/LocalLow/Unity/Caches/GiCache.
Failed to create GICache directory at the default location: C:/Users/Administrator/AppData/LocalLow/Unity/Caches/GiCache.
Failed to create GICache directory at the default location: C:/Users/Administrator/AppData/LocalLow/Unity/Caches/GiCache.
Failed to create GICache directory at the default location: C:/Users/Administrator/AppData/LocalLow/Unity/Caches/GiCache.
Failed to create GICache directory at the default location: C:/Users/Administrator/AppData/LocalLow/Unity/Caches/GiCache.
Failed to create GICache directory at the default location: C:/Users/Administrator/AppData/LocalLow/Unity/Caches/GiCache.
Failed to create GICache directory at the default location: C:/Users/Administrator/AppData/LocalLow/Unity/Caches/GiCache.
Failed to create GICache directory at the default location: C:/Users/Administrator/AppData/LocalLow/Unity/Caches/GiCache.
Failed to create GICache directory at the default location: C:/Users/Administrator/AppData/LocalLow/Unity/Caches/GiCache.
Failed to create GICache directory at the default location: C:/Users/Administrator/AppData/LocalLow/Unity/Caches/GiCache.
Failed to create GICache directory at the default location: C:/Users/Administrator/AppData/LocalLow/Unity/Caches/GiCache.
Failed to create GICache directory at the default location: C:/Users/Administrator/AppData/LocalLow/Unity/Caches/GiCache.
Failed to create GICache directory at the default location: C:/Users/Administrator/AppData/LocalLow/Unity/Caches/GiCache.
Failed to create GICache directory at the default location: C:/Users/Administrator/AppData/LocalLow/Unity/Caches/GiCache.
Failed to create GICache directory at the default location: C:/Users/Administrator/AppData/LocalLow/Unity/Caches/GiCache.
Failed to create GICache directory at the default location: C:/Users/Administrator/AppData/LocalLow/Unity/Caches/GiCache.
Failed to create GICache directory at the default location: C:/Users/Administrator/AppData/LocalLow/Unity/Caches/GiCache.
Failed to create GICache directory at the default location: C:/Users/Administrator/AppData/LocalLow/Unity/Caches/GiCache.
Failed to create GICache directory at the default location: C:/Users/Administrator/AppData/LocalLow/Unity/Caches/GiCache.
Failed to create GICache directory at the default location: C:/Users/Administrator/AppData/LocalLow/Unity/Caches/GiCache.
Failed to create GICache directory at the default location: C:/Users/Administrator/AppData/LocalLow/Unity/Caches/GiCache.
Failed to create GICache directory at the default location: C:/Users/Administrator/AppData/LocalLow/Unity/Caches/GiCache.
Failed to create GICache directory at the default location: C:/Users/Administrator/AppData/LocalLow/Unity/Caches/GiCache.
Failed to create GICache directory at the default location: C:/Users/Administrator/AppData/LocalLow/Unity/Caches/GiCache.
Failed to create GICache directory at the default location: C:/Users/Administrator/AppData/LocalLow/Unity/Caches/GiCache.
Failed to create GICache directory at the default location: C:/Users/Administrator/AppData/LocalLow/Unity/Caches/GiCache.
Failed to create GICache directory at the default location: C:/Users/Administrator/AppData/LocalLow/Unity/Caches/GiCache.
Failed to create GICache directory at the default location: C:/Users/Administrator/AppData/LocalLow/Unity/Caches/GiCache.
Failed to create GICache directory at the default location: C:/Users/Administrator/AppData/LocalLow/Unity/Caches/GiCache.
Failed to create GICache directory at the default location: C:/Users/Administrator/AppData/LocalLow/Unity/Caches/GiCache.
Failed to create GICache directory at the default location: C:/Users/Administrator/AppData/LocalLow/Unity/Caches/GiCache.
Failed to create GICache directory at the default location: C:/Users/Administrator/AppData/LocalLow/Unity/Caches/GiCache.
Failed to create GICache directory at the default location: C:/Users/Administrator/AppData/LocalLow/Unity/Caches/GiCache.
Failed to create GICache directory at the default location: C:/Users/Administrator/AppData/LocalLow/Unity/Caches/GiCache.
Failed to create GICache directory at the default location: C:/Users/Administrator/AppData/LocalLow/Unity/Caches/GiCache.
Failed to create GICache directory at the default location: C:/Users/Administrator/AppData/LocalLow/Unity/Caches/GiCache.
Failed to create GICache directory at the default location: C:/Users/Administrator/AppData/LocalLow/Unity/Caches/GiCache.
Failed to create GICache directory at the default location: C:/Users/Administrator/AppData/LocalLow/Unity/Caches/GiCache.
Failed to create GICache directory at the default location: C:/Users/Administrator/AppData/LocalLow/Unity/Caches/GiCache.
Failed to create GICache directory at the default location: C:/Users/Administrator/AppData/LocalLow/Unity/Caches/GiCache.
Failed to create GICache directory at the default location: C:/Users/Administrator/AppData/LocalLow/Unity/Caches/GiCache.
Failed to create GICache directory at the default location: C:/Users/Administrator/AppData/LocalLow/Unity/Caches/GiCache.
Failed to create GICache directory at the default location: C:/Users/Administrator/AppData/LocalLow/Unity/Caches/GiCache.
Failed to create GICache directory at the default location: C:/Users/Administrator/AppData/LocalLow/Unity/Caches/GiCache.
Failed to create GICache directory at the default location: C:/Users/Administrator/AppData/LocalLow/Unity/Caches/GiCache.
Failed to create GICache directory at the default location: C:/Users/Administrator/AppData/LocalLow/Unity/Caches/GiCache.
Failed to create GICache directory at the default location: C:/Users/Administrator/AppData/LocalLow/Unity/Caches/GiCache.
Failed to create GICache directory at the default location: C:/Users/Administrator/AppData/LocalLow/Unity/Caches/GiCache.
Failed to create GICache directory at the default location: C:/Users/Administrator/AppData/LocalLow/Unity/Caches/GiCache.
Failed to create GICache directory at the default location: C:/Users/Administrator/AppData/LocalLow/Unity/Caches/GiCache.
Failed to create GICache directory at the default location: C:/Users/Administrator/AppData/LocalLow/Unity/Caches/GiCache.
Failed to create GICache directory at the default location: C:/Users/Administrator/AppData/LocalLow/Unity/Caches/GiCache.
Failed to create GICache directory at the default location: C:/Users/Administrator/AppData/LocalLow/Unity/Caches/GiCache.
Failed to create GICache directory at the default location: C:/Users/Administrator/AppData/LocalLow/Unity/Caches/GiCache.
Failed to create GICache directory at the default location: C:/Users/Administrator/AppData/LocalLow/Unity/Caches/GiCache.
Failed to create GICache directory at the default location: C:/Users/Administrator/AppData/LocalLow/Unity/Caches/GiCache.
Failed to create GICache directory at the default location: C:/Users/Administrator/AppData/LocalLow/Unity/Caches/GiCache.
Failed to create GICache directory at the default location: C:/Users/Administrator/AppData/LocalLow/Unity/Caches/GiCache.
Failed to create GICache directory at the default location: C:/Users/Administrator/AppData/LocalLow/Unity/Caches/GiCache.
Failed to create GICache directory at the default location: C:/Users/Administrator/AppData/LocalLow/Unity/Caches/GiCache.
Failed to create GICache directory at the default location: C:/Users/Administrator/AppData/LocalLow/Unity/Caches/GiCache.
Failed to create GICache directory at the default location: C:/Users/Administrator/AppData/LocalLow/Unity/Caches/GiCache.
Failed to create GICache directory at the default location: C:/Users/Administrator/AppData/LocalLow/Unity/Caches/GiCache.
Failed to create GICache directory at the default location: C:/Users/Administrator/AppData/LocalLow/Unity/Caches/GiCache.
Failed to create GICache directory at the default location: C:/Users/Administrator/AppData/LocalLow/Unity/Caches/GiCache.
Failed to create GICache directory at the default location: C:/Users/Administrator/AppData/LocalLow/Unity/Caches/GiCache.
Failed to create GICache directory at the default location: C:/Users/Administrator/AppData/LocalLow/Unity/Caches/GiCache.
Failed to create GICache directory at the default location: C:/Users/Administrator/AppData/LocalLow/Unity/Caches/GiCache.
Failed to create GICache directory at the default location: C:/Users/Administrator/AppData/LocalLow/Unity/Caches/GiCache.
Failed to create GICache directory at the default location: C:/Users/Administrator/AppData/LocalLow/Unity/Caches/GiCache.
Failed to create GICache directory at the default location: C:/Users/Administrator/AppData/LocalLow/Unity/Caches/GiCache.
Failed to create GICache directory at the default location: C:/Users/Administrator/AppData/LocalLow/Unity/Caches/GiCache.
Failed to create GICache directory at the default location: C:/Users/Administrator/AppData/LocalLow/Unity/Caches/GiCache.
Failed to create GICache directory at the default location: C:/Users/Administrator/AppData/LocalLow/Unity/Caches/GiCache.
Failed to create GICache directory at the default location: C:/Users/Administrator/AppData/LocalLow/Unity/Caches/GiCache.
Failed to create GICache directory at the default location: C:/Users/Administrator/AppData/LocalLow/Unity/Caches/GiCache.
Failed to create GICache directory at the default location: C:/Users/Administrator/AppData/LocalLow/Unity/Caches/GiCache.
Failed to create GICache directory at the default location: C:/Users/Administrator/AppData/LocalLow/Unity/Caches/GiCache.
Failed to create GICache directory at the default location: C:/Users/Administrator/AppData/LocalLow/Unity/Caches/GiCache.
Failed to create GICache directory at the default location: C:/Users/Administrator/AppData/LocalLow/Unity/Caches/GiCache.
Failed to create GICache directory at the default location: C:/Users/Administrator/AppData/LocalLow/Unity/Caches/GiCache.
Failed to create GICache directory at the default location: C:/Users/Administrator/AppData/LocalLow/Unity/Caches/GiCache.
Failed to create GICache directory at the default location: C:/Users/Administrator/AppData/LocalLow/Unity/Caches/GiCache.
Failed to create GICache directory at the default location: C:/Users/Administrator/AppData/LocalLow/Unity/Caches/GiCache.
Failed to create GICache directory at the default location: C:/Users/Administrator/AppData/LocalLow/Unity/Caches/GiCache.
Failed to create GICache directory at the default location: C:/Users/Administrator/AppData/LocalLow/Unity/Caches/GiCache.
Failed to create GICache directory at the default location: C:/Users/Administrator/AppData/LocalLow/Unity/Caches/GiCache.
Failed to create GICache directory at the default location: C:/Users/Administrator/AppData/LocalLow/Unity/Caches/GiCache.
Failed to create GICache directory at the default location: C:/Users/Administrator/AppData/LocalLow/Unity/Caches/GiCache.
Failed to create GICache directory at the default location: C:/Users/Administrator/AppData/LocalLow/Unity/Caches/GiCache.
Failed to create GICache directory at the default location: C:/Users/Administrator/AppData/LocalLow/Unity/Caches/GiCache.
Failed to create GICache directory at the default location: C:/Users/Administrator/AppData/LocalLow/Unity/Caches/GiCache.
Failed to create GICache directory at the default location: C:/Users/Administrator/AppData/LocalLow/Unity/Caches/GiCache.
Failed to create GICache directory at the default location: C:/Users/Administrator/AppData/LocalLow/Unity/Caches/GiCache.
Failed to create GICache directory at the default location: C:/Users/Administrator/AppData/LocalLow/Unity/Caches/GiCache.
Failed to create GICache directory at the default location: C:/Users/Administrator/AppData/LocalLow/Unity/Caches/GiCache.
Failed to create GICache directory at the default location: C:/Users/Administrator/AppData/LocalLow/Unity/Caches/GiCache.
Failed to create GICache directory at the default location: C:/Users/Administrator/AppData/LocalLow/Unity/Caches/GiCache.
Failed to create GICache directory at the default location: C:/Users/Administrator/AppData/LocalLow/Unity/Caches/GiCache.
Failed to create GICache directory at the default location: C:/Users/Administrator/AppData/LocalLow/Unity/Caches/GiCache.
Failed to create GICache directory at the default location: C:/Users/Administrator/AppData/LocalLow/Unity/Caches/GiCache.
Failed to create GICache directory at the default location: C:/Users/Administrator/AppData/LocalLow/Unity/Caches/GiCache.
Failed to create GICache directory at the default location: C:/Users/Administrator/AppData/LocalLow/Unity/Caches/GiCache.
Failed to create GICache directory at the default location: C:/Users/Administrator/AppData/LocalLow/Unity/Caches/GiCache.
Failed to create GICache directory at the default location: C:/Users/Administrator/AppData/LocalLow/Unity/Caches/GiCache.
Failed to create GICache directory at the default location: C:/Users/Administrator/AppData/LocalLow/Unity/Caches/GiCache.
Failed to create GICache directory at the default location: C:/Users/Administrator/AppData/LocalLow/Unity/Caches/GiCache.
Failed to create GICache directory at the default location: C:/Users/Administrator/AppData/LocalLow/Unity/Caches/GiCache.
Failed to create GICache directory at the default location: C:/Users/Administrator/AppData/LocalLow/Unity/Caches/GiCache.
Failed to create GICache directory at the default location: C:/Users/Administrator/AppData/LocalLow/Unity/Caches/GiCache.
Failed to create GICache directory at the default location: C:/Users/Administrator/AppData/LocalLow/Unity/Caches/GiCache.
Failed to create GICache directory at the default location: C:/Users/Administrator/AppData/LocalLow/Unity/Caches/GiCache.
Failed to create GICache directory at the default location: C:/Users/Administrator/AppData/LocalLow/Unity/Caches/GiCache.
Failed to create GICache directory at the default location: C:/Users/Administrator/AppData/LocalLow/Unity/Caches/GiCache.
Failed to create GICache directory at the default location: C:/Users/Administrator/AppData/LocalLow/Unity/Caches/GiCache.
Failed to create GICache directory at the default location: C:/Users/Administrator/AppData/LocalLow/Unity/Caches/GiCache.
Failed to create GICache directory at the default location: C:/Users/Administrator/AppData/LocalLow/Unity/Caches/GiCache.
Failed to create GICache directory at the default location: C:/Users/Administrator/AppData/LocalLow/Unity/Caches/GiCache.
Failed to create GICache directory at the default location: C:/Users/Administrator/AppData/LocalLow/Unity/Caches/GiCache.
Failed to create GICache directory at the default location: C:/Users/Administrator/AppData/LocalLow/Unity/Caches/GiCache.
Failed to create GICache directory at the default location: C:/Users/Administrator/AppData/LocalLow/Unity/Caches/GiCache.
Failed to create GICache directory at the default location: C:/Users/Administrator/AppData/LocalLow/Unity/Caches/GiCache.
Failed to create GICache directory at the default location: C:/Users/Administrator/AppData/LocalLow/Unity/Caches/GiCache.
Failed to create GICache directory at the default location: C:/Users/Administrator/AppData/LocalLow/Unity/Caches/GiCache.
Failed to create GICache directory at the default location: C:/Users/Administrator/AppData/LocalLow/Unity/Caches/GiCache.
Failed to create GICache directory at the default location: C:/Users/Administrator/AppData/LocalLow/Unity/Caches/GiCache.
Failed to create GICache directory at the default location: C:/Users/Administrator/AppData/LocalLow/Unity/Caches/GiCache.
Failed to create GICache directory at the default location: C:/Users/Administrator/AppData/LocalLow/Unity/Caches/GiCache.
Failed to create GICache directory at the default location: C:/Users/Administrator/AppData/LocalLow/Unity/Caches/GiCache.
Failed to create GICache directory at the default location: C:/Users/Administrator/AppData/LocalLow/Unity/Caches/GiCache.
Failed to create GICache directory at the default location: C:/Users/Administrator/AppData/LocalLow/Unity/Caches/GiCache.
Failed to create GICache directory at the default location: C:/Users/Administrator/AppData/LocalLow/Unity/Caches/GiCache.
Failed to create GICache directory at the default location: C:/Users/Administrator/AppData/LocalLow/Unity/Caches/GiCache.
Failed to create GICache directory at the default location: C:/Users/Administrator/AppData/LocalLow/Unity/Caches/GiCache.
Failed to create GICache directory at the default location: C:/Users/Administrator/AppData/LocalLow/Unity/Caches/GiCache.
Failed to create GICache directory at the default location: C:/Users/Administrator/AppData/LocalLow/Unity/Caches/GiCache.
Failed to create GICache directory at the default location: C:/Users/Administrator/AppData/LocalLow/Unity/Caches/GiCache.
Failed to create GICache directory at the default location: C:/Users/Administrator/AppData/LocalLow/Unity/Caches/GiCache.
Failed to create GICache directory at the default location: C:/Users/Administrator/AppData/LocalLow/Unity/Caches/GiCache.
Failed to create GICache directory at the default location: C:/Users/Administrator/AppData/LocalLow/Unity/Caches/GiCache.
Failed to create GICache directory at the default location: C:/Users/Administrator/AppData/LocalLow/Unity/Caches/GiCache.
Failed to create GICache directory at the default location: C:/Users/Administrator/AppData/LocalLow/Unity/Caches/GiCache.
Failed to create GICache directory at the default location: C:/Users/Administrator/AppData/LocalLow/Unity/Caches/GiCache.
Failed to create GICache directory at the default location: C:/Users/Administrator/AppData/LocalLow/Unity/Caches/GiCache.
Failed to create GICache directory at the default location: C:/Users/Administrator/AppData/LocalLow/Unity/Caches/GiCache.
Failed to create GICache directory at the default location: C:/Users/Administrator/AppData/LocalLow/Unity/Caches/GiCache.
Failed to create GICache directory at the default location: C:/Users/Administrator/AppData/LocalLow/Unity/Caches/GiCache.
Failed to create GICache directory at the default location: C:/Users/Administrator/AppData/LocalLow/Unity/Caches/GiCache.
Failed to create GICache directory at the default location: C:/Users/Administrator/AppData/LocalLow/Unity/Caches/GiCache.
Failed to create GICache directory at the default location: C:/Users/Administrator/AppData/LocalLow/Unity/Caches/GiCache.
Failed to create GICache directory at the default location: C:/Users/Administrator/AppData/LocalLow/Unity/Caches/GiCache.
Failed to create GICache directory at the default location: C:/Users/Administrator/AppData/LocalLow/Unity/Caches/GiCache.
Failed to create GICache directory at the default location: C:/Users/Administrator/AppData/LocalLow/Unity/Caches/GiCache.
Failed to create GICache directory at the default location: C:/Users/Administrator/AppData/LocalLow/Unity/Caches/GiCache.
Failed to create GICache directory at the default location: C:/Users/Administrator/AppData/LocalLow/Unity/Caches/GiCache.
Failed to create GICache directory at the default location: C:/Users/Administrator/AppData/LocalLow/Unity/Caches/GiCache.
Failed to create GICache directory at the default location: C:/Users/Administrator/AppData/LocalLow/Unity/Caches/GiCache.
Failed to create GICache directory at the default location: C:/Users/Administrator/AppData/LocalLow/Unity/Caches/GiCache.
Failed to create GICache directory at the default location: C:/Users/Administrator/AppData/LocalLow/Unity/Caches/GiCache.
Failed to create GICache directory at the default location: C:/Users/Administrator/AppData/LocalLow/Unity/Caches/GiCache.
Failed to create GICache directory at the default location: C:/Users/Administrator/AppData/LocalLow/Unity/Caches/GiCache.
Failed to create GICache directory at the default location: C:/Users/Administrator/AppData/LocalLow/Unity/Caches/GiCache.
Failed to create GICache directory at the default location: C:/Users/Administrator/AppData/LocalLow/Unity/Caches/GiCache.
Failed to create GICache directory at the default location: C:/Users/Administrator/AppData/LocalLow/Unity/Caches/GiCache.
Failed to create GICache directory at the default location: C:/Users/Administrator/AppData/LocalLow/Unity/Caches/GiCache.
Failed to create GICache directory at the default location: C:/Users/Administrator/AppData/LocalLow/Unity/Caches/GiCache.
Failed to create GICache directory at the default location: C:/Users/Administrator/AppData/LocalLow/Unity/Caches/GiCache.
Failed to create GICache directory at the default location: C:/Users/Administrator/AppData/LocalLow/Unity/Caches/GiCache.
Failed to create GICache directory at the default location: C:/Users/Administrator/AppData/LocalLow/Unity/Caches/GiCache.
Failed to create GICache directory at the default location: C:/Users/Administrator/AppData/LocalLow/Unity/Caches/GiCache.
Failed to create GICache directory at the default location: C:/Users/Administrator/AppData/LocalLow/Unity/Caches/GiCache.
Failed to create GICache directory at the default location: C:/Users/Administrator/AppData/LocalLow/Unity/Caches/GiCache.
Failed to create GICache directory at the default location: C:/Users/Administrator/AppData/LocalLow/Unity/Caches/GiCache.
Failed to create GICache directory at the default location: C:/Users/Administrator/AppData/LocalLow/Unity/Caches/GiCache.
Failed to create GICache directory at the default location: C:/Users/Administrator/AppData/LocalLow/Unity/Caches/GiCache.
Failed to create GICache directory at the default location: C:/Users/Administrator/AppData/LocalLow/Unity/Caches/GiCache.
Failed to create GICache directory at the default location: C:/Users/Administrator/AppData/LocalLow/Unity/Caches/GiCache.
Failed to create GICache directory at the default location: C:/Users/Administrator/AppData/LocalLow/Unity/Caches/GiCache.
Failed to create GICache directory at the default location: C:/Users/Administrator/AppData/LocalLow/Unity/Caches/GiCache.
Failed to create GICache directory at the default location: C:/Users/Administrator/AppData/LocalLow/Unity/Caches/GiCache.
Failed to create GICache directory at the default location: C:/Users/Administrator/AppData/LocalLow/Unity/Caches/GiCache.
Failed to create GICache directory at the default location: C:/Users/Administrator/AppData/LocalLow/Unity/Caches/GiCache.
Failed to create GICache directory at the default location: C:/Users/Administrator/AppData/LocalLow/Unity/Caches/GiCache.
Failed to create GICache directory at the default location: C:/Users/Administrator/AppData/LocalLow/Unity/Caches/GiCache.
Failed to create GICache directory at the default location: C:/Users/Administrator/AppData/LocalLow/Unity/Caches/GiCache.
Failed to create GICache directory at the default location: C:/Users/Administrator/AppData/LocalLow/Unity/Caches/GiCache.
Failed to create GICache directory at the default location: C:/Users/Administrator/AppData/LocalLow/Unity/Caches/GiCache.
Failed to create GICache directory at the default location: C:/Users/Administrator/AppData/LocalLow/Unity/Caches/GiCache.
Failed to create GICache directory at the default location: C:/Users/Administrator/AppData/LocalLow/Unity/Caches/GiCache.
Failed to create GICache directory at the default location: C:/Users/Administrator/AppData/LocalLow/Unity/Caches/GiCache.
Failed to create GICache directory at the default location: C:/Users/Administrator/AppData/LocalLow/Unity/Caches/GiCache.
Failed to create GICache directory at the default location: C:/Users/Administrator/AppData/LocalLow/Unity/Caches/GiCache.
Failed to create GICache directory at the default location: C:/Users/Administrator/AppData/LocalLow/Unity/Caches/GiCache.
Failed to create GICache directory at the default location: C:/Users/Administrator/AppData/LocalLow/Unity/Caches/GiCache.
Failed to create GICache directory at the default location: C:/Users/Administrator/AppData/LocalLow/Unity/Caches/GiCache.
Failed to create GICache directory at the default location: C:/Users/Administrator/AppData/LocalLow/Unity/Caches/GiCache.
Failed to create GICache directory at the default location: C:/Users/Administrator/AppData/LocalLow/Unity/Caches/GiCache.
Failed to create GICache directory at the default location: C:/Users/Administrator/AppData/LocalLow/Unity/Caches/GiCache.
Failed to create GICache directory at the default location: C:/Users/Administrator/AppData/LocalLow/Unity/Caches/GiCache.
Failed to create GICache directory at the default location: C:/Users/Administrator/AppData/LocalLow/Unity/Caches/GiCache.
Failed to create GICache directory at the default location: C:/Users/Administrator/AppData/LocalLow/Unity/Caches/GiCache.
Failed to create GICache directory at the default location: C:/Users/Administrator/AppData/LocalLow/Unity/Caches/GiCache.
Failed to create GICache directory at the default location: C:/Users/Administrator/AppData/LocalLow/Unity/Caches/GiCache.
Failed to create GICache directory at the default location: C:/Users/Administrator/AppData/LocalLow/Unity/Caches/GiCache.
Failed to create GICache directory at the default location: C:/Users/Administrator/AppData/LocalLow/Unity/Caches/GiCache.
Failed to create GICache directory at the default location: C:/Users/Administrator/AppData/LocalLow/Unity/Caches/GiCache.
Failed to create GICache directory at the default location: C:/Users/Administrator/AppData/LocalLow/Unity/Caches/GiCache.
Failed to create GICache directory at the default location: C:/Users/Administrator/AppData/LocalLow/Unity/Caches/GiCache.
Failed to create GICache directory at the default location: C:/Users/Administrator/AppData/LocalLow/Unity/Caches/GiCache.
Failed to create GICache directory at the default location: C:/Users/Administrator/AppData/LocalLow/Unity/Caches/GiCache.
Failed to create GICache directory at the default location: C:/Users/Administrator/AppData/LocalLow/Unity/Caches/GiCache.
Failed to create GICache directory at the default location: C:/Users/Administrator/AppData/LocalLow/Unity/Caches/GiCache.
Failed to create GICache directory at the default location: C:/Users/Administrator/AppData/LocalLow/Unity/Caches/GiCache.
Failed to create GICache directory at the default location: C:/Users/Administrator/AppData/LocalLow/Unity/Caches/GiCache.
Failed to create GICache directory at the default location: C:/Users/Administrator/AppData/LocalLow/Unity/Caches/GiCache.
Failed to create GICache directory at the default location: C:/Users/Administrator/AppData/LocalLow/Unity/Caches/GiCache.
Failed to create GICache directory at the default location: C:/Users/Administrator/AppData/LocalLow/Unity/Caches/GiCache.
Failed to create GICache directory at the default location: C:/Users/Administrator/AppData/LocalLow/Unity/Caches/GiCache.
Failed to create GICache directory at the default location: C:/Users/Administrator/AppData/LocalLow/Unity/Caches/GiCache.
Failed to create GICache directory at the default location: C:/Users/Administrator/AppData/LocalLow/Unity/Caches/GiCache.
Failed to create GICache directory at the default location: C:/Users/Administrator/AppData/LocalLow/Unity/Caches/GiCache.
Failed to create GICache directory at the default location: C:/Users/Administrator/AppData/LocalLow/Unity/Caches/GiCache.
Failed to create GICache directory at the default location: C:/Users/Administrator/AppData/LocalLow/Unity/Caches/GiCache.
Failed to create GICache directory at the default location: C:/Users/Administrator/AppData/LocalLow/Unity/Caches/GiCache.
Failed to create GICache directory at the default location: C:/Users/Administrator/AppData/LocalLow/Unity/Caches/GiCache.
Failed to create GICache directory at the default location: C:/Users/Administrator/AppData/LocalLow/Unity/Caches/GiCache.
Failed to create GICache directory at the default location: C:/Users/Administrator/AppData/LocalLow/Unity/Caches/GiCache.
Failed to create GICache directory at the default location: C:/Users/Administrator/AppData/LocalLow/Unity/Caches/GiCache.
Failed to create GICache directory at the default location: C:/Users/Administrator/AppData/LocalLow/Unity/Caches/GiCache.
Failed to create GICache directory at the default location: C:/Users/Administrator/AppData/LocalLow/Unity/Caches/GiCache.
Failed to create GICache directory at the default location: C:/Users/Administrator/AppData/LocalLow/Unity/Caches/GiCache.
Failed to create GICache directory at the default location: C:/Users/Administrator/AppData/LocalLow/Unity/Caches/GiCache.
Failed to create GICache directory at the default location: C:/Users/Administrator/AppData/LocalLow/Unity/Caches/GiCache.
Failed to create GICache directory at the default location: C:/Users/Administrator/AppData/LocalLow/Unity/Caches/GiCache.
Failed to create GICache directory at the default location: C:/Users/Administrator/AppData/LocalLow/Unity/Caches/GiCache.
Failed to create GICache directory at the default location: C:/Users/Administrator/AppData/LocalLow/Unity/Caches/GiCache.
Failed to create GICache directory at the default location: C:/Users/Administrator/AppData/LocalLow/Unity/Caches/GiCache.
Failed to create GICache directory at the default location: C:/Users/Administrator/AppData/LocalLow/Unity/Caches/GiCache.
Failed to create GICache directory at the default location: C:/Users/Administrator/AppData/LocalLow/Unity/Caches/GiCache.
Failed to create GICache directory at the default location: C:/Users/Administrator/AppData/LocalLow/Unity/Caches/GiCache.
Failed to create GICache directory at the default location: C:/Users/Administrator/AppData/LocalLow/Unity/Caches/GiCache.
Failed to create GICache directory at the default location: C:/Users/Administrator/AppData/LocalLow/Unity/Caches/GiCache.
Failed to create GICache directory at the default location: C:/Users/Administrator/AppData/LocalLow/Unity/Caches/GiCache.
Failed to create GICache directory at the default location: C:/Users/Administrator/AppData/LocalLow/Unity/Caches/GiCache.
Failed to create GICache directory at the default location: C:/Users/Administrator/AppData/LocalLow/Unity/Caches/GiCache.
Failed to create GICache directory at the default location: C:/Users/Administrator/AppData/LocalLow/Unity/Caches/GiCache.
Failed to create GICache directory at the default location: C:/Users/Administrator/AppData/LocalLow/Unity/Caches/GiCache.
Failed to create GICache directory at the default location: C:/Users/Administrator/AppData/LocalLow/Unity/Caches/GiCache.
Failed to create GICache directory at the default location: C:/Users/Administrator/AppData/LocalLow/Unity/Caches/GiCache.
Failed to create GICache directory at the default location: C:/Users/Administrator/AppData/LocalLow/Unity/Caches/GiCache.
Failed to create GICache directory at the default location: C:/Users/Administrator/AppData/LocalLow/Unity/Caches/GiCache.
Failed to create GICache directory at the default location: C:/Users/Administrator/AppData/LocalLow/Unity/Caches/GiCache.
Failed to create GICache directory at the default location: C:/Users/Administrator/AppData/LocalLow/Unity/Caches/GiCache.
Failed to create GICache directory at the default location: C:/Users/Administrator/AppData/LocalLow/Unity/Caches/GiCache.
Failed to create GICache directory at the default location: C:/Users/Administrator/AppData/LocalLow/Unity/Caches/GiCache.
Failed to create GICache directory at the default location: C:/Users/Administrator/AppData/LocalLow/Unity/Caches/GiCache.
Failed to create GICache directory at the default location: C:/Users/Administrator/AppData/LocalLow/Unity/Caches/GiCache.
Failed to create GICache directory at the default location: C:/Users/Administrator/AppData/LocalLow/Unity/Caches/GiCache.
Failed to create GICache directory at the default location: C:/Users/Administrator/AppData/LocalLow/Unity/Caches/GiCache.
Failed to create GICache directory at the default location: C:/Users/Administrator/AppData/LocalLow/Unity/Caches/GiCache.
Failed to create GICache directory at the default location: C:/Users/Administrator/AppData/LocalLow/Unity/Caches/GiCache.
Failed to create GICache directory at the default location: C:/Users/Administrator/AppData/LocalLow/Unity/Caches/GiCache.
Failed to create GICache directory at the default location: C:/Users/Administrator/AppData/LocalLow/Unity/Caches/GiCache.
Failed to create GICache directory at the default location: C:/Users/Administrator/AppData/LocalLow/Unity/Caches/GiCache.
Failed to create GICache directory at the default location: C:/Users/Administrator/AppData/LocalLow/Unity/Caches/GiCache.
Failed to create GICache directory at the default location: C:/Users/Administrator/AppData/LocalLow/Unity/Caches/GiCache.
Failed to create GICache directory at the default location: C:/Users/Administrator/AppData/LocalLow/Unity/Caches/GiCache.
Failed to create GICache directory at the default location: C:/Users/Administrator/AppData/LocalLow/Unity/Caches/GiCache.
Failed to create GICache directory at the default location: C:/Users/Administrator/AppData/LocalLow/Unity/Caches/GiCache.
Failed to create GICache directory at the default location: C:/Users/Administrator/AppData/LocalLow/Unity/Caches/GiCache.
Failed to create GICache directory at the default location: C:/Users/Administrator/AppData/LocalLow/Unity/Caches/GiCache.
Failed to create GICache directory at the default location: C:/Users/Administrator/AppData/LocalLow/Unity/Caches/GiCache.
Failed to create GICache directory at the default location: C:/Users/Administrator/AppData/LocalLow/Unity/Caches/GiCache.
Failed to create GICache directory at the default location: C:/Users/Administrator/AppData/LocalLow/Unity/Caches/GiCache.
Failed to create GICache directory at the default location: C:/Users/Administrator/AppData/LocalLow/Unity/Caches/GiCache.
Failed to create GICache directory at the default location: C:/Users/Administrator/AppData/LocalLow/Unity/Caches/GiCache.
Failed to create GICache directory at the default location: C:/Users/Administrator/AppData/LocalLow/Unity/Caches/GiCache.
Failed to create GICache directory at the default location: C:/Users/Administrator/AppData/LocalLow/Unity/Caches/GiCache.
Failed to create GICache directory at the default location: C:/Users/Administrator/AppData/LocalLow/Unity/Caches/GiCache.
Failed to create GICache directory at the default location: C:/Users/Administrator/AppData/LocalLow/Unity/Caches/GiCache.
Failed to create GICache directory at the default location: C:/Users/Administrator/AppData/LocalLow/Unity/Caches/GiCache.
Failed to create GICache directory at the default location: C:/Users/Administrator/AppData/LocalLow/Unity/Caches/GiCache.
Failed to create GICache directory at the default location: C:/Users/Administrator/AppData/LocalLow/Unity/Caches/GiCache.
Failed to create GICache directory at the default location: C:/Users/Administrator/AppData/LocalLow/Unity/Caches/GiCache.
Failed to create GICache directory at the default location: C:/Users/Administrator/AppData/LocalLow/Unity/Caches/GiCache.
Failed to create GICache directory at the default location: C:/Users/Administrator/AppData/LocalLow/Unity/Caches/GiCache.
Failed to create GICache directory at the default location: C:/Users/Administrator/AppData/LocalLow/Unity/Caches/GiCache.
Failed to create GICache directory at the default location: C:/Users/Administrator/AppData/LocalLow/Unity/Caches/GiCache.
Failed to create GICache directory at the default location: C:/Users/Administrator/AppData/LocalLow/Unity/Caches/GiCache.
Failed to create GICache directory at the default location: C:/Users/Administrator/AppData/LocalLow/Unity/Caches/GiCache.
Failed to create GICache directory at the default location: C:/Users/Administrator/AppData/LocalLow/Unity/Caches/GiCache.
Failed to create GICache directory at the default location: C:/Users/Administrator/AppData/LocalLow/Unity/Caches/GiCache.
Failed to create GICache directory at the default location: C:/Users/Administrator/AppData/LocalLow/Unity/Caches/GiCache.
Failed to create GICache directory at the default location: C:/Users/Administrator/AppData/LocalLow/Unity/Caches/GiCache.
Failed to create GICache directory at the default location: C:/Users/Administrator/AppData/LocalLow/Unity/Caches/GiCache.
Failed to create GICache directory at the default location: C:/Users/Administrator/AppData/LocalLow/Unity/Caches/GiCache.
Failed to create GICache directory at the default location: C:/Users/Administrator/AppData/LocalLow/Unity/Caches/GiCache.
Failed to create GICache directory at the default location: C:/Users/Administrator/AppData/LocalLow/Unity/Caches/GiCache.
Failed to create GICache directory at the default location: C:/Users/Administrator/AppData/LocalLow/Unity/Caches/GiCache.
Failed to create GICache directory at the default location: C:/Users/Administrator/AppData/LocalLow/Unity/Caches/GiCache.
Failed to create GICache directory at the default location: C:/Users/Administrator/AppData/LocalLow/Unity/Caches/GiCache.
Failed to create GICache directory at the default location: C:/Users/Administrator/AppData/LocalLow/Unity/Caches/GiCache.
Failed to create GICache directory at the default location: C:/Users/Administrator/AppData/LocalLow/Unity/Caches/GiCache.
Failed to create GICache directory at the default location: C:/Users/Administrator/AppData/LocalLow/Unity/Caches/GiCache.
Failed to create GICache directory at the default location: C:/Users/Administrator/AppData/LocalLow/Unity/Caches/GiCache.
Failed to create GICache directory at the default location: C:/Users/Administrator/AppData/LocalLow/Unity/Caches/GiCache.
Failed to create GICache directory at the default location: C:/Users/Administrator/AppData/LocalLow/Unity/Caches/GiCache.
Failed to create GICache directory at the default location: C:/Users/Administrator/AppData/LocalLow/Unity/Caches/GiCache.
Failed to create GICache directory at the default location: C:/Users/Administrator/AppData/LocalLow/Unity/Caches/GiCache.
Failed to create GICache directory at the default location: C:/Users/Administrator/AppData/LocalLow/Unity/Caches/GiCache.
Failed to create GICache directory at the default location: C:/Users/Administrator/AppData/LocalLow/Unity/Caches/GiCache.
Failed to create GICache directory at the default location: C:/Users/Administrator/AppData/LocalLow/Unity/Caches/GiCache.
Failed to create GICache directory at the default location: C:/Users/Administrator/AppData/LocalLow/Unity/Caches/GiCache.
Failed to create GICache directory at the default location: C:/Users/Administrator/AppData/LocalLow/Unity/Caches/GiCache.
Failed to create GICache directory at the default location: C:/Users/Administrator/AppData/LocalLow/Unity/Caches/GiCache.
Failed to create GICache directory at the default location: C:/Users/Administrator/AppData/LocalLow/Unity/Caches/GiCache.
Failed to create GICache directory at the default location: C:/Users/Administrator/AppData/LocalLow/Unity/Caches/GiCache.
Failed to create GICache directory at the default location: C:/Users/Administrator/AppData/LocalLow/Unity/Caches/GiCache.
Failed to create GICache directory at the default location: C:/Users/Administrator/AppData/LocalLow/Unity/Caches/GiCache.
Failed to create GICache directory at the default location: C:/Users/Administrator/AppData/LocalLow/Unity/Caches/GiCache.
Failed to create GICache directory at the default location: C:/Users/Administrator/AppData/LocalLow/Unity/Caches/GiCache.
Failed to create GICache directory at the default location: C:/Users/Administrator/AppData/LocalLow/Unity/Caches/GiCache.
Failed to create GICache directory at the default location: C:/Users/Administrator/AppData/LocalLow/Unity/Caches/GiCache.
Failed to create GICache directory at the default location: C:/Users/Administrator/AppData/LocalLow/Unity/Caches/GiCache.
Failed to create GICache directory at the default location: C:/Users/Administrator/AppData/LocalLow/Unity/Caches/GiCache.
Failed to create GICache directory at the default location: C:/Users/Administrator/AppData/LocalLow/Unity/Caches/GiCache.
Failed to create GICache directory at the default location: C:/Users/Administrator/AppData/LocalLow/Unity/Caches/GiCache.
Failed to create GICache directory at the default location: C:/Users/Administrator/AppData/LocalLow/Unity/Caches/GiCache.
Failed to create GICache directory at the default location: C:/Users/Administrator/AppData/LocalLow/Unity/Caches/GiCache.
Failed to create GICache directory at the default location: C:/Users/Administrator/AppData/LocalLow/Unity/Caches/GiCache.
Failed to create GICache directory at the default location: C:/Users/Administrator/AppData/LocalLow/Unity/Caches/GiCache.
Failed to create GICache directory at the default location: C:/Users/Administrator/AppData/LocalLow/Unity/Caches/GiCache.
Failed to create GICache directory at the default location: C:/Users/Administrator/AppData/LocalLow/Unity/Caches/GiCache.
Failed to create GICache directory at the default location: C:/Users/Administrator/AppData/LocalLow/Unity/Caches/GiCache.
Failed to create GICache directory at the default location: C:/Users/Administrator/AppData/LocalLow/Unity/Caches/GiCache.
Failed to create GICache directory at the default location: C:/Users/Administrator/AppData/LocalLow/Unity/Caches/GiCache.
Failed to create GICache directory at the default location: C:/Users/Administrator/AppData/LocalLow/Unity/Caches/GiCache.
Failed to create GICache directory at the default location: C:/Users/Administrator/AppData/LocalLow/Unity/Caches/GiCache.
Failed to create GICache directory at the default location: C:/Users/Administrator/AppData/LocalLow/Unity/Caches/GiCache.
Failed to create GICache directory at the default location: C:/Users/Administrator/AppData/LocalLow/Unity/Caches/GiCache.
Failed to create GICache directory at the default location: C:/Users/Administrator/AppData/LocalLow/Unity/Caches/GiCache.
Failed to create GICache directory at the default location: C:/Users/Administrator/AppData/LocalLow/Unity/Caches/GiCache.
Failed to create GICache directory at the default location: C:/Users/Administrator/AppData/LocalLow/Unity/Caches/GiCache.
Failed to create GICache directory at the default location: C:/Users/Administrator/AppData/LocalLow/Unity/Caches/GiCache.
Failed to create GICache directory at the default location: C:/Users/Administrator/AppData/LocalLow/Unity/Caches/GiCache.
Failed to create GICache directory at the default location: C:/Users/Administrator/AppData/LocalLow/Unity/Caches/GiCache.
Failed to create GICache directory at the default location: C:/Users/Administrator/AppData/LocalLow/Unity/Caches/GiCache.
Failed to create GICache directory at the default location: C:/Users/Administrator/AppData/LocalLow/Unity/Caches/GiCache.
Failed to create GICache directory at the default location: C:/Users/Administrator/AppData/LocalLow/Unity/Caches/GiCache.
Failed to create GICache directory at the default location: C:/Users/Administrator/AppData/LocalLow/Unity/Caches/GiCache.
Failed to create GICache directory at the default location: C:/Users/Administrator/AppData/LocalLow/Unity/Caches/GiCache.
Failed to create GICache directory at the default location: C:/Users/Administrator/AppData/LocalLow/Unity/Caches/GiCache.
Failed to create GICache directory at the default location: C:/Users/Administrator/AppData/LocalLow/Unity/Caches/GiCache.
Failed to create GICache directory at the default location: C:/Users/Administrator/AppData/LocalLow/Unity/Caches/GiCache.
Failed to create GICache directory at the default location: C:/Users/Administrator/AppData/LocalLow/Unity/Caches/GiCache.
Failed to create GICache directory at the default location: C:/Users/Administrator/AppData/LocalLow/Unity/Caches/GiCache.
Failed to create GICache directory at the default location: C:/Users/Administrator/AppData/LocalLow/Unity/Caches/GiCache.
Failed to create GICache directory at the default location: C:/Users/Administrator/AppData/LocalLow/Unity/Caches/GiCache.
Failed to create GICache directory at the default location: C:/Users/Administrator/AppData/LocalLow/Unity/Caches/GiCache.
Failed to create GICache directory at the default location: C:/Users/Administrator/AppData/LocalLow/Unity/Caches/GiCache.
Failed to create GICache directory at the default location: C:/Users/Administrator/AppData/LocalLow/Unity/Caches/GiCache.
Failed to create GICache directory at the default location: C:/Users/Administrator/AppData/LocalLow/Unity/Caches/GiCache.
Failed to create GICache directory at the default location: C:/Users/Administrator/AppData/LocalLow/Unity/Caches/GiCache.
Failed to create GICache directory at the default location: C:/Users/Administrator/AppData/LocalLow/Unity/Caches/GiCache.
Failed to create GICache directory at the default location: C:/Users/Administrator/AppData/LocalLow/Unity/Caches/GiCache.
Failed to create GICache directory at the default location: C:/Users/Administrator/AppData/LocalLow/Unity/Caches/GiCache.
Failed to create GICache directory at the default location: C:/Users/Administrator/AppData/LocalLow/Unity/Caches/GiCache.
Failed to create GICache directory at the default location: C:/Users/Administrator/AppData/LocalLow/Unity/Caches/GiCache.
Failed to create GICache directory at the default location: C:/Users/Administrator/AppData/LocalLow/Unity/Caches/GiCache.
Failed to create GICache directory at the default location: C:/Users/Administrator/AppData/LocalLow/Unity/Caches/GiCache.
Failed to create GICache directory at the default location: C:/Users/Administrator/AppData/LocalLow/Unity/Caches/GiCache.
Failed to create GICache directory at the default location: C:/Users/Administrator/AppData/LocalLow/Unity/Caches/GiCache.
Failed to create GICache directory at the default location: C:/Users/Administrator/AppData/LocalLow/Unity/Caches/GiCache.
Failed to create GICache directory at the default location: C:/Users/Administrator/AppData/LocalLow/Unity/Caches/GiCache.
Failed to create GICache directory at the default location: C:/Users/Administrator/AppData/LocalLow/Unity/Caches/GiCache.
Failed to create GICache directory at the default location: C:/Users/Administrator/AppData/LocalLow/Unity/Caches/GiCache.
Failed to create GICache directory at the default location: C:/Users/Administrator/AppData/LocalLow/Unity/Caches/GiCache.
Failed to create GICache directory at the default location: C:/Users/Administrator/AppData/LocalLow/Unity/Caches/GiCache.
Failed to create GICache directory at the default location: C:/Users/Administrator/AppData/LocalLow/Unity/Caches/GiCache.
Failed to create GICache directory at the default location: C:/Users/Administrator/AppData/LocalLow/Unity/Caches/GiCache.
Failed to create GICache directory at the default location: C:/Users/Administrator/AppData/LocalLow/Unity/Caches/GiCache.
Failed to create GICache directory at the default location: C:/Users/Administrator/AppData/LocalLow/Unity/Caches/GiCache.
Failed to create GICache directory at the default location: C:/Users/Administrator/AppData/LocalLow/Unity/Caches/GiCache.
Failed to create GICache directory at the default location: C:/Users/Administrator/AppData/LocalLow/Unity/Caches/GiCache.
Failed to create GICache directory at the default location: C:/Users/Administrator/AppData/LocalLow/Unity/Caches/GiCache.
Failed to create GICache directory at the default location: C:/Users/Administrator/AppData/LocalLow/Unity/Caches/GiCache.
Failed to create GICache directory at the default location: C:/Users/Administrator/AppData/LocalLow/Unity/Caches/GiCache.
Failed to create GICache directory at the default location: C:/Users/Administrator/AppData/LocalLow/Unity/Caches/GiCache.
Failed to create GICache directory at the default location: C:/Users/Administrator/AppData/LocalLow/Unity/Caches/GiCache.
Failed to create GICache directory at the default location: C:/Users/Administrator/AppData/LocalLow/Unity/Caches/GiCache.
Failed to create GICache directory at the default location: C:/Users/Administrator/AppData/LocalLow/Unity/Caches/GiCache.
Failed to create GICache directory at the default location: C:/Users/Administrator/AppData/LocalLow/Unity/Caches/GiCache.
Failed to create GICache directory at the default location: C:/Users/Administrator/AppData/LocalLow/Unity/Caches/GiCache.
Failed to create GICache directory at the default location: C:/Users/Administrator/AppData/LocalLow/Unity/Caches/GiCache.
Failed to create GICache directory at the default location: C:/Users/Administrator/AppData/LocalLow/Unity/Caches/GiCache.
Failed to create GICache directory at the default location: C:/Users/Administrator/AppData/LocalLow/Unity/Caches/GiCache.
Failed to create GICache directory at the default location: C:/Users/Administrator/AppData/LocalLow/Unity/Caches/GiCache.
Failed to create GICache directory at the default location: C:/Users/Administrator/AppData/LocalLow/Unity/Caches/GiCache.
Failed to create GICache directory at the default location: C:/Users/Administrator/AppData/LocalLow/Unity/Caches/GiCache.
Failed to create GICache directory at the default location: C:/Users/Administrator/AppData/LocalLow/Unity/Caches/GiCache.
Failed to create GICache directory at the default location: C:/Users/Administrator/AppData/LocalLow/Unity/Caches/GiCache.
Failed to create GICache directory at the default location: C:/Users/Administrator/AppData/LocalLow/Unity/Caches/GiCache.
Failed to create GICache directory at the default location: C:/Users/Administrator/AppData/LocalLow/Unity/Caches/GiCache.
Failed to create GICache directory at the default location: C:/Users/Administrator/AppData/LocalLow/Unity/Caches/GiCache.
Failed to create GICache directory at the default location: C:/Users/Administrator/AppData/LocalLow/Unity/Caches/GiCache.
Failed to create GICache directory at the default location: C:/Users/Administrator/AppData/LocalLow/Unity/Caches/GiCache.
Failed to create GICache directory at the default location: C:/Users/Administrator/AppData/LocalLow/Unity/Caches/GiCache.
Failed to create GICache directory at the default location: C:/Users/Administrator/AppData/LocalLow/Unity/Caches/GiCache.
Failed to create GICache directory at the default location: C:/Users/Administrator/AppData/LocalLow/Unity/Caches/GiCache.
Failed to create GICache directory at the default location: C:/Users/Administrator/AppData/LocalLow/Unity/Caches/GiCache.
Failed to create GICache directory at the default location: C:/Users/Administrator/AppData/LocalLow/Unity/Caches/GiCache.
Failed to create GICache directory at the default location: C:/Users/Administrator/AppData/LocalLow/Unity/Caches/GiCache.
Failed to create GICache directory at the default location: C:/Users/Administrator/AppData/LocalLow/Unity/Caches/GiCache.
Failed to create GICache directory at the default location: C:/Users/Administrator/AppData/LocalLow/Unity/Caches/GiCache.
Failed to create GICache directory at the default location: C:/Users/Administrator/AppData/LocalLow/Unity/Caches/GiCache.
Failed to create GICache directory at the default location: C:/Users/Administrator/AppData/LocalLow/Unity/Caches/GiCache.
Failed to create GICache directory at the default location: C:/Users/Administrator/AppData/LocalLow/Unity/Caches/GiCache.
Failed to create GICache directory at the default location: C:/Users/Administrator/AppData/LocalLow/Unity/Caches/GiCache.
Failed to create GICache directory at the default location: C:/Users/Administrator/AppData/LocalLow/Unity/Caches/GiCache.
Failed to create GICache directory at the default location: C:/Users/Administrator/AppData/LocalLow/Unity/Caches/GiCache.
Failed to create GICache directory at the default location: C:/Users/Administrator/AppData/LocalLow/Unity/Caches/GiCache.
Failed to create GICache directory at the default location: C:/Users/Administrator/AppData/LocalLow/Unity/Caches/GiCache.
Failed to create GICache directory at the default location: C:/Users/Administrator/AppData/LocalLow/Unity/Caches/GiCache.
Failed to create GICache directory at the default location: C:/Users/Administrator/AppData/LocalLow/Unity/Caches/GiCache.
Failed to create GICache directory at the default location: C:/Users/Administrator/AppData/LocalLow/Unity/Caches/GiCache.
Failed to create GICache directory at the default location: C:/Users/Administrator/AppData/LocalLow/Unity/Caches/GiCache.
Failed to create GICache directory at the default location: C:/Users/Administrator/AppData/LocalLow/Unity/Caches/GiCache.
Failed to create GICache directory at the default location: C:/Users/Administrator/AppData/LocalLow/Unity/Caches/GiCache.
Failed to create GICache directory at the default location: C:/Users/Administrator/AppData/LocalLow/Unity/Caches/GiCache.
Failed to create GICache directory at the default location: C:/Users/Administrator/AppData/LocalLow/Unity/Caches/GiCache.
Failed to create GICache directory at the default location: C:/Users/Administrator/AppData/LocalLow/Unity/Caches/GiCache.
Failed to create GICache directory at the default location: C:/Users/Administrator/AppData/LocalLow/Unity/Caches/GiCache.
Failed to create GICache directory at the default location: C:/Users/Administrator/AppData/LocalLow/Unity/Caches/GiCache.
Failed to create GICache directory at the default location: C:/Users/Administrator/AppData/LocalLow/Unity/Caches/GiCache.
Failed to create GICache directory at the default location: C:/Users/Administrator/AppData/LocalLow/Unity/Caches/GiCache.
Failed to create GICache directory at the default location: C:/Users/Administrator/AppData/LocalLow/Unity/Caches/GiCache.
Failed to create GICache directory at the default location: C:/Users/Administrator/AppData/LocalLow/Unity/Caches/GiCache.
Failed to create GICache directory at the default location: C:/Users/Administrator/AppData/LocalLow/Unity/Caches/GiCache.
Failed to create GICache directory at the default location: C:/Users/Administrator/AppData/LocalLow/Unity/Caches/GiCache.
Failed to create GICache directory at the default location: C:/Users/Administrator/AppData/LocalLow/Unity/Caches/GiCache.
Failed to create GICache directory at the default location: C:/Users/Administrator/AppData/LocalLow/Unity/Caches/GiCache.
Failed to create GICache directory at the default location: C:/Users/Administrator/AppData/LocalLow/Unity/Caches/GiCache.
Failed to create GICache directory at the default location: C:/Users/Administrator/AppData/LocalLow/Unity/Caches/GiCache.
Failed to create GICache directory at the default location: C:/Users/Administrator/AppData/LocalLow/Unity/Caches/GiCache.
Failed to create GICache directory at the default location: C:/Users/Administrator/AppData/LocalLow/Unity/Caches/GiCache.
Failed to create GICache directory at the default location: C:/Users/Administrator/AppData/LocalLow/Unity/Caches/GiCache.
Failed to create GICache directory at the default location: C:/Users/Administrator/AppData/LocalLow/Unity/Caches/GiCache.
Failed to create GICache directory at the default location: C:/Users/Administrator/AppData/LocalLow/Unity/Caches/GiCache.
Failed to create GICache directory at the default location: C:/Users/Administrator/AppData/LocalLow/Unity/Caches/GiCache.
Failed to create GICache directory at the default location: C:/Users/Administrator/AppData/LocalLow/Unity/Caches/GiCache.
Failed to create GICache directory at the default location: C:/Users/Administrator/AppData/LocalLow/Unity/Caches/GiCache.
Failed to create GICache directory at the default location: C:/Users/Administrator/AppData/LocalLow/Unity/Caches/GiCache.
Failed to create GICache directory at the default location: C:/Users/Administrator/AppData/LocalLow/Unity/Caches/GiCache.
Failed to create GICache directory at the default location: C:/Users/Administrator/AppData/LocalLow/Unity/Caches/GiCache.
Failed to create GICache directory at the default location: C:/Users/Administrator/AppData/LocalLow/Unity/Caches/GiCache.
Failed to create GICache directory at the default location: C:/Users/Administrator/AppData/LocalLow/Unity/Caches/GiCache.
Failed to create GICache directory at the default location: C:/Users/Administrator/AppData/LocalLow/Unity/Caches/GiCache.
Failed to create GICache directory at the default location: C:/Users/Administrator/AppData/LocalLow/Unity/Caches/GiCache.
Failed to create GICache directory at the default location: C:/Users/Administrator/AppData/LocalLow/Unity/Caches/GiCache.
Failed to create GICache directory at the default location: C:/Users/Administrator/AppData/LocalLow/Unity/Caches/GiCache.
Failed to create GICache directory at the default location: C:/Users/Administrator/AppData/LocalLow/Unity/Caches/GiCache.
Failed to create GICache directory at the default location: C:/Users/Administrator/AppData/LocalLow/Unity/Caches/GiCache.
Failed to create GICache directory at the default location: C:/Users/Administrator/AppData/LocalLow/Unity/Caches/GiCache.
Failed to create GICache directory at the default location: C:/Users/Administrator/AppData/LocalLow/Unity/Caches/GiCache.
Failed to create GICache directory at the default location: C:/Users/Administrator/AppData/LocalLow/Unity/Caches/GiCache.
Failed to create GICache directory at the default location: C:/Users/Administrator/AppData/LocalLow/Unity/Caches/GiCache.
Failed to create GICache directory at the default location: C:/Users/Administrator/AppData/LocalLow/Unity/Caches/GiCache.
Failed to create GICache directory at the default location: C:/Users/Administrator/AppData/LocalLow/Unity/Caches/GiCache.
Failed to create GICache directory at the default location: C:/Users/Administrator/AppData/LocalLow/Unity/Caches/GiCache.
Failed to create GICache directory at the default location: C:/Users/Administrator/AppData/LocalLow/Unity/Caches/GiCache.
Failed to create GICache directory at the default location: C:/Users/Administrator/AppData/LocalLow/Unity/Caches/GiCache.
Failed to create GICache directory at the default location: C:/Users/Administrator/AppData/LocalLow/Unity/Caches/GiCache.
Failed to create GICache directory at the default location: C:/Users/Administrator/AppData/LocalLow/Unity/Caches/GiCache.
Failed to create GICache directory at the default location: C:/Users/Administrator/AppData/LocalLow/Unity/Caches/GiCache.
Failed to create GICache directory at the default location: C:/Users/Administrator/AppData/LocalLow/Unity/Caches/GiCache.
Failed to create GICache directory at the default location: C:/Users/Administrator/AppData/LocalLow/Unity/Caches/GiCache.
Failed to create GICache directory at the default location: C:/Users/Administrator/AppData/LocalLow/Unity/Caches/GiCache.
Failed to create GICache directory at the default location: C:/Users/Administrator/AppData/LocalLow/Unity/Caches/GiCache.
Failed to create GICache directory at the default location: C:/Users/Administrator/AppData/LocalLow/Unity/Caches/GiCache.
Failed to create GICache directory at the default location: C:/Users/Administrator/AppData/LocalLow/Unity/Caches/GiCache.
Failed to create GICache directory at the default location: C:/Users/Administrator/AppData/LocalLow/Unity/Caches/GiCache.
Failed to create GICache directory at the default location: C:/Users/Administrator/AppData/LocalLow/Unity/Caches/GiCache.
Failed to create GICache directory at the default location: C:/Users/Administrator/AppData/LocalLow/Unity/Caches/GiCache.
Failed to create GICache directory at the default location: C:/Users/Administrator/AppData/LocalLow/Unity/Caches/GiCache.
Failed to create GICache directory at the default location: C:/Users/Administrator/AppData/LocalLow/Unity/Caches/GiCache.
Failed to create GICache directory at the default location: C:/Users/Administrator/AppData/LocalLow/Unity/Caches/GiCache.
Failed to create GICache directory at the default location: C:/Users/Administrator/AppData/LocalLow/Unity/Caches/GiCache.
Failed to create GICache directory at the default location: C:/Users/Administrator/AppData/LocalLow/Unity/Caches/GiCache.
Failed to create GICache directory at the default location: C:/Users/Administrator/AppData/LocalLow/Unity/Caches/GiCache.
Failed to create GICache directory at the default location: C:/Users/Administrator/AppData/LocalLow/Unity/Caches/GiCache.
Failed to create GICache directory at the default location: C:/Users/Administrator/AppData/LocalLow/Unity/Caches/GiCache.
Failed to create GICache directory at the default location: C:/Users/Administrator/AppData/LocalLow/Unity/Caches/GiCache.
Failed to create GICache directory at the default location: C:/Users/Administrator/AppData/LocalLow/Unity/Caches/GiCache.
Failed to create GICache directory at the default location: C:/Users/Administrator/AppData/LocalLow/Unity/Caches/GiCache.
Failed to create GICache directory at the default location: C:/Users/Administrator/AppData/LocalLow/Unity/Caches/GiCache.
Failed to create GICache directory at the default location: C:/Users/Administrator/AppData/LocalLow/Unity/Caches/GiCache.
Failed to create GICache directory at the default location: C:/Users/Administrator/AppData/LocalLow/Unity/Caches/GiCache.
Failed to create GICache directory at the default location: C:/Users/Administrator/AppData/LocalLow/Unity/Caches/GiCache.
Failed to create GICache directory at the default location: C:/Users/Administrator/AppData/LocalLow/Unity/Caches/GiCache.
Failed to create GICache directory at the default location: C:/Users/Administrator/AppData/LocalLow/Unity/Caches/GiCache.
Failed to create GICache directory at the default location: C:/Users/Administrator/AppData/LocalLow/Unity/Caches/GiCache.
Failed to create GICache directory at the default location: C:/Users/Administrator/AppData/LocalLow/Unity/Caches/GiCache.
Failed to create GICache directory at the default location: C:/Users/Administrator/AppData/LocalLow/Unity/Caches/GiCache.
Failed to create GICache directory at the default location: C:/Users/Administrator/AppData/LocalLow/Unity/Caches/GiCache.
Failed to create GICache directory at the default location: C:/Users/Administrator/AppData/LocalLow/Unity/Caches/GiCache.
Failed to create GICache directory at the default location: C:/Users/Administrator/AppData/LocalLow/Unity/Caches/GiCache.
Failed to create GICache directory at the default location: C:/Users/Administrator/AppData/LocalLow/Unity/Caches/GiCache.
Failed to create GICache directory at the default location: C:/Users/Administrator/AppData/LocalLow/Unity/Caches/GiCache.
Failed to create GICache directory at the default location: C:/Users/Administrator/AppData/LocalLow/Unity/Caches/GiCache.
Failed to create GICache directory at the default location: C:/Users/Administrator/AppData/LocalLow/Unity/Caches/GiCache.
Failed to create GICache directory at the default location: C:/Users/Administrator/AppData/LocalLow/Unity/Caches/GiCache.
Failed to create GICache directory at the default location: C:/Users/Administrator/AppData/LocalLow/Unity/Caches/GiCache.
Failed to create GICache directory at the default location: C:/Users/Administrator/AppData/LocalLow/Unity/Caches/GiCache.
Failed to create GICache directory at the default location: C:/Users/Administrator/AppData/LocalLow/Unity/Caches/GiCache.
Failed to create GICache directory at the default location: C:/Users/Administrator/AppData/LocalLow/Unity/Caches/GiCache.
Failed to create GICache directory at the default location: C:/Users/Administrator/AppData/LocalLow/Unity/Caches/GiCache.
Failed to create GICache directory at the default location: C:/Users/Administrator/AppData/LocalLow/Unity/Caches/GiCache.
Failed to create GICache directory at the default location: C:/Users/Administrator/AppData/LocalLow/Unity/Caches/GiCache.
Failed to create GICache directory at the default location: C:/Users/Administrator/AppData/LocalLow/Unity/Caches/GiCache.
Failed to create GICache directory at the default location: C:/Users/Administrator/AppData/LocalLow/Unity/Caches/GiCache.
Failed to create GICache directory at the default location: C:/Users/Administrator/AppData/LocalLow/Unity/Caches/GiCache.
Failed to create GICache directory at the default location: C:/Users/Administrator/AppData/LocalLow/Unity/Caches/GiCache.
Failed to create GICache directory at the default location: C:/Users/Administrator/AppData/LocalLow/Unity/Caches/GiCache.
Failed to create GICache directory at the default location: C:/Users/Administrator/AppData/LocalLow/Unity/Caches/GiCache.
Failed to create GICache directory at the default location: C:/Users/Administrator/AppData/LocalLow/Unity/Caches/GiCache.
Failed to create GICache directory at the default location: C:/Users/Administrator/AppData/LocalLow/Unity/Caches/GiCache.
Failed to create GICache directory at the default location: C:/Users/Administrator/AppData/LocalLow/Unity/Caches/GiCache.
Failed to create GICache directory at the default location: C:/Users/Administrator/AppData/LocalLow/Unity/Caches/GiCache.
Failed to create GICache directory at the default location: C:/Users/Administrator/AppData/LocalLow/Unity/Caches/GiCache.
Failed to create GICache directory at the default location: C:/Users/Administrator/AppData/LocalLow/Unity/Caches/GiCache.
Failed to create GICache directory at the default location: C:/Users/Administrator/AppData/LocalLow/Unity/Caches/GiCache.
Failed to create GICache directory at the default location: C:/Users/Administrator/AppData/LocalLow/Unity/Caches/GiCache.
Failed to create GICache directory at the default location: C:/Users/Administrator/AppData/LocalLow/Unity/Caches/GiCache.
Failed to create GICache directory at the default location: C:/Users/Administrator/AppData/LocalLow/Unity/Caches/GiCache.
Failed to create GICache directory at the default location: C:/Users/Administrator/AppData/LocalLow/Unity/Caches/GiCache.
Failed to create GICache directory at the default location: C:/Users/Administrator/AppData/LocalLow/Unity/Caches/GiCache.
Failed to create GICache directory at the default location: C:/Users/Administrator/AppData/LocalLow/Unity/Caches/GiCache.
Failed to create GICache directory at the default location: C:/Users/Administrator/AppData/LocalLow/Unity/Caches/GiCache.
Failed to create GICache directory at the default location: C:/Users/Administrator/AppData/LocalLow/Unity/Caches/GiCache.
Failed to create GICache directory at the default location: C:/Users/Administrator/AppData/LocalLow/Unity/Caches/GiCache.
Failed to create GICache directory at the default location: C:/Users/Administrator/AppData/LocalLow/Unity/Caches/GiCache.
Failed to create GICache directory at the default location: C:/Users/Administrator/AppData/LocalLow/Unity/Caches/GiCache.
Failed to create GICache directory at the default location: C:/Users/Administrator/AppData/LocalLow/Unity/Caches/GiCache.
Failed to create GICache directory at the default location: C:/Users/Administrator/AppData/LocalLow/Unity/Caches/GiCache.
Failed to create GICache directory at the default location: C:/Users/Administrator/AppData/LocalLow/Unity/Caches/GiCache.
Failed to create GICache directory at the default location: C:/Users/Administrator/AppData/LocalLow/Unity/Caches/GiCache.
Failed to create GICache directory at the default location: C:/Users/Administrator/AppData/LocalLow/Unity/Caches/GiCache.
Failed to create GICache directory at the default location: C:/Users/Administrator/AppData/LocalLow/Unity/Caches/GiCache.
Failed to create GICache directory at the default location: C:/Users/Administrator/AppData/LocalLow/Unity/Caches/GiCache.
Failed to create GICache directory at the default location: C:/Users/Administrator/AppData/LocalLow/Unity/Caches/GiCache.
Failed to create GICache directory at the default location: C:/Users/Administrator/AppData/LocalLow/Unity/Caches/GiCache.
Failed to create GICache directory at the default location: C:/Users/Administrator/AppData/LocalLow/Unity/Caches/GiCache.
Failed to create GICache directory at the default location: C:/Users/Administrator/AppData/LocalLow/Unity/Caches/GiCache.
Failed to create GICache directory at the default location: C:/Users/Administrator/AppData/LocalLow/Unity/Caches/GiCache.
Failed to create GICache directory at the default location: C:/Users/Administrator/AppData/LocalLow/Unity/Caches/GiCache.
Failed to create GICache directory at the default location: C:/Users/Administrator/AppData/LocalLow/Unity/Caches/GiCache.
Failed to create GICache directory at the default location: C:/Users/Administrator/AppData/LocalLow/Unity/Caches/GiCache.
Failed to create GICache directory at the default location: C:/Users/Administrator/AppData/LocalLow/Unity/Caches/GiCache.
Failed to create GICache directory at the default location: C:/Users/Administrator/AppData/LocalLow/Unity/Caches/GiCache.
Failed to create GICache directory at the default location: C:/Users/Administrator/AppData/LocalLow/Unity/Caches/GiCache.
Failed to create GICache directory at the default location: C:/Users/Administrator/AppData/LocalLow/Unity/Caches/GiCache.
Failed to create GICache directory at the default location: C:/Users/Administrator/AppData/LocalLow/Unity/Caches/GiCache.
Failed to create GICache directory at the default location: C:/Users/Administrator/AppData/LocalLow/Unity/Caches/GiCache.
Failed to create GICache directory at the default location: C:/Users/Administrator/AppData/LocalLow/Unity/Caches/GiCache.
Failed to create GICache directory at the default location: C:/Users/Administrator/AppData/LocalLow/Unity/Caches/GiCache.
Failed to create GICache directory at the default location: C:/Users/Administrator/AppData/LocalLow/Unity/Caches/GiCache.
Failed to create GICache directory at the default location: C:/Users/Administrator/AppData/LocalLow/Unity/Caches/GiCache.
Failed to create GICache directory at the default location: C:/Users/Administrator/AppData/LocalLow/Unity/Caches/GiCache.
Failed to create GICache directory at the default location: C:/Users/Administrator/AppData/LocalLow/Unity/Caches/GiCache.
Failed to create GICache directory at the default location: C:/Users/Administrator/AppData/LocalLow/Unity/Caches/GiCache.
Failed to create GICache directory at the default location: C:/Users/Administrator/AppData/LocalLow/Unity/Caches/GiCache.
Failed to create GICache directory at the default location: C:/Users/Administrator/AppData/LocalLow/Unity/Caches/GiCache.
Failed to create GICache directory at the default location: C:/Users/Administrator/AppData/LocalLow/Unity/Caches/GiCache.
Failed to create GICache directory at the default location: C:/Users/Administrator/AppData/LocalLow/Unity/Caches/GiCache.
Failed to create GICache directory at the default location: C:/Users/Administrator/AppData/LocalLow/Unity/Caches/GiCache.
Failed to create GICache directory at the default location: C:/Users/Administrator/AppData/LocalLow/Unity/Caches/GiCache.
Failed to create GICache directory at the default location: C:/Users/Administrator/AppData/LocalLow/Unity/Caches/GiCache.
Failed to create GICache directory at the default location: C:/Users/Administrator/AppData/LocalLow/Unity/Caches/GiCache.
Failed to create GICache directory at the default location: C:/Users/Administrator/AppData/LocalLow/Unity/Caches/GiCache.
Failed to create GICache directory at the default location: C:/Users/Administrator/AppData/LocalLow/Unity/Caches/GiCache.
Failed to create GICache directory at the default location: C:/Users/Administrator/AppData/LocalLow/Unity/Caches/GiCache.
Failed to create GICache directory at the default location: C:/Users/Administrator/AppData/LocalLow/Unity/Caches/GiCache.
Failed to create GICache directory at the default location: C:/Users/Administrator/AppData/LocalLow/Unity/Caches/GiCache.
Failed to create GICache directory at the default location: C:/Users/Administrator/AppData/LocalLow/Unity/Caches/GiCache.
Failed to create GICache directory at the default location: C:/Users/Administrator/AppData/LocalLow/Unity/Caches/GiCache.
Failed to create GICache directory at the default location: C:/Users/Administrator/AppData/LocalLow/Unity/Caches/GiCache.
Failed to create GICache directory at the default location: C:/Users/Administrator/AppData/LocalLow/Unity/Caches/GiCache.
Failed to create GICache directory at the default location: C:/Users/Administrator/AppData/LocalLow/Unity/Caches/GiCache.
Failed to create GICache directory at the default location: C:/Users/Administrator/AppData/LocalLow/Unity/Caches/GiCache.
Failed to create GICache directory at the default location: C:/Users/Administrator/AppData/LocalLow/Unity/Caches/GiCache.
Failed to create GICache directory at the default location: C:/Users/Administrator/AppData/LocalLow/Unity/Caches/GiCache.
Failed to create GICache directory at the default location: C:/Users/Administrator/AppData/LocalLow/Unity/Caches/GiCache.
Failed to create GICache directory at the default location: C:/Users/Administrator/AppData/LocalLow/Unity/Caches/GiCache.
Failed to create GICache directory at the default location: C:/Users/Administrator/AppData/LocalLow/Unity/Caches/GiCache.
Failed to create GICache directory at the default location: C:/Users/Administrator/AppData/LocalLow/Unity/Caches/GiCache.
Failed to create GICache directory at the default location: C:/Users/Administrator/AppData/LocalLow/Unity/Caches/GiCache.
Failed to create GICache directory at the default location: C:/Users/Administrator/AppData/LocalLow/Unity/Caches/GiCache.
Failed to create GICache directory at the default location: C:/Users/Administrator/AppData/LocalLow/Unity/Caches/GiCache.
Failed to create GICache directory at the default location: C:/Users/Administrator/AppData/LocalLow/Unity/Caches/GiCache.
Failed to create GICache directory at the default location: C:/Users/Administrator/AppData/LocalLow/Unity/Caches/GiCache.
Failed to create GICache directory at the default location: C:/Users/Administrator/AppData/LocalLow/Unity/Caches/GiCache.
Failed to create GICache directory at the default location: C:/Users/Administrator/AppData/LocalLow/Unity/Caches/GiCache.
Failed to create GICache directory at the default location: C:/Users/Administrator/AppData/LocalLow/Unity/Caches/GiCache.
Failed to create GICache directory at the default location: C:/Users/Administrator/AppData/LocalLow/Unity/Caches/GiCache.
Failed to create GICache directory at the default location: C:/Users/Administrator/AppData/LocalLow/Unity/Caches/GiCache.
Failed to create GICache directory at the default location: C:/Users/Administrator/AppData/LocalLow/Unity/Caches/GiCache.
Failed to create GICache directory at the default location: C:/Users/Administrator/AppData/LocalLow/Unity/Caches/GiCache.
Failed to create GICache directory at the default location: C:/Users/Administrator/AppData/LocalLow/Unity/Caches/GiCache.
Failed to create GICache directory at the default location: C:/Users/Administrator/AppData/LocalLow/Unity/Caches/GiCache.
Failed to create GICache directory at the default location: C:/Users/Administrator/AppData/LocalLow/Unity/Caches/GiCache.
Failed to create GICache directory at the default location: C:/Users/Administrator/AppData/LocalLow/Unity/Caches/GiCache.
Failed to create GICache directory at the default location: C:/Users/Administrator/AppData/LocalLow/Unity/Caches/GiCache.
Failed to create GICache directory at the default location: C:/Users/Administrator/AppData/LocalLow/Unity/Caches/GiCache.
Failed to create GICache directory at the default location: C:/Users/Administrator/AppData/LocalLow/Unity/Caches/GiCache.
Failed to create GICache directory at the default location: C:/Users/Administrator/AppData/LocalLow/Unity/Caches/GiCache.
Failed to create GICache directory at the default location: C:/Users/Administrator/AppData/LocalLow/Unity/Caches/GiCache.
Failed to create GICache directory at the default location: C:/Users/Administrator/AppData/LocalLow/Unity/Caches/GiCache.
Failed to create GICache directory at the default location: C:/Users/Administrator/AppData/LocalLow/Unity/Caches/GiCache.
Failed to create GICache directory at the default location: C:/Users/Administrator/AppData/LocalLow/Unity/Caches/GiCache.
Failed to create GICache directory at the default location: C:/Users/Administrator/AppData/LocalLow/Unity/Caches/GiCache.
Failed to create GICache directory at the default location: C:/Users/Administrator/AppData/LocalLow/Unity/Caches/GiCache.
Failed to create GICache directory at the default location: C:/Users/Administrator/AppData/LocalLow/Unity/Caches/GiCache.
Failed to create GICache directory at the default location: C:/Users/Administrator/AppData/LocalLow/Unity/Caches/GiCache.
Failed to create GICache directory at the default location: C:/Users/Administrator/AppData/LocalLow/Unity/Caches/GiCache.
Failed to create GICache directory at the default location: C:/Users/Administrator/AppData/LocalLow/Unity/Caches/GiCache.
Failed to create GICache directory at the default location: C:/Users/Administrator/AppData/LocalLow/Unity/Caches/GiCache.
Failed to create GICache directory at the default location: C:/Users/Administrator/AppData/LocalLow/Unity/Caches/GiCache.
Failed to create GICache directory at the default location: C:/Users/Administrator/AppData/LocalLow/Unity/Caches/GiCache.
Failed to create GICache directory at the default location: C:/Users/Administrator/AppData/LocalLow/Unity/Caches/GiCache.
Failed to create GICache directory at the default location: C:/Users/Administrator/AppData/LocalLow/Unity/Caches/GiCache.
Failed to create GICache directory at the default location: C:/Users/Administrator/AppData/LocalLow/Unity/Caches/GiCache.
Failed to create GICache directory at the default location: C:/Users/Administrator/AppData/LocalLow/Unity/Caches/GiCache.
Failed to create GICache directory at the default location: C:/Users/Administrator/AppData/LocalLow/Unity/Caches/GiCache.
Failed to create GICache directory at the default location: C:/Users/Administrator/AppData/LocalLow/Unity/Caches/GiCache.
Failed to create GICache directory at the default location: C:/Users/Administrator/AppData/LocalLow/Unity/Caches/GiCache.
Failed to create GICache directory at the default location: C:/Users/Administrator/AppData/LocalLow/Unity/Caches/GiCache.
Failed to create GICache directory at the default location: C:/Users/Administrator/AppData/LocalLow/Unity/Caches/GiCache.
Failed to create GICache directory at the default location: C:/Users/Administrator/AppData/LocalLow/Unity/Caches/GiCache.
Failed to create GICache directory at the default location: C:/Users/Administrator/AppData/LocalLow/Unity/Caches/GiCache.
Failed to create GICache directory at the default location: C:/Users/Administrator/AppData/LocalLow/Unity/Caches/GiCache.
Failed to create GICache directory at the default location: C:/Users/Administrator/AppData/LocalLow/Unity/Caches/GiCache.
Failed to create GICache directory at the default location: C:/Users/Administrator/AppData/LocalLow/Unity/Caches/GiCache.
Failed to create GICache directory at the default location: C:/Users/Administrator/AppData/LocalLow/Unity/Caches/GiCache.
Failed to create GICache directory at the default location: C:/Users/Administrator/AppData/LocalLow/Unity/Caches/GiCache.
Failed to create GICache directory at the default location: C:/Users/Administrator/AppData/LocalLow/Unity/Caches/GiCache.
Failed to create GICache directory at the default location: C:/Users/Administrator/AppData/LocalLow/Unity/Caches/GiCache.
Failed to create GICache directory at the default location: C:/Users/Administrator/AppData/LocalLow/Unity/Caches/GiCache.
Failed to create GICache directory at the default location: C:/Users/Administrator/AppData/LocalLow/Unity/Caches/GiCache.
Failed to create GICache directory at the default location: C:/Users/Administrator/AppData/LocalLow/Unity/Caches/GiCache.
Failed to create GICache directory at the default location: C:/Users/Administrator/AppData/LocalLow/Unity/Caches/GiCache.
Failed to create GICache directory at the default location: C:/Users/Administrator/AppData/LocalLow/Unity/Caches/GiCache.
Failed to create GICache directory at the default location: C:/Users/Administrator/AppData/LocalLow/Unity/Caches/GiCache.
Failed to create GICache directory at the default location: C:/Users/Administrator/AppData/LocalLow/Unity/Caches/GiCache.
Failed to create GICache directory at the default location: C:/Users/Administrator/AppData/LocalLow/Unity/Caches/GiCache.
Failed to create GICache directory at the default location: C:/Users/Administrator/AppData/LocalLow/Unity/Caches/GiCache.
Failed to create GICache directory at the default location: C:/Users/Administrator/AppData/LocalLow/Unity/Caches/GiCache.
Failed to create GICache directory at the default location: C:/Users/Administrator/AppData/LocalLow/Unity/Caches/GiCache.
Failed to create GICache directory at the default location: C:/Users/Administrator/AppData/LocalLow/Unity/Caches/GiCache.
Failed to create GICache directory at the default location: C:/Users/Administrator/AppData/LocalLow/Unity/Caches/GiCache.
Failed to create GICache directory at the default location: C:/Users/Administrator/AppData/LocalLow/Unity/Caches/GiCache.
Failed to create GICache directory at the default location: C:/Users/Administrator/AppData/LocalLow/Unity/Caches/GiCache.
Failed to create GICache directory at the default location: C:/Users/Administrator/AppData/LocalLow/Unity/Caches/GiCache.
Failed to create GICache directory at the default location: C:/Users/Administrator/AppData/LocalLow/Unity/Caches/GiCache.
Failed to create GICache directory at the default location: C:/Users/Administrator/AppData/LocalLow/Unity/Caches/GiCache.
Failed to create GICache directory at the default location: C:/Users/Administrator/AppData/LocalLow/Unity/Caches/GiCache.
Failed to create GICache directory at the default location: C:/Users/Administrator/AppData/LocalLow/Unity/Caches/GiCache.
Failed to create GICache directory at the default location: C:/Users/Administrator/AppData/LocalLow/Unity/Caches/GiCache.
Failed to create GICache directory at the default location: C:/Users/Administrator/AppData/LocalLow/Unity/Caches/GiCache.
Failed to create GICache directory at the default location: C:/Users/Administrator/AppData/LocalLow/Unity/Caches/GiCache.
Failed to create GICache directory at the default location: C:/Users/Administrator/AppData/LocalLow/Unity/Caches/GiCache.
Failed to create GICache directory at the default location: C:/Users/Administrator/AppData/LocalLow/Unity/Caches/GiCache.
Failed to create GICache directory at the default location: C:/Users/Administrator/AppData/LocalLow/Unity/Caches/GiCache.
Failed to create GICache directory at the default location: C:/Users/Administrator/AppData/LocalLow/Unity/Caches/GiCache.
Failed to create GICache directory at the default location: C:/Users/Administrator/AppData/LocalLow/Unity/Caches/GiCache.
Failed to create GICache directory at the default location: C:/Users/Administrator/AppData/LocalLow/Unity/Caches/GiCache.
Failed to create GICache directory at the default location: C:/Users/Administrator/AppData/LocalLow/Unity/Caches/GiCache.
Failed to create GICache directory at the default location: C:/Users/Administrator/AppData/LocalLow/Unity/Caches/GiCache.
Failed to create GICache directory at the default location: C:/Users/Administrator/AppData/LocalLow/Unity/Caches/GiCache.
Failed to create GICache directory at the default location: C:/Users/Administrator/AppData/LocalLow/Unity/Caches/GiCache.
Failed to create GICache directory at the default location: C:/Users/Administrator/AppData/LocalLow/Unity/Caches/GiCache.
Failed to create GICache directory at the default location: C:/Users/Administrator/AppData/LocalLow/Unity/Caches/GiCache.
Failed to create GICache directory at the default location: C:/Users/Administrator/AppData/LocalLow/Unity/Caches/GiCache.
Failed to create GICache directory at the default location: C:/Users/Administrator/AppData/LocalLow/Unity/Caches/GiCache.
Failed to create GICache directory at the default location: C:/Users/Administrator/AppData/LocalLow/Unity/Caches/GiCache.
Failed to create GICache directory at the default location: C:/Users/Administrator/AppData/LocalLow/Unity/Caches/GiCache.
Failed to create GICache directory at the default location: C:/Users/Administrator/AppData/LocalLow/Unity/Caches/GiCache.
Failed to create GICache directory at the default location: C:/Users/Administrator/AppData/LocalLow/Unity/Caches/GiCache.
Failed to create GICache directory at the default location: C:/Users/Administrator/AppData/LocalLow/Unity/Caches/GiCache.
Failed to create GICache directory at the default location: C:/Users/Administrator/AppData/LocalLow/Unity/Caches/GiCache.
Failed to create GICache directory at the default location: C:/Users/Administrator/AppData/LocalLow/Unity/Caches/GiCache.
Failed to create GICache directory at the default location: C:/Users/Administrator/AppData/LocalLow/Unity/Caches/GiCache.
Failed to create GICache directory at the default location: C:/Users/Administrator/AppData/LocalLow/Unity/Caches/GiCache.
Failed to create GICache directory at the default location: C:/Users/Administrator/AppData/LocalLow/Unity/Caches/GiCache.
Failed to create GICache directory at the default location: C:/Users/Administrator/AppData/LocalLow/Unity/Caches/GiCache.
Failed to create GICache directory at the default location: C:/Users/Administrator/AppData/LocalLow/Unity/Caches/GiCache.
Failed to create GICache directory at the default location: C:/Users/Administrator/AppData/LocalLow/Unity/Caches/GiCache.
Failed to create GICache directory at the default location: C:/Users/Administrator/AppData/LocalLow/Unity/Caches/GiCache.
Failed to create GICache directory at the default location: C:/Users/Administrator/AppData/LocalLow/Unity/Caches/GiCache.
Failed to create GICache directory at the default location: C:/Users/Administrator/AppData/LocalLow/Unity/Caches/GiCache.
Failed to create GICache directory at the default location: C:/Users/Administrator/AppData/LocalLow/Unity/Caches/GiCache.
Failed to create GICache directory at the default location: C:/Users/Administrator/AppData/LocalLow/Unity/Caches/GiCache.
Failed to create GICache directory at the default location: C:/Users/Administrator/AppData/LocalLow/Unity/Caches/GiCache.
Failed to create GICache directory at the default location: C:/Users/Administrator/AppData/LocalLow/Unity/Caches/GiCache.
Failed to create GICache directory at the default location: C:/Users/Administrator/AppData/LocalLow/Unity/Caches/GiCache.
Failed to create GICache directory at the default location: C:/Users/Administrator/AppData/LocalLow/Unity/Caches/GiCache.
Failed to create GICache directory at the default location: C:/Users/Administrator/AppData/LocalLow/Unity/Caches/GiCache.
Failed to create GICache directory at the default location: C:/Users/Administrator/AppData/LocalLow/Unity/Caches/GiCache.
Failed to create GICache directory at the default location: C:/Users/Administrator/AppData/LocalLow/Unity/Caches/GiCache.
Failed to create GICache directory at the default location: C:/Users/Administrator/AppData/LocalLow/Unity/Caches/GiCache.
Failed to create GICache directory at the default location: C:/Users/Administrator/AppData/LocalLow/Unity/Caches/GiCache.
Failed to create GICache directory at the default location: C:/Users/Administrator/AppData/LocalLow/Unity/Caches/GiCache.
Failed to create GICache directory at the default location: C:/Users/Administrator/AppData/LocalLow/Unity/Caches/GiCache.
Failed to create GICache directory at the default location: C:/Users/Administrator/AppData/LocalLow/Unity/Caches/GiCache.
Failed to create GICache directory at the default location: C:/Users/Administrator/AppData/LocalLow/Unity/Caches/GiCache.
Failed to create GICache directory at the default location: C:/Users/Administrator/AppData/LocalLow/Unity/Caches/GiCache.
Failed to create GICache directory at the default location: C:/Users/Administrator/AppData/LocalLow/Unity/Caches/GiCache.
Failed to create GICache directory at the default location: C:/Users/Administrator/AppData/LocalLow/Unity/Caches/GiCache.
Failed to create GICache directory at the default location: C:/Users/Administrator/AppData/LocalLow/Unity/Caches/GiCache.
Failed to create GICache directory at the default location: C:/Users/Administrator/AppData/LocalLow/Unity/Caches/GiCache.
Failed to create GICache directory at the default location: C:/Users/Administrator/AppData/LocalLow/Unity/Caches/GiCache.
Failed to create GICache directory at the default location: C:/Users/Administrator/AppData/LocalLow/Unity/Caches/GiCache.
Failed to create GICache directory at the default location: C:/Users/Administrator/AppData/LocalLow/Unity/Caches/GiCache.
Failed to create GICache directory at the default location: C:/Users/Administrator/AppData/LocalLow/Unity/Caches/GiCache.
Failed to create GICache directory at the default location: C:/Users/Administrator/AppData/LocalLow/Unity/Caches/GiCache.
Failed to create GICache directory at the default location: C:/Users/Administrator/AppData/LocalLow/Unity/Caches/GiCache.
Failed to create GICache directory at the default location: C:/Users/Administrator/AppData/LocalLow/Unity/Caches/GiCache.
Failed to create GICache directory at the default location: C:/Users/Administrator/AppData/LocalLow/Unity/Caches/GiCache.
Failed to create GICache directory at the default location: C:/Users/Administrator/AppData/LocalLow/Unity/Caches/GiCache.
Failed to create GICache directory at the default location: C:/Users/Administrator/AppData/LocalLow/Unity/Caches/GiCache.
Failed to create GICache directory at the default location: C:/Users/Administrator/AppData/LocalLow/Unity/Caches/GiCache.
Failed to create GICache directory at the default location: C:/Users/Administrator/AppData/LocalLow/Unity/Caches/GiCache.
Failed to create GICache directory at the default location: C:/Users/Administrator/AppData/LocalLow/Unity/Caches/GiCache.
Failed to create GICache directory at the default location: C:/Users/Administrator/AppData/LocalLow/Unity/Caches/GiCache.
Failed to create GICache directory at the default location: C:/Users/Administrator/AppData/LocalLow/Unity/Caches/GiCache.
Failed to create GICache directory at the default location: C:/Users/Administrator/AppData/LocalLow/Unity/Caches/GiCache.
Failed to create GICache directory at the default location: C:/Users/Administrator/AppData/LocalLow/Unity/Caches/GiCache.
Failed to create GICache directory at the default location: C:/Users/Administrator/AppData/LocalLow/Unity/Caches/GiCache.
Failed to create GICache directory at the default location: C:/Users/Administrator/AppData/LocalLow/Unity/Caches/GiCache.
Failed to create GICache directory at the default location: C:/Users/Administrator/AppData/LocalLow/Unity/Caches/GiCache.
Failed to create GICache directory at the default location: C:/Users/Administrator/AppData/LocalLow/Unity/Caches/GiCache.
Failed to create GICache directory at the default location: C:/Users/Administrator/AppData/LocalLow/Unity/Caches/GiCache.
Failed to create GICache directory at the default location: C:/Users/Administrator/AppData/LocalLow/Unity/Caches/GiCache.
Failed to create GICache directory at the default location: C:/Users/Administrator/AppData/LocalLow/Unity/Caches/GiCache.
Failed to create GICache directory at the default location: C:/Users/Administrator/AppData/LocalLow/Unity/Caches/GiCache.
Failed to create GICache directory at the default location: C:/Users/Administrator/AppData/LocalLow/Unity/Caches/GiCache.
Failed to create GICache directory at the default location: C:/Users/Administrator/AppData/LocalLow/Unity/Caches/GiCache.
Failed to create GICache directory at the default location: C:/Users/Administrator/AppData/LocalLow/Unity/Caches/GiCache.
Failed to create GICache directory at the default location: C:/Users/Administrator/AppData/LocalLow/Unity/Caches/GiCache.
Failed to create GICache directory at the default location: C:/Users/Administrator/AppData/LocalLow/Unity/Caches/GiCache.
Failed to create GICache directory at the default location: C:/Users/Administrator/AppData/LocalLow/Unity/Caches/GiCache.
Failed to create GICache directory at the default location: C:/Users/Administrator/AppData/LocalLow/Unity/Caches/GiCache.
Failed to create GICache directory at the default location: C:/Users/Administrator/AppData/LocalLow/Unity/Caches/GiCache.
Failed to create GICache directory at the default location: C:/Users/Administrator/AppData/LocalLow/Unity/Caches/GiCache.
Failed to create GICache directory at the default location: C:/Users/Administrator/AppData/LocalLow/Unity/Caches/GiCache.
Failed to create GICache directory at the default location: C:/Users/Administrator/AppData/LocalLow/Unity/Caches/GiCache.
Failed to create GICache directory at the default location: C:/Users/Administrator/AppData/LocalLow/Unity/Caches/GiCache.
Failed to create GICache directory at the default location: C:/Users/Administrator/AppData/LocalLow/Unity/Caches/GiCache.
Failed to create GICache directory at the default location: C:/Users/Administrator/AppData/LocalLow/Unity/Caches/GiCache.
Failed to create GICache directory at the default location: C:/Users/Administrator/AppData/LocalLow/Unity/Caches/GiCache.
Failed to create GICache directory at the default location: C:/Users/Administrator/AppData/LocalLow/Unity/Caches/GiCache.
Failed to create GICache directory at the default location: C:/Users/Administrator/AppData/LocalLow/Unity/Caches/GiCache.
Failed to create GICache directory at the default location: C:/Users/Administrator/AppData/LocalLow/Unity/Caches/GiCache.
Failed to create GICache directory at the default location: C:/Users/Administrator/AppData/LocalLow/Unity/Caches/GiCache.
Failed to create GICache directory at the default location: C:/Users/Administrator/AppData/LocalLow/Unity/Caches/GiCache.
Failed to create GICache directory at the default location: C:/Users/Administrator/AppData/LocalLow/Unity/Caches/GiCache.
Failed to create GICache directory at the default location: C:/Users/Administrator/AppData/LocalLow/Unity/Caches/GiCache.
Failed to create GICache directory at the default location: C:/Users/Administrator/AppData/LocalLow/Unity/Caches/GiCache.
Failed to create GICache directory at the default location: C:/Users/Administrator/AppData/LocalLow/Unity/Caches/GiCache.
Failed to create GICache directory at the default location: C:/Users/Administrator/AppData/LocalLow/Unity/Caches/GiCache.
Failed to create GICache directory at the default location: C:/Users/Administrator/AppData/LocalLow/Unity/Caches/GiCache.
Failed to create GICache directory at the default location: C:/Users/Administrator/AppData/LocalLow/Unity/Caches/GiCache.
Failed to create GICache directory at the default location: C:/Users/Administrator/AppData/LocalLow/Unity/Caches/GiCache.
Failed to create GICache directory at the default location: C:/Users/Administrator/AppData/LocalLow/Unity/Caches/GiCache.
Failed to create GICache directory at the default location: C:/Users/Administrator/AppData/LocalLow/Unity/Caches/GiCache.
Failed to create GICache directory at the default location: C:/Users/Administrator/AppData/LocalLow/Unity/Caches/GiCache.
Failed to create GICache directory at the default location: C:/Users/Administrator/AppData/LocalLow/Unity/Caches/GiCache.
Failed to create GICache directory at the default location: C:/Users/Administrator/AppData/LocalLow/Unity/Caches/GiCache.
Failed to create GICache directory at the default location: C:/Users/Administrator/AppData/LocalLow/Unity/Caches/GiCache.
Failed to create GICache directory at the default location: C:/Users/Administrator/AppData/LocalLow/Unity/Caches/GiCache.
Failed to create GICache directory at the default location: C:/Users/Administrator/AppData/LocalLow/Unity/Caches/GiCache.
Failed to create GICache directory at the default location: C:/Users/Administrator/AppData/LocalLow/Unity/Caches/GiCache.
Failed to create GICache directory at the default location: C:/Users/Administrator/AppData/LocalLow/Unity/Caches/GiCache.
Failed to create GICache directory at the default location: C:/Users/Administrator/AppData/LocalLow/Unity/Caches/GiCache.
Failed to create GICache directory at the default location: C:/Users/Administrator/AppData/LocalLow/Unity/Caches/GiCache.
Failed to create GICache directory at the default location: C:/Users/Administrator/AppData/LocalLow/Unity/Caches/GiCache.
Failed to create GICache directory at the default location: C:/Users/Administrator/AppData/LocalLow/Unity/Caches/GiCache.
Failed to create GICache directory at the default location: C:/Users/Administrator/AppData/LocalLow/Unity/Caches/GiCache.
Failed to create GICache directory at the default location: C:/Users/Administrator/AppData/LocalLow/Unity/Caches/GiCache.
Failed to create GICache directory at the default location: C:/Users/Administrator/AppData/LocalLow/Unity/Caches/GiCache.
Failed to create GICache directory at the default location: C:/Users/Administrator/AppData/LocalLow/Unity/Caches/GiCache.
Failed to create GICache directory at the default location: C:/Users/Administrator/AppData/LocalLow/Unity/Caches/GiCache.
Failed to create GICache directory at the default location: C:/Users/Administrator/AppData/LocalLow/Unity/Caches/GiCache.
Failed to create GICache directory at the default location: C:/Users/Administrator/AppData/LocalLow/Unity/Caches/GiCache.
Failed to create GICache directory at the default location: C:/Users/Administrator/AppData/LocalLow/Unity/Caches/GiCache.
Failed to create GICache directory at the default location: C:/Users/Administrator/AppData/LocalLow/Unity/Caches/GiCache.
Failed to create GICache directory at the default location: C:/Users/Administrator/AppData/LocalLow/Unity/Caches/GiCache.
Failed to create GICache directory at the default location: C:/Users/Administrator/AppData/LocalLow/Unity/Caches/GiCache.
Failed to create GICache directory at the default location: C:/Users/Administrator/AppData/LocalLow/Unity/Caches/GiCache.
Failed to create GICache directory at the default location: C:/Users/Administrator/AppData/LocalLow/Unity/Caches/GiCache.
Failed to create GICache directory at the default location: C:/Users/Administrator/AppData/LocalLow/Unity/Caches/GiCache.
Failed to create GICache directory at the default location: C:/Users/Administrator/AppData/LocalLow/Unity/Caches/GiCache.
Failed to create GICache directory at the default location: C:/Users/Administrator/AppData/LocalLow/Unity/Caches/GiCache.
Failed to create GICache directory at the default location: C:/Users/Administrator/AppData/LocalLow/Unity/Caches/GiCache.
Failed to create GICache directory at the default location: C:/Users/Administrator/AppData/LocalLow/Unity/Caches/GiCache.
Failed to create GICache directory at the default location: C:/Users/Administrator/AppData/LocalLow/Unity/Caches/GiCache.
Failed to create GICache directory at the default location: C:/Users/Administrator/AppData/LocalLow/Unity/Caches/GiCache.
Failed to create GICache directory at the default location: C:/Users/Administrator/AppData/LocalLow/Unity/Caches/GiCache.
Failed to create GICache directory at the default location: C:/Users/Administrator/AppData/LocalLow/Unity/Caches/GiCache.
Failed to create GICache directory at the default location: C:/Users/Administrator/AppData/LocalLow/Unity/Caches/GiCache.
Failed to create GICache directory at the default location: C:/Users/Administrator/AppData/LocalLow/Unity/Caches/GiCache.
Failed to create GICache directory at the default location: C:/Users/Administrator/AppData/LocalLow/Unity/Caches/GiCache.
Failed to create GICache directory at the default location: C:/Users/Administrator/AppData/LocalLow/Unity/Caches/GiCache.
Failed to create GICache directory at the default location: C:/Users/Administrator/AppData/LocalLow/Unity/Caches/GiCache.
Failed to create GICache directory at the default location: C:/Users/Administrator/AppData/LocalLow/Unity/Caches/GiCache.
Failed to create GICache directory at the default location: C:/Users/Administrator/AppData/LocalLow/Unity/Caches/GiCache.
Failed to create GICache directory at the default location: C:/Users/Administrator/AppData/LocalLow/Unity/Caches/GiCache.
Failed to create GICache directory at the default location: C:/Users/Administrator/AppData/LocalLow/Unity/Caches/GiCache.
Failed to create GICache directory at the default location: C:/Users/Administrator/AppData/LocalLow/Unity/Caches/GiCache.
Failed to create GICache directory at the default location: C:/Users/Administrator/AppData/LocalLow/Unity/Caches/GiCache.
Failed to create GICache directory at the default location: C:/Users/Administrator/AppData/LocalLow/Unity/Caches/GiCache.
Failed to create GICache directory at the default location: C:/Users/Administrator/AppData/LocalLow/Unity/Caches/GiCache.
Failed to create GICache directory at the default location: C:/Users/Administrator/AppData/LocalLow/Unity/Caches/GiCache.
Failed to create GICache directory at the default location: C:/Users/Administrator/AppData/LocalLow/Unity/Caches/GiCache.
Failed to create GICache directory at the default location: C:/Users/Administrator/AppData/LocalLow/Unity/Caches/GiCache.
Failed to create GICache directory at the default location: C:/Users/Administrator/AppData/LocalLow/Unity/Caches/GiCache.
Failed to create GICache directory at the default location: C:/Users/Administrator/AppData/LocalLow/Unity/Caches/GiCache.
Failed to create GICache directory at the default location: C:/Users/Administrator/AppData/LocalLow/Unity/Caches/GiCache.
Failed to create GICache directory at the default location: C:/Users/Administrator/AppData/LocalLow/Unity/Caches/GiCache.
Failed to create GICache directory at the default location: C:/Users/Administrator/AppData/LocalLow/Unity/Caches/GiCache.
Failed to create GICache directory at the default location: C:/Users/Administrator/AppData/LocalLow/Unity/Caches/GiCache.
Failed to create GICache directory at the default location: C:/Users/Administrator/AppData/LocalLow/Unity/Caches/GiCache.
Failed to create GICache directory at the default location: C:/Users/Administrator/AppData/LocalLow/Unity/Caches/GiCache.
Failed to create GICache directory at the default location: C:/Users/Administrator/AppData/LocalLow/Unity/Caches/GiCache.
Failed to create GICache directory at the default location: C:/Users/Administrator/AppData/LocalLow/Unity/Caches/GiCache.
Failed to create GICache directory at the default location: C:/Users/Administrator/AppData/LocalLow/Unity/Caches/GiCache.
Failed to create GICache directory at the default location: C:/Users/Administrator/AppData/LocalLow/Unity/Caches/GiCache.
Failed to create GICache directory at the default location: C:/Users/Administrator/AppData/LocalLow/Unity/Caches/GiCache.
Failed to create GICache directory at the default location: C:/Users/Administrator/AppData/LocalLow/Unity/Caches/GiCache.
Failed to create GICache directory at the default location: C:/Users/Administrator/AppData/LocalLow/Unity/Caches/GiCache.
Failed to create GICache directory at the default location: C:/Users/Administrator/AppData/LocalLow/Unity/Caches/GiCache.
Failed to create GICache directory at the default location: C:/Users/Administrator/AppData/LocalLow/Unity/Caches/GiCache.
Failed to create GICache directory at the default location: C:/Users/Administrator/AppData/LocalLow/Unity/Caches/GiCache.
Failed to create GICache directory at the default location: C:/Users/Administrator/AppData/LocalLow/Unity/Caches/GiCache.
Failed to create GICache directory at the default location: C:/Users/Administrator/AppData/LocalLow/Unity/Caches/GiCache.
Failed to create GICache directory at the default location: C:/Users/Administrator/AppData/LocalLow/Unity/Caches/GiCache.
Failed to create GICache directory at the default location: C:/Users/Administrator/AppData/LocalLow/Unity/Caches/GiCache.
Failed to create GICache directory at the default location: C:/Users/Administrator/AppData/LocalLow/Unity/Caches/GiCache.
Failed to create GICache directory at the default location: C:/Users/Administrator/AppData/LocalLow/Unity/Caches/GiCache.
Failed to create GICache directory at the default location: C:/Users/Administrator/AppData/LocalLow/Unity/Caches/GiCache.
Failed to create GICache directory at the default location: C:/Users/Administrator/AppData/LocalLow/Unity/Caches/GiCache.
Failed to create GICache directory at the default location: C:/Users/Administrator/AppData/LocalLow/Unity/Caches/GiCache.
Failed to create GICache directory at the default location: C:/Users/Administrator/AppData/LocalLow/Unity/Caches/GiCache.
Failed to create GICache directory at the default location: C:/Users/Administrator/AppData/LocalLow/Unity/Caches/GiCache.
Failed to create GICache directory at the default location: C:/Users/Administrator/AppData/LocalLow/Unity/Caches/GiCache.
Failed to create GICache directory at the default location: C:/Users/Administrator/AppData/LocalLow/Unity/Caches/GiCache.
Failed to create GICache directory at the default location: C:/Users/Administrator/AppData/LocalLow/Unity/Caches/GiCache.
Failed to create GICache directory at the default location: C:/Users/Administrator/AppData/LocalLow/Unity/Caches/GiCache.
Failed to create GICache directory at the default location: C:/Users/Administrator/AppData/LocalLow/Unity/Caches/GiCache.
Failed to create GICache directory at the default location: C:/Users/Administrator/AppData/LocalLow/Unity/Caches/GiCache.
Failed to create GICache directory at the default location: C:/Users/Administrator/AppData/LocalLow/Unity/Caches/GiCache.
Failed to create GICache directory at the default location: C:/Users/Administrator/AppData/LocalLow/Unity/Caches/GiCache.
Failed to create GICache directory at the default location: C:/Users/Administrator/AppData/LocalLow/Unity/Caches/GiCache.
Failed to create GICache directory at the default location: C:/Users/Administrator/AppData/LocalLow/Unity/Caches/GiCache.
Failed to create GICache directory at the default location: C:/Users/Administrator/AppData/LocalLow/Unity/Caches/GiCache.
Failed to create GICache directory at the default location: C:/Users/Administrator/AppData/LocalLow/Unity/Caches/GiCache.
Failed to create GICache directory at the default location: C:/Users/Administrator/AppData/LocalLow/Unity/Caches/GiCache.
Failed to create GICache directory at the default location: C:/Users/Administrator/AppData/LocalLow/Unity/Caches/GiCache.
Failed to create GICache directory at the default location: C:/Users/Administrator/AppData/LocalLow/Unity/Caches/GiCache.
Failed to create GICache directory at the default location: C:/Users/Administrator/AppData/LocalLow/Unity/Caches/GiCache.
Failed to create GICache directory at the default location: C:/Users/Administrator/AppData/LocalLow/Unity/Caches/GiCache.
Failed to create GICache directory at the default location: C:/Users/Administrator/AppData/LocalLow/Unity/Caches/GiCache.
Failed to create GICache directory at the default location: C:/Users/Administrator/AppData/LocalLow/Unity/Caches/GiCache.
Failed to create GICache directory at the default location: C:/Users/Administrator/AppData/LocalLow/Unity/Caches/GiCache.
Failed to create GICache directory at the default location: C:/Users/Administrator/AppData/LocalLow/Unity/Caches/GiCache.
Failed to create GICache directory at the default location: C:/Users/Administrator/AppData/LocalLow/Unity/Caches/GiCache.
Failed to create GICache directory at the default location: C:/Users/Administrator/AppData/LocalLow/Unity/Caches/GiCache.
Failed to create GICache directory at the default location: C:/Users/Administrator/AppData/LocalLow/Unity/Caches/GiCache.
Failed to create GICache directory at the default location: C:/Users/Administrator/AppData/LocalLow/Unity/Caches/GiCache.
Failed to create GICache directory at the default location: C:/Users/Administrator/AppData/LocalLow/Unity/Caches/GiCache.
Failed to create GICache directory at the default location: C:/Users/Administrator/AppData/LocalLow/Unity/Caches/GiCache.
Failed to create GICache directory at the default location: C:/Users/Administrator/AppData/LocalLow/Unity/Caches/GiCache.
Failed to create GICache directory at the default location: C:/Users/Administrator/AppData/LocalLow/Unity/Caches/GiCache.
Failed to create GICache directory at the default location: C:/Users/Administrator/AppData/LocalLow/Unity/Caches/GiCache.
Failed to create GICache directory at the default location: C:/Users/Administrator/AppData/LocalLow/Unity/Caches/GiCache.
Failed to create GICache directory at the default location: C:/Users/Administrator/AppData/LocalLow/Unity/Caches/GiCache.
Failed to create GICache directory at the default location: C:/Users/Administrator/AppData/LocalLow/Unity/Caches/GiCache.
Failed to create GICache directory at the default location: C:/Users/Administrator/AppData/LocalLow/Unity/Caches/GiCache.
Failed to create GICache directory at the default location: C:/Users/Administrator/AppData/LocalLow/Unity/Caches/GiCache.
Failed to create GICache directory at the default location: C:/Users/Administrator/AppData/LocalLow/Unity/Caches/GiCache.
Failed to create GICache directory at the default location: C:/Users/Administrator/AppData/LocalLow/Unity/Caches/GiCache.
Failed to create GICache directory at the default location: C:/Users/Administrator/AppData/LocalLow/Unity/Caches/GiCache.
Failed to create GICache directory at the default location: C:/Users/Administrator/AppData/LocalLow/Unity/Caches/GiCache.
Failed to create GICache directory at the default location: C:/Users/Administrator/AppData/LocalLow/Unity/Caches/GiCache.
Failed to create GICache directory at the default location: C:/Users/Administrator/AppData/LocalLow/Unity/Caches/GiCache.
Failed to create GICache directory at the default location: C:/Users/Administrator/AppData/LocalLow/Unity/Caches/GiCache.
Failed to create GICache directory at the default location: C:/Users/Administrator/AppData/LocalLow/Unity/Caches/GiCache.
Failed to create GICache directory at the default location: C:/Users/Administrator/AppData/LocalLow/Unity/Caches/GiCache.
Failed to create GICache directory at the default location: C:/Users/Administrator/AppData/LocalLow/Unity/Caches/GiCache.
Failed to create GICache directory at the default location: C:/Users/Administrator/AppData/LocalLow/Unity/Caches/GiCache.
Failed to create GICache directory at the default location: C:/Users/Administrator/AppData/LocalLow/Unity/Caches/GiCache.
Failed to create GICache directory at the default location: C:/Users/Administrator/AppData/LocalLow/Unity/Caches/GiCache.
Failed to create GICache directory at the default location: C:/Users/Administrator/AppData/LocalLow/Unity/Caches/GiCache.
Failed to create GICache directory at the default location: C:/Users/Administrator/AppData/LocalLow/Unity/Caches/GiCache.
Failed to create GICache directory at the default location: C:/Users/Administrator/AppData/LocalLow/Unity/Caches/GiCache.
Failed to create GICache directory at the default location: C:/Users/Administrator/AppData/LocalLow/Unity/Caches/GiCache.
Failed to create GICache directory at the default location: C:/Users/Administrator/AppData/LocalLow/Unity/Caches/GiCache.
Failed to create GICache directory at the default location: C:/Users/Administrator/AppData/LocalLow/Unity/Caches/GiCache.
Failed to create GICache directory at the default location: C:/Users/Administrator/AppData/LocalLow/Unity/Caches/GiCache.
Failed to create GICache directory at the default location: C:/Users/Administrator/AppData/LocalLow/Unity/Caches/GiCache.
Failed to create GICache directory at the default location: C:/Users/Administrator/AppData/LocalLow/Unity/Caches/GiCache.
Failed to create GICache directory at the default location: C:/Users/Administrator/AppData/LocalLow/Unity/Caches/GiCache.
Failed to create GICache directory at the default location: C:/Users/Administrator/AppData/LocalLow/Unity/Caches/GiCache.
Failed to create GICache directory at the default location: C:/Users/Administrator/AppData/LocalLow/Unity/Caches/GiCache.
Failed to create GICache directory at the default location: C:/Users/Administrator/AppData/LocalLow/Unity/Caches/GiCache.
Failed to create GICache directory at the default location: C:/Users/Administrator/AppData/LocalLow/Unity/Caches/GiCache.
Failed to create GICache directory at the default location: C:/Users/Administrator/AppData/LocalLow/Unity/Caches/GiCache.
Failed to create GICache directory at the default location: C:/Users/Administrator/AppData/LocalLow/Unity/Caches/GiCache.
Failed to create GICache directory at the default location: C:/Users/Administrator/AppData/LocalLow/Unity/Caches/GiCache.
Failed to create GICache directory at the default location: C:/Users/Administrator/AppData/LocalLow/Unity/Caches/GiCache.
Failed to create GICache directory at the default location: C:/Users/Administrator/AppData/LocalLow/Unity/Caches/GiCache.
Failed to create GICache directory at the default location: C:/Users/Administrator/AppData/LocalLow/Unity/Caches/GiCache.
Failed to create GICache directory at the default location: C:/Users/Administrator/AppData/LocalLow/Unity/Caches/GiCache.
Failed to create GICache directory at the default location: C:/Users/Administrator/AppData/LocalLow/Unity/Caches/GiCache.
Failed to create GICache directory at the default location: C:/Users/Administrator/AppData/LocalLow/Unity/Caches/GiCache.
Failed to create GICache directory at the default location: C:/Users/Administrator/AppData/LocalLow/Unity/Caches/GiCache.
Failed to create GICache directory at the default location: C:/Users/Administrator/AppData/LocalLow/Unity/Caches/GiCache.
Failed to create GICache directory at the default location: C:/Users/Administrator/AppData/LocalLow/Unity/Caches/GiCache.
Failed to create GICache directory at the default location: C:/Users/Administrator/AppData/LocalLow/Unity/Caches/GiCache.
Failed to create GICache directory at the default location: C:/Users/Administrator/AppData/LocalLow/Unity/Caches/GiCache.
Failed to create GICache directory at the default location: C:/Users/Administrator/AppData/LocalLow/Unity/Caches/GiCache.
Failed to create GICache directory at the default location: C:/Users/Administrator/AppData/LocalLow/Unity/Caches/GiCache.
Failed to create GICache directory at the default location: C:/Users/Administrator/AppData/LocalLow/Unity/Caches/GiCache.
Failed to create GICache directory at the default location: C:/Users/Administrator/AppData/LocalLow/Unity/Caches/GiCache.
Failed to create GICache directory at the default location: C:/Users/Administrator/AppData/LocalLow/Unity/Caches/GiCache.
Failed to create GICache directory at the default location: C:/Users/Administrator/AppData/LocalLow/Unity/Caches/GiCache.
Failed to create GICache directory at the default location: C:/Users/Administrator/AppData/LocalLow/Unity/Caches/GiCache.
Failed to create GICache directory at the default location: C:/Users/Administrator/AppData/LocalLow/Unity/Caches/GiCache.
Failed to create GICache directory at the default location: C:/Users/Administrator/AppData/LocalLow/Unity/Caches/GiCache.
Failed to create GICache directory at the default location: C:/Users/Administrator/AppData/LocalLow/Unity/Caches/GiCache.
Failed to create GICache directory at the default location: C:/Users/Administrator/AppData/LocalLow/Unity/Caches/GiCache.
Failed to create GICache directory at the default location: C:/Users/Administrator/AppData/LocalLow/Unity/Caches/GiCache.
Failed to create GICache directory at the default location: C:/Users/Administrator/AppData/LocalLow/Unity/Caches/GiCache.
Failed to create GICache directory at the default location: C:/Users/Administrator/AppData/LocalLow/Unity/Caches/GiCache.
Failed to create GICache directory at the default location: C:/Users/Administrator/AppData/LocalLow/Unity/Caches/GiCache.
Failed to create GICache directory at the default location: C:/Users/Administrator/AppData/LocalLow/Unity/Caches/GiCache.
Failed to create GICache directory at the default location: C:/Users/Administrator/AppData/LocalLow/Unity/Caches/GiCache.
Failed to create GICache directory at the default location: C:/Users/Administrator/AppData/LocalLow/Unity/Caches/GiCache.
Failed to create GICache directory at the default location: C:/Users/Administrator/AppData/LocalLow/Unity/Caches/GiCache.
Failed to create GICache directory at the default location: C:/Users/Administrator/AppData/LocalLow/Unity/Caches/GiCache.
Failed to create GICache directory at the default location: C:/Users/Administrator/AppData/LocalLow/Unity/Caches/GiCache.
Failed to create GICache directory at the default location: C:/Users/Administrator/AppData/LocalLow/Unity/Caches/GiCache.
Failed to create GICache directory at the default location: C:/Users/Administrator/AppData/LocalLow/Unity/Caches/GiCache.
Failed to create GICache directory at the default location: C:/Users/Administrator/AppData/LocalLow/Unity/Caches/GiCache.
Failed to create GICache directory at the default location: C:/Users/Administrator/AppData/LocalLow/Unity/Caches/GiCache.
Failed to create GICache directory at the default location: C:/Users/Administrator/AppData/LocalLow/Unity/Caches/GiCache.
Failed to create GICache directory at the default location: C:/Users/Administrator/AppData/LocalLow/Unity/Caches/GiCache.
Failed to create GICache directory at the default location: C:/Users/Administrator/AppData/LocalLow/Unity/Caches/GiCache.
Failed to create GICache directory at the default location: C:/Users/Administrator/AppData/LocalLow/Unity/Caches/GiCache.
Failed to create GICache directory at the default location: C:/Users/Administrator/AppData/LocalLow/Unity/Caches/GiCache.
Failed to create GICache directory at the default location: C:/Users/Administrator/AppData/LocalLow/Unity/Caches/GiCache.
Failed to create GICache directory at the default location: C:/Users/Administrator/AppData/LocalLow/Unity/Caches/GiCache.
Failed to create GICache directory at the default location: C:/Users/Administrator/AppData/LocalLow/Unity/Caches/GiCache.
Failed to create GICache directory at the default location: C:/Users/Administrator/AppData/LocalLow/Unity/Caches/GiCache.
Failed to create GICache directory at the default location: C:/Users/Administrator/AppData/LocalLow/Unity/Caches/GiCache.
Failed to create GICache directory at the default location: C:/Users/Administrator/AppData/LocalLow/Unity/Caches/GiCache.
Failed to create GICache directory at the default location: C:/Users/Administrator/AppData/LocalLow/Unity/Caches/GiCache.
Failed to create GICache directory at the default location: C:/Users/Administrator/AppData/LocalLow/Unity/Caches/GiCache.
Failed to create GICache directory at the default location: C:/Users/Administrator/AppData/LocalLow/Unity/Caches/GiCache.
Failed to create GICache directory at the default location: C:/Users/Administrator/AppData/LocalLow/Unity/Caches/GiCache.
Failed to create GICache directory at the default location: C:/Users/Administrator/AppData/LocalLow/Unity/Caches/GiCache.
Failed to create GICache directory at the default location: C:/Users/Administrator/AppData/LocalLow/Unity/Caches/GiCache.
Failed to create GICache directory at the default location: C:/Users/Administrator/AppData/LocalLow/Unity/Caches/GiCache.
Failed to create GICache directory at the default location: C:/Users/Administrator/AppData/LocalLow/Unity/Caches/GiCache.
Failed to create GICache directory at the default location: C:/Users/Administrator/AppData/LocalLow/Unity/Caches/GiCache.
Failed to create GICache directory at the default location: C:/Users/Administrator/AppData/LocalLow/Unity/Caches/GiCache.
Failed to create GICache directory at the default location: C:/Users/Administrator/AppData/LocalLow/Unity/Caches/GiCache.
Failed to create GICache directory at the default location: C:/Users/Administrator/AppData/LocalLow/Unity/Caches/GiCache.
Failed to create GICache directory at the default location: C:/Users/Administrator/AppData/LocalLow/Unity/Caches/GiCache.
Failed to create GICache directory at the default location: C:/Users/Administrator/AppData/LocalLow/Unity/Caches/GiCache.
Failed to create GICache directory at the default location: C:/Users/Administrator/AppData/LocalLow/Unity/Caches/GiCache.
Failed to create GICache directory at the default location: C:/Users/Administrator/AppData/LocalLow/Unity/Caches/GiCache.
Failed to create GICache directory at the default location: C:/Users/Administrator/AppData/LocalLow/Unity/Caches/GiCache.
Failed to create GICache directory at the default location: C:/Users/Administrator/AppData/LocalLow/Unity/Caches/GiCache.
Failed to create GICache directory at the default location: C:/Users/Administrator/AppData/LocalLow/Unity/Caches/GiCache.
Failed to create GICache directory at the default location: C:/Users/Administrator/AppData/LocalLow/Unity/Caches/GiCache.
Failed to create GICache directory at the default location: C:/Users/Administrator/AppData/LocalLow/Unity/Caches/GiCache.
Failed to create GICache directory at the default location: C:/Users/Administrator/AppData/LocalLow/Unity/Caches/GiCache.
Failed to create GICache directory at the default location: C:/Users/Administrator/AppData/LocalLow/Unity/Caches/GiCache.
Failed to create GICache directory at the default location: C:/Users/Administrator/AppData/LocalLow/Unity/Caches/GiCache.
Failed to create GICache directory at the default location: C:/Users/Administrator/AppData/LocalLow/Unity/Caches/GiCache.
Failed to create GICache directory at the default location: C:/Users/Administrator/AppData/LocalLow/Unity/Caches/GiCache.
Failed to create GICache directory at the default location: C:/Users/Administrator/AppData/LocalLow/Unity/Caches/GiCache.
Failed to create GICache directory at the default location: C:/Users/Administrator/AppData/LocalLow/Unity/Caches/GiCache.
Failed to create GICache directory at the default location: C:/Users/Administrator/AppData/LocalLow/Unity/Caches/GiCache.
Failed to create GICache directory at the default location: C:/Users/Administrator/AppData/LocalLow/Unity/Caches/GiCache.
Failed to create GICache directory at the default location: C:/Users/Administrator/AppData/LocalLow/Unity/Caches/GiCache.
Failed to create GICache directory at the default location: C:/Users/Administrator/AppData/LocalLow/Unity/Caches/GiCache.
Failed to create GICache directory at the default location: C:/Users/Administrator/AppData/LocalLow/Unity/Caches/GiCache.
Failed to create GICache directory at the default location: C:/Users/Administrator/AppData/LocalLow/Unity/Caches/GiCache.
Failed to create GICache directory at the default location: C:/Users/Administrator/AppData/LocalLow/Unity/Caches/GiCache.
Failed to create GICache directory at the default location: C:/Users/Administrator/AppData/LocalLow/Unity/Caches/GiCache.
Failed to create GICache directory at the default location: C:/Users/Administrator/AppData/LocalLow/Unity/Caches/GiCache.
Failed to create GICache directory at the default location: C:/Users/Administrator/AppData/LocalLow/Unity/Caches/GiCache.
Failed to create GICache directory at the default location: C:/Users/Administrator/AppData/LocalLow/Unity/Caches/GiCache.
Failed to create GICache directory at the default location: C:/Users/Administrator/AppData/LocalLow/Unity/Caches/GiCache.
Failed to create GICache directory at the default location: C:/Users/Administrator/AppData/LocalLow/Unity/Caches/GiCache.
Failed to create GICache directory at the default location: C:/Users/Administrator/AppData/LocalLow/Unity/Caches/GiCache.
Failed to create GICache directory at the default location: C:/Users/Administrator/AppData/LocalLow/Unity/Caches/GiCache.
Failed to create GICache directory at the default location: C:/Users/Administrator/AppData/LocalLow/Unity/Caches/GiCache.
Failed to create GICache directory at the default location: C:/Users/Administrator/AppData/LocalLow/Unity/Caches/GiCache.
Failed to create GICache directory at the default location: C:/Users/Administrator/AppData/LocalLow/Unity/Caches/GiCache.
Failed to create GICache directory at the default location: C:/Users/Administrator/AppData/LocalLow/Unity/Caches/GiCache.
Failed to create GICache directory at the default location: C:/Users/Administrator/AppData/LocalLow/Unity/Caches/GiCache.
Failed to create GICache directory at the default location: C:/Users/Administrator/AppData/LocalLow/Unity/Caches/GiCache.
Failed to create GICache directory at the default location: C:/Users/Administrator/AppData/LocalLow/Unity/Caches/GiCache.
Failed to create GICache directory at the default location: C:/Users/Administrator/AppData/LocalLow/Unity/Caches/GiCache.
Failed to create GICache directory at the default location: C:/Users/Administrator/AppData/LocalLow/Unity/Caches/GiCache.
Failed to create GICache directory at the default location: C:/Users/Administrator/AppData/LocalLow/Unity/Caches/GiCache.
Failed to create GICache directory at the default location: C:/Users/Administrator/AppData/LocalLow/Unity/Caches/GiCache.
Failed to create GICache directory at the default location: C:/Users/Administrator/AppData/LocalLow/Unity/Caches/GiCache.
Failed to create GICache directory at the default location: C:/Users/Administrator/AppData/LocalLow/Unity/Caches/GiCache.
Failed to create GICache directory at the default location: C:/Users/Administrator/AppData/LocalLow/Unity/Caches/GiCache.
Failed to create GICache directory at the default location: C:/Users/Administrator/AppData/LocalLow/Unity/Caches/GiCache.
Failed to create GICache directory at the default location: C:/Users/Administrator/AppData/LocalLow/Unity/Caches/GiCache.
Failed to create GICache directory at the default location: C:/Users/Administrator/AppData/LocalLow/Unity/Caches/GiCache.
Failed to create GICache directory at the default location: C:/Users/Administrator/AppData/LocalLow/Unity/Caches/GiCache.
Failed to create GICache directory at the default location: C:/Users/Administrator/AppData/LocalLow/Unity/Caches/GiCache.
Failed to create GICache directory at the default location: C:/Users/Administrator/AppData/LocalLow/Unity/Caches/GiCache.
Failed to create GICache directory at the default location: C:/Users/Administrator/AppData/LocalLow/Unity/Caches/GiCache.
Failed to create GICache directory at the default location: C:/Users/Administrator/AppData/LocalLow/Unity/Caches/GiCache.
Failed to create GICache directory at the default location: C:/Users/Administrator/AppData/LocalLow/Unity/Caches/GiCache.
Failed to create GICache directory at the default location: C:/Users/Administrator/AppData/LocalLow/Unity/Caches/GiCache.
Failed to create GICache directory at the default location: C:/Users/Administrator/AppData/LocalLow/Unity/Caches/GiCache.
Failed to create GICache directory at the default location: C:/Users/Administrator/AppData/LocalLow/Unity/Caches/GiCache.
Failed to create GICache directory at the default location: C:/Users/Administrator/AppData/LocalLow/Unity/Caches/GiCache.
Failed to create GICache directory at the default location: C:/Users/Administrator/AppData/LocalLow/Unity/Caches/GiCache.
Failed to create GICache directory at the default location: C:/Users/Administrator/AppData/LocalLow/Unity/Caches/GiCache.
Failed to create GICache directory at the default location: C:/Users/Administrator/AppData/LocalLow/Unity/Caches/GiCache.
Failed to create GICache directory at the default location: C:/Users/Administrator/AppData/LocalLow/Unity/Caches/GiCache.
Failed to create GICache directory at the default location: C:/Users/Administrator/AppData/LocalLow/Unity/Caches/GiCache.
Failed to create GICache directory at the default location: C:/Users/Administrator/AppData/LocalLow/Unity/Caches/GiCache.
Failed to create GICache directory at the default location: C:/Users/Administrator/AppData/LocalLow/Unity/Caches/GiCache.
Failed to create GICache directory at the default location: C:/Users/Administrator/AppData/LocalLow/Unity/Caches/GiCache.
Failed to create GICache directory at the default location: C:/Users/Administrator/AppData/LocalLow/Unity/Caches/GiCache.
Failed to create GICache directory at the default location: C:/Users/Administrator/AppData/LocalLow/Unity/Caches/GiCache.
Failed to create GICache directory at the default location: C:/Users/Administrator/AppData/LocalLow/Unity/Caches/GiCache.
Failed to create GICache directory at the default location: C:/Users/Administrator/AppData/LocalLow/Unity/Caches/GiCache.
Failed to create GICache directory at the default location: C:/Users/Administrator/AppData/LocalLow/Unity/Caches/GiCache.
Failed to create GICache directory at the default location: C:/Users/Administrator/AppData/LocalLow/Unity/Caches/GiCache.
Failed to create GICache directory at the default location: C:/Users/Administrator/AppData/LocalLow/Unity/Caches/GiCache.
Failed to create GICache directory at the default location: C:/Users/Administrator/AppData/LocalLow/Unity/Caches/GiCache.
Failed to create GICache directory at the default location: C:/Users/Administrator/AppData/LocalLow/Unity/Caches/GiCache.
Failed to create GICache directory at the default location: C:/Users/Administrator/AppData/LocalLow/Unity/Caches/GiCache.
Failed to create GICache directory at the default location: C:/Users/Administrator/AppData/LocalLow/Unity/Caches/GiCache.
Failed to create GICache directory at the default location: C:/Users/Administrator/AppData/LocalLow/Unity/Caches/GiCache.
Failed to create GICache directory at the default location: C:/Users/Administrator/AppData/LocalLow/Unity/Caches/GiCache.
Failed to create GICache directory at the default location: C:/Users/Administrator/AppData/LocalLow/Unity/Caches/GiCache.
Failed to create GICache directory at the default location: C:/Users/Administrator/AppData/LocalLow/Unity/Caches/GiCache.
Failed to create GICache directory at the default location: C:/Users/Administrator/AppData/LocalLow/Unity/Caches/GiCache.
Failed to create GICache directory at the default location: C:/Users/Administrator/AppData/LocalLow/Unity/Caches/GiCache.
Failed to create GICache directory at the default location: C:/Users/Administrator/AppData/LocalLow/Unity/Caches/GiCache.
Failed to create GICache directory at the default location: C:/Users/Administrator/AppData/LocalLow/Unity/Caches/GiCache.
Failed to create GICache directory at the default location: C:/Users/Administrator/AppData/LocalLow/Unity/Caches/GiCache.
Failed to create GICache directory at the default location: C:/Users/Administrator/AppData/LocalLow/Unity/Caches/GiCache.
Failed to create GICache directory at the default location: C:/Users/Administrator/AppData/LocalLow/Unity/Caches/GiCache.
Failed to create GICache directory at the default location: C:/Users/Administrator/AppData/LocalLow/Unity/Caches/GiCache.
Failed to create GICache directory at the default location: C:/Users/Administrator/AppData/LocalLow/Unity/Caches/GiCache.
Failed to create GICache directory at the default location: C:/Users/Administrator/AppData/LocalLow/Unity/Caches/GiCache.
Failed to create GICache directory at the default location: C:/Users/Administrator/AppData/LocalLow/Unity/Caches/GiCache.
Failed to create GICache directory at the default location: C:/Users/Administrator/AppData/LocalLow/Unity/Caches/GiCache.
Failed to create GICache directory at the default location: C:/Users/Administrator/AppData/LocalLow/Unity/Caches/GiCache.
Failed to create GICache directory at the default location: C:/Users/Administrator/AppData/LocalLow/Unity/Caches/GiCache.
Failed to create GICache directory at the default location: C:/Users/Administrator/AppData/LocalLow/Unity/Caches/GiCache.
Failed to create GICache directory at the default location: C:/Users/Administrator/AppData/LocalLow/Unity/Caches/GiCache.
Failed to create GICache directory at the default location: C:/Users/Administrator/AppData/LocalLow/Unity/Caches/GiCache.
Failed to create GICache directory at the default location: C:/Users/Administrator/AppData/LocalLow/Unity/Caches/GiCache.
Failed to create GICache directory at the default location: C:/Users/Administrator/AppData/LocalLow/Unity/Caches/GiCache.
Failed to create GICache directory at the default location: C:/Users/Administrator/AppData/LocalLow/Unity/Caches/GiCache.
Failed to create GICache directory at the default location: C:/Users/Administrator/AppData/LocalLow/Unity/Caches/GiCache.
Failed to create GICache directory at the default location: C:/Users/Administrator/AppData/LocalLow/Unity/Caches/GiCache.
Failed to create GICache directory at the default location: C:/Users/Administrator/AppData/LocalLow/Unity/Caches/GiCache.
Failed to create GICache directory at the default location: C:/Users/Administrator/AppData/LocalLow/Unity/Caches/GiCache.
Failed to create GICache directory at the default location: C:/Users/Administrator/AppData/LocalLow/Unity/Caches/GiCache.
Failed to create GICache directory at the default location: C:/Users/Administrator/AppData/LocalLow/Unity/Caches/GiCache.
Failed to create GICache directory at the default location: C:/Users/Administrator/AppData/LocalLow/Unity/Caches/GiCache.
Failed to create GICache directory at the default location: C:/Users/Administrator/AppData/LocalLow/Unity/Caches/GiCache.
Failed to create GICache directory at the default location: C:/Users/Administrator/AppData/LocalLow/Unity/Caches/GiCache.
Failed to create GICache directory at the default location: C:/Users/Administrator/AppData/LocalLow/Unity/Caches/GiCache.
Failed to create GICache directory at the default location: C:/Users/Administrator/AppData/LocalLow/Unity/Caches/GiCache.
Failed to create GICache directory at the default location: C:/Users/Administrator/AppData/LocalLow/Unity/Caches/GiCache.
Failed to create GICache directory at the default location: C:/Users/Administrator/AppData/LocalLow/Unity/Caches/GiCache.
Failed to create GICache directory at the default location: C:/Users/Administrator/AppData/LocalLow/Unity/Caches/GiCache.
Failed to create GICache directory at the default location: C:/Users/Administrator/AppData/LocalLow/Unity/Caches/GiCache.
Failed to create GICache directory at the default location: C:/Users/Administrator/AppData/LocalLow/Unity/Caches/GiCache.
Failed to create GICache directory at the default location: C:/Users/Administrator/AppData/LocalLow/Unity/Caches/GiCache.
Failed to create GICache directory at the default location: C:/Users/Administrator/AppData/LocalLow/Unity/Caches/GiCache.
Failed to create GICache directory at the default location: C:/Users/Administrator/AppData/LocalLow/Unity/Caches/GiCache.
Failed to create GICache directory at the default location: C:/Users/Administrator/AppData/LocalLow/Unity/Caches/GiCache.
Failed to create GICache directory at the default location: C:/Users/Administrator/AppData/LocalLow/Unity/Caches/GiCache.
Failed to create GICache directory at the default location: C:/Users/Administrator/AppData/LocalLow/Unity/Caches/GiCache.
Failed to create GICache directory at the default location: C:/Users/Administrator/AppData/LocalLow/Unity/Caches/GiCache.
Failed to create GICache directory at the default location: C:/Users/Administrator/AppData/LocalLow/Unity/Caches/GiCache.
Failed to create GICache directory at the default location: C:/Users/Administrator/AppData/LocalLow/Unity/Caches/GiCache.
Failed to create GICache directory at the default location: C:/Users/Administrator/AppData/LocalLow/Unity/Caches/GiCache.
Failed to create GICache directory at the default location: C:/Users/Administrator/AppData/LocalLow/Unity/Caches/GiCache.
Failed to create GICache directory at the default location: C:/Users/Administrator/AppData/LocalLow/Unity/Caches/GiCache.
Failed to create GICache directory at the default location: C:/Users/Administrator/AppData/LocalLow/Unity/Caches/GiCache.
Failed to create GICache directory at the default location: C:/Users/Administrator/AppData/LocalLow/Unity/Caches/GiCache.
Failed to create GICache directory at the default location: C:/Users/Administrator/AppData/LocalLow/Unity/Caches/GiCache.
Failed to create GICache directory at the default location: C:/Users/Administrator/AppData/LocalLow/Unity/Caches/GiCache.
Failed to create GICache directory at the default location: C:/Users/Administrator/AppData/LocalLow/Unity/Caches/GiCache.
Failed to create GICache directory at the default location: C:/Users/Administrator/AppData/LocalLow/Unity/Caches/GiCache.
Failed to create GICache directory at the default location: C:/Users/Administrator/AppData/LocalLow/Unity/Caches/GiCache.
Failed to create GICache directory at the default location: C:/Users/Administrator/AppData/LocalLow/Unity/Caches/GiCache.
Failed to create GICache directory at the default location: C:/Users/Administrator/AppData/LocalLow/Unity/Caches/GiCache.
Failed to create GICache directory at the default location: C:/Users/Administrator/AppData/LocalLow/Unity/Caches/GiCache.
Failed to create GICache directory at the default location: C:/Users/Administrator/AppData/LocalLow/Unity/Caches/GiCache.
Failed to create GICache directory at the default location: C:/Users/Administrator/AppData/LocalLow/Unity/Caches/GiCache.
Failed to create GICache directory at the default location: C:/Users/Administrator/AppData/LocalLow/Unity/Caches/GiCache.
Failed to create GICache directory at the default location: C:/Users/Administrator/AppData/LocalLow/Unity/Caches/GiCache.
Failed to create GICache directory at the default location: C:/Users/Administrator/AppData/LocalLow/Unity/Caches/GiCache.
Failed to create GICache directory at the default location: C:/Users/Administrator/AppData/LocalLow/Unity/Caches/GiCache.
Failed to create GICache directory at the default location: C:/Users/Administrator/AppData/LocalLow/Unity/Caches/GiCache.
Failed to create GICache directory at the default location: C:/Users/Administrator/AppData/LocalLow/Unity/Caches/GiCache.
Failed to create GICache directory at the default location: C:/Users/Administrator/AppData/LocalLow/Unity/Caches/GiCache.
Failed to create GICache directory at the default location: C:/Users/Administrator/AppData/LocalLow/Unity/Caches/GiCache.
Failed to create GICache directory at the default location: C:/Users/Administrator/AppData/LocalLow/Unity/Caches/GiCache.
Failed to create GICache directory at the default location: C:/Users/Administrator/AppData/LocalLow/Unity/Caches/GiCache.
Failed to create GICache directory at the default location: C:/Users/Administrator/AppData/LocalLow/Unity/Caches/GiCache.
Failed to create GICache directory at the default location: C:/Users/Administrator/AppData/LocalLow/Unity/Caches/GiCache.
Failed to create GICache directory at the default location: C:/Users/Administrator/AppData/LocalLow/Unity/Caches/GiCache.
Failed to create GICache directory at the default location: C:/Users/Administrator/AppData/LocalLow/Unity/Caches/GiCache.
Failed to create GICache directory at the default location: C:/Users/Administrator/AppData/LocalLow/Unity/Caches/GiCache.
Failed to create GICache directory at the default location: C:/Users/Administrator/AppData/LocalLow/Unity/Caches/GiCache.
Failed to create GICache directory at the default location: C:/Users/Administrator/AppData/LocalLow/Unity/Caches/GiCache.
Failed to create GICache directory at the default location: C:/Users/Administrator/AppData/LocalLow/Unity/Caches/GiCache.
Failed to create GICache directory at the default location: C:/Users/Administrator/AppData/LocalLow/Unity/Caches/GiCache.
Failed to create GICache directory at the default location: C:/Users/Administrator/AppData/LocalLow/Unity/Caches/GiCache.
Failed to create GICache directory at the default location: C:/Users/Administrator/AppData/LocalLow/Unity/Caches/GiCache.
Failed to create GICache directory at the default location: C:/Users/Administrator/AppData/LocalLow/Unity/Caches/GiCache.
Failed to create GICache directory at the default location: C:/Users/Administrator/AppData/LocalLow/Unity/Caches/GiCache.
Failed to create GICache directory at the default location: C:/Users/Administrator/AppData/LocalLow/Unity/Caches/GiCache.
Failed to create GICache directory at the default location: C:/Users/Administrator/AppData/LocalLow/Unity/Caches/GiCache.
Failed to create GICache directory at the default location: C:/Users/Administrator/AppData/LocalLow/Unity/Caches/GiCache.
Failed to create GICache directory at the default location: C:/Users/Administrator/AppData/LocalLow/Unity/Caches/GiCache.
Failed to create GICache directory at the default location: C:/Users/Administrator/AppData/LocalLow/Unity/Caches/GiCache.
Failed to create GICache directory at the default location: C:/Users/Administrator/AppData/LocalLow/Unity/Caches/GiCache.
Failed to create GICache directory at the default location: C:/Users/Administrator/AppData/LocalLow/Unity/Caches/GiCache.
Failed to create GICache directory at the default location: C:/Users/Administrator/AppData/LocalLow/Unity/Caches/GiCache.
Failed to create GICache directory at the default location: C:/Users/Administrator/AppData/LocalLow/Unity/Caches/GiCache.
Failed to create GICache directory at the default location: C:/Users/Administrator/AppData/LocalLow/Unity/Caches/GiCache.
Failed to create GICache directory at the default location: C:/Users/Administrator/AppData/LocalLow/Unity/Caches/GiCache.
Failed to create GICache directory at the default location: C:/Users/Administrator/AppData/LocalLow/Unity/Caches/GiCache.
Failed to create GICache directory at the default location: C:/Users/Administrator/AppData/LocalLow/Unity/Caches/GiCache.
Failed to create GICache directory at the default location: C:/Users/Administrator/AppData/LocalLow/Unity/Caches/GiCache.
Failed to create GICache directory at the default location: C:/Users/Administrator/AppData/LocalLow/Unity/Caches/GiCache.
Failed to create GICache directory at the default location: C:/Users/Administrator/AppData/LocalLow/Unity/Caches/GiCache.
Failed to create GICache directory at the default location: C:/Users/Administrator/AppData/LocalLow/Unity/Caches/GiCache.
Failed to create GICache directory at the default location: C:/Users/Administrator/AppData/LocalLow/Unity/Caches/GiCache.
Failed to create GICache directory at the default location: C:/Users/Administrator/AppData/LocalLow/Unity/Caches/GiCache.
Failed to create GICache directory at the default location: C:/Users/Administrator/AppData/LocalLow/Unity/Caches/GiCache.
Failed to create GICache directory at the default location: C:/Users/Administrator/AppData/LocalLow/Unity/Caches/GiCache.
Failed to create GICache directory at the default location: C:/Users/Administrator/AppData/LocalLow/Unity/Caches/GiCache.
Failed to create GICache directory at the default location: C:/Users/Administrator/AppData/LocalLow/Unity/Caches/GiCache.
Failed to create GICache directory at the default location: C:/Users/Administrator/AppData/LocalLow/Unity/Caches/GiCache.
Failed to create GICache directory at the default location: C:/Users/Administrator/AppData/LocalLow/Unity/Caches/GiCache.
Failed to create GICache directory at the default location: C:/Users/Administrator/AppData/LocalLow/Unity/Caches/GiCache.
Failed to create GICache directory at the default location: C:/Users/Administrator/AppData/LocalLow/Unity/Caches/GiCache.
Failed to create GICache directory at the default location: C:/Users/Administrator/AppData/LocalLow/Unity/Caches/GiCache.
Failed to create GICache directory at the default location: C:/Users/Administrator/AppData/LocalLow/Unity/Caches/GiCache.
Failed to create GICache directory at the default location: C:/Users/Administrator/AppData/LocalLow/Unity/Caches/GiCache.
Failed to create GICache directory at the default location: C:/Users/Administrator/AppData/LocalLow/Unity/Caches/GiCache.
Failed to create GICache directory at the default location: C:/Users/Administrator/AppData/LocalLow/Unity/Caches/GiCache.
Failed to create GICache directory at the default location: C:/Users/Administrator/AppData/LocalLow/Unity/Caches/GiCache.
Failed to create GICache directory at the default location: C:/Users/Administrator/AppData/LocalLow/Unity/Caches/GiCache.
Failed to create GICache directory at the default location: C:/Users/Administrator/AppData/LocalLow/Unity/Caches/GiCache.
Failed to create GICache directory at the default location: C:/Users/Administrator/AppData/LocalLow/Unity/Caches/GiCache.
Failed to create GICache directory at the default location: C:/Users/Administrator/AppData/LocalLow/Unity/Caches/GiCache.
Failed to create GICache directory at the default location: C:/Users/Administrator/AppData/LocalLow/Unity/Caches/GiCache.
Failed to create GICache directory at the default location: C:/Users/Administrator/AppData/LocalLow/Unity/Caches/GiCache.
Failed to create GICache directory at the default location: C:/Users/Administrator/AppData/LocalLow/Unity/Caches/GiCache.
Failed to create GICache directory at the default location: C:/Users/Administrator/AppData/LocalLow/Unity/Caches/GiCache.
Failed to create GICache directory at the default location: C:/Users/Administrator/AppData/LocalLow/Unity/Caches/GiCache.
Failed to create GICache directory at the default location: C:/Users/Administrator/AppData/LocalLow/Unity/Caches/GiCache.
Failed to create GICache directory at the default location: C:/Users/Administrator/AppData/LocalLow/Unity/Caches/GiCache.
Failed to create GICache directory at the default location: C:/Users/Administrator/AppData/LocalLow/Unity/Caches/GiCache.
Failed to create GICache directory at the default location: C:/Users/Administrator/AppData/LocalLow/Unity/Caches/GiCache.
Failed to create GICache directory at the default location: C:/Users/Administrator/AppData/LocalLow/Unity/Caches/GiCache.
Failed to create GICache directory at the default location: C:/Users/Administrator/AppData/LocalLow/Unity/Caches/GiCache.
Failed to create GICache directory at the default location: C:/Users/Administrator/AppData/LocalLow/Unity/Caches/GiCache.
Failed to create GICache directory at the default location: C:/Users/Administrator/AppData/LocalLow/Unity/Caches/GiCache.
Failed to create GICache directory at the default location: C:/Users/Administrator/AppData/LocalLow/Unity/Caches/GiCache.
Failed to create GICache directory at the default location: C:/Users/Administrator/AppData/LocalLow/Unity/Caches/GiCache.
Failed to create GICache directory at the default location: C:/Users/Administrator/AppData/LocalLow/Unity/Caches/GiCache.
Failed to create GICache directory at the default location: C:/Users/Administrator/AppData/LocalLow/Unity/Caches/GiCache.
Failed to create GICache directory at the default location: C:/Users/Administrator/AppData/LocalLow/Unity/Caches/GiCache.
Failed to create GICache directory at the default location: C:/Users/Administrator/AppData/LocalLow/Unity/Caches/GiCache.
Failed to create GICache directory at the default location: C:/Users/Administrator/AppData/LocalLow/Unity/Caches/GiCache.
Failed to create GICache directory at the default location: C:/Users/Administrator/AppData/LocalLow/Unity/Caches/GiCache.
Failed to create GICache directory at the default location: C:/Users/Administrator/AppData/LocalLow/Unity/Caches/GiCache.
Failed to create GICache directory at the default location: C:/Users/Administrator/AppData/LocalLow/Unity/Caches/GiCache.
Failed to create GICache directory at the default location: C:/Users/Administrator/AppData/LocalLow/Unity/Caches/GiCache.
Failed to create GICache directory at the default location: C:/Users/Administrator/AppData/LocalLow/Unity/Caches/GiCache.
Failed to create GICache directory at the default location: C:/Users/Administrator/AppData/LocalLow/Unity/Caches/GiCache.
Failed to create GICache directory at the default location: C:/Users/Administrator/AppData/LocalLow/Unity/Caches/GiCache.
Failed to create GICache directory at the default location: C:/Users/Administrator/AppData/LocalLow/Unity/Caches/GiCache.
Failed to create GICache directory at the default location: C:/Users/Administrator/AppData/LocalLow/Unity/Caches/GiCache.
Failed to create GICache directory at the default location: C:/Users/Administrator/AppData/LocalLow/Unity/Caches/GiCache.
Failed to create GICache directory at the default location: C:/Users/Administrator/AppData/LocalLow/Unity/Caches/GiCache.
Failed to create GICache directory at the default location: C:/Users/Administrator/AppData/LocalLow/Unity/Caches/GiCache.
Failed to create GICache directory at the default location: C:/Users/Administrator/AppData/LocalLow/Unity/Caches/GiCache.
Failed to create GICache directory at the default location: C:/Users/Administrator/AppData/LocalLow/Unity/Caches/GiCache.
Failed to create GICache directory at the default location: C:/Users/Administrator/AppData/LocalLow/Unity/Caches/GiCache.
Failed to create GICache directory at the default location: C:/Users/Administrator/AppData/LocalLow/Unity/Caches/GiCache.
Failed to create GICache directory at the default location: C:/Users/Administrator/AppData/LocalLow/Unity/Caches/GiCache.
Failed to create GICache directory at the default location: C:/Users/Administrator/AppData/LocalLow/Unity/Caches/GiCache.
Failed to create GICache directory at the default location: C:/Users/Administrator/AppData/LocalLow/Unity/Caches/GiCache.
Failed to create GICache directory at the default location: C:/Users/Administrator/AppData/LocalLow/Unity/Caches/GiCache.
Failed to create GICache directory at the default location: C:/Users/Administrator/AppData/LocalLow/Unity/Caches/GiCache.
Failed to create GICache directory at the default location: C:/Users/Administrator/AppData/LocalLow/Unity/Caches/GiCache.
Failed to create GICache directory at the default location: C:/Users/Administrator/AppData/LocalLow/Unity/Caches/GiCache.
Failed to create GICache directory at the default location: C:/Users/Administrator/AppData/LocalLow/Unity/Caches/GiCache.
Failed to create GICache directory at the default location: C:/Users/Administrator/AppData/LocalLow/Unity/Caches/GiCache.
Failed to create GICache directory at the default location: C:/Users/Administrator/AppData/LocalLow/Unity/Caches/GiCache.
Failed to create GICache directory at the default location: C:/Users/Administrator/AppData/LocalLow/Unity/Caches/GiCache.
Failed to create GICache directory at the default location: C:/Users/Administrator/AppData/LocalLow/Unity/Caches/GiCache.
Failed to create GICache directory at the default location: C:/Users/Administrator/AppData/LocalLow/Unity/Caches/GiCache.
Failed to create GICache directory at the default location: C:/Users/Administrator/AppData/LocalLow/Unity/Caches/GiCache.
Failed to create GICache directory at the default location: C:/Users/Administrator/AppData/LocalLow/Unity/Caches/GiCache.
Failed to create GICache directory at the default location: C:/Users/Administrator/AppData/LocalLow/Unity/Caches/GiCache.
Failed to create GICache directory at the default location: C:/Users/Administrator/AppData/LocalLow/Unity/Caches/GiCache.
Failed to create GICache directory at the default location: C:/Users/Administrator/AppData/LocalLow/Unity/Caches/GiCache.
Failed to create GICache directory at the default location: C:/Users/Administrator/AppData/LocalLow/Unity/Caches/GiCache.
Failed to create GICache directory at the default location: C:/Users/Administrator/AppData/LocalLow/Unity/Caches/GiCache.
Failed to create GICache directory at the default location: C:/Users/Administrator/AppData/LocalLow/Unity/Caches/GiCache.
Failed to create GICache directory at the default location: C:/Users/Administrator/AppData/LocalLow/Unity/Caches/GiCache.
Failed to create GICache directory at the default location: C:/Users/Administrator/AppData/LocalLow/Unity/Caches/GiCache.
Failed to create GICache directory at the default location: C:/Users/Administrator/AppData/LocalLow/Unity/Caches/GiCache.
Failed to create GICache directory at the default location: C:/Users/Administrator/AppData/LocalLow/Unity/Caches/GiCache.
Failed to create GICache directory at the default location: C:/Users/Administrator/AppData/LocalLow/Unity/Caches/GiCache.
Failed to create GICache directory at the default location: C:/Users/Administrator/AppData/LocalLow/Unity/Caches/GiCache.
Failed to create GICache directory at the default location: C:/Users/Administrator/AppData/LocalLow/Unity/Caches/GiCache.
Failed to create GICache directory at the default location: C:/Users/Administrator/AppData/LocalLow/Unity/Caches/GiCache.
Failed to create GICache directory at the default location: C:/Users/Administrator/AppData/LocalLow/Unity/Caches/GiCache.
Failed to create GICache directory at the default location: C:/Users/Administrator/AppData/LocalLow/Unity/Caches/GiCache.
Failed to create GICache directory at the default location: C:/Users/Administrator/AppData/LocalLow/Unity/Caches/GiCache.
Failed to create GICache directory at the default location: C:/Users/Administrator/AppData/LocalLow/Unity/Caches/GiCache.
Failed to create GICache directory at the default location: C:/Users/Administrator/AppData/LocalLow/Unity/Caches/GiCache.
Failed to create GICache directory at the default location: C:/Users/Administrator/AppData/LocalLow/Unity/Caches/GiCache.
Failed to create GICache directory at the default location: C:/Users/Administrator/AppData/LocalLow/Unity/Caches/GiCache.
Failed to create GICache directory at the default location: C:/Users/Administrator/AppData/LocalLow/Unity/Caches/GiCache.
Failed to create GICache directory at the default location: C:/Users/Administrator/AppData/LocalLow/Unity/Caches/GiCache.
Failed to create GICache directory at the default location: C:/Users/Administrator/AppData/LocalLow/Unity/Caches/GiCache.
Failed to create GICache directory at the default location: C:/Users/Administrator/AppData/LocalLow/Unity/Caches/GiCache.
Failed to create GICache directory at the default location: C:/Users/Administrator/AppData/LocalLow/Unity/Caches/GiCache.
Failed to create GICache directory at the default location: C:/Users/Administrator/AppData/LocalLow/Unity/Caches/GiCache.
Failed to create GICache directory at the default location: C:/Users/Administrator/AppData/LocalLow/Unity/Caches/GiCache.
Failed to create GICache directory at the default location: C:/Users/Administrator/AppData/LocalLow/Unity/Caches/GiCache.
Failed to create GICache directory at the default location: C:/Users/Administrator/AppData/LocalLow/Unity/Caches/GiCache.
Failed to create GICache directory at the default location: C:/Users/Administrator/AppData/LocalLow/Unity/Caches/GiCache.
Failed to create GICache directory at the default location: C:/Users/Administrator/AppData/LocalLow/Unity/Caches/GiCache.
Failed to create GICache directory at the default location: C:/Users/Administrator/AppData/LocalLow/Unity/Caches/GiCache.
Failed to create GICache directory at the default location: C:/Users/Administrator/AppData/LocalLow/Unity/Caches/GiCache.
Failed to create GICache directory at the default location: C:/Users/Administrator/AppData/LocalLow/Unity/Caches/GiCache.
Failed to create GICache directory at the default location: C:/Users/Administrator/AppData/LocalLow/Unity/Caches/GiCache.
Failed to create GICache directory at the default location: C:/Users/Administrator/AppData/LocalLow/Unity/Caches/GiCache.
EMERALD_LOADED parts=4 vertices=11873 parameters=6
UnityEngine.Debug:ExtractStackTraceNoAlloc (byte*,int,string)
UnityEngine.StackTraceUtility:ExtractStackTrace ()
UnityEngine.DebugLogHandler:Internal_Log (UnityEngine.LogType,UnityEngine.LogOption,string,UnityEngine.Object)
UnityEngine.DebugLogHandler:LogFormat (UnityEngine.LogType,UnityEngine.Object,string,object[])
UnityEngine.Logger:Log (UnityEngine.LogType,object)
UnityEngine.Debug:Log (object)
EmeraldInochi.InochiStandee:Initialize () (at F:/天命之子/client/Assets/EmeraldInochi/InochiStandee.cs:94)
EmeraldInochi.InochiStandee:Attach (UnityEngine.Transform) (at F:/天命之子/client/Assets/EmeraldInochi/InochiStandee.cs:51)
Resonance.App.EmeraldLobby:TryAttach (UnityEngine.Transform,System.Collections.Generic.List`1<UnityEngine.GameObject>) (at Assets/Scripts/Resonance.App/UI/EmeraldLobby.cs:16)
Resonance.App.GameRoot:DrawHome () (at Assets/Scripts/Resonance.App/Core/GameRoot.cs:446)
Resonance.App.GameRoot:Show (Resonance.App.GameRoot/ScreenId) (at Assets/Scripts/Resonance.App/Core/GameRoot.cs:406)
Resonance.App.GameRoot:<ToggleBattlePause>b__67_0 () (at Assets/Scripts/Resonance.App/Core/GameRoot.cs:212)
Resonance.App.UiChrome/<>c__DisplayClass18_0:<Hit>b__0 () (at Assets/Scripts/Resonance.App/UI/UiChrome.cs:554)
UnityEngine.Events.InvokableCall:Invoke ()
UnityEngine.Events.UnityEvent:Invoke ()
UnityEngine.UI.Button:Press () (at ./Library/PackageCache/com.unity.ugui@27635d171b1a/Runtime/UGUI/UI/Core/Button.cs:71)
UnityEngine.UI.Button:OnPointerClick (UnityEngine.EventSystems.PointerEventData) (at ./Library/PackageCache/com.unity.ugui@27635d171b1a/Runtime/UGUI/UI/Core/Button.cs:115)
UnityEngine.EventSystems.ExecuteEvents:Execute (UnityEngine.EventSystems.IPointerClickHandler,UnityEngine.EventSystems.BaseEventData) (at ./Library/PackageCache/com.unity.ugui@27635d171b1a/Runtime/UGUI/EventSystem/ExecuteEvents.cs:57)
UnityEngine.EventSystems.ExecuteEvents:Execute<UnityEngine.EventSystems.IPointerClickHandler> (UnityEngine.GameObject,UnityEngine.EventSystems.BaseEventData,UnityEngine.EventSystems.ExecuteEvents/EventFunction`1<UnityEngine.EventSystems.IPointerClickHandler>) (at ./Library/PackageCache/com.unity.ugui@27635d171b1a/Runtime/UGUI/EventSystem/ExecuteEvents.cs:272)
Resonance.App.NaturalPlayRuntime/<PointerAt>d__81:MoveNext () (at Assets/Scripts/Resonance.App/Debug/NaturalPlayRuntime.cs:1478)
UnityEngine.SetupCoroutine:InvokeMoveNext (System.Collections.IEnumerator,intptr)

(Filename: F:/天命之子/client/Assets/EmeraldInochi/InochiStandee.cs Line: 94)

Failed to create GICache directory at the default location: C:/Users/Administrator/AppData/LocalLow/Unity/Caches/GiCache.
Failed to create GICache directory at the default location: C:/Users/Administrator/AppData/LocalLow/Unity/Caches/GiCache.
Failed to create GICache directory at the default location: C:/Users/Administrator/AppData/LocalLow/Unity/Caches/GiCache.
Failed to create GICache directory at the default location: C:/Users/Administrator/AppData/LocalLow/Unity/Caches/GiCache.
Failed to create GICache directory at the default location: C:/Users/Administrator/AppData/LocalLow/Unity/Caches/GiCache.
Failed to create GICache directory at the default location: C:/Users/Administrator/AppData/LocalLow/Unity/Caches/GiCache.
Failed to create GICache directory at the default location: C:/Users/Administrator/AppData/LocalLow/Unity/Caches/GiCache.
Failed to create GICache directory at the default location: C:/Users/Administrator/AppData/LocalLow/Unity/Caches/GiCache.
Failed to create GICache directory at the default location: C:/Users/Administrator/AppData/LocalLow/Unity/Caches/GiCache.
Failed to create GICache directory at the default location: C:/Users/Administrator/AppData/LocalLow/Unity/Caches/GiCache.
Failed to create GICache directory at the default location: C:/Users/Administrator/AppData/LocalLow/Unity/Caches/GiCache.
Failed to create GICache directory at the default location: C:/Users/Administrator/AppData/LocalLow/Unity/Caches/GiCache.
Failed to create GICache directory at the default location: C:/Users/Administrator/AppData/LocalLow/Unity/Caches/GiCache.
Failed to create GICache directory at the default location: C:/Users/Administrator/AppData/LocalLow/Unity/Caches/GiCache.
Failed to create GICache directory at the default location: C:/Users/Administrator/AppData/LocalLow/Unity/Caches/GiCache.
Failed to create GICache directory at the default location: C:/Users/Administrator/AppData/LocalLow/Unity/Caches/GiCache.
Failed to create GICache directory at the default location: C:/Users/Administrator/AppData/LocalLow/Unity/Caches/GiCache.
Failed to create GICache directory at the default location: C:/Users/Administrator/AppData/LocalLow/Unity/Caches/GiCache.
Failed to create GICache directory at the default location: C:/Users/Administrator/AppData/LocalLow/Unity/Caches/GiCache.
Failed to create GICache directory at the default location: C:/Users/Administrator/AppData/LocalLow/Unity/Caches/GiCache.
Failed to create GICache directory at the default location: C:/Users/Administrator/AppData/LocalLow/Unity/Caches/GiCache.
Failed to create GICache directory at the default location: C:/Users/Administrator/AppData/LocalLow/Unity/Caches/GiCache.
Failed to create GICache directory at the default location: C:/Users/Administrator/AppData/LocalLow/Unity/Caches/GiCache.
Failed to create GICache directory at the default location: C:/Users/Administrator/AppData/LocalLow/Unity/Caches/GiCache.
Failed to create GICache directory at the default location: C:/Users/Administrator/AppData/LocalLow/Unity/Caches/GiCache.
Failed to create GICache directory at the default location: C:/Users/Administrator/AppData/LocalLow/Unity/Caches/GiCache.
Failed to create GICache directory at the default location: C:/Users/Administrator/AppData/LocalLow/Unity/Caches/GiCache.
[NATURAL-PLAY]
PASS
historical_baseline=DC_RECON_KIT/m1/G2_REVIEW_20260913/artifacts/natural-play/run7
historical_verdict=FAIL BattlePlay missing=Tap,Slide
historical_note=run7 kept as FAIL; this session does not rewrite it to PASS
pointer=UnityEngine.EventSystem
os_touch=NOT_CLAIMED
provenance=DESIGN_PLACEHOLDER
schema=G2R14-NP-1
plan=np.basic.v1
session=np-20260920T062037
battle_ids=np-20260920T062037-001,np-20260920T062037-002
battle_1=np-20260920T062037-001 scenario=np.basic.v1 stage=NP-BASIC persisted=1 outcome=Victory digest=1d97ca9a9ad2f5e8467bbd9fab78ca761e41f446abecfeed8bf35d869401a4a4 dir=F:\Resonance\client\captures\natural-play\battles\np-20260920T062037-001
battle_2=np-20260920T062037-002 scenario=np.basic.v1 stage=NP-BASIC persisted=1 outcome=InProgress digest=9b2fecd09095d96d049f46f5a4e015595f813ddd449cf32fe5554fffa47301a1 dir=F:\Resonance\client\captures\natural-play\battles\np-20260920T062037-002
catalog=DESIGN_PLACEHOLDER G2R14-NP-1 mode=np.basic.v1+A53_SUB_STRIP_DOT_FLAME sub=A53_SUB_STRIP_DOT_FLAME fights=1 chargeSec=1.25 declaredAutoDriveGain=2 honorDeclared=True tickUnitFloor=Math.Max(14f,DriveGain) until integrator hunk roster=ok
captures=np_01_battle.png,np_04_focus.png,np_06_pause.png,np_07_speed.png,np_03_slide.png,np_02_tap.png,np_09_result.png,np_10_rematch.png,np_11_home.png
screen=Home
title=CLEAR!!
drive=0 fever=False ever=False speed=2 auto=Manual outcome=InProgress wave=0

phase	expected	observed	frame	ms
VerificationCatalog	DESIGN_PLACEHOLDER before FIGHT	DESIGN_PLACEHOLDER G2R14-NP-1 mode=np.basic.v1+A53_SUB_STRIP_DOT_FLAME sub=A53_SUB_STRIP_DOT_FLAME fights=1 chargeSec=1.25 declaredAutoDriveGain=2 honorDeclared=True tickUnitFloor=Math.Max(14f,DriveGain) until integrator hunk roster=ok	1	0
HomeVisible	screen=Home	screen=Home	2	3628
TapToStage	tap 关卡	tapped GameRoot/Canvas/首页/关卡	3	4021
StageVisible	screen=Stage	screen=Stage	41	4142
TapStart	tap FIGHT	tapped GameRoot/Canvas/StageBoard/WavePreview/FIGHT	43	4463
BattleVisible	screen=Battle hud=p0	screen=Battle hud=p0 wave=0	69	4589
BattleId	unique battle_id + frozen BattleInitialHeader + RunHeader	id=np-20260920T062037-001 scenario=np.basic.v1 frozen=True header=seed=12977656;rules=g2-patha-2026-09-13;profile=JP_LEGACY_EMPIRICAL;auto=Manual;speed=1;forceNoCrit=0;stage=NP-BASIC;data=g2id1-c99b2d37d756087b199c7f5f9d7ecbd099de010140483cde37e8736584802cb9;party=C001,C007,C010,C003,C005	70	4595
FocusEnemy	EventSystem click on non-first live enemy changes focus	battle_id=np-20260920T062037-001 target=GameRoot/Canvas/field/foe/focusHit focus=-1->1 seq=1 tick=16 kind=FocusEnemy slot=1 source=Player accepted=True reason=None timing=Bad value=0	72	4713
FocusEnemyPersist	same Player FocusEnemy in commands.txt + parsed replay.jsonl	battle_id=np-20260920T062037-001 seq=1 tick=16 slot=1 commands=True replay=True dir=F:\Resonance\client\captures\natural-play\battles\np-20260920T062037-001	72	4713
TapPause	tap || PAUSE	tapped GameRoot/Canvas/|| PAUSE	74	4861
PauseVisible	PauseBoard + Paused	PauseBoard Paused=true	94	4982
Resume	tap CONTINUE	tapped GameRoot/Canvas/PauseBoard/CONTINUE	97	5084
Resume	no PauseBoard + !Paused	resumed	124	5207
SpeedToggle	tap >> X1 SPEED	tapped GameRoot/Canvas/>> X1 SPEED	126	5223
SpeedToggle	Speed!=1	Speed=2	155	5347
SlidePortrait	slideUp p0 dy>80	SlideCd=8	185	5677
TapPortrait	tap p0	tapped GameRoot/Canvas/p0	499	7569
TapSkill	p0 Tap Submit + Charge consumed	charge 100->26.7	508	7723
BattlePlay	Tap+Slide via pointer before Drive remap	reached screen=Battle last=TAP  冰刃  直斩 drive=30 qte=-1 fever=False feverEver=False feverGauge=0 paused=False speed=2 auto=Manual focus=1 wave=0 outcome=InProgress cmd=seq=6 tick=95 kind=Tap slot=0 source=Player accepted=True reason=None timing=Bad value=0	509	7832
ResultVisible	screen=Result	screen=Result title=CLEAR!!	1420	14480
ResultVisible	ResultBoard interactable	board=True interactable=True	1424	14531
Rematch	tap NEXT	tapped GameRoot/Canvas/ResultBoard/NEXT	1426	14651
RematchBattle	screen=Battle hud=p0	screen=Battle hud=p0 wave=0	1451	14773
BattleId	unique battle_id + frozen BattleInitialHeader + RunHeader	id=np-20260920T062037-002 scenario=np.basic.v1 frozen=True header=seed=12988093;rules=g2-patha-2026-09-13;profile=JP_LEGACY_EMPIRICAL;auto=Manual;speed=2;forceNoCrit=0;stage=NP-BASIC;data=g2id1-c99b2d37d756087b199c7f5f9d7ecbd099de010140483cde37e8736584802cb9;party=C001,C007,C010,C003,C005	1452	14778
ExitPause	tap || PAUSE	tapped GameRoot/Canvas/|| PAUSE	1454	14890
ExitPause	PauseBoard + Paused	PauseBoard Paused=true	1480	15010
ExitHome	tap HOME	tapped GameRoot/Canvas/PauseBoard/HOME	1482	15179
HomeReturn	screen=Home	screen=Home	1506	15302

--- inputs ---
note natural-play start
note historical_baseline=DC_RECON_KIT/m1/G2_REVIEW_20260913/artifacts/natural-play/run7 verdict=FAIL BattlePlay missing=Tap,Slide (kept; not rewritten)
note pointer=UnityEngine.EventSystem os_touch=NOT_CLAIMED
note plan mode=np.basic.v1 fights=1 provenance=DESIGN_PLACEHOLDER schema=G2R14-NP-1
note catalog DESIGN_PLACEHOLDER G2R14-NP-1 mode=np.basic.v1+A53_SUB_STRIP_DOT_FLAME sub=A53_SUB_STRIP_DOT_FLAME fights=1 chargeSec=1.25 declaredAutoDriveGain=2 honorDeclared=True tickUnitFloor=Math.Max(14f,DriveGain) until integrator hunk roster=ok
note ok VerificationCatalog DESIGN_PLACEHOLDER G2R14-NP-1 mode=np.basic.v1+A53_SUB_STRIP_DOT_FLAME sub=A53_SUB_STRIP_DOT_FLAME fights=1 chargeSec=1.25 declaredAutoDriveGain=2 honorDeclared=True tickUnitFloor=Math.Max(14f,DriveGain) until integrator hunk roster=ok
note ok HomeVisible screen=Home
frame=2 t=3.628 kind=tap pos=289,438 target=none after=battle=null screen=Stage
note ok TapToStage tapped GameRoot/Canvas/首页/关卡
note ok StageVisible screen=Stage
frame=42 t=4.146 kind=tap pos=540,250 target=none after=screen=Battle last=第一波 drive=0 qte=-1 fever=False feverEver=False feverGauge=0 paused=False speed=1 auto=Manual focus=-1 wave=0 outcome=InProgress
note ok TapStart tapped GameRoot/Canvas/StageBoard/WavePreview/FIGHT
note ok BattleVisible screen=Battle hud=p0 wave=0
note ok BattleId id=np-20260920T062037-001 scenario=np.basic.v1 frozen=True header=seed=12977656;rules=g2-patha-2026-09-13;profile=JP_LEGACY_EMPIRICAL;auto=Manual;speed=1;forceNoCrit=0;stage=NP-BASIC;data=g2id1-c99b2d37d756087b199c7f5f9d7ecbd099de010140483cde37e8736584802cb9;party=C001,C007,C010,C003,C005
note shot np_01_battle.png
frame=71 t=4.702 kind=tap pos=540,1382 target=GameRoot/Canvas/field/foe/focusHit after=screen=Battle last=第一波 drive=0 qte=-1 fever=False feverEver=False feverGauge=0 paused=False speed=1 auto=Manual focus=1 wave=0 outcome=InProgress cmd=seq=1 tick=16 kind=FocusEnemy slot=1 source=Player accepted=True reason=None timing=Bad value=0
note ok FocusEnemy battle_id=np-20260920T062037-001 target=GameRoot/Canvas/field/foe/focusHit focus=-1->1 seq=1 tick=16 kind=FocusEnemy slot=1 source=Player accepted=True reason=None timing=Bad value=0
note persist np-20260920T062037-001 why=focus-click status=F:\Resonance\client\captures\natural-play\battles\np-20260920T062037-001 outcome=InProgress digest=24784915e0787d4eb9e73fd2e3374edc82fbe89637ac84e43a342c629c98350a replay=F:\Resonance\client\captures\natural-play\battles\np-20260920T062037-001\replay.jsonl
note ok FocusEnemyPersist battle_id=np-20260920T062037-001 seq=1 tick=16 slot=1 commands=True replay=True dir=F:\Resonance\client\captures\natural-play\battles\np-20260920T062037-001
note shot np_04_focus.png
frame=73 t=4.827 kind=tap pos=97,1824 target=GameRoot/Canvas/|| PAUSE after=screen=Battle last=第一波 drive=0 qte=-1 fever=False feverEver=False feverGauge=0 paused=True speed=1 auto=Manual focus=1 wave=0 outcome=InProgress cmd=seq=2 tick=20 kind=Pause slot=0 source=Player accepted=True reason=None timing=Bad value=0
note ok TapPause tapped GameRoot/Canvas/|| PAUSE
note ok PauseVisible PauseBoard Paused=true
note shot np_06_pause.png
frame=96 t=5.074 kind=tap pos=540,538 target=none after=screen=Battle last=第一波 drive=0 qte=-1 fever=False feverEver=False feverGauge=0 paused=False speed=1 auto=Manual focus=1 wave=0 outcome=InProgress cmd=seq=3 tick=20 kind=Resume slot=0 source=Player accepted=True reason=None timing=Bad value=0
note ok Resume tapped GameRoot/Canvas/PauseBoard/CONTINUE
note ok Resume resumed
frame=125 t=5.212 kind=tap pos=119,1747 target=GameRoot/Canvas/>> X1 SPEED after=screen=Battle last=第一波 drive=0 qte=-1 fever=False feverEver=False feverGauge=0 paused=False speed=2 auto=Manual focus=1 wave=0 outcome=InProgress cmd=seq=4 tick=24 kind=SetSpeed slot=0 source=Player accepted=True reason=None timing=Bad value=2
note ok SpeedToggle tapped GameRoot/Canvas/>> X1 SPEED
note ok SpeedToggle Speed=2
note shot np_07_speed.png
frame=163 t=5.474 kind=slide pos=119,307 target=GameRoot/Canvas/p0 after=screen=Battle last=SLIDE  冰刃  裂空 drive=14 qte=-1 fever=False feverEver=False feverGauge=0 paused=False speed=2 auto=Manual focus=1 wave=0 outcome=InProgress cmd=seq=5 tick=32 kind=Slide slot=0 source=Player accepted=True reason=None timing=Bad value=0
note ok SlidePortrait SlideCd=8
note shot np_03_slide.png
frame=498 t=7.551 kind=tap pos=119,307 target=GameRoot/Canvas/p0 after=screen=Battle last=TAP  冰刃  直斩 drive=30 qte=-1 fever=False feverEver=False feverGauge=0 paused=False speed=2 auto=Manual focus=1 wave=0 outcome=InProgress cmd=seq=6 tick=95 kind=Tap slot=0 source=Player accepted=True reason=None timing=Bad value=0
note ok TapPortrait tapped GameRoot/Canvas/p0
note ok TapSkill charge 100->26.7
note shot np_02_tap.png
note ok BattlePlay reached screen=Battle last=TAP  冰刃  直斩 drive=30 qte=-1 fever=False feverEver=False feverGauge=0 paused=False speed=2 auto=Manual focus=1 wave=0 outcome=InProgress cmd=seq=6 tick=95 kind=Tap slot=0 source=Player accepted=True reason=None timing=Bad value=0
note ok ResultVisible screen=Result title=CLEAR!!
note persist np-20260920T062037-001 why=pre-next status=F:\Resonance\client\captures\natural-play\battles\np-20260920T062037-001 outcome=Victory digest=1d97ca9a9ad2f5e8467bbd9fab78ca761e41f446abecfeed8bf35d869401a4a4 replay=F:\Resonance\client\captures\natural-play\battles\np-20260920T062037-001\replay.jsonl
frame=1420 t=14.481 kind=tap pos=540,960 target=none after=screen=Result last=胜利 drive=80 qte=-1 fever=False feverEver=False feverGauge=0 paused=False speed=2 auto=Manual focus=-1 wave=1 outcome=Victory cmd=seq=6 tick=95 kind=Tap slot=0 source=Player accepted=True reason=None timing=Bad value=0
frame=1422 t=14.519 kind=tap pos=540,960 target=GameRoot/Canvas/vfxStageClear/veil after=screen=Result last=胜利 drive=80 qte=-1 fever=False feverEver=False feverGauge=0 paused=False speed=2 auto=Manual focus=-1 wave=1 outcome=Victory cmd=seq=6 tick=95 kind=Tap slot=0 source=Player accepted=True reason=None timing=Bad value=0
note ok ResultVisible board=True interactable=True
note shot np_09_result.png
frame=1425 t=14.593 kind=tap pos=756,576 target=none after=screen=Battle last=第一波 drive=0 qte=-1 fever=False feverEver=False feverGauge=0 paused=False speed=2 auto=Manual focus=-1 wave=0 outcome=InProgress
note ok Rematch tapped GameRoot/Canvas/ResultBoard/NEXT
note ok RematchBattle screen=Battle hud=p0 wave=0
note ok BattleId id=np-20260920T062037-002 scenario=np.basic.v1 frozen=True header=seed=12988093;rules=g2-patha-2026-09-13;profile=JP_LEGACY_EMPIRICAL;auto=Manual;speed=2;forceNoCrit=0;stage=NP-BASIC;data=g2id1-c99b2d37d756087b199c7f5f9d7ecbd099de010140483cde37e8736584802cb9;party=C001,C007,C010,C003,C005
note shot np_10_rematch.png
note persist np-20260920T062037-002 why=rematch-enter status=F:\Resonance\client\captures\natural-play\battles\np-20260920T062037-002 outcome=InProgress digest=5ae89c0cf2a892123751925afc9be469519d23c1ac5cff6bc4c87c905bb8307d replay=F:\Resonance\client\captures\natural-play\battles\np-20260920T062037-002\replay.jsonl
frame=1453 t=14.871 kind=tap pos=97,1824 target=GameRoot/Canvas/|| PAUSE after=screen=Battle last=第一波 drive=0 qte=-1 fever=False feverEver=False feverGauge=0 paused=True speed=2 auto=Manual focus=-1 wave=0 outcome=InProgress cmd=seq=1 tick=8 kind=Pause slot=0 source=Player accepted=True reason=None timing=Bad value=0
note ok ExitPause tapped GameRoot/Canvas/|| PAUSE
note ok ExitPause PauseBoard Paused=true
note persist np-20260920T062037-002 why=pre-home status=F:\Resonance\client\captures\natural-play\battles\np-20260920T062037-002 outcome=InProgress digest=9b2fecd09095d96d049f46f5a4e015595f813ddd449cf32fe5554fffa47301a1 replay=F:\Resonance\client\captures\natural-play\battles\np-20260920T062037-002\replay.jsonl
frame=1481 t=15.015 kind=tap pos=238,538 target=none after=screen=Home last=第一波 drive=0 qte=-1 fever=False feverEver=False feverGauge=0 paused=True speed=2 auto=Manual focus=-1 wave=0 outcome=InProgress cmd=seq=1 tick=8 kind=Pause slot=0 source=Player accepted=True reason=None timing=Bad value=0
note ok ExitHome tapped GameRoot/Canvas/PauseBoard/HOME
note ok HomeReturn screen=Home
note shot np_11_home.png
note persist np-20260920T062037-002 why=quit status=F:\Resonance\client\captures\natural-play\battles\np-20260920T062037-002 outcome=InProgress digest=9b2fecd09095d96d049f46f5a4e015595f813ddd449cf32fe5554fffa47301a1 replay=F:\Resonance\client\captures\natural-play\battles\np-20260920T062037-002\replay.jsonl

--- frozen battle headers (authoritative) ---
np-20260920T062037-001	seed=12977656;rules=g2-patha-2026-09-13;profile=JP_LEGACY_EMPIRICAL;auto=Manual;speed=1;forceNoCrit=0;stage=NP-BASIC;data=g2id1-c99b2d37d756087b199c7f5f9d7ecbd099de010140483cde37e8736584802cb9;party=C001,C007,C010,C003,C005
np-20260920T062037-002	seed=12988093;rules=g2-patha-2026-09-13;profile=JP_LEGACY_EMPIRICAL;auto=Manual;speed=2;forceNoCrit=0;stage=NP-BASIC;data=g2id1-c99b2d37d756087b199c7f5f9d7ecbd099de010140483cde37e8736584802cb9;party=C001,C007,C010,C003,C005

--- live RunHeader (current GameRoot.Battle; may be fight 2) ---
seed=12988093;rules=g2-patha-2026-09-13;profile=JP_LEGACY_EMPIRICAL;auto=Manual;speed=2;forceNoCrit=0;stage=NP-BASIC;data=g2id1-739d8b44874327aba5cc7bbf1de521bdd7e524983b1452f749fcacbf4d40f054;party=C001,C007,C010,C003,C005

--- live CommandLog (current GameRoot.Battle; per-fight files are authoritative) ---
seq=1 tick=8 kind=Pause slot=0 source=Player accepted=True reason=None timing=Bad value=0

--- reflection (read-only) ---
BattleSim.CommandLog (public, read-only)
BattleSim.RunHeader() (read-only)
UnityEngine.Debug:ExtractStackTraceNoAlloc (byte*,int,string)
UnityEngine.StackTraceUtility:ExtractStackTrace ()
UnityEngine.DebugLogHandler:Internal_Log (UnityEngine.LogType,UnityEngine.LogOption,string,UnityEngine.Object)
UnityEngine.DebugLogHandler:LogFormat (UnityEngine.LogType,UnityEngine.Object,string,object[])
UnityEngine.Logger:Log (UnityEngine.LogType,object)
UnityEngine.Debug:Log (object)
Resonance.App.NaturalPlayRuntime:WriteAndQuit (bool) (at Assets/Scripts/Resonance.App/Debug/NaturalPlayRuntime.cs:1831)
Resonance.App.NaturalPlayRuntime:Pass () (at Assets/Scripts/Resonance.App/Debug/NaturalPlayRuntime.cs:1752)
Resonance.App.NaturalPlayRuntime/<Run>d__43:MoveNext () (at Assets/Scripts/Resonance.App/Debug/NaturalPlayRuntime.cs:277)
UnityEngine.SetupCoroutine:InvokeMoveNext (System.Collections.IEnumerator,intptr)

(Filename: Assets/Scripts/Resonance.App/Debug/NaturalPlayRuntime.cs Line: 1831)

Failed to create GICache directory at the default location: C:/Users/Administrator/AppData/LocalLow/Unity/Caches/GiCache.
Unloading 25 Unused Serialized files (Serialized files now loaded: 0)
Loaded scene 'Temp/__Backupscenes/0.backup'
	Deserialize:            0.452 ms
	Integration:            121.623 ms
	Integration of assets:  0.001 ms
	Thread Wait Time:       0.012 ms
	Total Operation Time:   122.089 ms
Unloading 73 unused Assets / (17.5 MB). Loaded Objects now: 6047.
Memory consumption went from 349.1 MB to 331.5 MB.
Total: 14.200900 ms (FindLiveObjects: 0.240300 ms CreateObjectMapping: 0.124900 ms MarkObjects: 9.564300 ms  DeleteObjects: 4.270100 ms)

Starting new worker id: 0 with log in F:/Resonance/client/Logs/AssetImportWorker0.log
Starting new worker id: 1 with log in F:/Resonance/client/Logs/AssetImportWorker1.log
Starting new worker id: 2 with log in F:/Resonance/client/Logs/AssetImportWorker2.log
Starting new worker id: 3 with log in F:/Resonance/client/Logs/AssetImportWorker3.log
Failed to create GICache directory at the default location: C:/Users/Administrator/AppData/LocalLow/Unity/Caches/GiCache.
[NATURAL-PLAY] quitting editor after result pass=True
UnityEngine.Debug:ExtractStackTraceNoAlloc (byte*,int,string)
UnityEngine.StackTraceUtility:ExtractStackTrace ()
UnityEngine.DebugLogHandler:Internal_Log (UnityEngine.LogType,UnityEngine.LogOption,string,UnityEngine.Object)
UnityEngine.DebugLogHandler:LogFormat (UnityEngine.LogType,UnityEngine.Object,string,object[])
UnityEngine.Logger:Log (UnityEngine.LogType,object)
UnityEngine.Debug:Log (object)
Resonance.EditorTools.NaturalPlaySmoke:QuitIfDone () (at Assets/Editor/Smoke/NaturalPlaySmoke.cs:226)
Resonance.EditorTools.NaturalPlaySmoke:Poll () (at Assets/Editor/Smoke/NaturalPlaySmoke.cs:171)
UnityEditor.EditorApplication:Internal_CallUpdateFunctions ()

(Filename: Assets/Editor/Smoke/NaturalPlaySmoke.cs Line: 226)

[LAYOUT] About to save layout F:\Resonance\client\UserSettings\Layouts\default-6000.dwlt
[LAYOUT] About to save layout C:/Users/Administrator/AppData/Roaming/Unity/Editor-5.x/Preferences\Layouts\current\default-6000.dwlt
Killing ADB server in 0.6255385 seconds.
Input System module state changed to: ShutdownInProgress.
Input System polling thread exited.
Input System module state changed to: Shutdown.
[Physics::Module] Cleanup current backend.
[Physics::Module] Id: 0xf2b8ea05
[Licensing::IpcConnector] LicenseClient-Administrator-notifications channel disconnected successfully.
[Licensing::IpcConnector] LicenseClient-Administrator channel disconnected successfully.
AcceleratorClientConnectionCallback - disconnected - :0
Cleanup mono
Checking for leaked weakptr:
  Found no leaked weakptrs.
[Package Manager] Server process was shutdown
Internal: There are remaining Allocations on the JobTempAlloc. This is a leak, and will impact performance
To Debug, run app with -diag-job-temp-memory-leak-validation cmd line argument. This will output the callstacks of the leaked allocations.
Internal: There are remaining Allocations on the JobTempAlloc. This is a leak, and will impact performance
To Debug, run app with -diag-job-temp-memory-leak-validation cmd line argument. This will output the callstacks of the leaked allocations.
##utp:{"type":"MemoryLeaks","version":2,"phase":"Immediate","time":1789885252656,"processId":23488,"allocatedMemory":16348848,"memoryLabels":[{"Default":29313},{"Permanent":15236},{"NewDelete":443281},{"Thread":4237960},{"Manager":821632},{"VertexData":8},{"Geometry":816},{"Texture":296},{"Shader":89593},{"Material":24},{"GfxDevice":57928},{"Animation":392},{"Audio":2664},{"FreeType":8},{"FontEngine":736},{"Physics":2146},{"Physics2D":16},{"Serialization":223679},{"Input":14984},{"JobScheduler":33024},{"TextLib":16120},{"Mono":32},{"MonoCode":184},{"ScriptingNativeRuntime":155060},{"BaseObject":1640688},{"Resource":1336},{"Renderer":3000},{"Transform":4685},{"File":33167},{"WebCam":616},{"Culling":32},{"Terrain":11394},{"Wind":24},{"STL":40},{"String":28596},{"DynamicArray":109937},{"HashMap":130493},{"Utility":2660914},{"Curl":48},{"PoolAlloc":2296},{"AI":80},{"TypeTree":5341},{"ScriptManager":512},{"RuntimeInitializeOnLoadManager":64},{"SpriteAtlas":112},{"GI":7792},{"Director":8240},{"CloudService":11488},{"WebRequest":552},{"VR":47994},{"SceneManager":504},{"Video":208},{"LazyScriptCache":32},{"NativeArray":9768},{"Camera":17},{"Secure":2377},{"SerializationCache":1576},{"APIUpdating":10320},{"Subsystems":336},{"VirtualTexturing":57888},{"StaticSafetyDebugInfo":278528},{"Analytics":640},{"Hierarchy":608},{"CoreStats":13112},{"Identifiers":6480},{"Gui":237},{"EditorUtility":187557},{"VersionControl":4},{"Undo":947},{"AssetDatabase":4876611},{"EditorGi":328},{"UnityConnect":29344},{"Upm":1896},{"AssetCompliance":64},{"DrivenProperties":72},{"LocalIPC":219},{"ProfilerEditor":9746},{"CoreBusinessMetrics":3504},{"Licensing":1392},{"AssetReference":32},{"IPCStream":32}]}
