alias,content_id,name,title,path,avatar_file,avatar_url,wiki_url
dcj,589692,光摩根,无与伦比的摩根,五星天子图鉴 / 五星光属性 / 光摩根,avatars_wiki/dcj_589692.png,https://cdnimg.gamekee.com/wiki2.0/images/w_69/h_67/1164/56174/2023/3/27/817531.png,https://www.gamekee.com/dcj/589692.html
dcj,162037,奥拉夫,大力无双哈托尔,五星天子图鉴 / 五星光属性 / 奥拉夫,avatars_wiki/dcj_162037.png,https://cdnimg-v2.gamekee.com/wiki2.0/images/w_583/h_311/1164/176744/2022/6/13/681173.png,https://www.gamekee.com/dcj/162037.html
dcj,591397,狄刻,狄刻（奶光）,五星天子图鉴 / 五星光属性 / 狄刻,avatars_wiki/dcj_591397.png,https://cdnimg.gamekee.com/wiki2.0/images/w_109/h_118/1164/56174/2023/4/25/421326.png,https://www.gamekee.com/dcj/591397.html
dcj,165267,双马尾,双马尾,五星天子图鉴 / 五星光属性 / 双马尾,avatars_wiki/dcj_165267.png,https://cdnimg-v2.gamekee.com/wiki2.0/images/w_800/h_329/1164/176744/2022/7/19/793055.png,https://www.gamekee.com/dcj/165267.html
dcj,578783,奥菲斯,奥菲斯,五星天子图鉴 / 五星光属性 / 奥菲斯,avatars_wiki/dcj_578783.png,https://cdnimg.gamekee.com/wiki2.0/images/w_237/h_237/1164/56174/2022/11/15/354151.png,https://www.gamekee.com/dcj/578783.html
dcj,586064,蒙德斯,蒙德斯,五星天子图鉴 / 五星光属性 / 蒙德斯,avatars_wiki/dcj_586064.png,https://cdnimg.gamekee.com/wiki2.0/images/w_98/h_101/1164/56174/2023/2/16/229895.png,https://www.gamekee.com/dcj/586064.html
dcj,164768,守护神奥佩普,守护神奥佩普,五星天子图鉴 / 五星光属性 / 守护神奥佩普,avatars_wiki/dcj_164768.png,https://cdnimg.gamekee.com/wiki2.0/images/w_24/h_37/1164/176744/2022/7/12/380977.png,https://www.gamekee.com/dcj/164768.html
dcj,95754,猎户座,奥利奥恩,五星天子图鉴 / 五星光属性 / 猎户座,avatars_wiki/dcj_95754.png,https://cdnimg-v2.gamekee.com/images/www/1641268894183_63896531.png,https://www.gamekee.com/dcj/95754.html
dcj,162038,密涅瓦,英杰 密涅瓦,五星天子图鉴 / 五星光属性 / 密涅瓦,avatars_wiki/dcj_162038.png,https://cdnimg-v2.gamekee.com/wiki2.0/images/w_512/h_266/1164/176744/2022/6/14/969549.png,https://www.gamekee.com/dcj/162038.html
dcj,162024,阿克拉西亚,偶像阿克拉西亚,五星天子图鉴 / 五星光属性 / 阿克拉西亚,avatars_wiki/dcj_162024.png,https://cdnimg-v2.gamekee.com/wiki2.0/images/w_584/h_351/1164/176744/2022/6/13/982966.png,https://www.gamekee.com/dcj/162024.html
dcj,89396,相机,完美的波坦,五星天子图鉴 / 五星光属性 / 相机,,https://cdnimg-v2.gamekee.com/images/www/1633000883485_59999357.png,https://www.gamekee.com/dcj/89396.html
dcj,164766,薇薇安,茶杯,五星天子图鉴 / 五星光属性 / 薇薇安,avatars_wiki/dcj_164766.png,https://cdnimg-v2.gamekee.com/wiki2.0/images/w_1480/h_774/1164/176744/2022/7/12/146557.png,https://www.gamekee.com/dcj/164766.html
dcj,578920,米莉亚（限定）,米莉亚,五星天子图鉴 / 五星光属性 / 米莉亚（限定）,avatars_wiki/dcj_578920.png,https://cdnimg-v2.gamekee.com/wiki2.0/images/w_1544/h_8874/1164/63428/2022/9/16/558277.png,https://www.gamekee.com/dcj/578920.html
dcj,83031,光豹子,诺托斯,五星天子图鉴 / 五星光属性 / 光豹子,avatars_wiki/dcj_83031.png,https://cdnimg-v2.gamekee.com/images/www/1626354066606_10517890.png,https://www.gamekee.com/dcj/83031.html
dcj,578918,彼列,彼列,五星天子图鉴 / 五星光属性 / 彼列,avatars_wiki/dcj_578918.png,https://cdnimg-v2.gamekee.com/wiki2.0/images/w_1544/h_8297/1164/63428/2022/9/27/962722.png,https://www.gamekee.com/dcj/578918.html
dcj,84125,印第安人,玛丽奇.钱德拉甘塔,五星天子图鉴 / 五星光属性 / 印第安人,avatars_wiki/dcj_84125.png,https://cdnimg-v2.gamekee.com/images/www/1627545570587_28527889.png,https://www.gamekee.com/dcj/84125.html
dcj,81429,光狗,莱西,五星天子图鉴 / 五星光属性 / 光狗,avatars_wiki/dcj_81429.png,https://cdnimg-v2.gamekee.com/images/www/1624783802570_95778221.png,https://www.gamekee.com/dcj/81429.html
dcj,578955,光巴里,光巴里、服从边界,五星天子图鉴 / 五星光属性 / 光巴里,avatars_wiki/dcj_578955.png,https://cdnimg.gamekee.com/wiki2.0/images/w_78/h_81/1164/56174/2022/11/17/863257.png,https://www.gamekee.com/dcj/578955.html
dcj,81744,洛基,洛基,五星天子图鉴 / 五星光属性 / 洛基,avatars_wiki/dcj_81744.png,https://cdnimg-v2.gamekee.com/images/www/1625062324567_97089853.png,https://www.gamekee.com/dcj/81744.html
dcj,82032,提泰妮亚,提泰妮亚,五星天子图鉴 / 五星光属性 / 提泰妮亚,avatars_wiki/dcj_82032.png,https://cdnimg-v2.gamekee.com/images/www/1625399978315_43846249.png,https://www.gamekee.com/dcj/82032.html
dcj,81426,光击剑,布达拉曼特,五星天子图鉴 / 五星光属性 / 光击剑,avatars_wiki/dcj_81426.png,https://cdnimg-v2.gamekee.com/images/www/1624628238314_33928385.png,https://www.gamekee.com/dcj/81426.html
dcj,82030,艾尔布,艾尔布,五星天子图鉴 / 五星光属性 / 艾尔布,avatars_wiki/dcj_82030.png,https://cdnimg-v2.gamekee.com/images/www/1625399604082_14257341.png,https://www.gamekee.com/dcj/82030.html
dcj,81431,光琴,自请妃,五星天子图鉴 / 五星光属性 / 光琴,avatars_wiki/dcj_81431.png,https://cdnimg-v2.gamekee.com/images/www/1624795884152_39414282.png,https://www.gamekee.com/dcj/81431.html
dcj,82549,千鹤,千鹤,五星天子图鉴 / 五星光属性 / 千鹤,avatars_wiki/dcj_82549.png,https://cdnimg-v2.gamekee.com/images/www/1625833728788_95746815.png,https://www.gamekee.com/dcj/82549.html
dcj,82548,顶级亚利亚,亚利亚,五星天子图鉴 / 五星光属性 / 顶级亚利亚,avatars_wiki/dcj_82548.png,https://cdnimg-v2.gamekee.com/images/www/1625832723452_39668419.png,https://www.gamekee.com/dcj/82548.html
dcj,81015,白兔子,塞墨勒,五星天子图鉴 / 五星光属性 / 白兔子,avatars_wiki/dcj_81015.png,https://cdnimg-v2.gamekee.com/images/www/1624369536747_66228017.png,https://www.gamekee.com/dcj/81015.html
dcj,83672,赛特,赛特,五星天子图鉴 / 五星光属性 / 赛特,avatars_wiki/dcj_83672.png,https://cdnimg-v2.gamekee.com/images/www/1627205096642_6098519.png,https://www.gamekee.com/dcj/83672.html
dcj,82546,萨图恩,萨图恩,五星天子图鉴 / 五星光属性 / 萨图恩,avatars_wiki/dcj_82546.png,https://cdnimg-v2.gamekee.com/images/www/1625832333028_68551442.png,https://www.gamekee.com/dcj/82546.html
dcj,81054,蒙眼,娜塔莉丝,五星天子图鉴 / 五星光属性 / 蒙眼,avatars_wiki/dcj_81054.png,https://cdnimg-v2.gamekee.com/images/www/1624371718683_71456191.png,https://www.gamekee.com/dcj/81054.html
dcj,83675,朱诺,朱诺,五星天子图鉴 / 五星光属性 / 朱诺,avatars_wiki/dcj_83675.png,https://cdnimg-v2.gamekee.com/images/www/1627205217925_82477914.png,https://www.gamekee.com/dcj/83675.html
dcj,578959,萨曼罗拉,萨曼罗拉,五星天子图鉴 / 五星光属性 / 萨曼罗拉,avatars_wiki/dcj_578959.png,https://cdnimg.gamekee.com/wiki2.0/images/w_73/h_75/1164/56174/2022/11/17/483212.png,https://www.gamekee.com/dcj/578959.html
dcj,578984,黛博拉,驱魔师黛博拉,五星天子图鉴 / 五星光属性 / 黛博拉,avatars_wiki/dcj_578984.png,https://cdnimg.gamekee.com/wiki2.0/images/w_77/h_85/1164/56174/2022/11/17/91781.png,https://www.gamekee.com/dcj/578984.html
dcj,578985,冰雪艾希,冰雪的艾希,五星天子图鉴 / 五星光属性 / 冰雪艾希,avatars_wiki/dcj_578985.png,https://cdnimg.gamekee.com/wiki2.0/images/w_76/h_82/1164/56174/2022/11/17/190392.png,https://www.gamekee.com/dcj/578985.html
dcj,578986,光莫娜,光莫娜,五星天子图鉴 / 五星光属性 / 光莫娜,avatars_wiki/dcj_578986.png,https://cdnimg.gamekee.com/wiki2.0/images/w_78/h_79/1164/56174/2022/11/17/675357.png,https://www.gamekee.com/dcj/578986.html
dcj,578962,梦想家土星,梦想家土星,五星天子图鉴 / 五星光属性 / 梦想家土星,avatars_wiki/dcj_578962.png,https://cdnimg.gamekee.com/wiki2.0/images/w_75/h_81/1164/56174/2022/11/17/750507.png,https://www.gamekee.com/dcj/578962.html
dcj,578988,婚纱,婚纱,五星天子图鉴 / 五星光属性 / 婚纱,avatars_wiki/dcj_578988.png,https://cdnimg.gamekee.com/wiki2.0/images/w_78/h_83/1164/56174/2022/11/17/879218.png,https://www.gamekee.com/dcj/578988.html
dcj,579016,史莱姆,史莱姆、奥罗拉金,五星天子图鉴 / 五星光属性 / 史莱姆,avatars_wiki/dcj_579016.png,https://cdnimg.gamekee.com/wiki2.0/images/w_79/h_82/1164/56174/2022/11/17/532739.png,https://www.gamekee.com/dcj/579016.html
dcj,578987,花奶,花奶,五星天子图鉴 / 五星光属性 / 花奶,avatars_wiki/dcj_578987.png,https://cdnimg.gamekee.com/wiki2.0/images/w_82/h_83/1164/56174/2022/11/17/73843.png,https://www.gamekee.com/dcj/578987.html
dcj,579017,神乐的沃尔夫,神乐的沃尔夫,五星天子图鉴 / 五星光属性 / 神乐的沃尔夫,avatars_wiki/dcj_579017.png,https://cdnimg.gamekee.com/wiki2.0/images/w_81/h_81/1164/56174/2022/11/17/603568.png,https://www.gamekee.com/dcj/579017.html
dcj,579018,维纳斯,天真浪漫的维纳斯,五星天子图鉴 / 五星光属性 / 维纳斯,avatars_wiki/dcj_579018.png,https://cdnimg.gamekee.com/wiki2.0/images/w_81/h_83/1164/56174/2022/11/17/864068.png,https://www.gamekee.com/dcj/579018.html
dcj,579024,海王星,海王星,五星天子图鉴 / 五星光属性 / 海王星,avatars_wiki/dcj_579024.png,https://cdnimg.gamekee.com/wiki2.0/images/w_86/h_86/1164/56174/2022/11/17/636197.png,https://www.gamekee.com/dcj/579024.html
dcj,579026,雅典娜,雅典娜,五星天子图鉴 / 五星光属性 / 雅典娜,avatars_wiki/dcj_579026.png,https://cdnimg.gamekee.com/wiki2.0/images/w_82/h_84/1164/56174/2022/11/17/213150.png,https://www.gamekee.com/dcj/579026.html
dcj,579028,光弗雷,光弗雷,五星天子图鉴 / 五星光属性 / 光弗雷,avatars_wiki/dcj_579028.png,https://cdnimg.gamekee.com/wiki2.0/images/w_76/h_78/1164/56174/2022/11/17/683568.png,https://www.gamekee.com/dcj/579028.html
dcj,579153,巴雷特,机关枪,五星天子图鉴 / 五星光属性 / 巴雷特,avatars_wiki/dcj_579153.png,https://cdnimg.gamekee.com/wiki2.0/images/w_70/h_73/1164/56174/2022/11/19/143319.png,https://www.gamekee.com/dcj/579153.html
dcj,165764,光猫耳尼曼,(猫耳/光尼曼）,五星天子图鉴 / 五星光属性 / 光猫耳尼曼,avatars_wiki/dcj_165764.png,https://cdnimg-v2.gamekee.com/wiki2.0/images/w_700/h_340/1164/53587/2022/7/25/689456.png,https://www.gamekee.com/dcj/165764.html
dcj,579154,露娜,露娜,五星天子图鉴 / 五星光属性 / 露娜,avatars_wiki/dcj_579154.png,https://cdnimg.gamekee.com/wiki2.0/images/w_73/h_73/1164/56174/2022/11/19/672198.png,https://www.gamekee.com/dcj/579154.html
dcj,579164,糖猫,糖猫,五星天子图鉴 / 五星光属性 / 糖猫,avatars_wiki/dcj_579164.png,https://cdnimg.gamekee.com/wiki2.0/images/w_72/h_73/1164/56174/2022/11/19/342737.png,https://www.gamekee.com/dcj/579164.html
dcj,579158,艳后,艳后,五星天子图鉴 / 五星光属性 / 艳后,avatars_wiki/dcj_579158.png,https://cdnimg.gamekee.com/wiki2.0/images/w_72/h_75/1164/56174/2022/11/19/21006.png,https://www.gamekee.com/dcj/579158.html
dcj,579156,霍尔茨,沙漠中的霍尔茨,五星天子图鉴 / 五星光属性 / 霍尔茨,avatars_wiki/dcj_579156.png,https://cdnimg.gamekee.com/wiki2.0/images/w_72/h_76/1164/56174/2022/11/19/571710.png,https://www.gamekee.com/dcj/579156.html
dcj,579165,夏露露,查理,五星天子图鉴 / 五星光属性 / 夏露露,avatars_wiki/dcj_579165.png,https://cdnimg.gamekee.com/wiki2.0/images/w_69/h_74/1164/56174/2022/11/19/195244.png,https://www.gamekee.com/dcj/579165.html
dcj,579160,光裙,光裙,五星天子图鉴 / 五星光属性 / 光裙,avatars_wiki/dcj_579160.png,https://cdnimg.gamekee.com/wiki2.0/images/w_71/h_73/1164/56174/2022/11/19/25908.png,https://www.gamekee.com/dcj/579160.html
dcj,579166,魔方,立方体-摩尔,五星天子图鉴 / 五星光属性 / 魔方,avatars_wiki/dcj_579166.png,https://cdnimg.gamekee.com/wiki2.0/images/w_72/h_76/1164/56174/2022/11/19/535435.png,https://www.gamekee.com/dcj/579166.html
dcj,579336,教皇,教皇,五星天子图鉴 / 五星光属性 / 教皇,avatars_wiki/dcj_579336.png,https://cdnimg.gamekee.com/wiki2.0/images/w_72/h_78/1164/56174/2022/11/21/458510.png,https://www.gamekee.com/dcj/579336.html
dcj,579167,宋丹丹,除魔师二鲁提,五星天子图鉴 / 五星光属性 / 宋丹丹,avatars_wiki/dcj_579167.png,https://cdnimg.gamekee.com/wiki2.0/images/w_74/h_74/1164/56174/2022/11/19/139967.png,https://www.gamekee.com/dcj/579167.html
dcj,579315,女警,女警,五星天子图鉴 / 五星光属性 / 女警,avatars_wiki/dcj_579315.png,https://cdnimg.gamekee.com/wiki2.0/images/w_75/h_76/1164/56174/2022/11/21/596910.png,https://www.gamekee.com/dcj/579315.html
dcj,579473,亚里亚,亚里亚,五星天子图鉴 / 五星光属性 / 亚里亚,avatars_wiki/dcj_579473.png,https://cdnimg.gamekee.com/wiki2.0/images/w_74/h_75/1164/56174/2022/11/24/454514.png,https://www.gamekee.com/dcj/579473.html
dcj,579318,复活奶,复活奶,五星天子图鉴 / 五星光属性 / 复活奶,avatars_wiki/dcj_579318.png,https://cdnimg.gamekee.com/wiki2.0/images/w_74/h_77/1164/56174/2022/11/21/222775.png,https://www.gamekee.com/dcj/579318.html
dcj,579474,白斩鸡,白斩鸡,五星天子图鉴 / 五星光属性 / 白斩鸡,avatars_wiki/dcj_579474.png,https://cdnimg.gamekee.com/wiki2.0/images/w_74/h_76/1164/56174/2022/11/24/979875.png,https://www.gamekee.com/dcj/579474.html
dcj,589697,娜迦,娜迦,五星天子图鉴 / 五星暗属性 / 娜迦,avatars_wiki/dcj_589697.png,https://cdnimg.gamekee.com/wiki2.0/images/w_115/h_112/1164/56174/2023/3/27/892665.png,https://www.gamekee.com/dcj/589697.html
dcj,589701,阿罗汉（暗）,阿罗汉（暗）,五星天子图鉴 / 五星暗属性 / 阿罗汉（暗）,avatars_wiki/dcj_589701.png,https://cdnimg.gamekee.com/wiki2.0/images/w_68/h_67/1164/56174/2023/3/27/782155.png,https://www.gamekee.com/dcj/589701.html
dcj,579472,埃及猫,埃及猫,五星天子图鉴 / 五星光属性 / 埃及猫,avatars_wiki/dcj_579472.png,https://cdnimg.gamekee.com/wiki2.0/images/w_75/h_78/1164/56174/2022/11/24/880325.png,https://www.gamekee.com/dcj/579472.html
dcj,580266,贝利塔,贝利塔,五星天子图鉴 / 五星暗属性 / 贝利塔,avatars_wiki/dcj_580266.png,https://cdnimg.gamekee.com/wiki2.0/images/w_44/h_43/1164/56174/2022/11/15/609534.png,https://www.gamekee.com/dcj/580266.html
dcj,168447,沙漠死神（误）,沙漠死神（误）,五星天子图鉴 / 五星暗属性 / 沙漠死神（误）,avatars_wiki/dcj_168447.png,https://cdnimg.gamekee.com/wiki2.0/images/w_120/h_120/1164/176744/2022/9/1/602111.png,https://www.gamekee.com/dcj/168447.html
dcj,586063,暗护士,暗护士,五星天子图鉴 / 五星暗属性 / 暗护士,avatars_wiki/dcj_586063.png,https://cdnimg.gamekee.com/wiki2.0/images/w_78/h_80/1164/56174/2023/2/16/628685.png,https://www.gamekee.com/dcj/586063.html
dcj,587101,犹大,暗鬼犹大,五星天子图鉴 / 五星暗属性 / 犹大,avatars_wiki/dcj_587101.png,https://cdnimg.gamekee.com/wiki2.0/images/w_65/h_64/1164/56174/2023/2/30/998383.png,https://www.gamekee.com/dcj/587101.html
dcj,81000,兰菲,兰菲,五星天子图鉴 / 五星暗属性 / 兰菲,avatars_wiki/dcj_81000.png,https://cdnimg.gamekee.com/wiki2.0/images/w_120/h_120/1164/176744/2022/7/19/121943.png,https://www.gamekee.com/dcj/81000.html
dcj,578944,桑尼,桑尼,五星天子图鉴 / 五星暗属性 / 桑尼,avatars_wiki/dcj_578944.png,https://cdnimg.gamekee.com/wiki2.0/images/w_60/h_58/1164/56174/2022/11/17/232353.png,https://www.gamekee.com/dcj/578944.html
dcj,578945,雅米,雅米,五星天子图鉴 / 五星暗属性 / 雅米,avatars_wiki/dcj_578945.png,https://cdnimg.gamekee.com/wiki2.0/images/w_55/h_60/1164/56174/2022/11/17/220778.png,https://www.gamekee.com/dcj/578945.html
dcj,90128,迪亚努斯,迪亚努斯,五星天子图鉴 / 五星暗属性 / 迪亚努斯,avatars_wiki/dcj_90128.png,https://cdnimg-v2.gamekee.com/images/www/1634721040503_10841330.png,https://www.gamekee.com/dcj/90128.html
dcj,89948,牺牲生命 赛特,牺牲生命 赛特,五星天子图鉴 / 五星暗属性 / 牺牲生命 赛特,avatars_wiki/dcj_89948.png,https://cdnimg-v2.gamekee.com/images/www/1634386723641_70466970.png,https://www.gamekee.com/dcj/89948.html
dcj,84126,悠闲的福尔基斯,悠闲的福尔基斯,五星天子图鉴 / 五星暗属性 / 悠闲的福尔基斯,avatars_wiki/dcj_84126.png,https://cdnimg-v2.gamekee.com/images/www/1627544815493_22390098.png,https://www.gamekee.com/dcj/84126.html
dcj,86929,菲洛特斯,菲洛特斯,五星天子图鉴 / 五星暗属性 / 菲洛特斯,avatars_wiki/dcj_86929.png,https://cdnimg-v2.gamekee.com/images/www/1629988291597_62922068.png,https://www.gamekee.com/dcj/86929.html
dcj,83032,诺托斯,诺托斯,五星天子图鉴 / 五星暗属性 / 诺托斯,avatars_wiki/dcj_83032.png,https://cdnimg-v2.gamekee.com/images/www/1626355022491_80694110.png,https://www.gamekee.com/dcj/83032.html
dcj,578911,俱毗罗,俱毗罗,五星天子图鉴 / 五星暗属性 / 俱毗罗,avatars_wiki/dcj_578911.png,https://cdnimg-v2.gamekee.com/wiki2.0/images/w_1544/h_7170/1164/63428/2022/9/27/285378.png,https://www.gamekee.com/dcj/578911.html
dcj,81041,玛尔杜克,玛尔杜克,五星天子图鉴 / 五星暗属性 / 玛尔杜克,avatars_wiki/dcj_81041.png,https://cdnimg-v2.gamekee.com/images/www/1625811434157_91006590.png,https://www.gamekee.com/dcj/81041.html
dcj,81741,苍炎伊芙,苍炎伊芙,五星天子图鉴 / 五星暗属性 / 苍炎伊芙,avatars_wiki/dcj_81741.png,https://cdnimg-v2.gamekee.com/images/www/1625061169841_34787969.png,https://www.gamekee.com/dcj/81741.html
dcj,578934,小苹果,苹果,五星天子图鉴 / 五星暗属性 / 小苹果,avatars_wiki/dcj_578934.png,https://cdnimg-v2.gamekee.com/wiki2.0/images/1164/63428/2022/0/30/217908.png,https://www.gamekee.com/dcj/578934.html
dcj,81038,偶像玛尔斯,偶像玛尔斯,五星天子图鉴 / 五星暗属性 / 偶像玛尔斯,avatars_wiki/dcj_81038.png,https://cdnimg-v2.gamekee.com/images/www/1625807029622_33247439.png,https://www.gamekee.com/dcj/81038.html
dcj,81037,丽莎,丽莎,五星天子图鉴 / 五星暗属性 / 丽莎,avatars_wiki/dcj_81037.png,https://cdnimg-v2.gamekee.com/images/www/1625559920411_91211012.png,https://www.gamekee.com/dcj/81037.html
dcj,81039,赫帕托斯,赫帕托斯,五星天子图鉴 / 五星暗属性 / 赫帕托斯,avatars_wiki/dcj_81039.png,https://cdnimg-v2.gamekee.com/images/www/1625808990079_36788436.png,https://www.gamekee.com/dcj/81039.html
dcj,578928,棒球棍,杜莎,五星天子图鉴 / 五星暗属性 / 棒球棍,avatars_wiki/dcj_578928.png,https://cdnimg-v2.gamekee.com/wiki2.0/images/1164/63428/2022/2/17/533504.png,https://www.gamekee.com/dcj/578928.html
dcj,81040,杜里亚德斯,杜里亚德斯,五星天子图鉴 / 五星暗属性 / 杜里亚德斯,avatars_wiki/dcj_81040.png,https://cdnimg-v2.gamekee.com/images/www/1625810090747_85865313.png,https://www.gamekee.com/dcj/81040.html
dcj,81035,阿罗汉,阿罗汉,五星天子图鉴 / 五星暗属性 / 阿罗汉,avatars_wiki/dcj_81035.png,https://cdnimg-v2.gamekee.com/images/www/1625388750891_94857750.png,https://www.gamekee.com/dcj/81035.html
dcj,81036,娜塔,娜塔,五星天子图鉴 / 五星暗属性 / 娜塔,avatars_wiki/dcj_81036.png,https://cdnimg-v2.gamekee.com/images/www/1625559023873_45146633.png,https://www.gamekee.com/dcj/81036.html
dcj,81034,赛美勒,赛美勒,五星天子图鉴 / 五星暗属性 / 赛美勒,avatars_wiki/dcj_81034.png,https://cdnimg-v2.gamekee.com/images/www/1624878081914_16858407.png,https://www.gamekee.com/dcj/81034.html
dcj,81030,提瓦兹,提瓦兹,五星天子图鉴 / 五星暗属性 / 提瓦兹,avatars_wiki/dcj_81030.png,https://cdnimg-v2.gamekee.com/images/www/1624610470345_916643.png,https://www.gamekee.com/dcj/81030.html
dcj,81032,克洛托,克洛托,五星天子图鉴 / 五星暗属性 / 克洛托,avatars_wiki/dcj_81032.png,https://cdnimg-v2.gamekee.com/images/www/1624699561625_81235063.png,https://www.gamekee.com/dcj/81032.html
dcj,81031,泽菲罗斯,泽菲罗斯,五星天子图鉴 / 五星暗属性 / 泽菲罗斯,avatars_wiki/dcj_81031.png,https://cdnimg-v2.gamekee.com/images/www/1624698022825_20288396.png,https://www.gamekee.com/dcj/81031.html
dcj,81033,阿提密斯,阿提密斯,五星天子图鉴 / 五星暗属性 / 阿提密斯,avatars_wiki/dcj_81033.png,https://cdnimg.gamekee.com/images/www/1624876779485_80589311.png,https://www.gamekee.com/dcj/81033.html
dcj,81029,蜜卡拉,蜜卡拉,五星天子图鉴 / 五星暗属性 / 蜜卡拉,avatars_wiki/dcj_81029.png,https://cdnimg.gamekee.com/images/www/1624541286003_3064897.png,https://www.gamekee.com/dcj/81029.html
dcj,81026,奥弗伊丝,奥弗伊丝,五星天子图鉴 / 五星暗属性 / 奥弗伊丝,avatars_wiki/dcj_81026.png,https://cdnimg-v2.gamekee.com/images/www/1624433466588_2388402.png,https://www.gamekee.com/dcj/81026.html
dcj,81027,罗宾,罗宾,五星天子图鉴 / 五星暗属性 / 罗宾,avatars_wiki/dcj_81027.png,https://cdnimg-v2.gamekee.com/images/www/1624519072384_1217499.png,https://www.gamekee.com/dcj/81027.html
dcj,81028,雷亚西尔维娅,雷亚西尔维娅,五星天子图鉴 / 五星暗属性 / 雷亚西尔维娅,avatars_wiki/dcj_81028.png,https://cdnimg-v2.gamekee.com/images/www/1624520588828_64651783.png,https://www.gamekee.com/dcj/81028.html
dcj,81023,伊菲斯,伊菲斯,五星天子图鉴 / 五星暗属性 / 伊菲斯,avatars_wiki/dcj_81023.png,https://cdnimg-v2.gamekee.com/images/www/1624377402798_51359601.png,https://www.gamekee.com/dcj/81023.html
dcj,81025,达比,达比,五星天子图鉴 / 五星暗属性 / 达比,avatars_wiki/dcj_81025.png,https://cdnimg-v2.gamekee.com/images/www/1624430832718_410402.png,https://www.gamekee.com/dcj/81025.html
dcj,81024,莱玛,莱玛,五星天子图鉴 / 五星暗属性 / 莱玛,avatars_wiki/dcj_81024.png,https://cdnimg.gamekee.com/wiki2.0/images/w_81/h_82/1164/56174/2022/11/17/792522.png,https://www.gamekee.com/dcj/81024.html
dcj,81021,报丧女妖,报丧女妖,五星天子图鉴 / 五星暗属性 / 报丧女妖,avatars_wiki/dcj_81021.png,https://cdnimg-v2.gamekee.com/images/www/1624373710264_72434524.png,https://www.gamekee.com/dcj/81021.html
dcj,81022,库巴巴,库巴巴,五星天子图鉴 / 五星暗属性 / 库巴巴,avatars_wiki/dcj_81022.png,https://cdnimg-v2.gamekee.com/images/www/1624376576419_37577217.png,https://www.gamekee.com/dcj/81022.html
dcj,81020,摩亚,摩亚,五星天子图鉴 / 五星暗属性 / 摩亚,avatars_wiki/dcj_81020.png,https://cdnimg-v2.gamekee.com/images/www/1624414596155_70854639.png,https://www.gamekee.com/dcj/81020.html
dcj,579078,神秘的土星,神秘的土星,五星天子图鉴 / 五星暗属性 / 神秘的土星,avatars_wiki/dcj_579078.png,https://cdnimg.gamekee.com/wiki2.0/images/w_81/h_86/1164/56174/2022/11/18/182667.png,https://www.gamekee.com/dcj/579078.html
dcj,579170,弥达斯,弥达斯,五星天子图鉴 / 五星暗属性 / 弥达斯,avatars_wiki/dcj_579170.png,https://cdnimg.gamekee.com/wiki2.0/images/w_75/h_74/1164/56174/2022/11/19/43988.png,https://www.gamekee.com/dcj/579170.html
dcj,579076,蒂玛斯,蒂玛斯,五星天子图鉴 / 五星暗属性 / 蒂玛斯,avatars_wiki/dcj_579076.png,https://cdnimg.gamekee.com/wiki2.0/images/w_83/h_80/1164/56174/2022/11/18/538266.png,https://www.gamekee.com/dcj/579076.html
dcj,579086,丽塔,指引的丽塔,五星天子图鉴 / 五星暗属性 / 丽塔,avatars_wiki/dcj_579086.png,https://cdnimg.gamekee.com/wiki2.0/images/w_82/h_80/1164/56174/2022/11/18/834895.png,https://www.gamekee.com/dcj/579086.html
dcj,579171,美杜莎,美杜莎,五星天子图鉴 / 五星暗属性 / 美杜莎,avatars_wiki/dcj_579171.png,https://cdnimg.gamekee.com/wiki2.0/images/w_72/h_73/1164/56174/2022/11/19/338697.png,https://www.gamekee.com/dcj/579171.html
dcj,579084,帕拉斯,帕拉斯,五星天子图鉴 / 五星暗属性 / 帕拉斯,avatars_wiki/dcj_579084.png,https://cdnimg.gamekee.com/wiki2.0/images/w_82/h_83/1164/56174/2022/11/18/41922.png,https://www.gamekee.com/dcj/579084.html
dcj,579175,迪朗达尔,迪朗达尔,五星天子图鉴 / 五星暗属性 / 迪朗达尔,avatars_wiki/dcj_579175.png,https://cdnimg.gamekee.com/wiki2.0/images/w_71/h_74/1164/56174/2022/11/19/582923.png,https://www.gamekee.com/dcj/579175.html
dcj,579177,凯布里,凯布里,五星天子图鉴 / 五星暗属性 / 凯布里,avatars_wiki/dcj_579177.png,https://cdnimg.gamekee.com/wiki2.0/images/w_71/h_75/1164/56174/2022/11/20/966412.png,https://www.gamekee.com/dcj/579177.html
dcj,579178,玛亚特,玛亚特,五星天子图鉴 / 五星暗属性 / 玛亚特,avatars_wiki/dcj_579178.png,https://cdnimg.gamekee.com/wiki2.0/images/w_72/h_75/1164/56174/2022/11/20/280334.png,https://www.gamekee.com/dcj/579178.html
dcj,579176,华尔夫,沃尔夫,五星天子图鉴 / 五星暗属性 / 华尔夫,avatars_wiki/dcj_579176.png,https://cdnimg.gamekee.com/wiki2.0/images/w_73/h_74/1164/56174/2022/11/20/725737.png,https://www.gamekee.com/dcj/579176.html
dcj,80999,弗雷,弗雷,五星天子图鉴 / 五星暗属性 / 弗雷,avatars_wiki/dcj_80999.png,https://cdnimg-v2.gamekee.com/images/www/1624530750986_88291943.png,https://www.gamekee.com/dcj/80999.html
dcj,80997,伊丽莎白,伊丽莎白,五星天子图鉴 / 五星暗属性 / 伊丽莎白,avatars_wiki/dcj_80997.png,https://cdnimg.gamekee.com/images/www/1624438095382_85327364.png,https://www.gamekee.com/dcj/80997.html
dcj,80998,梅缇丝,梅缇丝,五星天子图鉴 / 五星暗属性 / 梅缇丝,avatars_wiki/dcj_80998.png,https://cdnimg.gamekee.com/images/www/1624446430747_15131459.png,https://www.gamekee.com/dcj/80998.html
dcj,80995,A.I,A.I,五星天子图鉴 / 五星暗属性 / A.I,avatars_wiki/dcj_80995.png,https://cdnimg-v2.gamekee.com/images/www/1624372683578_77533555.png,https://www.gamekee.com/dcj/80995.html
dcj,80994,潘迪恩,潘迪恩,五星天子图鉴 / 五星暗属性 / 潘迪恩,avatars_wiki/dcj_80994.png,https://cdnimg-v2.gamekee.com/images/www/1624371194596_86097604.png,https://www.gamekee.com/dcj/80994.html
dcj,80996,雷德克洛斯,雷德克洛斯,五星天子图鉴 / 五星暗属性 / 雷德克洛斯,avatars_wiki/dcj_80996.png,https://cdnimg-v2.gamekee.com/images/www/1624374114181_30445993.png,https://www.gamekee.com/dcj/80996.html
dcj,593255,伊奥,伊奥,五星天子图鉴 / 五星火属性 / 伊奥,avatars_wiki/dcj_593255.png,https://cdnimg.gamekee.com/wiki2.0/images/w_106/h_110/1164/56174/2023/5/22/678795.png,https://www.gamekee.com/dcj/593255.html
dcj,589706,魔女,萨尔玛吉斯,五星天子图鉴 / 五星火属性 / 魔女,avatars_wiki/dcj_589706.png,https://cdnimg.gamekee.com/wiki2.0/images/w_84/h_88/1164/56174/2023/3/27/830154.png,https://www.gamekee.com/dcj/589706.html
dcj,587105,奈德,爆裂奈德,五星天子图鉴 / 五星火属性 / 奈德,avatars_wiki/dcj_587105.png,https://cdnimg.gamekee.com/wiki2.0/images/w_114/h_120/1164/56174/2023/2/30/287172.png,https://www.gamekee.com/dcj/587105.html
dcj,586062,鲁弗斯,鲁弗斯,五星天子图鉴 / 五星火属性 / 鲁弗斯,,https://cdnimg-v2.gamekee.com/wiki2.0/images/w_1544/h_6088/1164/63428/2023/2/3/773144.png,https://www.gamekee.com/dcj/586062.html
dcj,578903,阿尔米德,阿尔米德,五星天子图鉴 / 五星火属性 / 阿尔米德,avatars_wiki/dcj_578903.png,https://cdnimg.gamekee.com/wiki2.0/images/w_70/h_74/1164/56174/2022/11/16/743718.png,https://www.gamekee.com/dcj/578903.html
dcj,582731,何仙姑,何仙姑,五星天子图鉴 / 五星火属性 / 何仙姑,avatars_wiki/dcj_582731.jpg,https://cdnimg.gamekee.com/wiki2.0/images/w_169/h_171/1164/56174/2023/1/5/514572.jpg,https://www.gamekee.com/dcj/582731.html
dcj,81594,卡拉拉特莉,卡拉拉特莉,五星天子图鉴 / 五星火属性 / 卡拉拉特莉,avatars_wiki/dcj_81594.png,https://cdnimg.gamekee.com/images/www/1631351907600_1897643.png,https://www.gamekee.com/dcj/81594.html
dcj,164114,大头,大头,五星天子图鉴 / 五星火属性 / 大头,avatars_wiki/dcj_164114.png,https://cdnimg-v2.gamekee.com/wiki2.0/images/w_800/h_273/1164/176744/2022/7/5/898694.png,https://www.gamekee.com/dcj/164114.html
dcj,162290,塔防达比,塔防达比,五星天子图鉴 / 五星火属性 / 塔防达比,avatars_wiki/dcj_162290.png,https://cdnimg-v2.gamekee.com/wiki2.0/images/w_804/h_348/1164/176744/2022/6/15/716889.png,https://www.gamekee.com/dcj/162290.html
dcj,168460,新狐狸,新狐狸,五星天子图鉴 / 五星火属性 / 新狐狸,avatars_wiki/dcj_168460.png,https://cdnimg.gamekee.com/wiki2.0/images/w_120/h_120/1164/176744/2022/9/2/922262.png,https://www.gamekee.com/dcj/168460.html
dcj,578935,烟鬼,烟鬼,五星天子图鉴 / 五星火属性 / 烟鬼,avatars_wiki/dcj_578935.png,https://cdnimg.gamekee.com/wiki2.0/images/w_66/h_70/1164/56174/2022/11/17/343368.png,https://www.gamekee.com/dcj/578935.html
dcj,162469,上瘾的埃利希顿,上瘾的埃利希顿,五星天子图鉴 / 五星火属性 / 上瘾的埃利希顿,avatars_wiki/dcj_162469.png,https://cdnimg-v2.gamekee.com/wiki2.0/images/w_1105/h_501/1164/176744/2022/6/18/802613.png,https://www.gamekee.com/dcj/162469.html
dcj,90916,红莲,红莲,五星天子图鉴 / 五星火属性 / 红莲,avatars_wiki/dcj_90916.png,https://cdnimg-v2.gamekee.com/images/www/1635514308628_83470390.png,https://www.gamekee.com/dcj/90916.html
dcj,578942,米拉,守护者米拉,五星天子图鉴 / 五星火属性 / 米拉,avatars_wiki/dcj_578942.png,https://cdnimg.gamekee.com/wiki2.0/images/w_57/h_60/1164/56174/2022/11/17/218383.png,https://www.gamekee.com/dcj/578942.html
dcj,81742,燃烧的千叶,燃烧的千叶,五星天子图鉴 / 五星火属性 / 燃烧的千叶,avatars_wiki/dcj_81742.png,https://cdnimg-v2.gamekee.com/images/www/1625061758958_84242286.png,https://www.gamekee.com/dcj/81742.html
dcj,88028,厄瑞巴斯,厄瑞巴斯,五星天子图鉴 / 五星火属性 / 厄瑞巴斯,avatars_wiki/dcj_88028.png,https://cdnimg-v2.gamekee.com/images/www/1631194131480_77428183.png,https://www.gamekee.com/dcj/88028.html
dcj,578953,卡德凯斯,神圣的卡德凯斯,五星天子图鉴 / 五星火属性 / 卡德凯斯,avatars_wiki/dcj_578953.png,https://cdnimg.gamekee.com/wiki2.0/images/w_81/h_83/1164/56174/2022/11/17/163565.png,https://www.gamekee.com/dcj/578953.html
dcj,578940,爱染王拉加,爱染王拉加,五星天子图鉴 / 五星火属性 / 爱染王拉加,avatars_wiki/dcj_578940.png,https://cdnimg.gamekee.com/wiki2.0/images/w_57/h_61/1164/56174/2022/11/17/621341.png,https://www.gamekee.com/dcj/578940.html
dcj,578949,格林纳德·维亚特,格林纳德·维亚特,五星天子图鉴 / 五星火属性 / 格林纳德·维亚特,avatars_wiki/dcj_578949.png,https://cdnimg.gamekee.com/wiki2.0/images/w_80/h_77/1164/56174/2022/11/17/345208.png,https://www.gamekee.com/dcj/578949.html
dcj,81598,特蕾莎,特蕾莎,五星天子图鉴 / 五星火属性 / 特蕾莎,avatars_wiki/dcj_81598.png,https://cdnimg-v2.gamekee.com/images/www/1631351361471_32380932.png,https://www.gamekee.com/dcj/81598.html
dcj,81599,阿尔特米西亚,阿尔特米西亚,五星天子图鉴 / 五星火属性 / 阿尔特米西亚,avatars_wiki/dcj_81599.png,https://cdnimg-v2.gamekee.com/images/www/1631350530670_2609558.png,https://www.gamekee.com/dcj/81599.html
dcj,578948,火盾、摩潘,无敌之剑摩潘,五星天子图鉴 / 五星火属性 / 火盾、摩潘,avatars_wiki/dcj_578948.png,https://cdnimg.gamekee.com/wiki2.0/images/w_81/h_82/1164/56174/2022/11/17/495908.png,https://www.gamekee.com/dcj/578948.html
dcj,578921,索尔（限定）,索尔,五星天子图鉴 / 五星火属性 / 索尔（限定）,avatars_wiki/dcj_578921.png,https://cdnimg-v2.gamekee.com/wiki2.0/images/w_1544/h_8298/1164/63428/2022/9/16/687670.png,https://www.gamekee.com/dcj/578921.html
dcj,578969,雷雀（限定）,雷雀,五星天子图鉴 / 五星火属性 / 雷雀（限定）,avatars_wiki/dcj_578969.png,https://cdnimg.gamekee.com/wiki2.0/images/w_81/h_81/1164/56174/2022/11/17/431869.png,https://www.gamekee.com/dcj/578969.html
dcj,578968,奶牛,解放的斧子,五星天子图鉴 / 五星火属性 / 奶牛,avatars_wiki/dcj_578968.png,https://cdnimg.gamekee.com/wiki2.0/images/w_82/h_81/1164/56174/2022/11/17/259893.png,https://www.gamekee.com/dcj/578968.html
dcj,578956,萨卡克·梅蒂斯,萨卡克·梅蒂斯,五星天子图鉴 / 五星火属性 / 萨卡克·梅蒂斯,avatars_wiki/dcj_578956.png,https://cdnimg.gamekee.com/wiki2.0/images/w_82/h_79/1164/56174/2022/11/17/613296.png,https://www.gamekee.com/dcj/578956.html
dcj,578967,阿尔戈斯,阿尔戈斯,五星天子图鉴 / 五星火属性 / 阿尔戈斯,avatars_wiki/dcj_578967.png,https://cdnimg.gamekee.com/wiki2.0/images/w_80/h_77/1164/56174/2022/11/17/928758.png,https://www.gamekee.com/dcj/578967.html
dcj,578961,火人鱼,悲剧的卢萨卡,五星天子图鉴 / 五星火属性 / 火人鱼,avatars_wiki/dcj_578961.png,https://cdnimg.gamekee.com/wiki2.0/images/w_79/h_75/1164/56174/2022/11/17/887411.png,https://www.gamekee.com/dcj/578961.html
dcj,579000,除魔师该隐,除魔师该隐,五星天子图鉴 / 五星火属性 / 除魔师该隐,avatars_wiki/dcj_579000.png,https://cdnimg.gamekee.com/wiki2.0/images/w_77/h_80/1164/56174/2022/11/17/54912.png,https://www.gamekee.com/dcj/579000.html
dcj,578966,劳菲,订制面包、劳菲,五星天子图鉴 / 五星火属性 / 劳菲,avatars_wiki/dcj_578966.png,https://cdnimg.gamekee.com/wiki2.0/images/w_77/h_76/1164/56174/2022/11/17/231945.png,https://www.gamekee.com/dcj/578966.html
dcj,579004,菲尔那多,菲尔那多,五星天子图鉴 / 五星火属性 / 菲尔那多,avatars_wiki/dcj_579004.png,https://cdnimg.gamekee.com/wiki2.0/images/w_73/h_81/1164/56174/2022/11/17/652308.png,https://www.gamekee.com/dcj/579004.html
dcj,579005,爱恨的达比,爱恨的达比,五星天子图鉴 / 五星火属性 / 爱恨的达比,avatars_wiki/dcj_579005.png,https://cdnimg.gamekee.com/wiki2.0/images/w_78/h_83/1164/56174/2022/11/17/484534.png,https://www.gamekee.com/dcj/579005.html
dcj,579008,出轨的凯瑟琳（限定）,出轨的凯瑟琳,五星天子图鉴 / 五星火属性 / 出轨的凯瑟琳（限定）,avatars_wiki/dcj_579008.png,https://cdnimg.gamekee.com/wiki2.0/images/w_80/h_78/1164/56174/2022/11/17/920825.png,https://www.gamekee.com/dcj/579008.html
dcj,579001,甜心勒达,甜心勒达,五星天子图鉴 / 五星火属性 / 甜心勒达,avatars_wiki/dcj_579001.png,https://cdnimg.gamekee.com/wiki2.0/images/w_88/h_81/1164/56174/2022/11/17/149874.png,https://www.gamekee.com/dcj/579001.html
dcj,579009,孤剑、魔龙,孤剑、魔龙,五星天子图鉴 / 五星火属性 / 孤剑、魔龙,avatars_wiki/dcj_579009.png,https://cdnimg.gamekee.com/wiki2.0/images/w_82/h_84/1164/56174/2022/11/17/133175.png,https://www.gamekee.com/dcj/579009.html
dcj,579006,平静的吉娃,平静的吉娃,五星天子图鉴 / 五星火属性 / 平静的吉娃,avatars_wiki/dcj_579006.png,https://cdnimg.gamekee.com/wiki2.0/images/w_77/h_81/1164/56174/2022/11/17/146987.png,https://www.gamekee.com/dcj/579006.html
dcj,579010,九尾,九尾妖狐,五星天子图鉴 / 五星火属性 / 九尾,avatars_wiki/dcj_579010.png,https://cdnimg.gamekee.com/wiki2.0/images/w_80/h_83/1164/56174/2022/11/17/220343.png,https://www.gamekee.com/dcj/579010.html
dcj,579090,火教皇,先知达娜,五星天子图鉴 / 五星火属性 / 火教皇,avatars_wiki/dcj_579090.png,https://cdnimg.gamekee.com/wiki2.0/images/w_84/h_83/1164/56174/2022/11/18/278960.png,https://www.gamekee.com/dcj/579090.html
dcj,579011,甜甜圈,甜甜圈,五星天子图鉴 / 五星火属性 / 甜甜圈,avatars_wiki/dcj_579011.png,https://cdnimg.gamekee.com/wiki2.0/images/w_83/h_82/1164/56174/2022/11/17/690577.png,https://www.gamekee.com/dcj/579011.html
dcj,579088,金币娘,异端的加纳,五星天子图鉴 / 五星火属性 / 金币娘,avatars_wiki/dcj_579088.png,https://cdnimg.gamekee.com/wiki2.0/images/w_83/h_80/1164/56174/2022/11/18/960363.png,https://www.gamekee.com/dcj/579088.html
dcj,81580,庆野,庆野,五星天子图鉴 / 五星火属性 / 庆野,avatars_wiki/dcj_81580.png,https://cdnimg-v2.gamekee.com/wiki2.0/images/w_575/h_312/1164/176744/2022/6/13/103594.png,https://www.gamekee.com/dcj/81580.html
dcj,579087,菲内克（限定）,菲内克（限定）,五星天子图鉴 / 五星火属性 / 菲内克（限定）,avatars_wiki/dcj_579087.png,https://cdnimg.gamekee.com/wiki2.0/images/w_77/h_79/1164/56174/2022/11/18/947808.png,https://www.gamekee.com/dcj/579087.html
dcj,579091,火护士,火护士、净火的德米特尔,五星天子图鉴 / 五星火属性 / 火护士,avatars_wiki/dcj_579091.png,https://cdnimg.gamekee.com/wiki2.0/images/w_83/h_89/1164/56174/2022/11/18/403695.png,https://www.gamekee.com/dcj/579091.html
dcj,579093,圣诞勒达,圣诞勒达,五星天子图鉴 / 五星火属性 / 圣诞勒达,avatars_wiki/dcj_579093.png,https://cdnimg.gamekee.com/wiki2.0/images/w_79/h_82/1164/56174/2022/11/18/173135.png,https://www.gamekee.com/dcj/579093.html
dcj,579101,魔术师阿里尔,魔术师阿里尔,五星天子图鉴 / 五星火属性 / 魔术师阿里尔,avatars_wiki/dcj_579101.png,https://cdnimg.gamekee.com/wiki2.0/images/w_86/h_87/1164/56174/2022/11/18/367213.png,https://www.gamekee.com/dcj/579101.html
dcj,579100,梅芙,梅芙,五星天子图鉴 / 五星火属性 / 梅芙,avatars_wiki/dcj_579100.png,https://cdnimg.gamekee.com/wiki2.0/images/w_81/h_84/1164/56174/2022/11/18/614879.png,https://www.gamekee.com/dcj/579100.html
dcj,579098,火伊芙,谜之转校生-伊芙,五星天子图鉴 / 五星火属性 / 火伊芙,avatars_wiki/dcj_579098.png,https://cdnimg.gamekee.com/wiki2.0/images/w_76/h_82/1164/56174/2022/11/18/616690.png,https://www.gamekee.com/dcj/579098.html
dcj,579102,穗香（限定）,穗香（限定）,五星天子图鉴 / 五星火属性 / 穗香（限定）,avatars_wiki/dcj_579102.png,https://cdnimg.gamekee.com/wiki2.0/images/w_85/h_80/1164/56174/2022/11/18/975146.png,https://www.gamekee.com/dcj/579102.html
dcj,579092,火伞,花魁巴特里,五星天子图鉴 / 五星火属性 / 火伞,avatars_wiki/dcj_579092.png,https://cdnimg.gamekee.com/wiki2.0/images/w_84/h_81/1164/56174/2022/11/18/382539.png,https://www.gamekee.com/dcj/579092.html
dcj,579104,红霞（限定）,红霞（限定）,五星天子图鉴 / 五星火属性 / 红霞（限定）,avatars_wiki/dcj_579104.png,https://cdnimg.gamekee.com/wiki2.0/images/w_81/h_81/1164/56174/2022/11/18/827869.png,https://www.gamekee.com/dcj/579104.html
dcj,579106,布骊姬,布骊姬,五星天子图鉴 / 五星火属性 / 布骊姬,avatars_wiki/dcj_579106.png,https://cdnimg.gamekee.com/wiki2.0/images/w_86/h_83/1164/56174/2022/11/18/23844.png,https://www.gamekee.com/dcj/579106.html
dcj,579231,火莫娜,火莫娜,五星天子图鉴 / 五星火属性 / 火莫娜,avatars_wiki/dcj_579231.png,https://cdnimg.gamekee.com/wiki2.0/images/w_72/h_74/1164/56174/2022/11/20/214728.png,https://www.gamekee.com/dcj/579231.html
dcj,579233,魔王达比,魔王达比,五星天子图鉴 / 五星火属性 / 魔王达比,avatars_wiki/dcj_579233.png,https://cdnimg.gamekee.com/wiki2.0/images/w_72/h_75/1164/56174/2022/11/20/393325.png,https://www.gamekee.com/dcj/579233.html
dcj,579238,摩根,摩根,五星天子图鉴 / 五星火属性 / 摩根,avatars_wiki/dcj_579238.png,https://cdnimg.gamekee.com/wiki2.0/images/w_72/h_75/1164/56174/2022/11/20/989580.png,https://www.gamekee.com/dcj/579238.html
dcj,579475,火呆毛,火呆毛,五星天子图鉴 / 五星火属性 / 火呆毛,avatars_wiki/dcj_579475.png,https://cdnimg.gamekee.com/wiki2.0/images/w_74/h_74/1164/56174/2022/11/24/584732.png,https://www.gamekee.com/dcj/579475.html
dcj,579240,维尔德,维尔德,五星天子图鉴 / 五星火属性 / 维尔德,avatars_wiki/dcj_579240.png,https://cdnimg.gamekee.com/wiki2.0/images/w_71/h_73/1164/56174/2022/11/20/922815.png,https://www.gamekee.com/dcj/579240.html
dcj,81093,梅芙,梅芙,五星天子图鉴 / 五星火属性 / 梅芙,avatars_wiki/dcj_81093.png,https://cdnimg-v2.gamekee.com/images/www/1624963533760_41783738.png,https://www.gamekee.com/dcj/81093.html
dcj,81094,迪娜希,迪娜西,五星天子图鉴 / 五星火属性 / 迪娜希,avatars_wiki/dcj_81094.png,https://cdnimg-v2.gamekee.com/images/www/1624965881073_99093980.png,https://www.gamekee.com/dcj/81094.html
dcj,579237,草莓,草莓,五星天子图鉴 / 五星火属性 / 草莓,avatars_wiki/dcj_579237.png,https://cdnimg.gamekee.com/wiki2.0/images/w_71/h_72/1164/56174/2022/11/20/695558.png,https://www.gamekee.com/dcj/579237.html
dcj,81091,哈迪斯,哈迪斯,五星天子图鉴 / 五星火属性 / 哈迪斯,avatars_wiki/dcj_81091.png,https://cdnimg-v2.gamekee.com/images/www/1624415151679_3449305.png,https://www.gamekee.com/dcj/81091.html
dcj,81095,欧洛拉,欧洛菈,五星天子图鉴 / 五星火属性 / 欧洛拉,avatars_wiki/dcj_81095.png,https://cdnimg-v2.gamekee.com/images/www/1624967317602_68562240.png,https://www.gamekee.com/dcj/81095.html
dcj,81092,朱庇特,朱庇特,五星天子图鉴 / 五星火属性 / 朱庇特,avatars_wiki/dcj_81092.png,https://cdnimg-v2.gamekee.com/images/www/1624888481613_29193904.png,https://www.gamekee.com/dcj/81092.html
dcj,595384,忍者琪隆,忍者琪隆,五星天子图鉴 / 五星水属性 / 忍者琪隆,avatars_wiki/dcj_595384.png,https://cdnimg.gamekee.com/wiki2.0/images/w_128/h_128/1164/56174/2023/6/20/754157.png,https://www.gamekee.com/dcj/595384.html
dcj,579477,埃尔墨斯,埃尔墨斯,五星天子图鉴 / 五星火属性 / 埃尔墨斯,avatars_wiki/dcj_579477.png,https://cdnimg.gamekee.com/wiki2.0/images/w_75/h_76/1164/56174/2022/11/24/908870.png,https://www.gamekee.com/dcj/579477.html
dcj,589711,薄荷,薄荷,五星天子图鉴 / 五星水属性 / 薄荷,avatars_wiki/dcj_589711.png,https://cdnimg.gamekee.com/wiki2.0/images/w_114/h_119/1164/56174/2023/3/27/792853.png,https://www.gamekee.com/dcj/589711.html
dcj,591393,芙蕾雅,芙蕾雅,五星天子图鉴 / 五星水属性 / 芙蕾雅,avatars_wiki/dcj_591393.png,https://cdnimg.gamekee.com/wiki2.0/images/w_60/h_61/1164/56174/2023/4/25/252980.png,https://www.gamekee.com/dcj/591393.html
dcj,586061,毗卢婆,毗卢婆,五星天子图鉴 / 五星水属性 / 毗卢婆,avatars_wiki/dcj_586061.png,https://cdnimg-v2.gamekee.com/wiki2.0/images/w_1544/h_6919/1164/63428/2023/2/3/675229.png,https://www.gamekee.com/dcj/586061.html
dcj,580264,梦神,八方梦神,五星天子图鉴 / 五星水属性 / 梦神,avatars_wiki/dcj_580264.png,https://cdnimg.gamekee.com/wiki2.0/images/w_67/h_64/1164/56174/2023/0/5/829518.png,https://www.gamekee.com/dcj/580264.html
dcj,578917,水AI,阿里尔    水属百分比6连刀,五星天子图鉴 / 五星水属性 / 水AI,avatars_wiki/dcj_578917.png,https://cdnimg.gamekee.com/wiki2.0/images/w_340/h_357/1164/56174/2022/11/15/782489.png,https://www.gamekee.com/dcj/578917.html
dcj,165688,牡丹,牡丹,五星天子图鉴 / 五星水属性 / 牡丹,avatars_wiki/dcj_165688.png,https://cdnimg.gamekee.com/wiki2.0/images/w_31/h_47/1164/176744/2022/7/24/955958.png,https://www.gamekee.com/dcj/165688.html
dcj,162026,尊主 卡纳洛阿,尊主 卡纳洛阿,五星天子图鉴 / 五星水属性 / 尊主 卡纳洛阿,avatars_wiki/dcj_162026.png,https://cdnimg-v2.gamekee.com/wiki2.0/images/w_582/h_264/1164/176744/2022/6/13/749424.png,https://www.gamekee.com/dcj/162026.html
dcj,162285,牛角妹,牛角妹,五星天子图鉴 / 五星水属性 / 牛角妹,avatars_wiki/dcj_162285.png,https://cdnimg-v2.gamekee.com/wiki2.0/images/w_1012/h_443/1164/176744/2022/6/15/861019.png,https://www.gamekee.com/dcj/162285.html
dcj,162170,传奇,传奇,五星天子图鉴 / 五星水属性 / 传奇,avatars_wiki/dcj_162170.png,https://cdnimg-v2.gamekee.com/wiki2.0/images/w_575/h_366/1164/176744/2022/6/14/570371.png,https://www.gamekee.com/dcj/162170.html
dcj,578943,伊比法尼科尔,伊比法尼科尔,五星天子图鉴 / 五星水属性 / 伊比法尼科尔,avatars_wiki/dcj_578943.png,https://cdnimg.gamekee.com/wiki2.0/images/w_57/h_60/1164/56174/2022/11/17/122795.png,https://www.gamekee.com/dcj/578943.html
dcj,90915,叶子,叶子,五星天子图鉴 / 五星水属性 / 叶子,avatars_wiki/dcj_90915.png,https://cdnimg-v2.gamekee.com/images/www/1635513094229_86690300.png,https://www.gamekee.com/dcj/90915.html
dcj,91897,杜鹃花,杜鹃花,五星天子图鉴 / 五星水属性 / 杜鹃花,avatars_wiki/dcj_91897.png,https://cdnimg-v2.gamekee.com/images/www/1636617313830_66621801.png,https://www.gamekee.com/dcj/91897.html
dcj,86922,图兰,图兰,五星天子图鉴 / 五星水属性 / 图兰,avatars_wiki/dcj_86922.png,https://cdnimg-v2.gamekee.com/images/www/1629976111955_65829414.png,https://www.gamekee.com/dcj/86922.html
dcj,85563,库巴巴,库巴巴,五星天子图鉴 / 五星水属性 / 库巴巴,avatars_wiki/dcj_85563.png,https://cdnimg-v2.gamekee.com/images/www/1628760389831_32683035.png,https://www.gamekee.com/dcj/85563.html
dcj,578954,阿罗汉,阿罗汉,五星天子图鉴 / 五星水属性 / 阿罗汉,avatars_wiki/dcj_578954.png,https://cdnimg.gamekee.com/wiki2.0/images/w_73/h_75/1164/56174/2022/11/17/627507.png,https://www.gamekee.com/dcj/578954.html
dcj,578951,梅西耶,救国的新星梅西耶,五星天子图鉴 / 五星水属性 / 梅西耶,avatars_wiki/dcj_578951.png,https://cdnimg.gamekee.com/wiki2.0/images/w_77/h_77/1164/56174/2022/11/17/737190.png,https://www.gamekee.com/dcj/578951.html
dcj,81042,河流艾尔,河流艾尔,五星天子图鉴 / 五星水属性 / 河流艾尔,avatars_wiki/dcj_81042.png,https://cdnimg-v2.gamekee.com/images/www/1624370306497_21927937.png,https://www.gamekee.com/dcj/81042.html
dcj,81055,轻飘飘 提奥法诺,轻飘飘 提奥法诺,五星天子图鉴 / 五星水属性 / 轻飘飘 提奥法诺,avatars_wiki/dcj_81055.png,https://cdnimg.gamekee.com/images/www/1624372096031_45967447.png,https://www.gamekee.com/dcj/81055.html
dcj,81056,加油你的 捏普努,加油你的 捏普努,五星天子图鉴 / 五星水属性 / 加油你的 捏普努,avatars_wiki/dcj_81056.png,https://cdnimg-v2.gamekee.com/images/www/1624372767275_65033933.png,https://www.gamekee.com/dcj/81056.html
dcj,578930,李施美（师妹）,李施美,五星天子图鉴 / 五星水属性 / 李施美（师妹）,avatars_wiki/dcj_578930.png,https://cdnimg-v2.gamekee.com/wiki2.0/images/1164/63428/2022/3/18/149359.png,https://www.gamekee.com/dcj/578930.html
dcj,578922,拉姆（限定）,拉姆,五星天子图鉴 / 五星水属性 / 拉姆（限定）,avatars_wiki/dcj_578922.png,https://cdnimg-v2.gamekee.com/wiki2.0/images/w_1544/h_8706/1164/63428/2022/9/16/231532.png,https://www.gamekee.com/dcj/578922.html
dcj,578923,巴里,巴里,五星天子图鉴 / 五星水属性 / 巴里,avatars_wiki/dcj_578923.png,https://cdnimg-v2.gamekee.com/wiki2.0/images/w_1544/h_5946/1164/63428/2022/9/16/924834.png,https://www.gamekee.com/dcj/578923.html
dcj,81058,冰刃 尤弥尔,冰刃 尤弥尔,五星天子图鉴 / 五星水属性 / 冰刃 尤弥尔,avatars_wiki/dcj_81058.png,https://cdnimg-v2.gamekee.com/images/www/1624447951775_42846057.png,https://www.gamekee.com/dcj/81058.html
dcj,81057,贪婪 プロケル,贪婪 布洛克鲁,五星天子图鉴 / 五星水属性 / 贪婪 プロケル,avatars_wiki/dcj_81057.png,https://cdnimg-v2.gamekee.com/images/www/1624373356604_31213728.png,https://www.gamekee.com/dcj/81057.html
dcj,81202,尼尔提,尼鲁提,五星天子图鉴 / 五星水属性 / 尼尔提,avatars_wiki/dcj_81202.png,https://cdnimg.gamekee.com/images/www/1624449695279_57507623.png,https://www.gamekee.com/dcj/81202.html
dcj,81204,墨丘利,墨丘利,五星天子图鉴 / 五星水属性 / 墨丘利,avatars_wiki/dcj_81204.png,https://cdnimg-v2.gamekee.com/images/www/1624450691282_20174950.png,https://www.gamekee.com/dcj/81204.html
dcj,81206,无法无天 哈比,无法无天 哈比,五星天子图鉴 / 五星水属性 / 无法无天 哈比,avatars_wiki/dcj_81206.png,https://cdnimg-v2.gamekee.com/images/www/1624451856404_88277268.png,https://www.gamekee.com/dcj/81206.html
dcj,81205,驱魔师博鲁巴,驱魔师博鲁巴,五星天子图鉴 / 五星水属性 / 驱魔师博鲁巴,avatars_wiki/dcj_81205.png,https://cdnimg-v2.gamekee.com/images/www/1624451429707_39102838.png,https://www.gamekee.com/dcj/81205.html
dcj,81207,温柔 雷欧,温柔 雷欧,五星天子图鉴 / 五星水属性 / 温柔 雷欧,avatars_wiki/dcj_81207.png,https://cdnimg-v2.gamekee.com/images/www/1624452383481_81746926.png,https://www.gamekee.com/dcj/81207.html
dcj,81208,可爱 爱洛斯,可爱 爱洛斯,五星天子图鉴 / 五星水属性 / 可爱 爱洛斯,avatars_wiki/dcj_81208.png,https://cdnimg-v2.gamekee.com/images/www/1624452858500_57233610.png,https://www.gamekee.com/dcj/81208.html
dcj,81472,巴凯特,欧洛斯,五星天子图鉴 / 五星水属性 / 巴凯特,avatars_wiki/dcj_81472.png,https://cdnimg.gamekee.com/images/www/1624876225939_14223270.png,https://www.gamekee.com/dcj/81472.html
dcj,81209,炼金术士 梅托塞拉,炼金术士 梅托塞拉,五星天子图鉴 / 五星水属性 / 炼金术士 梅托塞拉,avatars_wiki/dcj_81209.png,https://cdnimg-v2.gamekee.com/images/www/1624453449672_42210860.png,https://www.gamekee.com/dcj/81209.html
dcj,81471,塞露凯特,塞露凯特,五星天子图鉴 / 五星水属性 / 塞露凯特,avatars_wiki/dcj_81471.png,https://cdnimg-v2.gamekee.com/images/www/1624875627031_22869882.png,https://www.gamekee.com/dcj/81471.html
dcj,81473,吉尔提尼,吉尔提尼,五星天子图鉴 / 五星水属性 / 吉尔提尼,avatars_wiki/dcj_81473.png,https://cdnimg-v2.gamekee.com/images/www/1624876984230_25106095.png,https://www.gamekee.com/dcj/81473.html
dcj,81474,琳,琳,五星天子图鉴 / 五星水属性 / 琳,avatars_wiki/dcj_81474.png,https://cdnimg-v2.gamekee.com/images/www/1624877647498_36332961.png,https://www.gamekee.com/dcj/81474.html
dcj,81475,提丝贝,提丝贝,五星天子图鉴 / 五星水属性 / 提丝贝,avatars_wiki/dcj_81475.png,https://cdnimg.gamekee.com/images/www/1624883398364_48715900.png,https://www.gamekee.com/dcj/81475.html
dcj,83352,玛克特（限定）,玛克特,五星天子图鉴 / 五星水属性 / 玛克特（限定）,avatars_wiki/dcj_83352.png,https://cdnimg-v2.gamekee.com/images/www/1626687700272_33006788.png,https://www.gamekee.com/dcj/83352.html
dcj,81203,卡卡,卡卡,五星天子图鉴 / 五星水属性 / 卡卡,avatars_wiki/dcj_81203.png,https://cdnimg-v2.gamekee.com/images/www/1624450343373_81043472.png,https://www.gamekee.com/dcj/81203.html
dcj,81477,比利,比利,五星天子图鉴 / 五星水属性 / 比利,avatars_wiki/dcj_81477.png,https://cdnimg-v2.gamekee.com/images/www/1624885239332_44615428.png,https://www.gamekee.com/dcj/81477.html
dcj,81476,玛芙蒂特,玛芙蒂特,五星天子图鉴 / 五星水属性 / 玛芙蒂特,avatars_wiki/dcj_81476.png,https://cdnimg-v2.gamekee.com/images/www/1624884122841_55227518.png,https://www.gamekee.com/dcj/81476.html
dcj,81488,诺艾尔（限定）,诺艾尔,五星天子图鉴 / 五星水属性 / 诺艾尔（限定）,avatars_wiki/dcj_81488.png,https://cdnimg-v2.gamekee.com/images/www/1626688091550_71416749.png,https://www.gamekee.com/dcj/81488.html
dcj,81490,小浣熊（限定）,小浣熊,五星天子图鉴 / 五星水属性 / 小浣熊（限定）,avatars_wiki/dcj_81490.png,https://cdnimg-v2.gamekee.com/images/www/1626688643572_24978802.png,https://www.gamekee.com/dcj/81490.html
dcj,81489,萨洛美,萨洛美,五星天子图鉴 / 五星水属性 / 萨洛美,avatars_wiki/dcj_81489.png,https://cdnimg-v2.gamekee.com/images/www/1626688358080_97006980.png,https://www.gamekee.com/dcj/81489.html
dcj,81491,巴贝鲁,巴贝鲁,五星天子图鉴 / 五星水属性 / 巴贝鲁,avatars_wiki/dcj_81491.png,https://cdnimg-v2.gamekee.com/images/www/1626688862743_1096137.png,https://www.gamekee.com/dcj/81491.html
dcj,81492,迪诺,迪诺,五星天子图鉴 / 五星水属性 / 迪诺,avatars_wiki/dcj_81492.png,https://cdnimg-v2.gamekee.com/images/www/1626689242306_86786799.png,https://www.gamekee.com/dcj/81492.html
dcj,579108,雪初音（限定）,雪初音（限定）,五星天子图鉴 / 五星水属性 / 雪初音（限定）,avatars_wiki/dcj_579108.png,https://cdnimg.gamekee.com/wiki2.0/images/w_81/h_76/1164/56174/2022/11/19/246477.png,https://www.gamekee.com/dcj/579108.html
dcj,579107,贝丝,春之贝丝,五星天子图鉴 / 五星水属性 / 贝丝,avatars_wiki/dcj_579107.png,https://cdnimg.gamekee.com/wiki2.0/images/w_81/h_83/1164/56174/2022/11/18/472016.png,https://www.gamekee.com/dcj/579107.html
dcj,579110,霞（限定）,霞（限定）,五星天子图鉴 / 五星水属性 / 霞（限定）,avatars_wiki/dcj_579110.png,https://cdnimg.gamekee.com/wiki2.0/images/w_82/h_85/1164/56174/2022/11/19/852397.png,https://www.gamekee.com/dcj/579110.html
dcj,165825,排球,排球 伊索尔德,五星天子图鉴 / 五星水属性 / 排球,avatars_wiki/dcj_165825.png,https://cdnimg-v2.gamekee.com/wiki2.0/images/w_583/h_356/1164/53587/2022/7/26/49581.png,https://www.gamekee.com/dcj/165825.html
dcj,579245,卡里普索,卡里普索,五星天子图鉴 / 五星水属性 / 卡里普索,avatars_wiki/dcj_579245.png,https://cdnimg.gamekee.com/wiki2.0/images/w_71/h_74/1164/56174/2022/11/21/854361.png,https://www.gamekee.com/dcj/579245.html
dcj,579243,水达比,水达比,五星天子图鉴 / 五星水属性 / 水达比,avatars_wiki/dcj_579243.png,https://cdnimg.gamekee.com/wiki2.0/images/w_73/h_76/1164/56174/2022/11/20/882766.png,https://www.gamekee.com/dcj/579243.html
dcj,579250,忒堤斯,忒堤斯,五星天子图鉴 / 五星水属性 / 忒堤斯,avatars_wiki/dcj_579250.png,https://cdnimg.gamekee.com/wiki2.0/images/w_71/h_75/1164/56174/2022/11/21/168477.png,https://www.gamekee.com/dcj/579250.html
dcj,579251,机械丽莎,机械丽莎,五星天子图鉴 / 五星水属性 / 机械丽莎,avatars_wiki/dcj_579251.png,https://cdnimg.gamekee.com/wiki2.0/images/w_73/h_75/1164/56174/2022/11/21/575824.png,https://www.gamekee.com/dcj/579251.html
dcj,579253,春丽（限定）,春丽,五星天子图鉴 / 五星水属性 / 春丽（限定）,avatars_wiki/dcj_579253.png,https://cdnimg.gamekee.com/wiki2.0/images/w_72/h_75/1164/56174/2022/11/21/256242.png,https://www.gamekee.com/dcj/579253.html
dcj,579254,艾修,艾修,五星天子图鉴 / 五星水属性 / 艾修,avatars_wiki/dcj_579254.png,https://cdnimg.gamekee.com/wiki2.0/images/w_72/h_73/1164/56174/2022/11/21/869516.png,https://www.gamekee.com/dcj/579254.html
dcj,579257,初音（限定）,初音,五星天子图鉴 / 五星水属性 / 初音（限定）,avatars_wiki/dcj_579257.png,https://cdnimg.gamekee.com/wiki2.0/images/w_72/h_75/1164/56174/2022/11/21/513313.png,https://www.gamekee.com/dcj/579257.html
dcj,579258,雪初音（限定）,雪初音（限定）,五星天子图鉴 / 五星水属性 / 雪初音（限定）,avatars_wiki/dcj_579258.png,https://cdnimg.gamekee.com/wiki2.0/images/w_73/h_75/1164/56174/2022/11/21/664029.png,https://www.gamekee.com/dcj/579258.html
dcj,579259,圣诞老人,圣诞老人,五星天子图鉴 / 五星水属性 / 圣诞老人,avatars_wiki/dcj_579259.png,https://cdnimg.gamekee.com/wiki2.0/images/w_72/h_74/1164/56174/2022/11/21/511039.png,https://www.gamekee.com/dcj/579259.html
dcj,579480,伊芙,伊芙,五星天子图鉴 / 五星水属性 / 伊芙,avatars_wiki/dcj_579480.png,https://cdnimg.gamekee.com/wiki2.0/images/w_74/h_76/1164/56174/2022/11/24/504976.png,https://www.gamekee.com/dcj/579480.html
dcj,579491,水盾,水盾,五星天子图鉴 / 五星水属性 / 水盾,avatars_wiki/dcj_579491.png,https://cdnimg.gamekee.com/wiki2.0/images/w_74/h_76/1164/56174/2022/11/24/878594.png,https://www.gamekee.com/dcj/579491.html
dcj,579481,嫦娥,嫦娥,五星天子图鉴 / 五星水属性 / 嫦娥,avatars_wiki/dcj_579481.png,https://cdnimg.gamekee.com/wiki2.0/images/w_76/h_77/1164/56174/2022/11/24/83114.png,https://www.gamekee.com/dcj/579481.html
dcj,579492,沉默龙,沉默龙,五星天子图鉴 / 五星水属性 / 沉默龙,avatars_wiki/dcj_579492.png,https://cdnimg.gamekee.com/wiki2.0/images/w_72/h_76/1164/56174/2022/11/25/414206.png,https://www.gamekee.com/dcj/579492.html
dcj,579255,米丽娜,米丽娜,五星天子图鉴 / 五星水属性 / 米丽娜,avatars_wiki/dcj_579255.png,https://cdnimg.gamekee.com/wiki2.0/images/w_72/h_74/1164/56174/2022/11/21/451485.png,https://www.gamekee.com/dcj/579255.html
dcj,579487,卢卡,卢卡,五星天子图鉴 / 五星水属性 / 卢卡,avatars_wiki/dcj_579487.png,https://cdnimg.gamekee.com/wiki2.0/images/w_74/h_77/1164/56174/2022/11/24/171440.png,https://www.gamekee.com/dcj/579487.html
dcj,595398,塞勒涅,塞勒涅,五星天子图鉴 / 五星木属性 / 塞勒涅,avatars_wiki/dcj_595398.png,https://cdnimg.gamekee.com/wiki2.0/images/w_128/h_128/1164/56174/2023/6/20/188306.png,https://www.gamekee.com/dcj/595398.html
dcj,579496,水老头,水老头,五星天子图鉴 / 五星水属性 / 水老头,avatars_wiki/dcj_579496.png,https://cdnimg.gamekee.com/wiki2.0/images/w_71/h_75/1164/56174/2022/11/25/341200.png,https://www.gamekee.com/dcj/579496.html
dcj,579494,丑人鱼,尼奥斯,五星天子图鉴 / 五星水属性 / 丑人鱼,avatars_wiki/dcj_579494.png,https://cdnimg.gamekee.com/wiki2.0/images/w_75/h_76/1164/56174/2022/11/25/689923.png,https://www.gamekee.com/dcj/579494.html
dcj,593253,欧罗巴,欧罗巴,五星天子图鉴 / 五星木属性 / 欧罗巴,avatars_wiki/dcj_593253.png,https://cdnimg.gamekee.com/wiki2.0/images/w_90/h_95/1164/56174/2023/5/22/671308.png,https://www.gamekee.com/dcj/593253.html
dcj,578877,史古基,礼盒 史古基,五星天子图鉴 / 五星木属性 / 史古基,avatars_wiki/dcj_578877.png,https://cdnimg.gamekee.com/wiki2.0/images/w_65/h_67/1164/56174/2022/11/16/142883.png,https://www.gamekee.com/dcj/578877.html
dcj,578907,梅加拉,惩罚者梅加拉,五星天子图鉴 / 五星木属性 / 梅加拉,avatars_wiki/dcj_578907.png,https://cdnimg.gamekee.com/wiki2.0/images/w_71/h_72/1164/56174/2022/11/16/797231.png,https://www.gamekee.com/dcj/578907.html
dcj,579118,西特里,西特里,五星天子图鉴 / 五星木属性 / 西特里,avatars_wiki/dcj_579118.png,https://cdnimg.gamekee.com/wiki2.0/images/w_82/h_79/1164/56174/2022/11/19/270043.png,https://www.gamekee.com/dcj/579118.html
dcj,582735,达奴,达奴,五星天子图鉴 / 五星木属性 / 达奴,avatars_wiki/dcj_582735.jpg,https://cdnimg.gamekee.com/wiki2.0/images/w_165/h_170/1164/56174/2023/1/5/808072.jpg,https://www.gamekee.com/dcj/582735.html
dcj,168465,黑虎,黑虎,五星天子图鉴 / 五星木属性 / 黑虎,avatars_wiki/dcj_168465.png,https://cdnimg.gamekee.com/wiki2.0/images/w_120/h_120/1164/176744/2022/9/2/120340.png,https://www.gamekee.com/dcj/168465.html
dcj,165639,木奶猫芙蕾雅,木奶猫芙蕾雅,五星天子图鉴 / 五星木属性 / 木奶猫芙蕾雅,avatars_wiki/dcj_165639.png,https://cdnimg.gamekee.com/wiki2.0/images/w_120/h_120/1164/176744/2022/7/5/10715.png,https://www.gamekee.com/dcj/165639.html
dcj,164117,西瓜,西瓜,五星天子图鉴 / 五星木属性 / 西瓜,avatars_wiki/dcj_164117.png,https://cdnimg.gamekee.com/wiki2.0/images/w_120/h_120/1164/176744/2022/7/5/10715.png,https://www.gamekee.com/dcj/164117.html
dcj,164664,咸鱼,咸鱼、船长,五星天子图鉴 / 五星木属性 / 咸鱼,avatars_wiki/dcj_164664.png,https://cdnimg.gamekee.com/wiki2.0/images/w_298/h_254/1164/56174/2022/11/16/88919.png,https://www.gamekee.com/dcj/164664.html
dcj,162471,自然的杰米娜,自然的杰米娜,五星天子图鉴 / 五星木属性 / 自然的杰米娜,avatars_wiki/dcj_162471.png,https://cdnimg.gamekee.com/wiki2.0/images/w_120/h_120/1164/176744/2022/6/18/445741.png,https://www.gamekee.com/dcj/162471.html
dcj,578938,PPT佩皮塔,PPT、佩皮塔     木属性百分比6连刀,五星天子图鉴 / 五星木属性 / PPT佩皮塔,avatars_wiki/dcj_578938.png,https://cdnimg.gamekee.com/wiki2.0/images/w_66/h_67/1164/56174/2022/11/17/316413.png,https://www.gamekee.com/dcj/578938.html
dcj,579530,格里拉,格里拉,五星天子图鉴 / 五星木属性 / 格里拉,avatars_wiki/dcj_579530.png,https://cdnimg.gamekee.com/wiki2.0/images/w_258/h_270/1164/56174/2022/11/26/691959.png,https://www.gamekee.com/dcj/579530.html
dcj,90129,格伦德尔,格伦德尔,五星天子图鉴 / 五星木属性 / 格伦德尔,avatars_wiki/dcj_90129.png,https://cdnimg-v2.gamekee.com/images/www/1634822876493_36090133.png,https://www.gamekee.com/dcj/90129.html
dcj,578936,斯特里戈伊,红血的斯特里戈伊,五星天子图鉴 / 五星木属性 / 斯特里戈伊,avatars_wiki/dcj_578936.png,https://cdnimg.gamekee.com/wiki2.0/images/w_66/h_64/1164/56174/2022/11/17/999944.png,https://www.gamekee.com/dcj/578936.html
dcj,81090,凯特茜,自由的猫咪 凯特茜,五星天子图鉴 / 五星木属性 / 凯特茜,avatars_wiki/dcj_81090.png,https://cdnimg-v2.gamekee.com/images/www/1624373597085_7306643.png,https://www.gamekee.com/dcj/81090.html
dcj,88029,莫尼亚,哈尔莫尼亚,五星天子图鉴 / 五星木属性 / 莫尼亚,avatars_wiki/dcj_88029.png,https://cdnimg-v2.gamekee.com/images/www/1631498902082_8535291.png,https://www.gamekee.com/dcj/88029.html
dcj,85573,尤娜,漆黑之影 尤娜,五星天子图鉴 / 五星木属性 / 尤娜,avatars_wiki/dcj_85573.png,https://cdnimg-v2.gamekee.com/images/www/1628776286254_17481378.png,https://www.gamekee.com/dcj/85573.html
dcj,578957,罗莎娜,逃亡的舞者罗莎娜,五星天子图鉴 / 五星木属性 / 罗莎娜,avatars_wiki/dcj_578957.png,https://cdnimg.gamekee.com/wiki2.0/images/w_78/h_77/1164/56174/2022/11/17/265808.png,https://www.gamekee.com/dcj/578957.html
dcj,578946,内马尔,精力充沛的内马尔,五星天子图鉴 / 五星木属性 / 内马尔,avatars_wiki/dcj_578946.png,https://cdnimg.gamekee.com/wiki2.0/images/w_79/h_81/1164/56174/2022/11/17/395986.png,https://www.gamekee.com/dcj/578946.html
dcj,578950,除魔师米利安,除魔师米利安,五星天子图鉴 / 五星木属性 / 除魔师米利安,avatars_wiki/dcj_578950.png,https://cdnimg.gamekee.com/wiki2.0/images/w_72/h_77/1164/56174/2022/11/17/575421.png,https://www.gamekee.com/dcj/578950.html
dcj,578978,维纳斯,唯一的维纳斯,五星天子图鉴 / 五星木属性 / 维纳斯,avatars_wiki/dcj_578978.png,https://cdnimg.gamekee.com/wiki2.0/images/w_79/h_78/1164/56174/2022/11/17/990106.png,https://www.gamekee.com/dcj/578978.html
dcj,578976,欧若拉,欧若拉,五星天子图鉴 / 五星木属性 / 欧若拉,avatars_wiki/dcj_578976.png,https://cdnimg.gamekee.com/wiki2.0/images/w_85/h_83/1164/56174/2022/11/17/695637.png,https://www.gamekee.com/dcj/578976.html
dcj,578971,铃音（限定）,铃音,五星天子图鉴 / 五星木属性 / 铃音（限定）,avatars_wiki/dcj_578971.png,https://cdnimg.gamekee.com/wiki2.0/images/w_75/h_78/1164/56174/2022/11/17/897953.png,https://www.gamekee.com/dcj/578971.html
dcj,578972,温泉莫娜,温泉莫娜,五星天子图鉴 / 五星木属性 / 温泉莫娜,avatars_wiki/dcj_578972.png,https://cdnimg.gamekee.com/wiki2.0/images/w_75/h_77/1164/56174/2022/11/17/140629.png,https://www.gamekee.com/dcj/578972.html
dcj,578931,木狂暴、萨拉斯,木狂暴萨拉斯,五星天子图鉴 / 五星木属性 / 木狂暴、萨拉斯,avatars_wiki/dcj_578931.png,https://cdnimg-v2.gamekee.com/wiki2.0/images/1164/63428/2022/3/14/138517.png,https://www.gamekee.com/dcj/578931.html
dcj,578960,喜剧的阿尔蒂斯,喜剧的阿尔蒂斯,五星天子图鉴 / 五星木属性 / 喜剧的阿尔蒂斯,avatars_wiki/dcj_578960.png,https://cdnimg.gamekee.com/wiki2.0/images/w_79/h_80/1164/56174/2022/11/17/756478.png,https://www.gamekee.com/dcj/578960.html
dcj,578992,定制地狱,定制地狱,五星天子图鉴 / 五星木属性 / 定制地狱,avatars_wiki/dcj_578992.png,https://cdnimg.gamekee.com/wiki2.0/images/w_81/h_80/1164/56174/2022/11/17/750014.png,https://www.gamekee.com/dcj/578992.html
dcj,578958,罗宾,正义的礼剑，罗宾,五星天子图鉴 / 五星木属性 / 罗宾,avatars_wiki/dcj_578958.png,https://cdnimg.gamekee.com/wiki2.0/images/w_77/h_78/1164/56174/2022/11/17/739676.png,https://www.gamekee.com/dcj/578958.html
dcj,578991,怪盗拉弗斯,怪盗弗拉斯,五星天子图鉴 / 五星木属性 / 怪盗拉弗斯,avatars_wiki/dcj_578991.png,https://cdnimg.gamekee.com/wiki2.0/images/w_78/h_81/1164/56174/2022/11/17/772043.png,https://www.gamekee.com/dcj/578991.html
dcj,578993,木糖猫,西迪,五星天子图鉴 / 五星木属性 / 木糖猫,avatars_wiki/dcj_578993.png,https://cdnimg.gamekee.com/wiki2.0/images/w_80/h_80/1164/56174/2022/11/17/834074.png,https://www.gamekee.com/dcj/578993.html
dcj,578994,诱惑的黑客,诱惑的黑客,五星天子图鉴 / 五星木属性 / 诱惑的黑客,avatars_wiki/dcj_578994.png,https://cdnimg.gamekee.com/wiki2.0/images/w_78/h_80/1164/56174/2022/11/17/898759.png,https://www.gamekee.com/dcj/578994.html
dcj,578996,凯瑟琳（限定）,爱人凯瑟琳、联动限定,五星天子图鉴 / 五星木属性 / 凯瑟琳（限定）,avatars_wiki/dcj_578996.png,https://cdnimg.gamekee.com/wiki2.0/images/w_82/h_82/1164/56174/2022/11/17/588296.png,https://www.gamekee.com/dcj/578996.html
dcj,578995,路易斯,刺伤你，露易丝,五星天子图鉴 / 五星木属性 / 路易斯,avatars_wiki/dcj_578995.png,https://cdnimg.gamekee.com/wiki2.0/images/w_78/h_80/1164/56174/2022/11/17/530819.png,https://www.gamekee.com/dcj/578995.html
dcj,579112,木相机,木相机,五星天子图鉴 / 五星木属性 / 木相机,avatars_wiki/dcj_579112.png,https://cdnimg.gamekee.com/wiki2.0/images/w_78/h_80/1164/56174/2022/11/19/785703.png,https://www.gamekee.com/dcj/579112.html
dcj,579113,薮猫（限定）,薮猫（限定）,五星天子图鉴 / 五星木属性 / 薮猫（限定）,avatars_wiki/dcj_579113.png,https://cdnimg.gamekee.com/wiki2.0/images/w_80/h_84/1164/56174/2022/11/19/208745.png,https://www.gamekee.com/dcj/579113.html
dcj,579114,木锤,木锤、骑士达夫尼斯,五星天子图鉴 / 五星木属性 / 木锤,avatars_wiki/dcj_579114.png,https://cdnimg.gamekee.com/wiki2.0/images/w_76/h_80/1164/56174/2022/11/19/2227.png,https://www.gamekee.com/dcj/579114.html
dcj,578999,纳维,自嘲的纳维,五星天子图鉴 / 五星木属性 / 纳维,avatars_wiki/dcj_578999.png,https://cdnimg.gamekee.com/wiki2.0/images/w_80/h_80/1164/56174/2022/11/17/622064.png,https://www.gamekee.com/dcj/578999.html
dcj,579116,妮可,妮可,五星天子图鉴 / 五星木属性 / 妮可,avatars_wiki/dcj_579116.png,https://cdnimg.gamekee.com/wiki2.0/images/w_80/h_75/1164/56174/2022/11/19/620924.png,https://www.gamekee.com/dcj/579116.html
dcj,578998,安妮,安妮,五星天子图鉴 / 五星木属性 / 安妮,avatars_wiki/dcj_578998.png,https://cdnimg.gamekee.com/wiki2.0/images/w_81/h_82/1164/56174/2022/11/17/259879.png,https://www.gamekee.com/dcj/578998.html
dcj,81069,巴托里,淑女 巴托里,五星天子图鉴 / 五星木属性 / 巴托里,avatars_wiki/dcj_81069.png,https://cdnimg-v2.gamekee.com/images/www/1624414039853_10809163.png,https://www.gamekee.com/dcj/81069.html
dcj,579115,羊妹,羊妹,五星天子图鉴 / 五星木属性 / 羊妹,avatars_wiki/dcj_579115.png,https://cdnimg.gamekee.com/wiki2.0/images/w_82/h_79/1164/56174/2022/11/19/206023.png,https://www.gamekee.com/dcj/579115.html
dcj,579117,奥哈德,魔术师奥哈德,五星天子图鉴 / 五星木属性 / 奥哈德,avatars_wiki/dcj_579117.png,https://cdnimg.gamekee.com/wiki2.0/images/w_79/h_80/1164/56174/2022/11/19/149787.png,https://www.gamekee.com/dcj/579117.html
dcj,81066,玛丽·萝丝,玛丽·萝丝,五星天子图鉴 / 五星木属性 / 玛丽·萝丝,avatars_wiki/dcj_81066.png,https://cdnimg-v2.gamekee.com/images/www/1624388519865_29810971.png,https://www.gamekee.com/dcj/81066.html
dcj,579262,自请妃,自请妃,五星天子图鉴 / 五星木属性 / 自请妃,avatars_wiki/dcj_579262.png,https://cdnimg.gamekee.com/wiki2.0/images/w_71/h_75/1164/56174/2022/11/21/39410.png,https://www.gamekee.com/dcj/579262.html
dcj,579261,柳道士,柳道士,五星天子图鉴 / 五星木属性 / 柳道士,avatars_wiki/dcj_579261.png,https://cdnimg.gamekee.com/wiki2.0/images/w_72/h_75/1164/56174/2022/11/21/326084.png,https://www.gamekee.com/dcj/579261.html
dcj,579263,木莫娜,木莫娜,五星天子图鉴 / 五星木属性 / 木莫娜,avatars_wiki/dcj_579263.png,https://cdnimg.gamekee.com/wiki2.0/images/w_71/h_75/1164/56174/2022/11/21/309910.png,https://www.gamekee.com/dcj/579263.html
dcj,579260,木丽莎,木丽莎,五星天子图鉴 / 五星木属性 / 木丽莎,avatars_wiki/dcj_579260.png,https://cdnimg.gamekee.com/wiki2.0/images/w_71/h_73/1164/56174/2022/11/21/572779.png,https://www.gamekee.com/dcj/579260.html
dcj,579281,卢因斯,卢因斯,五星天子图鉴 / 五星木属性 / 卢因斯,avatars_wiki/dcj_579281.png,https://cdnimg.gamekee.com/wiki2.0/images/w_70/h_72/1164/56174/2022/11/21/337050.png,https://www.gamekee.com/dcj/579281.html
dcj,579284,木鼠,木鼠,五星天子图鉴 / 五星木属性 / 木鼠,avatars_wiki/dcj_579284.png,https://cdnimg.gamekee.com/wiki2.0/images/w_70/h_72/1164/56174/2022/11/21/752807.png,https://www.gamekee.com/dcj/579284.html
dcj,579283,军奶,军奶,五星天子图鉴 / 五星木属性 / 军奶,avatars_wiki/dcj_579283.png,https://cdnimg.gamekee.com/wiki2.0/images/w_72/h_71/1164/56174/2022/11/21/377261.png,https://www.gamekee.com/dcj/579283.html
dcj,579289,加米（限定）,加米（限定）,五星天子图鉴 / 五星木属性 / 加米（限定）,avatars_wiki/dcj_579289.png,https://cdnimg.gamekee.com/wiki2.0/images/w_73/h_73/1164/56174/2022/11/21/629615.png,https://www.gamekee.com/dcj/579289.html
dcj,81050,坎卜斯,欺瞒的 坎卜斯,五星天子图鉴 / 五星木属性 / 坎卜斯,avatars_wiki/dcj_81050.png,https://cdnimg-v2.gamekee.com/images/www/1624379830644_83541111.png,https://www.gamekee.com/dcj/81050.html
dcj,579292,木嫦娥,木嫦娥,五星天子图鉴 / 五星木属性 / 木嫦娥,avatars_wiki/dcj_579292.png,https://cdnimg.gamekee.com/wiki2.0/images/w_73/h_74/1164/56174/2022/11/21/98384.png,https://www.gamekee.com/dcj/579292.html
dcj,579531,弥达斯,弥达斯,五星天子图鉴 / 五星木属性 / 弥达斯,avatars_wiki/dcj_579531.png,https://cdnimg.gamekee.com/wiki2.0/images/w_73/h_76/1164/56174/2022/11/26/276224.png,https://www.gamekee.com/dcj/579531.html
dcj,579525,木高达,亚巴顿,五星天子图鉴 / 五星木属性 / 木高达,avatars_wiki/dcj_579525.png,https://cdnimg.gamekee.com/wiki2.0/images/w_74/h_77/1164/56174/2022/11/26/861457.png,https://www.gamekee.com/dcj/579525.html
dcj,579526,美国佬,美国佬,五星天子图鉴 / 五星木属性 / 美国佬,avatars_wiki/dcj_579526.png,https://cdnimg.gamekee.com/wiki2.0/images/w_76/h_76/1164/56174/2022/11/26/55818.png,https://www.gamekee.com/dcj/579526.html
dcj,579523,木奶,木奶,五星天子图鉴 / 五星木属性 / 木奶,avatars_wiki/dcj_579523.png,https://cdnimg.gamekee.com/wiki2.0/images/w_74/h_76/1164/56174/2022/11/26/972931.png,https://www.gamekee.com/dcj/579523.html
dcj,579524,猪皇,猪皇,五星天子图鉴 / 五星木属性 / 猪皇,avatars_wiki/dcj_579524.png,https://cdnimg.gamekee.com/wiki2.0/images/w_74/h_76/1164/56174/2022/11/26/659506.png,https://www.gamekee.com/dcj/579524.html
dcj,579532,赛莲,赛莲,五星天子图鉴 / 五星木属性 / 赛莲,avatars_wiki/dcj_579532.png,https://cdnimg.gamekee.com/wiki2.0/images/w_73/h_77/1164/56174/2022/11/26/274208.png,https://www.gamekee.com/dcj/579532.html
dcj,579528,背包,背包,五星天子图鉴 / 五星木属性 / 背包,avatars_wiki/dcj_579528.png,https://cdnimg.gamekee.com/wiki2.0/images/w_73/h_76/1164/56174/2022/11/26/524580.png,https://www.gamekee.com/dcj/579528.html
destinychild,170964,电话妖,蒙德斯,图鉴资料 / 五星光   / 电话妖,avatars_wiki/destinychild_170964.png,https://cdnimg-v2.gamekee.com/wiki2.0/images/w_128/h_128/1069/107851/2022/9/14/48679.png,https://www.gamekee.com/destinychild/170964.html
destinychild,168724,毛妹,米莉娅,图鉴资料 / 五星光   / 毛妹,avatars_wiki/destinychild_168724.png,https://cdnimg-v2.gamekee.com/wiki2.0/images/w_128/h_128/1069/107851/2022/9/14/48679.png,https://www.gamekee.com/destinychild/168724.html
destinychild,162130,妹妹头,萨洛斯,图鉴资料 / 五星光   / 妹妹头,avatars_wiki/destinychild_162130.png,https://cdnimg-v2.gamekee.com/wiki2.0/images/w_128/h_128/1069/107851/2022/9/14/48679.png,https://www.gamekee.com/destinychild/162130.html
destinychild,592998,中二,光蝴蝶,图鉴资料 / 五星光   / 中二,avatars_wiki/destinychild_592998.png,https://cdnimg.gamekee.com/wiki2.0/images/w_256/h_256/1069/107851/2023/5/20/752412.png,https://www.gamekee.com/destinychild/592998.html
destinychild,581879,摩根,摩根,图鉴资料 / 五星光   / 摩根,avatars_wiki/destinychild_581879.png,https://cdnimg-v2.gamekee.com/wiki2.0/images/w_128/h_128/1069/107851/2022/9/14/92967.png,https://www.gamekee.com/destinychild/581879.html
destinychild,156758,电椅,贝利亚,图鉴资料 / 五星光   / 电椅,avatars_wiki/destinychild_156758.png,"https://cdnimg.gamekee.com/wiki2.0/images/w_250/h_250/1069/107851/2022/9/17/56940.png?x-image-process=image/resize,m_lfit,h_300,w_300",https://www.gamekee.com/destinychild/156758.html
destinychild,152964,奥拉夫,哈托尔,图鉴资料 / 五星光   / 奥拉夫,avatars_wiki/destinychild_152964.png,https://cdnimg-v2.gamekee.com/wiki2.0/images/w_128/h_128/1069/107851/2022/9/14/92967.png,https://www.gamekee.com/destinychild/152964.html
destinychild,96766,VVA,薇薇安,图鉴资料 / 五星光   / VVA,avatars_wiki/destinychild_96766.png,https://cdnimg-v2.gamekee.com/wiki2.0/images/w_128/h_128/1069/107851/2022/9/14/48679.png,https://www.gamekee.com/destinychild/96766.html
destinychild,584504,奶光,蒂凯,图鉴资料 / 五星光   / 奶光,avatars_wiki/destinychild_584504.png,https://cdnimg.gamekee.com/wiki2.0/images/w_250/h_250/1069/236746/2023/4/9/246585.png,https://www.gamekee.com/destinychild/584504.html
destinychild,577401,光呼啦圈,乌波斯,图鉴资料 / 五星光   / 光呼啦圈,avatars_wiki/destinychild_577401.png,https://cdnimg-v2.gamekee.com/wiki2.0/images/w_128/h_128/1069/107851/2022/9/14/48679.png,https://www.gamekee.com/destinychild/577401.html
destinychild,151950,光剑,密涅尔瓦,图鉴资料 / 五星光   / 光剑,avatars_wiki/destinychild_151950.png,https://cdnimg.gamekee.com/wiki2.0/images/1069/57/2022/2/16/215284.png,https://www.gamekee.com/destinychild/151950.html
destinychild,92659,十字弓,猎户座,图鉴资料 / 五星光   / 十字弓,avatars_wiki/destinychild_92659.png,https://cdnimg.gamekee.com/images/www/1637739494660_6460622.png,https://www.gamekee.com/destinychild/92659.html
destinychild,86642,圣女,阿克拉西亚,图鉴资料 / 五星光   / 圣女,avatars_wiki/destinychild_86642.png,https://cdnimg.gamekee.com/images/www/1629877803429_66352402.png,https://www.gamekee.com/destinychild/86642.html
destinychild,82884,亚马逊,玛丽奇.钱德拉甘塔,图鉴资料 / 五星光   / 亚马逊,avatars_wiki/destinychild_82884.png,https://cdnimg.gamekee.com/images/www/1626248700174_65430511.png,https://www.gamekee.com/destinychild/82884.html
destinychild,76464,金毛,库西,图鉴资料 / 五星光   / 金毛,avatars_wiki/destinychild_76464.png,https://cdnimg.gamekee.com/images/www/1621322081155_65431965.png,https://www.gamekee.com/destinychild/76464.html
destinychild,81660,光豹子,波雷亚斯,图鉴资料 / 五星光   / 光豹子,avatars_wiki/destinychild_81660.png,https://cdnimg.gamekee.com/images/www/1625039179776_77244748.png,https://www.gamekee.com/destinychild/81660.html
destinychild,70436,光击剑,布拉达曼特,图鉴资料 / 五星光   / 光击剑,avatars_wiki/destinychild_70436.png,https://cdnimg.gamekee.com/images/www/1614405228201_38289477.png,https://www.gamekee.com/destinychild/70436.html
destinychild,65297,土星,黎明萨图恩,图鉴资料 / 五星光   / 土星,avatars_wiki/destinychild_65297.png,https://cdnimg.gamekee.com/images/www/1609491265194_91087535.png,https://www.gamekee.com/destinychild/65297.html
destinychild,75328,光相机,完美的波坦,图鉴资料 / 五星光   / 光相机,avatars_wiki/destinychild_75328.png,https://cdnimg.gamekee.com/images/www/1620192758732_94900450.png,https://www.gamekee.com/destinychild/75328.html
destinychild,77377,巴里,必然的巴里,图鉴资料 / 五星光   / 巴里,avatars_wiki/destinychild_77377.png,https://cdnimg.gamekee.com/images/www/1622621798529_92820986.png,https://www.gamekee.com/destinychild/77377.html
destinychild,69383,花篮,阿尔布,图鉴资料 / 五星光   / 花篮,avatars_wiki/destinychild_69383.png,https://cdnimg.gamekee.com/images/www/1613300695302_69416231.png,https://www.gamekee.com/destinychild/69383.html
destinychild,68063,洛基,洛基,图鉴资料 / 五星光   / 洛基,avatars_wiki/destinychild_68063.png,https://cdnimg.gamekee.com/images/www/1611919709963_89740836.png,https://www.gamekee.com/destinychild/68063.html
destinychild,50435,猫头鹰,猫头鹰,图鉴资料 / 五星光   / 猫头鹰,avatars_wiki/destinychild_50435.png,https://cdnimg.gamekee.com/images/dckr/1597917063471_8145296.png,https://www.gamekee.com/destinychild/50435.html
destinychild,65298,新亚里亚,绚烂亚莉亚,图鉴资料 / 五星光   / 新亚里亚,avatars_wiki/destinychild_65298.png,https://cdnimg.gamekee.com/images/www/1609491294878_47238711.png,https://www.gamekee.com/destinychild/65298.html
destinychild,50511,岛主,包租公,图鉴资料 / 五星光   / 岛主,avatars_wiki/destinychild_50511.png,https://cdnimg.gamekee.com/images/dckr/1597933584090_22163297.png,https://www.gamekee.com/destinychild/50511.html
destinychild,58471,帕拉丁,泰坦尼亚,图鉴资料 / 五星光   / 帕拉丁,avatars_wiki/destinychild_58471.png,https://cdnimg.gamekee.com/images/www/1603276109180_52876051.png,https://www.gamekee.com/destinychild/58471.html
destinychild,50508,光鸟,光兔子,图鉴资料 / 五星光   / 光鸟,avatars_wiki/destinychild_50508.png,"https://cdnimg.gamekee.com/images/destinychild/1605152875458_41002245.png?x-image-process=image/resize,m_lfit,h_300,w_300",https://www.gamekee.com/destinychild/50508.html
destinychild,50504,大帽子,大帽子,图鉴资料 / 五星光   / 大帽子,avatars_wiki/destinychild_50504.png,https://cdnimg.gamekee.com/images/dckr/1597932696155_17977880.png,https://www.gamekee.com/destinychild/50504.html
destinychild,60196,大白,苏娜,图鉴资料 / 五星光   / 大白,avatars_wiki/destinychild_60196.png,https://cdnimg.gamekee.com/images/www/1605170471953_99714947.png,https://www.gamekee.com/destinychild/60196.html
destinychild,50509,土星,光土星,图鉴资料 / 五星光   / 土星,avatars_wiki/destinychild_50509.png,https://cdnimg.gamekee.com/images/dckr/1597933356262_9362133.png,https://www.gamekee.com/destinychild/50509.html
destinychild,50434,光月月,光月月,图鉴资料 / 五星光   / 光月月,avatars_wiki/destinychild_50434.png,https://cdnimg.gamekee.com/images/dckr/1597916522035_44545435.png,https://www.gamekee.com/destinychild/50434.html
destinychild,50523,雅典娜,雅典娜,图鉴资料 / 五星光   / 雅典娜,avatars_wiki/destinychild_50523.png,https://cdnimg.gamekee.com/images/dckr/1597934478096_32996501.png,https://www.gamekee.com/destinychild/50523.html
destinychild,50517,乱斗娘,乱斗娘,图鉴资料 / 五星光   / 乱斗娘,avatars_wiki/destinychild_50517.png,https://cdnimg.gamekee.com/images/dckr/1597934100539_82655382.png,https://www.gamekee.com/destinychild/50517.html
destinychild,50514,屎王,史莱姆王,图鉴资料 / 五星光   / 屎王,avatars_wiki/destinychild_50514.png,https://cdnimg.gamekee.com/images/dckr/1597933943178_86074382.png,https://www.gamekee.com/destinychild/50514.html
destinychild,50506,塞特,披头士,图鉴资料 / 五星光   / 塞特,avatars_wiki/destinychild_50506.png,https://cdnimg.gamekee.com/images/dckr/1597932874723_97537094.png,https://www.gamekee.com/destinychild/50506.html
destinychild,50507,光胖次,滑雪板,图鉴资料 / 五星光   / 光胖次,avatars_wiki/destinychild_50507.png,https://cdnimg.gamekee.com/images/dckr/1597933201604_30087530.png,https://www.gamekee.com/destinychild/50507.html
destinychild,50476,光莫娜,光莫娜,图鉴资料 / 五星光   / 光莫娜,avatars_wiki/destinychild_50476.png,https://cdnimg.gamekee.com/images/dckr/1597923050229_39892234.png,https://www.gamekee.com/destinychild/50476.html
destinychild,50524,光铃铛,光铃铛,图鉴资料 / 五星光   / 光铃铛,avatars_wiki/destinychild_50524.png,https://cdnimg-v2.gamekee.com/wiki2.0/images/w_174/h_174/1069/92835/2022/6/19/377881.png,https://www.gamekee.com/destinychild/50524.html
destinychild,50496,婚巴,婚巴,图鉴资料 / 五星光   / 婚巴,avatars_wiki/destinychild_50496.png,https://cdnimg-v2.gamekee.com/wiki2.0/images/w_128/h_128/1069/81618/2023/2/16/834078.png,https://www.gamekee.com/destinychild/50496.html
destinychild,50520,光琴,光琴,图鉴资料 / 五星光   / 光琴,avatars_wiki/destinychild_50520.png,https://cdnimg.gamekee.com/images/dckr/1597934302576_86265007.png,https://www.gamekee.com/destinychild/50520.html
destinychild,50522,夏尔,夏露露,图鉴资料 / 五星光   / 夏尔,avatars_wiki/destinychild_50522.png,https://cdnimg.gamekee.com/images/dckr/1597934428800_606957.png,https://www.gamekee.com/destinychild/50522.html
destinychild,50505,狗姐,狗姐,图鉴资料 / 五星光   / 狗姐,avatars_wiki/destinychild_50505.png,https://cdnimg.gamekee.com/images/dckr/1597932799374_92660743.png,https://www.gamekee.com/destinychild/50505.html
destinychild,50521,糖猫,光双刃,图鉴资料 / 五星光   / 糖猫,avatars_wiki/destinychild_50521.png,https://cdnimg.gamekee.com/images/dckr/1597934347631_57036260.png,https://www.gamekee.com/destinychild/50521.html
destinychild,50512,法老,法老王,图鉴资料 / 五星光   / 法老,avatars_wiki/destinychild_50512.png,https://cdnimg.gamekee.com/images/dckr/1597933707170_56840535.png,https://www.gamekee.com/destinychild/50512.html
destinychild,50497,花奶,花奶,图鉴资料 / 五星光   / 花奶,avatars_wiki/destinychild_50497.png,https://cdnimg.gamekee.com/images/dckr/1597929318522_4221405.png,https://www.gamekee.com/destinychild/50497.html
destinychild,50495,金星,比心,图鉴资料 / 五星光   / 金星,avatars_wiki/destinychild_50495.png,https://cdnimg.gamekee.com/images/dckr/1597928904676_47211286.png,https://www.gamekee.com/destinychild/50495.html
destinychild,50519,海王星,海王星,图鉴资料 / 五星光   / 海王星,avatars_wiki/destinychild_50519.png,https://cdnimg.gamekee.com/images/dckr/1597934218828_86153931.png,https://www.gamekee.com/destinychild/50519.html
destinychild,50479,普巴,***,图鉴资料 / 五星光   / 普巴,avatars_wiki/destinychild_50479.png,https://cdnimg.gamekee.com/images/dckr/1597924257916_21994272.png,https://www.gamekee.com/destinychild/50479.html
destinychild,50110,艳后,艳后,图鉴资料 / 五星光   / 艳后,avatars_wiki/destinychild_50110.png,https://cdnimg.gamekee.com/images/dckr/1597753128119_13209286.png,https://www.gamekee.com/destinychild/50110.html
destinychild,50516,露娜,露娜,图鉴资料 / 五星光   / 露娜,avatars_wiki/destinychild_50516.png,https://cdnimg.gamekee.com/images/dckr/1597934040964_25113692.png,https://www.gamekee.com/destinychild/50516.html
destinychild,50289,阿三,荷鲁斯,图鉴资料 / 五星光   / 阿三,avatars_wiki/destinychild_50289.png,https://cdnimg.gamekee.com/images/dckr/1597825275714_59205595.png,https://www.gamekee.com/destinychild/50289.html
destinychild,50266,罗刹,光罗刹,图鉴资料 / 五星光   / 罗刹,avatars_wiki/destinychild_50266.png,https://cdnimg.gamekee.com/images/dckr/1597817999838_9233965.png,https://www.gamekee.com/destinychild/50266.html
destinychild,50108,光裙,光裙,图鉴资料 / 五星光   / 光裙,avatars_wiki/destinychild_50108.png,https://cdnimg.gamekee.com/wiki2.0/images/w_128/h_128/1069/107851/2022/9/13/439704.png,https://www.gamekee.com/destinychild/50108.html
destinychild,50076,教皇,教皇,图鉴资料 / 五星光   / 教皇,avatars_wiki/destinychild_50076.png,https://cdnimg.gamekee.com/images/dckr/1597744744711_18931091.png,https://www.gamekee.com/destinychild/50076.html
destinychild,50027,复活奶,复活奶,图鉴资料 / 五星光   / 复活奶,avatars_wiki/destinychild_50027.png,https://cdnimg.gamekee.com/wiki2.0/images/w_128/h_128/1069/107851/2022/9/13/439704.png,https://www.gamekee.com/destinychild/50027.html
destinychild,50006,亚里亚,爹里爹,图鉴资料 / 五星光   / 亚里亚,avatars_wiki/destinychild_50006.png,https://cdnimg.gamekee.com/images/dckr/1597735304653_86701475.png,https://www.gamekee.com/destinychild/50006.html
destinychild,49975,白斩鸡,白切鸡,图鉴资料 / 五星光   / 白斩鸡,avatars_wiki/destinychild_49975.png,https://cdnimg.gamekee.com/images/dckr/1597732813185_40193664.png,https://www.gamekee.com/destinychild/49975.html
destinychild,50068,女警,女警,图鉴资料 / 五星光   / 女警,avatars_wiki/destinychild_50068.png,https://cdnimg.gamekee.com/images/dckr/1597743221487_2413085.png,https://www.gamekee.com/destinychild/50068.html
destinychild,50022,光魔方,魔方,图鉴资料 / 五星光   / 光魔方,avatars_wiki/destinychild_50022.png,https://cdnimg.gamekee.com/images/dckr/1597738681706_20709506.png,https://www.gamekee.com/destinychild/50022.html
destinychild,592999,暗提琴,暗提琴,图鉴资料 / 五星暗 / 暗提琴,avatars_wiki/destinychild_592999.png,https://cdnimg.gamekee.com/wiki2.0/images/w_256/h_256/1069/107851/2023/5/20/500671.png,https://www.gamekee.com/destinychild/592999.html
destinychild,591177,小丑兔,珍妮,图鉴资料 / 五星暗 / 小丑兔,avatars_wiki/destinychild_591177.png,https://cdnimg.gamekee.com/wiki2.0/images/w_256/h_256/1069/107851/2023/4/24/433217.png,https://www.gamekee.com/destinychild/591177.html
destinychild,581881,暗罗汉,阿罗汉,图鉴资料 / 五星暗 / 暗罗汉,avatars_wiki/destinychild_581881.png,https://cdnimg.gamekee.com/wiki2.0/images/w_250/h_250/1069/236746/2023/0/30/121431.png,https://www.gamekee.com/destinychild/581881.html
destinychild,579761,乌鸦,犹大,图鉴资料 / 五星暗 / 乌鸦,avatars_wiki/destinychild_579761.png,https://cdnimg.gamekee.com/wiki2.0/images/w_250/h_250/1069/107851/2022/11/29/232883.png,https://www.gamekee.com/destinychild/579761.html
destinychild,166777,机枪,维利塔,图鉴资料 / 五星暗 / 机枪,avatars_wiki/destinychild_166777.png,https://cdnimg.gamekee.com/wiki2.0/images/w_250/h_250/1069/107851/2022/8/8/393026.png,https://www.gamekee.com/destinychild/166777.html
destinychild,581880,娜迦,娜迦,图鉴资料 / 五星暗 / 娜迦,avatars_wiki/destinychild_581880.png,https://cdnimg.gamekee.com/wiki2.0/images/w_250/h_250/1069/236746/2023/0/30/857636.png,https://www.gamekee.com/destinychild/581880.html
destinychild,50011,埃及猫,埃及猫,图鉴资料 / 五星光   / 埃及猫,avatars_wiki/destinychild_50011.png,https://cdnimg.gamekee.com/images/dckr/1597737083387_15784623.png,https://www.gamekee.com/destinychild/50011.html
destinychild,170965,暗护士,狄蜜特,图鉴资料 / 五星暗 / 暗护士,avatars_wiki/destinychild_170965.png,https://cdnimg.gamekee.com/wiki2.0/images/w_250/h_250/1069/107851/2022/10/3/468105.png,https://www.gamekee.com/destinychild/170965.html
destinychild,156759,鸡尾酒,卡贝拉,图鉴资料 / 五星暗 / 鸡尾酒,avatars_wiki/destinychild_156759.png,"https://cdnimg.gamekee.com/wiki2.0/images/w_250/h_250/1069/107851/2022/9/17/612890.png?x-image-process=image/resize,m_lfit,h_300,w_300",https://www.gamekee.com/destinychild/156759.html
destinychild,92658,萨尼,萨尼,图鉴资料 / 五星暗 / 萨尼,avatars_wiki/destinychild_92658.png,https://cdnimg.gamekee.com/images/www/1637739667997_53161102.png,https://www.gamekee.com/destinychild/92658.html
destinychild,155235,死神,阿努比斯,图鉴资料 / 五星暗 / 死神,avatars_wiki/destinychild_155235.png,"https://cdnimg.gamekee.com/wiki2.0/images/w_250/h_250/1069/107851/2022/9/17/618956.png?x-image-process=image/resize,m_lfit,h_300,w_300",https://www.gamekee.com/destinychild/155235.html
destinychild,91787,雅美 ,雅美,图鉴资料 / 五星暗 / 雅美 ,avatars_wiki/destinychild_91787.png,https://cdnimg.gamekee.com/images/www/1636530356949_44750227.png,https://www.gamekee.com/destinychild/91787.html
destinychild,89346,小钢炮,迪亚努斯,图鉴资料 / 五星暗 / 小钢炮,avatars_wiki/destinychild_89346.png,https://cdnimg.gamekee.com/images/www/1632902000824_64795770.png,https://www.gamekee.com/destinychild/89346.html
destinychild,82885,福尔基斯,悠闲的福尔基斯,图鉴资料 / 五星暗 / 福尔基斯,avatars_wiki/destinychild_82885.png,https://cdnimg.gamekee.com/images/www/1626248835027_50719130.png,https://www.gamekee.com/destinychild/82885.html
destinychild,86643,棒球,杜埃莎,图鉴资料 / 五星暗 / 棒球,avatars_wiki/destinychild_86643.png,https://cdnimg.gamekee.com/images/www/1629878115167_34920871.png,https://www.gamekee.com/destinychild/86643.html
destinychild,85357,暗伞,菲洛特斯,图鉴资料 / 五星暗 / 暗伞,avatars_wiki/destinychild_85357.png,https://cdnimg.gamekee.com/images/www/1628666435221_19728446.png,https://www.gamekee.com/destinychild/85357.html
destinychild,77378,对魔忍,玛尔杜克,图鉴资料 / 五星暗 / 对魔忍,avatars_wiki/destinychild_77378.png,https://cdnimg.gamekee.com/images/www/1622621668654_82427577.png,https://www.gamekee.com/destinychild/77378.html
destinychild,81659,暗豹子,诺托斯,图鉴资料 / 五星暗 / 暗豹子,avatars_wiki/destinychild_81659.png,https://cdnimg.gamekee.com/images/www/1625039353791_83878306.png,https://www.gamekee.com/destinychild/81659.html
destinychild,75327,暗塞特,牺牲生命 塞特,图鉴资料 / 五星暗 / 暗塞特,avatars_wiki/destinychild_75327.png,https://cdnimg.gamekee.com/images/www/1620192901531_85106886.png,https://www.gamekee.com/destinychild/75327.html
destinychild,73733,暗精灵,杜里亚德斯,图鉴资料 / 五星暗 / 暗精灵,avatars_wiki/destinychild_73733.png,https://cdnimg.gamekee.com/images/www/1617779374338_44156650.png,https://www.gamekee.com/destinychild/73733.html
destinychild,68064,暗伊芙,苍炎伊芙,图鉴资料 / 五星暗 / 暗伊芙,avatars_wiki/destinychild_68064.png,https://cdnimg.gamekee.com/images/www/1611919782590_83911417.png,https://www.gamekee.com/destinychild/68064.html
destinychild,62476,暗丽莎,幻梦·丽莎,图鉴资料 / 五星暗 / 暗丽莎,avatars_wiki/destinychild_62476.png,https://cdnimg.gamekee.com/wiki2.0/images/w_128/h_128/1069/92835/2022/7/2/466056.png,https://www.gamekee.com/destinychild/62476.html
destinychild,65299,新玛斯,闪耀玛尔斯,图鉴资料 / 五星暗 / 新玛斯,avatars_wiki/destinychild_65299.png,https://cdnimg.gamekee.com/images/www/1609491326808_45770423.png,https://www.gamekee.com/destinychild/65299.html
destinychild,63866,苹果妹,瑶拉,图鉴资料 / 五星暗 / 苹果妹,avatars_wiki/destinychild_63866.png,https://cdnimg.gamekee.com/images/www/1608611453838_78834875.png,https://www.gamekee.com/destinychild/63866.html
destinychild,60198,哪吒,娜塔,图鉴资料 / 五星暗 / 哪吒,avatars_wiki/destinychild_60198.png,https://cdnimg.gamekee.com/images/www/1604634174381_17011258.png,https://www.gamekee.com/destinychild/60198.html
destinychild,58472,铁匠,赫帕托斯,图鉴资料 / 五星暗 / 铁匠,avatars_wiki/destinychild_58472.png,https://cdnimg.gamekee.com/images/www/1603276073824_28018473.png,https://www.gamekee.com/destinychild/58472.html
destinychild,50491,乳贴,包租婆,图鉴资料 / 五星暗 / 乳贴,avatars_wiki/destinychild_50491.png,https://cdnimg.gamekee.com/images/dckr/1597928979480_21865613.png,https://www.gamekee.com/destinychild/50491.html
destinychild,50501,赛车,赛车妹,图鉴资料 / 五星暗 / 赛车,avatars_wiki/destinychild_50501.png,https://cdnimg.gamekee.com/images/dckr/1598022314716_68767255.png,https://www.gamekee.com/destinychild/50501.html
destinychild,50502,兔女郎,兔女郎,图鉴资料 / 五星暗 / 兔女郎,avatars_wiki/destinychild_50502.png,https://cdnimg.gamekee.com/images/dckr/1598022295819_15652866.png,https://www.gamekee.com/destinychild/50502.html
destinychild,50500,天鹅,小天鹅,图鉴资料 / 五星暗 / 天鹅,avatars_wiki/destinychild_50500.png,https://cdnimg.gamekee.com/wiki2.0/images/w_128/h_128/1069/107851/2022/9/13/439704.png,https://www.gamekee.com/destinychild/50500.html
destinychild,50490,毒奶,暗毒奶,图鉴资料 / 五星暗 / 毒奶,avatars_wiki/destinychild_50490.png,https://cdnimg.gamekee.com/wiki2.0/images/w_128/h_128/1069/107851/2022/9/13/439704.png,https://www.gamekee.com/destinychild/50490.html
destinychild,50489,鲁邦,雷萍,图鉴资料 / 五星暗 / 鲁邦,avatars_wiki/destinychild_50489.png,https://cdnimg.gamekee.com/images/dckr/1597928615970_96215172.png,https://www.gamekee.com/destinychild/50489.html
destinychild,50498,帕拉斯,牛魔王,图鉴资料 / 五星暗 / 帕拉斯,avatars_wiki/destinychild_50498.png,https://cdnimg.gamekee.com/images/dckr/1597929796246_49772073.png,https://www.gamekee.com/destinychild/50498.html
destinychild,50499,阿罗汉,阿罗汉,图鉴资料 / 五星暗 / 阿罗汉,avatars_wiki/destinychild_50499.png,https://cdnimg.gamekee.com/images/dckr/1597929681312_50896673.png,https://www.gamekee.com/destinychild/50499.html
destinychild,50486,骷髅姐,骷髅姐,图鉴资料 / 五星暗 / 骷髅姐,avatars_wiki/destinychild_50486.png,https://cdnimg.gamekee.com/images/dckr/1597928009924_82542487.png,https://www.gamekee.com/destinychild/50486.html
destinychild,50488,提裙,提裙,图鉴资料 / 五星暗 / 提裙,avatars_wiki/destinychild_50488.png,https://cdnimg.gamekee.com/images/dckr/1597928469510_72428983.png,https://www.gamekee.com/destinychild/50488.html
destinychild,50487,呼啦圈,呼啦圈,图鉴资料 / 五星暗 / 呼啦圈,avatars_wiki/destinychild_50487.png,https://cdnimg.gamekee.com/images/dckr/1597928336113_34936800.png,https://www.gamekee.com/destinychild/50487.html
destinychild,50473,暗达菲,暗达菲,图鉴资料 / 五星暗 / 暗达菲,avatars_wiki/destinychild_50473.png,https://cdnimg.gamekee.com/images/dckr/1597925764730_65569055.png,https://www.gamekee.com/destinychild/50473.html
destinychild,50472,老太婆,老太婆,图鉴资料 / 五星暗 / 老太婆,avatars_wiki/destinychild_50472.png,https://cdnimg.gamekee.com/images/dckr/1597925614123_9194303.png,https://www.gamekee.com/destinychild/50472.html
destinychild,50474,母女丼,暗魔方,图鉴资料 / 五星暗 / 母女丼,avatars_wiki/destinychild_50474.png,https://cdnimg.gamekee.com/images/dckr/1597925920390_7237306.png,https://www.gamekee.com/destinychild/50474.html
destinychild,50475,枪萝,枪萝,图鉴资料 / 五星暗 / 枪萝,avatars_wiki/destinychild_50475.png,https://cdnimg.gamekee.com/images/dckr/1597926093246_90330631.png,https://www.gamekee.com/destinychild/50475.html
destinychild,50471,复活刀,复活刀,图鉴资料 / 五星暗 / 复活刀,avatars_wiki/destinychild_50471.png,https://cdnimg.gamekee.com/images/dckr/1597925375189_69991455.png,https://www.gamekee.com/destinychild/50471.html
destinychild,50469,玛斯,玛斯,图鉴资料 / 五星暗 / 玛斯,avatars_wiki/destinychild_50469.png,https://cdnimg.gamekee.com/images/dckr/1597924869559_78992273.png,https://www.gamekee.com/destinychild/50469.html
destinychild,50468,蛇萝,蛇萝,图鉴资料 / 五星暗 / 蛇萝,avatars_wiki/destinychild_50468.png,https://cdnimg.gamekee.com/images/dckr/1597924629447_93158445.png,https://www.gamekee.com/destinychild/50468.html
destinychild,50470,暗鸟,暗兔子,图鉴资料 / 五星暗 / 暗鸟,avatars_wiki/destinychild_50470.png,https://cdnimg.gamekee.com/images/dckr/1597925140077_61608228.png,https://www.gamekee.com/destinychild/50470.html
destinychild,50115,凯布里,凯不理,图鉴资料 / 五星暗 / 凯布里,avatars_wiki/destinychild_50115.png,https://cdnimg.gamekee.com/wiki2.0/images/1069/59348/2022/1/25/441178.png,https://www.gamekee.com/destinychild/50115.html
destinychild,50281,暗月月,暗月月,图鉴资料 / 五星暗 / 暗月月,avatars_wiki/destinychild_50281.png,https://cdnimg-v2.gamekee.com/wiki2.0/images/w_128/h_128/1069/107851/2022/9/14/48679.png,https://www.gamekee.com/destinychild/50281.html
destinychild,50467,独眼,独眼,图鉴资料 / 五星暗 / 独眼,avatars_wiki/destinychild_50467.png,https://cdnimg.gamekee.com/images/dckr/1597924200977_58371503.png,https://www.gamekee.com/destinychild/50467.html
destinychild,50114,琪修卡,光剑,图鉴资料 / 五星暗 / 琪修卡,avatars_wiki/destinychild_50114.png,https://cdnimg.gamekee.com/images/dckr/1597754549908_96204925.png,https://www.gamekee.com/destinychild/50114.html
destinychild,50092,老板娘,兰佩伊-氪金商店老板娘,图鉴资料 / 五星暗 / 老板娘,avatars_wiki/destinychild_50092.png,https://cdnimg-v2.gamekee.com/wiki2.0/images/w_174/h_174/1069/92835/2022/6/19/377881.png,https://www.gamekee.com/destinychild/50092.html
destinychild,50070,暗奶,暗奶,图鉴资料 / 五星暗 / 暗奶,avatars_wiki/destinychild_50070.png,https://cdnimg.gamekee.com/wiki2.0/images/w_128/h_128/1069/107851/2022/9/13/439704.png,https://www.gamekee.com/destinychild/50070.html
destinychild,50299,美杜莎,美杜莎,图鉴资料 / 五星暗 / 美杜莎,avatars_wiki/destinychild_50299.png,https://cdnimg.gamekee.com/images/dckr/1597826811248_9491099.png,https://www.gamekee.com/destinychild/50299.html
destinychild,50089,屁孩,弗雷,图鉴资料 / 五星暗 / 屁孩,avatars_wiki/destinychild_50089.png,https://cdnimg.gamekee.com/images/dckr/1597746408970_4860569.png,https://www.gamekee.com/destinychild/50089.html
destinychild,50014,人妻,伊丽莎白,图鉴资料 / 五星暗 / 人妻,avatars_wiki/destinychild_50014.png,https://cdnimg.gamekee.com/wiki2.0/images/w_128/h_128/1069/107851/2022/9/13/439704.png,https://www.gamekee.com/destinychild/50014.html
destinychild,50003,A.I,AI,图鉴资料 / 五星暗 / A.I,avatars_wiki/destinychild_50003.png,https://cdnimg.gamekee.com/images/dckr/1597734170121_26389773.png,https://www.gamekee.com/destinychild/50003.html
destinychild,50004,雷德,双枪,图鉴资料 / 五星暗 / 雷德,avatars_wiki/destinychild_50004.png,https://cdnimg.gamekee.com/images/dckr/1597734853825_73853021.png,https://www.gamekee.com/destinychild/50004.html
destinychild,49989,泡面,泡面,图鉴资料 / 五星暗 / 泡面,avatars_wiki/destinychild_49989.png,https://cdnimg.gamekee.com/images/dckr/1597733654118_76796053.png,https://www.gamekee.com/destinychild/49989.html
destinychild,586601,火蝴蝶,伊奥,图鉴资料 /   五星火   / 火蝴蝶,avatars_wiki/destinychild_586601.png,https://cdnimg.gamekee.com/wiki2.0/images/w_256/h_256/1069/107851/2023/2/23/660616.png,https://www.gamekee.com/destinychild/586601.html
destinychild,581882,小圆,萨尔玛吉斯,图鉴资料 /   五星火   / 小圆,avatars_wiki/destinychild_581882.png,https://cdnimg.gamekee.com/wiki2.0/images/w_256/h_256/1069/107851/2023/2/20/473871.png,https://www.gamekee.com/destinychild/581882.html
destinychild,589552,火花环,黛安娜,图鉴资料 /   五星火   / 火花环,avatars_wiki/destinychild_589552.png,https://cdnimg.gamekee.com/wiki2.0/images/w_256/h_256/1069/107851/2023/3/25/92749.png,https://www.gamekee.com/destinychild/589552.html
destinychild,579762,奈德,奈德,图鉴资料 /   五星火   / 奈德,avatars_wiki/destinychild_579762.png,https://cdnimg.gamekee.com/wiki2.0/images/w_250/h_250/1069/107851/2022/11/29/80827.png,https://www.gamekee.com/destinychild/579762.html
destinychild,168726,凤凰男,鲁弗斯,图鉴资料 /   五星火   / 凤凰男,avatars_wiki/destinychild_168726.png,https://cdnimg.gamekee.com/wiki2.0/images/w_256/h_256/1069/107851/2023/2/20/547133.png,https://www.gamekee.com/destinychild/168726.html
destinychild,159494,宝箱娘,萨梅尔,图鉴资料 /   五星火   / 宝箱娘,avatars_wiki/destinychild_159494.png,https://cdnimg.gamekee.com/wiki2.0/images/w_250/h_250/1069/107851/2022/5/16/335851.png,https://www.gamekee.com/destinychild/159494.html
destinychild,168725,索尔,索尔,图鉴资料 /   五星火   / 索尔,avatars_wiki/destinychild_168725.png,https://cdnimg.gamekee.com/wiki2.0/images/w_250/h_250/1069/57/2022/9/13/809980.png,https://www.gamekee.com/destinychild/168725.html
destinychild,166776,仙姑,何仙姑,图鉴资料 /   五星火   / 仙姑,avatars_wiki/destinychild_166776.png,https://cdnimg.gamekee.com/wiki2.0/images/w_250/h_250/1069/107851/2022/8/8/259024.png,https://www.gamekee.com/destinychild/166776.html
destinychild,96268,狐狸,狡猾的雷诺尔,图鉴资料 /   五星火   / 狐狸,avatars_wiki/destinychild_96268.png,https://cdnimg-v2.gamekee.com/wiki2.0/images/w_128/h_128/1069/107851/2022/9/14/917785.png,https://www.gamekee.com/destinychild/96268.html
destinychild,156760,jojo,阿尔米德,图鉴资料 /   五星火   / jojo,avatars_wiki/destinychild_156760.png,https://cdnimg.gamekee.com/wiki2.0/images/1069/107851/2022/4/25/452174.png,https://www.gamekee.com/destinychild/156760.html
destinychild,151155,粉毛,埃里西顿,图鉴资料 /   五星火   / 粉毛,avatars_wiki/destinychild_151155.png,https://cdnimg.gamekee.com/wiki2.0/images/1069/57/2022/1/25/409435.png,https://www.gamekee.com/destinychild/151155.html
destinychild,93902,假达比,缇克特,图鉴资料 /   五星火   / 假达比,avatars_wiki/destinychild_93902.png,https://cdnimg.gamekee.com/images/www/1638949232937_75062587.png,https://www.gamekee.com/destinychild/93902.html
destinychild,89802,红莲,红莲,图鉴资料 /   五星火   / 红莲,avatars_wiki/destinychild_89802.png,https://cdnimg.gamekee.com/images/www/1634110317420_58187186.png,https://www.gamekee.com/destinychild/89802.html
destinychild,87911,地狱犬,厄瑞巴斯,图鉴资料 /   五星火   / 地狱犬,avatars_wiki/destinychild_87911.png,https://cdnimg.gamekee.com/images/www/1631088745821_41352490.png,https://www.gamekee.com/destinychild/87911.html
destinychild,78333,老八,拉加拉扎,图鉴资料 /   五星火   / 老八,avatars_wiki/destinychild_78333.png,https://cdnimg.gamekee.com/images/www/1623829807659_20369949.png,https://www.gamekee.com/destinychild/78333.html
destinychild,73732,金刚狼,阿特米西亚,图鉴资料 /   五星火   / 金刚狼,avatars_wiki/destinychild_73732.png,https://cdnimg.gamekee.com/images/www/1617779257358_29852552.png,https://www.gamekee.com/destinychild/73732.html
destinychild,83946,烟鬼,克里斯尼克,图鉴资料 /   五星火   / 烟鬼,avatars_wiki/destinychild_83946.png,https://cdnimg.gamekee.com/images/www/1627458455680_59342945.png,https://www.gamekee.com/destinychild/83946.html
destinychild,71707,对眼,怀特,图鉴资料 /   五星火   / 对眼,avatars_wiki/destinychild_71707.png,https://cdnimg.gamekee.com/images/www/1615707850901_94975091.png,https://www.gamekee.com/destinychild/71707.html
destinychild,70435,火击剑,莫邦,图鉴资料 /   五星火   / 火击剑,avatars_wiki/destinychild_70435.png,https://cdnimg.gamekee.com/images/www/1614405302420_85739467.png,https://www.gamekee.com/destinychild/70435.html
destinychild,69382,火花篮,真实的梅蒂斯,图鉴资料 /   五星火   / 火花篮,avatars_wiki/destinychild_69382.png,https://cdnimg.gamekee.com/images/www/1613300753201_53627799.png,https://www.gamekee.com/destinychild/69382.html
destinychild,68065,火千叶,燃烧的千叶,图鉴资料 /   五星火   / 火千叶,avatars_wiki/destinychild_68065.png,https://cdnimg.gamekee.com/images/www/1611919741978_91837843.png,https://www.gamekee.com/destinychild/68065.html
destinychild,63862,蛇杖,杜凯斯,图鉴资料 /   五星火   / 蛇杖,avatars_wiki/destinychild_63862.png,https://cdnimg.gamekee.com/images/www/1608611409009_94014323.png,https://www.gamekee.com/destinychild/63862.html
destinychild,57180,雷芳,雷芳,图鉴资料 /   五星火   / 雷芳,avatars_wiki/destinychild_57180.png,https://cdnimg.gamekee.com/images/www/1601439017598_17030428.png,https://www.gamekee.com/destinychild/57180.html
destinychild,61210,圣剑,罗莎奥·德雷莎,图鉴资料 /   五星火   / 圣剑,avatars_wiki/destinychild_61210.png,https://cdnimg.gamekee.com/images/www/1606066312940_43026253.png,https://www.gamekee.com/destinychild/61210.html
destinychild,50567,花剑,猛烈的阿尔戈斯,图鉴资料 /   五星火   / 花剑,avatars_wiki/destinychild_50567.png,https://cdnimg.gamekee.com/images/dckr/1598164946072_55660931.png,https://www.gamekee.com/destinychild/50567.html
destinychild,50591,火相机,悲剧的卢萨卡,图鉴资料 /   五星火   / 火相机,avatars_wiki/destinychild_50591.png,https://cdnimg.gamekee.com/images/dckr/1598164596268_20049171.png,https://www.gamekee.com/destinychild/50591.html
destinychild,50573,吕布,黑夜卡拉拉特里,图鉴资料 /   五星火   / 吕布,avatars_wiki/destinychild_50573.png,https://cdnimg.gamekee.com/images/dckr/1598164805948_11512123.png,https://www.gamekee.com/destinychild/50573.html
destinychild,52620,黑皮奶,卡库斯,图鉴资料 /   五星火   / 黑皮奶,avatars_wiki/destinychild_52620.png,https://cdnimg.gamekee.com/images/www/1599126893237_44102408.png,https://www.gamekee.com/destinychild/52620.html
destinychild,50631,乐达,甜美的勒达,图鉴资料 /   五星火   / 乐达,avatars_wiki/destinychild_50631.png,https://cdnimg.gamekee.com/images/dckr/1598164435529_92892212.png,https://www.gamekee.com/destinychild/50631.html
destinychild,50856,千叶,千叶,图鉴资料 /   五星火   / 千叶,avatars_wiki/destinychild_50856.png,https://cdnimg.gamekee.com/images/dckr/1598164301821_31220048.png,https://www.gamekee.com/destinychild/50856.html
destinychild,50855,火槌奶,紫妈,图鉴资料 /   五星火   / 火槌奶,avatars_wiki/destinychild_50855.png,https://cdnimg.gamekee.com/images/dckr/1598164202070_65625856.png,https://www.gamekee.com/destinychild/50855.html
destinychild,50678,魔龙,魔龙,图鉴资料 /   五星火   / 魔龙,avatars_wiki/destinychild_50678.png,https://cdnimg.gamekee.com/images/dckr/1598163934120_98113736.png,https://www.gamekee.com/destinychild/50678.html
destinychild,50679,火凯,凯瑟琳,图鉴资料 /   五星火   / 火凯,avatars_wiki/destinychild_50679.png,https://cdnimg.gamekee.com/images/dckr/1598164075507_26306040.png,https://www.gamekee.com/destinychild/50679.html
destinychild,50676,剪刀妹,惠郎,图鉴资料 /   五星火   / 剪刀妹,avatars_wiki/destinychild_50676.png,https://cdnimg.gamekee.com/images/dckr/1598162934685_90842166.png,https://www.gamekee.com/destinychild/50676.html
destinychild,50675,魔女,魔女,图鉴资料 /   五星火   / 魔女,avatars_wiki/destinychild_50675.png,https://cdnimg.gamekee.com/images/dckr/1598162832757_27184151.png,https://www.gamekee.com/destinychild/50675.html
destinychild,50677,九尾,九尾,图鉴资料 /   五星火   / 九尾,avatars_wiki/destinychild_50677.png,https://cdnimg.gamekee.com/images/dckr/1598163812309_95386929.png,https://www.gamekee.com/destinychild/50677.html
destinychild,50672,沙狐,沙狐,图鉴资料 /   五星火   / 沙狐,avatars_wiki/destinychild_50672.png,https://cdnimg.gamekee.com/images/dckr/1598162351949_39967353.png,https://www.gamekee.com/destinychild/50672.html
destinychild,50673,甜甜圈,甜甜圈,图鉴资料 /   五星火   / 甜甜圈,avatars_wiki/destinychild_50673.png,https://cdnimg.gamekee.com/wiki2.0/images/w_128/h_128/1069/107851/2022/9/13/439704.png,https://www.gamekee.com/destinychild/50673.html
destinychild,50674,该隐,该隐,图鉴资料 /   五星火   / 该隐,avatars_wiki/destinychild_50674.png,https://cdnimg.gamekee.com/images/dckr/1598162692744_65441108.png,https://www.gamekee.com/destinychild/50674.html
destinychild,50671,火弓,火弓,图鉴资料 /   五星火   / 火弓,avatars_wiki/destinychild_50671.png,https://cdnimg-v2.gamekee.com/wiki2.0/images/w_174/h_174/1069/92835/2022/6/19/377881.png,https://www.gamekee.com/destinychild/50671.html
destinychild,50668,圣诞乐达,圣诞勒达,图鉴资料 /   五星火   / 圣诞乐达,avatars_wiki/destinychild_50668.png,https://cdnimg.gamekee.com/images/dckr/1598161317619_62946687.png,https://www.gamekee.com/destinychild/50668.html
destinychild,50669,火伞,火伞,图鉴资料 /   五星火   / 火伞,avatars_wiki/destinychild_50669.png,https://cdnimg.gamekee.com/images/dckr/1598161483063_26004304.png,https://www.gamekee.com/destinychild/50669.html
destinychild,50670,火教皇,火教皇,图鉴资料 /   五星火   / 火教皇,avatars_wiki/destinychild_50670.png,https://cdnimg.gamekee.com/images/dckr/1598161911080_55027263.png,https://www.gamekee.com/destinychild/50670.html
destinychild,50666,火伊芙,火伊芙,图鉴资料 /   五星火   / 火伊芙,avatars_wiki/destinychild_50666.png,https://cdnimg.gamekee.com/images/dckr/1598160858815_99589014.png,https://www.gamekee.com/destinychild/50666.html
destinychild,50667,穗香,穗乃果,图鉴资料 /   五星火   / 穗香,avatars_wiki/destinychild_50667.png,https://cdnimg.gamekee.com/images/dckr/1598161065926_4851235.png,https://www.gamekee.com/destinychild/50667.html
destinychild,50665,火镰刀,克乌卡,图鉴资料 /   五星火   / 火镰刀,avatars_wiki/destinychild_50665.png,https://cdnimg.gamekee.com/images/dckr/1598160653698_638032.png,https://www.gamekee.com/destinychild/50665.html
destinychild,50663,火达菲,火达比,图鉴资料 /   五星火   / 火达菲,avatars_wiki/destinychild_50663.png,https://cdnimg.gamekee.com/images/dckr/1598022010102_15756649.png,https://www.gamekee.com/destinychild/50663.html
destinychild,151537,南瓜妹,派对梅芙,图鉴资料 /   五星火   / 南瓜妹,avatars_wiki/destinychild_151537.png,https://cdnimg.gamekee.com/wiki2.0/images/1069/57/2022/2/4/315381.png,https://www.gamekee.com/destinychild/151537.html
destinychild,50662,火狗,火南瓜,图鉴资料 /   五星火   / 火狗,avatars_wiki/destinychild_50662.png,https://cdnimg.gamekee.com/images/dckr/1598021892339_93067188.png,https://www.gamekee.com/destinychild/50662.html
destinychild,50661,火莫娜,火莫娜,图鉴资料 /   五星火   / 火莫娜,avatars_wiki/destinychild_50661.png,https://cdnimg.gamekee.com/images/dckr/1598021668283_73336313.png,https://www.gamekee.com/destinychild/50661.html
destinychild,50660,火仓鼠,火仓鼠,图鉴资料 /   五星火   / 火仓鼠,avatars_wiki/destinychild_50660.png,https://cdnimg.gamekee.com/images/dckr/1598021115034_75898074.png,https://www.gamekee.com/destinychild/50660.html
destinychild,50658,火护士,火护士,图鉴资料 /   五星火   / 火护士,avatars_wiki/destinychild_50658.png,https://cdnimg.gamekee.com/images/dckr/1598020879352_29823149.png,https://www.gamekee.com/destinychild/50658.html
destinychild,50659,血石娘,血石娘,图鉴资料 /   五星火   / 血石娘,avatars_wiki/destinychild_50659.png,https://cdnimg.gamekee.com/images/dckr/1598020988218_56558050.png,https://www.gamekee.com/destinychild/50659.html
destinychild,50624,火兔子,火兔子,图鉴资料 /   五星火   / 火兔子,avatars_wiki/destinychild_50624.png,https://cdnimg.gamekee.com/images/dckr/1598020629872_35258628.png,https://www.gamekee.com/destinychild/50624.html
destinychild,50600,火管家,伯莱德,图鉴资料 /   五星火   / 火管家,avatars_wiki/destinychild_50600.png,https://cdnimg.gamekee.com/wiki2.0/images/w_128/h_128/1069/107851/2022/9/13/439704.png,https://www.gamekee.com/destinychild/50600.html
destinychild,50111,萨拉丁,阿三,图鉴资料 /   五星火   / 萨拉丁,avatars_wiki/destinychild_50111.png,https://cdnimg.gamekee.com/images/dckr/1598019393436_67156172.png,https://www.gamekee.com/destinychild/50111.html
destinychild,50118,摩根,摩根,图鉴资料 /   五星火   / 摩根,avatars_wiki/destinychild_50118.png,https://cdnimg.gamekee.com/images/dckr/1598019525242_46374877.png,https://www.gamekee.com/destinychild/50118.html
destinychild,50602,草莓,草莓,图鉴资料 /   五星火   / 草莓,avatars_wiki/destinychild_50602.png,https://cdnimg.gamekee.com/images/dckr/1598020393707_70780886.png,https://www.gamekee.com/destinychild/50602.html
destinychild,50055,泡泡枪,火双刃盾,图鉴资料 /   五星火   / 泡泡枪,avatars_wiki/destinychild_50055.png,https://cdnimg.gamekee.com/images/dckr/1598018923920_37444057.png,https://www.gamekee.com/destinychild/50055.html
destinychild,50007,火骷髅,骷髅,图鉴资料 /   五星火   / 火骷髅,avatars_wiki/destinychild_50007.png,https://cdnimg.gamekee.com/images/dckr/1598018513553_51127190.png,https://www.gamekee.com/destinychild/50007.html
destinychild,50017,火奶,火奶,图鉴资料 /   五星火   / 火奶,avatars_wiki/destinychild_50017.png,https://cdnimg.gamekee.com/images/dckr/1598018650716_52390600.png,https://www.gamekee.com/destinychild/50017.html
destinychild,50034,火呆毛,火呆,图鉴资料 /   五星火   / 火呆毛,avatars_wiki/destinychild_50034.jpg,https://cdnimg-v2.gamekee.com/wiki2.0/images/w_256/h_256/1069/81618/2023/2/21/346106.jpg,https://www.gamekee.com/destinychild/50034.html
destinychild,50107,火南瓜,南瓜妹,图鉴资料 /   五星火   / 火南瓜,avatars_wiki/destinychild_50107.png,https://cdnimg.gamekee.com/images/dckr/1598019180750_10805472.png,https://www.gamekee.com/destinychild/50107.html
destinychild,50005,提箱,提箱,图鉴资料 /   五星火   / 提箱,avatars_wiki/destinychild_50005.png,https://cdnimg.gamekee.com/images/dckr/1598018393206_31393590.png,https://www.gamekee.com/destinychild/50005.html
destinychild,49972,火背包,熊妹,图鉴资料 /   五星火   / 火背包,avatars_wiki/destinychild_49972.png,https://cdnimg.gamekee.com/images/dckr/1598018122844_10161106.png,https://www.gamekee.com/destinychild/49972.html
destinychild,586600,机娘,欧罗巴,图鉴资料 /   五星木   / 机娘,avatars_wiki/destinychild_586600.png,https://cdnimg.gamekee.com/wiki2.0/images/w_256/h_256/1069/107851/2023/2/23/747938.png,https://www.gamekee.com/destinychild/586600.html
destinychild,595171,绷带,莎伦娜,图鉴资料 /   五星木   / 绷带,avatars_wiki/destinychild_595171.png,https://cdnimg.gamekee.com/wiki2.0/images/w_256/h_256/1069/107851/2023/6/18/37460.png,https://www.gamekee.com/destinychild/595171.html
destinychild,577404,贪婪鬼,斯克鲁奇,图鉴资料 /   五星木   / 贪婪鬼,avatars_wiki/destinychild_577404.png,https://cdnimg.gamekee.com/wiki2.0/images/w_250/h_250/1069/107851/2022/11/1/74668.png,https://www.gamekee.com/destinychild/577404.html
destinychild,591179,木魔女,黑卡蒂,图鉴资料 /   五星木   / 木魔女,avatars_wiki/destinychild_591179.png,https://cdnimg.gamekee.com/wiki2.0/images/w_256/h_256/1069/107851/2023/4/24/717489.png,https://www.gamekee.com/destinychild/591179.html
destinychild,164723,木修女,梅加拉,图鉴资料 /   五星木   / 木修女,avatars_wiki/destinychild_164723.png,https://cdnimg.gamekee.com/wiki2.0/images/w_250/h_250/1069/107851/2022/7/11/707814.png,https://www.gamekee.com/destinychild/164723.html
destinychild,170966,妲努,妲努,图鉴资料 /   五星木   / 妲努,avatars_wiki/destinychild_170966.png,https://cdnimg.gamekee.com/wiki2.0/images/w_250/h_250/1069/107851/2022/10/3/515740.png,https://www.gamekee.com/destinychild/170966.html
destinychild,151153,木祭师,杰米娜,图鉴资料 /   五星木   / 木祭师,avatars_wiki/destinychild_151153.png,https://cdnimg.gamekee.com/wiki2.0/images/w_128/h_128/1069/107851/2022/9/13/439704.png,https://www.gamekee.com/destinychild/151153.html
destinychild,94872,格里拉,格里拉,图鉴资料 /   五星木   / 格里拉,avatars_wiki/destinychild_94872.png,https://cdnimg.gamekee.com/wiki2.0/images/w_128/h_128/1069/107851/2022/9/13/439704.png,https://www.gamekee.com/destinychild/94872.html
destinychild,162132,木猫猫,芙蕾雅,图鉴资料 /   五星木   / 木猫猫,avatars_wiki/destinychild_162132.png,"https://cdnimg.gamekee.com/wiki2.0/images/w_250/h_250/1069/107851/2022/6/14/608129.png?x-image-process=image/resize,m_lfit,h_300,w_300",https://www.gamekee.com/destinychild/162132.html
destinychild,94871,PPT,佩皮塔,图鉴资料 /   五星木   / PPT,avatars_wiki/destinychild_94871.png,https://cdnimg.gamekee.com/wiki2.0/images/w_128/h_128/1069/107851/2022/9/13/439704.png,https://www.gamekee.com/destinychild/94871.html
destinychild,159491,船长,艾莉西昂,图鉴资料 /   五星木   / 船长,avatars_wiki/destinychild_159491.png,https://cdnimg.gamekee.com/wiki2.0/images/w_250/h_250/1069/107851/2022/5/16/783202.png,https://www.gamekee.com/destinychild/159491.html
destinychild,159492,西瓜盾,珍妮,图鉴资料 /   五星木   / 西瓜盾,avatars_wiki/destinychild_159492.png,https://cdnimg.gamekee.com/wiki2.0/images/w_250/h_250/1069/107851/2022/5/16/96855.png,https://www.gamekee.com/destinychild/159492.html
destinychild,96267,拉妮,严肃的拉妮,图鉴资料 /   五星木   / 拉妮,avatars_wiki/destinychild_96267.png,https://cdnimg.gamekee.com/images/www/1641971677978_4864745.png,https://www.gamekee.com/destinychild/96267.html
destinychild,90678,萨拉修,萨拉苏,图鉴资料 /   五星木   / 萨拉修,avatars_wiki/destinychild_90678.png,https://cdnimg.gamekee.com/images/www/1635323206299_35756930.png,https://www.gamekee.com/destinychild/90678.html
destinychild,87910,木枪,哈尔莫尼亚,图鉴资料 /   五星木   / 木枪,avatars_wiki/destinychild_87910.png,https://cdnimg.gamekee.com/images/www/1631088612152_83807155.png,https://www.gamekee.com/destinychild/87910.html
destinychild,69381,木巧克力,内普提斯,图鉴资料 /   五星木   / 木巧克力,avatars_wiki/destinychild_69381.png,https://cdnimg.gamekee.com/images/www/1613300725609_37303372.png,https://www.gamekee.com/destinychild/69381.html
destinychild,72733,尤娜,班雅的尤娜,图鉴资料 /   五星木   / 尤娜,avatars_wiki/destinychild_72733.png,https://cdnimg.gamekee.com/images/www/1616570521519_99269232.png,https://www.gamekee.com/destinychild/72733.html
destinychild,83945,吸血鬼,斯特里戈伊,图鉴资料 /   五星木   / 吸血鬼,avatars_wiki/destinychild_83945.png,https://cdnimg.gamekee.com/images/www/1627458656793_44915630.png,https://www.gamekee.com/destinychild/83945.html
destinychild,89347,轮滑,格伦德尔,图鉴资料 /   五星木   / 轮滑,avatars_wiki/destinychild_89347.png,https://cdnimg.gamekee.com/images/www/1632902109794_90335309.png,https://www.gamekee.com/destinychild/89347.html
destinychild,74438,滑板,洛桑娜,图鉴资料 /   五星木   / 滑板,avatars_wiki/destinychild_74438.png,https://cdnimg.gamekee.com/images/www/1619237963925_10775101.png,https://www.gamekee.com/destinychild/74438.html
destinychild,62474,木莫娜,锦上添花·莫娜,图鉴资料 /   五星木   / 木莫娜,avatars_wiki/destinychild_62474.png,https://cdnimg.gamekee.com/images/www/1607172325149_99190220.png,https://www.gamekee.com/destinychild/62474.html
destinychild,61211,大队长,惩治的米莉安,图鉴资料 /   五星木   / 大队长,avatars_wiki/destinychild_61211.png,https://cdnimg.gamekee.com/images/www/1637738329697_43364975.png,https://www.gamekee.com/destinychild/61211.html
destinychild,66541,木金星,维纳斯-金星,图鉴资料 /   五星木   / 木金星,avatars_wiki/destinychild_66541.png,https://cdnimg.gamekee.com/images/www/1610755001958_40223464.png,https://www.gamekee.com/destinychild/66541.html
destinychild,58473,金币娘,卡内莎,图鉴资料 /   五星木   / 金币娘,avatars_wiki/destinychild_58473.png,https://cdnimg.gamekee.com/images/www/1603092067170_17413442.png,https://www.gamekee.com/destinychild/58473.html
destinychild,76465,脚臭猫,凯特西,图鉴资料 /   五星木   / 脚臭猫,avatars_wiki/destinychild_76465.png,https://cdnimg.gamekee.com/images/www/1621322253139_46218973.png,https://www.gamekee.com/destinychild/76465.html
destinychild,57178,绫音,绫音,图鉴资料 /   五星木   / 绫音,avatars_wiki/destinychild_57178.png,https://cdnimg.gamekee.com/images/www/1601438991017_63082737.png,https://www.gamekee.com/destinychild/57178.html
destinychild,54460,小女友,欧若拉,图鉴资料 /   五星木   / 小女友,avatars_wiki/destinychild_54460.png,https://cdnimg.gamekee.com/images/www/1600338528791_3882127.png,https://www.gamekee.com/destinychild/54460.html
destinychild,50599,罗宾,罗宾,图鉴资料 /   五星木   / 罗宾,avatars_wiki/destinychild_50599.png,https://cdnimg.gamekee.com/images/destinychild/1598497157162_46990262.png,https://www.gamekee.com/destinychild/50599.html
destinychild,51431,大木奶,大木奶,图鉴资料 /   五星木   / 大木奶,avatars_wiki/destinychild_51431.png,https://cdnimg.gamekee.com/images/destinychild/1598342360935_23648015.png,https://www.gamekee.com/destinychild/51431.html
destinychild,50608,木偶,使役魔赫拉,图鉴资料 /   五星木   / 木偶,avatars_wiki/destinychild_50608.png,https://cdnimg.gamekee.com/images/destinychild/1598505457336_28483973.png,https://www.gamekee.com/destinychild/50608.html
destinychild,50595,基佬,罗密欧,图鉴资料 /   五星木   / 基佬,avatars_wiki/destinychild_50595.png,https://cdnimg.gamekee.com/images/destinychild/1598265720712_19629685.png,https://www.gamekee.com/destinychild/50595.html
destinychild,50604,木吉他,木吉他,图鉴资料 /   五星木   / 木吉他,avatars_wiki/destinychild_50604.png,https://cdnimg.gamekee.com/images/destinychild/1598265808771_77628191.png,https://www.gamekee.com/destinychild/50604.html
destinychild,50626,白猫,白猫,图鉴资料 /   五星木   / 白猫,avatars_wiki/destinychild_50626.png,https://cdnimg.gamekee.com/images/destinychild/1598538281299_75033160.png,https://www.gamekee.com/destinychild/50626.html
destinychild,51423,木凯,K凯,图鉴资料 /   五星木   / 木凯,avatars_wiki/destinychild_51423.png,https://cdnimg.gamekee.com/images/destinychild/1598341509365_43145658.png,https://www.gamekee.com/destinychild/51423.html
destinychild,51430,咪咪,木人鱼,图鉴资料 /   五星木   / 咪咪,avatars_wiki/destinychild_51430.png,https://cdnimg.gamekee.com/images/destinychild/1598341972535_83904295.png,https://www.gamekee.com/destinychild/51430.html
destinychild,51433,黑猫,安妮,图鉴资料 /   五星木   / 黑猫,avatars_wiki/destinychild_51433.png,https://cdnimg.gamekee.com/wiki2.0/images/w_256/h_256/1069/107851/2023/2/24/813266.png,https://www.gamekee.com/destinychild/51433.html
destinychild,51417,木糖猫,木糖喵,图鉴资料 /   五星木   / 木糖猫,avatars_wiki/destinychild_51417.png,https://cdnimg.gamekee.com/images/destinychild/1598340853473_22699408.png,https://www.gamekee.com/destinychild/51417.html
destinychild,51403,相机,木相机,图鉴资料 /   五星木   / 相机,avatars_wiki/destinychild_51403.png,https://cdnimg.gamekee.com/images/destinychild/1598339761001_71645819.png,https://www.gamekee.com/destinychild/51403.html
destinychild,51413,藪貓,木猫,图鉴资料 /   五星木   / 藪貓,avatars_wiki/destinychild_51413.png,https://cdnimg.gamekee.com/images/destinychild/1598340682848_77941177.png,https://www.gamekee.com/destinychild/51413.html
destinychild,51459,路茵,毒奶刀,图鉴资料 /   五星木   / 路茵,avatars_wiki/destinychild_51459.png,https://cdnimg.gamekee.com/images/destinychild/1598361786524_88427984.png,https://www.gamekee.com/destinychild/51459.html
destinychild,50980,罗斯,罗斯,图鉴资料 /   五星木   / 罗斯,avatars_wiki/destinychild_50980.png,https://cdnimg.gamekee.com/images/destinychild/1598262833590_34244754.png,https://www.gamekee.com/destinychild/50980.html
destinychild,51398,木丽莎,木丽莎,图鉴资料 /   五星木   / 木丽莎,avatars_wiki/destinychild_51398.png,https://cdnimg.gamekee.com/images/destinychild/1598361944783_79558284.png,https://www.gamekee.com/destinychild/51398.html
destinychild,51419,羊妹,羊妹,图鉴资料 /   五星木   / 羊妹,avatars_wiki/destinychild_51419.png,https://cdnimg.gamekee.com/wiki2.0/images/w_128/h_128/1069/107851/2022/9/13/439704.png,https://www.gamekee.com/destinychild/51419.html
destinychild,51408,木双刃,木双刃,图鉴资料 /   五星木   / 木双刃,avatars_wiki/destinychild_51408.png,https://cdnimg.gamekee.com/images/destinychild/1598340371833_81239995.png,https://www.gamekee.com/destinychild/51408.html
destinychild,51406,木娥,木嫦娥,图鉴资料 /   五星木   / 木娥,avatars_wiki/destinychild_51406.png,https://cdnimg.gamekee.com/images/destinychild/1598340116106_93234921.png,https://www.gamekee.com/destinychild/51406.html
destinychild,50623,妮可,妮可,图鉴资料 /   五星木   / 妮可,avatars_wiki/destinychild_50623.png,https://cdnimg.gamekee.com/images/dckr/1598001574890_36113684.png,https://www.gamekee.com/destinychild/50623.html
destinychild,51429,木南瓜,木南瓜,图鉴资料 /   五星木   / 木南瓜,avatars_wiki/destinychild_51429.png,https://cdnimg.gamekee.com/images/destinychild/1598341734255_71689820.png,https://www.gamekee.com/destinychild/51429.html
destinychild,50590,木伞,伞妹,图鉴资料 /   五星木   / 木伞,avatars_wiki/destinychild_50590.png,https://cdnimg.gamekee.com/images/dckr/1597995459032_39861270.png,https://www.gamekee.com/destinychild/50590.html
destinychild,50596,嘉米,嘉米,图鉴资料 /   五星木   / 嘉米,avatars_wiki/destinychild_50596.png,https://cdnimg.gamekee.com/images/dckr/1597996201030_94616099.png,https://www.gamekee.com/destinychild/50596.html
destinychild,50584,莫娜,木莫娜,图鉴资料 /   五星木   / 莫娜,avatars_wiki/destinychild_50584.png,https://cdnimg.gamekee.com/images/dckr/1597992879778_35254118.png,https://www.gamekee.com/destinychild/50584.html
destinychild,50572,木毒奶,木毒奶,图鉴资料 /   五星木   / 木毒奶,avatars_wiki/destinychild_50572.png,https://cdnimg.gamekee.com/images/dckr/1597990698922_38931004.png,https://www.gamekee.com/destinychild/50572.html
destinychild,50116,木槌,木锤,图鉴资料 /   五星木   / 木槌,avatars_wiki/destinychild_50116.png,https://cdnimg.gamekee.com/images/dckr/1597755153633_73680536.png,https://www.gamekee.com/destinychild/50116.html
destinychild,50109,克兰普斯,旧圣诞,图鉴资料 /   五星木   / 克兰普斯,avatars_wiki/destinychild_50109.png,https://cdnimg.gamekee.com/images/dckr/1597752709776_32119423.png,https://www.gamekee.com/destinychild/50109.html
destinychild,50112,木炮,木炮,图鉴资料 /   五星木   / 木炮,avatars_wiki/destinychild_50112.png,https://cdnimg.gamekee.com/wiki2.0/images/w_256/h_256/1069/107851/2023/2/24/993264.png,https://www.gamekee.com/destinychild/50112.html
destinychild,50302,仓鼠,仓鼠,图鉴资料 /   五星木   / 仓鼠,avatars_wiki/destinychild_50302.png,https://cdnimg.gamekee.com/images/dckr/1597828261735_2794918.png,https://www.gamekee.com/destinychild/50302.html
destinychild,50088,木基佬,麦达斯,图鉴资料 /   五星木   / 木基佬,avatars_wiki/destinychild_50088.png,https://cdnimg.gamekee.com/images/dckr/1597746048040_29893955.png,https://www.gamekee.com/destinychild/50088.html
destinychild,50020,美国妹,美国盾,图鉴资料 /   五星木   / 美国妹,avatars_wiki/destinychild_50020.png,https://cdnimg.gamekee.com/images/dckr/1597738105097_83789421.png,https://www.gamekee.com/destinychild/50020.html
destinychild,50030,猪皇,猪皇,图鉴资料 /   五星木   / 猪皇,avatars_wiki/destinychild_50030.png,https://cdnimg.gamekee.com/images/dckr/1597740029935_97404591.png,https://www.gamekee.com/destinychild/50030.html
destinychild,50041,小木乃,木奶,图鉴资料 /   五星木   / 小木乃,avatars_wiki/destinychild_50041.png,https://cdnimg.gamekee.com/images/dckr/1597740933597_24587422.png,https://www.gamekee.com/destinychild/50041.html
destinychild,49966,琵琶,木琵琶,图鉴资料 /   五星木   / 琵琶,avatars_wiki/destinychild_49966.png,https://cdnimg.gamekee.com/wiki2.0/images/w_128/h_128/1069/107851/2022/9/13/439704.png,https://www.gamekee.com/destinychild/49966.html
destinychild,50071,木背包,背包妹,图鉴资料 /   五星木   / 木背包,avatars_wiki/destinychild_50071.png,https://cdnimg.gamekee.com/images/dckr/1597743836040_65823590.png,https://www.gamekee.com/destinychild/50071.html
destinychild,50029,高达,木高达,图鉴资料 /   五星木   / 高达,avatars_wiki/destinychild_50029.png,https://cdnimg.gamekee.com/images/dckr/1597739689400_69389426.png,https://www.gamekee.com/destinychild/50029.html
destinychild,589553,金钱猫,格琳达,图鉴资料 / 五星水 / 金钱猫,avatars_wiki/destinychild_589553.png,https://cdnimg.gamekee.com/wiki2.0/images/w_256/h_256/1069/107851/2023/3/25/168564.png,https://www.gamekee.com/destinychild/589553.html
destinychild,581883,薄荷,薄荷,图鉴资料 / 五星水 / 薄荷,avatars_wiki/destinychild_581883.png,https://cdnimg.gamekee.com/wiki2.0/images/w_250/h_250/1069/236746/2023/0/30/535311.png,https://www.gamekee.com/destinychild/581883.html
destinychild,595172,忍者龟,凯龙,图鉴资料 / 五星水 / 忍者龟,avatars_wiki/destinychild_595172.png,https://cdnimg.gamekee.com/wiki2.0/images/w_256/h_256/1069/107851/2023/6/18/840917.png,https://www.gamekee.com/destinychild/595172.html
destinychild,584505,水猫猫,芙蕾雅,图鉴资料 / 五星水 / 水猫猫,avatars_wiki/destinychild_584505.png,https://cdnimg-v2.gamekee.com/wiki2.0/images/w_256/h_256/1069/81618/2023/2/14/32988.png,https://www.gamekee.com/destinychild/584505.html
destinychild,577405,水AI,爱丽儿,图鉴资料 / 五星水 / 水AI,avatars_wiki/destinychild_577405.png,https://cdnimg.gamekee.com/wiki2.0/images/w_250/h_250/1069/107851/2022/11/1/327524.png,https://www.gamekee.com/destinychild/577405.html
destinychild,168728,青钢刀,毗卢法,图鉴资料 / 五星水 / 青钢刀,avatars_wiki/destinychild_168728.png,"https://cdnimg.gamekee.com/wiki2.0/images/w_250/h_250/1069/107851/2022/9/7/331422.png?x-image-process=image/resize,m_lfit,h_300,w_300",https://www.gamekee.com/destinychild/168728.html
destinychild,94870,水妮可,埃菲帕尼·妮可,图鉴资料 / 五星水 / 水妮可,avatars_wiki/destinychild_94870.png,https://cdnimg.gamekee.com/images/www/1640160245723_91146979.png,https://www.gamekee.com/destinychild/94870.html
destinychild,93903,水牛,达莉娅,图鉴资料 / 五星水 / 水牛,avatars_wiki/destinychild_93903.png,https://cdnimg.gamekee.com/wiki2.0/images/w_128/h_128/1069/107851/2022/9/13/439704.png,https://www.gamekee.com/destinychild/93903.html
destinychild,168727,拉姆,拉姆,图鉴资料 / 五星水 / 拉姆,avatars_wiki/destinychild_168727.png,"https://cdnimg.gamekee.com/wiki2.0/images/w_250/h_250/1069/107851/2022/9/7/659428.png?x-image-process=image/resize,m_lfit,h_300,w_300",https://www.gamekee.com/destinychild/168727.html
destinychild,155234,章鱼,卡纳洛亚,图鉴资料 / 五星水 / 章鱼,avatars_wiki/destinychild_155234.png,https://cdnimg.gamekee.com/wiki2.0/images/1069/107851/2022/3/27/615153.png,https://www.gamekee.com/destinychild/155234.html
destinychild,164724,梦神,修普诺斯,图鉴资料 / 五星水 / 梦神,avatars_wiki/destinychild_164724.png,"https://cdnimg.gamekee.com/wiki2.0/images/w_250/h_250/1069/107851/2022/7/11/489677.png?x-image-process=image/resize,m_lfit,h_300,w_300",https://www.gamekee.com/destinychild/164724.html
destinychild,152965,水忍,约定的雷纳德,图鉴资料 / 五星水 / 水忍,avatars_wiki/destinychild_152965.png,https://cdnimg.gamekee.com/wiki2.0/images/1069/57/2022/2/30/992518.png,https://www.gamekee.com/destinychild/152965.html
destinychild,90677,师妹,李施美,图鉴资料 / 五星水 / 师妹,avatars_wiki/destinychild_90677.png,https://cdnimg.gamekee.com/images/www/1635323087681_45203435.png,https://www.gamekee.com/destinychild/90677.html
destinychild,89803,蔷薇,叶子,图鉴资料 / 五星水 / 蔷薇,avatars_wiki/destinychild_89803.png,https://cdnimg.gamekee.com/images/www/1634110438211_66837944.png,https://www.gamekee.com/destinychild/89803.html
destinychild,71709,肥宅,特奥帕诺,图鉴资料 / 五星水 / 肥宅,avatars_wiki/destinychild_71709.png,https://cdnimg-v2.gamekee.com/wiki2.0/images/w_128/h_128/1069/107851/2022/9/14/48679.png,https://www.gamekee.com/destinychild/71709.html
destinychild,85356,水伞,图兰,图鉴资料 / 五星水 / 水伞,avatars_wiki/destinychild_85356.png,https://cdnimg.gamekee.com/images/www/1628666266724_23452383.png,https://www.gamekee.com/destinychild/85356.html
destinychild,78334,杜鹃,杜鹃花,图鉴资料 / 五星水 / 杜鹃,avatars_wiki/destinychild_78334.png,https://cdnimg.gamekee.com/images/www/1623829960318_35225455.png,https://www.gamekee.com/destinychild/78334.html
destinychild,63863,水罗汉,永生不灭的阿罗汉,图鉴资料 / 五星水 / 水罗汉,avatars_wiki/destinychild_63863.png,"https://cdnimg.gamekee.com/images/destinychild/1608611356930_32393107.png?x-image-process=image/resize,m_lfit,h_300,w_300",https://www.gamekee.com/destinychild/63863.html
destinychild,72734,水机车,盖洛普库巴巴,图鉴资料 / 五星水 / 水机车,avatars_wiki/destinychild_72734.png,https://cdnimg.gamekee.com/images/www/1616570743769_17714762.png,https://www.gamekee.com/destinychild/72734.html
destinychild,74437,独角兽,梅西耶,图鉴资料 / 五星水 / 独角兽,avatars_wiki/destinychild_74437.png,https://cdnimg.gamekee.com/wiki2.0/images/w_128/h_128/1069/107851/2023/4/22/852475.png,https://www.gamekee.com/destinychild/74437.html
destinychild,54458,水白切,弗洛凯尔,图鉴资料 / 五星水 / 水白切,avatars_wiki/destinychild_54458.png,https://cdnimg.gamekee.com/images/www/1600338574660_10901592.png,https://www.gamekee.com/destinychild/54458.html
destinychild,52621,卡卡,卡卡,图鉴资料 / 五星水 / 卡卡,avatars_wiki/destinychild_52621.png,https://cdnimg.gamekee.com/images/www/1599127032029_42750808.png,https://www.gamekee.com/destinychild/52621.html
destinychild,50562,鲸妈,悲痛的忒提斯,图鉴资料 / 五星水 / 鲸妈,avatars_wiki/destinychild_50562.png,https://cdnimg.gamekee.com/images/dckr/1597982188509_70128989.png,https://www.gamekee.com/destinychild/50562.html
destinychild,50566,水星,温暖的墨丘利,图鉴资料 / 五星水 / 水星,avatars_wiki/destinychild_50566.png,https://cdnimg.gamekee.com/images/dckr/1597988432254_94369753.png,https://www.gamekee.com/destinychild/50566.html
destinychild,66542,海王星,雪域 海王星,图鉴资料 / 五星水 / 海王星,avatars_wiki/destinychild_66542.png,https://cdnimg.gamekee.com/images/www/1610754946050_63908408.png,https://www.gamekee.com/destinychild/66542.html
destinychild,50583,手铐,哈菲,图鉴资料 / 五星水 / 手铐,avatars_wiki/destinychild_50583.png,https://cdnimg.gamekee.com/images/destinychild/1598538357084_62839037.png,https://www.gamekee.com/destinychild/50583.html
destinychild,50605,巧克力,可爱的艾乌洛丝,图鉴资料 / 五星水 / 巧克力,avatars_wiki/destinychild_50605.jpg,https://cdnimg.gamekee.com/images/destinychild/1598264295712_76878319.jpg,https://www.gamekee.com/destinychild/50605.html
destinychild,50571,水罗刹,灭责尼勒提,图鉴资料 / 五星水 / 水罗刹,avatars_wiki/destinychild_50571.png,https://cdnimg.gamekee.com/images/dckr/1597990383059_43160535.png,https://www.gamekee.com/destinychild/50571.html
destinychild,50622,牛仔,炼金术士姆杜塞拉,图鉴资料 / 五星水 / 牛仔,avatars_wiki/destinychild_50622.jpeg,https://cdnimg.gamekee.com/images/destinychild/1598263537331_75287743.jpeg,https://www.gamekee.com/destinychild/50622.html
destinychild,50880,虎牙,虎牙妹,图鉴资料 / 五星水 / 虎牙,avatars_wiki/destinychild_50880.png,https://cdnimg.gamekee.com/images/destinychild/1598445776533_28007752.png,https://www.gamekee.com/destinychild/50880.html
destinychild,50878,青钢影,青钢影,图鉴资料 / 五星水 / 青钢影,avatars_wiki/destinychild_50878.png,https://cdnimg.gamekee.com/wiki2.0/images/w_128/h_128/1069/107851/2022/9/13/439704.png,https://www.gamekee.com/destinychild/50878.html
destinychild,50629,水黑猫,黑猫,图鉴资料 / 五星水 / 水黑猫,avatars_wiki/destinychild_50629.png,https://cdnimg.gamekee.com/images/destinychild/1598265085058_1469753.png,https://www.gamekee.com/destinychild/50629.html
destinychild,50879,水狙,水狙,图鉴资料 / 五星水 / 水狙,avatars_wiki/destinychild_50879.png,https://cdnimg.gamekee.com/wiki2.0/images/w_128/h_128/1069/107851/2022/9/13/439704.png,https://www.gamekee.com/destinychild/50879.html
destinychild,50876,蛾子,提斯帕,图鉴资料 / 五星水 / 蛾子,avatars_wiki/destinychild_50876.png,https://cdnimg.gamekee.com/images/destinychild/1598363159081_64080778.png,https://www.gamekee.com/destinychild/50876.html
destinychild,50877,琳,琳,图鉴资料 / 五星水 / 琳,avatars_wiki/destinychild_50877.png,https://cdnimg.gamekee.com/images/destinychild/1598444314282_68177251.png,https://www.gamekee.com/destinychild/50877.html
destinychild,50875,菩萨,水菩萨,图鉴资料 / 五星水 / 菩萨,avatars_wiki/destinychild_50875.png,https://cdnimg.gamekee.com/images/destinychild/1598362847181_10833535.png,https://www.gamekee.com/destinychild/50875.html
destinychild,50872,马科托,马科托,图鉴资料 / 五星水 / 马科托,avatars_wiki/destinychild_50872.png,https://cdnimg.gamekee.com/images/destinychild/1598362299091_19955862.png,https://www.gamekee.com/destinychild/50872.html
destinychild,50871,伪娘,伪娘,图鉴资料 / 五星水 / 伪娘,avatars_wiki/destinychild_50871.png,https://cdnimg-v2.gamekee.com/wiki2.0/images/w_174/h_174/1069/92835/2022/6/19/377881.png,https://www.gamekee.com/destinychild/50871.html
destinychild,50874,比利,比利,图鉴资料 / 五星水 / 比利,avatars_wiki/destinychild_50874.jpg,https://cdnimg.gamekee.com/images/destinychild/1598362635873_69771697.jpg,https://www.gamekee.com/destinychild/50874.html
destinychild,50873,诺艾尔,水妮可,图鉴资料 / 五星水 / 诺艾尔,avatars_wiki/destinychild_50873.png,https://cdnimg.gamekee.com/images/destinychild/1598362444497_68707931.png,https://www.gamekee.com/destinychild/50873.html
destinychild,50870,莎乐美,优乐美,图鉴资料 / 五星水 / 莎乐美,avatars_wiki/destinychild_50870.png,https://cdnimg.gamekee.com/images/destinychild/1598360920610_32833472.png,https://www.gamekee.com/destinychild/50870.html
destinychild,50868,呱呱,贝丝,图鉴资料 / 五星水 / 呱呱,avatars_wiki/destinychild_50868.png,https://cdnimg.gamekee.com/images/destinychild/1598360444507_57499345.png,https://www.gamekee.com/destinychild/50868.html
destinychild,50869,浣熊,浣熊,图鉴资料 / 五星水 / 浣熊,avatars_wiki/destinychild_50869.png,https://cdnimg.gamekee.com/images/destinychild/1598360670387_21989399.png,https://www.gamekee.com/destinychild/50869.html
destinychild,50867,公主初音,初音未来,图鉴资料 / 五星水 / 公主初音,avatars_wiki/destinychild_50867.png,https://cdnimg.gamekee.com/images/destinychild/1598360145913_71995453.png,https://www.gamekee.com/destinychild/50867.html
destinychild,50865,水达菲,水达比,图鉴资料 / 五星水 / 水达菲,avatars_wiki/destinychild_50865.png,https://cdnimg.gamekee.com/wiki2.0/images/w_128/h_128/1069/107851/2022/9/13/439704.png,https://www.gamekee.com/destinychild/50865.html
destinychild,50866,霞,霞,图鉴资料 / 五星水 / 霞,avatars_wiki/destinychild_50866.png,https://cdnimg.gamekee.com/images/destinychild/1598359846464_95037366.png,https://www.gamekee.com/destinychild/50866.html
destinychild,50863,水丽莎,丽莎,图鉴资料 / 五星水 / 水丽莎,avatars_wiki/destinychild_50863.png,https://cdnimg.gamekee.com/images/destinychild/1598358712968_26870892.png,https://www.gamekee.com/destinychild/50863.html
destinychild,50862,雪初音,雪初音,图鉴资料 / 五星水 / 雪初音,avatars_wiki/destinychild_50862.png,https://cdnimg.gamekee.com/images/destinychild/1598358504322_36786410.png,https://www.gamekee.com/destinychild/50862.html
destinychild,50861,初音未来,初音未来,图鉴资料 / 五星水 / 初音未来,avatars_wiki/destinychild_50861.png,https://cdnimg.gamekee.com/images/destinychild/1598358191894_60794432.png,https://www.gamekee.com/destinychild/50861.html
destinychild,50864,水护士,水护士,图鉴资料 / 五星水 / 水护士,avatars_wiki/destinychild_50864.png,https://cdnimg.gamekee.com/images/destinychild/1598358829664_72943058.png,https://www.gamekee.com/destinychild/50864.html
destinychild,50598,海葵,牡丹,图鉴资料 / 五星水 / 海葵,avatars_wiki/destinychild_50598.png,https://cdnimg.gamekee.com/wiki2.0/images/w_128/h_128/1069/107851/2022/9/13/439704.png,https://www.gamekee.com/destinychild/50598.html
destinychild,50617,狗哥,伪君子 帕贝尔,图鉴资料 / 五星水 / 狗哥,avatars_wiki/destinychild_50617.png,https://cdnimg.gamekee.com/images/dckr/1598001126475_24379735.png,https://www.gamekee.com/destinychild/50617.html
destinychild,50606,水土星,土星,图鉴资料 / 五星水 / 水土星,avatars_wiki/destinychild_50606.png,https://cdnimg.gamekee.com/images/dckr/1598000788750_54937980.png,https://www.gamekee.com/destinychild/50606.html
destinychild,50117,春丽,紧身衣 春丽,图鉴资料 / 五星水 / 春丽,avatars_wiki/destinychild_50117.png,https://cdnimg.gamekee.com/images/dckr/1597755397172_44189586.png,https://www.gamekee.com/destinychild/50117.html
destinychild,50113,巴里,巴里,图鉴资料 / 五星水 / 巴里,avatars_wiki/destinychild_50113.png,https://cdnimg.gamekee.com/wiki2.0/images/w_128/h_128/1069/107851/2022/9/13/439704.png,https://www.gamekee.com/destinychild/50113.html
destinychild,50582,水皇冠,米粒,图鉴资料 / 五星水 / 水皇冠,avatars_wiki/destinychild_50582.png,https://cdnimg.gamekee.com/images/dckr/1598189318955_73085500.png,https://www.gamekee.com/destinychild/50582.html
destinychild,50593,排球,伊索尔,图鉴资料 / 五星水 / 排球,avatars_wiki/destinychild_50593.png,https://cdnimg.gamekee.com/images/dckr/1597995928452_53355750.png,https://www.gamekee.com/destinychild/50593.html
destinychild,50570,鲤鱼,鲤鱼,图鉴资料 / 五星水 / 鲤鱼,avatars_wiki/destinychild_50570.png,https://cdnimg.gamekee.com/images/dckr/1598188827006_20249148.png,https://www.gamekee.com/destinychild/50570.html
destinychild,50580,柳妹,柳妹,图鉴资料 / 五星水 / 柳妹,avatars_wiki/destinychild_50580.png,https://cdnimg.gamekee.com/images/dckr/1598189060262_47045208.png,https://www.gamekee.com/destinychild/50580.html
destinychild,50270,水胖次,水胖次,图鉴资料 / 五星水 / 水胖次,avatars_wiki/destinychild_50270.png,https://cdnimg.gamekee.com/images/dckr/1598186792673_25596663.png,https://www.gamekee.com/destinychild/50270.html
destinychild,50052,嫦娥,嫦娥,图鉴资料 / 五星水 / 嫦娥,avatars_wiki/destinychild_50052.png,https://cdnimg.gamekee.com/images/dckr/1598186430908_40784049.png,https://www.gamekee.com/destinychild/50052.html
destinychild,50273,水基佬,回忆中的圣诞老人,图鉴资料 / 五星水 / 水基佬,avatars_wiki/destinychild_50273.png,https://cdnimg.gamekee.com/images/dckr/1597821044019_41104191.png,https://www.gamekee.com/destinychild/50273.html
destinychild,50101,伊芙,水伊芙,图鉴资料 / 五星水 / 伊芙,avatars_wiki/destinychild_50101.png,https://cdnimg.gamekee.com/images/dckr/1598186652371_54993771.png,https://www.gamekee.com/destinychild/50101.html
destinychild,50051,人鱼,犹豫的露莎卡,图鉴资料 / 五星水 / 人鱼,avatars_wiki/destinychild_50051.png,https://cdnimg.gamekee.com/images/dckr/1598186268162_34025254.png,https://www.gamekee.com/destinychild/50051.html
destinychild,50033,水枪,水枪盾,图鉴资料 / 五星水 / 水枪,avatars_wiki/destinychild_50033.png,https://cdnimg.gamekee.com/images/dckr/1598186085228_69123759.png,https://www.gamekee.com/destinychild/50033.html
destinychild,50025,吴亦凡,冰盾,图鉴资料 / 五星水 / 吴亦凡,avatars_wiki/destinychild_50025.png,https://cdnimg.gamekee.com/images/dckr/1598185915442_83165307.png,https://www.gamekee.com/destinychild/50025.html
destinychild,63483,不公平的奥卡希奥,不公平的奥卡希奥,图鉴资料 / 四星光 / 不公平的奥卡希奥,avatars_wiki/destinychild_63483.png,https://cdnimg.gamekee.com/images/www/1607589205826_43055511.png,https://www.gamekee.com/destinychild/63483.html
destinychild,49996,小丑鱼,丑人鱼,图鉴资料 / 五星水 / 小丑鱼,avatars_wiki/destinychild_49996.png,https://cdnimg.gamekee.com/images/dckr/1598177858206_5919533.png,https://www.gamekee.com/destinychild/49996.html
destinychild,63522,审判哥莫拉,审判哥莫拉,图鉴资料 / 四星光 / 审判哥莫拉,avatars_wiki/destinychild_63522.png,https://cdnimg.gamekee.com/images/www/1607593921160_4151166.png,https://www.gamekee.com/destinychild/63522.html
destinychild,50008,沉默龙,沉默龙,图鉴资料 / 五星水 / 沉默龙,avatars_wiki/destinychild_50008.png,https://cdnimg.gamekee.com/images/dckr/1598185787188_88279516.png,https://www.gamekee.com/destinychild/50008.html
destinychild,63523,唱歌的巴斯特,唱歌的巴斯特,图鉴资料 / 四星光 / 唱歌的巴斯特,avatars_wiki/destinychild_63523.png,https://cdnimg.gamekee.com/images/www/1607594146824_55384953.png,https://www.gamekee.com/destinychild/63523.html
destinychild,49942,水老头,水老头,图鉴资料 / 五星水 / 水老头,avatars_wiki/destinychild_49942.png,https://cdnimg.gamekee.com/images/dckr/1598177570354_42891593.png,https://www.gamekee.com/destinychild/49942.html
destinychild,63524,漂流的倪博拉,漂流的倪博拉,图鉴资料 / 四星光 / 漂流的倪博拉,avatars_wiki/destinychild_63524.png,https://cdnimg.gamekee.com/images/www/1607594721480_84467724.png,https://www.gamekee.com/destinychild/63524.html
destinychild,63525,异界的默林,异界的默林,图鉴资料 / 四星光 / 异界的默林,avatars_wiki/destinychild_63525.png,https://cdnimg.gamekee.com/images/www/1607594928550_34505279.png,https://www.gamekee.com/destinychild/63525.html
destinychild,63616,决战的提塔尼亚,决战的提塔尼亚,图鉴资料 / 四星光 / 决战的提塔尼亚,avatars_wiki/destinychild_63616.png,https://cdnimg.gamekee.com/images/www/1607677298842_81120883.png,https://www.gamekee.com/destinychild/63616.html
destinychild,63618,剑客普利卡,剑客普利卡,图鉴资料 / 四星光 / 剑客普利卡,avatars_wiki/destinychild_63618.png,https://cdnimg.gamekee.com/images/www/1607677873593_67709404.png,https://www.gamekee.com/destinychild/63618.html
destinychild,63617,流浪的少女侦探,流浪的少女侦探,图鉴资料 / 四星光 / 流浪的少女侦探,avatars_wiki/destinychild_63617.png,https://cdnimg.gamekee.com/images/www/1607677476113_58856128.png,https://www.gamekee.com/destinychild/63617.html
destinychild,63635,开心欧若拉,开心欧若拉,图鉴资料 / 四星光 / 开心欧若拉,avatars_wiki/destinychild_63635.png,https://cdnimg.gamekee.com/images/www/1607679656690_23312024.png,https://www.gamekee.com/destinychild/63635.html
destinychild,63526,明镜的比特莱斯,明镜的比特莱斯,图鉴资料 / 四星光 / 明镜的比特莱斯,avatars_wiki/destinychild_63526.png,https://cdnimg.gamekee.com/images/www/1607595141953_32384845.png,https://www.gamekee.com/destinychild/63526.html
destinychild,63620,娴熟的卡尔克斯,娴熟的卡尔克斯,图鉴资料 / 四星光 / 娴熟的卡尔克斯,avatars_wiki/destinychild_63620.png,https://cdnimg.gamekee.com/images/www/1607678826848_74496420.png,https://www.gamekee.com/destinychild/63620.html
destinychild,63619,花园的波莫纳,花园的波莫纳,图鉴资料 / 四星光 / 花园的波莫纳,avatars_wiki/destinychild_63619.png,https://cdnimg.gamekee.com/images/www/1607678481924_52934872.png,https://www.gamekee.com/destinychild/63619.html
destinychild,63636,斗志赫尔克里士,斗志赫尔克里士,图鉴资料 / 四星光 / 斗志赫尔克里士,avatars_wiki/destinychild_63636.png,https://cdnimg.gamekee.com/images/www/1607679773585_82903879.png,https://www.gamekee.com/destinychild/63636.html
destinychild,63638,舒服的伊丝塔,舒服的伊丝塔,图鉴资料 / 四星光 / 舒服的伊丝塔,avatars_wiki/destinychild_63638.png,https://cdnimg.gamekee.com/images/www/1607681678047_30798250.png,https://www.gamekee.com/destinychild/63638.html
destinychild,63637,蛮干的赫尔莫德,蛮干的赫尔莫德,图鉴资料 / 四星光 / 蛮干的赫尔莫德,avatars_wiki/destinychild_63637.png,https://cdnimg.gamekee.com/images/www/1607680220515_31193853.png,https://www.gamekee.com/destinychild/63637.html
destinychild,63739,成功的勒达,成功的勒达,图鉴资料 / 四星光 / 成功的勒达,avatars_wiki/destinychild_63739.png,https://cdnimg.gamekee.com/images/www/1607935402646_75279040.png,https://www.gamekee.com/destinychild/63739.html
destinychild,63740,绽放的埃拉多,绽放的埃拉多,图鉴资料 / 四星光 / 绽放的埃拉多,avatars_wiki/destinychild_63740.png,https://cdnimg.gamekee.com/images/www/1607936689138_12460456.png,https://www.gamekee.com/destinychild/63740.html
destinychild,57121,莫里尤,莫里尤,图鉴资料 / 四星暗 / 莫里尤,avatars_wiki/destinychild_57121.png,https://cdnimg.gamekee.com/images/destinychild/1601276905358_77226972.png,https://www.gamekee.com/destinychild/57121.html
destinychild,51941,小丑,小丑,图鉴资料 / 四星暗 / 小丑,avatars_wiki/destinychild_51941.png,https://cdnimg.gamekee.com/images/destinychild/1598585309241_77808456.png,https://www.gamekee.com/destinychild/51941.html
destinychild,63484,黑暗古妮尔,黑暗古妮尔,图鉴资料 / 四星暗 / 黑暗古妮尔,avatars_wiki/destinychild_63484.png,https://cdnimg.gamekee.com/images/www/1607587600841_9838877.png,https://www.gamekee.com/destinychild/63484.html
destinychild,51794,吉他,吉他,图鉴资料 / 四星暗 / 吉他,avatars_wiki/destinychild_51794.png,https://cdnimg.gamekee.com/images/destinychild/1598510339554_2656649.png,https://www.gamekee.com/destinychild/51794.html
destinychild,63486,混沌的锡德拉,混沌的锡德拉,图鉴资料 / 四星暗 / 混沌的锡德拉,avatars_wiki/destinychild_63486.png,https://cdnimg.gamekee.com/images/www/1607591965049_93069494.png,https://www.gamekee.com/destinychild/63486.html
destinychild,63487,做梦的安努恩,做梦的安努恩,图鉴资料 / 四星暗 / 做梦的安努恩,avatars_wiki/destinychild_63487.png,https://cdnimg.gamekee.com/images/www/1607592102619_66129511.png,https://www.gamekee.com/destinychild/63487.html
destinychild,63488,敬爱的比艾塔斯,敬爱的比艾塔斯,图鉴资料 / 四星暗 / 敬爱的比艾塔斯,avatars_wiki/destinychild_63488.png,https://cdnimg.gamekee.com/images/www/1607592307848_25182282.png,https://www.gamekee.com/destinychild/63488.html
destinychild,63529,沉默的仄洛斯,沉默的仄洛斯,图鉴资料 / 四星暗 / 沉默的仄洛斯,avatars_wiki/destinychild_63529.png,https://cdnimg.gamekee.com/images/www/1607597165687_79470709.png,https://www.gamekee.com/destinychild/63529.html
destinychild,63621,做梦的阿提密斯,做梦的阿提密斯,图鉴资料 / 四星暗 / 做梦的阿提密斯,avatars_wiki/destinychild_63621.png,https://cdnimg.gamekee.com/images/www/1607677589774_22214636.png,https://www.gamekee.com/destinychild/63621.html
destinychild,63612,爱慕的涅班,爱慕的涅班,图鉴资料 / 四星暗 / 爱慕的涅班,avatars_wiki/destinychild_63612.png,https://cdnimg.gamekee.com/images/www/1607675991882_6378609.png,https://www.gamekee.com/destinychild/63612.html
destinychild,63485,夜之庆典提丰,夜之庆典提丰,图鉴资料 / 四星暗 / 夜之庆典提丰,avatars_wiki/destinychild_63485.png,https://cdnimg.gamekee.com/images/www/1607588698457_27922827.png,https://www.gamekee.com/destinychild/63485.html
destinychild,63613,小公主希栢利,小公主希栢利,图鉴资料 / 四星暗 / 小公主希栢利,avatars_wiki/destinychild_63613.png,https://cdnimg.gamekee.com/images/www/1607676120397_49569081.png,https://www.gamekee.com/destinychild/63613.html
destinychild,63622,黎明普洛塞庇娜,黎明普洛塞庇娜,图鉴资料 / 四星暗 / 黎明普洛塞庇娜,avatars_wiki/destinychild_63622.png,https://cdnimg.gamekee.com/images/www/1607679045339_21186145.png,https://www.gamekee.com/destinychild/63622.html
destinychild,51942,鲁道夫,鲁道夫,图鉴资料 / 四星火 / 鲁道夫,avatars_wiki/destinychild_51942.png,https://cdnimg.gamekee.com/images/destinychild/1598585763097_16498289.png,https://www.gamekee.com/destinychild/51942.html
destinychild,63738,古老的剥制,古老的剥制,图鉴资料 / 四星暗 / 古老的剥制,avatars_wiki/destinychild_63738.png,https://cdnimg.gamekee.com/images/www/1607936806331_96439465.png,https://www.gamekee.com/destinychild/63738.html
destinychild,63736,自以为是的艾迪沙,自以为是的艾迪沙,图鉴资料 / 四星暗 / 自以为是的艾迪沙,avatars_wiki/destinychild_63736.png,https://cdnimg.gamekee.com/images/www/1607935095478_26094064.png,https://www.gamekee.com/destinychild/63736.html
destinychild,63737,凌晨的断头台,凌晨的断头台,图鉴资料 / 四星暗 / 凌晨的断头台,avatars_wiki/destinychild_63737.png,https://cdnimg.gamekee.com/images/www/1607935295037_71186498.png,https://www.gamekee.com/destinychild/63737.html
destinychild,61572,艾尔托拉,艾尔托拉,图鉴资料 / 四星火 / 艾尔托拉,avatars_wiki/destinychild_61572.png,https://cdnimg.gamekee.com/images/www/1606097574871_3260666.png,https://www.gamekee.com/destinychild/61572.html
destinychild,61073,塔利亚,塔利亚,图鉴资料 / 四星火 / 塔利亚,avatars_wiki/destinychild_61073.png,https://cdnimg.gamekee.com/images/www/1605593863280_4222541.png,https://www.gamekee.com/destinychild/61073.html
destinychild,63479,赛车手达菲,赛车手达菲,图鉴资料 / 四星火 / 赛车手达菲,avatars_wiki/destinychild_63479.png,https://cdnimg.gamekee.com/images/www/1607587086817_26483886.png,https://www.gamekee.com/destinychild/63479.html
destinychild,63482,堕落的生物,堕落的生物,图鉴资料 / 四星火 / 堕落的生物,avatars_wiki/destinychild_63482.png,https://cdnimg.gamekee.com/images/www/1607589575960_4442817.png,https://www.gamekee.com/destinychild/63482.html
destinychild,63481,执着的弗林斯,执着的弗林斯,图鉴资料 / 四星火 / 执着的弗林斯,avatars_wiki/destinychild_63481.png,https://cdnimg.gamekee.com/images/www/1607587761078_85072031.png,https://www.gamekee.com/destinychild/63481.html
destinychild,63480,唱歌的艾克,唱歌的艾克,图鉴资料 / 四星火 / 唱歌的艾克,avatars_wiki/destinychild_63480.png,https://cdnimg.gamekee.com/images/www/1607587333473_10579578.png,https://www.gamekee.com/destinychild/63480.html
destinychild,63611,战场内德,战场内德,图鉴资料 / 四星火 / 战场内德,avatars_wiki/destinychild_63611.png,https://cdnimg.gamekee.com/images/www/1607675507394_39090178.png,https://www.gamekee.com/destinychild/63611.html
destinychild,63528,寂静仙女,寂静仙女,图鉴资料 / 四星火 / 寂静仙女,avatars_wiki/destinychild_63528.png,https://cdnimg.gamekee.com/images/www/1607594473619_7765329.png,https://www.gamekee.com/destinychild/63528.html
destinychild,63614,沉默九头蛇,沉默九头蛇,图鉴资料 / 四星火 / 沉默九头蛇,avatars_wiki/destinychild_63614.png,https://cdnimg.gamekee.com/images/www/1607676404483_26686343.png,https://www.gamekee.com/destinychild/63614.html
destinychild,63623,幻想达芙妮,幻想达芙妮,图鉴资料 / 四星火 / 幻想达芙妮,avatars_wiki/destinychild_63623.png,https://cdnimg.gamekee.com/images/www/1607678076078_89262624.png,https://www.gamekee.com/destinychild/63623.html
destinychild,63615,闪亮的优娜,闪亮的优娜,图鉴资料 / 四星火 / 闪亮的优娜,avatars_wiki/destinychild_63615.png,https://cdnimg.gamekee.com/images/www/1607676537877_27058885.png,https://www.gamekee.com/destinychild/63615.html
destinychild,63741,危险的普普普勒多娜,危险的普普普勒多娜,图鉴资料 / 四星火 / 危险的普普普勒多娜,avatars_wiki/destinychild_63741.png,https://cdnimg.gamekee.com/images/www/1607935671159_10091115.png,https://www.gamekee.com/destinychild/63741.html
destinychild,63742,士兵亥图勒,士兵亥图勒,图鉴资料 / 四星火 / 士兵亥图勒,avatars_wiki/destinychild_63742.png,https://cdnimg.gamekee.com/images/www/1607936066781_14977430.png,https://www.gamekee.com/destinychild/63742.html
destinychild,63641,内心的普利吉娅,内心的普利吉娅,图鉴资料 / 四星火 / 内心的普利吉娅,avatars_wiki/destinychild_63641.png,https://cdnimg.gamekee.com/images/www/1607680123546_20905926.png,https://www.gamekee.com/destinychild/63641.html
destinychild,63743,束缚球女士,束缚球女士,图鉴资料 / 四星火 / 束缚球女士,avatars_wiki/destinychild_63743.png,https://cdnimg.gamekee.com/images/www/1607936315086_10543614.png,https://www.gamekee.com/destinychild/63743.html
destinychild,63744,探索的芬里尔,探索的芬里尔,图鉴资料 / 四星火 / 探索的芬里尔,avatars_wiki/destinychild_63744.png,https://cdnimg.gamekee.com/images/www/1607936472010_65105640.png,https://www.gamekee.com/destinychild/63744.html
destinychild,63472,阿卡莫伦,阿卡莫伦,图鉴资料 / 四星木 / 阿卡莫伦,avatars_wiki/destinychild_63472.png,https://cdnimg.gamekee.com/images/www/1607584403788_79737824.png,https://www.gamekee.com/destinychild/63472.html
destinychild,63416,特里斯丹,特里斯丹,图鉴资料 / 四星木 / 特里斯丹,avatars_wiki/destinychild_63416.png,https://cdnimg.gamekee.com/images/www/1607505189701_58901807.png,https://www.gamekee.com/destinychild/63416.html
destinychild,63476,安可,安可,图鉴资料 / 四星木 / 安可,avatars_wiki/destinychild_63476.png,https://cdnimg.gamekee.com/images/www/1607585835228_57560026.png,https://www.gamekee.com/destinychild/63476.html
destinychild,63411,塞勒涅,塞勒涅,图鉴资料 / 四星木 / 塞勒涅,avatars_wiki/destinychild_63411.png,https://cdnimg.gamekee.com/images/www/1607503946285_71917317.png,https://www.gamekee.com/destinychild/63411.html
destinychild,63123,可拉,可拉,图鉴资料 / 四星木 / 可拉,avatars_wiki/destinychild_63123.png,https://cdnimg.gamekee.com/images/www/1607418099375_39822435.png,https://www.gamekee.com/destinychild/63123.html
destinychild,63491,帽子戏法,帽子戏法,图鉴资料 / 四星木 / 帽子戏法,avatars_wiki/destinychild_63491.png,https://cdnimg.gamekee.com/images/www/1607588688953_81015701.png,https://www.gamekee.com/destinychild/63491.html
destinychild,63410,奥德修斯,奥德修斯,图鉴资料 / 四星木 / 奥德修斯,avatars_wiki/destinychild_63410.png,https://cdnimg.gamekee.com/images/www/1607502908474_99119003.png,https://www.gamekee.com/destinychild/63410.html
destinychild,63408,欧罗巴,欧罗巴,图鉴资料 / 四星木 / 欧罗巴,avatars_wiki/destinychild_63408.png,https://cdnimg.gamekee.com/images/www/1607501034064_65315398.png,https://www.gamekee.com/destinychild/63408.html
destinychild,62808,阿穆尔,阿穆尔,图鉴资料 / 四星木 / 阿穆尔,avatars_wiki/destinychild_62808.png,https://cdnimg.gamekee.com/images/www/1607344095546_37124903.png,https://www.gamekee.com/destinychild/62808.html
destinychild,57118,安博露西亚,厨娘,图鉴资料 / 四星木 / 安博露西亚,avatars_wiki/destinychild_57118.png,https://cdnimg.gamekee.com/images/destinychild/1601276320198_23896563.png,https://www.gamekee.com/destinychild/57118.html
destinychild,63127,提西波涅,提西波涅,图鉴资料 / 四星木 / 提西波涅,avatars_wiki/destinychild_63127.png,https://cdnimg.gamekee.com/images/www/1607419571469_40952526.png,https://www.gamekee.com/destinychild/63127.html
destinychild,61046,芙劳拉,芙劳拉,图鉴资料 / 四星木 / 芙劳拉,avatars_wiki/destinychild_61046.png,https://cdnimg.gamekee.com/images/www/1605580378636_21832669.png,https://www.gamekee.com/destinychild/61046.html
destinychild,63527,寂静红鼻子,寂静红鼻子,图鉴资料 / 四星木 / 寂静红鼻子,avatars_wiki/destinychild_63527.png,https://cdnimg.gamekee.com/images/www/1607594304653_34378503.png,https://www.gamekee.com/destinychild/63527.html
destinychild,62783,多特,多特,图鉴资料 / 四星水 / 多特,avatars_wiki/destinychild_62783.png,https://cdnimg.gamekee.com/images/www/1607332341053_27644893.png,https://www.gamekee.com/destinychild/62783.html
destinychild,63640,夜晚的缪斯,夜晚的缪斯,图鉴资料 / 四星木 / 夜晚的缪斯,avatars_wiki/destinychild_63640.png,https://cdnimg.gamekee.com/images/www/1607680041954_74677306.png,https://www.gamekee.com/destinychild/63640.html
destinychild,62790,玛雅维尔,玛雅维尔,图鉴资料 / 四星水 / 玛雅维尔,avatars_wiki/destinychild_62790.png,https://cdnimg.gamekee.com/images/www/1607335226516_65865868.png,https://www.gamekee.com/destinychild/62790.html
destinychild,61377,达奴,达奴,图鉴资料 / 四星水 / 达奴,avatars_wiki/destinychild_61377.png,https://cdnimg.gamekee.com/images/www/1605776802193_62315770.png,https://www.gamekee.com/destinychild/61377.html
destinychild,62777,伊西丝,伊西丝,图鉴资料 / 四星水 / 伊西丝,avatars_wiki/destinychild_62777.png,https://cdnimg.gamekee.com/images/www/1607329383050_10309751.png,https://www.gamekee.com/destinychild/62777.html
destinychild,61230,莎拉,莎拉,图鉴资料 / 四星水 / 莎拉,avatars_wiki/destinychild_61230.png,https://cdnimg.gamekee.com/images/www/1605691579961_12268856.png,https://www.gamekee.com/destinychild/61230.html
destinychild,61195,艾丽希恩,艾丽希恩,图鉴资料 / 四星水 / 艾丽希恩,avatars_wiki/destinychild_61195.png,https://cdnimg.gamekee.com/images/www/1605680700353_64955779.png,https://www.gamekee.com/destinychild/61195.html
destinychild,63639,战狂阿尔格斯,战狂阿尔格斯,图鉴资料 / 四星水 / 战狂阿尔格斯,avatars_wiki/destinychild_63639.png,https://cdnimg.gamekee.com/images/www/1607679925944_28591568.png,https://www.gamekee.com/destinychild/63639.html
destinychild,61027,苏内特,苏内特,图鉴资料 / 四星水 / 苏内特,avatars_wiki/destinychild_61027.png,https://cdnimg.gamekee.com/images/www/1605521241671_81062616.png,https://www.gamekee.com/destinychild/61027.html
destinychild,63745,梦境万圣节,梦境万圣节,图鉴资料 / 四星水 / 梦境万圣节,avatars_wiki/destinychild_63745.png,https://cdnimg.gamekee.com/images/www/1607936973978_12457761.png,https://www.gamekee.com/destinychild/63745.html
destinychild,61201,赫柏,赫柏,图鉴资料 / 四星水 / 赫柏,avatars_wiki/destinychild_61201.png,https://cdnimg.gamekee.com/images/www/1605682272854_54041374.png,https://www.gamekee.com/destinychild/61201.html
destinychild,61019,奇里诺斯,奇里诺斯,图鉴资料 / 四星水 / 奇里诺斯,avatars_wiki/destinychild_61019.png,https://cdnimg.gamekee.com/images/www/1605518114267_54715441.png,https://www.gamekee.com/destinychild/61019.html
destinychild,82436,提柯,提柯,图鉴资料 / 有价值的三星 / 提柯,avatars_wiki/destinychild_82436.png,https://cdnimg.gamekee.com/images/www/1625667242602_84046314.png,https://www.gamekee.com/destinychild/82436.html
destinychild,52738,魔龙,魔龙,图鉴资料 / 有价值的三星 / 魔龙,avatars_wiki/destinychild_52738.png,https://cdnimg.gamekee.com/images/destinychild/1598508759157_86107273.png,https://www.gamekee.com/destinychild/52738.html
destinychild,82438,復仇的火女,復仇的火女,图鉴资料 / 有价值的三星 / 復仇的火女,avatars_wiki/destinychild_82438.png,https://cdnimg.gamekee.com/images/www/1625668007478_68609423.png,https://www.gamekee.com/destinychild/82438.html
destinychild,51773,达菲,达菲,图鉴资料 / 有价值的三星 / 达菲,avatars_wiki/destinychild_51773.png,https://cdnimg.gamekee.com/images/destinychild/1598501299873_13527757.png,https://www.gamekee.com/destinychild/51773.html
destinychild,61222,由衣,由衣,图鉴资料 / 四星水 / 由衣,avatars_wiki/destinychild_61222.png,https://cdnimg.gamekee.com/images/www/1605689809767_23781152.png,https://www.gamekee.com/destinychild/61222.html
destinychild,82435,安瓿,安瓿,图鉴资料 / 有价值的三星 / 安瓿,avatars_wiki/destinychild_82435.png,https://cdnimg.gamekee.com/images/www/1625666274865_87648504.png,https://www.gamekee.com/destinychild/82435.html
destinychild,51793,扫把,雅佳,图鉴资料 / 四星水 / 扫把,avatars_wiki/destinychild_51793.png,https://cdnimg.gamekee.com/images/destinychild/1598510021622_44956954.png,https://www.gamekee.com/destinychild/51793.html
destinychild,82439,芙蕾雅,芙蕾雅,图鉴资料 / 有价值的三星 / 芙蕾雅,avatars_wiki/destinychild_82439.png,https://cdnimg.gamekee.com/images/www/1625668646414_17682283.png,https://www.gamekee.com/destinychild/82439.html
destinychild,82442,赫兹,赫兹,图鉴资料 / 有价值的三星 / 赫兹,avatars_wiki/destinychild_82442.png,https://cdnimg.gamekee.com/images/www/1625669690079_1329109.png,https://www.gamekee.com/destinychild/82442.html
destinychild,82350,莫娜,莫娜,图鉴资料 / 有价值的三星 / 莫娜,avatars_wiki/destinychild_82350.png,https://cdnimg.gamekee.com/images/www/1625562355374_53065853.png,https://www.gamekee.com/destinychild/82350.html
destinychild,82352,传达者,传达者,图鉴资料 / 有价值的三星 / 传达者,avatars_wiki/destinychild_82352.png,https://cdnimg.gamekee.com/images/www/1625564786438_45987916.png,https://www.gamekee.com/destinychild/82352.html
destinychild,82441,毛球,毛球,图鉴资料 / 有价值的三星 / 毛球,avatars_wiki/destinychild_82441.png,https://cdnimg.gamekee.com/images/www/1625669201712_83262531.png,https://www.gamekee.com/destinychild/82441.html
destinychild,82355,雅娜,雅娜,图鉴资料 / 有价值的三星 / 雅娜,avatars_wiki/destinychild_82355.png,https://cdnimg.gamekee.com/images/www/1625565723864_24676022.png,https://www.gamekee.com/destinychild/82355.html
destinychild,154823,丽萨,丽莎,图鉴资料 / 有价值的三星 / 丽萨,avatars_wiki/destinychild_154823.png,https://cdnimg.gamekee.com/wiki2.0/images/1069/107851/2022/3/21/822034.png,https://www.gamekee.com/destinychild/154823.html
destinychild,82353,布莱梅,布莱梅,图鉴资料 / 有价值的三星 / 布莱梅,avatars_wiki/destinychild_82353.png,https://cdnimg.gamekee.com/images/www/1625565361701_5462967.png,https://www.gamekee.com/destinychild/82353.html
destinychild,154832,卡索莉,卡索莉,图鉴资料 / 有价值的三星 / 卡索莉,avatars_wiki/destinychild_154832.png,https://cdnimg.gamekee.com/wiki2.0/images/1069/107851/2022/3/21/781534.png,https://www.gamekee.com/destinychild/154832.html
destinychild,154831,黑卡蒂,黑卡蒂,图鉴资料 / 有价值的三星 / 黑卡蒂,avatars_wiki/destinychild_154831.png,https://cdnimg.gamekee.com/wiki2.0/images/1069/107851/2022/3/21/19446.png,https://www.gamekee.com/destinychild/154831.html
destinychild,51792,木基佬,木基佬,图鉴资料 / 有价值的三星 / 木基佬,avatars_wiki/destinychild_51792.png,https://cdnimg-v2.gamekee.com/images/destinychild/1598509409626_85204922.png,https://www.gamekee.com/destinychild/51792.html
destinychild,82351,漆黑的注视者,漆黑的注视者,图鉴资料 / 有价值的三星 / 漆黑的注视者,avatars_wiki/destinychild_82351.png,https://cdnimg.gamekee.com/images/www/1625564158244_77177788.png,https://www.gamekee.com/destinychild/82351.html
