frame,renderedFrame,stopwatchTicks,intervalSeconds,tick,simulationSeconds,paused,casting,areaCasts
1334,1334,523606279,0,0,0,True,False,0
1335,1335,523651985,0.0045706,0,0,True,False,0
1336,1336,523760489,0.0108504,0,0,True,False,0
1337,1337,523804924,0.0044435,0,0,True,False,0
1338,1338,523931294,0.012637,0,0,True,False,0
1339,1339,523976784,0.004549,0,0,True,False,0
1340,1340,524075936,0.0099152,0,0,True,False,0
1341,1341,524204212,0.0128276,0,0,True,False,0
1342,1342,524268448,0.0064236,0,0,True,False,0
1343,1343,524335032,0.0066584,0,0,True,False,0
1344,1344,524401864,0.0066832,0,0,True,False,0
1345,1345,524616535,0.0214671,0,0,True,False,0
1346,1346,524669996,0.0053461,0,0,True,False,0
1347,1347,524716285,0.0046289,0,0,True,False,0
1348,1348,524838370,0.0122085,0,0,True,False,0
1349,1349,524891983,0.0053613,0,0,True,False,0
1350,1350,524976602,0.0084619,0,0,True,False,0
1351,1351,525054022,0.007742,0,0,True,False,0
1352,1352,525133542,0.007952,0,0,True,False,0
1353,1353,525232826,0.0099284,0,0,True,False,0
1354,1354,525308275,0.0075449,0,0,True,False,0
1355,1355,525385820,0.0077545,0,0,True,False,0
1356,1356,525468192,0.0082372,0,0,True,False,0
1357,1357,525573232,0.010504,0,0,True,False,0
1358,1358,525620396,0.0047164,0,0,True,False,0
1359,1359,525721587,0.0101191,0,0,True,False,0
1360,1360,525796366,0.0074779,0,0,True,False,0
1361,1361,525902723,0.0106357,0,0,True,False,0
1362,1362,525975263,0.007254,0,0,True,False,0
1363,1363,526051789,0.0076526,0,0,True,False,0
1364,1364,526158700,0.0106911,0,0,True,False,0
1365,1365,526210664,0.0051964,0,0,True,False,0
1366,1366,526309892,0.0099228,0,0,True,False,0
1367,1367,526391154,0.0081262,0,0,True,False,0
1368,1368,526467039,0.0075885,0,0,True,False,0
1369,1369,526550530,0.0083491,0,0,True,False,0
1370,1370,526635858,0.0085328,0,0,True,False,0
1371,1371,526721891,0.0086033,0,0,True,False,0
1372,1372,526804848,0.0082957,0,0,True,False,0
1373,1373,526885619,0.0080771,0,0,True,False,0
1374,1374,526972132,0.0086513,0,0,True,False,0
1375,1375,527048075,0.0075943,0,0,True,False,0
1376,1376,527154433,0.0106358,0,0,True,False,0
1377,1377,527227148,0.0072715,0,0,True,False,0
1378,1378,527308201,0.0081053,0,0,True,False,0
1379,1379,527380227,0.0072026,0,0,True,False,0
1380,1380,527465919,0.0085692,0,0,True,False,0
1381,1381,527569348,0.0103429,0,0,True,False,0
1382,1382,527616996,0.0047648,0,0,True,False,0
1383,1383,527713803,0.0096807,0,0,True,False,0
1384,1384,527795573,0.008177,0,0,True,False,0
1385,1385,527904591,0.0109018,0,0,True,False,0
1386,1386,527960624,0.0056033,0,0,True,False,0
1387,1387,528081520,0.0120896,0,0,True,False,0
1388,1388,528130128,0.0048608,0,0,True,False,0
1389,1389,528244670,0.0114542,0,0,True,False,0
1390,1390,528289652,0.0044982,0,0,True,False,0
1391,1391,528399650,0.0109998,0,0,True,False,0
1392,1392,528475739,0.0076089,0,0,True,False,0
1393,1393,528561278,0.0085539,0,0,True,False,0
1394,1394,528641301,0.0080023,0,0,True,False,0
1395,1395,528724124,0.0082823,0,0,True,False,0
1396,1396,528796250,0.0072126,0,0,True,False,0
1397,1397,528878983,0.0082733,0,0,True,False,0
1398,1398,528982338,0.0103355,0,0,True,False,0
1399,1399,529058023,0.0075685,0,0,True,False,0
1400,1400,529128924,0.0070901,0,0,True,False,0
1401,1401,529232938,0.0104014,0,0,True,False,0
1402,1402,529307152,0.0074214,0,0,True,False,0
1403,1403,529386153,0.0079001,0,0,True,False,0
1404,1404,529471485,0.0085332,0,0,True,False,0
1405,1405,529548877,0.0077392,0,0,True,False,0
1406,1406,529631455,0.0082578,0,0,True,False,0
1407,1407,529733589,0.0102134,0,0,True,False,0
1408,1408,529788234,0.0054645,0,0,True,False,0
1409,1409,529891388,0.0103154,0,0,True,False,0
1410,1410,529976442,0.0085054,0,0,True,False,0
1411,1411,530053437,0.0076995,0,0,True,False,0
1412,1412,530131428,0.0077991,0,0,True,False,0
1413,1413,530238870,0.0107442,0,0,True,False,0
1414,1414,530292230,0.005336,0,0,True,False,0
1415,1415,530398706,0.0106476,0,0,True,False,0
1416,1416,530476074,0.0077368,0,0,True,False,0
1417,1417,530551876,0.0075802,0,0,True,False,0
1418,1418,530629382,0.0077506,0,0,True,False,0
1419,1419,530733248,0.0103866,0,0,True,False,0
1420,1420,530807030,0.0073782,0,0,True,False,0
1421,1421,530881956,0.0074926,0,0,True,False,0
1422,1422,530987042,0.0105086,0,0,True,False,0
1423,1423,531062763,0.0075721,0,0,True,False,0
1424,1424,531144632,0.0081869,0,0,True,False,0
1425,1425,531217706,0.0073074,0,0,True,False,0
1426,1426,531302570,0.0084864,0,0,True,False,0
1427,1427,531411704,0.0109134,0,0,True,False,0
1428,1428,531465347,0.0053643,0,0,True,False,0
1429,1429,531571954,0.0106607,0,0,True,False,0
1430,1430,531623453,0.0051499,0,0,True,False,0
1431,1431,531732541,0.0109088,0,0,True,False,0
1432,1432,531809752,0.0077211,0,0,True,False,0
1433,1433,531883728,0.0073976,0,0,True,False,0
1434,1434,531962106,0.0078378,0,0,True,False,0
1435,1435,532074787,0.0112681,0,0,True,False,0
1436,1436,532122900,0.0048113,0,0,True,False,0
1437,1437,532227042,0.0104142,0,0,True,False,0
1438,1438,532303281,0.0076239,0,0,True,False,0
1439,1439,532418158,0.0114877,0,0,True,False,0
1440,1440,532471970,0.0053812,0,0,True,False,0
1441,1441,532557966,0.0085996,0,0,True,False,0
1442,1442,532631480,0.0073514,0,0,True,False,0
1443,1443,532720213,0.0088733,0,0,True,False,0
1444,1444,532821108,0.0100895,0,0,True,False,0
1445,1445,532871242,0.0050134,0,0,True,False,0
1446,1446,532973427,0.0102185,0,0,True,False,0
1447,1447,533052893,0.0079466,0,0,True,False,0
1448,1448,533162297,0.0109404,0,0,True,False,0
1449,1449,533213195,0.0050898,0,0,True,False,0
1450,1450,533327085,0.011389,0,0,True,False,0
1451,1451,533374086,0.0047001,0,0,True,False,0
1452,1452,533492861,0.0118775,0,0,True,False,0
1453,1453,533540285,0.0047424,0,0,True,False,0
1454,1454,533647699,0.0107414,0,0,True,False,0
1455,1455,533720270,0.0072571,0,0,True,False,0
1456,1456,533800906,0.0080636,0,0,True,False,0
1457,1457,533908020,0.0107114,0,0,True,False,0
1458,1458,533964595,0.0056575,0,0,True,False,0
1459,1459,534071915,0.010732,0,0,True,False,0
1460,1460,534129986,0.0058071,0,0,True,False,0
1461,1461,534240188,0.0110202,0,0,True,False,0
1462,1462,534294539,0.0054351,0,0,True,False,0
1463,1463,534401215,0.0106676,0,0,True,False,0
1464,1464,534483017,0.0081802,0,0,True,False,0
1465,1465,534562029,0.0079012,0,0,True,False,0
1466,1466,534637618,0.0075589,0,0,True,False,0
1467,1467,534715951,0.0078333,0,0,True,False,0
1468,1468,534795601,0.007965,0,0,True,False,0
1469,1469,534901311,0.010571,0,0,True,False,0
1470,1470,534974996,0.0073685,0,0,True,False,0
1471,1471,535052227,0.0077231,0,0,True,False,0
1472,1472,535129429,0.0077202,0,0,True,False,0
1473,1473,535235622,0.0106193,0,0,True,False,0
1474,1474,535312400,0.0076778,0,0,True,False,0
1475,1475,535387418,0.0075018,0,0,True,False,0
1476,1476,535463389,0.0075971,0,0,True,False,0
1477,1477,535576208,0.0112819,0,0,True,False,0
1478,1478,535625125,0.0048917,0,0,True,False,0
1479,1479,535725661,0.0100536,0,0,True,False,0
1480,1480,535801384,0.0075723,0,0,True,False,0
1481,1481,535906412,0.0105028,0,0,True,False,0
1482,1482,535955068,0.0048656,0,0,True,False,0
1483,1483,536055561,0.0100493,0,0,True,False,0
1484,1484,536136638,0.0081077,0,0,True,False,0
1485,1485,536214270,0.0077632,0,0,True,False,0
1486,1486,536307687,0.0093417,0,0,True,False,0
1487,1487,536394364,0.0086677,0,0,True,False,0
1488,1488,536472880,0.0078516,0,0,True,False,0
1489,1489,536561734,0.0088854,0,0,True,False,0
1490,1490,536637782,0.0076048,0,0,True,False,0
1491,1491,536717728,0.0079946,0,0,True,False,0
1492,1492,536794965,0.0077237,0,0,True,False,0
1493,1493,536879677,0.0084712,0,0,True,False,0
1494,1494,536991697,0.011202,0,0,True,False,0
1495,1495,537044509,0.0052812,0,0,True,False,0
1496,1496,537129219,0.008471,0,0,True,False,0
1497,1497,537216650,0.0087431,0,0,True,False,0
1498,1498,537302729,0.0086079,0,0,True,False,0
1499,1499,537391448,0.0088719,0,0,True,False,0
1500,1500,537471407,0.0079959,0,0,True,False,0
1501,1501,537557802,0.0086395,0,0,True,False,0
1502,1502,537650995,0.0093193,0,0,True,False,0
1503,1503,537729067,0.0078072,0,0,True,False,0
1504,1504,537813943,0.0084876,0,0,True,False,0
1505,1505,537895488,0.0081545,0,0,True,False,0
1506,1506,537979430,0.0083942,0,0,True,False,0
1507,1507,538057473,0.0078043,0,0,True,False,0
1508,1508,538141480,0.0084007,0,0,True,False,0
1509,1509,538220088,0.0078608,0,0,True,False,0
1510,1510,538316028,0.009594,0,0,True,False,0
1511,1511,538366897,0.0050869,0,0,True,False,0
1512,1512,538481969,0.0115072,0,0,True,False,0
1513,1513,538565312,0.0083343,0,0,True,False,0
1514,1514,538628494,0.0063182,0,0,True,False,0
1515,1515,538749737,0.0121243,0,0,True,False,0
1516,1516,538802779,0.0053042,0,0,True,False,0
1517,1517,538886347,0.0083568,0,0,True,False,0
1518,1518,538964751,0.0078404,0,0,True,False,0
1519,1519,539080012,0.0115261,0,0,True,False,0
1520,1520,539126318,0.0046306,0,0,True,False,0
1521,1521,539245338,0.011902,0,0,True,False,0
1522,1522,539293680,0.0048342,0,0,True,False,0
1523,1523,539379154,0.0085474,0,0,True,False,0
1524,1524,539495032,0.0115878,0,0,True,False,0
1525,1525,539554519,0.0059487,0,0,True,False,0
1526,1526,539635279,0.008076,0,0,True,False,0
1527,1527,539717151,0.0081872,0,0,True,False,0
1528,1528,539802567,0.0085416,0,0,True,False,0
1529,1529,539882158,0.0079591,0,0,True,False,0
1530,1530,539999494,0.0117336,0,0,True,False,0
1531,1531,540047133,0.0047639,0,0,True,False,0
1532,1532,540128771,0.0081638,0,0,True,False,0
1533,1533,540217644,0.0088873,0,0,True,False,0
1534,1534,540304677,0.0087033,0,0,True,False,0
1535,1535,540395189,0.0090512,0,0,True,False,0
1536,1536,540477239,0.008205,0,0,True,False,0
1537,1537,540559895,0.0082656,0,0,True,False,0
1538,1538,540641627,0.0081732,0,0,True,False,0
1539,1539,540718588,0.0076961,0,0,True,False,0
1540,1540,540806129,0.0087541,0,0,True,False,0
1541,1541,540896221,0.0090092,0,0,True,False,0
1542,1542,540977667,0.0081446,0,0,True,False,0
1543,1543,541064212,0.0086545,0,0,True,False,0
1544,1544,541149474,0.0085262,0,0,True,False,0
1545,1545,541233283,0.0083809,0,0,True,False,0
1546,1546,541307868,0.0074585,0,0,True,False,0
1547,1547,541392911,0.0085043,0,0,True,False,0
1548,1548,541468562,0.0075651,0,0,True,False,0
1549,1549,541554710,0.0086148,0,0,True,False,0
1550,1550,541656405,0.0101695,0,0,True,False,0
1551,1551,541714781,0.0058376,0,0,True,False,0
1552,1552,541826848,0.0112067,0,0,True,False,0
1553,1553,541875996,0.0049148,0,0,True,False,0
1554,1554,541991637,0.0115641,0,0,True,False,0
1555,1555,542039370,0.0047733,0,0,True,False,0
1556,1556,542157258,0.0117888,0,0,True,False,0
1557,1557,542214094,0.0056836,0,0,True,False,0
1558,1558,542300943,0.0086849,0,0,True,False,0
1559,1559,542382960,0.0082017,0,0,True,False,0
1560,1560,542467337,0.0084377,0,0,True,False,0
1561,1561,542548508,0.0081171,0,0,True,False,0
1562,1562,542634446,0.0085938,0,0,True,False,0
1563,1563,542740154,0.0105708,0,0,True,False,0
1564,1564,542796069,0.0055915,0,0,True,False,0
1565,1565,542902554,0.0106485,0,0,True,False,0
1566,1566,542967688,0.0065134,0,0,True,False,0
1567,1567,543043371,0.0075683,0,0,True,False,0
1568,1568,543130880,0.0087509,0,0,True,False,0
1569,1569,543243022,0.0112142,0,0,True,False,0
1570,1570,543294324,0.0051302,0,0,True,False,0
1571,1571,543413499,0.0119175,0,0,True,False,0
1572,1572,543472110,0.0058611,0,0,True,False,0
1573,1573,543562055,0.0089945,0,0,False,False,0
1574,1574,543634642,0.0072587,1,0.066666670143604279,False,False,0
1575,1575,543744107,0.0109465,1,0.066666670143604279,False,False,0
1576,1576,543788870,0.0044763,1,0.066666670143604279,False,False,0
1577,1577,543889690,0.010082,1,0.066666670143604279,False,False,0
1578,1578,543982544,0.0092854,2,0.13333334028720856,False,False,0
1579,1579,544057414,0.007487,2,0.13333334028720856,False,False,0
1580,1580,544125243,0.0067829,2,0.13333334028720856,False,False,0
1581,1581,544224502,0.0099259,2,0.13333334028720856,False,False,0
1582,1582,544325538,0.0101036,3,0.20000001043081284,False,False,0
1583,1583,544371763,0.0046225,3,0.20000001043081284,False,False,0
1584,1584,544464082,0.0092319,3,0.20000001043081284,False,False,0
1585,1585,544561663,0.0097581,3,0.20000001043081284,False,False,0
1586,1586,544629147,0.0067484,3,0.20000001043081284,False,False,0
1587,1587,544725671,0.0096524,4,0.26666668057441711,False,False,0
1588,1588,544797442,0.0071771,4,0.26666668057441711,False,False,0
1589,1589,544876697,0.0079255,4,0.26666668057441711,False,False,0
1590,1590,544982109,0.0105412,5,0.33333335071802139,False,False,0
1591,1591,545032127,0.0050018,5,0.33333335071802139,False,False,0
1592,1592,545147084,0.0114957,5,0.33333335071802139,False,False,0
1593,1593,545215265,0.0068181,5,0.33333335071802139,False,False,0
1594,1594,545295196,0.0079931,5,0.33333335071802139,False,False,0
1595,1595,545392097,0.0096901,6,0.40000002086162567,False,False,0
1596,1596,545466960,0.0074863,6,0.40000002086162567,False,False,0
1597,1597,545568106,0.0101146,6,0.40000002086162567,False,False,0
1598,1598,545637073,0.0068967,7,0.46666669100522995,False,False,0
1599,1599,545729505,0.0092432,7,0.46666669100522995,False,False,0
1600,1600,545796651,0.0067146,7,0.46666669100522995,False,False,0
1601,1601,545888985,0.0092334,7,0.46666669100522995,False,False,0
1602,1602,545979558,0.0090573,8,0.53333336114883423,False,False,0
1603,1603,546048744,0.0069186,8,0.53333336114883423,False,False,0
1604,1604,546137869,0.0089125,8,0.53333336114883423,False,False,0
1605,1605,546215602,0.0077733,8,0.53333336114883423,False,False,0
1606,1606,546313918,0.0098316,9,0.60000003129243851,False,False,0
1607,1607,546387038,0.007312,9,0.60000003129243851,False,False,0
1608,1608,546482319,0.0095281,9,0.60000003129243851,False,False,0
1609,1609,546551834,0.0069515,9,0.60000003129243851,False,False,0
1610,1610,546649606,0.0097772,10,0.66666670143604279,False,False,0
1611,1611,546720683,0.0071077,10,0.66666670143604279,False,False,0
1612,1612,546819102,0.0098419,10,0.66666670143604279,False,False,0
1613,1613,546886470,0.0067368,10,0.66666670143604279,False,False,0
1614,1614,546987420,0.010095,11,0.73333337157964706,False,False,0
1615,1615,547061079,0.0073659,11,0.73333337157964706,False,False,0
1616,1616,547128975,0.0067896,11,0.73333337157964706,False,False,0
1617,1617,547223014,0.0094039,11,0.73333337157964706,False,False,0
1618,1618,547298876,0.0075862,11,0.73333337157964706,False,False,0
1619,1619,547377898,0.0079022,12,0.80000004172325134,False,False,0
1620,1620,547476047,0.0098149,12,0.80000004172325134,False,False,0
1621,1621,547548593,0.0072546,12,0.80000004172325134,False,False,0
1622,1622,547644855,0.0096262,13,0.86666671186685562,False,False,0
1623,1623,547711639,0.0066784,13,0.86666671186685562,False,False,0
1624,1624,547810796,0.0099157,13,0.86666671186685562,False,False,0
1625,1625,547878819,0.0068023,13,0.86666671186685562,False,False,0
1626,1626,547979797,0.0100978,14,0.9333333820104599,False,False,0
1627,1627,548057397,0.00776,14,0.9333333820104599,False,False,0
1628,1628,548130325,0.0072928,14,0.9333333820104599,False,False,0
1629,1629,548227204,0.0096879,14,0.9333333820104599,False,False,0
1630,1630,548304626,0.0077422,15,1.0000000521540642,False,False,0
1631,1631,548404228,0.0099602,15,1.0000000521540642,False,False,0
1632,1632,548470587,0.0066359,15,1.0000000521540642,False,False,0
1633,1633,548545341,0.0074754,15,1.0000000521540642,False,False,0
1634,1634,548651090,0.0105749,16,1.0666667222976685,False,False,0
1635,1635,548724579,0.0073489,16,1.0666667222976685,False,False,0
1636,1636,548812647,0.0088068,16,1.0666667222976685,False,False,0
1637,1637,548893424,0.0080777,16,1.0666667222976685,False,False,0
1638,1638,548972320,0.0078896,17,1.1333333924412727,False,False,0
1639,1639,549048894,0.0076574,17,1.1333333924412727,False,False,0
1640,1640,549140429,0.0091535,17,1.1333333924412727,False,False,0
1641,1641,549213084,0.0072655,17,1.1333333924412727,False,False,0
1642,1642,549308101,0.0095017,18,1.200000062584877,False,False,0
1643,1643,549383544,0.0075443,18,1.200000062584877,False,False,0
1644,1644,549481258,0.0097714,18,1.200000062584877,False,False,0
1645,1645,549554495,0.0073237,18,1.200000062584877,False,False,0
1646,1646,549629357,0.0074862,18,1.200000062584877,False,False,0
1647,1647,549728829,0.0099472,19,1.2666667327284813,False,False,0
1648,1648,549794616,0.0065787,19,1.2666667327284813,False,False,0
1649,1649,549886566,0.009195,19,1.2666667327284813,False,False,0
1650,1650,549986073,0.0099507,20,1.3333334028720856,False,False,0
1651,1651,550051732,0.0065659,20,1.3333334028720856,False,False,0
1652,1652,550150609,0.0098877,20,1.3333334028720856,False,False,0
1653,1653,550219276,0.0068667,20,1.3333334028720856,False,False,0
1654,1654,550318928,0.0099652,21,1.4000000730156898,False,False,0
1655,1655,550382764,0.0063836,21,1.4000000730156898,False,False,0
1656,1656,550482061,0.0099297,21,1.4000000730156898,False,False,0
1657,1657,550546660,0.0064599,21,1.4000000730156898,False,False,0
1658,1658,550644933,0.0098273,22,1.4666667431592941,False,False,0
1659,1659,550731508,0.0086575,22,1.4666667431592941,False,False,0
1660,1660,550802100,0.0070592,22,1.4666667431592941,False,False,0
1661,1661,550891465,0.0089365,22,1.4666667431592941,False,False,0
1662,1662,550961115,0.006965,22,1.4666667431592941,False,False,0
1663,1663,551049030,0.0087915,23,1.5333334133028984,False,False,0
1664,1664,551146700,0.009767,23,1.5333334133028984,False,False,0
1665,1665,551209524,0.0062824,23,1.5333334133028984,False,False,0
1666,1666,551291218,0.0081694,23,1.5333334133028984,False,False,0
1667,1667,551394369,0.0103151,24,1.6000000834465027,False,False,0
1668,1668,551464528,0.0070159,24,1.6000000834465027,False,False,0
1669,1669,551562239,0.0097711,24,1.6000000834465027,False,False,0
1670,1670,551629546,0.0067307,24,1.6000000834465027,False,False,0
1671,1671,551720550,0.0091004,25,1.666666753590107,False,False,0
1672,1672,551814115,0.0093565,25,1.666666753590107,False,False,0
1673,1673,551887704,0.0073589,25,1.666666753590107,False,False,0
1674,1674,551980201,0.0092497,26,1.7333334237337112,False,False,0
1675,1675,552053606,0.0073405,26,1.7333334237337112,False,False,0
1676,1676,552142371,0.0088765,26,1.7333334237337112,False,False,0
1677,1677,552217683,0.0075312,26,1.7333334237337112,False,False,0
1678,1678,552316124,0.0098441,27,1.8000000938773155,False,False,0
1679,1679,552392876,0.0076752,27,1.8000000938773155,False,False,0
1680,1680,552484010,0.0091134,27,1.8000000938773155,False,False,0
1681,1681,552549912,0.0065902,27,1.8000000938773155,False,False,0
1682,1682,552643395,0.0093483,28,1.8666667640209198,False,False,0
1683,1683,552711858,0.0068463,28,1.8666667640209198,False,False,0
1684,1684,552809698,0.009784,28,1.8666667640209198,False,False,0
1685,1685,552884585,0.0074887,28,1.8666667640209198,False,False,0
1686,1686,552984529,0.0099944,29,1.9333334341645241,False,False,0
1687,1687,553050013,0.0065484,29,1.9333334341645241,False,False,0
1688,1688,553128244,0.0078231,29,1.9333334341645241,False,False,0
1689,1689,553216528,0.0088284,29,1.9333334341645241,False,False,0
1690,1690,553290993,0.0074465,29,1.9333334341645241,False,False,0
1691,1691,553382596,0.0091603,30,2.0000001043081284,False,False,0
1692,1692,553469703,0.0087107,30,2.0000001043081284,False,False,0
1693,1693,553567708,0.0098005,30,2.0000001043081284,False,False,0
1694,1694,553647421,0.0079713,31,2.0666667744517326,False,False,0
1695,1695,553710703,0.0063282,31,2.0666667744517326,False,False,0
1696,1696,553812173,0.010147,31,2.0666667744517326,False,False,0
1697,1697,553913023,0.010085,31,2.0666667744517326,False,False,0
1698,1698,553954083,0.004106,31,2.0666667744517326,False,False,0
1699,1699,554052926,0.0098843,32,2.1333334445953369,False,False,0
1700,1700,554147452,0.0094526,32,2.1333334445953369,False,False,0
1701,1701,554240933,0.0093481,32,2.1333334445953369,False,False,0
1702,1702,554284509,0.0043576,32,2.1333334445953369,False,False,0
1703,1703,554386816,0.0102307,33,2.2000001147389412,False,False,0
1704,1704,554460523,0.0073707,33,2.2000001147389412,False,False,0
1705,1705,554562481,0.0101958,33,2.2000001147389412,False,False,0
1706,1706,554629725,0.0067244,33,2.2000001147389412,False,False,0
1707,1707,554729733,0.0100008,34,2.2666667848825455,False,False,0
1708,1708,554798374,0.0068641,34,2.2666667848825455,False,False,0
1709,1709,554885339,0.0086965,34,2.2666667848825455,False,False,0
1710,1710,554986157,0.0100818,35,2.3333334550261497,False,False,0
1711,1711,555031743,0.0045586,35,2.3333334550261497,False,False,0
1712,1712,555129889,0.0098146,35,2.3333334550261497,False,False,0
1713,1713,555220277,0.0090388,35,2.3333334550261497,False,False,0
1714,1714,555313596,0.0093319,36,2.400000125169754,False,False,0
1715,1715,555375215,0.0061619,36,2.400000125169754,False,False,0
1716,1716,555475674,0.0100459,36,2.400000125169754,False,False,0
1717,1717,555544051,0.0068377,36,2.400000125169754,False,False,0
1718,1718,555649314,0.0105263,37,2.4666667953133583,False,False,0
1719,1719,555717312,0.0067998,37,2.4666667953133583,False,False,0
1720,1720,555810264,0.0092952,37,2.4666667953133583,False,False,0
1721,1721,555879036,0.0068772,37,2.4666667953133583,False,False,0
1722,1722,555972705,0.0093669,38,2.5333334654569626,False,False,0
1723,1723,556043972,0.0071267,38,2.5333334654569626,False,False,0
1724,1724,556134927,0.0090955,38,2.5333334654569626,False,False,0
1725,1725,556226721,0.0091794,38,2.5333334654569626,False,False,0
1726,1726,556297445,0.0070724,38,2.5333334654569626,False,False,0
1727,1727,556402897,0.0105452,39,2.6000001356005669,False,False,0
1728,1728,556469058,0.0066161,39,2.6000001356005669,False,False,0
1729,1729,556544542,0.0075484,39,2.6000001356005669,False,False,0
1730,1730,556634494,0.0089952,40,2.6666668057441711,False,False,0
1731,1731,556729102,0.0094608,40,2.6666668057441711,False,False,0
1732,1732,556793474,0.0064372,40,2.6666668057441711,False,False,0
1733,1733,556885579,0.0092105,40,2.6666668057441711,False,False,0
1734,1734,556973231,0.0087652,41,2.7333334758877754,False,False,0
1735,1735,557051693,0.0078462,41,2.7333334758877754,False,False,0
1736,1736,557136601,0.0084908,41,2.7333334758877754,False,False,0
1737,1737,557228316,0.0091715,41,2.7333334758877754,False,False,0
1738,1738,557316719,0.0088403,42,2.8000001460313797,False,False,0
1739,1739,557382537,0.0065818,42,2.8000001460313797,False,False,0
1740,1740,557472106,0.0089569,42,2.8000001460313797,False,False,0
1741,1741,557557182,0.0085076,42,2.8000001460313797,False,False,0
1742,1742,557649998,0.0092816,43,2.866666816174984,False,False,0
1743,1743,557710177,0.0060179,43,2.866666816174984,False,False,0
1744,1744,557799038,0.0088861,43,2.866666816174984,False,False,0
1745,1745,557890889,0.0091851,43,2.866666816174984,False,False,0
1746,1746,557962835,0.0071946,43,2.866666816174984,False,False,0
1747,1747,558047108,0.0084273,44,2.9333334863185883,False,False,0
1748,1748,558146844,0.0099735999999999991,44,2.9333334863185883,False,False,0
1749,1749,558219049,0.0072205,44,2.9333334863185883,False,False,0
1750,1750,558321315,0.0102266,45,3.0000001564621925,False,False,0
1751,1751,558367156,0.0045841,45,3.0000001564621925,False,False,0
1752,1752,558457400,0.0090244,45,3.0000001564621925,False,False,0
1753,1753,558576085,0.0118685,45,3.0000001564621925,False,False,0
1754,1754,558626283,0.0050198,45,3.0000001564621925,False,False,0
1755,1755,558712443,0.008616,46,3.0666668266057968,False,False,0
1756,1756,558879010,0.0166567,46,3.0666668266057968,False,False,0
1757,1757,558923746,0.0044736,46,3.0666668266057968,False,False,0
1758,1758,559018393,0.0094647,47,3.1333334967494011,False,False,0
1759,1759,559098069,0.0079676,47,3.1333334967494011,False,False,0
1760,1760,559189180,0.0091111,47,3.1333334967494011,False,False,0
1761,1761,559274281,0.0085101,47,3.1333334967494011,False,False,0
1762,1762,559369606,0.0095325,48,3.2000001668930054,False,False,0
1763,1763,559431953,0.0062347,48,3.2000001668930054,False,False,0
1764,1764,559518419,0.0086466,48,3.2000001668930054,False,False,0
1765,1765,559602709,0.008429,48,3.2000001668930054,False,False,0
1766,1766,559673409,0.00707,49,3.2666668370366096,False,False,0
1767,1767,559758759,0.008535,49,3.2666668370366096,False,False,0
1768,1768,559845821,0.0087062,49,3.2666668370366096,False,False,0
1769,1769,559931037,0.0085216,49,3.2666668370366096,False,False,0
1770,1770,560023706,0.0092669,50,3.3333335071802139,False,False,0
1771,1771,560109811,0.0086105,50,3.3333335071802139,False,False,0
1772,1772,560173271,0.006346,50,3.3333335071802139,False,False,0
1773,1773,560260763,0.0087492,50,3.3333335071802139,False,False,0
1774,1774,560348082,0.0087319,51,3.4000001773238182,False,False,0
1775,1775,560441666,0.0093584,51,3.4000001773238182,False,False,0
1776,1776,560525342,0.0083676,51,3.4000001773238182,False,False,0
1777,1777,560589384,0.0064042,51,3.4000001773238182,False,False,0
1778,1778,560698779,0.0109395,52,3.4666668474674225,False,False,0
1779,1779,560771770,0.0072991,52,3.4666668474674225,False,False,0
1780,1780,560854181,0.0082411,52,3.4666668474674225,False,False,0
1781,1781,560921407,0.0067226,52,3.4666668474674225,False,False,0
1782,1782,561036654,0.0115247,53,3.5333335176110268,False,False,0
1783,1783,561080827,0.0044173,53,3.5333335176110268,False,False,0
1784,1784,561188849,0.0108022,53,3.5333335176110268,False,False,0
1785,1785,561262374,0.0073525,53,3.5333335176110268,False,False,0
1786,1786,561353916,0.0091542,54,3.600000187754631,False,False,0
1787,1787,561442886,0.008897,54,3.600000187754631,False,False,0
1788,1788,561511633,0.0068747,54,3.600000187754631,False,False,0
1789,1789,561599951,0.0088318,54,3.600000187754631,False,False,0
1790,1790,561692289,0.0092338,55,3.6666668578982353,False,False,0
1791,1791,561775727,0.0083438,55,3.6666668578982353,False,False,0
1792,1792,561851009,0.0075282,55,3.6666668578982353,False,False,0
1793,1793,561941672,0.0090663,55,3.6666668578982353,False,False,0
1794,1794,562009274,0.0067602,56,3.7333335280418396,False,False,0
1795,1795,562090930,0.0081656,56,3.7333335280418396,False,False,0
1796,1796,562187800,0.009687,56,3.7333335280418396,False,False,0
1797,1797,562270591,0.0082791,56,3.7333335280418396,False,False,0
1798,1798,562362697,0.0092106,57,3.8000001981854439,False,False,0
1799,1799,562423440,0.0060743,57,3.8000001981854439,False,False,0
1800,1800,562522088,0.0098648,57,3.8000001981854439,False,False,0
1801,1801,562607628,0.008554,57,3.8000001981854439,False,False,0
1802,1802,562674175,0.0066547,58,3.8666668683290482,False,False,0
1803,1803,562784592,0.0110417,58,3.8666668683290482,False,False,0
1804,1804,562847166,0.0062574,58,3.8666668683290482,False,False,0
1805,1805,562950110,0.0102944,58,3.8666668683290482,False,False,0
1806,1806,563013823,0.0063713,59,3.9333335384726524,False,False,0
1807,1807,563101717,0.0087894,59,3.9333335384726524,False,False,0
1808,1808,563183139,0.0081422,59,3.9333335384726524,False,False,0
1809,1809,563258991,0.0075852,59,3.9333335384726524,False,False,0
1810,1810,563345326,0.0086335,60,4.0000002086162567,False,False,0
1811,1811,563441772,0.0096446,60,4.0000002086162567,False,False,0
1812,1812,563525332,0.008356,60,4.0000002086162567,False,False,0
1813,1813,563596664,0.0071332,60,4.0000002086162567,False,False,0
1814,1814,563681125,0.0084461,61,4.066666878759861,False,False,0
1815,1815,563767515,0.008639,61,4.066666878759861,False,False,0
1816,1816,563855211,0.0087696,61,4.066666878759861,False,False,0
1817,1817,563922391,0.006718,61,4.066666878759861,False,False,0
1818,1818,564015205,0.0092814,62,4.1333335489034653,False,False,0
1819,1819,564118343,0.0103138,62,4.1333335489034653,False,False,0
1820,1820,564167084,0.0048741,62,4.1333335489034653,False,False,0
1821,1821,564262498,0.0095414,62,4.1333335489034653,False,False,0
1822,1822,564358663,0.0096165,63,4.2000002190470695,False,False,0
1823,1823,564443361,0.0084698,63,4.2000002190470695,False,False,0
1824,1824,564507936,0.0064575,63,4.2000002190470695,False,False,0
1825,1825,564589603,0.0081667,63,4.2000002190470695,False,False,0
1826,1826,564685558,0.0095955,64,4.2666668891906738,False,False,0
1827,1827,564775277,0.0089719,64,4.2666668891906738,False,False,0
1828,1828,564857724,0.0082447,64,4.2666668891906738,False,False,0
1829,1829,564946244,0.008852,64,4.2666668891906738,False,False,0
1830,1830,565013898,0.0067654,65,4.3333335593342781,False,False,0
1831,1831,565099623,0.0085725,65,4.3333335593342781,False,False,0
1832,1832,565181658,0.0082035,65,4.3333335593342781,False,False,0
1833,1833,565277593,0.0095935,65,4.3333335593342781,False,False,0
1834,1834,565343591,0.0065998,66,4.4000002294778824,False,False,0
1835,1835,565431434,0.0087843,66,4.4000002294778824,False,False,0
1836,1836,565515708,0.0084274,66,4.4000002294778824,False,False,0
1837,1837,565591173,0.0075465,66,4.4000002294778824,False,False,0
1838,1838,565677262,0.0086089,67,4.4666668996214867,False,False,0
1839,1839,565773004,0.0095742,67,4.4666668996214867,False,False,0
1840,1840,565863365,0.0090361,67,4.4666668996214867,False,False,0
1841,1841,565930418,0.0067053,67,4.4666668996214867,False,False,0
1842,1842,566019955,0.0089537,68,4.5333335697650909,False,False,0
1843,1843,566090041,0.0070086,68,4.5333335697650909,False,False,0
1844,1844,566176386,0.0086345,68,4.5333335697650909,False,False,0
1845,1845,566260411,0.0084025,68,4.5333335697650909,False,False,0
1846,1846,566356366,0.0095955,69,4.6000002399086952,False,False,0
1847,1847,566441118,0.0084752,69,4.6000002399086952,False,False,0
1848,1848,566505273,0.0064155,69,4.6000002399086952,False,False,0
1849,1849,566608349,0.0103076,69,4.6000002399086952,False,False,0
1850,1850,566677559,0.006921,70,4.6666669100522995,False,False,0
1851,1851,566759248,0.0081689,70,4.6666669100522995,False,False,0
1852,1852,566849133,0.0089885,70,4.6666669100522995,False,False,0
1853,1853,566931218,0.0082085,70,4.6666669100522995,False,False,0
1854,1854,567021519,0.0090301,71,4.7333335801959038,False,False,0
1855,1855,567099633,0.0078114,71,4.7333335801959038,False,False,0
1856,1856,567183065,0.0083432,71,4.7333335801959038,False,False,0
1857,1857,567270729,0.0087664,71,4.7333335801959038,False,False,0
1858,1858,567354129,0.00834,72,4.8000002503395081,False,False,0
1859,1859,567446470,0.0092341,72,4.8000002503395081,False,False,0
1860,1860,567518606,0.0072136,72,4.8000002503395081,False,False,0
1861,1861,567596366,0.007776,72,4.8000002503395081,False,False,0
1862,1862,567680105,0.0083739,73,4.8666669204831123,False,False,0
1863,1863,567769475,0.008937,73,4.8666669204831123,False,False,0
1864,1864,567849498,0.0080023,73,4.8666669204831123,False,False,0
1865,1865,567935264,0.0085766,73,4.8666669204831123,False,False,0
1866,1866,568016161,0.0080897,74,4.9333335906267166,False,False,0
1867,1867,568107261,0.00911,74,4.9333335906267166,False,False,0
1868,1868,568190202,0.0082941,74,4.9333335906267166,False,False,0
1869,1869,568258690,0.0068488,74,4.9333335906267166,False,False,0
1870,1870,568343771,0.0085081,75,5.0000002607703209,False,False,0
1871,1871,568432986,0.0089215,75,5.0000002607703209,False,False,0
1872,1872,568523599,0.0090613,75,5.0000002607703209,False,False,0
1873,1873,568608558,0.0084959,75,5.0000002607703209,False,False,0
1874,1874,568698946,0.0090388,76,5.0666669309139252,False,False,0
1875,1875,568760154,0.0061208,76,5.0666669309139252,False,False,0
1876,1876,568848648,0.0088494,76,5.0666669309139252,False,False,0
1877,1877,568930882,0.0082234,76,5.0666669309139252,False,False,0
1878,1878,569027738,0.0096856,77,5.1333336010575294,False,False,0
1879,1879,569094939,0.0067201,77,5.1333336010575294,False,False,0
1880,1880,569179187,0.0084248,77,5.1333336010575294,False,False,0
1881,1881,569255653,0.0076466,77,5.1333336010575294,False,False,0
1882,1882,569351411,0.0095758,78,5.2000002712011337,False,False,0
1883,1883,569448319,0.0096908,78,5.2000002712011337,False,False,0
1884,1884,569496201,0.0047882,78,5.2000002712011337,False,False,0
1885,1885,569608360,0.011215899999999999,78,5.2000002712011337,False,False,0
1886,1886,569682884,0.0074524,79,5.266666941344738,False,False,0
1887,1887,569766939,0.0084055,79,5.266666941344738,False,False,0
1888,1888,569853336,0.0086397,79,5.266666941344738,False,False,0
1889,1889,569940426,0.008709,79,5.266666941344738,False,False,0
1890,1890,570025029,0.0084603,80,5.3333336114883423,False,False,0
1891,1891,570090192,0.0065163,80,5.3333336114883423,False,False,0
1892,1892,570177716,0.0087524,80,5.3333336114883423,False,False,0
1893,1893,570264465,0.0086749,80,5.3333336114883423,False,False,0
1894,1894,570350160,0.0085695,81,5.4000002816319466,False,False,0
1895,1895,570445248,0.0095088,81,5.4000002816319466,False,False,0
1896,1896,570508817,0.0063569,81,5.4000002816319466,False,False,0
1897,1897,570594629,0.0085812,81,5.4000002816319466,False,False,0
1898,1898,570679239,0.008461,82,5.4666669517755508,False,False,0
1899,1899,570764940,0.0085701,82,5.4666669517755508,False,False,0
1900,1900,570850423,0.0085483,82,5.4666669517755508,False,False,0
1901,1901,570934974,0.0084551,82,5.4666669517755508,False,False,0
1902,1902,571021366,0.0086392,83,5.5333336219191551,False,False,0
1903,1903,571106654,0.0085288,83,5.5333336219191551,False,False,0
1904,1904,571187532,0.0080878,83,5.5333336219191551,False,False,0
1905,1905,571275885,0.0088353,83,5.5333336219191551,False,False,0
1906,1906,571341705,0.006582,84,5.6000002920627594,False,False,0
1907,1907,571430316,0.0088611,84,5.6000002920627594,False,False,0
1908,1908,571520286,0.008997,84,5.6000002920627594,False,False,0
1909,1909,571591452,0.0071166,84,5.6000002920627594,False,False,0
1910,1910,571677613,0.0086161,85,5.6666669622063637,False,False,0
1911,1911,571768763,0.009115,85,5.6666669622063637,False,False,0
1912,1912,571851272,0.0082509,85,5.6666669622063637,False,False,0
1913,1913,571927157,0.0075885,85,5.6666669622063637,False,False,0
1914,1914,572013518,0.0086361,86,5.733333632349968,False,False,0
1915,1915,572108533,0.0095015,86,5.733333632349968,False,False,0
1916,1916,572190105,0.0081572,86,5.733333632349968,False,False,0
1917,1917,572260002,0.0069897,86,5.733333632349968,False,False,0
1918,1918,572343533,0.0083531,87,5.8000003024935722,False,False,0
1919,1919,572443013,0.009948,87,5.8000003024935722,False,False,0
1920,1920,572529855,0.0086842,87,5.8000003024935722,False,False,0
1921,1921,572598480,0.0068625,87,5.8000003024935722,False,False,0
1922,1922,572687858,0.0089378,88,5.8666669726371765,False,False,0
1923,1923,572756731,0.0068873,88,5.8666669726371765,False,False,0
1924,1924,572867319,0.0110588,88,5.8666669726371765,False,False,0
1925,1925,572929377,0.0062058,88,5.8666669726371765,False,False,0
1926,1926,573021261,0.0091884,89,5.9333336427807808,False,False,0
1927,1927,573105586,0.0084325,89,5.9333336427807808,False,False,0
1928,1928,573197238,0.0091652,89,5.9333336427807808,False,False,0
1929,1929,573259061,0.0061823,89,5.9333336427807808,False,False,0
1930,1930,573361289,0.0102228,90,6.0000003129243851,False,False,0
1931,1931,573425030,0.0063741,90,6.0000003129243851,False,False,0
1932,1932,573516888,0.0091858,90,6.0000003129243851,False,False,0
1933,1933,573597507,0.0080619,90,6.0000003129243851,False,False,0
1934,1934,573693790,0.0096283,91,6.0666669830679893,False,False,0
1935,1935,573781897,0.0088107,91,6.0666669830679893,False,False,0
1936,1936,573846779,0.0064882,91,6.0666669830679893,False,False,0
1937,1937,573930879,0.00841,91,6.0666669830679893,False,False,0
1938,1938,574017758,0.0086879,92,6.1333336532115936,False,False,0
1939,1939,574106733,0.0088975,92,6.1333336532115936,False,False,0
1940,1940,574173687,0.0066954,92,6.1333336532115936,False,False,0
1941,1941,574264667,0.009098,92,6.1333336532115936,False,False,0
1942,1942,574351495,0.0086828,93,6.2000003233551979,False,False,0
1943,1943,574426410,0.0074915,93,6.2000003233551979,False,False,0
1944,1944,574517562,0.0091152,93,6.2000003233551979,False,False,0
1945,1945,574620259,0.0102697,93,6.2000003233551979,False,False,0
1946,1946,574683808,0.0063549,94,6.2666669934988022,False,False,0
1947,1947,574775574,0.0091766,94,6.2666669934988022,False,False,0
1948,1948,574860258,0.0084684,94,6.2666669934988022,False,False,0
1949,1949,574935429,0.0075171,94,6.2666669934988022,False,False,0
1950,1950,575028589,0.009316,95,6.3333336636424065,False,False,0
1951,1951,575100017,0.0071428,95,6.3333336636424065,False,False,0
1952,1952,575184494,0.0084477,95,6.3333336636424065,False,False,0
1953,1953,575268997,0.0084503,95,6.3333336636424065,False,False,0
1954,1954,575356643,0.0087646,96,6.4000003337860107,False,False,0
1955,1955,575422080,0.0065437,96,6.4000003337860107,False,False,0
1956,1956,575513568,0.0091488,96,6.4000003337860107,False,False,0
1957,1957,575591468,0.00779,96,6.4000003337860107,False,False,0
1958,1958,575683001,0.0091533,97,6.466667003929615,False,False,0
1959,1959,575771911,0.008891,97,6.466667003929615,False,False,0
1960,1960,575857939,0.0086028,97,6.466667003929615,False,False,0
1961,1961,575925490,0.0067551,97,6.466667003929615,False,False,0
1962,1962,576008368,0.0082878,98,6.5333336740732193,False,False,0
1963,1963,576094958,0.008659,98,6.5333336740732193,False,False,0
1964,1964,576177304,0.0082346,98,6.5333336740732193,False,False,0
1965,1965,576261488,0.0084184,98,6.5333336740732193,False,False,0
1966,1966,576346021,0.0084533,99,6.6000003442168236,False,False,0
1967,1967,576435751,0.008973,99,6.6000003442168236,False,False,0
1968,1968,576521761,0.008601,99,6.6000003442168236,False,False,0
1969,1969,576605010,0.0083249,99,6.6000003442168236,False,False,0
1970,1970,576689281,0.0084271,100,6.6666670143604279,False,False,0
1971,1971,576774398,0.0085117,100,6.6666670143604279,False,False,0
1972,1972,576858512,0.0084114,100,6.6666670143604279,False,False,0
1973,1973,576924388,0.0065876,100,6.6666670143604279,False,False,0
1974,1974,577010664,0.0086276,101,6.7333336845040321,False,False,0
1975,1975,577093437,0.0082773,101,6.7333336845040321,False,False,0
1976,1976,577181308,0.0087871,101,6.7333336845040321,False,False,0
1977,1977,577265808,0.00845,101,6.7333336845040321,False,False,0
1978,1978,577356263,0.0090455,102,6.8000003546476364,False,False,0
1979,1979,577439706,0.0083443,102,6.8000003546476364,False,False,0
1980,1980,577529923,0.0090217,102,6.8000003546476364,False,False,0
1981,1981,577592952,0.0063029,102,6.8000003546476364,False,False,0
1982,1982,577682005,0.0089053,103,6.8666670247912407,False,False,0
1983,1983,577762944,0.0080939,103,6.8666670247912407,False,False,0
1984,1984,577852896,0.0089952,103,6.8666670247912407,False,False,0
1985,1985,577939952,0.0087056,103,6.8666670247912407,False,False,0
1986,1986,578011507,0.0071555,104,6.933333694934845,False,False,0
1987,1987,578094573,0.0083066,104,6.933333694934845,False,False,0
1988,1988,578181857,0.0087284,104,6.933333694934845,False,False,0
1989,1989,578268063,0.0086206,104,6.933333694934845,False,False,0
1990,1990,578353271,0.0085208,105,7.0000003650784492,False,False,0
1991,1991,578446577,0.0093306,105,7.0000003650784492,False,False,0
1992,1992,578506170,0.0059593,105,7.0000003650784492,False,False,0
1993,1993,578592789,0.0086619,105,7.0000003650784492,False,False,0
1994,1994,578676203,0.0083414,106,7.0666670352220535,False,False,0
1995,1995,578769610,0.0093407,106,7.0666670352220535,False,False,0
1996,1996,578852127,0.0082517,106,7.0666670352220535,False,False,0
1997,1997,578922947,0.007082,106,7.0666670352220535,False,False,0
1998,1998,579024669,0.0101722,107,7.1333337053656578,False,False,0
1999,1999,579091183,0.0066514,107,7.1333337053656578,False,False,0
2000,2000,579197504,0.0106321,107,7.1333337053656578,False,False,0
2001,2001,579269157,0.0071653,107,7.1333337053656578,False,False,0
2002,2002,579354977,0.008582,108,7.2000003755092621,False,False,0
2003,2003,579430119,0.0075142,108,7.2000003755092621,False,False,0
2004,2004,579522351,0.0092232,108,7.2000003755092621,False,False,0
2005,2005,579596326,0.0073975,108,7.2000003755092621,False,False,0
2006,2006,579689232,0.0092906,109,7.2666670456528664,False,False,0
2007,2007,579757744,0.0068512,109,7.2666670456528664,False,False,0
2008,2008,579847883,0.0090139,109,7.2666670456528664,False,False,0
2009,2009,579930366,0.0082483,109,7.2666670456528664,False,False,0
2010,2010,580019698,0.0089332,110,7.3333337157964706,False,False,0
2011,2011,580103408,0.008371,110,7.3333337157964706,False,False,0
2012,2012,580191890,0.0088482,110,7.3333337157964706,False,False,0
2013,2013,580277099,0.0085209,110,7.3333337157964706,False,False,0
2014,2014,580341449,0.006435,111,7.4000003859400749,False,False,0
2015,2015,580426394,0.0084945,111,7.4000003859400749,False,False,0
2016,2016,580513995,0.0087601,111,7.4000003859400749,False,False,0
2017,2017,580601084,0.0087089,111,7.4000003859400749,False,False,0
2018,2018,580685613,0.0084529,112,7.4666670560836792,False,False,0
2019,2019,580771927,0.0086314,112,7.4666670560836792,False,False,0
2020,2020,580854152,0.0082225,112,7.4666670560836792,False,False,0
2021,2021,580942622,0.008847,112,7.4666670560836792,False,False,0
2022,2022,581029840,0.0087218,113,7.5333337262272835,False,False,0
2023,2023,581096312,0.0066472,113,7.5333337262272835,False,False,0
2024,2024,581180494,0.0084182,113,7.5333337262272835,False,False,0
2025,2025,581264174,0.008368,113,7.5333337262272835,False,False,0
2026,2026,581350311,0.0086137,114,7.6000003963708878,False,False,0
2027,2027,581439279,0.0088968,114,7.6000003963708878,False,False,0
2028,2028,581524481,0.0085202,114,7.6000003963708878,False,False,0
2029,2029,581592257,0.0067776,114,7.6000003963708878,False,False,0
2030,2030,581684280,0.0092023,115,7.666667066514492,False,False,0
2031,2031,581775370,0.009109,115,7.666667066514492,False,False,0
2032,2032,581862932,0.0087562,115,7.666667066514492,False,False,0
2033,2033,581931170,0.0068238,115,7.666667066514492,False,False,0
2034,2034,582020999,0.0089829,116,7.7333337366580963,False,False,0
2035,2035,582104489,0.008349,116,7.7333337366580963,False,False,0
2036,2036,582191937,0.0087448,116,7.7333337366580963,False,False,0
2037,2037,582275517,0.008358,116,7.7333337366580963,False,False,0
2038,2038,582351497,0.007598,117,7.8000004068017006,False,False,0
2039,2039,582438779,0.0087282,117,7.8000004068017006,False,False,0
2040,2040,582506452,0.0067673,117,7.8000004068017006,False,False,0
2041,2041,582592209,0.0085757,117,7.8000004068017006,False,False,0
2042,2042,582687885,0.0095676,118,7.8666670769453049,False,False,0
2043,2043,582776038,0.0088153,118,7.8666670769453049,False,False,0
2044,2044,582839321,0.0063283,118,7.8666670769453049,False,False,0
2045,2045,582925595,0.0086274,118,7.8666670769453049,False,False,0
2046,2046,583012624,0.0087029,119,7.9333337470889091,False,False,0
2047,2047,583100756,0.0088132,119,7.9333337470889091,False,False,0
2048,2048,583184050,0.0083294,119,7.9333337470889091,False,False,0
2049,2049,583277140,0.009309,119,7.9333337470889091,False,False,0
2050,2050,583360201,0.0083061,120,8.0000004172325134,False,False,0
2051,2051,583434185,0.0073984,120,8.0000004172325134,False,False,0
2052,2052,583517070,0.0082885,120,8.0000004172325134,False,False,0
2053,2053,583594520,0.007745,120,8.0000004172325134,False,False,0
2054,2054,583678302,0.0083782,121,8.0666670873761177,False,False,0
2055,2055,583770894,0.0092592,121,8.0666670873761177,False,False,0
2056,2056,583853258,0.0082364,121,8.0666670873761177,False,False,0
2057,2057,583925274,0.0072016,121,8.0666670873761177,False,False,0
2058,2058,584006473,0.0081199,122,8.133333757519722,False,False,0
2059,2059,584095648,0.0089175,122,8.133333757519722,False,False,0
2060,2060,584184098,0.008845,122,8.133333757519722,False,False,0
2061,2061,584272678,0.008858,122,8.133333757519722,False,False,0
2062,2062,584373366,0.0100688,123,8.2000004276633263,False,False,0
2063,2063,584416133,0.0042767,123,8.2000004276633263,False,False,0
2064,2064,584507472,0.0091339,123,8.2000004276633263,False,False,0
2065,2065,584594475,0.0087003,123,8.2000004276633263,False,False,0
2066,2066,584690947,0.0096472,124,8.26666709780693,False,False,0
2067,2067,584756085,0.0065138,124,8.26666709780693,False,False,0
2068,2068,584855076,0.0098991,124,8.26666709780693,False,False,0
2069,2069,584923814,0.0068738,124,8.26666709780693,False,False,0
2070,2070,585015267,0.0091453,125,8.3333337679505348,False,False,0
2071,2071,585097767,0.00825,125,8.3333337679505348,False,False,0
2072,2072,585184050,0.0086283,125,8.3333337679505348,False,False,0
2073,2073,585269887,0.0085837,125,8.3333337679505348,False,False,0
2074,2074,585357844,0.0087957,126,8.4000004380941391,False,False,0
2075,2075,585454189,0.0096345,126,8.4000004380941391,False,False,0
2076,2076,585497186,0.0042997,126,8.4000004380941391,False,False,0
2077,2077,585597195,0.0100009,126,8.4000004380941391,False,False,0
2078,2078,585691870,0.0094675,127,8.4666671082377434,False,False,0
2079,2079,585757785,0.0065915,127,8.4666671082377434,False,False,0
2080,2080,585843138,0.0085353,127,8.4666671082377434,False,False,0
2081,2081,585937097,0.0093959,127,8.4666671082377434,False,False,0
2082,2082,586019947,0.008285,128,8.5333337783813477,False,False,0
2083,2083,586093229,0.0073282,128,8.5333337783813477,False,False,0
2084,2084,586177228,0.0083999,128,8.5333337783813477,False,False,0
2085,2085,586265800,0.0088572,128,8.5333337783813477,False,False,0
2086,2086,586353344,0.0087544,129,8.6000004485249519,False,False,0
2087,2087,586437595,0.0084251,129,8.6000004485249519,False,False,0
2088,2088,586531658,0.0094063,129,8.6000004485249519,False,False,0
2089,2089,586596416,0.0064758,129,8.6000004485249519,False,False,0
2090,2090,586683812,0.0087396,130,8.6666671186685562,False,False,0
2091,2091,586767388,0.0083576,130,8.6666671186685562,False,False,0
2092,2092,586860122,0.0092734,130,8.6666671186685562,False,False,0
2093,2093,586924027,0.0063905,130,8.6666671186685562,False,False,0
2094,2094,587015169,0.0091142,131,8.73333378881216,False,False,0
2095,2095,587100475,0.0085306,131,8.73333378881216,False,False,0
2096,2096,587189765,0.008929,131,8.73333378881216,False,False,0
2097,2097,587275169,0.0085404,131,8.73333378881216,False,False,0
2098,2098,587341021,0.0065852,132,8.8000004589557648,False,False,0
2099,2099,587426001,0.008498,132,8.8000004589557648,False,False,0
2100,2100,587519034,0.0093033,132,8.8000004589557648,False,False,0
2101,2101,587615033,0.0095999,132,8.8000004589557648,False,False,0
2102,2102,587681121,0.0066088,133,8.866667129099369,False,False,0
2103,2103,587769948,0.0088827,133,8.866667129099369,False,False,0
2104,2104,587852355,0.0082407,133,8.866667129099369,False,False,0
2105,2105,587924410,0.0072055,133,8.866667129099369,False,False,0
2106,2106,588026466,0.0102056,134,8.9333337992429733,False,False,0
2107,2107,588093748,0.0067282,134,8.9333337992429733,False,False,0
2108,2108,588176439,0.0082691,134,8.9333337992429733,False,False,0
2109,2109,588269487,0.0093048,134,8.9333337992429733,False,False,0
2110,2110,588361915,0.0092428,135,9.0000004693865776,False,True,0
2111,2111,589882672,0.1520757,139,9.2666671499609947,False,True,0
2112,2112,589956538,0.0073866,139,9.2666671499609947,False,True,0
2113,2113,590041406,0.0084868,140,9.333333820104599,False,True,0
2114,2114,590139658,0.0098252,140,9.333333820104599,False,True,0
2115,2115,590206036,0.0066378,140,9.333333820104599,False,True,0
2116,2116,590283445,0.0077409,140,9.333333820104599,False,True,0
2117,2117,590366730,0.0083285,141,9.4000004902482033,False,True,0
2118,2118,590465506,0.0098776,141,9.4000004902482033,False,True,0
2119,2119,590528066,0.006256,141,9.4000004902482033,False,True,0
2120,2120,590620029,0.0091963,141,9.4000004902482033,False,True,0
2121,2121,590711267,0.0091238,142,9.4666671603918076,False,True,0
2122,2122,590796776,0.0085509,142,9.4666671603918076,False,True,0
2123,2123,590885329,0.0088553,142,9.4666671603918076,False,True,0
2124,2124,590949335,0.0064006,142,9.4666671603918076,False,True,0
2125,2125,591036710,0.0087375,143,9.5333338305354118,False,True,0
2126,2126,591119424,0.0082714,143,9.5333338305354118,False,True,0
2127,2127,591203545,0.0084121,143,9.5333338305354118,False,True,0
2128,2128,591288317,0.0084772,143,9.5333338305354118,False,True,0
2129,2129,591378947,0.009063,144,9.6000005006790161,False,True,0
2130,2130,591463023,0.0084076,144,9.6000005006790161,False,True,0
2131,2131,591549216,0.0086193,144,9.6000005006790161,False,True,0
2132,2132,591611900,0.0062684,144,9.6000005006790161,False,True,0
2133,2133,591704255,0.0092355,145,9.66666717082262,False,True,0
2134,2134,591793135,0.008888,145,9.66666717082262,False,True,0
2135,2135,591882329,0.0089194,145,9.66666717082262,False,True,0
2136,2136,591952371,0.0070042,145,9.66666717082262,False,True,0
2137,2137,592041294,0.0088923,146,9.7333338409662247,False,True,0
2138,2138,592130236,0.0088942,146,9.7333338409662247,False,True,0
2139,2139,592212886,0.008265,146,9.7333338409662247,False,True,0
2140,2140,592283074,0.0070188,146,9.7333338409662247,False,True,0
2141,2141,592368384,0.008531,147,9.8000005111098289,False,True,0
2142,2142,592460063,0.0091679,147,9.8000005111098289,False,True,0
2143,2143,592543679,0.0083616,147,9.8000005111098289,False,True,0
2144,2144,592619261,0.0075582,147,9.8000005111098289,False,True,0
2145,2145,592707208,0.0087947,148,9.8666671812534332,False,True,0
2146,2146,592807160,0.0099952,148,9.8666671812534332,False,True,0
2147,2147,592855541,0.0048381,148,9.8666671812534332,False,True,0
2148,2148,592961496,0.0105955,148,9.8666671812534332,False,True,0
2149,2149,593044861,0.0083365,149,9.9333338513970375,False,True,0
2150,2150,593117944,0.0073083,149,9.9333338513970375,False,True,0
2151,2151,593198712,0.0080768,149,9.9333338513970375,False,True,0
2152,2152,593304271,0.0105559,150,10.000000521540642,False,True,0
2153,2153,593357029,0.0052758,150,10.000000521540642,False,True,0
2154,2154,593458061,0.0101032,150,10.000000521540642,False,True,0
2155,2155,593542353,0.0084292,150,10.000000521540642,False,True,0
2156,2156,593615522,0.0073169,150,10.000000521540642,False,True,0
2157,2157,593719741,0.0104219,151,10.066667191684246,False,True,0
2158,2158,593799021,0.007928,151,10.066667191684246,False,True,0
2159,2159,593849853,0.0050832,151,10.066667191684246,False,True,0
2160,2160,593953792,0.0103939,151,10.066667191684246,False,True,0
2161,2161,594048497,0.0094705,152,10.13333386182785,False,True,0
2162,2162,594112931,0.0064434,152,10.13333386182785,False,True,0
2163,2163,594212089,0.0099158,152,10.13333386182785,False,True,0
2164,2164,594306661,0.0094572,153,10.200000531971455,False,True,0
2165,2165,594350353,0.0043692,153,10.200000531971455,False,True,0
2166,2166,594468457,0.0118104,153,10.200000531971455,False,True,0
2167,2167,594540435,0.0071978,153,10.200000531971455,False,True,0
2168,2168,594635894,0.0095459,154,10.266667202115059,False,True,0
2169,2169,594699005,0.0063111,154,10.266667202115059,False,True,0
2170,2170,594791346,0.0092341,154,10.266667202115059,False,True,0
2171,2171,594878814,0.0087468,154,10.266667202115059,False,True,0
2172,2172,594952131,0.0073317,154,10.266667202115059,False,True,0
2173,2173,595039401,0.008727,155,10.333333872258663,False,True,0
2174,2174,595111531,0.007213,155,10.333333872258663,False,True,0
2175,2175,595218554,0.0107023,155,10.333333872258663,False,True,0
2176,2176,595293306,0.0074752,155,10.333333872258663,False,True,0
2177,2177,595362987,0.0069681,156,10.400000542402267,False,True,0
2178,2178,595465340,0.0102353,156,10.400000542402267,False,True,0
2179,2179,595528552,0.0063212,156,10.400000542402267,False,True,0
2180,2180,595627142,0.009859,156,10.400000542402267,False,True,0
2181,2181,595714440,0.0087298,157,10.466667212545872,False,True,0
2182,2182,595779506,0.0065066,157,10.466667212545872,False,True,0
2183,2183,595863275,0.0083769,157,10.466667212545872,False,True,0
2184,2184,595955566,0.0092291,157,10.466667212545872,False,True,0
2185,2185,596047724,0.0092158,158,10.533333882689476,False,True,0
2186,2186,596133776,0.0086052,158,10.533333882689476,False,True,0
2187,2187,596227147,0.0093371,158,10.533333882689476,False,True,0
2188,2188,596290656,0.0063509,158,10.533333882689476,False,True,0
2189,2189,596385052,0.0094396,159,10.60000055283308,False,True,0
2190,2190,596450401,0.0065349,159,10.60000055283308,False,True,0
2191,2191,596544543,0.0094142,159,10.60000055283308,False,True,0
2192,2192,596630743,0.00862,160,10.666667222976685,False,True,0
2193,2193,596698232,0.0067489,160,10.666667222976685,False,True,0
2194,2194,596782421,0.0084189,160,10.666667222976685,False,True,0
2195,2195,596871373,0.0088952,160,10.666667222976685,False,True,0
2196,2196,596952867,0.0081494,160,10.666667222976685,False,True,0
2197,2197,597042786,0.0089919,161,10.733333893120289,False,True,0
2198,2198,597130857,0.0088071,161,10.733333893120289,False,True,0
2199,2199,597196327,0.006547,161,10.733333893120289,False,True,0
2200,2200,597289872,0.0093545,161,10.733333893120289,False,True,0
2201,2201,597374847,0.0084975,162,10.800000563263893,False,True,0
2202,2202,597472365,0.0097518,162,10.800000563263893,False,True,0
2203,2203,597533566,0.0061201,162,10.800000563263893,False,True,0
2204,2204,597625634,0.0092068,162,10.800000563263893,False,True,0
2205,2205,597709317,0.0083683,163,10.866667233407497,False,True,0
2206,2206,597780426,0.0071109,163,10.866667233407497,False,True,0
2207,2207,597863053,0.0082627,163,10.866667233407497,False,True,0
2208,2208,597957167,0.0094114,163,10.866667233407497,False,True,0
2209,2209,598040598,0.0083431,164,10.933333903551102,False,True,0
2210,2210,598125307,0.0084709,164,10.933333903551102,False,True,0
2211,2211,598211502,0.0086195,164,10.933333903551102,False,True,0
2212,2212,598298527,0.0087025,165,11.000000573694706,False,True,0
2213,2213,598366762,0.0068235,165,11.000000573694706,False,True,0
2214,2214,598453801,0.0087039,165,11.000000573694706,False,True,0
2215,2215,598545731,0.009193,165,11.000000573694706,False,True,0
2216,2216,598630105,0.0084374,166,11.06666724383831,False,True,0
2217,2217,598694955,0.006485,166,11.06666724383831,False,True,0
2218,2218,598781696,0.0086741,166,11.06666724383831,False,True,0
2219,2219,598870824,0.0089128,166,11.06666724383831,False,True,0
2220,2220,598956567,0.0085743,166,11.06666724383831,False,True,0
2221,2221,599048339,0.0091772,167,11.133333913981915,False,True,0
2222,2222,599112291,0.0063952,167,11.133333913981915,False,True,0
2223,2223,599200359,0.0088068,167,11.133333913981915,False,True,0
2224,2224,599295359,0.0095,167,11.133333913981915,False,True,0
2225,2225,599383519,0.008816,168,11.200000584125519,False,True,0
2226,2226,599449954,0.0066435,168,11.200000584125519,False,True,0
2227,2227,599533273,0.0083319,168,11.200000584125519,False,True,0
2228,2228,599632296,0.0099023,169,11.266667254269123,False,True,0
2229,2229,599695436,0.006314,169,11.266667254269123,False,True,0
2230,2230,599793100,0.0097664,169,11.266667254269123,False,True,0
2231,2231,599861207,0.0068107,169,11.266667254269123,False,True,0
2232,2232,599961248,0.0100041,169,11.266667254269123,False,True,0
2233,2233,600048605,0.0087357,170,11.333333924412727,False,True,0
2234,2234,600115007,0.0066402,170,11.333333924412727,False,True,0
2235,2235,600199752,0.0084745,170,11.333333924412727,False,True,0
2236,2236,600291546,0.0091794,170,11.333333924412727,False,True,0
2237,2237,600379929,0.0088383,171,11.400000594556332,False,True,0
2238,2238,600466604,0.0086675,171,11.400000594556332,False,True,0
2239,2239,600535560,0.0068956,171,11.400000594556332,False,True,0
2240,2240,600633830,0.009827,172,11.466667264699936,False,True,0
2241,2241,600701396,0.0067566,172,11.466667264699936,False,True,0
2242,2242,600783884,0.0082488,172,11.466667264699936,False,True,0
2243,2243,600872260,0.0088376,172,11.466667264699936,False,True,0
2244,2244,600954672,0.0082412,172,11.466667264699936,False,True,0
2245,2245,601025586,0.0070914,173,11.53333393484354,False,True,0
2246,2246,601130989,0.0105403,173,11.53333393484354,False,True,0
2247,2247,601214499,0.008351,173,11.53333393484354,False,True,0
2248,2248,601300583,0.0086084,174,11.600000604987144,False,True,0
2249,2249,601365913,0.006533,174,11.600000604987144,False,True,0
2250,2250,601447631,0.0081718,174,11.600000604987144,False,True,0
2251,2251,601538479,0.0090848,174,11.600000604987144,False,True,0
2252,2252,601625633,0.0087154,174,11.600000604987144,False,True,0
2253,2253,601710336,0.0084703,175,11.666667275130749,False,True,0
2254,2254,601803411,0.0093075,175,11.666667275130749,False,True,0
2255,2255,601865981,0.006257,175,11.666667275130749,False,True,0
2256,2256,601951346,0.0085365,175,11.666667275130749,False,True,0
2257,2257,602040364,0.0089018,176,11.733333945274353,False,True,0
2258,2258,602129507,0.0089143,176,11.733333945274353,False,True,0
2259,2259,602195079,0.0065572,176,11.733333945274353,False,True,0
2260,2260,602295819,0.010074,176,11.733333945274353,False,True,0
2261,2261,602377146,0.0081327,177,11.800000615417957,False,True,0
2262,2262,602480880,0.0103734,177,11.800000615417957,False,True,0
2263,2263,602527165,0.0046285,177,11.800000615417957,False,True,0
2264,2264,602620720,0.0093555,177,11.800000615417957,False,True,0
2265,2265,602711103,0.0090383,178,11.866667285561562,False,True,0
2266,2266,602786968,0.0075865,178,11.866667285561562,False,True,0
2267,2267,602878153,0.0091185,178,11.866667285561562,False,True,0
2268,2268,602946341,0.0068188,178,11.866667285561562,False,True,0
2269,2269,603033934,0.0087593,179,11.933333955705166,False,True,0
2270,2270,603129105,0.0095171,179,11.933333955705166,False,True,0
2271,2271,603195878,0.0066773,179,11.933333955705166,False,True,0
2272,2272,603288428,0.009255,179,11.933333955705166,False,True,0
2273,2273,603381290,0.0092862,180,12.00000062584877,False,True,0
2274,2274,604892187,0.1510897,184,12.266667306423187,False,True,0
2275,2275,604959390,0.0067203,184,12.266667306423187,False,True,0
2276,2276,605060693,0.0101303,185,12.333333976566792,False,True,0
2277,2277,605134336,0.0073643,185,12.333333976566792,False,True,0
2278,2278,605212472,0.0078136,185,12.333333976566792,False,True,0
2279,2279,605308787,0.0096315,186,12.400000646710396,False,True,0
2280,2280,605359459,0.0050672,186,12.400000646710396,False,True,0
2281,2281,605463902,0.0104443,186,12.400000646710396,False,True,0
2282,2282,605545707,0.0081805,186,12.400000646710396,False,True,0
2283,2283,605648344,0.0102637,187,12.466667316854,False,True,0
2284,2284,605697372,0.0049028,187,12.466667316854,False,True,0
2285,2285,605809917,0.0112545,187,12.466667316854,False,True,0
2286,2286,605860714,0.0050797,187,12.466667316854,False,True,0
2287,2287,605964960,0.0104246,188,12.533333986997604,False,True,0
2288,2288,606060477,0.0095517,188,12.533333986997604,False,True,0
2289,2289,606141808,0.0081331,188,12.533333986997604,False,True,0
2290,2290,606208488,0.006668,188,12.533333986997604,False,True,0
2291,2291,606310005,0.0101517,189,12.600000657141209,False,True,0
2292,2292,606371136,0.0061131,189,12.600000657141209,False,True,0
2293,2293,606448938,0.0077802,189,12.600000657141209,False,True,0
2294,2294,606555008,0.010607,189,12.600000657141209,False,True,0
2295,2295,606625241,0.0070233,189,12.600000657141209,False,True,0
2296,2296,606711326,0.0086085,190,12.666667327284813,False,True,0
2297,2297,606800036,0.008871,190,12.666667327284813,False,True,0
2298,2298,606893170,0.0093134,190,12.666667327284813,False,True,0
2299,2299,606958263,0.0065093,190,12.666667327284813,False,True,0
2300,2300,607052509,0.0094246,191,12.733333997428417,False,True,0
2301,2301,607119809,0.00673,191,12.733333997428417,False,True,0
2302,2302,607220258,0.0100449,191,12.733333997428417,False,True,0
2303,2303,607294262,0.0074004,191,12.733333997428417,False,True,0
2304,2304,607370180,0.0075918,192,12.800000667572021,False,True,0
2305,2305,607467096,0.0096916,192,12.800000667572021,False,True,0
2306,2306,607543182,0.0076086,192,12.800000667572021,False,True,0
2307,2307,607638537,0.0095355,193,12.866667337715626,False,True,0
2308,2308,607710367,0.007183,193,12.866667337715626,False,True,0
2309,2309,607815102,0.0104735,193,12.866667337715626,False,True,0
2310,2310,607859022,0.004392,193,12.866667337715626,False,True,0
2311,2311,607979468,0.0120446,194,12.93333400785923,False,True,0
2312,2312,608050569,0.0071101,194,12.93333400785923,False,True,0
2313,2313,608137169,0.00866,194,12.93333400785923,False,True,0
2314,2314,608213918,0.0076749,194,12.93333400785923,False,True,0
2315,2315,608292861,0.0078943,194,12.93333400785923,False,True,0
2316,2316,608399303,0.0106442,195,13.000000678002834,False,False,1
2317,2317,609902121,0.1502818,199,13.266667358577251,False,False,1
2318,2318,609970899,0.0068778,200,13.333334028720856,False,False,1
2319,2319,610045131,0.0074232,200,13.333334028720856,False,False,1
2320,2320,610145158,0.0100027,200,13.333334028720856,False,False,1
2321,2321,610232206,0.0087048,200,13.333334028720856,False,False,1
2322,2322,610300165,0.0067959,201,13.40000069886446,False,False,1
2323,2323,610394221,0.0094056,201,13.40000069886446,False,False,1
2324,2324,610462914,0.0068693,201,13.40000069886446,False,False,1
2325,2325,610553864,0.009095,201,13.40000069886446,False,False,1
2326,2326,610647538,0.0093674,202,13.466667369008064,False,False,1
2327,2327,610733428,0.008589,202,13.466667369008064,False,False,1
2328,2328,610801220,0.0067792,202,13.466667369008064,False,False,1
2329,2329,610885497,0.0084277,202,13.466667369008064,False,False,1
2330,2330,610967606,0.0082109,203,13.533334039151669,False,False,1
2331,2331,611060801,0.0093195,203,13.533334039151669,False,False,1
2332,2332,611125999,0.0065198,203,13.533334039151669,False,False,1
2333,2333,611235027,0.0109028,203,13.533334039151669,False,False,1
2334,2334,611302152,0.0067125,204,13.600000709295273,False,False,1
2335,2335,611385825,0.0083673,204,13.600000709295273,False,False,1
2336,2336,611476887,0.0091062,204,13.600000709295273,False,False,1
2337,2337,611562878,0.0085991,204,13.600000709295273,False,False,1
2338,2338,611628047,0.0065169,204,13.600000709295273,False,False,1
2339,2339,611720671,0.0092624,205,13.666667379438877,False,False,1
2340,2340,611807092,0.0086421,205,13.666667379438877,False,False,1
2341,2341,611904574,0.0097482,205,13.666667379438877,False,False,1
2342,2342,611970791,0.0066217,206,13.733334049582481,False,False,1
2343,2343,612061758,0.0090967,206,13.733334049582481,False,False,1
2344,2344,612146608,0.008485,206,13.733334049582481,False,False,1
2345,2345,612219937,0.0073329,206,13.733334049582481,False,False,1
2346,2346,612309960,0.0090023,207,13.800000719726086,False,False,1
2347,2347,612389428,0.0079468,207,13.800000719726086,False,False,1
2348,2348,612476083,0.0086655,207,13.800000719726086,False,False,1
2349,2349,612550771,0.0074688,207,13.800000719726086,False,False,1
2350,2350,612638874,0.0088103,208,13.86666738986969,False,False,1
2351,2351,612710286,0.0071412,208,13.86666738986969,False,False,1
2352,2352,612796097,0.0085811,208,13.86666738986969,False,False,1
2353,2353,612893912,0.0097815,208,13.86666738986969,False,False,1
2354,2354,612986509,0.0092597,209,13.933334060013294,False,False,1
2355,2355,613051414,0.0064905,209,13.933334060013294,False,False,1
2356,2356,613142436,0.0091022,209,13.933334060013294,False,False,1
2357,2357,613229045,0.0086609,209,13.933334060013294,False,False,1
2358,2358,613303726,0.0074681,210,14.000000730156898,False,False,1
2359,2359,613392630,0.0088904,210,14.000000730156898,False,False,1
2360,2360,613461726,0.0069096,210,14.000000730156898,False,False,1
2361,2361,613546344,0.0084618,210,14.000000730156898,False,False,1
2362,2362,613639106,0.0092762,211,14.066667400300503,False,False,1
2363,2363,613723473,0.0084367,211,14.066667400300503,False,False,1
2364,2364,613799248,0.0075775,211,14.066667400300503,False,False,1
2365,2365,613887397,0.0088149,211,14.066667400300503,False,False,1
2366,2366,613978712,0.0091315,212,14.133334070444107,False,False,1
2367,2367,614068703,0.0089991,212,14.133334070444107,False,False,1
2368,2368,614132440,0.0063737,212,14.133334070444107,False,False,1
2369,2369,614219597,0.0087157,212,14.133334070444107,False,False,1
2370,2370,614308579,0.0088982,213,14.200000740587711,False,False,1
2371,2371,614406182,0.0097603,213,14.200000740587711,False,False,1
2372,2372,614471341,0.0065159,213,14.200000740587711,False,False,1
2373,2373,614541763,0.0070422,213,14.200000740587711,False,False,1
2374,2374,614638665,0.0096902,214,14.266667410731316,False,False,1
2375,2375,614709486,0.0070821,214,14.266667410731316,False,False,1
2376,2376,614802507,0.0093021,214,14.266667410731316,False,False,1
2377,2377,614894967,0.009246,214,14.266667410731316,False,False,1
2378,2378,614963931,0.0068964,215,14.33333408087492,False,False,1
2379,2379,615055795,0.0091864,215,14.33333408087492,False,False,1
2380,2380,615155612,0.0099817,215,14.33333408087492,False,False,1
2381,2381,615219631,0.0064019,215,14.33333408087492,False,False,1
2382,2382,615293049,0.0073418,215,14.33333408087492,False,False,1
2383,2383,615392719,0.009967,216,14.400000751018524,False,False,1
2384,2384,615463796,0.0071077,216,14.400000751018524,False,False,1
2385,2385,615563574,0.0099778,216,14.400000751018524,False,False,1
2386,2386,615633458,0.0069884,217,14.466667421162128,False,False,1
2387,2387,615734543,0.0101085,217,14.466667421162128,False,False,1
2388,2388,615801993,0.006745,217,14.466667421162128,False,False,1
2389,2389,615896011,0.0094018,217,14.466667421162128,False,False,1
2390,2390,615962471,0.006646,218,14.533334091305733,False,False,1
2391,2391,616051545,0.0089074,218,14.533334091305733,False,False,1
2392,2392,616149250,0.0097705,218,14.533334091305733,False,False,1
2393,2393,616216711,0.0067461,218,14.533334091305733,False,False,1
2394,2394,616305821,0.008911,219,14.600000761449337,False,False,1
2395,2395,616394736,0.0088915,219,14.600000761449337,False,False,1
2396,2396,616461592,0.0066856,219,14.600000761449337,False,False,1
2397,2397,616564363,0.0102771,219,14.600000761449337,False,False,1
2398,2398,616627627,0.0063264,219,14.600000761449337,False,False,1
2399,2399,616729438,0.0101811,220,14.666667431592941,False,False,1
2400,2400,616795407,0.0065969,220,14.666667431592941,False,False,1
2401,2401,616885844,0.0090437,220,14.666667431592941,False,False,1
2402,2402,616972338,0.0086494,221,14.733334101736546,False,False,1
2403,2403,617044397,0.0072059,221,14.733334101736546,False,False,1
2404,2404,617126906,0.0082509,221,14.733334101736546,False,False,1
2405,2405,617223095,0.0096189,221,14.733334101736546,False,False,1
2406,2406,617309154,0.0086059,222,14.80000077188015,False,False,1
2407,2407,617379192,0.0070038,222,14.80000077188015,False,False,1
2408,2408,617461247,0.0082055,222,14.80000077188015,False,False,1
2409,2409,617554018,0.0092771,222,14.80000077188015,False,False,1
2410,2410,617651310,0.0097292,223,14.866667442023754,False,False,1
2411,2411,617715111,0.0063801,223,14.866667442023754,False,False,1
2412,2412,617816658,0.0101547,223,14.866667442023754,False,False,1
2413,2413,617881851,0.0065193,223,14.866667442023754,False,False,1
2414,2414,617970974,0.0089123,224,14.933334112167358,False,False,1
2415,2415,618056504,0.008553,224,14.933334112167358,False,False,1
2416,2416,618127695,0.0071191,224,14.933334112167358,False,False,1
2417,2417,618214514,0.0086819,224,14.933334112167358,False,False,1
2418,2418,618306685,0.0092171,225,15.000000782310963,False,False,1
2419,2419,618388346,0.0081661,225,15.000000782310963,False,False,1
2420,2420,618463237,0.0074891,225,15.000000782310963,False,False,1
2421,2421,618547185,0.0083948,225,15.000000782310963,False,False,1
2422,2422,618639738,0.0092553,226,15.066667452454567,False,False,1
2423,2423,618730153,0.0090415,226,15.066667452454567,False,False,1
2424,2424,618794718,0.0064565,226,15.066667452454567,False,False,1
2425,2425,618877260,0.0082542,226,15.066667452454567,False,False,1
2426,2426,618966743,0.0089483,227,15.133334122598171,False,False,1
2427,2427,619055983,0.008924,227,15.133334122598171,False,False,1
2428,2428,619140583,0.00846,227,15.133334122598171,False,False,1
2429,2429,619227236,0.0086653,227,15.133334122598171,False,False,1
2430,2430,619311484,0.0084248,228,15.200000792741776,False,False,1
2431,2431,619385746,0.0074262,228,15.200000792741776,False,False,1
2432,2432,619479876,0.009413,228,15.200000792741776,False,False,1
2433,2433,619551303,0.0071427,228,15.200000792741776,False,False,1
2434,2434,619636384,0.0085081,229,15.26666746288538,False,False,1
2435,2435,619730436,0.0094052,229,15.26666746288538,False,False,1
2436,2436,619792510,0.0062074,229,15.26666746288538,False,False,1
2437,2437,619896232,0.0103722,229,15.26666746288538,False,False,1
2438,2438,619958223,0.0061991,229,15.26666746288538,False,False,1
2439,2439,620051790,0.0093567,230,15.333334133028984,False,False,1
2440,2440,620148836,0.0097046,230,15.333334133028984,False,False,1
2441,2441,620224151,0.0075315,230,15.333334133028984,False,False,1
2442,2442,620320633,0.0096482,231,15.400000803172588,False,False,1
2443,2443,620385610,0.0064977,231,15.400000803172588,False,False,1
2444,2444,620477950,0.009234,231,15.400000803172588,False,False,1
2445,2445,620565444,0.0087494,231,15.400000803172588,False,False,1
2446,2446,620638793,0.0073349,232,15.466667473316193,False,False,1
2447,2447,620730158,0.0091365,232,15.466667473316193,False,False,1
2448,2448,620803290,0.0073132,232,15.466667473316193,False,False,1
2449,2449,620889102,0.0085812,232,15.466667473316193,False,False,1
2450,2450,620962751,0.0073649,233,15.533334143459797,False,False,1
2451,2451,621051874,0.0089123,233,15.533334143459797,False,False,1
2452,2452,621139297,0.0087423,233,15.533334143459797,False,False,1
2453,2453,621236379,0.0097082,233,15.533334143459797,False,False,1
2454,2454,621284446,0.0048067,233,15.533334143459797,False,False,1
2455,2455,621381135,0.0096689,234,15.600000813603401,False,False,1
2456,2456,621466189,0.0085054,234,15.600000813603401,False,False,1
2457,2457,621562996,0.0096807,234,15.600000813603401,False,False,1
2458,2458,621654890,0.0091894,235,15.666667483747005,False,False,1
2459,2459,621724389,0.0069499,235,15.666667483747005,False,False,1
2460,2460,621815707,0.0091318,235,15.666667483747005,False,False,1
2461,2461,621879056,0.0063349,235,15.666667483747005,False,False,1
2462,2462,621968368,0.0089312,236,15.73333415389061,False,False,1
2463,2463,622061401,0.0093033,236,15.73333415389061,False,False,1
2464,2464,622152929,0.0091528,236,15.73333415389061,False,False,1
2465,2465,622217885,0.0064956,236,15.73333415389061,False,False,1
2466,2466,622322039,0.0104154,237,15.800000824034214,False,False,1
2467,2467,622386345,0.0064306,237,15.800000824034214,False,False,1
2468,2468,622480726,0.0094381,237,15.800000824034214,False,False,1
2469,2469,622544253,0.0063527,237,15.800000824034214,False,False,1
2470,2470,622641170,0.0096917,238,15.866667494177818,False,False,1
2471,2471,622726424,0.0085254,238,15.866667494177818,False,False,1
2472,2472,622798137,0.0071713,238,15.866667494177818,False,False,1
2473,2473,622888586,0.0090449,238,15.866667494177818,False,False,1
2474,2474,622962834,0.0074248,238,15.866667494177818,False,False,1
2475,2475,623057346,0.0094512,239,15.933334164321423,False,False,1
2476,2476,623132744,0.0075398,239,15.933334164321423,False,False,1
2477,2477,623219902,0.0087158,239,15.933334164321423,False,False,1
2478,2478,623292459,0.0072557,239,15.933334164321423,False,False,1
2479,2479,623376185,0.0083726,240,16.000000834465027,False,False,1
2480,2480,623477979,0.0101794,240,16.000000834465027,False,False,1
2481,2481,623578009,0.010003,240,16.000000834465027,False,False,1
2482,2482,623618911,0.0040902,240,16.000000834465027,False,False,1
2483,2483,623735528,0.0116617,241,16.066667504608631,False,False,1
2484,2484,623801254,0.0065726,241,16.066667504608631,False,False,1
2485,2485,623893086,0.0091832,241,16.066667504608631,False,False,1
2486,2486,623965106,0.007202,242,16.133334174752235,False,False,1
2487,2487,624062256,0.009715,242,16.133334174752235,False,False,1
2488,2488,624126796,0.006454,242,16.133334174752235,False,False,1
2489,2489,624221488,0.0094692,242,16.133334174752235,False,False,1
2490,2490,624311743,0.0090255,243,16.20000084489584,False,False,1
2491,2491,624391570,0.0079827,243,16.20000084489584,False,False,1
2492,2492,624482290,0.009072,243,16.20000084489584,False,False,1
2493,2493,624550849,0.0068559,243,16.20000084489584,False,False,1
2494,2494,624638146,0.0087297,244,16.266667515039444,False,False,1
2495,2495,624709361,0.0071215,244,16.266667515039444,False,False,1
2496,2496,624795517,0.0086156,244,16.266667515039444,False,False,1
2497,2497,624882575,0.0087058,244,16.266667515039444,False,False,1
2498,2498,624972536,0.0089961,245,16.333334185183048,False,False,1
2499,2499,625064543,0.0092007,245,16.333334185183048,False,False,1
2500,2500,625133190,0.0068647,245,16.333334185183048,False,False,1
2501,2501,625222337,0.0089147,245,16.333334185183048,False,False,1
2502,2502,625293477,0.007114,245,16.333334185183048,False,False,1
2503,2503,625377065,0.0083588,246,16.400000855326653,False,False,1
2504,2504,625479448,0.0102383,246,16.400000855326653,False,False,1
2505,2505,625542817,0.0063369,246,16.400000855326653,False,False,1
2506,2506,625634438,0.0091621,247,16.466667525470257,False,False,1
2507,2507,625716858,0.008242,247,16.466667525470257,False,False,1
2508,2508,625816048,0.009919,247,16.466667525470257,False,False,1
2509,2509,625878560,0.0062512,247,16.466667525470257,False,False,1
2510,2510,625965136,0.0086576,248,16.533334195613861,False,False,1
2511,2511,626057290,0.0092154,248,16.533334195613861,False,False,1
2512,2512,626146262,0.0088972,248,16.533334195613861,False,False,1
2513,2513,626239550,0.0093288,248,16.533334195613861,False,False,1
2514,2514,626304319,0.0064769,249,16.600000865757465,False,False,1
2515,2515,626405432,0.0101113,249,16.600000865757465,False,False,1
2516,2516,626453125,0.0047693,249,16.600000865757465,False,False,1
2517,2517,626543220,0.0090095,249,16.600000865757465,False,False,1
2518,2518,626629115,0.0085895,249,16.600000865757465,False,False,1
2519,2519,626720603,0.0091488,250,16.66666753590107,False,False,1
2520,2520,626807316,0.0086713,250,16.66666753590107,False,False,1
2521,2521,626878126,0.007081,250,16.66666753590107,False,False,1
2522,2522,626964931,0.0086805,251,16.733334206044674,False,False,1
2523,2523,627040199,0.0075268,251,16.733334206044674,False,False,1
2524,2524,627151544,0.0111345,251,16.733334206044674,False,False,1
2525,2525,627216839,0.0065295,251,16.733334206044674,False,False,1
2526,2526,627309858,0.0093019,252,16.800000876188278,False,False,1
2527,2527,627398292,0.0088434,252,16.800000876188278,False,False,1
2528,2528,627465662,0.006737,252,16.800000876188278,False,False,1
2529,2529,627551792,0.008613,252,16.800000876188278,False,False,1
2530,2530,627642267,0.0090475,253,16.866667546331882,False,False,1
2531,2531,627728902,0.0086635,253,16.866667546331882,False,False,1
2532,2532,627797391,0.0068489,253,16.866667546331882,False,False,1
2533,2533,627889225,0.0091834,253,16.866667546331882,False,False,1
2534,2534,627961786,0.0072561,253,16.866667546331882,False,False,1
2535,2535,628052981,0.0091195,254,16.933334216475487,False,False,1
2536,2536,628139836,0.0086855,254,16.933334216475487,False,False,1
2537,2537,628224149,0.0084313,254,16.933334216475487,False,False,1
2538,2538,628311974,0.0087825,255,17.000000886619091,False,False,1
2539,2539,628377660,0.0065686,255,17.000000886619091,False,False,1
2540,2540,628470183,0.0092523,255,17.000000886619091,False,False,1
2541,2541,628559511,0.0089328,255,17.000000886619091,False,False,1
2542,2542,628643813,0.0084302,256,17.066667556762695,False,False,1
2543,2543,628708874,0.0065061,256,17.066667556762695,False,False,1
2544,2544,628794123,0.0085249,256,17.066667556762695,False,False,1
2545,2545,628881400,0.0087277,256,17.066667556762695,False,False,1
2546,2546,628964699,0.0083299,257,17.1333342269063,False,False,1
2547,2547,629062757,0.0098058,257,17.1333342269063,False,False,1
2548,2548,629146406,0.0083649,257,17.1333342269063,False,False,1
2549,2549,629210174,0.0063768,257,17.1333342269063,False,False,1
2550,2550,629293391,0.0083217,257,17.1333342269063,False,False,1
2551,2551,629379250,0.0085859,258,17.200000897049904,False,False,1
2552,2552,629462838,0.0083588,258,17.200000897049904,False,False,1
2553,2553,629551403,0.0088565,258,17.200000897049904,False,False,1
2554,2554,629625558,0.0074155,258,17.200000897049904,False,False,1
2555,2555,629718776,0.0093218,259,17.266667567193508,False,False,1
2556,2556,629814368,0.0095592,259,17.266667567193508,False,False,1
2557,2557,629879295,0.0064927,259,17.266667567193508,False,False,1
2558,2558,629975726,0.0096431,260,17.333334237337112,False,False,1
2559,2559,630048274,0.0072548,260,17.333334237337112,False,False,1
2560,2560,630141022,0.0092748,260,17.333334237337112,False,False,1
2561,2561,630228992,0.008797,260,17.333334237337112,False,False,1
2562,2562,630300917,0.0071925,261,17.400000907480717,False,False,1
2563,2563,630396028,0.0095111,261,17.400000907480717,False,False,1
2564,2564,630464533,0.0068505,261,17.400000907480717,False,False,1
2565,2565,630547446,0.0082913,261,17.400000907480717,False,False,1
2566,2566,630644289,0.0096843,262,17.466667577624321,False,False,1
2567,2567,630729009,0.008472,262,17.466667577624321,False,False,1
2568,2568,630802255,0.0073246,262,17.466667577624321,False,False,1
2569,2569,630885415,0.008316,262,17.466667577624321,False,False,1
2570,2570,630977075,0.009166,263,17.533334247767925,False,False,1
2571,2571,631062449,0.0085374,263,17.533334247767925,False,False,1
2572,2572,631147440,0.0084991,263,17.533334247767925,False,False,1
2573,2573,631236944,0.0089504,263,17.533334247767925,False,False,1
2574,2574,631301188,0.0064244,264,17.60000091791153,False,False,1
2575,2575,631388281,0.0087093,264,17.60000091791153,False,False,1
2576,2576,631473835,0.0085554,264,17.60000091791153,False,False,1
2577,2577,631574863,0.0101028,264,17.60000091791153,False,False,1
2578,2578,631618137,0.0043274,264,17.60000091791153,False,False,1
2579,2579,631730616,0.0112479,265,17.666667588055134,False,False,1
2580,2580,631793871,0.0063255,265,17.666667588055134,False,False,1
2581,2581,631884248,0.0090377,265,17.666667588055134,False,False,1
2582,2582,631969828,0.008558,266,17.733334258198738,False,False,1
2583,2583,632063200,0.0093372,266,17.733334258198738,False,False,1
2584,2584,632151308,0.0088108,266,17.733334258198738,False,False,1
2585,2585,632215345,0.0064037,266,17.733334258198738,False,False,1
2586,2586,632303904,0.0088559,267,17.800000928342342,False,False,1
2587,2587,632377332,0.0073428,267,17.800000928342342,False,False,1
2588,2588,632467236,0.0089904,267,17.800000928342342,False,False,1
2589,2589,632560112,0.0092876,267,17.800000928342342,False,False,1
2590,2590,632653692,0.009358,268,17.866667598485947,False,False,1
2591,2591,632718867,0.0065175,268,17.866667598485947,False,False,1
2592,2592,632814771,0.0095904,268,17.866667598485947,False,False,1
2593,2593,632882648,0.0067877,268,17.866667598485947,False,False,1
2594,2594,632977689,0.0095041,269,17.933334268629551,False,False,1
2595,2595,633060841,0.0083152,269,17.933334268629551,False,False,1
2596,2596,633132330,0.0071489,269,17.933334268629551,False,False,1
2597,2597,633218172,0.0085842,269,17.933334268629551,False,False,1
2598,2598,633296803,0.0078631,269,17.933334268629551,False,False,1
2599,2599,633400338,0.0103535,270,18.000000938773155,False,False,1
2600,2600,633464910,0.0064572,270,18.000000938773155,False,False,1
2601,2601,633554589,0.0089679,270,18.000000938773155,False,False,1
2602,2602,633645941,0.0091352,271,18.066667608916759,False,False,1
2603,2603,633736249,0.0090308,271,18.066667608916759,False,False,1
2604,2604,633801032,0.0064783,271,18.066667608916759,False,False,1
2605,2605,633889526,0.0088494,271,18.066667608916759,False,False,1
2606,2606,633976916,0.008739,272,18.133334279060364,False,False,1
2607,2607,634047444,0.0070528,272,18.133334279060364,False,False,1
2608,2608,634136641,0.0089197,272,18.133334279060364,False,False,1
2609,2609,634208023,0.0071382,272,18.133334279060364,False,False,1
2610,2610,634294643,0.008662,272,18.133334279060364,False,False,1
2611,2611,634388470,0.0093827,273,18.200000949203968,False,False,1
2612,2612,634478362,0.0089892,273,18.200000949203968,False,False,1
2613,2613,634546047,0.0067685,273,18.200000949203968,False,False,1
2614,2614,634644099,0.0098052,274,18.266667619347572,False,False,1
2615,2615,634709292,0.0065193,274,18.266667619347572,False,False,1
2616,2616,634818083,0.0108791,274,18.266667619347572,False,False,1
2617,2617,634886015,0.0067932,274,18.266667619347572,False,False,1
2618,2618,634959597,0.0073582,274,18.266667619347572,False,False,1
2619,2619,635044945,0.0085348,275,18.333334289491177,False,False,1
2620,2620,635167200,0.0122255,275,18.333334289491177,False,False,1
2621,2621,635207672,0.0040472,275,18.333334289491177,False,False,1
2622,2622,635310442,0.010277,276,18.400000959634781,False,False,1
2623,2623,635398387,0.0087945,276,18.400000959634781,False,False,1
2624,2624,635463575,0.0065188,276,18.400000959634781,False,False,1
2625,2625,635546518,0.0082943,276,18.400000959634781,False,False,1
2626,2626,635637078,0.009056,277,18.466667629778385,False,False,1
2627,2627,635726070,0.0088992,277,18.466667629778385,False,False,1
2628,2628,635813546,0.0087476,277,18.466667629778385,False,False,1
2629,2629,635908204,0.0094658,277,18.466667629778385,False,False,1
2630,2630,635971146,0.0062942,278,18.533334299921989,False,False,1
2631,2631,636062551,0.0091405,278,18.533334299921989,False,False,1
2632,2632,636146042,0.0083491,278,18.533334299921989,False,False,1
2633,2633,636218712,0.007267,278,18.533334299921989,False,False,1
2634,2634,636309340,0.0090628,279,18.600000970065594,False,False,1
2635,2635,636382038,0.0072698,279,18.600000970065594,False,False,1
2636,2636,636467883,0.0085845,279,18.600000970065594,False,False,1
2637,2637,636558590,0.0090707,279,18.600000970065594,False,False,1
2638,2638,636644344,0.0085754,280,18.666667640209198,False,False,1
2639,2639,636722880,0.0078536,280,18.666667640209198,False,False,1
2640,2640,636812536,0.0089656,280,18.666667640209198,False,False,1
2641,2641,636877215,0.0064679,280,18.666667640209198,False,False,1
2642,2642,636962804,0.0085589,280,18.666667640209198,False,False,1
2643,2643,637055346,0.0092542,281,18.733334310352802,False,False,1
2644,2644,637146615,0.0091269,281,18.733334310352802,False,False,1
2645,2645,637212895,0.006628,281,18.733334310352802,False,False,1
2646,2646,637303676,0.0090781,282,18.800000980496407,False,False,1
2647,2647,637395524,0.0091848,282,18.800000980496407,False,False,1
2648,2648,637462349,0.0066825,282,18.800000980496407,False,False,1
2649,2649,637545875,0.0083526,282,18.800000980496407,False,False,1
2650,2650,637636808,0.0090933,283,18.866667650640011,False,False,1
2651,2651,637721824,0.0085016,283,18.866667650640011,False,False,1
2652,2652,637793458,0.0071634,283,18.866667650640011,False,False,1
2653,2653,637876399,0.0082941,283,18.866667650640011,False,False,1
2654,2654,637976330,0.0099931,284,18.933334320783615,False,False,1
2655,2655,638063013,0.0086683,284,18.933334320783615,False,False,1
2656,2656,638126708,0.0063695,284,18.933334320783615,False,False,1
2657,2657,638210538,0.008383,284,18.933334320783615,False,False,1
2658,2658,638300425,0.0089887,285,19.000000990927219,False,False,1
2659,2659,638391609,0.0091184,285,19.000000990927219,False,False,1
2660,2660,638480626,0.0089017,285,19.000000990927219,False,False,1
2661,2661,638551073,0.0070447,285,19.000000990927219,False,False,1
2662,2662,638639002,0.0087929,286,19.066667661070824,False,False,1
2663,2663,638736081,0.0097079,286,19.066667661070824,False,False,1
2664,2664,638802085,0.0066004,286,19.066667661070824,False,False,1
2665,2665,638894932,0.0092847,286,19.066667661070824,False,False,1
2666,2666,638979837,0.0084905,287,19.133334331214428,False,False,1
2667,2667,639048059,0.0068222,287,19.133334331214428,False,False,1
2668,2668,639136402,0.0088343,287,19.133334331214428,False,False,1
2669,2669,639228010,0.0091608,287,19.133334331214428,False,False,1
2670,2670,639314493,0.0086483,288,19.200001001358032,False,False,1
2671,2671,639382249,0.0067756,288,19.200001001358032,False,False,1
2672,2672,639477783,0.0095534,288,19.200001001358032,False,False,1
2673,2673,639548513,0.007073,288,19.200001001358032,False,False,1
2674,2674,639649510,0.0100997,289,19.266667671501637,False,False,1
2675,2675,639714573,0.0065063,289,19.266667671501637,False,False,1
2676,2676,639807340,0.0092767,289,19.266667671501637,False,False,1
2677,2677,639876214,0.0068874,289,19.266667671501637,False,False,1
2678,2678,639966095,0.0089881,289,19.266667671501637,False,False,1
2679,2679,640053053,0.0086958,290,19.333334341645241,False,False,1
2680,2680,640149419,0.0096366,290,19.333334341645241,False,False,1
2681,2681,640210732,0.0061313,290,19.333334341645241,False,False,1
2682,2682,640311479,0.0100747,291,19.400001011788845,False,False,1
2683,2683,640378561,0.0067082,291,19.400001011788845,False,False,1
2684,2684,640456868,0.0078307,291,19.400001011788845,False,False,1
2685,2685,640551810,0.0094942,291,19.400001011788845,False,False,1
2686,2686,640624871,0.0073061,291,19.400001011788845,False,False,1
2687,2687,640717853,0.0092982,292,19.466667681932449,False,False,1
2688,2688,640806760,0.0088907,292,19.466667681932449,False,False,1
2689,2689,640899191,0.0092431,292,19.466667681932449,False,False,1
2690,2690,640963999,0.0064808,293,19.533334352076054,False,False,1
2691,2691,641057649,0.009365,293,19.533334352076054,False,False,1
2692,2692,641142916,0.0085267,293,19.533334352076054,False,False,1
2693,2693,641234573,0.0091657,293,19.533334352076054,False,False,1
2694,2694,641295662,0.0061089,294,19.600001022219658,False,False,1
2695,2695,641389458,0.0093796,294,19.600001022219658,False,False,1
2696,2696,641478773,0.0089315,294,19.600001022219658,False,False,1
2697,2697,641542659,0.0063886,294,19.600001022219658,False,False,1
2698,2698,641658660,0.0116001,295,19.666667692363262,False,False,1
2699,2699,641721015,0.0062355,295,19.666667692363262,False,False,1
2700,2700,641812353,0.0091338,295,19.666667692363262,False,False,1
2701,2701,641886073,0.007372,295,19.666667692363262,False,False,1
2702,2702,641979595,0.0093522,296,19.733334362506866,False,False,1
2703,2703,642063861,0.0084266,296,19.733334362506866,False,False,1
2704,2704,642130722,0.0066861,296,19.733334362506866,False,False,1
2705,2705,642216552,0.008583,296,19.733334362506866,False,False,1
2706,2706,642318397,0.0101845,297,19.800001032650471,False,False,1
2707,2707,642384032,0.0065635,297,19.800001032650471,False,False,1
2708,2708,642480437,0.0096405,297,19.800001032650471,False,False,1
2709,2709,642544036,0.0063599,297,19.800001032650471,False,False,1
2710,2710,642646721,0.0102685,298,19.866667702794075,False,False,1
2711,2711,642712481,0.006576,298,19.866667702794075,False,False,1
2712,2712,642791221,0.007874,298,19.866667702794075,False,False,1
2713,2713,642876589,0.0085368,298,19.866667702794075,False,False,1
2714,2714,642978286,0.0101697,299,19.933334372937679,False,False,1
2715,2715,643068585,0.0090299,299,19.933334372937679,False,False,1
2716,2716,643134468,0.0065883,299,19.933334372937679,False,False,1
2717,2717,643229536,0.0095068,299,19.933334372937679,False,False,1
2718,2718,643294264,0.0064728,299,19.933334372937679,False,False,1
2719,2719,643382748,0.0088484,300,20.000001043081284,False,False,1
2720,2720,643474090,0.0091342,300,20.000001043081284,False,False,1
2721,2721,643576932,0.0102842,300,20.000001043081284,False,False,1
2722,2722,643621472,0.004454,300,20.000001043081284,False,False,1
2723,2723,643723792,0.010232,301,20.066667713224888,False,False,1
2724,2724,643795878,0.0072086,301,20.066667713224888,False,False,1
2725,2725,643879747,0.0083869,301,20.066667713224888,False,False,1
2726,2726,643976253,0.0096506,302,20.133334383368492,False,False,1
2727,2727,644055350,0.0079097,302,20.133334383368492,False,False,1
2728,2728,644157625,0.0102275,302,20.133334383368492,False,False,1
2729,2729,644203269,0.0045644,302,20.133334383368492,False,False,1
2730,2730,644307597,0.0104328,303,20.200001053512096,False,False,1
2731,2731,644381100,0.0073503,303,20.200001053512096,False,False,1
2732,2732,644485069,0.0103969,303,20.200001053512096,False,False,1
2733,2733,644553923,0.0068854,303,20.200001053512096,False,False,1
2734,2734,644627547,0.0073624,303,20.200001053512096,False,False,1
2735,2735,644724359,0.0096812,304,20.2666677236557,False,False,1
2736,2736,644800158,0.0075799,304,20.2666677236557,False,False,1
2737,2737,644900376,0.0100218,304,20.2666677236557,False,False,1
2738,2738,644970648,0.0070272,305,20.333334393799305,False,False,1
2739,2739,645068846,0.0098198,305,20.333334393799305,False,False,1
2740,2740,645135698,0.0066852,305,20.333334393799305,False,False,1
2741,2741,645218831,0.0083133,305,20.333334393799305,False,False,1
2742,2742,645315882,0.0097051,306,20.400001063942909,False,False,1
2743,2743,645392431,0.0076549,306,20.400001063942909,False,False,1
2744,2744,645463856,0.0071425,306,20.400001063942909,False,False,1
2745,2745,645562097,0.0098241,306,20.400001063942909,False,False,1
2746,2746,645628050,0.0065953,306,20.400001063942909,False,False,1
2747,2747,645727303,0.0099253,307,20.466667734086514,False,False,1
2748,2748,645799017,0.0071714,307,20.466667734086514,False,False,1
2749,2749,645895486,0.0096469,307,20.466667734086514,False,False,1
2750,2750,645966224,0.0070738,307,20.466667734086514,False,False,1
2751,2751,646045519,0.0079295,308,20.533334404230118,False,False,1
2752,2752,646143712,0.0098193,308,20.533334404230118,False,False,1
2753,2753,646209933,0.0066221,308,20.533334404230118,False,False,1
2754,2754,646314093,0.010416,309,20.600001074373722,False,False,1
2755,2755,646384671,0.0070578,309,20.600001074373722,False,False,1
2756,2756,646485424,0.0100753,309,20.600001074373722,False,False,1
2757,2757,646551175,0.0065751,309,20.600001074373722,False,False,1
2758,2758,646626216,0.0075041,309,20.600001074373722,False,False,1
2759,2759,646717137,0.0090921,310,20.666667744517326,False,False,1
2760,2760,646790931,0.0073794,310,20.666667744517326,False,False,1
2761,2761,646880389,0.0089458,310,20.666667744517326,False,False,1
2762,2762,646956713,0.0076324,310,20.666667744517326,False,False,1
2763,2763,647046117,0.0089404,311,20.733334414660931,False,False,1
2764,2764,647129155,0.0083038,311,20.733334414660931,False,False,1
2765,2765,647226855,0.00977,311,20.733334414660931,False,False,1
2766,2766,647298376,0.0071521,312,20.800001084804535,False,False,1
2767,2767,647398092,0.0099716,312,20.800001084804535,False,False,1
2768,2768,647464471,0.0066379,312,20.800001084804535,False,False,1
2769,2769,647559081,0.009461,312,20.800001084804535,False,False,1
2770,2770,647628304,0.0069223,312,20.800001084804535,False,False,1
2771,2771,647725131,0.0096827,313,20.866667754948139,False,False,1
2772,2772,647816232,0.0091101,313,20.866667754948139,False,False,1
2773,2773,647893356,0.0077124,313,20.866667754948139,False,False,1
2774,2774,647963422,0.0070066,313,20.866667754948139,False,False,1
2775,2775,648061130,0.0097708,314,20.933334425091743,False,False,1
2776,2776,648128985,0.0067855,314,20.933334425091743,False,False,1
2777,2777,648230008,0.0101023,314,20.933334425091743,False,False,1
2778,2778,648301516,0.0071508,315,21.000001095235348,False,False,1
2779,2779,648379244,0.0077728,315,21.000001095235348,False,False,1
2780,2780,648467823,0.0088579,315,21.000001095235348,False,False,1
2781,2781,648565825,0.0098002,315,21.000001095235348,False,False,1
2782,2782,648637182,0.0071357,316,21.066667765378952,False,False,1
2783,2783,648710369,0.0073187,316,21.066667765378952,False,False,1
2784,2784,648805108,0.0094739,316,21.066667765378952,False,False,1
2785,2785,648876308,0.00712,316,21.066667765378952,False,False,1
2786,2786,648973716,0.0097408,317,21.133334435522556,False,False,1
2787,2787,649050299,0.0076583,317,21.133334435522556,False,False,1
2788,2788,649147786,0.0097487,317,21.133334435522556,False,False,1
2789,2789,649222093,0.0074307,317,21.133334435522556,False,False,1
2790,2790,649293101,0.0071008,317,21.133334435522556,False,False,1
2791,2791,649388285,0.0095184,318,21.200001105666161,False,False,1
2792,2792,649485144,0.0096859,318,21.200001105666161,False,False,1
2793,2793,649554445,0.0069301,318,21.200001105666161,False,False,1
2794,2794,649645988,0.0091543,319,21.266667775809765,False,False,1
2795,2795,649710253,0.0064265,319,21.266667775809765,False,False,1
2796,2796,649804388,0.0094135,319,21.266667775809765,False,False,1
2797,2797,649894596,0.0090208,319,21.266667775809765,False,False,1
2798,2798,649985428,0.0090832,320,21.333334445953369,False,False,1
2799,2799,650050411,0.0064983,320,21.333334445953369,False,False,1
2800,2800,650141398,0.0090987,320,21.333334445953369,False,False,1
2801,2801,650209932,0.0068534,320,21.333334445953369,False,False,1
2802,2802,650304196,0.0094264,321,21.400001116096973,False,False,1
2803,2803,650382522,0.0078326,321,21.400001116096973,False,False,1
2804,2804,650485387,0.0102865,321,21.400001116096973,False,False,1
2805,2805,650561008,0.0075621,321,21.400001116096973,False,False,1
2806,2806,650643784,0.0082776,322,21.466667786240578,False,False,1
2807,2807,650724677,0.0080893,322,21.466667786240578,False,False,1
2808,2808,650815261,0.0090584,322,21.466667786240578,False,False,1
2809,2809,650872924,0.0057663,322,21.466667786240578,False,False,1
2810,2810,650985405,0.0112481,323,21.533334456384182,False,False,1
2811,2811,651068945,0.008354,323,21.533334456384182,False,False,1
2812,2812,651119078,0.0050133,323,21.533334456384182,False,False,1
2813,2813,651233353,0.0114275,323,21.533334456384182,False,False,1
2814,2814,651301388,0.0068035,324,21.600001126527786,False,False,1
2815,2815,651383876,0.0082488,324,21.600001126527786,False,False,1
2816,2816,651471874,0.0087998,324,21.600001126527786,False,False,1
2817,2817,651559020,0.0087146,324,21.600001126527786,False,False,1
2818,2818,651646956,0.0087936,325,21.666667796671391,False,False,1
2819,2819,651734902,0.0087946,325,21.666667796671391,False,False,1
2820,2820,651797024,0.0062122,325,21.666667796671391,False,False,1
2821,2821,651888816,0.0091792,325,21.666667796671391,False,False,1
2822,2822,651975297,0.0086481,326,21.733334466814995,False,False,1
2823,2823,652068976,0.0093679,326,21.733334466814995,False,False,1
2824,2824,652128814,0.0059838,326,21.733334466814995,False,False,1
2825,2825,652218099,0.0089285,326,21.733334466814995,False,False,1
2826,2826,652303069,0.008497,327,21.8000011369586,False,False,1
2827,2827,652381810,0.0078741,327,21.8000011369586,False,False,1
2828,2828,652471090,0.008928,327,21.8000011369586,False,False,1
2829,2829,652543818,0.0072728,327,21.8000011369586,False,False,1
2830,2830,652631467,0.0087649,328,21.866667807102203,False,False,1
2831,2831,652725650,0.0094183,328,21.866667807102203,False,False,1
2832,2832,652816533,0.0090883,328,21.866667807102203,False,False,1
2833,2833,652882053,0.006552,328,21.866667807102203,False,False,1
2834,2834,652977276,0.0095223,329,21.933334477245808,False,False,1
2835,2835,653044901,0.0067625,329,21.933334477245808,False,False,1
2836,2836,653133025,0.0088124,329,21.933334477245808,False,False,1
2837,2837,653217597,0.0084572,329,21.933334477245808,False,False,1
2838,2838,653325880,0.0108283,330,22.000001147389412,False,False,1
2839,2839,653365108,0.0039228,330,22.000001147389412,False,False,1
2840,2840,653478034,0.0112926,330,22.000001147389412,False,False,1
2841,2841,653562749,0.0084715,330,22.000001147389412,False,False,1
2842,2842,653631687,0.0068938,331,22.066667817533016,False,False,1
2843,2843,653728125,0.0096438,331,22.066667817533016,False,False,1
2844,2844,653794377,0.0066252,331,22.066667817533016,False,False,1
2845,2845,653890945,0.0096568,331,22.066667817533016,False,False,1
2846,2846,653977568,0.0086623,332,22.13333448767662,False,False,1
2847,2847,654074658,0.009709,332,22.13333448767662,False,False,1
2848,2848,654139039,0.0064381,332,22.13333448767662,False,False,1
2849,2849,654210478,0.0071439,332,22.13333448767662,False,False,1
2850,2850,654305231,0.0094753,333,22.200001157820225,False,False,1
2851,2851,654376460,0.0071229,333,22.200001157820225,False,False,1
2852,2852,654469721,0.0093261,333,22.200001157820225,False,False,1
2853,2853,654561750,0.0092029,333,22.200001157820225,False,False,1
2854,2854,654630083,0.0068333,334,22.266667827963829,False,False,1
2855,2855,654722754,0.0092671,334,22.266667827963829,False,False,1
2856,2856,654797373,0.0074619,334,22.266667827963829,False,False,1
2857,2857,654883607,0.0086234,334,22.266667827963829,False,False,1
2858,2858,654977582,0.0093975,335,22.333334498107433,False,False,1
2859,2859,655059474,0.0081892,335,22.333334498107433,False,False,1
2860,2860,655151157,0.0091683,335,22.333334498107433,False,False,1
2861,2861,655211106,0.0059949,335,22.333334498107433,False,False,1
2862,2862,655314711,0.0103605,336,22.400001168251038,False,False,1
2863,2863,655385793,0.0071082,336,22.400001168251038,False,False,1
2864,2864,655478272,0.0092479,336,22.400001168251038,False,False,1
2865,2865,655564510,0.0086238,336,22.400001168251038,False,False,1
2866,2866,655630404,0.0065894,337,22.466667838394642,False,False,1
2867,2867,655716523,0.0086119,337,22.466667838394642,False,False,1
2868,2868,655808141,0.0091618,337,22.466667838394642,False,False,1
2869,2869,655899235,0.0091094,337,22.466667838394642,False,False,1
2870,2870,655960827,0.0061592,337,22.466667838394642,False,False,1
2871,2871,656043928,0.0083101,338,22.533334508538246,False,False,1
2872,2872,656127071,0.0083143,338,22.533334508538246,False,False,1
2873,2873,656218067,0.0090996,338,22.533334508538246,False,False,1
2874,2874,656310994,0.0092927,339,22.60000117868185,False,False,1
2875,2875,656400356,0.0089362,339,22.60000117868185,False,False,1
2876,2876,656461727,0.0061371,339,22.60000117868185,False,False,1
2877,2877,656555416,0.0093689,339,22.60000117868185,False,False,1
2878,2878,656638875,0.0083459,340,22.666667848825455,False,False,1
2879,2879,656728065,0.008919,340,22.666667848825455,False,False,1
2880,2880,656810982,0.0082917,340,22.666667848825455,False,False,1
2881,2881,656881312,0.007033,340,22.666667848825455,False,False,1
2882,2882,656968997,0.0087685,341,22.733334518969059,False,False,1
2883,2883,657061174,0.0092177,341,22.733334518969059,False,False,1
2884,2884,657144562,0.0083388,341,22.733334518969059,False,False,1
2885,2885,657211146,0.0066584,341,22.733334518969059,False,False,1
2886,2886,657297093,0.0085947,342,22.800001189112663,False,False,1
2887,2887,657388756,0.0091663,342,22.800001189112663,False,False,1
2888,2888,657477073,0.0088317,342,22.800001189112663,False,False,1
2889,2889,657561757,0.0084684,342,22.800001189112663,False,False,1
2890,2890,657652597,0.009084,343,22.866667859256268,False,False,1
2891,2891,657720632,0.0068035,343,22.866667859256268,False,False,1
2892,2892,657818006,0.0097374,343,22.866667859256268,False,False,1
2893,2893,657884906,0.00669,343,22.866667859256268,False,False,1
2894,2894,657977127,0.0092221,344,22.933334529399872,False,False,1
2895,2895,658058973,0.0081846,344,22.933334529399872,False,False,1
2896,2896,658127053,0.006808,344,22.933334529399872,False,False,1
2897,2897,658210886,0.0083833,344,22.933334529399872,False,False,1
2898,2898,658308412,0.0097526,345,23.000001199543476,False,True,1
2899,2899,658408008,0.0099596,345,23.000001199543476,False,True,1
2900,2900,658451302,0.0043294,345,23.000001199543476,False,True,1
2901,2901,658564861,0.0113559,345,23.000001199543476,False,True,1
2902,2902,658638680,0.0073819,346,23.06666786968708,False,True,1
2903,2903,658742359,0.0103679,346,23.06666786968708,False,True,1
2904,2904,658784780,0.0042421,346,23.06666786968708,False,True,1
2905,2905,658896505,0.0111725,346,23.06666786968708,False,True,1
2906,2906,658982544,0.0086039,347,23.133334539830685,False,True,1
2907,2907,659043359,0.0060815,347,23.133334539830685,False,True,1
2908,2908,659140174,0.0096815,347,23.133334539830685,False,True,1
2909,2909,659201152,0.0060978,347,23.133334539830685,False,True,1
2910,2910,659298796,0.0097644,347,23.133334539830685,False,True,1
2911,2911,659398878,0.0100082,348,23.200001209974289,False,True,1
2912,2912,659462126,0.0063248,348,23.200001209974289,False,True,1
2913,2913,659549357,0.0087231,348,23.200001209974289,False,True,1
2914,2914,659642917,0.009356,349,23.266667880117893,False,True,1
2915,2915,659696863,0.0053946,349,23.266667880117893,False,True,1
2916,2916,659818490,0.0121627,349,23.266667880117893,False,True,1
2917,2917,659873303,0.0054813,349,23.266667880117893,False,True,1
2918,2918,659977789,0.0104486,350,23.333334550261497,False,True,1
2919,2919,660044193,0.0066404,350,23.333334550261497,False,True,1
2920,2920,660134860,0.0090667,350,23.333334550261497,False,True,1
2921,2921,660242292,0.0107432,350,23.333334550261497,False,True,1
2922,2922,660312241,0.0069949,351,23.4000012204051,False,True,1
2923,2923,660374892,0.0062651,351,23.4000012204051,False,True,1
2924,2924,660494377,0.0119485,351,23.4000012204051,False,True,1
2925,2925,660557300,0.0062923,351,23.4000012204051,False,True,1
2926,2926,660652252,0.0094952,352,23.466667890548706,False,True,1
2927,2927,660723097,0.0070845,352,23.466667890548706,False,True,1
2928,2928,660782286,0.0059189,352,23.466667890548706,False,True,1
2929,2929,660915518,0.0133232,352,23.466667890548706,False,True,1
2930,2930,660990350,0.0074832,353,23.53333456069231,False,True,1
2931,2931,661064256,0.0073906,353,23.53333456069231,False,True,1
2932,2932,661118567,0.0054311,353,23.53333456069231,False,True,1
2933,2933,661236041,0.0117474,353,23.53333456069231,False,True,1
2934,2934,661289260,0.0053219,353,23.53333456069231,False,True,1
2935,2935,661406518,0.0117258,354,23.600001230835915,False,True,1
2936,2936,661467151,0.0060633,354,23.600001230835915,False,True,1
2937,2937,661537249,0.0070098,354,23.600001230835915,False,True,1
2938,2938,661646904,0.0109655,355,23.666667900979519,False,True,1
2939,2939,661708680,0.0061776,355,23.666667900979519,False,True,1
2940,2940,661805108,0.0096428,355,23.666667900979519,False,True,1
2941,2941,661887084,0.0081976,355,23.666667900979519,False,True,1
2942,2942,661989323,0.0102239,356,23.733334571123123,False,True,1
2943,2943,662039771,0.0050448,356,23.733334571123123,False,True,1
2944,2944,662155550,0.0115779,356,23.733334571123123,False,True,1
2945,2945,662227658,0.0072108,356,23.733334571123123,False,True,1
2946,2946,662303780,0.0076122,357,23.800001241266727,False,True,1
2947,2947,662402279,0.0098499,357,23.800001241266727,False,True,1
2948,2948,662499851,0.0097572,357,23.800001241266727,False,True,1
2949,2949,662550967,0.0051116,357,23.800001241266727,False,True,1
2950,2950,662638293,0.0087326,358,23.866667911410332,False,True,1
2951,2951,662733354,0.0095061,358,23.866667911410332,False,True,1
2952,2952,662800652,0.0067298,358,23.866667911410332,False,True,1
2953,2953,662887795,0.0087143,358,23.866667911410332,False,True,1
2954,2954,662985665,0.009787,359,23.933334581553936,False,True,1
2955,2955,663077086,0.0091421,359,23.933334581553936,False,True,1
2956,2956,663130053,0.0052967,359,23.933334581553936,False,True,1
2957,2957,663248572,0.0118519,359,23.933334581553936,False,True,1
2958,2958,663302426,0.0053854,360,24.00000125169754,False,True,1
2959,2959,663401557,0.0099131,360,24.00000125169754,False,True,1
2960,2960,663460499,0.0058942,360,24.00000125169754,False,True,1
2961,2961,663579857,0.0119358,360,24.00000125169754,False,True,1
2962,2962,663635989,0.0056132,361,24.066667921841145,False,True,1
2963,2963,663722702,0.0086713,361,24.066667921841145,False,True,1
2964,2964,663799910,0.0077208,361,24.066667921841145,False,True,1
2965,2965,663891616,0.0091706,361,24.066667921841145,False,True,1
2966,2966,663967232,0.0075616,362,24.133334591984749,False,True,1
2967,2967,664053757,0.0086525,362,24.133334591984749,False,True,1
2968,2968,664159948,0.0106191,362,24.133334591984749,False,True,1
2969,2969,664211850,0.0051902,362,24.133334591984749,False,True,1
2970,2970,664319280,0.010743,363,24.200001262128353,False,True,1
2971,2971,664373262,0.0053982,363,24.200001262128353,False,True,1
2972,2972,664493407,0.0120145,363,24.200001262128353,False,True,1
2973,2973,664542151,0.0048744,363,24.200001262128353,False,True,1
2974,2974,664644204,0.0102053,364,24.266667932271957,False,True,1
2975,2975,664730281,0.0086077,364,24.266667932271957,False,True,1
2976,2976,664816737,0.0086456,364,24.266667932271957,False,True,1
2977,2977,664866819,0.0050082,364,24.266667932271957,False,True,1
2978,2978,664992022,0.0125203,365,24.333334602415562,False,True,1
2979,2979,665060106,0.0068084,365,24.333334602415562,False,True,1
2980,2980,665138392,0.0078286,365,24.333334602415562,False,True,1
2981,2981,665218271,0.0079879,365,24.333334602415562,False,True,1
2982,2982,665306392,0.0088121,366,24.400001272559166,False,True,1
2983,2983,665399049,0.0092657,366,24.400001272559166,False,True,1
2984,2984,665470459,0.007141,366,24.400001272559166,False,True,1
2985,2985,665555414,0.0084955,366,24.400001272559166,False,True,1
2986,2986,665651710,0.0096296,367,24.46666794270277,False,True,1
2987,2987,665729693,0.0077983,367,24.46666794270277,False,True,1
2988,2988,665816474,0.0086781,367,24.46666794270277,False,True,1
2989,2989,665895666,0.0079192,367,24.46666794270277,False,True,1
2990,2990,665967340,0.0071674,368,24.533334612846375,False,True,1
2991,2991,666066876,0.0099536,368,24.533334612846375,False,True,1
2992,2992,666133931,0.0067055,368,24.533334612846375,False,True,1
2993,2993,666238032,0.0104101,368,24.533334612846375,False,True,1
2994,2994,666313276,0.0075244,369,24.600001282989979,False,True,1
2995,2995,666389873,0.0076597,369,24.600001282989979,False,True,1
2996,2996,666469629,0.0079756,369,24.600001282989979,False,True,1
2997,2997,666553435,0.0083806,369,24.600001282989979,False,True,1
2998,2998,666642389,0.0088954,370,24.666667953133583,False,True,1
2999,2999,666714010,0.0071621,370,24.666667953133583,False,True,1
3000,3000,666800954,0.0086944,370,24.666667953133583,False,True,1
3001,3001,666898732,0.0097778,370,24.666667953133583,False,True,1
3002,3002,666988920,0.0090188,371,24.733334623277187,False,True,1
3003,3003,667052471,0.0063551,371,24.733334623277187,False,True,1
3004,3004,667154187,0.0101716,371,24.733334623277187,False,True,1
3005,3005,667215846,0.0061659,371,24.733334623277187,False,True,1
3006,3006,667312966,0.009712,372,24.800001293420792,False,True,1
3007,3007,667397975,0.0085009,372,24.800001293420792,False,True,1
3008,3008,667464986,0.0067011,372,24.800001293420792,False,True,1
3009,3009,667550423,0.0085437,372,24.800001293420792,False,True,1
3010,3010,667646759,0.0096336,373,24.866667963564396,False,True,1
3011,3011,667732751,0.0085992,373,24.866667963564396,False,True,1
3012,3012,667815783,0.0083032,373,24.866667963564396,False,True,1
3013,3013,667904658,0.0088875,373,24.866667963564396,False,True,1
3014,3014,667969727,0.0065069,374,24.933334633708,False,True,1
3015,3015,668059082,0.0089355,374,24.933334633708,False,True,1
3016,3016,668133315,0.0074233,374,24.933334633708,False,True,1
3017,3017,668236143,0.0102828,374,24.933334633708,False,True,1
3018,3018,668299391,0.0063248,375,25.000001303851604,False,True,1
3019,3019,668395602,0.0096211,375,25.000001303851604,False,True,1
3020,3020,668481938,0.0086336,375,25.000001303851604,False,True,1
3021,3021,668553176,0.0071238,375,25.000001303851604,False,True,1
3022,3022,668639816,0.008664,376,25.066667973995209,False,True,1
3023,3023,668730803,0.0090987,376,25.066667973995209,False,True,1
3024,3024,668794872,0.0064069,376,25.066667973995209,False,True,1
3025,3025,668881849,0.0086977,376,25.066667973995209,False,True,1
3026,3026,668965616,0.0083767,377,25.133334644138813,False,True,1
3027,3027,669061439,0.0095823,377,25.133334644138813,False,True,1
3028,3028,669151203,0.0089764,377,25.133334644138813,False,True,1
3029,3029,669223141,0.0071938,377,25.133334644138813,False,True,1
3030,3030,669320277,0.0097136,378,25.200001314282417,False,True,1
3031,3031,669390262,0.0069985,378,25.200001314282417,False,True,1
3032,3032,669487897,0.0097635,378,25.200001314282417,False,True,1
3033,3033,669563711,0.0075814,378,25.200001314282417,False,True,1
3034,3034,669656220,0.0092509,379,25.266667984426022,False,True,1
3035,3035,669719676,0.0063456,379,25.266667984426022,False,True,1
3036,3036,669815800,0.0096124,379,25.266667984426022,False,True,1
3037,3037,669880175,0.0064375,379,25.266667984426022,False,True,1
3038,3038,669972272,0.0092097,380,25.333334654569626,False,True,1
3039,3039,670059535,0.0087263,380,25.333334654569626,False,True,1
3040,3040,670153174,0.0093639,380,25.333334654569626,False,True,1
3041,3041,670215740,0.0062566,380,25.333334654569626,False,True,1
3042,3042,670317374,0.0101634,381,25.40000132471323,False,True,1
3043,3043,670382551,0.0065177,381,25.40000132471323,False,True,1
3044,3044,670480589,0.0098038,381,25.40000132471323,False,True,1
3045,3045,670566144,0.0085555,381,25.40000132471323,False,True,1
3046,3046,670635412,0.0069268,382,25.466667994856834,False,True,1
3047,3047,670722862,0.008745,382,25.466667994856834,False,True,1
3048,3048,670819839,0.0096977,382,25.466667994856834,False,True,1
3049,3049,670886882,0.0067043,382,25.466667994856834,False,True,1
3050,3050,670985342,0.009846,383,25.533334665000439,False,True,1
3051,3051,671063045,0.0077703,383,25.533334665000439,False,True,1
3052,3052,671143718,0.0080673,383,25.533334665000439,False,True,1
3053,3053,671238590,0.0094872,383,25.533334665000439,False,True,1
3054,3054,671305227,0.0066637,384,25.600001335144043,False,True,1
3055,3055,671401903,0.0096676,384,25.600001335144043,False,True,1
3056,3056,671466298,0.0064395,384,25.600001335144043,False,True,1
3057,3057,671564167,0.0097869,384,25.600001335144043,False,True,1
3058,3058,671658186,0.0094019,385,25.666668005287647,False,True,1
3059,3059,671729227,0.0071041,385,25.666668005287647,False,True,1
3060,3060,671817396,0.0088169,385,25.666668005287647,False,True,1
3061,3061,671886659,0.0069263,385,25.666668005287647,False,True,1
3062,3062,671979248,0.0092589,386,25.733334675431252,False,True,1
3063,3063,672049531,0.0070283,386,25.733334675431252,False,True,1
3064,3064,672143664,0.0094133,386,25.733334675431252,False,True,1
3065,3065,672212641,0.0068977,386,25.733334675431252,False,True,1
3066,3066,672308931,0.009629,387,25.800001345574856,False,True,1
3067,3067,672381670,0.0072739,387,25.800001345574856,False,True,1
3068,3068,672476450,0.009478,387,25.800001345574856,False,True,1
3069,3069,672563434,0.0086984,387,25.800001345574856,False,True,1
3070,3070,672641572,0.0078138,388,25.86666801571846,False,True,1
3071,3071,672712753,0.0071181,388,25.86666801571846,False,True,1
3072,3072,672806617,0.0093864,388,25.86666801571846,False,True,1
3073,3073,672908433,0.0101816,388,25.86666801571846,False,True,1
3074,3074,672972406,0.0063973,389,25.933334685862064,False,True,1
3075,3075,673065306,0.00929,389,25.933334685862064,False,True,1
3076,3076,673134344,0.0069038,389,25.933334685862064,False,True,1
3077,3077,673233023,0.0098679,389,25.933334685862064,False,True,1
3078,3078,673300878,0.0067855,390,26.000001356005669,False,True,1
3079,3079,673392709,0.0091831,390,26.000001356005669,False,True,1
3080,3080,673476949,0.008424,390,26.000001356005669,False,True,1
3081,3081,673551934,0.0074985,390,26.000001356005669,False,True,1
3082,3082,673651757,0.0099823,391,26.066668026149273,False,True,1
3083,3083,673730983,0.0079226,391,26.066668026149273,False,True,1
3084,3084,673822631,0.0091648,391,26.066668026149273,False,True,1
3085,3085,673894663,0.0072032,391,26.066668026149273,False,True,1
3086,3086,673984091,0.0089428,392,26.133334696292877,False,True,1
3087,3087,674052770,0.0068679,392,26.133334696292877,False,True,1
3088,3088,674141820,0.008905,392,26.133334696292877,False,True,1
3089,3089,674235652,0.0093832,392,26.133334696292877,False,True,1
3090,3090,674306292,0.007064,393,26.200001366436481,False,True,1
3091,3091,674379288,0.0072996,393,26.200001366436481,False,True,1
3092,3092,674479804,0.0100516,393,26.200001366436481,False,True,1
3093,3093,674567932,0.0088128,393,26.200001366436481,False,True,1
3094,3094,674638856,0.0070924,394,26.266668036580086,False,True,1
3095,3095,674729807,0.0090951,394,26.266668036580086,False,True,1
3096,3096,674800582,0.0070775,394,26.266668036580086,False,True,1
3097,3097,674890390,0.0089808,394,26.266668036580086,False,True,1
3098,3098,674967709,0.0077319,395,26.33333470672369,False,True,1
3099,3099,675059302,0.0091593,395,26.33333470672369,False,True,1
3100,3100,675136523,0.0077221,395,26.33333470672369,False,True,1
3101,3101,675235245,0.0098722,395,26.33333470672369,False,True,1
3102,3102,675304412,0.0069167,396,26.400001376867294,False,True,1
3103,3103,675401420,0.0097008,396,26.400001376867294,False,True,1
3104,3104,675485370,0.008395,396,26.400001376867294,False,True,1
3105,3105,675542983,0.0057613,396,26.400001376867294,False,True,1
3106,3106,675632887,0.0089904,397,26.4666680470109,False,True,1
3107,3107,675729283,0.0096396,397,26.4666680470109,False,True,1
3108,3108,675817465,0.0088182,397,26.4666680470109,False,True,1
3109,3109,675896308,0.0078843,397,26.4666680470109,False,True,1
3110,3110,675981076,0.0084768,398,26.533334717154503,False,True,1
3111,3111,676053112,0.0072036,398,26.533334717154503,False,True,1
3112,3112,676142526,0.0089414,398,26.533334717154503,False,True,1
3113,3113,676228282,0.0085756,398,26.533334717154503,False,True,1
3114,3114,676315144,0.0086862,399,26.600001387298107,False,True,1
3115,3115,676384157,0.0069013,399,26.600001387298107,False,True,1
3116,3116,676486417,0.010226,399,26.600001387298107,False,True,1
3117,3117,676553095,0.0066678,399,26.600001387298107,False,True,1
3118,3118,676649751,0.0096656,400,26.666668057441711,False,True,1
3119,3119,676714207,0.0064456,400,26.666668057441711,False,True,1
3120,3120,676810382,0.0096175,400,26.666668057441711,False,True,1
3121,3121,676882464,0.0072082,400,26.666668057441711,False,True,1
3122,3122,676984515,0.0102051,401,26.733334727585316,False,True,1
3123,3123,677057496,0.0072981,401,26.733334727585316,False,True,1
3124,3124,677135785,0.0078289,401,26.733334727585316,False,True,1
3125,3125,677227508,0.0091723,401,26.733334727585316,False,True,1
3126,3126,677304863,0.0077355,402,26.80000139772892,False,True,1
3127,3127,677402050,0.0097187,402,26.80000139772892,False,True,1
3128,3128,677487110,0.008506,402,26.80000139772892,False,True,1
3129,3129,677535534,0.0048424,402,26.80000139772892,False,True,1
3130,3130,677645078,0.0109544,403,26.866668067872524,False,True,1
3131,3131,677741402,0.0096324,403,26.866668067872524,False,True,1
3132,3132,677809480,0.0068078,403,26.866668067872524,False,True,1
3133,3133,677902026,0.0092546,403,26.866668067872524,False,True,1
3134,3134,677967236,0.006521,404,26.933334738016129,False,True,1
3135,3135,678062518,0.0095282,404,26.933334738016129,False,True,1
3136,3136,678151470,0.0088952,404,26.933334738016129,False,True,1
3137,3137,678227107,0.0075637,404,26.933334738016129,False,True,1
3138,3138,678319188,0.0092081,405,27.000001408159733,False,False,2
3139,3139,678390652,0.0071464,405,27.000001408159733,False,False,2
3140,3140,678486419,0.0095767,405,27.000001408159733,False,False,2
3141,3141,678549790,0.0063371,405,27.000001408159733,False,False,2
3142,3142,678645154,0.0095364,406,27.066668078303337,False,False,2
3143,3143,678719931,0.0074777,406,27.066668078303337,False,False,2
3144,3144,678792822,0.0072891,406,27.066668078303337,False,False,2
3145,3145,678880164,0.0087342,406,27.066668078303337,False,False,2
3146,3146,678967844,0.008768,407,27.133334748446941,False,False,2
3147,3147,679051186,0.0083342,407,27.133334748446941,False,False,2
3148,3148,679140858,0.0089672,407,27.133334748446941,False,False,2
3149,3149,679230098,0.008924,407,27.133334748446941,False,False,2
3150,3150,679328299,0.0098201,408,27.200001418590546,False,False,2
3151,3151,679393440,0.0065141,408,27.200001418590546,False,False,2
3152,3152,679461777,0.0068337,408,27.200001418590546,False,False,2
3153,3153,679546115,0.0084338,408,27.200001418590546,False,False,2
3154,3154,679633934,0.0087819,409,27.26666808873415,False,False,2
3155,3155,679717800,0.0083866,409,27.26666808873415,False,False,2
3156,3156,679806082,0.0088282,409,27.26666808873415,False,False,2
3157,3157,679892674,0.0086592,409,27.26666808873415,False,False,2
3158,3158,679978803,0.0086129,410,27.333334758877754,False,False,2
3159,3159,680063858,0.0085055,410,27.333334758877754,False,False,2
3160,3160,680149415,0.0085557,410,27.333334758877754,False,False,2
3161,3161,680212397,0.0062982,410,27.333334758877754,False,False,2
3162,3162,680303853,0.0091456,411,27.400001429021358,False,False,2
3163,3163,680392563,0.008871,411,27.400001429021358,False,False,2
3164,3164,680481707,0.0089144,411,27.400001429021358,False,False,2
3165,3165,680571733,0.0090026,411,27.400001429021358,False,False,2
3166,3166,680633593,0.006186,412,27.466668099164963,False,False,2
3167,3167,680726591,0.0092998,412,27.466668099164963,False,False,2
3168,3168,680813271,0.008668,412,27.466668099164963,False,False,2
3169,3169,680884353,0.0071082,412,27.466668099164963,False,False,2
3170,3170,680974235,0.0089882,413,27.533334769308567,False,False,2
3171,3171,681065281,0.0091046,413,27.533334769308567,False,False,2
3172,3172,681127717,0.0062436,413,27.533334769308567,False,False,2
3173,3173,681226627,0.009891,413,27.533334769308567,False,False,2
3174,3174,681296757,0.007013,414,27.600001439452171,False,False,2
3175,3175,681397941,0.0101184,414,27.600001439452171,False,False,2
3176,3176,681487276,0.0089335,414,27.600001439452171,False,False,2
3177,3177,681550239,0.0062963,414,27.600001439452171,False,False,2
3178,3178,681639237,0.0088998,415,27.666668109595776,False,False,2
3179,3179,681723747,0.008451,415,27.666668109595776,False,False,2
3180,3180,681814375,0.0090628,415,27.666668109595776,False,False,2
3181,3181,681898449,0.0084074,415,27.666668109595776,False,False,2
3182,3182,681964676,0.0066227,416,27.73333477973938,False,False,2
3183,3183,682052151,0.0087475,416,27.73333477973938,False,False,2
3184,3184,682144115,0.0091964,416,27.73333477973938,False,False,2
3185,3185,682226131,0.0082016,416,27.73333477973938,False,False,2
3186,3186,682298800,0.0072669,417,27.800001449882984,False,False,2
3187,3187,682381914,0.0083114,417,27.800001449882984,False,False,2
3188,3188,682475613,0.0093699,417,27.800001449882984,False,False,2
3189,3189,682560037,0.0084424,417,27.800001449882984,False,False,2
3190,3190,682628781,0.0068744,417,27.800001449882984,False,False,2
3191,3191,682740077,0.0111296,418,27.866668120026588,False,False,2
3192,3192,682801304,0.0061227,418,27.866668120026588,False,False,2
3193,3193,682883562,0.0082258,418,27.866668120026588,False,False,2
3194,3194,682964050,0.0080488,419,27.933334790170193,False,False,2
3195,3195,683051388,0.0087338,419,27.933334790170193,False,False,2
3196,3196,683142173,0.0090785,419,27.933334790170193,False,False,2
3197,3197,683216212,0.0074039,419,27.933334790170193,False,False,2
3198,3198,683307044,0.0090832,420,28.000001460313797,False,False,2
3199,3199,683399861,0.0092817,420,28.000001460313797,False,False,2
3200,3200,683465017,0.0065156,420,28.000001460313797,False,False,2
3201,3201,683552091,0.0087074,420,28.000001460313797,False,False,2
3202,3202,683645101,0.009301,421,28.0666681304574,False,False,2
3203,3203,683738925,0.0093824,421,28.0666681304574,False,False,2
3204,3204,683805879,0.0066954,421,28.0666681304574,False,False,2
3205,3205,683890084,0.0084205,421,28.0666681304574,False,False,2
3206,3206,683992207,0.0102123,422,28.133334800601006,False,False,2
3207,3207,684058807,0.00666,422,28.133334800601006,False,False,2
3208,3208,684146397,0.008759,422,28.133334800601006,False,False,2
3209,3209,684217094,0.0070697,422,28.133334800601006,False,False,2
3210,3210,684316049,0.0098955,423,28.20000147074461,False,False,2
3211,3211,684390916,0.0074867,423,28.20000147074461,False,False,2
3212,3212,684480203,0.0089287,423,28.20000147074461,False,False,2
3213,3213,684552938,0.0072735,423,28.20000147074461,False,False,2
3214,3214,684644235,0.0091297,424,28.266668140888214,False,False,2
3215,3215,684719032,0.0074797,424,28.266668140888214,False,False,2
3216,3216,684808148,0.0089116,424,28.266668140888214,False,False,2
3217,3217,684912961,0.0104813,424,28.266668140888214,False,False,2
3218,3218,684952050,0.0039089,424,28.266668140888214,False,False,2
3219,3219,685072188,0.0120138,425,28.333334811031818,False,False,2
3220,3220,685141046,0.0068858,425,28.333334811031818,False,False,2
3221,3221,685214345,0.0073299,425,28.333334811031818,False,False,2
3222,3222,685298527,0.0084182,426,28.400001481175423,False,False,2
3223,3223,685398482,0.0099955,426,28.400001481175423,False,False,2
3224,3224,685480453,0.0081971,426,28.400001481175423,False,False,2
3225,3225,685566982,0.0086529,426,28.400001481175423,False,False,2
3226,3226,685654913,0.0087931,427,28.466668151319027,False,False,2
3227,3227,685719804,0.0064891,427,28.466668151319027,False,False,2
3228,3228,685802961,0.0083157,427,28.466668151319027,False,False,2
3229,3229,685888769,0.0085808,427,28.466668151319027,False,False,2
3230,3230,685982408,0.0093639,428,28.533334821462631,False,False,2
3231,3231,686046384,0.0063976,428,28.533334821462631,False,False,2
3232,3232,686132591,0.0086207,428,28.533334821462631,False,False,2
3233,3233,686214305,0.0081714,428,28.533334821462631,False,False,2
3234,3234,686302258,0.0087953,429,28.600001491606236,False,False,2
3235,3235,686384940,0.0082682,429,28.600001491606236,False,False,2
3236,3236,686474171,0.0089231,429,28.600001491606236,False,False,2
3237,3237,686554273,0.0080102,429,28.600001491606236,False,False,2
3238,3238,686646660,0.0092387,430,28.66666816174984,False,False,2
3239,3239,686727382,0.0080722,430,28.66666816174984,False,False,2
3240,3240,686803398,0.0076016,430,28.66666816174984,False,False,2
3241,3241,686875581,0.0072183,430,28.66666816174984,False,False,2
3242,3242,686958643,0.0083062,430,28.66666816174984,False,False,2
3243,3243,687077875,0.0119232,431,28.733334831893444,False,False,2
3244,3244,687126729,0.0048854,431,28.733334831893444,False,False,2
3245,3245,687245164,0.0118435,431,28.733334831893444,False,False,2
3246,3246,687288143,0.0042979,431,28.733334831893444,False,False,2
3247,3247,687406762,0.0118619,432,28.800001502037048,False,False,2
3248,3248,687484757,0.0077995,432,28.800001502037048,False,False,2
3249,3249,687565546,0.0080789,432,28.800001502037048,False,False,2
3250,3250,687643212,0.0077666,433,28.866668172180653,False,False,2
3251,3251,687839248,0.0196036,433,28.866668172180653,False,False,2
3252,3252,687887950,0.0048702,433,28.866668172180653,False,False,2
3253,3253,687952940,0.006499,433,28.866668172180653,False,False,2
3254,3254,688038851,0.0085911,434,28.933334842324257,False,False,2
3255,3255,688123348,0.0084497,434,28.933334842324257,False,False,2
3256,3256,688208341,0.0084993,434,28.933334842324257,False,False,2
3257,3257,688304181,0.009584,435,29.000001512467861,False,False,2
3258,3258,688378243,0.0074062,435,29.000001512467861,False,False,2
3259,3259,688461222,0.0082979,435,29.000001512467861,False,False,2
3260,3260,688551873,0.0090651,435,29.000001512467861,False,False,2
3261,3261,688636391,0.0084518,436,29.066668182611465,False,False,2
3262,3262,688708014,0.0071623,436,29.066668182611465,False,False,2
3263,3263,688795090,0.0087076,436,29.066668182611465,False,False,2
3264,3264,688886360,0.009127,436,29.066668182611465,False,False,2
3265,3265,688974967,0.0088607,437,29.13333485275507,False,False,2
3266,3266,689024491,0.0049524,437,29.13333485275507,False,False,2
3267,3267,689134839,0.0110348,437,29.13333485275507,False,False,2
3268,3268,689203480,0.0068641,437,29.13333485275507,False,False,2
3269,3269,689287857,0.0084377,437,29.13333485275507,False,False,2
3270,3270,689374476,0.0086619,438,29.200001522898674,False,False,2
3271,3271,689462831,0.0088355,438,29.200001522898674,False,False,2
3272,3272,689533868,0.0071037,438,29.200001522898674,False,False,2
3273,3273,689640094,0.0106226,439,29.266668193042278,False,False,2
3274,3274,689701115,0.0061021,439,29.266668193042278,False,False,2
3275,3275,689789131,0.0088016,439,29.266668193042278,False,False,2
3276,3276,689872511,0.008338,439,29.266668193042278,False,False,2
3277,3277,689973601,0.010109,440,29.333334863185883,False,False,2
3278,3278,690037557,0.0063956,440,29.333334863185883,False,False,2
3279,3279,690125826,0.0088269,440,29.333334863185883,False,False,2
3280,3280,690207656,0.008183,440,29.333334863185883,False,False,2
3281,3281,690295712,0.0088056,440,29.333334863185883,False,False,2
3282,3282,690379844,0.0084132,441,29.400001533329487,False,False,2
3283,3283,690455954,0.007611,441,29.400001533329487,False,False,2
3284,3284,690551754,0.00958,441,29.400001533329487,False,False,2
3285,3285,690619216,0.0067462,441,29.400001533329487,False,False,2
3286,3286,690705077,0.0085861,442,29.466668203473091,False,False,2
3287,3287,690799912,0.0094835,442,29.466668203473091,False,False,2
3288,3288,690887137,0.0087225,442,29.466668203473091,False,False,2
3289,3289,690956236,0.0069099,442,29.466668203473091,False,False,2
3290,3290,691043320,0.0087084,443,29.533334873616695,False,False,2
3291,3291,691132629,0.0089309,443,29.533334873616695,False,False,2
3292,3292,691200280,0.0067651,443,29.533334873616695,False,False,2
3293,3293,691293924,0.0093644,443,29.533334873616695,False,False,2
3294,3294,691391651,0.0097727,444,29.6000015437603,False,False,2
3295,3295,691459598,0.0067947,444,29.6000015437603,False,False,2
3296,3296,691542420,0.0082822,444,29.6000015437603,False,False,2
3297,3297,691630620,0.00882,445,29.666668213903904,False,False,2
3298,3298,691717288,0.0086668,445,29.666668213903904,False,False,2
3299,3299,691784316,0.0067028,445,29.666668213903904,False,False,2
3300,3300,691894464,0.0110148,445,29.666668213903904,False,False,2
3301,3301,691962110,0.0067646,445,29.666668213903904,False,False,2
3302,3302,692046139,0.0084029,446,29.733334884047508,False,False,2
3303,3303,692121804,0.0075665,446,29.733334884047508,False,False,2
3304,3304,692241045,0.0119241,446,29.733334884047508,False,False,2
3305,3305,692289973,0.0048928,446,29.733334884047508,False,False,2
3306,3306,692400518,0.0110545,447,29.800001554191113,False,False,2
3307,3307,692447861,0.0047343,447,29.800001554191113,False,False,2
3308,3308,692543171,0.009531,447,29.800001554191113,False,False,2
3309,3309,692626902,0.0083731,447,29.800001554191113,False,False,2
3310,3310,692717835,0.0090933,448,29.866668224334717,False,False,2
3311,3311,692802771,0.0084936,448,29.866668224334717,False,False,2
3312,3312,692872131,0.006936,448,29.866668224334717,False,False,2
3313,3313,692954947,0.0082816,448,29.866668224334717,False,False,2
3314,3314,693047338,0.0092391,449,29.933334894478321,False,False,2
3315,3315,693131378,0.008404,449,29.933334894478321,False,False,2
3316,3316,693205022,0.0073644,449,29.933334894478321,False,False,2
3317,3317,693291127,0.0086105,449,29.933334894478321,False,False,2
3318,3318,693373878,0.0082751,450,30.000001564621925,False,False,2
3319,3319,693460848,0.008697,450,30.000001564621925,False,False,2
3320,3320,693552412,0.0091564,450,30.000001564621925,False,False,2
3321,3321,693639269,0.0086857,451,30.06666823476553,False,False,2
3322,3322,693707372,0.0068103,451,30.06666823476553,False,False,2
3323,3323,693802294,0.0094922,451,30.06666823476553,False,False,2
3324,3324,693873772,0.0071478,451,30.06666823476553,False,False,2
3325,3325,693973254,0.0099482,452,30.133334904909134,False,False,2
3326,3326,694043337,0.0070083,452,30.133334904909134,False,False,2
3327,3327,694143310,0.0099973,452,30.133334904909134,False,False,2
3328,3328,694188147,0.0044837,452,30.133334904909134,False,False,2
3329,3329,694287501,0.0099354,452,30.133334904909134,False,False,2
3330,3330,694370705,0.0083204,453,30.200001575052738,False,False,2
3331,3331,694466565,0.009586,453,30.200001575052738,False,False,2
3332,3332,694551991,0.0085426,453,30.200001575052738,False,False,2
3333,3333,694628313,0.0076322,453,30.200001575052738,False,False,2
3334,3334,694711243,0.008293,454,30.266668245196342,False,False,2
3335,3335,694784366,0.0073123,454,30.266668245196342,False,False,2
3336,3336,694869717,0.0085351,454,30.266668245196342,False,False,2
3337,3337,694961888,0.0092171,454,30.266668245196342,False,False,2
3338,3338,695048404,0.0086516,455,30.333334915339947,False,False,2
3339,3339,695116151,0.0067747,455,30.333334915339947,False,False,2
3340,3340,695222713,0.0106562,455,30.333334915339947,False,False,2
3341,3341,695288335,0.0065622,455,30.333334915339947,False,False,2
3342,3342,695381944,0.0093609,456,30.400001585483551,False,False,2
3343,3343,695460085,0.0078141,456,30.400001585483551,False,False,2
3344,3344,695534927,0.0074842,456,30.400001585483551,False,False,2
3345,3345,695615367,0.008044,456,30.400001585483551,False,False,2
3346,3346,695702808,0.0087441,457,30.466668255627155,False,False,2
3347,3347,695791898,0.008909,457,30.466668255627155,False,False,2
3348,3348,695876898,0.0085,457,30.466668255627155,False,False,2
3349,3349,695963860,0.0086962,458,30.53333492577076,False,False,2
3350,3350,696050619,0.0086759,458,30.53333492577076,False,False,2
3351,3351,696117937,0.0067318,458,30.53333492577076,False,False,2
3352,3352,696203962,0.0086025,458,30.53333492577076,False,False,2
3353,3353,696294458,0.0090496,458,30.53333492577076,False,False,2
3354,3354,696384371,0.0089913,459,30.600001595914364,False,False,2
3355,3355,696450346,0.0065975,459,30.600001595914364,False,False,2
3356,3356,696536590,0.0086244,459,30.600001595914364,False,False,2
3357,3357,696627560,0.009097,459,30.600001595914364,False,False,2
3358,3358,696707011,0.0079451,460,30.666668266057968,False,False,2
3359,3359,696784463,0.0077452,460,30.666668266057968,False,False,2
3360,3360,696895235,0.0110772,460,30.666668266057968,False,False,2
3361,3361,696944934,0.0049699,460,30.666668266057968,False,False,2
3362,3362,697052752,0.0107818,461,30.733334936201572,False,False,2
3363,3363,697129564,0.0076812,461,30.733334936201572,False,False,2
3364,3364,697211800,0.0082236,461,30.733334936201572,False,False,2
3365,3365,697292164,0.0080364,461,30.733334936201572,False,False,2
3366,3366,697380424,0.008826,462,30.800001606345177,False,False,2
3367,3367,697457209,0.0076785,462,30.800001606345177,False,False,2
3368,3368,697545650,0.0088441,462,30.800001606345177,False,False,2
3369,3369,697620465,0.0074815,462,30.800001606345177,False,False,2
3370,3370,697702034,0.0081569,463,30.866668276488781,False,False,2
3371,3371,697805038,0.0103004,463,30.866668276488781,False,False,2
3372,3372,697871918,0.006688,463,30.866668276488781,False,False,2
3373,3373,697961983,0.0090065,463,30.866668276488781,False,False,2
3374,3374,698046443,0.008446,464,30.933334946632385,False,False,2
3375,3375,698134505,0.0088062,464,30.933334946632385,False,False,2
3376,3376,698200070,0.0065565,464,30.933334946632385,False,False,2
3377,3377,698287817,0.0087747,464,30.933334946632385,False,False,2
3378,3378,698379572,0.0091755,465,31.00000161677599,False,False,2
3379,3379,698483313,0.0103741,465,31.00000161677599,False,False,2
3380,3380,698525203,0.004189,465,31.00000161677599,False,False,2
3381,3381,698618436,0.0093233,465,31.00000161677599,False,False,2
3382,3382,698708057,0.0089621,466,31.066668286919594,False,False,2
3383,3383,698804220,0.0096163,466,31.066668286919594,False,False,2
3384,3384,698869985,0.0065765,466,31.066668286919594,False,False,2
3385,3385,698969829,0.0099844,467,31.133334957063198,False,False,2
3386,3386,699035255,0.0065426,467,31.133334957063198,False,False,2
3387,3387,699134639,0.0099384,467,31.133334957063198,False,False,2
3388,3388,699219273,0.0084634,467,31.133334957063198,False,False,2
3389,3389,699298130,0.0078857,467,31.133334957063198,False,False,2
3390,3390,699366937,0.0068807,468,31.200001627206802,False,False,2
3391,3391,699463548,0.0096611,468,31.200001627206802,False,False,2
3392,3392,699552570,0.0089022,468,31.200001627206802,False,False,2
3393,3393,699618036,0.0065466,468,31.200001627206802,False,False,2
3394,3394,699707355,0.0089319,469,31.266668297350407,False,False,2
3395,3395,699801295,0.009394,469,31.266668297350407,False,False,2
3396,3396,699879611,0.0078316,469,31.266668297350407,False,False,2
3397,3397,699964861,0.008525,470,31.333334967494011,False,False,2
3398,3398,700038303,0.0073442,470,31.333334967494011,False,False,2
3399,3399,700124963,0.008666,470,31.333334967494011,False,False,2
3400,3400,700216350,0.0091387,470,31.333334967494011,False,False,2
3401,3401,700304638,0.0088288,471,31.400001637637615,False,False,2
3402,3402,700376308,0.007167,471,31.400001637637615,False,False,2
3403,3403,700462983,0.0086675,471,31.400001637637615,False,False,2
3404,3404,700550614,0.0087631,471,31.400001637637615,False,False,2
3405,3405,700639089,0.0088475,472,31.466668307781219,False,False,2
3406,3406,700707053,0.0067964,472,31.466668307781219,False,False,2
3407,3407,700797415,0.0090362,472,31.466668307781219,False,False,2
3408,3408,700883733,0.0086318,472,31.466668307781219,False,False,2
3409,3409,700979070,0.0095337,473,31.533334977924824,False,False,2
3410,3410,701043630,0.006456,473,31.533334977924824,False,False,2
3411,3411,701136482,0.0092852,473,31.533334977924824,False,False,2
3412,3412,701199975,0.0063493,473,31.533334977924824,False,False,2
3413,3413,701291672,0.0091697,473,31.533334977924824,False,False,2
3414,3414,701376793,0.0085121,474,31.600001648068428,False,False,2
3415,3415,701459972,0.0083179,474,31.600001648068428,False,False,2
3416,3416,701546406,0.0086434,474,31.600001648068428,False,False,2
3417,3417,701641088,0.0094682,475,31.666668318212032,False,False,2
3418,3418,701708073,0.0066985,475,31.666668318212032,False,False,2
3419,3419,701796790,0.0088717,475,31.666668318212032,False,False,2
3420,3420,701879812,0.0083022,475,31.666668318212032,False,False,2
3421,3421,701973123,0.0093311,476,31.733334988355637,False,False,2
3422,3422,702036541,0.0063418,476,31.733334988355637,False,False,2
3423,3423,702125196,0.0088655,476,31.733334988355637,False,False,2
3424,3424,702210129,0.0084933,476,31.733334988355637,False,False,2
3425,3425,702298135,0.0088006,477,31.800001658499241,False,False,2
3426,3426,702388639,0.0090504,477,31.800001658499241,False,False,2
3427,3427,702457423,0.0068784,477,31.800001658499241,False,False,2
3428,3428,702541594,0.0084171,477,31.800001658499241,False,False,2
3429,3429,702627999,0.0086405,477,31.800001658499241,False,False,2
3430,3430,702709441,0.0081442,478,31.866668328642845,False,False,2
3431,3431,702805745,0.0096304,478,31.866668328642845,False,False,2
3432,3432,702870860,0.0065115,478,31.866668328642845,False,False,2
3433,3433,702958085,0.0087225,478,31.866668328642845,False,False,2
3434,3434,703039894,0.0081809,479,31.933334998786449,False,False,2
3435,3435,703134103,0.0094209,479,31.933334998786449,False,False,2
3436,3436,703219964,0.0085861,479,31.933334998786449,False,False,2
3437,3437,703298179,0.0078215,479,31.933334998786449,False,False,2
3438,3438,703383142,0.0084963,480,32.000001668930054,False,False,2
3439,3439,703450868,0.0067726,480,32.000001668930054,False,False,2
3440,3440,703532698,0.008183,480,32.000001668930054,False,False,2
3441,3441,703628630,0.0095932,480,32.000001668930054,False,False,2
3442,3442,703709897,0.0081267,481,32.066668339073658,False,False,2
3443,3443,703801466,0.0091569,481,32.066668339073658,False,False,2
3444,3444,703887047,0.0085581,481,32.066668339073658,False,False,2
3445,3445,703961408,0.0074361,481,32.066668339073658,False,False,2
3446,3446,704051350,0.0089942,482,32.133335009217262,False,False,2
3447,3447,704119111,0.0067761,482,32.133335009217262,False,False,2
3448,3448,704205062,0.0085951,482,32.133335009217262,False,False,2
3449,3449,704295730,0.0090668,482,32.133335009217262,False,False,2
3450,3450,704385519,0.0089789,483,32.200001679360867,False,False,2
3451,3451,704456530,0.0071011,483,32.200001679360867,False,False,2
3452,3452,704552804,0.0096274,483,32.200001679360867,False,False,2
3453,3453,704617394,0.006459,483,32.200001679360867,False,False,2
3454,3454,704705273,0.0087879,484,32.266668349504471,False,False,2
3455,3455,704791066,0.0085793,484,32.266668349504471,False,False,2
3456,3456,704882868,0.0091802,484,32.266668349504471,False,False,2
3457,3457,704967523,0.0084655,485,32.333335019648075,False,False,2
3458,3458,705037515,0.0069992,485,32.333335019648075,False,False,2
3459,3459,705121616,0.0084101,485,32.333335019648075,False,False,2
3460,3460,705211725,0.0090109,485,32.333335019648075,False,False,2
3461,3461,705292891,0.0081166,485,32.333335019648075,False,False,2
3462,3462,705365577,0.0072686,486,32.400001689791679,False,False,2
3463,3463,705451315,0.0085738,486,32.400001689791679,False,False,2
3464,3464,705543117,0.0091802,486,32.400001689791679,False,False,2
3465,3465,705625146,0.0082029,486,32.400001689791679,False,False,2
3466,3466,705717780,0.0092634,487,32.466668359935284,False,False,2
3467,3467,705807283,0.0089503,487,32.466668359935284,False,False,2
3468,3468,705871406,0.0064123,487,32.466668359935284,False,False,2
3469,3469,705955867,0.0084461,487,32.466668359935284,False,False,2
3470,3470,706040068,0.0084201,488,32.533335030078888,False,False,2
3471,3471,706134852,0.0094784,488,32.533335030078888,False,False,2
3472,3472,706217128,0.0082276,488,32.533335030078888,False,False,2
3473,3473,706288599,0.0071471,488,32.533335030078888,False,False,2
3474,3474,706371872,0.0083273,489,32.600001700222492,False,False,2
3475,3475,706464091,0.0092219,489,32.600001700222492,False,False,2
3476,3476,706544593,0.0080502,489,32.600001700222492,False,False,2
3477,3477,706629923,0.008533,489,32.600001700222492,False,False,2
3478,3478,706712695,0.0082772,490,32.6666683703661,False,False,2
3479,3479,706806636,0.0093941,490,32.6666683703661,False,False,2
3480,3480,706866530,0.0059894,490,32.6666683703661,False,False,2
3481,3481,706965600,0.009907,491,32.7333350405097,False,False,2
3482,3482,707050641,0.0085041,491,32.7333350405097,False,False,2
3483,3483,707134746,0.0084105,491,32.7333350405097,False,False,2
3484,3484,707222541,0.0087795,491,32.7333350405097,False,False,2
3485,3485,707285019,0.0062478,491,32.7333350405097,False,False,2
3486,3486,707384140,0.0099121,492,32.800001710653305,False,False,2
3487,3487,707453733,0.0069593,492,32.800001710653305,False,False,2
3488,3488,707546164,0.0092431,492,32.800001710653305,False,False,2
3489,3489,707617568,0.0071404,492,32.800001710653305,False,False,2
3490,3490,707703909,0.0086341,493,32.866668380796909,False,False,2
3491,3491,707787620,0.0083711,493,32.866668380796909,False,False,2
3492,3492,707877826,0.0090206,493,32.866668380796909,False,False,2
3493,3493,707964449,0.0086623,494,32.933335050940514,False,False,2
3494,3494,708053490,0.0089041,494,32.933335050940514,False,False,2
3495,3495,708116178,0.0062688,494,32.933335050940514,False,False,2
3496,3496,708203440,0.0087262,494,32.933335050940514,False,False,2
3497,3497,708288730,0.008529,494,32.933335050940514,False,False,2
3498,3498,708376499,0.0087769,495,33.000001721084118,False,False,2
3499,3499,708462391,0.0085892,495,33.000001721084118,False,False,2
3500,3500,708550289,0.0087898,495,33.000001721084118,False,False,2
3501,3501,708616360,0.0066071,495,33.000001721084118,False,False,2
3502,3502,708704937,0.0088577,496,33.066668391227722,False,False,2
3503,3503,708788339,0.0083402,496,33.066668391227722,False,False,2
3504,3504,708874065,0.0085726,496,33.066668391227722,False,False,2
3505,3505,708964051,0.0089986,497,33.133335061371326,False,False,2
3506,3506,709053024,0.0088973,497,33.133335061371326,False,False,2
3507,3507,709140953,0.0087929,497,33.133335061371326,False,False,2
3508,3508,709205802,0.0064849,497,33.133335061371326,False,False,2
3509,3509,709293098,0.0087296,497,33.133335061371326,False,False,2
3510,3510,709378162,0.0085064,498,33.200001731514931,False,False,2
3511,3511,709462126,0.0083964,498,33.200001731514931,False,False,2
3512,3512,709552767,0.0090641,498,33.200001731514931,False,False,2
3513,3513,709620037,0.006727,498,33.200001731514931,False,False,2
3514,3514,709712724,0.0092687,499,33.266668401658535,False,False,2
3515,3515,709797364,0.008464,499,33.266668401658535,False,False,2
3516,3516,709883609,0.0086245,499,33.266668401658535,False,False,2
3517,3517,709970937,0.0087328,500,33.333335071802139,False,False,2
3518,3518,710033605,0.0062668,500,33.333335071802139,False,False,2
3519,3519,710140553,0.0106948,500,33.333335071802139,False,False,2
3520,3520,710205364,0.0064811,500,33.333335071802139,False,False,2
3521,3521,710295069,0.0089705,500,33.333335071802139,False,False,2
3522,3522,710378572,0.0083503,501,33.400001741945744,False,False,2
3523,3523,710469289,0.0090717,501,33.400001741945744,False,False,2
3524,3524,710550207,0.0080918,501,33.400001741945744,False,False,2
3525,3525,710619511,0.0069304,501,33.400001741945744,False,False,2
3526,3526,710701341,0.008183,502,33.466668412089348,False,False,2
3527,3527,710792136,0.0090795,502,33.466668412089348,False,False,2
3528,3528,710873035,0.0080899,502,33.466668412089348,False,False,2
3529,3529,710960150,0.0087115,502,33.466668412089348,False,False,2
3530,3530,711045113,0.0084963,503,33.533335082232952,False,False,2
3531,3531,711122643,0.007753,503,33.533335082232952,False,False,2
3532,3532,711204288,0.0081645,503,33.533335082232952,False,False,2
3533,3533,711281298,0.007701,503,33.533335082232952,False,False,2
3534,3534,711394080,0.0112782,504,33.600001752376556,False,False,2
3535,3535,711442923,0.0048843,504,33.600001752376556,False,False,2
3536,3536,711543382,0.0100459,504,33.600001752376556,False,False,2
3537,3537,711628106,0.0084724,504,33.600001752376556,False,False,2
3538,3538,711716664,0.0088558,505,33.666668422520161,False,False,2
3539,3539,711801827,0.0085163,505,33.666668422520161,False,False,2
3540,3540,711879681,0.0077854,505,33.666668422520161,False,False,2
3541,3541,711949944,0.0070263,505,33.666668422520161,False,False,2
3542,3542,712038710,0.0088766,506,33.733335092663765,False,False,2
3543,3543,712121729,0.0083019,506,33.733335092663765,False,False,2
3544,3544,712206295,0.0084566,506,33.733335092663765,False,False,2
3545,3545,712294419,0.0088124,506,33.733335092663765,False,False,2
3546,3546,712386221,0.0091802,507,33.800001762807369,False,False,2
3547,3547,712479916,0.0093695,507,33.800001762807369,False,False,2
3548,3548,712543532,0.0063616,507,33.800001762807369,False,False,2
3549,3549,712629453,0.0085921,508,33.866668432950974,False,False,2
3550,3550,712710339,0.0080886,508,33.866668432950974,False,False,2
3551,3551,712796612,0.0086273,508,33.866668432950974,False,False,2
3552,3552,712879005,0.0082393,508,33.866668432950974,False,False,2
3553,3553,712951291,0.0072286,508,33.866668432950974,False,False,2
3554,3554,713035142,0.0083851,509,33.933335103094578,False,False,2
3555,3555,713128999,0.0093857,509,33.933335103094578,False,False,2
3556,3556,713211189,0.008219,509,33.933335103094578,False,False,2
3557,3557,713303023,0.0091834,510,34.000001773238182,False,False,2
3558,3558,713365517,0.0062494,510,34.000001773238182,False,False,2
3559,3559,713460192,0.0094675,510,34.000001773238182,False,False,2
3560,3560,713556474,0.0096282,510,34.000001773238182,False,False,2
3561,3561,713621182,0.0064708,510,34.000001773238182,False,False,2
3562,3562,713707484,0.0086302,511,34.066668443381786,False,False,2
3563,3563,713792699,0.0085215,511,34.066668443381786,False,False,2
3564,3564,713879986,0.0087287,511,34.066668443381786,False,False,2
3565,3565,713963867,0.0083881,512,34.133335113525391,False,False,2
3566,3566,714037594,0.0073727,512,34.133335113525391,False,False,2
3567,3567,714122862,0.0085268,512,34.133335113525391,False,False,2
3568,3568,714202980,0.0080118,512,34.133335113525391,False,False,2
3569,3569,714288913,0.0085933,512,34.133335113525391,False,False,2
3570,3570,714381471,0.0092558,513,34.200001783668995,False,False,2
3571,3571,714472239,0.0090768,513,34.200001783668995,False,False,2
3572,3572,714538062,0.0065823,513,34.200001783668995,False,False,2
3573,3573,714629112,0.009105,513,34.200001783668995,False,False,2
3574,3574,714715538,0.0086426,514,34.2666684538126,False,False,2
3575,3575,714792337,0.0076799,514,34.2666684538126,False,False,2
3576,3576,714882101,0.0089764,514,34.2666684538126,False,False,2
3577,3577,714952830,0.0070729,514,34.2666684538126,False,False,2
3578,3578,715035118,0.0082288,515,34.3333351239562,False,False,2
3579,3579,715130153,0.0095035,515,34.3333351239562,False,False,2
3580,3580,715217340,0.0087187,515,34.3333351239562,False,False,2
3581,3581,715284930,0.006759,515,34.3333351239562,False,False,2
3582,3582,715369809,0.0084879,516,34.400001794099808,False,False,2
3583,3583,715461778,0.0091969,516,34.400001794099808,False,False,2
3584,3584,715548826,0.0087048,516,34.400001794099808,False,False,2
3585,3585,715636894,0.0088068,517,34.466668464243412,False,False,2
3586,3586,715702034,0.006514,517,34.466668464243412,False,False,2
3587,3587,715801047,0.0099013,517,34.466668464243412,False,False,2
3588,3588,715884504,0.0083457,517,34.466668464243412,False,False,2
3589,3589,715957533,0.0073029,517,34.466668464243412,False,False,2
3590,3590,716046295,0.0088762,518,34.533335134387016,False,False,2
3591,3591,716131994,0.0085699,518,34.533335134387016,False,False,2
3592,3592,716220735,0.0088741,518,34.533335134387016,False,False,2
3593,3593,716284149,0.0063414,518,34.533335134387016,False,False,2
3594,3594,716376596,0.0092447,519,34.600001804530621,False,False,2
3595,3595,716462720,0.0086124,519,34.600001804530621,False,False,2
3596,3596,716547692,0.0084972,519,34.600001804530621,False,False,2
3597,3597,716629991,0.0082299,520,34.666668474674225,False,False,2
3598,3598,716717828,0.0087837,520,34.666668474674225,False,False,2
3599,3599,716786013,0.0068185,520,34.666668474674225,False,False,2
3600,3600,716872555,0.0086542,520,34.666668474674225,False,False,2
3601,3601,716958426,0.0085871,520,34.666668474674225,False,False,2
3602,3602,717042756,0.008433,521,34.733335144817829,False,False,2
3603,3603,717129992,0.0087236,521,34.733335144817829,False,False,2
3604,3604,717213521,0.0083529,521,34.733335144817829,False,False,2
3605,3605,717298240,0.0084719,522,34.800001814961433,False,False,2
3606,3606,717364928,0.0066688,522,34.800001814961433,False,False,2
3607,3607,717464900,0.0099972,522,34.800001814961433,False,False,2
3608,3608,717553153,0.0088253,522,34.800001814961433,False,False,2
3609,3609,717617850,0.0064697,522,34.800001814961433,False,False,2
3610,3610,717707751,0.0089901,523,34.866668485105038,False,False,2
3611,3611,717786217,0.0078466,523,34.866668485105038,False,False,2
3612,3612,717877220,0.0091003,523,34.866668485105038,False,False,2
3613,3613,717965994,0.0088774,524,34.933335155248642,False,False,2
3614,3614,718052989,0.0086995,524,34.933335155248642,False,False,2
3615,3615,718119828,0.0066839,524,34.933335155248642,False,False,2
3616,3616,718201905,0.0082077,524,34.933335155248642,False,False,2
3617,3617,718287329,0.0085424,524,34.933335155248642,False,False,2
3618,3618,718376622,0.0089293,525,35.000001825392246,False,False,2
3619,3619,718463635,0.0087013,525,35.000001825392246,False,False,2
3620,3620,718548172,0.0084537,525,35.000001825392246,False,False,2
3621,3621,718634845,0.0086673,526,35.066668495535851,False,False,2
3622,3622,718717407,0.0082562,526,35.066668495535851,False,False,2
3623,3623,718802682,0.0085275,526,35.066668495535851,False,False,2
3624,3624,718888611,0.0085929,526,35.066668495535851,False,False,2
3625,3625,718958120,0.0069509,526,35.066668495535851,False,False,2
3626,3626,719049470,0.009135,527,35.133335165679455,False,False,2
3627,3627,719137681,0.0088211,527,35.133335165679455,False,False,2
3628,3628,719202157,0.0064476,527,35.133335165679455,False,False,2
3629,3629,719306527,0.010437,528,35.200001835823059,False,False,2
3630,3630,719369345,0.0062818,528,35.200001835823059,False,False,2
3631,3631,719456255,0.008691,528,35.200001835823059,False,False,2
3632,3632,719538132,0.0081877,528,35.200001835823059,False,False,2
3633,3633,719630397,0.0092265,529,35.266668505966663,False,False,2
3634,3634,719710732,0.0080335,529,35.266668505966663,False,False,2
3635,3635,719796776,0.0086044,529,35.266668505966663,False,False,2
3636,3636,719877262,0.0080486,529,35.266668505966663,False,False,2
3637,3637,719975924,0.0098662,530,35.333335176110268,False,False,2
3638,3638,720045449,0.0069525,530,35.333335176110268,False,False,2
3639,3639,720130868,0.0085419,530,35.333335176110268,False,False,2
3640,3640,720221813,0.0090945,530,35.333335176110268,False,False,2
3641,3641,720283971,0.0062158,530,35.333335176110268,False,False,2
3642,3642,720378277,0.0094306,531,35.400001846253872,False,False,2
3643,3643,720463416,0.0085139,531,35.400001846253872,False,False,2
3644,3644,720551437,0.0088021,531,35.400001846253872,False,False,2
3645,3645,720638113,0.0086676,532,35.466668516397476,False,False,2
3646,3646,720705908,0.0067795,532,35.466668516397476,False,False,2
3647,3647,720791966,0.0086058,532,35.466668516397476,False,False,2
3648,3648,720883643,0.0091677,532,35.466668516397476,False,False,2
3649,3649,720966281,0.0082638,533,35.53333518654108,False,False,2
3650,3650,721033466,0.0067185,533,35.53333518654108,False,False,2
3651,3651,721117899,0.0084433,533,35.53333518654108,False,False,2
3652,3652,721210531,0.0092632,533,35.53333518654108,False,False,2
3653,3653,721303881,0.009335,534,35.600001856684685,False,False,2
3654,3654,721370890,0.0067009,534,35.600001856684685,False,False,2
3655,3655,721457588,0.0086698,534,35.600001856684685,False,False,2
3656,3656,721553163,0.0095575,534,35.600001856684685,False,False,2
3657,3657,721627496,0.0074333,534,35.600001856684685,False,False,2
3658,3658,721702016,0.007452,535,35.666668526828289,False,False,2
3659,3659,721796145,0.0094129,535,35.666668526828289,False,False,2
3660,3660,721875632,0.0079487,535,35.666668526828289,False,False,2
3661,3661,721973787,0.0098155,536,35.733335196971893,False,False,2
3662,3662,722045430,0.0071643,536,35.733335196971893,False,False,2
3663,3663,722126007,0.0080577,536,35.733335196971893,False,False,2
3664,3664,722221482,0.0095475,536,35.733335196971893,False,False,2
3665,3665,722293589,0.0072107,536,35.733335196971893,False,False,2
3666,3666,722382282,0.0088693,537,35.8000018671155,False,False,2
3667,3667,722455944,0.0073662,537,35.8000018671155,False,False,2
3668,3668,722549154,0.009321,537,35.8000018671155,False,False,2
3669,3669,722624688,0.0075534,537,35.8000018671155,False,False,2
3670,3670,722721599,0.0096911,538,35.8666685372591,False,False,2
3671,3671,722796592,0.0074993,538,35.8666685372591,False,False,2
3672,3672,722897144,0.0100552,538,35.8666685372591,False,False,2
3673,3673,722948369,0.0051225,538,35.8666685372591,False,False,2
3674,3674,723053169,0.01048,539,35.933335207402706,False,False,2
3675,3675,723111173,0.0058004,539,35.933335207402706,False,False,2
3676,3676,723212295,0.0101122,539,35.933335207402706,False,False,2
3677,3677,723283540,0.0071245,539,35.933335207402706,False,False,2
3678,3678,723380455,0.0096915,540,36.00000187754631,False,False,2
3679,3679,723454405,0.007395,540,36.00000187754631,False,False,2
3680,3680,723539112,0.0084707,540,36.00000187754631,False,False,2
3681,3681,723616270,0.0077158,540,36.00000187754631,False,False,2
3682,3682,723724101,0.0107831,541,36.066668547689915,False,False,2
3683,3683,723789861,0.006576,541,36.066668547689915,False,False,2
3684,3684,723896570,0.0106709,541,36.066668547689915,False,False,2
3685,3685,723937071,0.0040501,541,36.066668547689915,False,False,2
3686,3686,724052175,0.0115104,542,36.133335217833519,False,False,2
3687,3687,724125585,0.007341,542,36.133335217833519,False,False,2
3688,3688,724220273,0.0094688,542,36.133335217833519,False,False,2
3689,3689,724294297,0.0074024,542,36.133335217833519,False,False,2
3690,3690,724376359,0.0082062,543,36.200001887977123,False,False,2
3691,3691,724467285,0.0090926,543,36.200001887977123,False,False,2
3692,3692,724538683,0.0071398,543,36.200001887977123,False,False,2
3693,3693,724640301,0.0101618,544,36.266668558120728,False,False,2
3694,3694,724693578,0.0053277,544,36.266668558120728,False,False,2
3695,3695,724796295,0.0102717,544,36.266668558120728,False,False,2
3696,3696,724876469,0.0080174,544,36.266668558120728,False,False,2
3697,3697,724971080,0.0094611,545,36.333335228264332,False,False,2
3698,3698,725050366,0.0079286,545,36.333335228264332,False,False,2
3699,3699,725126688,0.0076322,545,36.333335228264332,False,False,2
3700,3700,725208084,0.0081396,545,36.333335228264332,False,False,2
3701,3701,725299794,0.009171,546,36.400001898407936,False,False,2
3702,3702,725375407,0.0075613,546,36.400001898407936,False,False,2
3703,3703,725467147,0.009174,546,36.400001898407936,False,False,2
3704,3704,725556688,0.0089541,546,36.400001898407936,False,False,2
3705,3705,725619647,0.0062959,546,36.400001898407936,False,False,2
3706,3706,725714191,0.0094544,547,36.46666856855154,False,False,2
3707,3707,725805391,0.00912,547,36.46666856855154,False,False,2
3708,3708,725882875,0.0077484,547,36.46666856855154,False,False,2
3709,3709,725957943,0.0075068,547,36.46666856855154,False,False,2
3710,3710,726036767,0.0078824,548,36.533335238695145,False,False,2
3711,3711,726153571,0.0116804,548,36.533335238695145,False,False,2
3712,3712,726194970,0.0041399,548,36.533335238695145,False,False,2
3713,3713,726291093,0.0096123,548,36.533335238695145,False,False,2
3714,3714,726388785,0.0097692,549,36.600001908838749,False,False,2
3715,3715,726464120,0.0075335,549,36.600001908838749,False,False,2
3716,3716,726541196,0.0077076,549,36.600001908838749,False,False,2
3717,3717,726645657,0.0104461,550,36.666668578982353,False,False,2
3718,3718,726715057,0.00694,550,36.666668578982353,False,False,2
3719,3719,726794825,0.0079768,550,36.666668578982353,False,False,2
3720,3720,726887504,0.0092679,550,36.666668578982353,False,False,2
3721,3721,726962427,0.0074923,550,36.666668578982353,False,False,2
3722,3722,727054099,0.0091672,551,36.733335249125957,False,False,2
3723,3723,727127939,0.007384,551,36.733335249125957,False,False,2
3724,3724,727227404,0.0099465,551,36.733335249125957,False,False,2
3725,3725,727296790,0.0069386,552,36.800001919269562,False,False,2
3726,3726,727372273,0.0075483,552,36.800001919269562,False,False,2
3727,3727,727470448,0.0098175,552,36.800001919269562,False,False,2
3728,3728,727540784,0.0070336,552,36.800001919269562,False,False,2
3729,3729,727633293,0.0092509,553,36.866668589413166,False,False,2
3730,3730,727701305,0.0068012,553,36.866668589413166,False,False,2
3731,3731,727799083,0.0097778,553,36.866668589413166,False,False,2
3732,3732,727868197,0.0069114,553,36.866668589413166,False,False,2
3733,3733,727948354,0.0080157,553,36.866668589413166,False,False,2
3734,3734,728049455,0.0101101,554,36.93333525955677,False,False,2
3735,3735,728114652,0.0065197,554,36.93333525955677,False,False,2
3736,3736,728215264,0.0100612,554,36.93333525955677,False,False,2
3737,3737,728302128,0.0086864,555,37.000001929700375,False,True,2
3738,3738,728371469,0.0069341,555,37.000001929700375,False,True,2
3739,3739,728454732,0.0083263,555,37.000001929700375,False,True,2
3740,3740,728552315,0.0097583,555,37.000001929700375,False,True,2
3741,3741,728641094,0.0088779,556,37.066668599843979,False,True,2
3742,3742,728712871,0.0071777,556,37.066668599843979,False,True,2
3743,3743,728796779,0.0083908,556,37.066668599843979,False,True,2
3744,3744,728881669,0.008489,556,37.066668599843979,False,True,2
3745,3745,728970350,0.0088681,557,37.133335269987583,False,True,2
3746,3746,729036721,0.0066371,557,37.133335269987583,False,True,2
3747,3747,729127723,0.0091002,557,37.133335269987583,False,True,2
3748,3748,729199220,0.0071497,557,37.133335269987583,False,True,2
3749,3749,729290124,0.0090904,557,37.133335269987583,False,True,2
3750,3750,729387234,0.009711,558,37.200001940131187,False,True,2
3751,3751,729458720,0.0071486,558,37.200001940131187,False,True,2
3752,3752,729541278,0.0082558,558,37.200001940131187,False,True,2
3753,3753,729633125,0.0091847,559,37.266668610274792,False,True,2
3754,3754,729720947,0.0087822,559,37.266668610274792,False,True,2
3755,3755,729785141,0.0064194,559,37.266668610274792,False,True,2
3756,3756,729869394,0.0084253,559,37.266668610274792,False,True,2
3757,3757,729960434,0.009104,559,37.266668610274792,False,True,2
3758,3758,730049487,0.0089053,560,37.333335280418396,False,True,2
3759,3759,730137487,0.0088,560,37.333335280418396,False,True,2
3760,3760,730201394,0.0063907,560,37.333335280418396,False,True,2
3761,3761,730291747,0.0090353,560,37.333335280418396,False,True,2
3762,3762,730393922,0.0102175,561,37.400001950562,False,True,2
3763,3763,730464028,0.0070106,561,37.400001950562,False,True,2
3764,3764,730535325,0.0071297,561,37.400001950562,False,True,2
3765,3765,730623273,0.0087948,561,37.400001950562,False,True,2
3766,3766,730712207,0.0088934,562,37.466668620705605,False,True,2
3767,3767,730798566,0.0086359,562,37.466668620705605,False,True,2
3768,3768,730885339,0.0086773,562,37.466668620705605,False,True,2
3769,3769,730949978,0.0064639,562,37.466668620705605,False,True,2
3770,3770,731036244,0.0086266,563,37.533335290849209,False,True,2
3771,3771,731125503,0.0089259,563,37.533335290849209,False,True,2
3772,3772,731208524,0.0083021,563,37.533335290849209,False,True,2
3773,3773,731304327,0.0095803,564,37.600001960992813,False,True,2
3774,3774,731367036,0.0062709,564,37.600001960992813,False,True,2
3775,3775,731459257,0.0092221,564,37.600001960992813,False,True,2
3776,3776,731541048,0.0081791,564,37.600001960992813,False,True,2
3777,3777,731627661,0.0086613,564,37.600001960992813,False,True,2
3778,3778,731708404,0.0080743,565,37.666668631136417,False,True,2
3779,3779,731799279,0.0090875,565,37.666668631136417,False,True,2
3780,3780,731867523,0.0068244,565,37.666668631136417,False,True,2
3781,3781,731964497,0.0096974,566,37.733335301280022,False,True,2
3782,3782,732053621,0.0089124,566,37.733335301280022,False,True,2
3783,3783,732118700,0.0065079,566,37.733335301280022,False,True,2
3784,3784,732216549,0.0097849,566,37.733335301280022,False,True,2
3785,3785,732288055,0.0071506,566,37.733335301280022,False,True,2
3786,3786,732391504,0.0103449,567,37.800001971423626,False,True,2
3787,3787,732463850,0.0072346,567,37.800001971423626,False,True,2
3788,3788,732543075,0.0079225,567,37.800001971423626,False,True,2
3789,3789,732627933,0.0084858,567,37.800001971423626,False,True,2
3790,3790,732700797,0.0072864,568,37.86666864156723,False,True,2
3791,3791,732783693,0.0082896,568,37.86666864156723,False,True,2
3792,3792,732871158,0.0087465,568,37.86666864156723,False,True,2
3793,3793,732955505,0.0084347,568,37.86666864156723,False,True,2
3794,3794,733032816,0.0077311,569,37.933335311710835,False,True,2
3795,3795,733120615,0.0087799,569,37.933335311710835,False,True,2
3796,3796,733215412,0.0094797,569,37.933335311710835,False,True,2
3797,3797,733310521,0.0095109,570,38.000001981854439,False,True,2
3798,3798,733375762,0.0065241,570,38.000001981854439,False,True,2
3799,3799,733449942,0.007418,570,38.000001981854439,False,True,2
3800,3800,733538970,0.0089028,570,38.000001981854439,False,True,2
3801,3801,733633796,0.0094826,571,38.066668651998043,False,True,2
3802,3802,733700254,0.0066458,571,38.066668651998043,False,True,2
3803,3803,733806171,0.0105917,571,38.066668651998043,False,True,2
3804,3804,733868113,0.0061942,571,38.066668651998043,False,True,2
3805,3805,733949835,0.0081722,571,38.066668651998043,False,True,2
3806,3806,734037025,0.008719,572,38.133335322141647,False,True,2
3807,3807,734115737,0.0078712,572,38.133335322141647,False,True,2
3808,3808,734200543,0.0084806,572,38.133335322141647,False,True,2
3809,3809,734294833,0.009429,572,38.133335322141647,False,True,2
3810,3810,734390406,0.0095573,573,38.200001992285252,False,True,2
3811,3811,734468671,0.0078265,573,38.200001992285252,False,True,2
3812,3812,734539687,0.0071016,573,38.200001992285252,False,True,2
3813,3813,734636710,0.0097023,574,38.266668662428856,False,True,2
3814,3814,734708863,0.0072153,574,38.266668662428856,False,True,2
3815,3815,734813382,0.0104519,574,38.266668662428856,False,True,2
3816,3816,734856283,0.0042901,574,38.266668662428856,False,True,2
3817,3817,734972690,0.0116407,575,38.33333533257246,False,True,2
3818,3818,735039849,0.0067159,575,38.33333533257246,False,True,2
3819,3819,735134706,0.0094857,575,38.33333533257246,False,True,2
3820,3820,735202392,0.0067686,575,38.33333533257246,False,True,2
3821,3821,735302412,0.010002,576,38.400002002716064,False,True,2
3822,3822,735370245,0.0067833,576,38.400002002716064,False,True,2
3823,3823,735467873,0.0097628,576,38.400002002716064,False,True,2
3824,3824,735557519,0.0089646,576,38.400002002716064,False,True,2
3825,3825,735627229,0.006971,576,38.400002002716064,False,True,2
3826,3826,735703100,0.0075871,577,38.466668672859669,False,True,2
3827,3827,735806978,0.0103878,577,38.466668672859669,False,True,2
3828,3828,735875861,0.0068883,577,38.466668672859669,False,True,2
3829,3829,735971008,0.0095147,578,38.533335343003273,False,True,2
3830,3830,736051554,0.0080546,578,38.533335343003273,False,True,2
3831,3831,736122451,0.0070897,578,38.533335343003273,False,True,2
3832,3832,736214400,0.0091949,578,38.533335343003273,False,True,2
3833,3833,736296610,0.008221,579,38.600002013146877,False,True,2
3834,3834,736402468,0.0105858,579,38.600002013146877,False,True,2
3835,3835,736446317,0.0043849,579,38.600002013146877,False,True,2
3836,3836,736539806,0.0093489,579,38.600002013146877,False,True,2
3837,3837,736627682,0.0087876,579,38.600002013146877,False,True,2
3838,3838,736726465,0.0098783,580,38.666668683290482,False,True,2
3839,3839,736788306,0.0061841,580,38.666668683290482,False,True,2
3840,3840,736881543,0.0093237,580,38.666668683290482,False,True,2
3841,3841,736969947,0.0088404,581,38.733335353434086,False,True,2
3842,3842,737037399,0.0067452,581,38.733335353434086,False,True,2
3843,3843,737126259,0.008886,581,38.733335353434086,False,True,2
3844,3844,737217029,0.009077,581,38.733335353434086,False,True,2
3845,3845,737301559,0.008453,582,38.80000202357769,False,True,2
3846,3846,737370220,0.0068661,582,38.80000202357769,False,True,2
3847,3847,737458369,0.0088149,582,38.80000202357769,False,True,2
3848,3848,737547751,0.0089382,582,38.80000202357769,False,True,2
3849,3849,737636317,0.0088566,583,38.866668693721294,False,True,2
3850,3850,737700062,0.0063745,583,38.866668693721294,False,True,2
3851,3851,737787892,0.008783,583,38.866668693721294,False,True,2
3852,3852,737874581,0.0086689,583,38.866668693721294,False,True,2
3853,3853,737975341,0.010076,584,38.9333353638649,False,True,2
3854,3854,738038915,0.0063574,584,38.9333353638649,False,True,2
3855,3855,738133147,0.0094232,584,38.9333353638649,False,True,2
3856,3856,738198087,0.006494,584,38.9333353638649,False,True,2
3857,3857,738299431,0.0101344,585,39.0000020340085,False,True,2
3858,3858,738386182,0.0086751,585,39.0000020340085,False,True,2
3859,3859,738458165,0.0071983,585,39.0000020340085,False,True,2
3860,3860,738542936,0.0084771,585,39.0000020340085,False,True,2
3861,3861,738638044,0.0095108,586,39.066668704152107,False,True,2
3862,3862,738703576,0.0065532,586,39.066668704152107,False,True,2
3863,3863,738792705,0.0089129,586,39.066668704152107,False,True,2
3864,3864,738880890,0.0088185,586,39.066668704152107,False,True,2
3865,3865,738968942,0.0088052,587,39.133335374295712,False,True,2
3866,3866,739063457,0.0094515,587,39.133335374295712,False,True,2
3867,3867,739127035,0.0063578,587,39.133335374295712,False,True,2
3868,3868,739222113,0.0095078,587,39.133335374295712,False,True,2
3869,3869,739288077,0.0065964,587,39.133335374295712,False,True,2
3870,3870,739377895,0.0089818,588,39.200002044439316,False,True,2
3871,3871,739462027,0.0084132,588,39.200002044439316,False,True,2
3872,3872,739539037,0.007701,588,39.200002044439316,False,True,2
3873,3873,739628299,0.0089262,588,39.200002044439316,False,True,2
3874,3874,739705826,0.0077527,589,39.26666871458292,False,True,2
3875,3875,739792266,0.008644,589,39.26666871458292,False,True,2
3876,3876,739886690,0.0094424,589,39.26666871458292,False,True,2
3877,3877,739952575,0.0065885,589,39.26666871458292,False,True,2
3878,3878,740031289,0.0078714,590,39.333335384726524,False,True,2
3879,3879,740119178,0.0087889,590,39.333335384726524,False,True,2
3880,3880,740207675,0.0088497,590,39.333335384726524,False,True,2
3881,3881,740307159,0.0099484,591,39.400002054870129,False,True,2
3882,3882,740372847,0.0065688,591,39.400002054870129,False,True,2
3883,3883,740461640,0.0088793,591,39.400002054870129,False,True,2
3884,3884,740545741,0.0084101,591,39.400002054870129,False,True,2
3885,3885,740615652,0.0069911,591,39.400002054870129,False,True,2
3886,3886,740700445,0.0084793,592,39.466668725013733,False,True,2
3887,3887,740791893,0.0091448,592,39.466668725013733,False,True,2
3888,3888,740881612,0.0089719,592,39.466668725013733,False,True,2
3889,3889,740956078,0.0074466,592,39.466668725013733,False,True,2
3890,3890,741053486,0.0097408,593,39.533335395157337,False,True,2
3891,3891,741119049,0.0065563,593,39.533335395157337,False,True,2
3892,3892,741218583,0.0099534,593,39.533335395157337,False,True,2
3893,3893,741284753,0.006617,593,39.533335395157337,False,True,2
3894,3894,741384423,0.009967,594,39.600002065300941,False,True,2
3895,3895,741451432,0.0067009,594,39.600002065300941,False,True,2
3896,3896,741547963,0.0096531,594,39.600002065300941,False,True,2
3897,3897,741637566,0.0089603,595,39.666668735444546,False,True,2
3898,3898,741709596,0.007203,595,39.666668735444546,False,True,2
3899,3899,741794129,0.0084533,595,39.666668735444546,False,True,2
3900,3900,741881173,0.0087044,595,39.666668735444546,False,True,2
3901,3901,741974149,0.0092976,596,39.73333540558815,False,True,2
3902,3902,742038196,0.0064047,596,39.73333540558815,False,True,2
3903,3903,742131074,0.0092878,596,39.73333540558815,False,True,2
3904,3904,742214727,0.0083653,596,39.73333540558815,False,True,2
3905,3905,742309757,0.009503,597,39.800002075731754,False,True,2
3906,3906,742376300,0.0066543,597,39.800002075731754,False,True,2
3907,3907,742469645,0.0093345,597,39.800002075731754,False,True,2
3908,3908,742540218,0.0070573,597,39.800002075731754,False,True,2
3909,3909,742639983,0.0099765,598,39.866668745875359,False,True,2
3910,3910,742702777,0.0062794,598,39.866668745875359,False,True,2
3911,3911,742793237,0.009046,598,39.866668745875359,False,True,2
3912,3912,742874784,0.0081547,598,39.866668745875359,False,True,2
3913,3913,742951872,0.0077088,598,39.866668745875359,False,True,2
3914,3914,743033845,0.0081973,599,39.933335416018963,False,True,2
3915,3915,743133014,0.0099169,599,39.933335416018963,False,True,2
3916,3916,743225885,0.0092871,599,39.933335416018963,False,True,2
3917,3917,743291334,0.0065449,599,39.933335416018963,False,True,2
3918,3918,743381892,0.0090558,600,40.000002086162567,False,True,2
3919,3919,743449921,0.0068029,600,40.000002086162567,False,True,2
3920,3920,743545634,0.0095713,600,40.000002086162567,False,True,2
3921,3921,743633920,0.0088286,601,40.066668756306171,False,True,2
3922,3922,743700317,0.0066397,601,40.066668756306171,False,True,2
3923,3923,743797227,0.009691,601,40.066668756306171,False,True,2
3924,3924,743872197,0.007497,601,40.066668756306171,False,True,2
3925,3925,743957989,0.0085792,601,40.066668756306171,False,True,2
3926,3926,744034671,0.0076682,602,40.133335426449776,False,True,2
3927,3927,744141476,0.0106805,602,40.133335426449776,False,True,2
3928,3928,744210403,0.0068927,602,40.133335426449776,False,True,2
3929,3929,744291305,0.0080902,602,40.133335426449776,False,True,2
3930,3930,744374817,0.0083512,603,40.20000209659338,False,True,2
3931,3931,744479986,0.0105169,603,40.20000209659338,False,True,2
3932,3932,744528902,0.0048916,603,40.20000209659338,False,True,2
3933,3933,744628442,0.009954,603,40.20000209659338,False,True,2
3934,3934,744720577,0.0092135,604,40.266668766736984,False,True,2
3935,3935,744790343,0.0069766,604,40.266668766736984,False,True,2
3936,3936,744883608,0.0093265,604,40.266668766736984,False,True,2
3937,3937,744958080,0.0074472,604,40.266668766736984,False,True,2
3938,3938,745048155,0.0090075,605,40.333335436880589,False,True,2
3939,3939,745117746,0.0069591,605,40.333335436880589,False,True,2
3940,3940,745205998,0.0088252,605,40.333335436880589,False,True,2
3941,3941,745295390,0.0089392,605,40.333335436880589,False,True,2
3942,3942,745379424,0.0084034,606,40.400002107024193,False,True,2
3943,3943,745458207,0.0078783,606,40.400002107024193,False,True,2
3944,3944,745548498,0.0090291,606,40.400002107024193,False,True,2
3945,3945,745624592,0.0076094,606,40.400002107024193,False,True,2
3946,3946,745716162,0.009157,607,40.4666687771678,False,True,2
3947,3947,745787581,0.0071419,607,40.4666687771678,False,True,2
3948,3948,745890647,0.0103066,607,40.4666687771678,False,True,2
3949,3949,745958371,0.0067724,607,40.4666687771678,False,True,2
3950,3950,746044799,0.0086428,608,40.5333354473114,False,True,2
3951,3951,746131556,0.0086757,608,40.5333354473114,False,True,2
3952,3952,746206115,0.0074559,608,40.5333354473114,False,True,2
3953,3953,746302612,0.0096497,609,40.600002117455006,False,True,2
3954,3954,746385516,0.0082904,609,40.600002117455006,False,True,2
3955,3955,746454558,0.0069042,609,40.600002117455006,False,True,2
3956,3956,746552645,0.0098087,609,40.600002117455006,False,True,2
3957,3957,746617411,0.0064766,609,40.600002117455006,False,True,2
3958,3958,746708569,0.0091158,610,40.66666878759861,False,True,2
3959,3959,746797252,0.0088683,610,40.66666878759861,False,True,2
3960,3960,746881715,0.0084463,610,40.66666878759861,False,True,2
3961,3961,746963547,0.0081832,610,40.66666878759861,False,True,2
3962,3962,747038810,0.0075263,611,40.733335457742214,False,True,2
3963,3963,747134297,0.0095487,611,40.733335457742214,False,True,2
3964,3964,747214773,0.0080476,611,40.733335457742214,False,True,2
3965,3965,747284079,0.0069306,611,40.733335457742214,False,True,2
3966,3966,747370284,0.0086205,612,40.800002127885818,False,True,2
3967,3967,747461597,0.0091313,612,40.800002127885818,False,True,2
3968,3968,747542291,0.0080694,612,40.800002127885818,False,True,2
3969,3969,747632229,0.0089938,613,40.866668798029423,False,True,2
3970,3970,747715906,0.0083677,613,40.866668798029423,False,True,2
3971,3971,747786293,0.0070387,613,40.866668798029423,False,True,2
3972,3972,747867459,0.0081166,613,40.866668798029423,False,True,2
3973,3973,747961904,0.0094445,613,40.866668798029423,False,True,2
3974,3974,748047870,0.0085966,614,40.933335468173027,False,True,2
3975,3975,748131649,0.0083779,614,40.933335468173027,False,True,2
3976,3976,748220651,0.0089002,614,40.933335468173027,False,True,2
3977,3977,748285816,0.0065165,614,40.933335468173027,False,True,2
3978,3978,748383056,0.009724,615,41.000002138316631,False,False,3
3979,3979,748448178,0.0065122,615,41.000002138316631,False,False,3
3980,3980,748536340,0.0088162,615,41.000002138316631,False,False,3
3981,3981,748620036,0.0083696,615,41.000002138316631,False,False,3
3982,3982,748712457,0.0092421,616,41.066668808460236,False,False,3
3983,3983,748796138,0.0083681,616,41.066668808460236,False,False,3
3984,3984,748869273,0.0073135,616,41.066668808460236,False,False,3
3985,3985,748952418,0.0083145,616,41.066668808460236,False,False,3
3986,3986,749041060,0.0088642,617,41.13333547860384,False,False,3
3987,3987,749125963,0.0084903,617,41.13333547860384,False,False,3
3988,3988,749215774,0.0089811,617,41.13333547860384,False,False,3
3989,3989,749310187,0.0094413,618,41.200002148747444,False,False,3
3990,3990,749372401,0.0062214,618,41.200002148747444,False,False,3
3991,3991,749460362,0.0087961,618,41.200002148747444,False,False,3
3992,3992,749546906,0.0086544,618,41.200002148747444,False,False,3
3993,3993,749644152,0.0097246,619,41.266668818891048,False,False,3
3994,3994,749705273,0.0061121,619,41.266668818891048,False,False,3
3995,3995,749802007,0.0096734,619,41.266668818891048,False,False,3
3996,3996,749887259,0.0085252,619,41.266668818891048,False,False,3
3997,3997,749960533,0.0073274,619,41.266668818891048,False,False,3
3998,3998,750043923,0.008339,620,41.333335489034653,False,False,3
3999,3999,750117740,0.0073817,620,41.333335489034653,False,False,3
4000,4000,750202884,0.0085144,620,41.333335489034653,False,False,3
4001,4001,750295352,0.0092468,620,41.333335489034653,False,False,3
4002,4002,750378339,0.0082987,621,41.400002159178257,False,False,3
4003,4003,750451830,0.0073491,621,41.400002159178257,False,False,3
4004,4004,750533548,0.0081718,621,41.400002159178257,False,False,3
4005,4005,750622423,0.0088875,621,41.400002159178257,False,False,3
4006,4006,750705321,0.0082898,622,41.466668829321861,False,False,3
4007,4007,750789228,0.0083907,622,41.466668829321861,False,False,3
4008,4008,750875310,0.0086082,622,41.466668829321861,False,False,3
4009,4009,750965663,0.0090353,623,41.533335499465466,False,False,3
4010,4010,751059599,0.0093936,623,41.533335499465466,False,False,3
4011,4011,751122042,0.0062443,623,41.533335499465466,False,False,3
4012,4012,751208106,0.0086064,623,41.533335499465466,False,False,3
4013,4013,751300313,0.0092207,624,41.60000216960907,False,False,3
4014,4014,751369507,0.0069194,624,41.60000216960907,False,False,3
4015,4015,751458668,0.0089161,624,41.60000216960907,False,False,3
4016,4016,751547543,0.0088875,624,41.60000216960907,False,False,3
4017,4017,751637518,0.0089975,625,41.666668839752674,False,False,3
4018,4018,751705279,0.0067761,625,41.666668839752674,False,False,3
4019,4019,751789699,0.008442,625,41.666668839752674,False,False,3
4020,4020,751882650,0.0092951,625,41.666668839752674,False,False,3
4021,4021,751949632,0.0066982,625,41.666668839752674,False,False,3
4022,4022,752035578,0.0085946,626,41.733335509896278,False,False,3
4023,4023,752118378,0.00828,626,41.733335509896278,False,False,3
4024,4024,752208356,0.0089978,626,41.733335509896278,False,False,3
4025,4025,752299048,0.0090692,626,41.733335509896278,False,False,3
4026,4026,752366032,0.0066984,627,41.800002180039883,False,False,3
4027,4027,752455335,0.0089303,627,41.800002180039883,False,False,3
4028,4028,752540593,0.0085258,627,41.800002180039883,False,False,3
4029,4029,752636136,0.0095543,628,41.866668850183487,False,False,3
4030,4030,752705693,0.0069557,628,41.866668850183487,False,False,3
4031,4031,752797818,0.0092125,628,41.866668850183487,False,False,3
4032,4032,752882337,0.0084519,628,41.866668850183487,False,False,3
4033,4033,752952938,0.0070601,628,41.866668850183487,False,False,3
4034,4034,753034960,0.0082022,629,41.933335520327091,False,False,3
4035,4035,753121772,0.0086812,629,41.933335520327091,False,False,3
4036,4036,753205745,0.0083973,629,41.933335520327091,False,False,3
4037,4037,753297529,0.0091784,630,42.000002190470695,False,False,3
4038,4038,753382886,0.0085357,630,42.000002190470695,False,False,3
4039,4039,753451167,0.0068281,630,42.000002190470695,False,False,3
4040,4040,753536814,0.0085647,630,42.000002190470695,False,False,3
4041,4041,753623161,0.0086347,630,42.000002190470695,False,False,3
4042,4042,753719633,0.0096472,631,42.0666688606143,False,False,3
4043,4043,753788741,0.0069108,631,42.0666688606143,False,False,3
4044,4044,753882774,0.0094033,631,42.0666688606143,False,False,3
4045,4045,753971116,0.0088342,632,42.133335530757904,False,False,3
4046,4046,754037040,0.0065924,632,42.133335530757904,False,False,3
4047,4047,754126721,0.0089681,632,42.133335530757904,False,False,3
4048,4048,754219827,0.0093106,632,42.133335530757904,False,False,3
4049,4049,754284687,0.006486,632,42.133335530757904,False,False,3
4050,4050,754377667,0.009298,633,42.200002200901508,False,False,3
4051,4051,754462002,0.0084335,633,42.200002200901508,False,False,3
4052,4052,754551927,0.0089925,633,42.200002200901508,False,False,3
4053,4053,754618030,0.0066103,633,42.200002200901508,False,False,3
4054,4054,754714100,0.009607,634,42.266668871045113,False,False,3
4055,4055,754815395,0.0101295,634,42.266668871045113,False,False,3
4056,4056,754855192,0.0039797,634,42.266668871045113,False,False,3
4057,4057,754949297,0.0094105,634,42.266668871045113,False,False,3
4058,4058,755032022,0.0082725,635,42.333335541188717,False,False,3
4059,4059,755124850,0.0092828,635,42.333335541188717,False,False,3
4060,4060,755206001,0.0081151,635,42.333335541188717,False,False,3
4061,4061,755302503,0.0096502,636,42.400002211332321,False,False,3
4062,4062,755384284,0.0081781,636,42.400002211332321,False,False,3
4063,4063,755460306,0.0076022,636,42.400002211332321,False,False,3
4064,4064,755544780,0.0084474,636,42.400002211332321,False,False,3
4065,4065,755633718,0.0088938,637,42.466668881475925,False,False,3
4066,4066,755718897,0.0085179,637,42.466668881475925,False,False,3
4067,4067,755785275,0.0066378,637,42.466668881475925,False,False,3
4068,4068,755866997,0.0081722,637,42.466668881475925,False,False,3
4069,4069,755961645,0.0094648,637,42.466668881475925,False,False,3
4070,4070,756049069,0.0087424,638,42.53333555161953,False,False,3
4071,4071,756116008,0.0066939,638,42.53333555161953,False,False,3
4072,4072,756203698,0.008769,638,42.53333555161953,False,False,3
4073,4073,756299168,0.009547,639,42.600002221763134,False,False,3
4074,4074,756393067,0.0093899,639,42.600002221763134,False,False,3
4075,4075,756456794,0.0063727,639,42.600002221763134,False,False,3
4076,4076,756552360,0.0095566,639,42.600002221763134,False,False,3
4077,4077,756622313,0.0069953,639,42.600002221763134,False,False,3
4078,4078,756720428,0.0098115,640,42.666668891906738,False,False,3
4079,4079,756783182,0.0062754,640,42.666668891906738,False,False,3
4080,4080,756872518,0.0089336,640,42.666668891906738,False,False,3
4081,4081,756954802,0.0082284,640,42.666668891906738,False,False,3
4082,4082,757045662,0.009086,641,42.733335562050343,False,False,3
4083,4083,757126955,0.0081293,641,42.733335562050343,False,False,3
4084,4084,757217058,0.0090103,641,42.733335562050343,False,False,3
4085,4085,757308626,0.0091568,642,42.800002232193947,False,False,3
4086,4086,757372749,0.0064123,642,42.800002232193947,False,False,3
4087,4087,757458441,0.0085692,642,42.800002232193947,False,False,3
4088,4088,757543501,0.008506,642,42.800002232193947,False,False,3
4089,4089,757633335,0.0089834,642,42.800002232193947,False,False,3
4090,4090,757718980,0.0085645,643,42.866668902337551,False,False,3
4091,4091,757808695,0.0089715,643,42.866668902337551,False,False,3
4092,4092,757869403,0.0060708,643,42.866668902337551,False,False,3
4093,4093,757958836,0.0089433,643,42.866668902337551,False,False,3
4094,4094,758042277,0.0083441,644,42.933335572481155,False,False,3
4095,4095,758129500,0.0087223,644,42.933335572481155,False,False,3
4096,4096,758212311,0.0082811,644,42.933335572481155,False,False,3
4097,4097,758284659,0.0072348,644,42.933335572481155,False,False,3
4098,4098,758368980,0.0084321,645,43.00000224262476,False,False,3
4099,4099,758472452,0.0103472,645,43.00000224262476,False,False,3
4100,4100,758535840,0.0063388,645,43.00000224262476,False,False,3
4101,4101,758631065,0.0095225,646,43.066668912768364,False,False,3
4102,4102,758719263,0.0088198,646,43.066668912768364,False,False,3
4103,4103,758784835,0.0065572,646,43.066668912768364,False,False,3
4104,4104,758872990,0.0088155,646,43.066668912768364,False,False,3
4105,4105,758959542,0.0086552,646,43.066668912768364,False,False,3
4106,4106,759046405,0.0086863,647,43.133335582911968,False,False,3
4107,4107,759132812,0.0086407,647,43.133335582911968,False,False,3
4108,4108,759201342,0.006853,647,43.133335582911968,False,False,3
4109,4109,759284504,0.0083162,647,43.133335582911968,False,False,3
4110,4110,759377122,0.0092618,648,43.200002253055573,False,False,3
4111,4111,759461763,0.0084641,648,43.200002253055573,False,False,3
4112,4112,759549406,0.0087643,648,43.200002253055573,False,False,3
4113,4113,759637865,0.0088459,649,43.266668923199177,False,False,3
4114,4114,759700572,0.0062707,649,43.266668923199177,False,False,3
4115,4115,759786856,0.0086284,649,43.266668923199177,False,False,3
4116,4116,759886221,0.0099365,649,43.266668923199177,False,False,3
4117,4117,759954809,0.0068588,649,43.266668923199177,False,False,3
4118,4118,760038121,0.0083312,650,43.333335593342781,False,False,3
4119,4119,760126902,0.0088781,650,43.333335593342781,False,False,3
4120,4120,760211080,0.0084178,650,43.333335593342781,False,False,3
4121,4121,760304557,0.0093477,651,43.400002263486385,False,False,3
4122,4122,760368510,0.0063953,651,43.400002263486385,False,False,3
4123,4123,760462462,0.0093952,651,43.400002263486385,False,False,3
4124,4124,760545443,0.0082981,651,43.400002263486385,False,False,3
4125,4125,760621146,0.0075703,651,43.400002263486385,False,False,3
4126,4126,760707899,0.0086753,652,43.46666893362999,False,False,3
4127,4127,760800395,0.0092496,652,43.46666893362999,False,False,3
4128,4128,760890561,0.0090166,652,43.46666893362999,False,False,3
4129,4129,760957969,0.0067408,652,43.46666893362999,False,False,3
4130,4130,761047933,0.0089964,653,43.533335603773594,False,False,3
4131,4131,761133960,0.0086027,653,43.533335603773594,False,False,3
4132,4132,761222936,0.0088976,653,43.533335603773594,False,False,3
4133,4133,761286810,0.0063874,653,43.533335603773594,False,False,3
4134,4134,761384870,0.009806,654,43.6000022739172,False,False,3
4135,4135,761469733,0.0084863,654,43.6000022739172,False,False,3
4136,4136,761537468,0.0067735,654,43.6000022739172,False,False,3
4137,4137,761627196,0.0089728,654,43.6000022739172,False,False,3
4138,4138,761726104,0.0098908,655,43.6666689440608,False,False,3
4139,4139,761792784,0.006668,655,43.6666689440608,False,False,3
4140,4140,761881254,0.008847,655,43.6666689440608,False,False,3
4141,4141,761967244,0.008599,656,43.733335614204407,False,False,3
4142,4142,762053537,0.0086293,656,43.733335614204407,False,False,3
4143,4143,762141061,0.0087524,656,43.733335614204407,False,False,3
4144,4144,762204173,0.0063112,656,43.733335614204407,False,False,3
4145,4145,762291398,0.0087225,656,43.733335614204407,False,False,3
4146,4146,762377505,0.0086107,657,43.800002284348011,False,False,3
4147,4147,762465032,0.0087527,657,43.800002284348011,False,False,3
4148,4148,762548831,0.0083799,657,43.800002284348011,False,False,3
4149,4149,762638569,0.0089738,658,43.866668954491615,False,False,3
4150,4150,762700023,0.0061454,658,43.866668954491615,False,False,3
4151,4151,762792871,0.0092848,658,43.866668954491615,False,False,3
4152,4152,762884704,0.0091833,658,43.866668954491615,False,False,3
4153,4153,762951203,0.0066499,658,43.866668954491615,False,False,3
4154,4154,763033318,0.0082115,659,43.93333562463522,False,False,3
4155,4155,763123557,0.0090239,659,43.93333562463522,False,False,3
4156,4156,763203491,0.0079934,659,43.93333562463522,False,False,3
4157,4157,763302464,0.0098973,660,44.000002294778824,False,False,3
4158,4158,763365136,0.0062672,660,44.000002294778824,False,False,3
4159,4159,763452302,0.0087166,660,44.000002294778824,False,False,3
4160,4160,763533292,0.008099,660,44.000002294778824,False,False,3
4161,4161,763634016,0.0100724,661,44.066668964922428,False,False,3
4162,4162,763727421,0.0093405,661,44.066668964922428,False,False,3
4163,4163,763791450,0.0064029,661,44.066668964922428,False,False,3
4164,4164,763881376,0.0089926,661,44.066668964922428,False,False,3
4165,4165,763968083,0.0086707,662,44.133335635066032,False,False,3
4166,4166,764037921,0.0069838,662,44.133335635066032,False,False,3
4167,4167,764125689,0.0087768,662,44.133335635066032,False,False,3
4168,4168,764221687,0.0095998,662,44.133335635066032,False,False,3
4169,4169,764283562,0.0061875,662,44.133335635066032,False,False,3
4170,4170,764392242,0.010868,663,44.200002305209637,False,False,3
4171,4171,764456610,0.0064368,663,44.200002305209637,False,False,3
4172,4172,764550477,0.0093867,663,44.200002305209637,False,False,3
4173,4173,764639317,0.008884,664,44.266668975353241,False,False,3
4174,4174,764706179,0.0066862,664,44.266668975353241,False,False,3
4175,4175,764795343,0.0089164,664,44.266668975353241,False,False,3
4176,4176,764885966,0.0090623,664,44.266668975353241,False,False,3
4177,4177,764974430,0.0088464,665,44.333335645496845,False,False,3
4178,4178,765042659,0.0068229,665,44.333335645496845,False,False,3
4179,4179,765132524,0.0089865,665,44.333335645496845,False,False,3
4180,4180,765217526,0.0085002,665,44.333335645496845,False,False,3
4181,4181,765290873,0.0073347,665,44.333335645496845,False,False,3
4182,4182,765376950,0.0086077,666,44.40000231564045,False,False,3
4183,4183,765450187,0.0073237,666,44.40000231564045,False,False,3
4184,4184,765534274,0.0084087,666,44.40000231564045,False,False,3
4185,4185,765625206,0.0090932,666,44.40000231564045,False,False,3
4186,4186,765715666,0.009046,667,44.466668985784054,False,False,3
4187,4187,765785767,0.0070101,667,44.466668985784054,False,False,3
4188,4188,765870049,0.0084282,667,44.466668985784054,False,False,3
4189,4189,765959057,0.0089008,667,44.466668985784054,False,False,3
4190,4190,766053461,0.0094404,668,44.533335655927658,False,False,3
4191,4191,766118911,0.006545,668,44.533335655927658,False,False,3
4192,4192,766208827,0.0089916,668,44.533335655927658,False,False,3
4193,4193,766294426,0.0085599,668,44.533335655927658,False,False,3
4194,4194,766389529,0.0095103,669,44.600002326071262,False,False,3
4195,4195,766451978,0.0062449,669,44.600002326071262,False,False,3
4196,4196,766540994,0.0089016,669,44.600002326071262,False,False,3
4197,4197,766629644,0.008865,670,44.666668996214867,False,False,3
4198,4198,766706501,0.0076857,670,44.666668996214867,False,False,3
4199,4199,766799877,0.0093376,670,44.666668996214867,False,False,3
4200,4200,766881773,0.0081896,670,44.666668996214867,False,False,3
4201,4201,766952649,0.0070876,670,44.666668996214867,False,False,3
4202,4202,767049996,0.0097347,671,44.733335666358471,False,False,3
4203,4203,767116381,0.0066385,671,44.733335666358471,False,False,3
4204,4204,767210045,0.0093664,671,44.733335666358471,False,False,3
4205,4205,767304438,0.0094393,672,44.800002336502075,False,False,3
4206,4206,767383082,0.0078644,672,44.800002336502075,False,False,3
4207,4207,767476549,0.0093467,672,44.800002336502075,False,False,3
4208,4208,767523709,0.004716,672,44.800002336502075,False,False,3
4209,4209,767629660,0.0105951,672,44.800002336502075,False,False,3
4210,4210,767726962,0.0097302,673,44.866669006645679,False,False,3
4211,4211,767771980,0.0045018,673,44.866669006645679,False,False,3
4212,4212,767889415,0.0117435,673,44.866669006645679,False,False,3
4213,4213,767962876,0.0073461,673,44.866669006645679,False,False,3
4214,4214,768056619,0.0093743,674,44.933335676789284,False,False,3
4215,4215,768123475,0.0066856,674,44.933335676789284,False,False,3
4216,4216,768234520,0.0111045,674,44.933335676789284,False,False,3
4217,4217,768284881,0.0050361,674,44.933335676789284,False,False,3
4218,4218,768392449,0.0107568,675,45.000002346932888,False,False,3
4219,4219,768464559,0.007211,675,45.000002346932888,False,False,3
4220,4220,768548952,0.0084393,675,45.000002346932888,False,False,3
4221,4221,768635926,0.0086974,676,45.066669017076492,False,False,3
4222,4222,768718034,0.0082108,676,45.066669017076492,False,False,3
4223,4223,768792319,0.0074285,676,45.066669017076492,False,False,3
4224,4224,768869317,0.0076998,676,45.066669017076492,False,False,3
4225,4225,768969547,0.010023,677,45.1333356872201,False,False,3
4226,4226,769046718,0.0077171,677,45.1333356872201,False,False,3
4227,4227,769141920,0.0095202,677,45.1333356872201,False,False,3
4228,4228,769190292,0.0048372,677,45.1333356872201,False,False,3
4229,4229,769284821,0.0094529,677,45.1333356872201,False,False,3
4230,4230,769362382,0.0077561,678,45.2000023573637,False,False,3
4231,4231,769452081,0.0089699,678,45.2000023573637,False,False,3
4232,4232,769550416,0.0098335,678,45.2000023573637,False,False,3
4233,4233,769617597,0.0067181,678,45.2000023573637,False,False,3
4234,4234,769711532,0.0093935,679,45.266669027507305,False,False,3
4235,4235,769807722,0.009619,679,45.266669027507305,False,False,3
4236,4236,769875492,0.006777,679,45.266669027507305,False,False,3
4237,4237,769979935,0.0104443,680,45.333335697650909,False,False,3
4238,4238,770022426,0.0042491,680,45.333335697650909,False,False,3
4239,4239,770122622,0.0100196,680,45.333335697650909,False,False,3
4240,4240,770217913,0.0095291,680,45.333335697650909,False,False,3
4241,4241,770296595,0.0078682,680,45.333335697650909,False,False,3
4242,4242,770367851,0.0071256,681,45.400002367794514,False,False,3
4243,4243,770467444,0.0099593,681,45.400002367794514,False,False,3
4244,4244,770540130,0.0072686,681,45.400002367794514,False,False,3
4245,4245,770617625,0.0077495,681,45.400002367794514,False,False,3
4246,4246,770714494,0.0096869,682,45.466669037938118,False,False,3
4247,4247,770783684,0.006919,682,45.466669037938118,False,False,3
4248,4248,770880224,0.009654,682,45.466669037938118,False,False,3
4249,4249,770973134,0.009291,683,45.533335708081722,False,False,3
4250,4250,771057475,0.0084341,683,45.533335708081722,False,False,3
4251,4251,771126888,0.0069413,683,45.533335708081722,False,False,3
4252,4252,771216751,0.0089863,683,45.533335708081722,False,False,3
4253,4253,771281605,0.0064854,683,45.533335708081722,False,False,3
4254,4254,771388133,0.0106528,684,45.600002378225327,False,False,3
4255,4255,771459424,0.0071291,684,45.600002378225327,False,False,3
4256,4256,771539109,0.0079685,684,45.600002378225327,False,False,3
4257,4257,771643000,0.0103891,685,45.666669048368931,False,False,3
4258,4258,771691658,0.0048658,685,45.666669048368931,False,False,3
4259,4259,771808409,0.0116751,685,45.666669048368931,False,False,3
4260,4260,771878240,0.0069831,685,45.666669048368931,False,False,3
4261,4261,771979213,0.0100973,686,45.733335718512535,False,False,3
4262,4262,772052671,0.0073458,686,45.733335718512535,False,False,3
4263,4263,772132579,0.0079908,686,45.733335718512535,False,False,3
4264,4264,772209167,0.0076588,686,45.733335718512535,False,False,3
4265,4265,772285348,0.0076181,686,45.733335718512535,False,False,3
4266,4266,772376171,0.0090823,687,45.800002388656139,False,False,3
4267,4267,772464691,0.008852,687,45.800002388656139,False,False,3
4268,4268,772547642,0.0082951,687,45.800002388656139,False,False,3
4269,4269,772617441,0.0069799,687,45.800002388656139,False,False,3
4270,4270,772702456,0.0085015,688,45.866669058799744,False,False,3
4271,4271,772799717,0.0097261,688,45.866669058799744,False,False,3
4272,4272,772893642,0.0093925,688,45.866669058799744,False,False,3
4273,4273,772964367,0.0070725,689,45.933335728943348,False,False,3
4274,4274,773058989,0.0094622,689,45.933335728943348,False,False,3
4275,4275,773121938,0.0062949,689,45.933335728943348,False,False,3
4276,4276,773214119,0.0092181,689,45.933335728943348,False,False,3
4277,4277,773302817,0.0088698,690,46.000002399086952,False,False,3
4278,4278,773374315,0.0071498,690,46.000002399086952,False,False,3
4279,4279,773461924,0.0087609,690,46.000002399086952,False,False,3
4280,4280,773564777,0.0102853,690,46.000002399086952,False,False,3
4281,4281,773629653,0.0064876,691,46.066669069230556,False,False,3
4282,4282,773701357,0.0071704,691,46.066669069230556,False,False,3
4283,4283,773784911,0.0083554,691,46.066669069230556,False,False,3
4284,4284,773885343,0.0100432,691,46.066669069230556,False,False,3
4285,4285,773953494,0.0068151,691,46.066669069230556,False,False,3
4286,4286,774046667,0.0093173,692,46.133335739374161,False,False,3
4287,4287,774143686,0.0097019,692,46.133335739374161,False,False,3
4288,4288,774209724,0.0066038,692,46.133335739374161,False,False,3
4289,4289,774300129,0.0090405,693,46.200002409517765,False,False,3
4290,4290,774366145,0.0066016,693,46.200002409517765,False,False,3
4291,4291,774451483,0.0085338,693,46.200002409517765,False,False,3
4292,4292,774544132,0.0092649,693,46.200002409517765,False,False,3
4293,4293,774641747,0.0097615,694,46.266669079661369,False,False,3
4294,4294,774705564,0.0063817,694,46.266669079661369,False,False,3
4295,4295,774803119,0.0097555,694,46.266669079661369,False,False,3
4296,4296,774887185,0.0084066,694,46.266669079661369,False,False,3
4297,4297,774968039,0.0080854,695,46.333335749804974,False,False,3
4298,4298,775035966,0.0067927,695,46.333335749804974,False,False,3
4299,4299,775133938,0.0097972,695,46.333335749804974,False,False,3
4300,4300,775219539,0.0085601,695,46.333335749804974,False,False,3
4301,4301,775290937,0.0071398,695,46.333335749804974,False,False,3
4302,4302,775377472,0.0086535,696,46.400002419948578,False,False,3
4303,4303,775468915,0.0091443,696,46.400002419948578,False,False,3
4304,4304,775532489,0.0063574,696,46.400002419948578,False,False,3
4305,4305,775634076,0.0101587,697,46.466669090092182,False,False,3
4306,4306,775703831,0.0069755,697,46.466669090092182,False,False,3
4307,4307,775784266,0.0080435,697,46.466669090092182,False,False,3
4308,4308,775877203,0.0092937,697,46.466669090092182,False,False,3
4309,4309,775956236,0.0079033,697,46.466669090092182,False,False,3
4310,4310,776058942,0.0102706,698,46.533335760235786,False,False,3
4311,4311,776129348,0.0070406,698,46.533335760235786,False,False,3
4312,4312,776203486,0.0074138,698,46.533335760235786,False,False,3
4313,4313,776293989,0.0090503,698,46.533335760235786,False,False,3
4314,4314,776376416,0.0082427,699,46.600002430379391,False,False,3
4315,4315,776476018,0.0099602,699,46.600002430379391,False,False,3
4316,4316,776549605,0.0073587,699,46.600002430379391,False,False,3
4317,4317,776616526,0.0066921,699,46.600002430379391,False,False,3
4318,4318,776722008,0.0105482,700,46.666669100522995,False,False,3
4319,4319,776794971,0.0072963,700,46.666669100522995,False,False,3
4320,4320,776870281,0.007531,700,46.666669100522995,False,False,3
4321,4321,776965728,0.0095447,701,46.7333357706666,False,False,3
4322,4322,777038739,0.0073011,701,46.7333357706666,False,False,3
4323,4323,777139324,0.0100585,701,46.7333357706666,False,False,3
4324,4324,777207530,0.0068206,701,46.7333357706666,False,False,3
4325,4325,777311024,0.0103494,702,46.8000024408102,False,False,3
4326,4326,777359918,0.0048894,702,46.8000024408102,False,False,3
4327,4327,777462829,0.0102911,702,46.8000024408102,False,False,3
4328,4328,777544703,0.0081874,702,46.8000024408102,False,False,3
4329,4329,777623895,0.0079192,702,46.8000024408102,False,False,3
4330,4330,777721497,0.0097602,703,46.866669110953808,False,False,3
4331,4331,777797240,0.0075743,703,46.866669110953808,False,False,3
4332,4332,777891738,0.0094498,703,46.866669110953808,False,False,3
4333,4333,777965446,0.0073708,704,46.933335781097412,False,False,3
4334,4334,778061150,0.0095704,704,46.933335781097412,False,False,3
4335,4335,778135334,0.0074184,704,46.933335781097412,False,False,3
4336,4336,778203958,0.0068624,704,46.933335781097412,False,False,3
4337,4337,778305001,0.0101043,705,47.000002451241016,False,False,3
4338,4338,778382432,0.0077431,705,47.000002451241016,False,False,3
4339,4339,778451779,0.0069347,705,47.000002451241016,False,False,3
4340,4340,778544077,0.0092298,705,47.000002451241016,False,False,3
4341,4341,778631661,0.0087584,706,47.066669121384621,False,False,3
4342,4342,778698790,0.0067129,706,47.066669121384621,False,False,3
4343,4343,778784863,0.0086073,706,47.066669121384621,False,False,3
4344,4344,778881019,0.0096156,706,47.066669121384621,False,False,3
4345,4345,778972466,0.0091447,707,47.133335791528225,False,False,3
4346,4346,779042607,0.0070141,707,47.133335791528225,False,False,3
4347,4347,779134730,0.0092123,707,47.133335791528225,False,False,3
4348,4348,779207342,0.0072612,707,47.133335791528225,False,False,3
4349,4349,779314813,0.0107471,708,47.200002461671829,False,False,3
4350,4350,779362845,0.0048032,708,47.200002461671829,False,False,3
4351,4351,779473625,0.011078,708,47.200002461671829,False,False,3
4352,4352,779542521,0.0068896,708,47.200002461671829,False,False,3
4353,4353,779639460,0.0096939,709,47.266669131815434,False,False,3
4354,4354,779714678,0.0075218,709,47.266669131815434,False,False,3
4355,4355,779793962,0.0079284,709,47.266669131815434,False,False,3
4356,4356,779884259,0.0090297,709,47.266669131815434,False,False,3
4357,4357,779954844,0.0070585,709,47.266669131815434,False,False,3
4358,4358,780042286,0.0087442,710,47.333335801959038,False,False,3
4359,4359,780117646,0.007536,710,47.333335801959038,False,False,3
4360,4360,780212208,0.0094562,710,47.333335801959038,False,False,3
4361,4361,780296008,0.00838,710,47.333335801959038,False,False,3
4362,4362,780368648,0.007264,711,47.400002472102642,False,False,3
4363,4363,780459627,0.0090979,711,47.400002472102642,False,False,3
4364,4364,780563654,0.0104027,711,47.400002472102642,False,False,3
4365,4365,780608920,0.0045266,711,47.400002472102642,False,False,3
4366,4366,780716655,0.0107735,712,47.466669142246246,False,False,3
4367,4367,780785574,0.0068919,712,47.466669142246246,False,False,3
4368,4368,780891239,0.0105665,712,47.466669142246246,False,False,3
4369,4369,780959282,0.0068043,712,47.466669142246246,False,False,3
4370,4370,781032068,0.0072786,713,47.533335812389851,False,False,3
4371,4371,781126446,0.0094378,713,47.533335812389851,False,False,3
4372,4372,781206163,0.0079717,713,47.533335812389851,False,False,3
4373,4373,781302693,0.009653,714,47.600002482533455,False,False,3
4374,4374,781376829,0.0074136,714,47.600002482533455,False,False,3
4375,4375,781473108,0.0096279,714,47.600002482533455,False,False,3
4376,4376,781542495,0.0069387,714,47.600002482533455,False,False,3
4377,4377,781642752,0.0100257,715,47.666669152677059,False,False,3
4378,4378,781709231,0.0066479,715,47.666669152677059,False,False,3
4379,4379,781819566,0.0110335,715,47.666669152677059,False,False,3
4380,4380,781862312,0.0042746,715,47.666669152677059,False,False,3
4381,4381,781964262,0.010195,716,47.733335822820663,False,False,3
4382,4382,782057448,0.0093186,716,47.733335822820663,False,False,3
4383,4383,782132199,0.0074751,716,47.733335822820663,False,False,3
4384,4384,782204562,0.0072363,716,47.733335822820663,False,False,3
4385,4385,782315026,0.0110464,717,47.800002492964268,False,False,3
4386,4386,782377471,0.0062445,717,47.800002492964268,False,False,3
4387,4387,782474162,0.0096691,717,47.800002492964268,False,False,3
4388,4388,782536665,0.0062503,717,47.800002492964268,False,False,3
4389,4389,782646790,0.0110125,718,47.866669163107872,False,False,3
4390,4390,782713660,0.006687,718,47.866669163107872,False,False,3
4391,4391,782786752,0.0073092,718,47.866669163107872,False,False,3
4392,4392,782879819,0.0093067,718,47.866669163107872,False,False,3
4393,4393,782950738,0.0070919,718,47.866669163107872,False,False,3
4394,4394,783052603,0.0101865,719,47.933335833251476,False,False,3
4395,4395,783133360,0.0080757,719,47.933335833251476,False,False,3
4396,4396,783203722,0.0070362,719,47.933335833251476,False,False,3
4397,4397,783285015,0.0081293,719,47.933335833251476,False,False,3
4398,4398,783382203,0.0097188,720,48.000002503395081,False,False,3
4399,4399,783452574,0.0070371,720,48.000002503395081,False,False,3
4400,4400,783555444,0.010287,720,48.000002503395081,False,False,3
4401,4401,783626386,0.0070942,720,48.000002503395081,False,False,3
4402,4402,783705607,0.0079221,721,48.066669173538685,False,False,3
4403,4403,783796357,0.009075,721,48.066669173538685,False,False,3
4404,4404,783891975,0.0095618,721,48.066669173538685,False,False,3
4405,4405,783968615,0.007664,722,48.133335843682289,False,False,3
4406,4406,784054535,0.008592,722,48.133335843682289,False,False,3
4407,4407,784131623,0.0077088,722,48.133335843682289,False,False,3
4408,4408,784209013,0.007739,722,48.133335843682289,False,False,3
4409,4409,784314434,0.0105421,723,48.200002513825893,False,False,3
4410,4410,784396008,0.0081574,723,48.200002513825893,False,False,3
4411,4411,784457203,0.0061195,723,48.200002513825893,False,False,3
4412,4412,784559065,0.0101862,723,48.200002513825893,False,False,3
4413,4413,784627917,0.0068852,723,48.200002513825893,False,False,3
4414,4414,784699916,0.0071999,724,48.2666691839695,False,False,3
4415,4415,784799279,0.0099363,724,48.2666691839695,False,False,3
4416,4416,784886592,0.0087313,724,48.2666691839695,False,False,3
4417,4417,784957743,0.0071151,724,48.2666691839695,False,False,3
4418,4418,785057702,0.0099959,725,48.3333358541131,False,False,3
4419,4419,785124169,0.0066467,725,48.3333358541131,False,False,3
4420,4420,785223346,0.0099177,725,48.3333358541131,False,False,3
4421,4421,785288969,0.0065623,725,48.3333358541131,False,False,3
4422,4422,785391760,0.0102791,726,48.400002524256706,False,False,3
4423,4423,785463859,0.0072099,726,48.400002524256706,False,False,3
4424,4424,785543110,0.0079251,726,48.400002524256706,False,False,3
4425,4425,785623970,0.008086,726,48.400002524256706,False,False,3
4426,4426,785701739,0.0077769,727,48.466669194400311,False,False,3
4427,4427,785805219,0.010348,727,48.466669194400311,False,False,3
4428,4428,785858935,0.0053716,727,48.466669194400311,False,False,3
4429,4429,785961871,0.0102936,727,48.466669194400311,False,False,3
4430,4430,786024024,0.0062153,728,48.533335864543915,False,False,3
4431,4431,786144802,0.0120778,728,48.533335864543915,False,False,3
4432,4432,786192962,0.004816,728,48.533335864543915,False,False,3
4433,4433,786310616,0.0117654,729,48.600002534687519,False,False,3
4434,4434,786360962,0.0050346,729,48.600002534687519,False,False,3
4435,4435,786463918,0.0102956,729,48.600002534687519,False,False,3
4436,4436,786563662,0.0099744,729,48.600002534687519,False,False,3
4437,4437,786610189,0.0046527,729,48.600002534687519,False,False,3
4438,4438,786699455,0.0089266,730,48.666669204831123,False,False,3
4439,4439,786803821,0.0104366,730,48.666669204831123,False,False,3
4440,4440,786870104,0.0066283,730,48.666669204831123,False,False,3
4441,4441,786970394,0.010029,731,48.733335874974728,False,False,3
4442,4442,787034823,0.0064429,731,48.733335874974728,False,False,3
4443,4443,787126095,0.0091272,731,48.733335874974728,False,False,3
4444,4444,787209733,0.0083638,731,48.733335874974728,False,False,3
4445,4445,787306360,0.0096627,732,48.800002545118332,False,False,3
4446,4446,787369318,0.0062958,732,48.800002545118332,False,False,3
4447,4447,787462981,0.0093663,732,48.800002545118332,False,False,3
4448,4448,787560064,0.0097083,732,48.800002545118332,False,False,3
4449,4449,787627506,0.0067442,732,48.800002545118332,False,False,3
4450,4450,787738735,0.0111229,733,48.866669215261936,False,False,3
4451,4451,787783531,0.0044796,733,48.866669215261936,False,False,3
4452,4452,787879933,0.0096402,733,48.866669215261936,False,False,3
4453,4453,787956882,0.0076949,733,48.866669215261936,False,False,3
4454,4454,788058586,0.0101704,734,48.93333588540554,False,False,3
4455,4455,788125367,0.0066781,734,48.93333588540554,False,False,3
4456,4456,788219627,0.009426,734,48.93333588540554,False,False,3
4457,4457,788286435,0.0066808,734,48.93333588540554,False,False,3
4458,4458,788386008,0.0099573,735,49.000002555549145,False,False,3
4459,4459,788456529,0.0070521,735,49.000002555549145,False,False,3
4460,4460,788541379,0.008485,735,49.000002555549145,False,False,3
4461,4461,788636221,0.0094842,736,49.066669225692749,False,False,3
4462,4462,788708569,0.0072348,736,49.066669225692749,False,False,3
4463,4463,788810267,0.0101698,736,49.066669225692749,False,False,3
4464,4464,788862324,0.0052057,736,49.066669225692749,False,False,3
4465,4465,788967720,0.0105396,737,49.133335895836353,False,False,3
4466,4466,789043038,0.0075318,737,49.133335895836353,False,False,3
4467,4467,789133649,0.0090611,737,49.133335895836353,False,False,3
4468,4468,789202699,0.006905,737,49.133335895836353,False,False,3
4469,4469,789294288,0.0091589,737,49.133335895836353,False,False,3
4470,4470,789388468,0.009418,738,49.200002565979958,False,False,3
4471,4471,789452154,0.0063686,738,49.200002565979958,False,False,3
4472,4472,789540590,0.0088436,738,49.200002565979958,False,False,3
4473,4473,789626274,0.0085684,738,49.200002565979958,False,False,3
4474,4474,789711479,0.0085205,739,49.266669236123562,False,False,3
4475,4475,789798923,0.0087444,739,49.266669236123562,False,False,3
4476,4476,789881648,0.0082725,739,49.266669236123562,False,False,3
4477,4477,789970936,0.0089288,740,49.333335906267166,False,False,3
4478,4478,790036435,0.0065499,740,49.333335906267166,False,False,3
4479,4479,790132299,0.0095864,740,49.333335906267166,False,False,3
4480,4480,790199038,0.0066739,740,49.333335906267166,False,False,3
4481,4481,790309243,0.0110205,741,49.40000257641077,False,False,3
4482,4482,790377711,0.0068468,741,49.40000257641077,False,False,3
4483,4483,790470668,0.0092957,741,49.40000257641077,False,False,3
4484,4484,790531748,0.006108,741,49.40000257641077,False,False,3
4485,4485,790617269,0.0085521,741,49.40000257641077,False,False,3
4486,4486,790713022,0.0095753,742,49.466669246554375,False,False,3
4487,4487,790800572,0.008755,742,49.466669246554375,False,False,3
4488,4488,790884975,0.0084403,742,49.466669246554375,False,False,3
4489,4489,790953798,0.0068823,742,49.466669246554375,False,False,3
4490,4490,791038872,0.0085074,743,49.533335916697979,False,False,3
4491,4491,791128520,0.0089648,743,49.533335916697979,False,False,3
4492,4492,791214734,0.0086214,743,49.533335916697979,False,False,3
4493,4493,791286436,0.0071702,743,49.533335916697979,False,False,3
4494,4494,791374906,0.008847,744,49.600002586841583,False,False,3
4495,4495,791469736,0.009483,744,49.600002586841583,False,False,3
4496,4496,791554748,0.0085012,744,49.600002586841583,False,False,3
4497,4497,791618935,0.0064187,744,49.600002586841583,False,False,3
4498,4498,791701622,0.0082687,745,49.666669256985188,False,False,3
4499,4499,791780118,0.0078496,745,49.666669256985188,False,False,3
4500,4500,791892982,0.0112864,745,49.666669256985188,False,False,3
4501,4501,791959349,0.0066367,745,49.666669256985188,False,False,3
4502,4502,792049207,0.0089858,746,49.733335927128792,False,False,3
4503,4503,792137621,0.0088414,746,49.733335927128792,False,False,3
4504,4504,792223048,0.0085427,746,49.733335927128792,False,False,3
4505,4505,792289519,0.0066471,746,49.733335927128792,False,False,3
4506,4506,792376103,0.0086584,747,49.800002597272396,False,False,3
4507,4507,792459390,0.0083287,747,49.800002597272396,False,False,3
4508,4508,792545452,0.0086062,747,49.800002597272396,False,False,3
4509,4509,792627198,0.0081746,747,49.800002597272396,False,False,3
4510,4510,792718079,0.0090881,748,49.866669267416,False,False,3
4511,4511,792781497,0.0063418,748,49.866669267416,False,False,3
4512,4512,792880658,0.0099161,748,49.866669267416,False,False,3
4513,4513,792952605,0.0071947,748,49.866669267416,False,False,3
4514,4514,793043788,0.0091183,749,49.933335937559605,False,False,3
4515,4515,793127017,0.0083229,749,49.933335937559605,False,False,3
4516,4516,793198930,0.0071913,749,49.933335937559605,False,False,3
4517,4517,793297114,0.0098184,750,50.000002607703209,False,False,3
4518,4518,793372715,0.0075601,750,50.000002607703209,False,False,3
4519,4519,793461122,0.0088407,750,50.000002607703209,False,False,3
4520,4520,793548771,0.0087649,750,50.000002607703209,False,False,3
4521,4521,793631335,0.0082564,751,50.066669277846813,False,False,3
4522,4522,793717040,0.0085705,751,50.066669277846813,False,False,3
4523,4523,793809946,0.0092906,751,50.066669277846813,False,False,3
4524,4524,793873924,0.0063978,751,50.066669277846813,False,False,3
4525,4525,793969738,0.0095814,752,50.133335947990417,False,False,3
4526,4526,794032062,0.0062324,752,50.133335947990417,False,False,3
4527,4527,794130074,0.0098012,752,50.133335947990417,False,False,3
4528,4528,794220768,0.0090694,752,50.133335947990417,False,False,3
4529,4529,794288465,0.0067697,752,50.133335947990417,False,False,3
4530,4530,794373707,0.0085242,753,50.200002618134022,False,False,3
4531,4531,794460328,0.0086621,753,50.200002618134022,False,False,3
4532,4532,794534972,0.0074644,753,50.200002618134022,False,False,3
4533,4533,794618640,0.0083668,753,50.200002618134022,False,False,3
4534,4534,794703683,0.0085043,754,50.266669288277626,False,False,3
4535,4535,794800337,0.0096654,754,50.266669288277626,False,False,3
4536,4536,794883477,0.008314,754,50.266669288277626,False,False,3
4537,4537,794951775,0.0068298,754,50.266669288277626,False,False,3
4538,4538,795035615,0.008384,755,50.33333595842123,False,False,3
4539,4539,795125601,0.0089986,755,50.33333595842123,False,False,3
4540,4540,795209939,0.0084338,755,50.33333595842123,False,False,3
4541,4541,795301474,0.0091535,756,50.400002628564835,False,False,3
4542,4542,795385591,0.0084117,756,50.400002628564835,False,False,3
4543,4543,795451352,0.0065761,756,50.400002628564835,False,False,3
4544,4544,795537222,0.008587,756,50.400002628564835,False,False,3
4545,4545,795627051,0.0089829,756,50.400002628564835,False,False,3
4546,4546,795722552,0.0095501,757,50.466669298708439,False,False,3
4547,4547,795791050,0.0068498,757,50.466669298708439,False,False,3
4548,4548,795880230,0.008918,757,50.466669298708439,False,False,3
4549,4549,795948267,0.0068037,757,50.466669298708439,False,False,3
4550,4550,796038633,0.0090366,758,50.533335968852043,False,False,3
4551,4551,796127688,0.0089055,758,50.533335968852043,False,False,3
4552,4552,796216385,0.0088697,758,50.533335968852043,False,False,3
4553,4553,796292378,0.0075993,758,50.533335968852043,False,False,3
4554,4554,796387529,0.0095151,759,50.600002638995647,False,False,3
4555,4555,796453951,0.0066422,759,50.600002638995647,False,False,3
4556,4556,796541392,0.0087441,759,50.600002638995647,False,False,3
4557,4557,796631050,0.0089658,760,50.666669309139252,False,False,3
4558,4558,796720334,0.0089284,760,50.666669309139252,False,False,3
4559,4559,796786455,0.0066121,760,50.666669309139252,False,False,3
4560,4560,796878774,0.0092319,760,50.666669309139252,False,False,3
4561,4561,796966579,0.0087805,761,50.733335979282856,False,False,3
4562,4562,797041412,0.0074833,761,50.733335979282856,False,False,3
4563,4563,797126928,0.0085516,761,50.733335979282856,False,False,3
4564,4564,797223776,0.0096848,761,50.733335979282856,False,False,3
4565,4565,797287426,0.006365,761,50.733335979282856,False,False,3
4566,4566,797377148,0.0089722,762,50.80000264942646,False,False,3
4567,4567,797461862,0.0084714,762,50.80000264942646,False,False,3
4568,4568,797547006,0.0085144,762,50.80000264942646,False,False,3
4569,4569,797630187,0.0083181,763,50.866669319570065,False,False,3
4570,4570,797717142,0.0086955,763,50.866669319570065,False,False,3
4571,4571,797805555,0.0088413,763,50.866669319570065,False,False,3
4572,4572,797869325,0.006377,763,50.866669319570065,False,False,3
4573,4573,797954020,0.0084695,763,50.866669319570065,False,False,3
4574,4574,798042427,0.0088407,764,50.933335989713669,False,False,3
4575,4575,798131275,0.0088848,764,50.933335989713669,False,False,3
4576,4576,798205351,0.0074076,764,50.933335989713669,False,False,3
4577,4577,798300727,0.0095376,765,51.000002659857273,False,True,3
4578,4578,798384807,0.008408,765,51.000002659857273,False,True,3
4579,4579,798455925,0.0071118,765,51.000002659857273,False,True,3
4580,4580,798541754,0.0085829,765,51.000002659857273,False,True,3
4581,4581,798631789,0.0090035,766,51.066669330000877,False,True,3
4582,4582,798713640,0.0081851,766,51.066669330000877,False,True,3
4583,4583,798782275,0.0068635,766,51.066669330000877,False,True,3
4584,4584,798866194,0.0083919,766,51.066669330000877,False,True,3
4585,4585,798967055,0.0100861,767,51.133336000144482,False,True,3
4586,4586,799050275,0.008322,767,51.133336000144482,False,True,3
4587,4587,799127420,0.0077145,767,51.133336000144482,False,True,3
4588,4588,799211469,0.0084049,767,51.133336000144482,False,True,3
4589,4589,799282153,0.0070684,767,51.133336000144482,False,True,3
4590,4590,799389395,0.0107242,768,51.200002670288086,False,True,3
4591,4591,799454280,0.0064885,768,51.200002670288086,False,True,3
4592,4592,799542242,0.0087962,768,51.200002670288086,False,True,3
4593,4593,799633636,0.0091394,769,51.26666934043169,False,True,3
4594,4594,799732623,0.0098987,769,51.26666934043169,False,True,3
4595,4595,799772697,0.0040074,769,51.26666934043169,False,True,3
4596,4596,799889602,0.0116905,769,51.26666934043169,False,True,3
4597,4597,799951902,0.00623,769,51.26666934043169,False,True,3
4598,4598,800041412,0.008951,770,51.333336010575294,False,True,3
4599,4599,800124648,0.0083236,770,51.333336010575294,False,True,3
4600,4600,800220214,0.0095566,770,51.333336010575294,False,True,3
4601,4601,800282067,0.0061853,770,51.333336010575294,False,True,3
4602,4602,800375352,0.0093285,771,51.4000026807189,False,True,3
4603,4603,800473453,0.0098101,771,51.4000026807189,False,True,3
4604,4604,800524187,0.0050734,771,51.4000026807189,False,True,3
4605,4605,800633916,0.0109729,772,51.4666693508625,False,True,3
4606,4606,800720565,0.0086649,772,51.4666693508625,False,True,3
4607,4607,800800055,0.007949,772,51.4666693508625,False,True,3
4608,4608,800877172,0.0077117,772,51.4666693508625,False,True,3
4609,4609,800951272,0.00741,772,51.4666693508625,False,True,3
4610,4610,801037873,0.0086601,773,51.533336021006107,False,True,3
4611,4611,801119891,0.0082018,773,51.533336021006107,False,True,3
4612,4612,801215348,0.0095457,773,51.533336021006107,False,True,3
4613,4613,801302003,0.0086655,774,51.600002691149712,False,True,3
4614,4614,801381095,0.0079092,774,51.600002691149712,False,True,3
4615,4615,801456650,0.0075555,774,51.600002691149712,False,True,3
4616,4616,801533617,0.0076967,774,51.600002691149712,False,True,3
4617,4617,801623119,0.0089502,774,51.600002691149712,False,True,3
4618,4618,801708759,0.008564,775,51.666669361293316,False,True,3
4619,4619,801795745,0.0086986,775,51.666669361293316,False,True,3
4620,4620,801885711,0.0089966,775,51.666669361293316,False,True,3
4621,4621,801951112,0.0065401,775,51.666669361293316,False,True,3
4622,4622,802040802,0.008969,776,51.73333603143692,False,True,3
4623,4623,802135362,0.009456,776,51.73333603143692,False,True,3
4624,4624,802201706,0.0066344,776,51.73333603143692,False,True,3
4625,4625,802295059,0.0093353,776,51.73333603143692,False,True,3
4626,4626,802385131,0.0090072,777,51.800002701580524,False,True,3
4627,4627,802454422,0.0069291,777,51.800002701580524,False,True,3
4628,4628,802543222,0.00888,777,51.800002701580524,False,True,3
4629,4629,802637139,0.0093917,778,51.866669371724129,False,True,3
4630,4630,802702515,0.0065376,778,51.866669371724129,False,True,3
4631,4631,802809590,0.0107075,778,51.866669371724129,False,True,3
4632,4632,802856692,0.0047102,778,51.866669371724129,False,True,3
4633,4633,802949329,0.0092637,778,51.866669371724129,False,True,3
4634,4634,803041233,0.0091904,779,51.933336041867733,False,True,3
4635,4635,803118848,0.0077615,779,51.933336041867733,False,True,3
4636,4636,803207101,0.0088253,779,51.933336041867733,False,True,3
4637,4637,803286102,0.0079001,779,51.933336041867733,False,True,3
4638,4638,803396387,0.0110285,780,52.000002712011337,False,True,3
4639,4639,803443223,0.0046836,780,52.000002712011337,False,True,3
4640,4640,803542460,0.0099237,780,52.000002712011337,False,True,3
4641,4641,803615956,0.0073496,780,52.000002712011337,False,True,3
4642,4642,803705501,0.0089545,781,52.066669382154942,False,True,3
4643,4643,803799747,0.0094246,781,52.066669382154942,False,True,3
4644,4644,803891133,0.0091386,781,52.066669382154942,False,True,3
4645,4645,803958479,0.0067346,781,52.066669382154942,False,True,3
4646,4646,804052047,0.0093568,782,52.133336052298546,False,True,3
4647,4647,804120255,0.0068208,782,52.133336052298546,False,True,3
4648,4648,804206225,0.008597,782,52.133336052298546,False,True,3
4649,4649,804299438,0.0093213,783,52.20000272244215,False,True,3
4650,4650,804388219,0.0088781,783,52.20000272244215,False,True,3
4651,4651,804452023,0.0063804,783,52.20000272244215,False,True,3
4652,4652,804549302,0.0097279,783,52.20000272244215,False,True,3
4653,4653,804637900,0.0088598,784,52.266669392585754,False,True,3
4654,4654,804707650,0.006975,784,52.266669392585754,False,True,3
4655,4655,804796469,0.0088819,784,52.266669392585754,False,True,3
4656,4656,804888473,0.0092004,784,52.266669392585754,False,True,3
4657,4657,804950342,0.0061869,784,52.266669392585754,False,True,3
4658,4658,805041937,0.0091595,785,52.333336062729359,False,True,3
4659,4659,805124665,0.0082728,785,52.333336062729359,False,True,3
4660,4660,805220322,0.0095657,785,52.333336062729359,False,True,3
4661,4661,805285219,0.0064897,785,52.333336062729359,False,True,3
4662,4662,805385218,0.0099999,786,52.400002732872963,False,True,3
4663,4663,805451785,0.0066567,786,52.400002732872963,False,True,3
4664,4664,805537171,0.0085386,786,52.400002732872963,False,True,3
4665,4665,805626743,0.0089572,786,52.400002732872963,False,True,3
4666,4666,805713314,0.0086571,787,52.466669403016567,False,True,3
4667,4667,805808942,0.0095628,787,52.466669403016567,False,True,3
4668,4668,805876495,0.0067553,787,52.466669403016567,False,True,3
4669,4669,805971333,0.0094838,788,52.533336073160172,False,True,3
4670,4670,806034618,0.0063285,788,52.533336073160172,False,True,3
4671,4671,806132155,0.0097537,788,52.533336073160172,False,True,3
4672,4672,806246614,0.0114459,788,52.533336073160172,False,True,3
4673,4673,806294046,0.0047432,788,52.533336073160172,False,True,3
4674,4674,806373319,0.0079273,789,52.600002743303776,False,True,3
4675,4675,806473806,0.0100487,789,52.600002743303776,False,True,3
4676,4676,806558067,0.0084261,789,52.600002743303776,False,True,3
4677,4677,806643110,0.0085043,790,52.66666941344738,False,True,3
4678,4678,806692088,0.0048978,790,52.66666941344738,False,True,3
4679,4679,806813693,0.0121605,790,52.66666941344738,False,True,3
4680,4680,806897862,0.0084169,790,52.66666941344738,False,True,3
4681,4681,806943643,0.0045781,790,52.66666941344738,False,True,3
4682,4682,807062454,0.0118811,791,52.733336083590984,False,True,3
4683,4683,807141867,0.0079413,791,52.733336083590984,False,True,3
4684,4684,807227533,0.0085666,791,52.733336083590984,False,True,3
4685,4685,807390533,0.0163,792,52.800002753734589,False,True,3
4686,4686,807432469,0.0041936,792,52.800002753734589,False,True,3
4687,4687,807543345,0.0110876,792,52.800002753734589,False,True,3
4688,4688,807628367,0.0085022,792,52.800002753734589,False,True,3
4689,4689,807710569,0.0082202,793,52.866669423878193,False,True,3
4690,4690,807799079,0.008851,793,52.866669423878193,False,True,3
4691,4691,807860680,0.0061601,793,52.866669423878193,False,True,3
4692,4692,807963065,0.0102385,793,52.866669423878193,False,True,3
4693,4693,808039821,0.0076756,794,52.9333360940218,False,True,3
4694,4694,808125077,0.0085256,794,52.9333360940218,False,True,3
4695,4695,808206979,0.0081902,794,52.9333360940218,False,True,3
4696,4696,808294609,0.008763,794,52.9333360940218,False,True,3
4697,4697,808380308,0.0085699,795,53.0000027641654,False,True,3
4698,4698,808462886,0.0082578,795,53.0000027641654,False,True,3
4699,4699,808547025,0.0084139,795,53.0000027641654,False,True,3
4700,4700,808610789,0.0063764,795,53.0000027641654,False,True,3
4701,4701,808699143,0.0088354,796,53.066669434309006,False,True,3
4702,4702,808795393,0.009625,796,53.066669434309006,False,True,3
4703,4703,808861554,0.0066161,796,53.066669434309006,False,True,3
4704,4704,808950756,0.0089202,796,53.066669434309006,False,True,3
4705,4705,809040621,0.0089865,797,53.13333610445261,False,True,3
4706,4706,809126494,0.0085873,797,53.13333610445261,False,True,3
4707,4707,809196094,0.00696,797,53.13333610445261,False,True,3
4708,4708,809281366,0.0085272,797,53.13333610445261,False,True,3
4709,4709,809369127,0.0087761,798,53.200002774596214,False,True,3
4710,4710,809450407,0.008128,798,53.200002774596214,False,True,3
4711,4711,809535002,0.0084595,798,53.200002774596214,False,True,3
4712,4712,809616335,0.0081333,798,53.200002774596214,False,True,3
4713,4713,809705297,0.0088962,799,53.266669444739819,False,True,3
4714,4714,809789095,0.0083798,799,53.266669444739819,False,True,3
4715,4715,809875195,0.00861,799,53.266669444739819,False,True,3
4716,4716,809966122,0.0090927,799,53.266669444739819,False,True,3
4717,4717,810028418,0.0062296,800,53.333336114883423,False,True,3
4718,4718,810118493,0.0090075,800,53.333336114883423,False,True,3
4719,4719,810200178,0.0081685,800,53.333336114883423,False,True,3
4720,4720,810293463,0.0093285,800,53.333336114883423,False,True,3
4721,4721,810376377,0.0082914,801,53.400002785027027,False,True,3
4722,4722,810442446,0.0066069,801,53.400002785027027,False,True,3
4723,4723,810544474,0.0102028,801,53.400002785027027,False,True,3
4724,4724,810633556,0.0089082,802,53.466669455170631,False,True,3
4725,4725,810714700,0.0081144,802,53.466669455170631,False,True,3
4726,4726,810780342,0.0065642,802,53.466669455170631,False,True,3
4727,4727,810862983,0.0082641,802,53.466669455170631,False,True,3
4728,4728,810951547,0.0088564,802,53.466669455170631,False,True,3
4729,4729,811036394,0.0084847,803,53.533336125314236,False,True,3
4730,4730,811126155,0.0089761,803,53.533336125314236,False,True,3
4731,4731,811216445,0.009029,803,53.533336125314236,False,True,3
4732,4732,811277811,0.0061366,803,53.533336125314236,False,True,3
4733,4733,811367791,0.008998,804,53.60000279545784,False,True,3
4734,4734,811456432,0.0088641,804,53.60000279545784,False,True,3
4735,4735,811543690,0.0087258,804,53.60000279545784,False,True,3
4736,4736,811627926,0.0084236,804,53.60000279545784,False,True,3
4737,4737,811713953,0.0086027,805,53.666669465601444,False,True,3
4738,4738,811795745,0.0081792,805,53.666669465601444,False,True,3
4739,4739,811862159,0.0066414,805,53.666669465601444,False,True,3
4740,4740,811946345,0.0084186,805,53.666669465601444,False,True,3
4741,4741,812037008,0.0090663,806,53.733336135745049,False,True,3
4742,4742,812127497,0.0090489,806,53.733336135745049,False,True,3
4743,4743,812211725,0.0084228,806,53.733336135745049,False,True,3
4744,4744,812303777,0.0092052,807,53.800002805888653,False,True,3
4745,4745,812366503,0.0062726,807,53.800002805888653,False,True,3
4746,4746,812454646,0.0088143,807,53.800002805888653,False,True,3
4747,4747,812537272,0.0082626,807,53.800002805888653,False,True,3
4748,4748,812626265,0.0088993,807,53.800002805888653,False,True,3
4749,4749,812708734,0.0082469,808,53.866669476032257,False,True,3
4750,4750,812778289,0.0069555,808,53.866669476032257,False,True,3
4751,4751,812863917,0.0085628,808,53.866669476032257,False,True,3
4752,4752,812951526,0.0087609,808,53.866669476032257,False,True,3
4753,4753,813037843,0.0086317,809,53.933336146175861,False,True,3
4754,4754,813128906,0.0091063,809,53.933336146175861,False,True,3
4755,4755,813195471,0.0066565,809,53.933336146175861,False,True,3
4756,4756,813305132,0.0109661,810,54.000002816319466,False,True,3
4757,4757,813352510,0.0047378,810,54.000002816319466,False,True,3
4758,4758,813453842,0.0101332,810,54.000002816319466,False,True,3
4759,4759,813545580,0.0091738,810,54.000002816319466,False,True,3
4760,4760,813616838,0.0071258,810,54.000002816319466,False,True,3
4761,4761,813718817,0.0101979,811,54.06666948646307,False,True,3
4762,4762,813780148,0.0061331,811,54.06666948646307,False,True,3
4763,4763,813870669,0.0090521,811,54.06666948646307,False,True,3
4764,4764,813953062,0.0082393,811,54.06666948646307,False,True,3
4765,4765,814053471,0.0100409,812,54.133336156606674,False,True,3
4766,4766,814118606,0.0065135,812,54.133336156606674,False,True,3
4767,4767,814207808,0.0089202,812,54.133336156606674,False,True,3
4768,4768,814292960,0.0085152,812,54.133336156606674,False,True,3
4769,4769,814368134,0.0075174,813,54.200002826750278,False,True,3
4770,4770,814454952,0.0086818,813,54.200002826750278,False,True,3
4771,4771,814540578,0.0085626,813,54.200002826750278,False,True,3
4772,4772,814639746,0.0099168,814,54.266669496893883,False,True,3
4773,4773,814702083,0.0062337,814,54.266669496893883,False,True,3
4774,4774,814795802,0.0093719,814,54.266669496893883,False,True,3
4775,4775,814876515,0.0080713,814,54.266669496893883,False,True,3
4776,4776,814951967,0.0075452,814,54.266669496893883,False,True,3
4777,4777,815037850,0.0085883,815,54.333336167037487,False,True,3
4778,4778,815110677,0.0072827,815,54.333336167037487,False,True,3
4779,4779,815214304,0.0103627,815,54.333336167037487,False,True,3
4780,4780,815302507,0.0088203,816,54.400002837181091,False,True,3
4781,4781,815372866,0.0070359,816,54.400002837181091,False,True,3
4782,4782,815448031,0.0075165,816,54.400002837181091,False,True,3
4783,4783,815534369,0.0086338,816,54.400002837181091,False,True,3
4784,4784,815626886,0.0092517,816,54.400002837181091,False,True,3
4785,4785,815712417,0.0085531,817,54.466669507324696,False,True,3
4786,4786,815777727,0.006531,817,54.466669507324696,False,True,3
4787,4787,815893953,0.0116226,817,54.466669507324696,False,True,3
4788,4788,815938597,0.0044644,817,54.466669507324696,False,True,3
4789,4789,816029133,0.0090536,818,54.5333361774683,False,True,3
4790,4790,816115976,0.0086843,818,54.5333361774683,False,True,3
4791,4791,816206520,0.0090544,818,54.5333361774683,False,True,3
4792,4792,816280615,0.0074095,818,54.5333361774683,False,True,3
4793,4793,816381420,0.0100805,819,54.600002847611904,False,True,3
4794,4794,816444633,0.0063213,819,54.600002847611904,False,True,3
4795,4795,816538526,0.0093893,819,54.600002847611904,False,True,3
4796,4796,816622238,0.0083712,819,54.600002847611904,False,True,3
4797,4797,816696308,0.007407,820,54.666669517755508,False,True,3
4798,4798,816780873,0.0084565,820,54.666669517755508,False,True,3
4799,4799,816869214,0.0088341,820,54.666669517755508,False,True,3
4800,4800,816954748,0.0085534,820,54.666669517755508,False,True,3
4801,4801,817044516,0.0089768,821,54.733336187899113,False,True,3
4802,4802,817132908,0.0088392,821,54.733336187899113,False,True,3
4803,4803,817200290,0.0067382,821,54.733336187899113,False,True,3
4804,4804,817290686,0.0090396,821,54.733336187899113,False,True,3
4805,4805,817377285,0.0086599,822,54.800002858042717,False,True,3
4806,4806,817446041,0.0068756,822,54.800002858042717,False,True,3
4807,4807,817532875,0.0086834,822,54.800002858042717,False,True,3
4808,4808,817624156,0.0091281,822,54.800002858042717,False,True,3
4809,4809,817707196,0.008304,823,54.866669528186321,False,True,3
4810,4810,817796293,0.0089097,823,54.866669528186321,False,True,3
4811,4811,817883977,0.0087684,823,54.866669528186321,False,True,3
4812,4812,817949136,0.0065159,823,54.866669528186321,False,True,3
4813,4813,818037240,0.0088104,824,54.933336198329926,False,True,3
4814,4814,818124023,0.0086783,824,54.933336198329926,False,True,3
4815,4815,818213757,0.0089734,824,54.933336198329926,False,True,3
