[Licensing::Module] Trying to connect to existing licensing client channel...
Built from '6000.3/staging' branch; Version is '6000.3.23f1 (09d2ecc7fb28) revision 643820'; Using compiler version '194234433'; Build Type 'Release'
[Licensing::IpcConnector] Channel LicenseClient-Administrator doesn't exist
OS: 'Windows 11  (10.0.26200) Professional' Language: 'zh' Physical Memory: 32581 MB
BatchMode: 0, IsHumanControllingUs: 1, StartBugReporterOnCrash: 1, Is64bit: 1
System  architecture: x64
Process architecture: x64
Date: 2026-09-20T06:40:54Z
[Licensing::Module] Successfully launched the LicensingClient (PId: 31056)

COMMAND LINE ARGUMENTS:
D:\Unity\Hub\Editor\6000.3.23f1\Editor\Unity.exe
-projectPath
F:\Resonance\client
-giCustomCacheLocation
F:\Resonance\client\Temp\GICache-D-batch
-logFile
F:\天命之子\DC_RECON_KIT\m1\REVIEW_350e3b6\artifacts\video-check\foreground-diagnostic.log
Successfully changed project path to: F:\Resonance\client
F:/Resonance/client
[Licensing::IpcConnector] Successfully connected to: "LicenseClient-Administrator" at "2026-09-20T06:40:55.1289375Z"
[UnityMemory] Configuration Parameters - Can be set up in boot.config
    "memorysetup-temp-allocator-size-nav-mesh-worker=65536"
    "memorysetup-temp-allocator-size-audio-worker=65536"
    "memorysetup-temp-allocator-size-gfx=262144"
    "memorysetup-allocator-temp-initial-block-size-main=262144"
    "memorysetup-allocator-temp-initial-block-size-worker=262144"
    "memorysetup-temp-allocator-size-background-worker=32768"
    "memorysetup-temp-allocator-size-job-worker=262144"
    "memorysetup-temp-allocator-size-preload-manager=33554432"
    "memorysetup-remapper-allocator-initial-capacity=32768"
    "memorysetup-temp-allocator-size-gi-baking-worker=262144"
    "memorysetup-temp-allocator-size-gi-baking-worker=262144"
    "memorysetup-temp-allocator-size-gi-baking-worker=262144"
    "memorysetup-temp-allocator-size-gi-baking-worker=262144"
    "memorysetup-temp-allocator-size-gi-baking-worker=262144"
    "memorysetup-bucket-allocator-granularity=16"
    "memorysetup-bucket-allocator-bucket-count=8"
    "memorysetup-bucket-allocator-block-size=33554432"
    "memorysetup-bucket-allocator-block-count=8"
    "memorysetup-main-allocator-block-size=16777216"
    "memorysetup-thread-allocator-block-size=16777216"
    "memorysetup-gfx-main-allocator-block-size=16777216"
    "memorysetup-gfx-thread-allocator-block-size=16777216"
    "memorysetup-cache-allocator-block-size=4194304"
    "memorysetup-typetree-allocator-block-size=2097152"
    "memorysetup-profiler-bucket-allocator-granularity=16"
    "memorysetup-profiler-bucket-allocator-bucket-count=8"
    "memorysetup-profiler-bucket-allocator-block-size=33554432"
    "memorysetup-profiler-bucket-allocator-block-count=8"
    "memorysetup-profiler-allocator-block-size=16777216"
    "memorysetup-profiler-editor-allocator-block-size=1048576"
    "memorysetup-temp-allocator-size-main=16777216"
    "memorysetup-job-temp-allocator-block-size=2097152"
    "memorysetup-job-temp-allocator-block-size-background=1048576"
    "memorysetup-job-temp-allocator-reduction-small-platforms=262144"
    "memorysetup-temp-allocator-size-cloud-worker=32768"
Player connection [35536]  Target information:

Player connection [35536]  * "[IP] 192.168.1.54 [Port] 55504 [Flags] 2 [Guid] 2697573413 [EditorId] 2697573413 [Version] 1048832 [Id] WindowsEditor(7,DESKTOP-AKI3LSA) [Debug] 1 [PackageName] WindowsEditor [ProjectName] Editor" 

Player connection [35536]  * "[IP] 198.18.0.1 [Port] 55504 [Flags] 2 [Guid] 2697573413 [EditorId] 2697573413 [Version] 1048832 [Id] WindowsEditor(7,DESKTOP-AKI3LSA) [Debug] 1 [PackageName] WindowsEditor [ProjectName] Editor" 

Player connection [35536] Host joined multi-casting on [225.0.0.222:54997]...
Player connection [35536] Host joined alternative multi-casting on [225.0.0.222:34997]...
Input System module state changed to: Initialized.
[Physics::Module] Initialized fallback backend.
[Physics::Module] Id: 0xdecafbad
[Licensing::Client] Code 10 while verifying Licensing Client signature (process Id: 31056, path: "D:/Unity/Hub/Editor/6000.3.23f1/Editor/Data/Resources/Licensing/Client/Unity.Licensing.Client.exe")
[Licensing::Module] LicensingClient has failed validation; ignoring
[Package Manager] Connected to IPC stream "Upm-31092" after 0.2 seconds.
[Licensing::Module] Licensing is not yet initialized.
[Licensing::Client] Handshaking with LicensingClient:
  Version:                 1.18.3+d7ffd15
  Session Id:              f63a104888c1452eb40603fd3b9ad03f
  Correlation Id:          7d64715d6fb7eb9576cbaa92867f3157
  External correlation Id: 379517759665992995
  Machine Id:              2I/XDZsLcGAfRljEGy76IATF7BI=
[Licensing::Module] Successfully connected to LicensingClient on channel: "LicenseClient-Administrator" (connect: 0.37s, validation: 0.30s, handshake: 0.08s)
[Licensing::IpcConnector] Successfully connected to: "LicenseClient-Administrator-notifications" at "2026-09-20T06:40:55.5085133Z"
[Licensing::Module] Connected to LicensingClient (PId: 31056, launch time: 0.03, total connection time: 0.75s)
[Licensing::Module] Error: Access token is unavailable; failed to update
[Licensing::Client] Successfully resolved entitlement details
[Licensing::Module] License group:
  Id: F4-99BH-9QMP-CCW5-HN7U-XXXX
  Product: Unity Personal
  Type: ULF
  Expiration: 2026-09-30T07:39:50Z
[Licensing::Module] License group:
  Id: ewogICJzdWJzR3JvdXAiIDogInVuaXR5IGVkaXRvciIsCiAgIm5hbWVzcGFjZSIgOiAidW5pdHlfZWRpdG9yIiwKICAidHlwZSIgOiAiRURJVE9SIiwKICAidGFnIiA6ICJVbml0eVBlcnNvbmFsXXXX
  Product: Unity Personal Version
  Type: Assigned
  Expiration: Unlimited
[Licensing::Client] Successfully updated license, isAsync: True, time: 0.01
[Licensing::Client] Successfully resolved entitlement details
[Licensing::Module] License group:
  Id: F4-99BH-9QMP-CCW5-HN7U-XXXX
  Product: Unity Personal
  Type: ULF
  Expiration: 2026-09-30T07:39:50Z
[Licensing::Module] License group:
  Id: ewogICJzdWJzR3JvdXAiIDogInVuaXR5IGVkaXRvciIsCiAgIm5hbWVzcGFjZSIgOiAidW5pdHlfZWRpdG9yIiwKICAidHlwZSIgOiAiRURJVE9SIiwKICAidGFnIiA6ICJVbml0eVBlcnNvbmFsXXXX
  Product: Unity Personal Version
  Type: Assigned
  Expiration: Unlimited
[Licensing::Module] Licensing Background thread has ended after 0.84s
[Licensing::Module] Licensing is initialized (took 0.17s).
[Licensing::Client] Successfully resolved entitlement details
[Licensing::Module] License group:
  Id: F4-99BH-9QMP-CCW5-HN7U-XXXX
  Product: Unity Personal
  Type: ULF
  Expiration: 2026-09-30T07:39:50Z
[Licensing::Module] License group:
  Id: ewogICJzdWJzR3JvdXAiIDogInVuaXR5IGVkaXRvciIsCiAgIm5hbWVzcGFjZSIgOiAidW5pdHlfZWRpdG9yIiwKICAidHlwZSIgOiAiRURJVE9SIiwKICAidGFnIiA6ICJVbml0eVBlcnNvbmFsXXXX
  Product: Unity Personal Version
  Type: Assigned
  Expiration: Unlimited
Library Redirect Path: Library/
[Physics::Module] Selected backend.
[Physics::Module] Name: PhysX
[Physics::Module] Id: 0xf2b8ea05
[Physics::Module] SDK Version: 4.1.2
[Physics::Module] Integration Version: 1.0.0
[Physics::Module] Threading Mode: Multi-Threaded
Refreshing native plugins compatible for Editor in 1.66 ms, found 3 plugins.
Preloading 0 native plugins for Editor in 0.00 ms.
Initialize engine version: 6000.3.23f1 (09d2ecc7fb28)
[Subsystems] Discovering subsystems at path D:/Unity/Hub/Editor/6000.3.23f1/Editor/Data/Resources/UnitySubsystems
[Subsystems] Discovering subsystems at path F:/Resonance/client/Assets
[D3D12 Device Filter] Vendor Name: NVIDIA
[D3D12 Device Filter] Device Name: NVIDIA GeForce RTX 4060 Ti
[D3D12 Device Filter] Driver Version: 32.0.16.1047
[D3D12 Device Filter] Feature Level: 12.2
[D3D12 Device Filter] Graphics Memory: 7949 MB
[D3D12 Device Filter] Processor Count: 16
[D3D12 Device Filter] Device Type: Discrete
GfxDevice: creating device client; kGfxThreadingModeSplitJobs
d3d12: failed to query info queue interface (0x80004002).
Direct3D:
    Version:         Direct3D 12 [level 12.2]
    Renderer:        NVIDIA GeForce RTX 4060 Ti (ID=0x2803)
    Vendor:          NVIDIA
    VRAM:            7949 MB
    App VRAM Budget: 7181 MB
    Driver:          32.0.16.1047
Initialize mono
Mono path[0] = 'D:/Unity/Hub/Editor/6000.3.23f1/Editor/Data/Managed'
Mono path[1] = 'D:/Unity/Hub/Editor/6000.3.23f1/Editor/Data/MonoBleedingEdge/lib/mono/unityjit-win32'
Mono config path = 'D:/Unity/Hub/Editor/6000.3.23f1/Editor/Data/MonoBleedingEdge/etc'
Using monoOptions --debugger-agent=transport=dt_socket,embedding=1,server=y,suspend=n,address=127.0.0.1:56092
Using cacheserver namespaces - metadata:defaultmetadata, artifacts:defaultartifacts
Using cacheserver namespaces - metadata:defaultmetadata, artifacts:defaultartifacts
ImportWorker Server TCP listen port: 0
AcceleratorClientConnectionCallback - disconnected - :0
Begin MonoManager ReloadAssembly
Registering precompiled unity dll's ...
Register platform support module: D:/Unity/Hub/Editor/6000.3.23f1/Editor/Data/PlaybackEngines/WindowsStandaloneSupport/UnityEditor.WindowsStandalone.Extensions.dll
[Licensing::Client] Successfully resolved entitlement details
[Licensing::Module] License group:
  Id: F4-99BH-9QMP-CCW5-HN7U-XXXX
  Product: Unity Personal
  Type: ULF
  Expiration: 2026-09-30T07:40:55Z
[Licensing::Module] License group:
  Id: ewogICJzdWJzR3JvdXAiIDogInVuaXR5IGVkaXRvciIsCiAgIm5hbWVzcGFjZSIgOiAidW5pdHlfZWRpdG9yIiwKICAidHlwZSIgOiAiRURJVE9SIiwKICAidGFnIiA6ICJVbml0eVBlcnNvbmFsXXXX
  Product: Unity Personal Version
  Type: Assigned
  Expiration: Unlimited
Register platform support module: D:/Unity/Hub/Editor/6000.3.23f1/Editor/Data/PlaybackEngines/AndroidPlayer/UnityEditor.Android.Extensions.dll
Registered in 0.007000 seconds.
- Loaded All Assemblies, in  0.420 seconds
Native extension for Android target not found
Native extension for WindowsStandalone target not found
Package Manager log level set to [2]
ScheduleIndexationOnStartup MainProcess:False IndexOnStartup:True
Mono: successfully reloaded assembly
- Finished resetting the current domain, in  0.375 seconds
Domain Reload Profiling: 791ms
	BeginReloadAssembly (166ms)
		ExecutionOrderSort (0ms)
		DisableScriptedObjects (0ms)
		BackupInstance (0ms)
		ReleaseScriptingObjects (0ms)
		CreateAndSetChildDomain (34ms)
	RebuildCommonClasses (33ms)
	RebuildNativeTypeToScriptingClass (10ms)
	initialDomainReloadingComplete (48ms)
	LoadAllAssembliesAndSetupDomain (158ms)
		LoadAssemblies (128ms)
		RebuildTransferFunctionScriptingTraits (0ms)
		AnalyzeDomain (155ms)
			TypeCache.Refresh (154ms)
				TypeCache.ScanAssembly (142ms)
			BuildScriptInfoCaches (0ms)
			ResolveRequiredComponents (0ms)
	FinalizeReload (375ms)
		ReleaseScriptCaches (0ms)
		RebuildScriptCaches (0ms)
		SetupLoadedEditorAssemblies (344ms)
			LogAssemblyErrors (0ms)
			InitializePlatformSupportModulesInManaged (100ms)
			SetLoadedEditorAssemblies (3ms)
			BeforeProcessingInitializeOnLoad (74ms)
			ProcessInitializeOnLoadAttributes (110ms)
			ProcessInitializeOnLoadMethodAttributes (58ms)
			AfterProcessingInitializeOnLoad (0ms)
			EditorAssembliesLoaded (0ms)
		ExecutionOrderSort2 (0ms)
		AwakeInstancesAfterBackupRestoration (0ms)
[Licensing::Client] Successfully resolved entitlement details
[Licensing::Module] License group:
  Id: F4-99BH-9QMP-CCW5-HN7U-XXXX
  Product: Unity Personal
  Type: ULF
  Expiration: 2026-09-30T07:40:55Z
[Licensing::Module] License group:
  Id: ewogICJzdWJzR3JvdXAiIDogInVuaXR5IGVkaXRvciIsCiAgIm5hbWVzcGFjZSIgOiAidW5pdHlfZWRpdG9yIiwKICAidHlwZSIgOiAiRURJVE9SIiwKICAidGFnIiA6ICJVbml0eVBlcnNvbmFsXXXX
  Product: Unity Personal Version
  Type: Assigned
  Expiration: Unlimited
Application.AssetDatabase Initial Refresh Start
[Package Manager] Restoring resolved packages state from cache
[Licensing::Client] Successfully resolved entitlement details
[Package Manager] Registered 51 packages:
  Packages from [https://packages.unity.com]:
    com.unity.ide.visualstudio@2.0.22 (location: F:\Resonance\client\Library\PackageCache\com.unity.ide.visualstudio@8140e851d83e)
    com.unity.inputsystem@1.14.2 (location: F:\Resonance\client\Library\PackageCache\com.unity.inputsystem@be6c4fd0abf5)
    com.unity.2d.animation@11.0.0 (location: F:\Resonance\client\Library\PackageCache\com.unity.2d.animation@a1db3619cb6f)
    com.unity.2d.common@12.0.4 (location: F:\Resonance\client\Library\PackageCache\com.unity.2d.common@3e42aeccb30d)
    com.unity.collections@2.6.8 (location: F:\Resonance\client\Library\PackageCache\com.unity.collections@84e8eb3fc12e)
    com.unity.burst@1.8.30 (location: F:\Resonance\client\Library\PackageCache\com.unity.burst@2f3d916873ea)
    com.unity.mathematics@1.3.3 (location: F:\Resonance\client\Library\PackageCache\com.unity.mathematics@19a9377c4ffa)
    com.unity.nuget.mono-cecil@1.11.6 (location: F:\Resonance\client\Library\PackageCache\com.unity.nuget.mono-cecil@ecb9724e46ff)
    com.unity.test-framework.performance@3.5.0 (location: F:\Resonance\client\Library\PackageCache\com.unity.test-framework.performance@8b56083ec0f0)
    com.unity.searcher@4.9.5 (location: F:\Resonance\client\Library\PackageCache\com.unity.searcher@a463122f2c00)
  Built-in packages:
    com.unity.render-pipelines.universal@17.3.0 (location: F:\Resonance\client\Library\PackageCache\com.unity.render-pipelines.universal@7865b6b91f8a)
    com.unity.test-framework@1.6.0 (location: F:\Resonance\client\Library\PackageCache\com.unity.test-framework@bd7f943e9647)
    com.unity.ugui@2.0.0 (location: F:\Resonance\client\Library\PackageCache\com.unity.ugui@27635d171b1a)
    com.unity.2d.sprite@1.0.0 (location: F:\Resonance\client\Library\PackageCache\com.unity.2d.sprite@5b922524bd83)
    com.unity.modules.ai@1.0.0 (location: F:\Resonance\client\Library\PackageCache\com.unity.modules.ai)
    com.unity.modules.androidjni@1.0.0 (location: F:\Resonance\client\Library\PackageCache\com.unity.modules.androidjni)
    com.unity.modules.animation@1.0.0 (location: F:\Resonance\client\Library\PackageCache\com.unity.modules.animation)
    com.unity.modules.assetbundle@1.0.0 (location: F:\Resonance\client\Library\PackageCache\com.unity.modules.assetbundle)
    com.unity.modules.audio@1.0.0 (location: F:\Resonance\client\Library\PackageCache\com.unity.modules.audio)
    com.unity.modules.cloth@1.0.0 (location: F:\Resonance\client\Library\PackageCache\com.unity.modules.cloth)
    com.unity.modules.director@1.0.0 (location: F:\Resonance\client\Library\PackageCache\com.unity.modules.director)
    com.unity.modules.imageconversion@1.0.0 (location: F:\Resonance\client\Library\PackageCache\com.unity.modules.imageconversion)
    com.unity.modules.imgui@1.0.0 (location: F:\Resonance\client\Library\PackageCache\com.unity.modules.imgui)
    com.unity.modules.jsonserialize@1.0.0 (location: F:\Resonance\client\Library\PackageCache\com.unity.modules.jsonserialize)
    com.unity.modules.particlesystem@1.0.0 (location: F:\Resonance\client\Library\PackageCache\com.unity.modules.particlesystem)
    com.unity.modules.physics@1.0.0 (location: F:\Resonance\client\Library\PackageCache\com.unity.modules.physics)
    com.unity.modules.physics2d@1.0.0 (location: F:\Resonance\client\Library\PackageCache\com.unity.modules.physics2d)
    com.unity.modules.screencapture@1.0.0 (location: F:\Resonance\client\Library\PackageCache\com.unity.modules.screencapture)
    com.unity.modules.terrain@1.0.0 (location: F:\Resonance\client\Library\PackageCache\com.unity.modules.terrain)
    com.unity.modules.terrainphysics@1.0.0 (location: F:\Resonance\client\Library\PackageCache\com.unity.modules.terrainphysics)
    com.unity.modules.tilemap@1.0.0 (location: F:\Resonance\client\Library\PackageCache\com.unity.modules.tilemap)
    com.unity.modules.ui@1.0.0 (location: F:\Resonance\client\Library\PackageCache\com.unity.modules.ui)
    com.unity.modules.uielements@1.0.0 (location: F:\Resonance\client\Library\PackageCache\com.unity.modules.uielements)
    com.unity.modules.umbra@1.0.0 (location: F:\Resonance\client\Library\PackageCache\com.unity.modules.umbra)
    com.unity.modules.unityanalytics@1.0.0 (location: F:\Resonance\client\Library\PackageCache\com.unity.modules.unityanalytics)
    com.unity.modules.unitywebrequest@1.0.0 (location: F:\Resonance\client\Library\PackageCache\com.unity.modules.unitywebrequest)
    com.unity.modules.unitywebrequestassetbundle@1.0.0 (location: F:\Resonance\client\Library\PackageCache\com.unity.modules.unitywebrequestassetbundle)
    com.unity.modules.unitywebrequestaudio@1.0.0 (location: F:\Resonance\client\Library\PackageCache\com.unity.modules.unitywebrequestaudio)
    com.unity.modules.unitywebrequesttexture@1.0.0 (location: F:\Resonance\client\Library\PackageCache\com.unity.modules.unitywebrequesttexture)
    com.unity.modules.unitywebrequestwww@1.0.0 (location: F:\Resonance\client\Library\PackageCache\com.unity.modules.unitywebrequestwww)
    com.unity.modules.vehicles@1.0.0 (location: F:\Resonance\client\Library\PackageCache\com.unity.modules.vehicles)
    com.unity.modules.video@1.0.0 (location: F:\Resonance\client\Library\PackageCache\com.unity.modules.video)
    com.unity.modules.vr@1.0.0 (location: F:\Resonance\client\Library\PackageCache\com.unity.modules.vr)
    com.unity.modules.wind@1.0.0 (location: F:\Resonance\client\Library\PackageCache\com.unity.modules.wind)
    com.unity.modules.xr@1.0.0 (location: F:\Resonance\client\Library\PackageCache\com.unity.modules.xr)
    com.unity.modules.subsystems@1.0.0 (location: F:\Resonance\client\Library\PackageCache\com.unity.modules.subsystems)
    com.unity.modules.hierarchycore@1.0.0 (location: F:\Resonance\client\Library\PackageCache\com.unity.modules.hierarchycore)
    com.unity.ext.nunit@2.0.5 (location: F:\Resonance\client\Library\PackageCache\com.unity.ext.nunit@d8c07649098d)
    com.unity.render-pipelines.core@17.3.0 (location: F:\Resonance\client\Library\PackageCache\com.unity.render-pipelines.core@0bb36005e9ba)
    com.unity.shadergraph@17.3.0 (location: F:\Resonance\client\Library\PackageCache\com.unity.shadergraph@b4b75cc00891)
    com.unity.render-pipelines.universal-config@17.0.3 (location: F:\Resonance\client\Library\PackageCache\com.unity.render-pipelines.universal-config@8dc1aab4af1d)
[Subsystems] No new subsystems found in resolved package list.
[Package Manager] Done registering packages in 0.05 seconds
Starting: D:\Unity\Hub\Editor\6000.3.23f1\Editor\Data\Tools\BuildPipeline\bee_backend.exe --ipc --defer-dag-verification --dagfile="Library/Bee/1900b0aE.dag" --continue-on-failure --profile="Library/Bee/backend1.traceevents" ScriptAssemblies
WorkingDir: F:/Resonance/client
ExitCode: 0 Duration: 0s305ms
[636/808    0s] ILPP-Configuration Library/ilpp-configuration.nevergeneratedoutput
*** Tundra build success (0.24 seconds), 1 items updated, 808 evaluated
AssetDatabase: script compilation time: 0.748101s
Begin MonoManager ReloadAssembly
- Loaded All Assemblies, in  0.677 seconds
Refreshing native plugins compatible for Editor in 0.56 ms, found 4 plugins.
Missing types referenced from component UniversalRenderPipelineGlobalSettings on game object UniversalRenderPipelineGlobalSettings:
	UnityEngine.PathTracing.Core.WorldRenderPipelineResources, Unity.PathTracing.Runtime (1 object)
Native extension for Android target not found
Native extension for WindowsStandalone target not found
ScheduleIndexationOnStartup MainProcess:True IndexOnStartup:True
Mono: successfully reloaded assembly
- Finished resetting the current domain, in  2.261 seconds
Domain Reload Profiling: 2933ms
	BeginReloadAssembly (306ms)
		ExecutionOrderSort (0ms)
		DisableScriptedObjects (22ms)
		BackupInstance (0ms)
		ReleaseScriptingObjects (0ms)
		CreateAndSetChildDomain (157ms)
	RebuildCommonClasses (34ms)
	RebuildNativeTypeToScriptingClass (11ms)
	initialDomainReloadingComplete (28ms)
	LoadAllAssembliesAndSetupDomain (293ms)
		LoadAssemblies (251ms)
		RebuildTransferFunctionScriptingTraits (0ms)
		AnalyzeDomain (137ms)
			TypeCache.Refresh (96ms)
				TypeCache.ScanAssembly (87ms)
			BuildScriptInfoCaches (29ms)
			ResolveRequiredComponents (9ms)
	FinalizeReload (2261ms)
		ReleaseScriptCaches (0ms)
		RebuildScriptCaches (0ms)
		SetupLoadedEditorAssemblies (2007ms)
			LogAssemblyErrors (0ms)
			InitializePlatformSupportModulesInManaged (35ms)
			SetLoadedEditorAssemblies (3ms)
			BeforeProcessingInitializeOnLoad (125ms)
			ProcessInitializeOnLoadAttributes (1778ms)
			ProcessInitializeOnLoadMethodAttributes (57ms)
			AfterProcessingInitializeOnLoad (9ms)
			EditorAssembliesLoaded (0ms)
		ExecutionOrderSort2 (0ms)
		AwakeInstancesAfterBackupRestoration (21ms)
Asset Pipeline Refresh (id=f3b8b313c300ca2488f5f586df08529a): Total: 4.117 seconds - Initiated by InitialRefreshV2(ForceSynchronousImport)
	Summary:
		Imports: total=0 (actual=0, local cache=0, cache server=0)
		Asset DB Process Time: managed=0 ms, native=2539 ms
		Asset DB Callback time: managed=63 ms, native=54 ms
		Scripting: domain reloads=1, domain reload time=677 ms, compile time=751 ms, other=31 ms
		Project Asset Count: scripts=1008, non-scripts=2764
		Asset File Changes: new=0, changed=0, moved=0, deleted=0
		Scan Filter Count: 0
	InvokeCustomDependenciesCallbacks: 0.001ms
	InvokePackagesCallback: 55.192ms
	ApplyChangesToAssetFolders: 0.591ms
	Scan: 72.547ms
	OnSourceAssetsModified: 0.002ms
	CategorizeAssetsWithTransientArtifact: 18.495ms
	ProcessAssetsWithTransientArtifactChanges: 40.511ms
	CategorizeAssets: 39.696ms
	ImportOutOfDateAssets: 2266.627ms (1514.356ms without children)
		CompileScripts: 750.918ms
		ReloadNativeAssets: 0.023ms
		UnloadImportedAssets: 0.445ms
		EnsureUptoDateAssetsAreRegisteredWithGuidPM: 0.382ms
		InitializingProgressBar: 0.000ms
		PostProcessAllAssetNotificationsAddChangedAssets: 0.001ms
		OnDemandSchedulerStart: 0.502ms
	PostProcessAllAssets: 63.204ms
	GatherAllCurrentPrimaryArtifactRevisions: 0.002ms
	UnloadStreamsBegin: 2.137ms
	PersistCurrentRevisions: 0.113ms
	UnloadStreamsEnd: 0.002ms
	GenerateScriptTypeHashes: 4.055ms
	Untracked: 1558.000ms

Application.AssetDatabase Initial Refresh End
Launched and connected shader compiler UnityShaderCompiler.exe after 0.01 seconds
Scanning for USB devices : 1.804ms
Initializing Unity extensions:
[MODES] ModeService[none].Initialize
[MODES] ModeService[none].LoadModes
[MODES] Loading mode Default (0) for mode-current-id-契灵回响
Unloading 19 Unused Serialized files (Serialized files now loaded: 0)
Unloading 4211 unused Assets / (4.4 MB). Loaded Objects now: 5100.
Memory consumption went from 200.5 MB to 196.1 MB.
Total: 7.050600 ms (FindLiveObjects: 0.282700 ms CreateObjectMapping: 0.235900 ms MarkObjects: 5.096300 ms  DeleteObjects: 1.434400 ms)

[LAYOUT] About to load UserSettings\Layouts\default-6000.dwlt, keepMainWindow=False
[LAYOUT] About to save layout F:\Resonance\client\UserSettings\Layouts\default-6000.dwlt
[LAYOUT] About to save layout C:/Users/Administrator/AppData/Roaming/Unity/Editor-5.x/Preferences\Layouts\current\default-6000.dwlt
[MODES] ModeService[default].InitializeCurrentMode
[MODES] ModeService[default].RaiseModeChanged(default, default)
This project uses Input Manager, which is marked for deprecation. To manage input in your project, use the <a href="https://docs.unity3d.com/Packages/com.unity.inputsystem@latest">Input System package</a> instead.
<RI> Initializing input.
Using Windows.Gaming.Input
<RI> Input initialized.
[Project] Loading completed in 8.343 seconds
	Project init time: 				6.625 seconds
		Template init time: 		0.000 seconds
		Package Manager init time: 		0.374 seconds
		Asset Database init time: 		0.222 seconds
		Global illumination init time: 	0.003 seconds
		Assemblies load time: 			0.815 seconds
		Unity extensions init time: 	0.016 seconds
		Asset Database refresh time: 	4.117 seconds
	Scene opening time: 			1.342 seconds
##utp:{"type":"ProjectInfo","version":2,"phase":"Immediate","time":1789886463059,"processId":31092,"projectLoad":8.3427042,"projectInit":6.6246186,"templateInit":0.0,"packageManagerInit":0.3736579,"assetDatabaseInit":0.222401,"globalIlluminationInit":0.0032752,"assembliesLoad":0.8152576,"unityExtensionsInit":0.0158564,"assetDatabaseRefresh":4.1172656,"sceneOpening":1.3418136}
##utp:{"type":"EditorInfo","version":2,"phase":"Immediate","time":1789886463059,"processId":31092,"editorVersion":"6000.3.23f1 (09d2ecc7fb28)","branch":"6000.3/staging","buildType":"Release","platform":"Windows"}
Asset Pipeline Refresh (id=cb3262ecf5d130745a103bf7234a32e2): Total: 0.039 seconds - Initiated by RefreshV2(AllowForceSynchronousImport)
Android Extension - Scanning For ADB Devices 1065 ms
Created GICache directory at F:\Resonance\client\Temp\GICache-D-batch. Took: 0.068s, timestamps: [8.845 - 8.914]
[Licensing::Client] Successfully resolved entitlement details
[Licensing::Client] Successfully resolved entitlement details
Android Extension - Scanning For ADB Devices 1054 ms
Attempted to call .Dispose on an already disposed CancellationTokenSource
Android Extension - Scanning For ADB Devices 1204 ms
Android Extension - Scanning For ADB Devices 1105 ms
Asset Pipeline Refresh (id=3fa78e2323842a04099ca1e1de8a5a32): Total: 0.004 seconds - Initiated by RefreshV2(AllowForceSynchronousImport)
Start Indexing on Editor startup
[Indexing] Starting Initial Indexing for Assets
TrimDiskCacheJob: Current cache size 0mb
Starting new worker id: 0 with log in F:/Resonance/client/Logs/AssetImportWorker0.log
Starting new worker id: 1 with log in F:/Resonance/client/Logs/AssetImportWorker1.log
Starting new worker id: 2 with log in F:/Resonance/client/Logs/AssetImportWorker2.log
Starting new worker id: 3 with log in F:/Resonance/client/Logs/AssetImportWorker3.log
Worker ready: AssetImportWorker2 2
Worker ready: AssetImportWorker0 0
Worker ready: AssetImportWorker3 3
Worker ready: AssetImportWorker1 1
[Worker2] Start importing Packages/com.unity.2d.animation/Editor/Assets/ComponentIcons/Animation.SpriteLibraryManager On@128.png using Guid(57f8befb92b364ca1bcae0f34c27e2d3) Importer(2089858483,b0f066a214c2f5e87bad3c948f4d605d) 
[Worker2] (ScriptedImporter)
[Worker0] Start importing Packages/com.unity.2d.animation/Editor/Assets/ComponentIcons/d_Animation.SpriteLibraryManager@64.png using Guid(727af22e923264f0ca2530a410e2d7ab) Importer(2089858483,b0f066a214c2f5e87bad3c948f4d605d) 
[Worker0] (ScriptedImporter)
[Worker2]  -> (artifact id: 'a052f20d336395ee8b62d93bb99ce32a') in 0.1771532 seconds
[Worker3] Start importing Packages/com.unity.2d.animation/Editor/Assets/EditorIcons/Light/Bone.png using Guid(62ce01ddca719d34ea9648c586a7cc94) Importer(2089858483,b0f066a214c2f5e87bad3c948f4d605d) 
[Worker3] (ScriptedImporter)
[Worker2] Start importing Assets/EmeraldBunny/Generated/Meshes/leg_front_thigh_lower_front.asset using Guid(202ec93cadcba614bb63b640c8edbb99) Importer(2089858483,b0f066a214c2f5e87bad3c948f4d605d) 
[Worker2] (ScriptedImporter)
[Worker1] Start importing Assets/EmeraldBunny/Art/cuff_left.png using Guid(02b67f663debec6418a1a399af2b9a9e) Importer(2089858483,b0f066a214c2f5e87bad3c948f4d605d) 
[Worker1] (ScriptedImporter)
[Worker2]  -> (artifact id: '1b7d62f253fd314eb3cb14e553d1728d') in 0.0134309 seconds
[Worker0]  -> (artifact id: '9dbaa24aef57c87b34b2e42ae38ae04a') in 0.1856471 seconds
[Worker2] Start importing Assets/EmeraldBunny/Generated/Materials/chair_leg_middle_lower_fixed.mat using Guid(f31430244348725418384d99bff962cd) Importer(2089858483,b0f066a214c2f5e87bad3c948f4d605d) 
[Worker2] (ScriptedImporter)
[Worker0] Start importing Assets/Editor/Smoke/NaturalPlaySmoke.cs using Guid(0ac26fe2a3af2cc40aad21e0c76a8e63) Importer(2089858483,b0f066a214c2f5e87bad3c948f4d605d) 
[Worker0] (ScriptedImporter)
[Worker2]  -> (artifact id: '66279e236c786769d17c70fcbc82e0a9') in 0.0160279 seconds
[Worker0]  -> (artifact id: '386c23f600654df3d0808e3c303bbb47') in 0.0057573 seconds
[Worker2] Start importing Packages/com.unity.render-pipelines.core/Editor/Lighting using Guid(a20277bec4b2cc14dbfbc6e401f1f8f1) Importer(2089858483,b0f066a214c2f5e87bad3c948f4d605d) 
[Worker2] (ScriptedImporter)
[Worker2]  -> (artifact id: 'b0b26120e65a6b9b8eb3117479aa7953') in 0.0034935 seconds
[Worker0] Start importing Packages/com.unity.2d.common/Path/Editor/Handles/TangentContinuous.png using Guid(f180c07cee9924980a0af50a95afe6b2) Importer(2089858483,b0f066a214c2f5e87bad3c948f4d605d) 
[Worker0] (ScriptedImporter)
[Worker0]  -> (artifact id: '687decd057db29bdbe9c0b234dd4a9a9') in 0.0105796 seconds
[Worker2] Start importing Packages/com.unity.inputsystem/InputSystem/Actions/Interactions using Guid(b90e4423894dce34f83bb15a3ba411ba) Importer(2089858483,b0f066a214c2f5e87bad3c948f4d605d) 
[Worker2] (ScriptedImporter)
[Worker2]  -> (artifact id: '2b3e30c012c75cbba1dffe6d8ba9f402') in 0.0037912 seconds
[Worker3]  -> (artifact id: 'b819533d8e91eb3ee2faa32adced9bb2') in 0.1623427 seconds
[Worker0] Start importing Assets/EmeraldBunny/Art/repair_eyes.png using Guid(def2575d6a6ad484e9f537a0f3239ef8) Importer(2089858483,b0f066a214c2f5e87bad3c948f4d605d) 
[Worker0] (ScriptedImporter)
[Worker0]  -> (artifact id: '4a00f0aeb76e3d4a7d2f5d2c0124b55e') in 0.0104573 seconds
[Worker2] Start importing Assets/EmeraldBunny/Art/hair_sweep.png using Guid(5ae0f7add04b09d4f9afa06eb73f4b1e) Importer(2089858483,b0f066a214c2f5e87bad3c948f4d605d) 
[Worker2] (ScriptedImporter)
[Worker2]  -> (artifact id: '1683b51b7bfd2eca02f5eff7146b1f91') in 0.008883 seconds
[Worker3] Start importing Assets/EmeraldBunny/Generated/Meshes/mouth_inner.asset using Guid(ab56257aeed31994da5b8a913f711b68) Importer(2089858483,b0f066a214c2f5e87bad3c948f4d605d) 
[Worker3] (ScriptedImporter)
[Worker1]  -> (artifact id: 'b3e76f46267ac1599337dbd16d165c10') in 0.1596203 seconds
[Worker3]  -> (artifact id: '9efc02098425b6802cb4bcd2c57ab488') in 0.0077117 seconds
[Worker0] Start importing Assets/EmeraldBunny/Generated/Materials/fingerR_little.mat using Guid(58c071d6ab7ef2f4cbcf3bd1944c3bb8) Importer(2089858483,b0f066a214c2f5e87bad3c948f4d605d) 
[Worker0] (ScriptedImporter)
[Worker0]  -> (artifact id: 'd7957eaaf224e7be8500907b50183c9a') in 0.0146036 seconds
[Worker2] Start importing Assets/EmeraldBunny/Generated/Meshes/leg_front_knee_lower_fixed.asset using Guid(071c11f72492dda4f937bcbde10b5e22) Importer(2089858483,b0f066a214c2f5e87bad3c948f4d605d) 
[Worker2] (ScriptedImporter)
[Worker2]  -> (artifact id: 'b040f28e67dc1a84920ffaaf0fc45703') in 0.0055183 seconds
[Worker1] Start importing Packages/com.unity.ugui/Runtime/UGUI/UI/Core/Utility using Guid(d63dd1a776d383248a21ec2a8a6e7868) Importer(2089858483,b0f066a214c2f5e87bad3c948f4d605d) 
[Worker1] (ScriptedImporter)
[Worker1]  -> (artifact id: '5cca6363f3a6691b93b252306cbb4256') in 0.003328 seconds
[Worker3] Start importing Packages/com.unity.2d.animation/Editor/SkinningModule/Lib using Guid(54114b7cd6ae355489325fd90132f551) Importer(2089858483,b0f066a214c2f5e87bad3c948f4d605d) 
[Worker3] (ScriptedImporter)
[Worker3]  -> (artifact id: '43f256d71ff107f64ee73789ee6c4d50') in 0.0045557 seconds
[Worker0] Start importing Packages/com.unity.shadergraph/Editor/Generation/Targets/BuiltIn/Editor/ShaderGraph using Guid(aa741e0e92d3608409867b98aabf2070) Importer(2089858483,b0f066a214c2f5e87bad3c948f4d605d) 
[Worker0] (ScriptedImporter)
[Worker0]  -> (artifact id: '1a26f59dd541340d55de8a9f9a5970b3') in 0.0045911 seconds
[Worker2] Start importing Packages/com.unity.2d.animation/Editor/Assets/EditorIcons/Light/Create_Vertex@2x.png using Guid(a0c33b3a6e0728343b29883d739f1322) Importer(2089858483,b0f066a214c2f5e87bad3c948f4d605d) 
[Worker2] (ScriptedImporter)
[Worker1] Start importing Assets/Inochi2D/Editor using Guid(3a93abf358ccbfd45bf9574a1ff2e000) Importer(2089858483,b0f066a214c2f5e87bad3c948f4d605d) 
[Worker1] (ScriptedImporter)
[Worker1]  -> (artifact id: 'aefc2bcce6c21e214b1ff75be6fbef71') in 0.0043696 seconds
[Worker3] Start importing Packages/com.unity.render-pipelines.universal/Runtime/2D/Shadows/ShadowProvider using Guid(ef3fc151f42f1ee4fba8b7729b3237c7) Importer(2089858483,b0f066a214c2f5e87bad3c948f4d605d) 
[Worker3] (ScriptedImporter)
[Worker3]  -> (artifact id: 'be84cf792548207eb529e38612ed4cdf') in 0.0036414 seconds
[Worker2]  -> (artifact id: 'c92c2ae1a1d11233f68ffcb934678f5c') in 0.0147224 seconds
[Worker0] Start importing Assets/Resources/Art/Characters/C001/PreviewLayers/pivots.json using Guid(4685f5b782c71f941abd237debfbfab5) Importer(2089858483,b0f066a214c2f5e87bad3c948f4d605d) 
[Worker0] (ScriptedImporter)
[Worker0]  -> (artifact id: 'fd64ca473a191f0b36ffe601d26bd5a8') in 0.004234 seconds
[Worker1] Start importing Packages/com.unity.shadergraph/Editor/Serialization using Guid(c495761f69a84f0fba9c9bd2b9cbdf86) Importer(2089858483,b0f066a214c2f5e87bad3c948f4d605d) 
[Worker1] (ScriptedImporter)
[Worker1]  -> (artifact id: 'ff52671b95b2b2524131991976ff3720') in 0.0034488 seconds
[Worker3] Start importing Packages/com.unity.test-framework/UnityEngine.TestRunner/UnityTestProtocol using Guid(19e1940646874613a076c6b01d1f3404) Importer(2089858483,b0f066a214c2f5e87bad3c948f4d605d) 
[Worker2] Start importing Assets/EmeraldBunny/Art/foot_ground_lower_fixed.png using Guid(6ea9e31e32ee4544cacec84bcf80d715) Importer(2089858483,b0f066a214c2f5e87bad3c948f4d605d) 
[Worker3] (ScriptedImporter)
[Worker2] (ScriptedImporter)
[Worker3]  -> (artifact id: 'e62e0530c141170073987502746be1d4') in 0.0041482 seconds
[Worker2]  -> (artifact id: 'c8d14fa8de9eb57924789bafcb9b36b5') in 0.0086758 seconds
[Worker0] Start importing Packages/com.unity.shadergraph/GraphTemplates/Subgraphs using Guid(7fa316c2b2d37184081f460e04bbdcc5) Importer(2089858483,b0f066a214c2f5e87bad3c948f4d605d) 
[Worker0] (ScriptedImporter)
[Worker0]  -> (artifact id: 'b25a139b92d838890cdda8aca97a7d21') in 0.0037565 seconds
[Worker1] Start importing Packages/com.unity.2d.sprite/Editor/ObjectMenuCreation/DefaultAssets/Textures/9-Sliced.png using Guid(71ebafeef3c03457483266a33ab2b270) Importer(2089858483,b0f066a214c2f5e87bad3c948f4d605d) 
[Worker1] (ScriptedImporter)
[Worker3] Start importing Packages/com.unity.render-pipelines.core/Runtime/RenderPipelineResources using Guid(04761276653403a4eabf75af352fea54) Importer(2089858483,b0f066a214c2f5e87bad3c948f4d605d) 
[Worker3] (ScriptedImporter)
[Worker3]  -> (artifact id: 'be48cab902dee5b594927ca96e8fef8e') in 0.0039341 seconds
[Worker2] Start importing Packages/com.unity.2d.animation/Editor/Assets/EditorIcons/Dark/d_Weight_Brush@2x.png using Guid(fda4344db9f9d794698ed7487ca53957) Importer(2089858483,b0f066a214c2f5e87bad3c948f4d605d) 
[Worker2] (ScriptedImporter)
[Worker1]  -> (artifact id: 'cd41bfe8d199dc3ccff52f4ff5b7a34b') in 0.0221976 seconds
[Worker2]  -> (artifact id: 'cdbe588ae32e3138c65e903fdb8aa295') in 0.0104712 seconds
[Worker0] Start importing Packages/com.unity.shadergraph/Editor/Data/Actions using Guid(9abbc5074e3b457c98f721847723bf2e) Importer(2089858483,b0f066a214c2f5e87bad3c948f4d605d) 
[Worker0] (ScriptedImporter)
[Worker0]  -> (artifact id: '523511c9914b7fedc25abd402f786e2a') in 0.0043005 seconds
[Worker3] Start importing Packages/com.unity.2d.animation/Editor/Assets/EditorIcons/Dark/d_Edit_Geometry@3x.png using Guid(0ff8fd73a1ad1284eb30ab319560b4c7) Importer(2089858483,b0f066a214c2f5e87bad3c948f4d605d) 
[Worker3] (ScriptedImporter)
[Worker3]  -> (artifact id: '27cd2602eb4dc0a45f648440c49cd1bd') in 0.0108618 seconds
[Worker2] Start importing Packages/com.unity.shadergraph/Editor/Generation/Targets/BuiltIn/Editor/ShaderGraph/Includes using Guid(0b48c6912333f1a4fa13346aaf390d56) Importer(2089858483,b0f066a214c2f5e87bad3c948f4d605d) 
[Worker1] Start importing Packages/com.unity.render-pipelines.core/ShaderLibrary/API using Guid(6fa64bbd0ffaf8843b041c6e42bb5f82) Importer(2089858483,b0f066a214c2f5e87bad3c948f4d605d) 
[Worker2] (ScriptedImporter)
[Worker1] (ScriptedImporter)
[Worker1]  -> (artifact id: 'aa2371f61107c9bace1101aa71e5e8d4') in 0.0033779 seconds
[Worker2]  -> (artifact id: '03c08102a1455649be28ea868b189330') in 0.0039217 seconds
[Worker0] Start importing Packages/com.unity.2d.animation/Editor/Assets/ComponentIcons/Animation.IKLimb On@64.png using Guid(b88a78d35a73e4a33bf6788d22e3cb67) Importer(2089858483,b0f066a214c2f5e87bad3c948f4d605d) 
[Worker0] (ScriptedImporter)
[Worker0]  -> (artifact id: 'cf53124dfaf7227df107fbcf2d5f120f') in 0.0102732 seconds
[Worker3] Start importing Packages/com.unity.render-pipelines.universal/Editor/Lighting using Guid(ff90f20bb510bed48ba1a9ebbc61ffa4) Importer(2089858483,b0f066a214c2f5e87bad3c948f4d605d) 
[Worker2] Start importing Assets/Resources/Art/Characters/C001 using Guid(e1be25cc852eb1f4fb1dc8e7f3b2a5d8) Importer(2089858483,b0f066a214c2f5e87bad3c948f4d605d) 
[Worker2] (ScriptedImporter)
[Worker3] (ScriptedImporter)
[Worker1] Start importing Assets/EmeraldBunny/Generated/Meshes/blink_closed.asset using Guid(2d8ce688ced4ca44592b5888f6c14c2a) Importer(2089858483,b0f066a214c2f5e87bad3c948f4d605d) 
[Worker1] (ScriptedImporter)
[Worker3]  -> (artifact id: '658ad1eb360e2a1c20d2f97d6eb7a565') in 0.0046314 seconds
[Worker2]  -> (artifact id: 'b341702ea60ba539c3a708bf1c2cca7a') in 0.0046897 seconds
[Worker1]  -> (artifact id: 'fb1822887f96e3b74620901cbe6350fc') in 0.0076073 seconds
[Worker0] Start importing Packages/com.unity.test-framework/UnityEditor.TestRunner/Api using Guid(fa423365b1ce06a4dbdc6fb4a8597bfa) Importer(2089858483,b0f066a214c2f5e87bad3c948f4d605d) 
[Worker0] (ScriptedImporter)
[Worker0]  -> (artifact id: 'fcc4ad891f050687467a8504b832abaf') in 0.0046546 seconds
[Worker3] Start importing Packages/com.unity.2d.animation/IK/Editor/Unity.2D.IK.Editor.asmdef using Guid(4237adb6ac177124b8f4a94835b7b4d0) Importer(2089858483,b0f066a214c2f5e87bad3c948f4d605d) 
[Worker3] (ScriptedImporter)
[Worker1] Start importing Packages/com.unity.render-pipelines.core/Editor/ScriptTemplates using Guid(863f1a3fb862346d7a3344bcb3024f1b) Importer(2089858483,b0f066a214c2f5e87bad3c948f4d605d) 
[Worker1] (ScriptedImporter)
[Worker2] Start importing Packages/com.unity.2d.animation/Tests using Guid(04094496a840e4b66a9207270b8d6e42) Importer(2089858483,b0f066a214c2f5e87bad3c948f4d605d) 
[Worker2] (ScriptedImporter)
[Worker1]  -> (artifact id: 'c8d323c7d5f492cc1a3a7010dd78c7ae') in 0.0035484 seconds
[Worker2]  -> (artifact id: 'db072ff7bfb2382feffa674982911d12') in 0.0048412 seconds
[Worker3]  -> (artifact id: 'fceff6f0ce79f8a1d5233a3e2ab9ec12') in 0.0114791 seconds
[Worker0] Start importing Assets/Scripts/Resonance.Battle/Core/FormulaProfile.cs using Guid(539f9b5cdffdebd458d434f2c1cd2f7c) Importer(2089858483,b0f066a214c2f5e87bad3c948f4d605d) 
[Worker0] (ScriptedImporter)
[Worker0]  -> (artifact id: '95dd4801653b6322299074c68e560ee3') in 0.004096 seconds
[Worker1] Start importing Packages/com.unity.modules.xr using Guid(515638b803bef8599dbd6d5c8bdaa53e) Importer(2089858483,b0f066a214c2f5e87bad3c948f4d605d) 
[Worker1] (ScriptedImporter)
[Worker3] Start importing Packages/com.unity.2d.animation/Editor/Assets/ComponentIcons/Animation.SpriteLibraryManager.png using Guid(99a16529bede740b6816c895741a9fb7) Importer(2089858483,b0f066a214c2f5e87bad3c948f4d605d) 
[Worker3] (ScriptedImporter)
[Worker1]  -> (artifact id: '64ce2c7462b0e5729b2469a4a333c530') in 0.0027916 seconds
[Worker2] Start importing Packages/com.unity.render-pipelines.universal/Runtime/Data using Guid(d59f1663563e245fabce035da7cecd75) Importer(2089858483,b0f066a214c2f5e87bad3c948f4d605d) 
[Worker2] (ScriptedImporter)
[Worker2]  -> (artifact id: 'b12c8ae1f022f2edf37f5e4eb37bccf0') in 0.0040118 seconds
[Worker0] Start importing Packages/com.unity.2d.common/Path/Editor/Handles/TangentContinuousPro.png using Guid(25c4e987877a046bd994284ffeabc78b) Importer(2089858483,b0f066a214c2f5e87bad3c948f4d605d) 
[Worker0] (ScriptedImporter)
[Worker3]  -> (artifact id: '4901e98d04da853c0f9474b468d3a672') in 0.012881 seconds
[Worker0]  -> (artifact id: '7a541c69dd9816ec4019cec6aa8ef91c') in 0.0109332 seconds
[Worker1] Start importing Packages/com.unity.2d.sprite/Editor/SpriteEditor/SpriteEditorHintPopup/SpriteEditorHintPopup.uxml using Guid(8e9ebe2fdfb2403ea7d41196ab5ad791) Importer(2089858483,b0f066a214c2f5e87bad3c948f4d605d) 
[Worker1] (ScriptedImporter)
[Worker2] Start importing Packages/com.unity.render-pipelines.universal/Runtime/RendererFeatures/SurfaceCacheGI/SurfaceCacheCore using Guid(a2edb5f961ad3b341b5045c3e6ffd4b5) Importer(2089858483,b0f066a214c2f5e87bad3c948f4d605d) 
[Worker2] (ScriptedImporter)
[Worker2]  -> (artifact id: 'e408f54abb57e3e2bd366ea907171fd4') in 0.0032295 seconds
[Worker3] Start importing Assets/EmeraldBunny/Generated using Guid(0f0c06196054ed949a8373cd03c35129) Importer(2089858483,b0f066a214c2f5e87bad3c948f4d605d) 
[Worker3] (ScriptedImporter)
[Worker3]  -> (artifact id: '05cd5a3a6719d17dd1dacad575cf09f8') in 0.0043342 seconds
[Worker0] Start importing Assets/EmeraldBunny/Generated/Meshes/repair_face.asset using Guid(ecd720db64df7bc49ad2f67f293431b0) Importer(2089858483,b0f066a214c2f5e87bad3c948f4d605d) 
[Worker0] (ScriptedImporter)
[Worker0]  -> (artifact id: 'bc6cac9bedd9f75c5fd88b746dd35b39') in 0.00826 seconds
[Worker2] Start importing Assets/Plugins/Android using Guid(367f50d4a54626b469f5fe29666022fa) Importer(2089858483,b0f066a214c2f5e87bad3c948f4d605d) 
[Worker2] (ScriptedImporter)
[Worker1]  -> (artifact id: '9ee2ff0334bdcaf042d72f457ee732fa') in 0.0418371 seconds
[Worker2]  -> (artifact id: '06580b262a38634ad70b20a1a25a352a') in 0.0032578 seconds
[Worker3] Start importing Assets/_Recovery/0 (1).unity using Guid(fae2b72fa8eb78241ac5522d7fb74e9c) Importer(2089858483,b0f066a214c2f5e87bad3c948f4d605d) 
[Worker3] (ScriptedImporter)
[Worker0] Start importing Packages/com.unity.inputsystem/InputSystem/Plugins/Linux using Guid(1c597fa0f94a3d54b9c0e85f56e5f821) Importer(2089858483,b0f066a214c2f5e87bad3c948f4d605d) 
[Worker0] (ScriptedImporter)
[Worker0]  -> (artifact id: '133a50aa0aa0bfbb1043d4b301c6d7bd') in 0.0044298 seconds
[Worker3]  -> (artifact id: '227c96250c0b6a3e230dd81aed22bd11') in 0.0163326 seconds
[Worker2] Start importing Assets/EmeraldBunny/Generated/Materials/rabbit_left.mat using Guid(cf19edfd48a2c704b923f94b2c602e4e) Importer(2089858483,b0f066a214c2f5e87bad3c948f4d605d) 
[Worker2] (ScriptedImporter)
[Worker1] Start importing Packages/com.unity.2d.animation/Editor/Assets/ComponentIcons/Animation.IKCCD@32.png using Guid(99e2d423491be485bafdee152310057a) Importer(2089858483,b0f066a214c2f5e87bad3c948f4d605d) 
[Worker1] (ScriptedImporter)
[Worker2]  -> (artifact id: 'ab4ea48705de055672b0525fd65607cf') in 0.0063657 seconds
[Worker1]  -> (artifact id: 'fb9c40928e823f11b431f0aec84b8490') in 0.0125899 seconds
[Worker3] Start importing Packages/com.unity.ide.visualstudio/Editor/COMIntegration using Guid(36422aa067e092e45b9820da2ee3e728) Importer(2089858483,b0f066a214c2f5e87bad3c948f4d605d) 
[Worker3] (ScriptedImporter)
[Worker0] Start importing Packages/com.unity.2d.animation/Editor/Assets/ComponentIcons/d_Animation.SpriteLibraryManager.png using Guid(9ca415e19264343fda4eee42c9a3452c) Importer(2089858483,b0f066a214c2f5e87bad3c948f4d605d) 
[Worker0] (ScriptedImporter)
[Worker3]  -> (artifact id: '71b07c7cdc5c72c12901257a924f26ea') in 0.0042783 seconds
[Worker0]  -> (artifact id: 'c97cffd6a113960b7afa6585abb40708') in 0.0146382 seconds
[Worker2] Start importing Assets/EmeraldBunny/Generated/Animations/HandRelax.anim using Guid(d901a914a570744459ffb70f6345f33d) Importer(2089858483,b0f066a214c2f5e87bad3c948f4d605d) 
[Worker2] (ScriptedImporter)
[Worker1] Start importing Packages/com.unity.ugui/Runtime/UGUI/UI/Core/VertexModifiers using Guid(cfa73a847eeff06448bb50a8ac6a94e0) Importer(2089858483,b0f066a214c2f5e87bad3c948f4d605d) 
[Worker1] (ScriptedImporter)
[Worker1]  -> (artifact id: '65d20f3ffd69c62943ed301493ec3e15') in 0.0033373 seconds
[Worker3] Start importing Packages/com.unity.2d.animation/Editor/Assets/EditorIcons/Dark/d_Edit_Pose@2x.png using Guid(5df5eccb22181f040836da1ea19743e8) Importer(2089858483,b0f066a214c2f5e87bad3c948f4d605d) 
[Worker3] (ScriptedImporter)
[Worker0] Start importing Assets/EmeraldBunny/Art/leg_rear_knee_lower_rear.png using Guid(5020ba4023810f349aefcf0babead13a) Importer(2089858483,b0f066a214c2f5e87bad3c948f4d605d) 
[Worker0] (ScriptedImporter)
[Worker1] Start importing Packages/com.unity.2d.animation/Editor/Assets/EditorIcons/Dark/d_Split Bones.png using Guid(3e98b5bf8fbc84d4bafe25706ebcde8a) Importer(2089858483,b0f066a214c2f5e87bad3c948f4d605d) 
[Worker1] (ScriptedImporter)
[Worker3]  -> (artifact id: '9be5568298d01f95dfab80d4020067a5') in 0.0104873 seconds
[Worker0]  -> (artifact id: '2d78e8ae2881a48a5f5762603c0d8190') in 0.0097745 seconds
[Worker1]  -> (artifact id: 'f8bf1de41444cfab173bc979aa5f2a04') in 0.0109518 seconds
[Worker3] Start importing Packages/com.unity.ugui/Tests/Runtime/UGUI/Slider using Guid(850af9f3bf6d14143baf2ecfbf25db52) Importer(2089858483,b0f066a214c2f5e87bad3c948f4d605d) 
[Worker3] (ScriptedImporter)
[Worker3]  -> (artifact id: '5fd6f01b7989e35ce1d64f83a9c89521') in 0.0039847 seconds
[Worker0] Start importing Assets/EmeraldBunny/Art/leg_rear_calf.png using Guid(20ea3083c9bd73e419469e9795991c00) Importer(2089858483,b0f066a214c2f5e87bad3c948f4d605d) 
[Worker0] (ScriptedImporter)
[Worker1] Start importing Packages/com.unity.2d.sprite/Editor/Assets/SpriteEditorWindowDefault.overlay using Guid(6d70958817ddd43678a10b02a1aa4cdd) Importer(2089858483,b0f066a214c2f5e87bad3c948f4d605d) 
[Worker1] (ScriptedImporter)
[Worker2]  -> (artifact id: '85e2ede07e21fd0ebff57362256a652a') in 0.0765575 seconds
[Worker1]  -> (artifact id: '345c9c28abb51264d29b6f65c93d0858') in 0.0033054 seconds
[Worker0]  -> (artifact id: '070c755f66c00d8704d187898218e4f1') in 0.0124056 seconds
[Worker3] Start importing Assets/Inochi2D/Resources using Guid(128ece0f020f78e42b8916101887345d) Importer(2089858483,b0f066a214c2f5e87bad3c948f4d605d) 
[Worker3] (ScriptedImporter)
[Worker3]  -> (artifact id: '8ad8a8bc77e9d9ee9ab8baceb7523d5c') in 0.00419 seconds
[Worker2] Start importing Assets/Scripts/Resonance.Battle/Core/LeaderSkill.cs using Guid(6a6ce171b8297024795a1117d92bb24d) Importer(2089858483,b0f066a214c2f5e87bad3c948f4d605d) 
[Worker2] (ScriptedImporter)
[Worker2]  -> (artifact id: 'efb4bfc9f219c50803b8d6c04caa326a') in 0.0054851 seconds
[Worker1] Start importing Packages/com.unity.render-pipelines.core/Tests/Editor/Tools/MaterialUpgrader using Guid(aa8ba3d47aaac7e4b830b55e85d7d679) Importer(2089858483,b0f066a214c2f5e87bad3c948f4d605d) 
[Worker1] (ScriptedImporter)
[Worker0] Start importing Assets/EmeraldBunny/Generated/Materials/leg_front_calf_lower_fixed.mat using Guid(77838561a2475ca40b5ce3291622100d) Importer(2089858483,b0f066a214c2f5e87bad3c948f4d605d) 
[Worker1]  -> (artifact id: 'f094d350d4735eab6a7f437c1d87fb38') in 0.0033189 seconds
[Worker0] (ScriptedImporter)
[Worker0]  -> (artifact id: 'b20502bee8e0191b7268c7e164588f9a') in 0.0097568 seconds
[Worker3] Start importing Packages/com.unity.2d.animation/Editor/Assets/EditorIcons/Light/False.png using Guid(4cbbf7337aa794bf299ec0044983eef2) Importer(2089858483,b0f066a214c2f5e87bad3c948f4d605d) 
[Worker3] (ScriptedImporter)
[Worker2] Start importing Packages/com.unity.render-pipelines.core/Runtime/ShaderLibrary/Sampling using Guid(bea6ca7ad79287c4b8c525b8ffbd5842) Importer(2089858483,b0f066a214c2f5e87bad3c948f4d605d) 
[Worker2] (ScriptedImporter)
[Worker2]  -> (artifact id: '067c39eab782d59302989a42e2371ff4') in 0.0033459 seconds
[Worker3]  -> (artifact id: 'd214187f45257789569b535f248bf122') in 0.0096607 seconds
[Worker1] Start importing Packages/com.unity.2d.animation/Editor/Assets/EditorIcons/Dark/d_SetPivot16.png using Guid(30fd2fefe692f4f9db682596d88c3039) Importer(2089858483,b0f066a214c2f5e87bad3c948f4d605d) 
[Worker1] (ScriptedImporter)
[Worker0] Start importing Assets/EmeraldBunny/Generated/Materials/repair_eyes.mat using Guid(56ec2c4e005051e40b703ffb91974e0b) Importer(2089858483,b0f066a214c2f5e87bad3c948f4d605d) 
[Worker0] (ScriptedImporter)
[Worker1]  -> (artifact id: '276a435ff8d0083450c375ea2d5b5e64') in 0.0139763 seconds
[Worker0]  -> (artifact id: 'cc669e64a5a6a1efa6f73f7a4fa08748') in 0.0067338 seconds
[Worker3] Start importing Packages/com.unity.render-pipelines.universal using Guid(a8a8837bc9b2a05f9c18a6e71e17973d) Importer(2089858483,b0f066a214c2f5e87bad3c948f4d605d) 
[Worker2] Start importing Packages/com.unity.2d.animation/Editor/Assets/EditorIcons/Dark/d_Bone@4x.png using Guid(246d7c7c8e9e6cf43893ae13c5a81bdf) Importer(2089858483,b0f066a214c2f5e87bad3c948f4d605d) 
[Worker3] (ScriptedImporter)
[Worker2] (ScriptedImporter)
[Worker3]  -> (artifact id: '4467f8dcb9f70d8c7cf942b2247fd389') in 0.0035239 seconds
[Worker2]  -> (artifact id: '088f4bd928a822b08f6276bb3fd9fa92') in 0.0107049 seconds
[Worker1] Start importing Assets/Settings using Guid(864c0266c5f837a4daad41b575206bed) Importer(2089858483,b0f066a214c2f5e87bad3c948f4d605d) 
[Worker1] (ScriptedImporter)
[Worker0] Start importing Packages/com.unity.2d.animation/Editor/Assets/EditorIcons/Dark/d_Visibility_Tool@4x.png using Guid(575e67e67fc4b3349bef2112e32f0be3) Importer(2089858483,b0f066a214c2f5e87bad3c948f4d605d) 
[Worker0] (ScriptedImporter)
[Worker1]  -> (artifact id: '32387eec619a78b1dadb29220e1092c9') in 0.003587 seconds
[Worker0]  -> (artifact id: 'af6a4a8a8a2abeb4c2b20b277db8365d') in 0.0113209 seconds
[Worker3] Start importing Packages/com.unity.modules.assetbundle using Guid(b219c86ce508e478367c0a46e1aa9fe4) Importer(2089858483,b0f066a214c2f5e87bad3c948f4d605d) 
[Worker3] (ScriptedImporter)
[Worker3]  -> (artifact id: '00289ddae8fecb4a2f4bab55410b2e6e') in 0.003448 seconds
[Worker2] Start importing Assets/EmeraldBunny/Generated/Meshes/hair_braid.asset using Guid(b61fe0876b2bf3a4394555e0e2f27415) Importer(2089858483,b0f066a214c2f5e87bad3c948f4d605d) 
[Worker2] (ScriptedImporter)
[Worker1] Start importing Packages/com.unity.render-pipelines.core/ShaderLibrary/Sampling using Guid(14115a7568c4882499f59039a0585e3b) Importer(2089858483,b0f066a214c2f5e87bad3c948f4d605d) 
[Worker1] (ScriptedImporter)
[Worker2]  -> (artifact id: '0aed18090bd16ca344c874f6ea51f9cd') in 0.0052673 seconds
[Worker1]  -> (artifact id: '945daadb910cb44b32b1b55afa221a36') in 0.0034463 seconds
[Worker0] Start importing Packages/com.unity.inputsystem/InputSystem/Utilities/Observables using Guid(9f8944bd1ba848ab8f95afe7acfb4b79) Importer(2089858483,b0f066a214c2f5e87bad3c948f4d605d) 
[Worker0] (ScriptedImporter)
[Worker0]  -> (artifact id: '61c4d710454cbbd91e0ee2d448f01dff') in 0.0039898 seconds
[Worker3] Start importing Packages/com.unity.modules.umbra using Guid(9c7c268fa6492449654839df69f2a2f4) Importer(2089858483,b0f066a214c2f5e87bad3c948f4d605d) 
[Worker3] (ScriptedImporter)
[Worker3]  -> (artifact id: 'aedecb37ccdb562ffce6f0908cceca21') in 0.00334 seconds
[Worker1] Start importing Packages/com.unity.render-pipelines.universal/Runtime/Materials using Guid(7f10efc5458aa44a2928a72c38807544) Importer(2089858483,b0f066a214c2f5e87bad3c948f4d605d) 
[Worker1] (ScriptedImporter)
[Worker2] Start importing Packages/com.unity.ext.nunit/net40 using Guid(af19581c6078849139e0671f575e4b7c) Importer(2089858483,b0f066a214c2f5e87bad3c948f4d605d) 
[Worker2] (ScriptedImporter)
[Worker1]  -> (artifact id: 'f3b10b80ad8aae47c8aafc5e6a452857') in 0.0026135 seconds
[Worker2]  -> (artifact id: 'b54478139babbb9f924ffa48844673e1') in 0.0025927 seconds
[Worker0] Start importing Packages/com.unity.ide.visualstudio/Editor/COMIntegration/Release using Guid(41b2d972bdac29e4a89ef08b3b52c248) Importer(2089858483,b0f066a214c2f5e87bad3c948f4d605d) 
[Worker0] (ScriptedImporter)
[Worker0]  -> (artifact id: '77f9e8187105be46393734204e5fbcdd') in 0.0037611 seconds
[Worker3] Start importing Assets/EmeraldBunny/Art/chair_base_lower_rear.png using Guid(4a7e88fa52d06ea4aba0cd4552331f12) Importer(2089858483,b0f066a214c2f5e87bad3c948f4d605d) 
[Worker3] (ScriptedImporter)
[Worker1] Start importing Packages/com.unity.shadergraph/Editor/Drawing/Views/Slots using Guid(56e544af973b458ea7e8051cd0848d24) Importer(2089858483,b0f066a214c2f5e87bad3c948f4d605d) 
[Worker1] (ScriptedImporter)
[Worker3]  -> (artifact id: '6a127582f094d17fccd10b42bb204890') in 0.012563 seconds
[Worker1]  -> (artifact id: 'cbeed899d06e2c8809161c6170417d59') in 0.0025142 seconds
[Worker2] Start importing Assets/EmeraldBunny/Art/upperlidL.png using Guid(a2b364957f02cb14bb1e27c9e76b9a60) Importer(2089858483,b0f066a214c2f5e87bad3c948f4d605d) 
[Worker2] (ScriptedImporter)
[Worker0] Start importing Assets/EmeraldBunny/Art/leg_front_knee.png using Guid(7810d7ccc0ff26346ad59120ee56d8cd) Importer(2089858483,b0f066a214c2f5e87bad3c948f4d605d) 
[Worker0] (ScriptedImporter)
[Worker2]  -> (artifact id: 'a75a04c3f5903571852c48243e0684d9') in 0.0059113 seconds
[Worker0]  -> (artifact id: 'c4700b4e12bbca4bce2c649dff7bef52') in 0.0095094 seconds
[Worker3] Start importing Packages/com.unity.2d.animation/Editor/Assets/EditorIcons/Light/Visibility_Hidded@3x.png using Guid(89930da27dfbbc64ba1f3baf0ae416bb) Importer(2089858483,b0f066a214c2f5e87bad3c948f4d605d) 
[Worker3] (ScriptedImporter)
[Worker1] Start importing Packages/com.unity.2d.animation/Editor/SkinningModule/Lib/ARM64/BoundedBiharmonicWeightsModule.dll using Guid(8613fb0cd26f3406b94c9190be7a9cfe) Importer(2089858483,b0f066a214c2f5e87bad3c948f4d605d) 
[Worker1] (ScriptedImporter)
[Worker1]  -> (artifact id: 'f81ee83793b35997eeb9d6af5bf82aa2') in 0.0050776 seconds
[Worker3]  -> (artifact id: '815bc6ce21c32858075f33b381ddf9d0') in 0.0084427 seconds
[Worker2] Start importing Packages/com.unity.2d.animation/Editor/Assets/ComponentIcons/Animation.SpriteSkin On.png using Guid(4243996d9393248859e73ff6df05d8b3) Importer(2089858483,b0f066a214c2f5e87bad3c948f4d605d) 
[Worker2] (ScriptedImporter)
[Worker2]  -> (artifact id: '73fcc9af3651c29acb16124a17224d85') in 0.0105786 seconds
[Worker0] Start importing Packages/com.unity.test-framework.performance/Runtime using Guid(6edbafb3b8c712640ae66bb69eabb0a8) Importer(2089858483,b0f066a214c2f5e87bad3c948f4d605d) 
[Worker0] (ScriptedImporter)
[Worker0]  -> (artifact id: '3a56d644ef5ca3c2757ef5ab0d535127') in 0.0032491 seconds
[Worker1] Start importing Assets/EmeraldBunny/Generated/Meshes/chair_front_lower_fixed.asset using Guid(0a30e4e04fc2f2f409efb611183a08af) Importer(2089858483,b0f066a214c2f5e87bad3c948f4d605d) 
[Worker1] (ScriptedImporter)
[Worker3] Start importing Assets/EmeraldBunny/Art/costume_hip.png using Guid(ea122f7e60dba774e91100bf0ec9caf1) Importer(2089858483,b0f066a214c2f5e87bad3c948f4d605d) 
[Worker3] (ScriptedImporter)
[Worker1]  -> (artifact id: 'dbf51090a04be348d90baed45d4cb6ac') in 0.006259 seconds
[Worker3]  -> (artifact id: 'dcfd46a47616a70814e3bfa8950a317a') in 0.0091073 seconds
[Worker2] Start importing Packages/com.unity.shadergraph/Editor/Drawing/Controls using Guid(29309be0e1004fad967256187775c528) Importer(2089858483,b0f066a214c2f5e87bad3c948f4d605d) 
[Worker2] (ScriptedImporter)
[Worker0] Start importing Packages/com.unity.2d.animation/Editor/Assets/ComponentIcons/d_Animation.SpriteSkin@128.png using Guid(30cc8dc04de434864a26b5fc25a7a5a4) Importer(2089858483,b0f066a214c2f5e87bad3c948f4d605d) 
[Worker0] (ScriptedImporter)
[Worker2]  -> (artifact id: '63451890911b7d6afeb7d9cf16b989e8') in 0.0033343 seconds
[Worker0]  -> (artifact id: '76c1838b83489298884d1bebc3e8e61f') in 0.0088406 seconds
[Worker1] Start importing Packages/com.unity.2d.animation/Editor/Assets/EditorIcons/Selected/d_Visibility_Tool.png using Guid(cc4d24c10deda874e9f3470976b7d396) Importer(2089858483,b0f066a214c2f5e87bad3c948f4d605d) 
[Worker1] (ScriptedImporter)
[Worker3] Start importing Assets/EmeraldBunny/Generated/Meshes/toeAir2_lower_front.asset using Guid(2e68cbc7e254e344a83500a1826136b0) Importer(2089858483,b0f066a214c2f5e87bad3c948f4d605d) 
[Worker3] (ScriptedImporter)
[Worker1]  -> (artifact id: '7593b36eee32209c44adf1d8421998a8') in 0.0085013 seconds
[Worker3]  -> (artifact id: '73f968ab5e7b303010b84c866624697b') in 0.0049058 seconds
[Worker2] Start importing Assets/EmeraldBunny/Generated/Materials/earring_right.mat using Guid(afcf60227054fc24abff285d99b98621) Importer(2089858483,b0f066a214c2f5e87bad3c948f4d605d) 
[Worker2] (ScriptedImporter)
[Worker0] Start importing Packages/com.unity.inputsystem/InputSystem/Devices/Commands using Guid(84ba8e63f115487ca072084bbebf0e55) Importer(2089858483,b0f066a214c2f5e87bad3c948f4d605d) 
[Worker0] (ScriptedImporter)
[Worker2]  -> (artifact id: 'f58fb8567c032fe47e60e93cfac01975') in 0.0061491 seconds
[Worker0]  -> (artifact id: 'adf655efaba69a43b56880d5a27fa533') in 0.003674 seconds
[Worker1] Start importing Packages/com.unity.2d.common/Runtime using Guid(4f5e03422df3a442089f65a1856ece1b) Importer(2089858483,b0f066a214c2f5e87bad3c948f4d605d) 
[Worker1] (ScriptedImporter)
[Worker3] Start importing Packages/com.unity.render-pipelines.core/Runtime/PostProcessing/Shaders/ffx using Guid(badda61a05436ff46bc63d5e3182a197) Importer(2089858483,b0f066a214c2f5e87bad3c948f4d605d) 
[Worker3] (ScriptedImporter)
[Worker1]  -> (artifact id: 'e85301c293348bbc88492e0842955015') in 0.003494 seconds
[Worker3]  -> (artifact id: '4837735f8dc7ce0f6803c2470301991b') in 0.003282 seconds
[Worker0] Start importing Packages/com.unity.render-pipelines.core/Editor/Settings using Guid(130ba52451e62e4419a846fc6cd89ab3) Importer(2089858483,b0f066a214c2f5e87bad3c948f4d605d) 
[Worker2] Start importing Packages/com.unity.2d.sprite/README.md using Guid(e31c136ab48c1194184380e435f3936d) Importer(2089858483,b0f066a214c2f5e87bad3c948f4d605d) 
[Worker0] (ScriptedImporter)
[Worker2] (ScriptedImporter)
[Worker0]  -> (artifact id: '7f372fd4ae022633d85ff59916e3ae54') in 0.0043063 seconds
[Worker2]  -> (artifact id: 'e5bbc9a072d4e816cd0b33db4b002cce') in 0.005355 seconds
[Worker1] Start importing Packages/com.unity.2d.common/Path/Editor/Handles/TangentLinearPro.png using Guid(5315c047999aa4d869298f6988dfeb30) Importer(2089858483,b0f066a214c2f5e87bad3c948f4d605d) 
[Worker1] (ScriptedImporter)
[Worker3] Start importing Assets using Guid(00000000000000001000000000000000) Importer(2089858483,b0f066a214c2f5e87bad3c948f4d605d) 
[Worker3] (ScriptedImporter)
[Worker3]  -> (artifact id: 'b1c899777b345a98bd1b5b4abfdba5d4') in 0.0032592 seconds
[Worker0] Start importing Packages/com.unity.test-framework using Guid(33265d99cc03f644590814fd7c9d9012) Importer(2089858483,b0f066a214c2f5e87bad3c948f4d605d) 
[Worker0] (ScriptedImporter)
[Worker2] Start importing Packages/com.unity.2d.animation/Editor/Assets/ComponentIcons/d_Animation.IKFabrik@128.png using Guid(af77273b34edb4bacbace0efd118bf1a) Importer(2089858483,b0f066a214c2f5e87bad3c948f4d605d) 
[Worker1]  -> (artifact id: '530ac4a133306d84a28c2e96042289f7') in 0.0095537 seconds
[Worker2] (ScriptedImporter)
[Worker0]  -> (artifact id: 'c7362b27c13563eaaa8a42d940202695') in 0.0034199 seconds
[Worker2]  -> (artifact id: '38574e968ea98f54d6d22c6e5647b12c') in 0.0104155 seconds
[Worker3] Start importing Packages/com.unity.2d.animation/Editor/Assets/EditorIcons/Dark/d_Visibility_Tool 1.png using Guid(8ce57331a725cc74d84af900f8f3c641) Importer(2089858483,b0f066a214c2f5e87bad3c948f4d605d) 
[Worker3] (ScriptedImporter)
[Worker1] Start importing Packages/com.unity.render-pipelines.universal/Editor/Converter/PPv2/EffectConverters using Guid(036db18d0922d53419a5d769fe345bec) Importer(2089858483,b0f066a214c2f5e87bad3c948f4d605d) 
[Worker0] Start importing Packages/com.unity.2d.animation/Editor/Assets/ComponentIcons/d_Animation.SpriteResolver.png using Guid(a1585a67bdb5741a6bc69877b78cdcd3) Importer(2089858483,b0f066a214c2f5e87bad3c948f4d605d) 
[Worker0] (ScriptedImporter)
[Worker1] (ScriptedImporter)
[Worker1]  -> (artifact id: 'ef1cfe10a0b43bc26f2e66c9132fccae') in 0.0034553 seconds
[Worker3]  -> (artifact id: '11f65b75578d8ec07084a393989b91c1') in 0.0088986 seconds
[Worker0]  -> (artifact id: '2d4d6d73de9b1c82f702fd7bea5d4ee8') in 0.0086894 seconds
[Worker2] Start importing Assets/Editor/PuppetBonePreview.cs using Guid(e136e53daff3153469458ef598962809) Importer(2089858483,b0f066a214c2f5e87bad3c948f4d605d) 
[Worker2] (ScriptedImporter)
[Worker2]  -> (artifact id: '75e2eba0a31b02f163a916f8aa19bafd') in 0.0044264 seconds
[Worker1] Start importing Packages/com.unity.searcher/Tests/Editor using Guid(34555e4b3f5c96648900053f19531c68) Importer(2089858483,b0f066a214c2f5e87bad3c948f4d605d) 
[Worker1] (ScriptedImporter)
[Worker3] Start importing Assets/Scripts/Resonance.App/Debug/NaturalPlayRuntime.cs using Guid(21d90e0c65afe344ea0bb1c8129a06cf) Importer(2089858483,b0f066a214c2f5e87bad3c948f4d605d) 
[Worker3] (ScriptedImporter)
[Worker1]  -> (artifact id: '27a4c9deaf3213c22a67757c3914f503') in 0.0045162 seconds
[Worker3]  -> (artifact id: '7e1796dbaba579a1be5d808ed11095ce') in 0.0037998 seconds
[Worker0] Start importing Packages/com.unity.render-pipelines.universal/Textures using Guid(6970e3730c799f44ab472c8aa6c4b431) Importer(2089858483,b0f066a214c2f5e87bad3c948f4d605d) 
[Worker0] (ScriptedImporter)
[Worker2] Start importing Packages/com.unity.2d.common/Runtime/Unity.2D.Common.Runtime.asmdef using Guid(c3352a8bbbe14fb4ab52ae7bfff927ea) Importer(2089858483,b0f066a214c2f5e87bad3c948f4d605d) 
[Worker2] (ScriptedImporter)
[Worker0]  -> (artifact id: '2daad88695f4131b6485910d7a12ae07') in 0.0040652 seconds
[Worker2]  -> (artifact id: 'ee14597c232793b7e0c240b7454744f6') in 0.0051155 seconds
[Worker1] Start importing Packages/com.unity.2d.animation/Editor/Assets/EditorIcons/Light/Generate_Geometry.png using Guid(cbef2434b36ff174a98995b13ef80390) Importer(2089858483,b0f066a214c2f5e87bad3c948f4d605d) 
[Worker1] (ScriptedImporter)
[Worker3] Start importing Packages/com.unity.2d.animation/Editor/SpriteLib using Guid(812e6d50069f481418d0b7aa82a45408) Importer(2089858483,b0f066a214c2f5e87bad3c948f4d605d) 
[Worker3] (ScriptedImporter)
[Worker0] Start importing Packages/com.unity.2d.animation/Editor/Assets/EditorIcons/Light/Sprite_Influence@2x.png using Guid(8169b95b76b504e3b8dc9ccf0bdbe226) Importer(2089858483,b0f066a214c2f5e87bad3c948f4d605d) 
[Worker3]  -> (artifact id: '38b8629f20e514d6c9ad0fe5673dc10e') in 0.0041817 seconds
[Worker0] (ScriptedImporter)
[Worker1]  -> (artifact id: '4345443d8309506eeb378537df1f376e') in 0.0093874 seconds
[Worker2] Start importing Packages/com.unity.2d.animation/Editor/Assets/SkinningModule/SpriteOutline.shader using Guid(0a8f4dcd626bcd14bbbfa5a5e116b16e) Importer(2089858483,b0f066a214c2f5e87bad3c948f4d605d) 
[Worker2] (ScriptedImporter)
[Worker0]  -> (artifact id: 'f287fc00e29f3d73a6876e8d17320f7e') in 0.009324 seconds
[Worker2]  -> (artifact id: '4b3a0bcdc78d55758f07e23dcb4d3433') in 0.0101739 seconds
[Worker3] Start importing Packages/com.unity.modules.vehicles using Guid(1cf2469083ffa484da4d78dd70d708e8) Importer(2089858483,b0f066a214c2f5e87bad3c948f4d605d) 
[Worker3] (ScriptedImporter)
[Worker1] Start importing Packages/com.unity.render-pipelines.universal/Tests/Runtime using Guid(144dd1c434d67bc40adbcae6c42e6e6c) Importer(2089858483,b0f066a214c2f5e87bad3c948f4d605d) 
[Worker1] (ScriptedImporter)
[Worker3]  -> (artifact id: '098212d1f593cd8d34ac059594ea26d7') in 0.003376 seconds
[Worker1]  -> (artifact id: '738d03d69059daf66a6a2a8e87c29120') in 0.0035467 seconds
[Worker0] Start importing Packages/com.unity.2d.sprite/Editor/ObjectMenuCreation/DefaultAssets/Textures/HexagonPointTop.png using Guid(eed45a33cd08446c8b88325cf82fc52f) Importer(2089858483,b0f066a214c2f5e87bad3c948f4d605d) 
[Worker0] (ScriptedImporter)
[Worker2] Start importing Packages/com.unity.2d.sprite/Editor/ObjectMenuCreation using Guid(ffc051df01eb64128a79b31b97748c4c) Importer(2089858483,b0f066a214c2f5e87bad3c948f4d605d) 
[Worker2] (ScriptedImporter)
[Worker2]  -> (artifact id: 'f7516fd256f113bbbfc172888848e550') in 0.0034743 seconds
[Worker0]  -> (artifact id: '540e3f04939c70847e6f65467db396d2') in 0.0102333 seconds
[Worker3] Start importing Packages/com.unity.2d.animation/Editor/Assets/ComponentIcons/d_WarningIcon_Small.png using Guid(528a130a47a1d4af28e1ef4c8b3c5386) Importer(2089858483,b0f066a214c2f5e87bad3c948f4d605d) 
[Worker3] (ScriptedImporter)
[Worker1] Start importing Packages/com.unity.2d.common/Editor/ScriptablePacker/Unity.2D.ScriptablePacker.Editor.asmdef using Guid(eba9e4c0a1c41eb42b5443a6d65b829b) Importer(2089858483,b0f066a214c2f5e87bad3c948f4d605d) 
[Worker1] (ScriptedImporter)
[Worker1]  -> (artifact id: '45fc8e20b31b97867ecfedf7d263376f') in 0.0044929 seconds
[Worker3]  -> (artifact id: '5810bee59d286292346335f0c3d68373') in 0.0118157 seconds
[Worker2] Start importing Assets/Scripts/Resonance.Battle/Core/BattleSim.cs using Guid(4263c659daf98eb44b07fa85d54ea182) Importer(2089858483,b0f066a214c2f5e87bad3c948f4d605d) 
[Worker2] (ScriptedImporter)
[Worker0] Start importing Packages/com.unity.shadergraph/Editor/Generation/Targets/Canvas/Templates using Guid(8d975524f8a3461d922a2e20170a1194) Importer(2089858483,b0f066a214c2f5e87bad3c948f4d605d) 
[Worker0] (ScriptedImporter)
[Worker2]  -> (artifact id: '43b289edef75b8f6da63e3eabae715e3') in 0.0039504 seconds
[Worker0]  -> (artifact id: 'fd38cd64f46579d21d3528df5d2b8add') in 0.0038759 seconds
[Worker1] Start importing Packages/com.unity.2d.animation/Editor/Assets/EditorIcons/Dark/d_EditorUI.Filter.png using Guid(a8da56a2d332845258195016e4f58611) Importer(2089858483,b0f066a214c2f5e87bad3c948f4d605d) 
[Worker1] (ScriptedImporter)
[Worker3] Start importing Packages/com.unity.render-pipelines.universal/Editor/VFXGraph/Shaders/Templates/ParticlePlanarPrimitivesLit using Guid(2eda2aff451e93441b6b576a8db601a3) Importer(2089858483,b0f066a214c2f5e87bad3c948f4d605d) 
[Worker3] (ScriptedImporter)
[Worker3]  -> (artifact id: '1f4fa7610107104d70b8890b5ef3715f') in 0.0029075 seconds
[Worker1]  -> (artifact id: '4e56e182510227f97d264283970325ca') in 0.0134837 seconds
[Worker2] Start importing Packages/com.unity.2d.animation/Editor/Assets/EditorIcons/Dark/d_Parent_Bone@3x.png using Guid(ebda3a880d7c2f14999e6ef07ebbd37d) Importer(2089858483,b0f066a214c2f5e87bad3c948f4d605d) 
[Worker2] (ScriptedImporter)
[Worker0] Start importing Packages/com.unity.2d.sprite/Editor/ObjectMenuCreation/DefaultAssets/Textures/Capsule.png using Guid(bd3cb4af8406d4436a2ae8c2aafe1f8d) Importer(2089858483,b0f066a214c2f5e87bad3c948f4d605d) 
[Worker0] (ScriptedImporter)
[Worker2]  -> (artifact id: 'bec46f4483508cb90ba1effebcb2d5ca') in 0.0097553 seconds
[Worker0]  -> (artifact id: 'b8da13bb96de30efe20a03e2181f830b') in 0.0099547 seconds
[Worker3] Start importing Assets/EmeraldBunny/Generated/Materials/bow_left.mat using Guid(e65d06e8d1ada214691eac236e8deb4f) Importer(2089858483,b0f066a214c2f5e87bad3c948f4d605d) 
[Worker3] (ScriptedImporter)
[Worker1] Start importing Packages/com.unity.2d.animation/Editor/Assets/EditorIcons/Selected/Split Bones.png using Guid(f723a6284838af1429bbb544ecf4015d) Importer(2089858483,b0f066a214c2f5e87bad3c948f4d605d) 
[Worker1] (ScriptedImporter)
[Worker3]  -> (artifact id: '79f7133d71ea7880ff29af75ef6c9af3') in 0.0130412 seconds
[Worker1]  -> (artifact id: '64832b14d642cf9138581b36059fe02d') in 0.0087985 seconds
[Worker2] Start importing Packages/com.unity.render-pipelines.core/Editor/LookDev using Guid(2d4bb8a5c15072e4baaabe7e161d42b6) Importer(2089858483,b0f066a214c2f5e87bad3c948f4d605d) 
[Worker2] (ScriptedImporter)
[Worker2]  -> (artifact id: 'c1361915a21a5fcae17fe4351dfa4021') in 0.0039033 seconds
[Worker0] Start importing Packages/com.unity.2d.sprite/Editor/SpriteEditor/SpriteEditorHintPopup using Guid(227c337d32ff4443ac4376322977be21) Importer(2089858483,b0f066a214c2f5e87bad3c948f4d605d) 
[Worker0] (ScriptedImporter)
[Worker0]  -> (artifact id: '24fb8c7b2119eb9249121c004196ed5b') in 0.0033612 seconds
[Worker3] Start importing Packages/com.unity.collections/Unity.Collections.PerformanceTests.Internal using Guid(ee3c6001d6f4bbf409631328fb4cd463) Importer(2089858483,b0f066a214c2f5e87bad3c948f4d605d) 
[Worker3] (ScriptedImporter)
[Worker1] Start importing Assets/EmeraldBunny/Generated/Meshes/fingerR_thumb.asset using Guid(1b2a95809af66f948b57cc7a5c65593e) Importer(2089858483,b0f066a214c2f5e87bad3c948f4d605d) 
[Worker3]  -> (artifact id: 'ad90214dadba440da0c9e5d82c398ca9') in 0.003589 seconds
[Worker1] (ScriptedImporter)
[Worker1]  -> (artifact id: 'a54a13fe73f57b2d54c8136b1d26369a') in 0.0053436 seconds
[Worker2] Start importing Assets/EmeraldBunny/Generated/Meshes/hair_gem.asset using Guid(a439d4a8f3397bf45b4882a199016655) Importer(2089858483,b0f066a214c2f5e87bad3c948f4d605d) 
[Worker2] (ScriptedImporter)
[Worker0] Start importing Packages/com.unity.render-pipelines.universal/Runtime/VFXGraph/Utility using Guid(cebf9c6bb6e199e4db858b1ca6525e5d) Importer(2089858483,b0f066a214c2f5e87bad3c948f4d605d) 
[Worker2]  -> (artifact id: 'c8a02195eccc4f774d44f667e0a4d39c') in 0.0057699 seconds
[Worker0] (ScriptedImporter)
[Worker0]  -> (artifact id: '3c302e49ce993df0d710fe2c2eb71dab') in 0.0040961 seconds
[Worker3] Start importing Packages/com.unity.2d.animation/Editor/Assets/ComponentIcons/Animation.SpriteLibrary@32.png using Guid(5c6d7a5595d5b4713980d6a92eb6fced) Importer(2089858483,b0f066a214c2f5e87bad3c948f4d605d) 
[Worker3] (ScriptedImporter)
[Worker1] Start importing Packages/com.unity.inputsystem/InputSystem/Editor/Internal using Guid(8377f8bca2884d3ba3dd053d9b5d06f7) Importer(2089858483,b0f066a214c2f5e87bad3c948f4d605d) 
[Worker1] (ScriptedImporter)
[Worker3]  -> (artifact id: '21aa1404cd01e9d8bf88303b1de7f211') in 0.0095498 seconds
[Worker1]  -> (artifact id: '134897bc733a15644240942dff74f0ee') in 0.0035534 seconds
[Worker2] Start importing Packages/com.unity.2d.sprite/Editor/ObjectMenuCreation/DefaultAssets using Guid(5cebb8a885d4e4a6992c4fcd598b67c8) Importer(2089858483,b0f066a214c2f5e87bad3c948f4d605d) 
[Worker2] (ScriptedImporter)
[Worker2]  -> (artifact id: '6c676331dfa31d1ca7b182a5a0147e92') in 0.0038223 seconds
[Worker0] Start importing Packages/com.unity.render-pipelines.core/Tests using Guid(6c67acbbc1ebd5a479b3bef04c939d02) Importer(2089858483,b0f066a214c2f5e87bad3c948f4d605d) 
[Worker0] (ScriptedImporter)
[Worker0]  -> (artifact id: '5f88086581a9bed2192059546aa61878') in 0.0038808 seconds
[Worker3] Start importing Packages/com.unity.render-pipelines.universal/Editor/Volume using Guid(a8fcc623db3029743a32fbab14c8dcbf) Importer(2089858483,b0f066a214c2f5e87bad3c948f4d605d) 
[Worker3] (ScriptedImporter)
[Worker1] Start importing Packages/com.unity.2d.animation/Editor/SkinningModule/Undo using Guid(6b2a04ba0c02e4442bbf785060fc2c01) Importer(2089858483,b0f066a214c2f5e87bad3c948f4d605d) 
[Worker1] (ScriptedImporter)
[Worker3]  -> (artifact id: '36c2c8c5a5f1ab43beedab3274df8360') in 0.0035064 seconds
[Worker2] Start importing Packages/com.unity.2d.animation/Editor/Assets/EditorIcons/Selected/SetPivot16.png using Guid(a2e0c70949436438eb2f97e6849191b8) Importer(2089858483,b0f066a214c2f5e87bad3c948f4d605d) 
[Worker2] (ScriptedImporter)
[Worker1]  -> (artifact id: '03328b283a03272fbad93d5f2c976f37') in 0.0031406 seconds
[Worker0] Start importing Packages/com.unity.2d.common/Path/Editor/Handles/TangentLinear.png using Guid(70769958773904c02bc91efe3db06047) Importer(2089858483,b0f066a214c2f5e87bad3c948f4d605d) 
[Worker0] (ScriptedImporter)
[Worker2]  -> (artifact id: 'a6cd428c920eac4bab59861e143a4c2f') in 0.01126 seconds
[Worker0]  -> (artifact id: 'b595721f9957d644dc5caba05947a0e4') in 0.0118456 seconds
[Worker1] Start importing Packages/com.unity.render-pipelines.universal/Editor/2D/ShaderGraph using Guid(53926c186e474a85a679dafcc7f45d40) Importer(2089858483,b0f066a214c2f5e87bad3c948f4d605d) 
[Worker1] (ScriptedImporter)
[Worker3] Start importing Packages/com.unity.inputsystem/InputSystem/State using Guid(a6724a4cbf5d47a2b01ca5fe41036ddd) Importer(2089858483,b0f066a214c2f5e87bad3c948f4d605d) 
[Worker3] (ScriptedImporter)
[Worker3]  -> (artifact id: 'f6249157b9dfae2374db39101e3eaa86') in 0.0031431 seconds
[Worker1]  -> (artifact id: 'db54e3b64d563f6105a57da58e915f4d') in 0.0044005 seconds
[Worker2] Start importing Packages/com.unity.2d.animation/Editor/Assets/EditorIcons/Light/Visibility_Hidded.png using Guid(a20f7223e2252fc4d813fc92d0f3a614) Importer(2089858483,b0f066a214c2f5e87bad3c948f4d605d) 
[Worker2] (ScriptedImporter)
[Worker0] Start importing Packages/com.unity.shadergraph/Editor/Data/Nodes/Artistic/Utility using Guid(32bf6e8fcb46ec24a9db465ddec10a34) Importer(2089858483,b0f066a214c2f5e87bad3c948f4d605d) 
[Worker0] (ScriptedImporter)
[Worker1] Start importing Packages/com.unity.2d.animation/Editor/Assets/EditorIcons/Light/Create_Edge@3x.png using Guid(0da63bf69e254aa4a83c345c3de497c8) Importer(2089858483,b0f066a214c2f5e87bad3c948f4d605d) 
[Worker1] (ScriptedImporter)
[Worker3] Start importing Packages/com.unity.render-pipelines.universal/Editor/ShaderGraph/AssetCallbacks using Guid(eea3e26ee6aecd14d8ab3f9b20ccc5d5) Importer(2089858483,b0f066a214c2f5e87bad3c948f4d605d) 
[Worker3] (ScriptedImporter)
[Worker0]  -> (artifact id: '502df7eba2fb19d566ad3a443a196b34') in 0.0038772 seconds
[Worker3]  -> (artifact id: '50ad1accbb7093c97ce7963d1c3d7ae7') in 0.0039985 seconds
[Worker2]  -> (artifact id: '3ecbf24ea2835cb165681acc003f1274') in 0.0104547 seconds
[Worker1]  -> (artifact id: '2e01653ac753804fcfabbfa264e794cd') in 0.0104182 seconds
[Worker0] Start importing Packages/com.unity.2d.animation/Editor/Assets/ComponentIcons/d_Animation.SpriteLibraryVar@256.png using Guid(cc7d2cf7748504544a90f45ddac4dc80) Importer(2089858483,b0f066a214c2f5e87bad3c948f4d605d) 
[Worker0] (ScriptedImporter)
[Worker3] Start importing Packages/com.unity.2d.animation/Editor/Assets/EditorIcons/Dark/d_Bone.png using Guid(fc2eaf4b0441b7645960252182c27446) Importer(2089858483,b0f066a214c2f5e87bad3c948f4d605d) 
[Worker3] (ScriptedImporter)
[Worker2] Start importing Packages/com.unity.shadergraph/Editor/Generation/Targets/BuiltIn/Editor/ShaderGraph/Templates using Guid(e9e01eb1ed43ca346a8389fc15adb62d) Importer(2089858483,b0f066a214c2f5e87bad3c948f4d605d) 
[Worker2] (ScriptedImporter)
[Worker0]  -> (artifact id: '4a6ca01b1b29f4e4f08ee8219c429949') in 0.0093357 seconds
[Worker1] Start importing Assets/EmeraldBunny/Generated/Materials/spread_front_toe_3.mat using Guid(4f7a720544cb7fa43b9e879f5095f1c9) Importer(2089858483,b0f066a214c2f5e87bad3c948f4d605d) 
[Worker1] (ScriptedImporter)
[Worker2]  -> (artifact id: 'e754e86143c865ae96605076ef3ee9f7') in 0.0030197 seconds
[Worker3]  -> (artifact id: 'cd1ceeb79efe7aeecbde07344170bdd7') in 0.0108286 seconds
[Worker1]  -> (artifact id: '4633640d9b18984c93ae240c2df74ca4') in 0.0164453 seconds
[Worker2] Start importing Packages/com.unity.render-pipelines.core/Editor/Lighting/ProbeVolume/RenderingLayerMask using Guid(6043c984fc486f646b6686af5208025b) Importer(2089858483,b0f066a214c2f5e87bad3c948f4d605d) 
[Worker2] (ScriptedImporter)
[Worker2]  -> (artifact id: '7ec44d99c0c2c35aff78e34d02153cc3') in 0.0043264 seconds
[Worker3] Start importing Packages/com.unity.render-pipelines.core/Editor/Lighting/Icons using Guid(77235ff89f4625d44ac5ad118d1913fa) Importer(2089858483,b0f066a214c2f5e87bad3c948f4d605d) 
[Worker0] Start importing Packages/com.unity.2d.animation/Editor/Assets/SpriteLibraryEditor/SpriteLibraryEditorWindow.uss using Guid(685c184ded89b4284a0869dc09590e85) Importer(2089858483,b0f066a214c2f5e87bad3c948f4d605d) 
[Worker3] (ScriptedImporter)
[Worker0] (ScriptedImporter)
[Worker3]  -> (artifact id: '30c450eb728fd7468eb035fd277abe2a') in 0.0036295 seconds
[Worker1] Start importing Packages/com.unity.ugui using Guid(ba45605b4ba0a2d742430311e4b195c0) Importer(2089858483,b0f066a214c2f5e87bad3c948f4d605d) 
[Worker1] (ScriptedImporter)
[Worker1]  -> (artifact id: '285eb117854f347bc6375ed3cb1c6466') in 0.0037811 seconds
[Worker2] Start importing Packages/com.unity.2d.animation/Editor/Assets/ComponentIcons/d_Animation.SpriteSkin@32.png using Guid(49e6e07d70170412982a1e51c6c6d4de) Importer(2089858483,b0f066a214c2f5e87bad3c948f4d605d) 
[Worker2] (ScriptedImporter)
[Worker0]  -> (artifact id: 'e4143dd77a6a18b078fbda30f79279f7') in 0.0292986 seconds
[Worker3] Start importing Packages/com.unity.inputsystem/InputSystem/Plugins/OSX using Guid(ea65eddf43398654fa32b724723c71a4) Importer(2089858483,b0f066a214c2f5e87bad3c948f4d605d) 
[Worker3] (ScriptedImporter)
[Worker2]  -> (artifact id: '6eceab146a13f4f28401317817ebd1c0') in 0.0107647 seconds
[Worker3]  -> (artifact id: '1bde675d1c1cd5e09d40dd2aab7f79a7') in 0.0047968 seconds
[Worker1] Start importing Packages/com.unity.render-pipelines.universal/Editor/2D/Resources/SceneViewIcons using Guid(e5f7648dfb00c83428a633efe7759b19) Importer(2089858483,b0f066a214c2f5e87bad3c948f4d605d) 
[Worker1] (ScriptedImporter)
[Worker1]  -> (artifact id: 'a929850332f38903af10c733b3fec1f1') in 0.0048013 seconds
[Worker0] Start importing Packages/com.unity.render-pipelines.universal/Shaders/AutodeskInteractive using Guid(ffac7c69f2faf9345b5b32ae0580e2e9) Importer(2089858483,b0f066a214c2f5e87bad3c948f4d605d) 
[Worker0] (ScriptedImporter)
[Worker0]  -> (artifact id: '6298cd29d892e22eba408f6568236a77') in 0.0035468 seconds
[Worker2] Start importing Packages/com.unity.shadergraph/Editor/Generation/Targets/BuiltIn/Editor/ShaderGraph/Targets using Guid(6d8d9b2bfb6f27b478e969b90661882b) Importer(2089858483,b0f066a214c2f5e87bad3c948f4d605d) 
[Worker2] (ScriptedImporter)
[Worker3] Start importing Packages/com.unity.ugui/Runtime/UGUI/UI/Core/Layout using Guid(1999349e7f492c947bb6eb70f624382e) Importer(2089858483,b0f066a214c2f5e87bad3c948f4d605d) 
[Worker3] (ScriptedImporter)
[Worker2]  -> (artifact id: '4b0997120d9f05050cad0828c36c5f86') in 0.004536 seconds
[Worker3]  -> (artifact id: '354e6cd9623459d01ca78495e8705a4d') in 0.0033023 seconds
[Worker1] Start importing Packages/com.unity.shadergraph/Editor/Data/Nodes using Guid(0082d52fe349b94449238a3d0db01df0) Importer(2089858483,b0f066a214c2f5e87bad3c948f4d605d) 
[Worker1] (ScriptedImporter)
[Worker1]  -> (artifact id: '5707646424a603c8f355ea987d335462') in 0.0034814 seconds
[Worker0] Start importing Packages/com.unity.2d.animation/Editor/Assets/EditorIcons/Dark/d_Edit_Geometry@2x.png using Guid(2d2e8c77fdf4f364c83224444f65fb4d) Importer(2089858483,b0f066a214c2f5e87bad3c948f4d605d) 
[Worker0] (ScriptedImporter)
[Worker2] Start importing Packages/com.unity.2d.animation/Editor/Assets/ComponentIcons/Animation.IKFabrik@256.png using Guid(8be64ad32582748f1965311ca0665f30) Importer(2089858483,b0f066a214c2f5e87bad3c948f4d605d) 
[Worker2] (ScriptedImporter)
[Worker3] Start importing Packages/com.unity.render-pipelines.core/Runtime/UnifiedRayTracing using Guid(5a08d29969661ca449888ba98a48f214) Importer(2089858483,b0f066a214c2f5e87bad3c948f4d605d) 
[Worker3] (ScriptedImporter)
[Worker3]  -> (artifact id: '00b2746d8655fa3528fa58339447bbd9') in 0.004189 seconds
[Worker0]  -> (artifact id: '247e244c6681ba8bc2e06300a5ab2c85') in 0.0118722 seconds
[Worker2]  -> (artifact id: '6ff0078bb878bcafdd314ca9cb404907') in 0.0124002 seconds
[Worker1] Start importing Packages/com.unity.shadergraph/Editor/Drawing/Interfaces using Guid(58ecb05b886e4306918caed5d3178020) Importer(2089858483,b0f066a214c2f5e87bad3c948f4d605d) 
[Worker1] (ScriptedImporter)
[Worker1]  -> (artifact id: '8848cbdbf402d7c216ef3ae4adebadd2') in 0.0029577 seconds
[Worker0] Start importing Packages/com.unity.2d.animation/Editor/Assets/EditorIcons/Light/Visibility_Tool@2x.png using Guid(45c995b76b893fd4b9e8d3e0f9f6463b) Importer(2089858483,b0f066a214c2f5e87bad3c948f4d605d) 
[Worker0] (ScriptedImporter)
[Worker3] Start importing Packages/com.unity.mathematics/Tests/Tests using Guid(bccfda2dc5ad3b84eb3a644147ea0010) Importer(2089858483,b0f066a214c2f5e87bad3c948f4d605d) 
[Worker3] (ScriptedImporter)
[Worker2] Start importing Assets/Editor/Resonance.Editor.asmdef using Guid(559d0beea02b4284b8f2f7b2b5258a5a) Importer(2089858483,b0f066a214c2f5e87bad3c948f4d605d) 
[Worker2] (ScriptedImporter)
[Worker3]  -> (artifact id: 'f2ca283aff022deae25d7853d68c425b') in 0.0036012 seconds
[Worker0]  -> (artifact id: 'e2fe8fc8025db68243fb41d99216eebc') in 0.0100999 seconds
[Worker2]  -> (artifact id: 'efe22d30bf8287ec47f1812054933aef') in 0.0036959 seconds
[Worker1] Start importing Packages/com.unity.render-pipelines.universal/Editor/VFXGraph/Shaders/Templates/ParticleMeshes using Guid(e3f2e22f0a32625498c3494d01930342) Importer(2089858483,b0f066a214c2f5e87bad3c948f4d605d) 
[Worker1] (ScriptedImporter)
[Worker1]  -> (artifact id: '34ba11df8f2f7ef44436f68df61db222') in 0.0037698 seconds
[Worker3] Start importing Packages/com.unity.2d.animation/Editor/Assets/EditorIcons/Selected/Edit_Geometry.png using Guid(b668cd73b0ac4ba4db9f21a167c80e6b) Importer(2089858483,b0f066a214c2f5e87bad3c948f4d605d) 
[Worker3] (ScriptedImporter)
[Worker2] Start importing Packages/com.unity.shadergraph/Tests using Guid(b67edcfd84add6e4a97f27f155b61a7b) Importer(2089858483,b0f066a214c2f5e87bad3c948f4d605d) 
[Worker2] (ScriptedImporter)
[Worker0] Start importing Packages/com.unity.ugui/Editor Resources/Shaders using Guid(2da27f5fe80a3a549ac7331d9f52f5f0) Importer(2089858483,b0f066a214c2f5e87bad3c948f4d605d) 
[Worker0] (ScriptedImporter)
[Worker2]  -> (artifact id: '0e0cf2cfd4751a2f7dd703dff0edc7a8') in 0.0035805 seconds
[Worker0]  -> (artifact id: '3f543920115d4230d6e9ffa0fccd5f79') in 0.0033355 seconds
[Worker3]  -> (artifact id: '0af61ea760ac175d85a4be0d1167c827') in 0.0091926 seconds
[Worker1] Start importing Packages/com.unity.2d.animation/Editor/Assets/ComponentIcons/Animation.SpriteLibraryManager@32.png using Guid(3b9a6aa9cd66c475ea8cba88e186779f) Importer(2089858483,b0f066a214c2f5e87bad3c948f4d605d) 
[Worker1] (ScriptedImporter)
[Worker1]  -> (artifact id: '01c2b626eadd05528b4b765c1cf6269a') in 0.0099196 seconds
[Worker3] Start importing Packages/com.unity.2d.animation/Editor/Assets/EditorIcons/Dark/d_Weight_Brush.png using Guid(e41886f7c5271c74f9adbf719cbd3e67) Importer(2089858483,b0f066a214c2f5e87bad3c948f4d605d) 
[Worker3] (ScriptedImporter)
[Worker0] Start importing Packages/com.unity.collections/Unity.Collections.Tests.Playmode using Guid(1bc474d6c48563e48bf377774df23cb1) Importer(2089858483,b0f066a214c2f5e87bad3c948f4d605d) 
[Worker0] (ScriptedImporter)
[Worker2] Start importing Packages/com.unity.2d.animation/Editor/Assets/EditorIcons/Light/Create_Edge.png using Guid(1af9d2e44ecf3a2468601c9071df581f) Importer(2089858483,b0f066a214c2f5e87bad3c948f4d605d) 
[Worker2] (ScriptedImporter)
[Worker0]  -> (artifact id: '8fa1984881491f9d53089b0d60fd9090') in 0.003377 seconds
[Worker3]  -> (artifact id: '59d21823284f33f8cd4be3f1f307448c') in 0.008068 seconds
[Worker2]  -> (artifact id: '274573565928890e6f00019044c46685') in 0.0104311 seconds
[Worker1] Start importing Packages/com.unity.render-pipelines.core/Editor/Icons/Processed using Guid(27236dbe91cb3d644991bb5702250e9d) Importer(2089858483,b0f066a214c2f5e87bad3c948f4d605d) 
[Worker1] (ScriptedImporter)
[Worker1]  -> (artifact id: '54cfe4c2da6a4eb6ea92c612d9d74f7a') in 0.0035004 seconds
[Worker0] Start importing Packages/com.unity.inputsystem/InputSystem/Editor/ControlPicker/Layouts using Guid(5b630b769a2a8aa499ce2d2093f40500) Importer(2089858483,b0f066a214c2f5e87bad3c948f4d605d) 
[Worker0] (ScriptedImporter)
[Worker0]  -> (artifact id: '7dc1473798bb60dc0a527d895aad38ed') in 0.0034934 seconds
[Worker3] Start importing Assets/EmeraldBunny/Generated/Materials/leg_rear_calf_lower_front.mat using Guid(e0f751c50cd203244bb03a2b4f19afd8) Importer(2089858483,b0f066a214c2f5e87bad3c948f4d605d) 
[Worker3] (ScriptedImporter)
[Worker2] Start importing Packages/com.unity.2d.animation/Editor/Assets/EditorIcons/Light/Create_Vertex@4x.png using Guid(e6a6624ab013b8e44beddfa2668afb65) Importer(2089858483,b0f066a214c2f5e87bad3c948f4d605d) 
[Worker2] (ScriptedImporter)
[Worker3]  -> (artifact id: '9c033e2b5ad51d8abdf66161e4394925') in 0.0077255 seconds
[Worker1] Start importing Assets/EmeraldBunny/Art/collar_right.png using Guid(729f5400de63b064fa66bfe328fd79a5) Importer(2089858483,b0f066a214c2f5e87bad3c948f4d605d) 
[Worker1] (ScriptedImporter)
[Worker2]  -> (artifact id: 'ece9ec11b1286e938ec122d7b812cce5') in 0.0102692 seconds
[Worker1]  -> (artifact id: '50bfe38dfc4f115160a4859f3dbc0fae') in 0.0096107 seconds
[Worker0] Start importing Packages/com.unity.2d.animation/Editor/Assets/EditorIcons/Selected/Sprite_Mode@4x.png using Guid(2223b0a570b66ee42b3e0a79f0789b2a) Importer(2089858483,b0f066a214c2f5e87bad3c948f4d605d) 
[Worker0] (ScriptedImporter)
[Worker0]  -> (artifact id: 'a162d98a219e7c73dc891f864ff8e91c') in 0.0095656 seconds
[Worker3] Start importing Assets/EmeraldBunny/Generated/Meshes/leg_rear_calf.asset using Guid(423b034a9c356674ba8c1ecd49f8312c) Importer(2089858483,b0f066a214c2f5e87bad3c948f4d605d) 
[Worker3] (ScriptedImporter)
[Worker2] Start importing Assets/EmeraldBunny/Generated/Meshes/repair_knee.asset using Guid(ddf94979ba43d5d48bca6e0f5090bc00) Importer(2089858483,b0f066a214c2f5e87bad3c948f4d605d) 
[Worker2] (ScriptedImporter)
[Worker3]  -> (artifact id: '10163a2a634f75094c8cb4194e54e7c9') in 0.0048928 seconds
[Worker2]  -> (artifact id: '6dd963ec2dc175d295827482fdef9d94') in 0.0053426 seconds
[Worker1] Start importing Packages/com.unity.2d.animation/Editor/Assets/EditorIcons/Light/Copy.png using Guid(42f4b048501996743958df91513f824a) Importer(2089858483,b0f066a214c2f5e87bad3c948f4d605d) 
[Worker1] (ScriptedImporter)
[Worker1]  -> (artifact id: '26dc992eccfc3c90d5a56429da28a49f') in 0.0116566 seconds
[Worker0] Start importing Packages/com.unity.render-pipelines.core/Editor/CustomRenderTexture using Guid(f5415ef8821c020469ee7e810da8b3ff) Importer(2089858483,b0f066a214c2f5e87bad3c948f4d605d) 
[Worker0] (ScriptedImporter)
[Worker3] Start importing Assets/Scripts/Resonance.Battle/Loop using Guid(c0b1e005555555555555555555555555) Importer(2089858483,b0f066a214c2f5e87bad3c948f4d605d) 
[Worker0]  -> (artifact id: 'b42e0718567c46d05c5ded9fe7462051') in 0.0040831 seconds
[Worker3] (ScriptedImporter)
[Worker3]  -> (artifact id: 'f550e706565bfc8c028711c17e150c48') in 0.0036067 seconds
[Worker2] Start importing Packages/com.unity.2d.sprite/Editor/Unity.2D.Sprite.Editor.asmdef using Guid(2c573e6b271651846a79655161004c5b) Importer(2089858483,b0f066a214c2f5e87bad3c948f4d605d) 
[Worker2] (ScriptedImporter)
[Worker2]  -> (artifact id: '6152d2680d0c7a1dea92843de111ff57') in 0.0048773 seconds
[Worker1] Start importing Assets/EmeraldBunny/Generated/Materials/leg_rear_knee_lower_front.mat using Guid(05435cefed658014ca8b126246bd471b) Importer(2089858483,b0f066a214c2f5e87bad3c948f4d605d) 
[Worker1] (ScriptedImporter)
[Worker0] Start importing Packages/com.unity.inputsystem/InputSystem/Plugins/WebGL using Guid(d4077c3b095df48b798c97c694ffd684) Importer(2089858483,b0f066a214c2f5e87bad3c948f4d605d) 
[Worker0] (ScriptedImporter)
[Worker1]  -> (artifact id: 'fb3009b2d119afd3979d01a030edd352') in 0.0066012 seconds
[Worker0]  -> (artifact id: '2fc166831fa9b693983297d8e3d79e1d') in 0.0024599 seconds
[Worker3] Start importing Assets/EmeraldBunny/Generated/Meshes/toeAir3_lower_front.asset using Guid(ef50c195d4829a0409c1c05c560e0543) Importer(2089858483,b0f066a214c2f5e87bad3c948f4d605d) 
[Worker3] (ScriptedImporter)
[Worker3]  -> (artifact id: '010597f858c9215d896038172eed4620') in 0.0046731 seconds
[Worker2] Start importing Packages/com.unity.2d.animation/Editor/UpgradeTools using Guid(037dc1cf59b774877ba48a4a5caeb03c) Importer(2089858483,b0f066a214c2f5e87bad3c948f4d605d) 
[Worker2] (ScriptedImporter)
[Worker2]  -> (artifact id: 'db0c962cb145c68a2b6476ae934bdc7a') in 0.0027567 seconds
[Worker0] Start importing Assets/EmeraldBunny/Generated/Meshes/foot_air_lower_fixed.asset using Guid(4405f4476090cf04b989f51ac92f2069) Importer(2089858483,b0f066a214c2f5e87bad3c948f4d605d) 
[Worker0] (ScriptedImporter)
[Worker0]  -> (artifact id: '05e7f2d1f2bc2a3d904084d36640be24') in 0.0043661 seconds
[Worker1] Start importing Packages/com.unity.2d.animation/Editor/Assets/ComponentIcons/Animation.IKLimb@128.png using Guid(8f03a52015a57491094416b25e8e9c18) Importer(2089858483,b0f066a214c2f5e87bad3c948f4d605d) 
[Worker1] (ScriptedImporter)
[Worker3] Start importing Packages/com.unity.2d.animation/Editor/Assets/EditorIcons/Dark/d_Mesh@3x.png using Guid(7a1683154a74c9d4e9f993bd6c54f947) Importer(2089858483,b0f066a214c2f5e87bad3c948f4d605d) 
[Worker3] (ScriptedImporter)
[Worker1]  -> (artifact id: 'a89075f7450494fe7ee85243d8e3cf20') in 0.0099065 seconds
[Worker2] Start importing Packages/com.unity.2d.animation/Editor/Assets/EditorIcons/Light/Visibility_Hidded@2x.png using Guid(f3940f64802892746b2ec336d3b0c5f4) Importer(2089858483,b0f066a214c2f5e87bad3c948f4d605d) 
[Worker2] (ScriptedImporter)
[Worker2]  -> (artifact id: '3fdd6dc2a511ae76b3a7eedd3c9061a4') in 0.010949 seconds
[Worker0] Start importing Assets/EmeraldBunny/Generated/Materials/chair_base_lower_fixed.mat using Guid(00f46ba7ba52acc499264fdc5428a4d2) Importer(2089858483,b0f066a214c2f5e87bad3c948f4d605d) 
[Worker0] (ScriptedImporter)
[Worker3]  -> (artifact id: 'bb33746f4f78be29498638167b10ab6c') in 0.0206512 seconds
[Worker0]  -> (artifact id: '79aedfcab7495ddc3b3d7666ec0ff7d4') in 0.0065817 seconds
[Worker1] Start importing Packages/com.unity.2d.animation/Editor/Assets/EditorIcons/Dark/d_SetPivot256.png using Guid(a3de9d1408f25449bb288eebcebfb832) Importer(2089858483,b0f066a214c2f5e87bad3c948f4d605d) 
[Worker1] (ScriptedImporter)
[Worker1]  -> (artifact id: '74c498cf34271db417bc60f78e0a3857') in 0.0072635 seconds
[Worker2] Start importing Packages/com.unity.searcher/Editor using Guid(03d97a496f60a574f8955a1258f8f956) Importer(2089858483,b0f066a214c2f5e87bad3c948f4d605d) 
[Worker2] (ScriptedImporter)
[Worker2]  -> (artifact id: '874370e128851e1ed4bd5597de4794f7') in 0.0028156 seconds
[Worker0] Start importing Packages/com.unity.ugui/Tests/Runtime using Guid(c545241cf2e56ec4997d7677f01ef43d) Importer(2089858483,b0f066a214c2f5e87bad3c948f4d605d) 
[Worker0] (ScriptedImporter)
[Worker3] Start importing Packages/com.unity.2d.animation/Editor/Assets/EditorIcons/Dark/d_Mesh@2x.png using Guid(fc8dcc4a15d828e4686470389805489c) Importer(2089858483,b0f066a214c2f5e87bad3c948f4d605d) 
[Worker3] (ScriptedImporter)
[Worker0]  -> (artifact id: '61a96aa2d19dedfa4e44ebd149a1fc77') in 0.0029186 seconds
[Worker1] Start importing Packages/com.unity.2d.animation/Editor/Assets/SkinningModule/InfluenceWindowStyle.uss using Guid(72c98894fc0953a4486e96fa2cff6f8d) Importer(2089858483,b0f066a214c2f5e87bad3c948f4d605d) 
[Worker1] (ScriptedImporter)
[Worker1]  -> (artifact id: 'bf9ff0fe55d003e1331fbeb4ca563687') in 0.0074841 seconds
[Worker3]  -> (artifact id: '447c623d48053d85375fc771ba81f732') in 0.0115473 seconds
[Worker2] Start importing Packages/com.unity.ugui/Runtime/UGUI/UI/Animation using Guid(5472815444de2ce45bf2053a4af04b9d) Importer(2089858483,b0f066a214c2f5e87bad3c948f4d605d) 
[Worker2] (ScriptedImporter)
[Worker2]  -> (artifact id: '79b6c41a0e5b1e5ac70bbe36f2368c78') in 0.0028882 seconds
[Worker0] Start importing Packages/com.unity.2d.animation/Editor/Assets/EditorIcons/Selected/Sprite_Mode@3x.png using Guid(ea833d779996e3244b3b567764be9cf0) Importer(2089858483,b0f066a214c2f5e87bad3c948f4d605d) 
[Worker0] (ScriptedImporter)
[Worker1] Start importing Assets/EmeraldBunny/Art/chair_front_lower_front.png using Guid(42a41d8b2c9ae9f468ea0dfe16426967) Importer(2089858483,b0f066a214c2f5e87bad3c948f4d605d) 
[Worker1] (ScriptedImporter)
[Worker0]  -> (artifact id: '6de48029075e22e28c72502b4549058c') in 0.0131706 seconds
[Worker1]  -> (artifact id: '3f2df9608d93f32bdd8b208e4ccc07b2') in 0.0102302 seconds
[Worker3] Start importing Packages/com.unity.2d.animation/Editor/Assets/EditorIcons/Selected/Bone_Influence.png using Guid(ff00345da0563d641903c5bd5bb748a4) Importer(2089858483,b0f066a214c2f5e87bad3c948f4d605d) 
[Worker3] (ScriptedImporter)
[Worker2] Start importing Packages/com.unity.2d.animation/Editor/Assets/SpriteLibraryEditor/GridView.uss using Guid(8f78074488a7540c1892cee9c9b90549) Importer(2089858483,b0f066a214c2f5e87bad3c948f4d605d) 
[Worker2] (ScriptedImporter)
[Worker3]  -> (artifact id: '9f52f546f4d7caa8b7d36eaa213760c9') in 0.0093009 seconds
[Worker0] Start importing Packages/com.unity.2d.animation/Editor/SkinningModule/MeshPreviewTool using Guid(9aa898c2e4f1cbc4ba5d122fc7b47317) Importer(2089858483,b0f066a214c2f5e87bad3c948f4d605d) 
[Worker0] (ScriptedImporter)
[Worker0]  -> (artifact id: '864461560d077862b3ad19f4b227fdac') in 0.003251 seconds
[Worker1] Start importing Packages/com.unity.ugui/Runtime/UGUI/EventSystem/InputModules using Guid(8e78f8a8575e4a04f8337a54e241cdc5) Importer(2089858483,b0f066a214c2f5e87bad3c948f4d605d) 
[Worker1] (ScriptedImporter)
[Worker1]  -> (artifact id: 'c32bf4ab8aa927fc8e1753d6cea4446c') in 0.0029743 seconds
[Worker2]  -> (artifact id: 'ef0b30ecc99be2ba7b0c0f4d03ffb615') in 0.025135 seconds
[Worker3] Start importing Packages/com.unity.ugui/Tests/Editor/UGUI/Text using Guid(4f9ac6e545d53f94b9f09c85b9576f36) Importer(2089858483,b0f066a214c2f5e87bad3c948f4d605d) 
[Worker3] (ScriptedImporter)
[Worker3]  -> (artifact id: 'cfd799852b4492f8a8d6eee86ff7297f') in 0.002735 seconds
[Worker0] Start importing Assets/Scripts/Resonance.Battle using Guid(d57f808152a5aa94cbb932ab2209388b) Importer(2089858483,b0f066a214c2f5e87bad3c948f4d605d) 
[Worker0] (ScriptedImporter)
[Worker0]  -> (artifact id: 'c9c15125e124d584e7f87d20f5afb4e8') in 0.0042541 seconds
[Worker1] Start importing Packages/com.unity.2d.animation/Editor/Assets/EditorIcons/Dark/d_Weight_Slider@2x.png using Guid(b2aca1e4f59dad54785b6ffded66224a) Importer(2089858483,b0f066a214c2f5e87bad3c948f4d605d) 
[Worker1] (ScriptedImporter)
[Worker2] Start importing Packages/com.unity.modules.jsonserialize using Guid(fc3a810351931f5e6183e16b9beb5563) Importer(2089858483,b0f066a214c2f5e87bad3c948f4d605d) 
[Worker2] (ScriptedImporter)
[Worker2]  -> (artifact id: '72b829ad0255b199bb6e2470f416fe7d') in 0.0027743 seconds
[Worker1]  -> (artifact id: 'bfb8323e880efea44e46e6b8644b1b28') in 0.0102858 seconds
[Worker3] Start importing Assets/EmeraldBunny/Generated/Materials/repair_chair.mat using Guid(6043b41bdf167cf4fb8a489c08d7702b) Importer(2089858483,b0f066a214c2f5e87bad3c948f4d605d) 
[Worker3] (ScriptedImporter)
[Worker0] Start importing Assets/EmeraldBunny/Art/chair_leg_middle_lower_rear.png using Guid(c188dc591b89f2b4cbb5352ae2a1628a) Importer(2089858483,b0f066a214c2f5e87bad3c948f4d605d) 
[Worker0] (ScriptedImporter)
[Worker3]  -> (artifact id: 'd69f11ad87229753804bdf5bb749d990') in 0.0093248 seconds
[Worker0]  -> (artifact id: '0a8a12a8be45f604f670816de6c7eb10') in 0.0093871 seconds
[Worker2] Start importing Packages/com.unity.2d.animation/Editor/SpriteLib/SpriteLibraryEditor/UI/CustomElements using Guid(4741ec49ca1d5495b8ac277cc2b9df1a) Importer(2089858483,b0f066a214c2f5e87bad3c948f4d605d) 
[Worker2] (ScriptedImporter)
[Worker1] Start importing Assets/Scripts/Resonance.Battle/Content using Guid(c0b1e003333333333333333333333333) Importer(2089858483,b0f066a214c2f5e87bad3c948f4d605d) 
[Worker1] (ScriptedImporter)
[Worker1]  -> (artifact id: '3c588150c7a6b4326965746fe7287ea0') in 0.0028516 seconds
[Worker2]  -> (artifact id: '950a55d465e15752a018504737621555') in 0.0035965 seconds
[Worker3] Start importing Packages/com.unity.shadergraph/Editor/Data/Nodes/Math/Matrix using Guid(bfc8dbcaa9711c945b8fd983b819335d) Importer(2089858483,b0f066a214c2f5e87bad3c948f4d605d) 
[Worker0] Start importing Packages/com.unity.render-pipelines.core/Runtime/GPUDriven/Utilities using Guid(0d54b02a80b94d94a90b9de832436341) Importer(2089858483,b0f066a214c2f5e87bad3c948f4d605d) 
[Worker3] (ScriptedImporter)
[Worker0] (ScriptedImporter)
[Worker3]  -> (artifact id: '140740f88f8528225f08a09f8f174bba') in 0.0032792 seconds
[Worker0]  -> (artifact id: '09e7efd9bd3b9a0a135a0ae01b7be2bf') in 0.0037333 seconds
[Worker2] Start importing Assets/EmeraldBunny/Generated/Meshes/browR.asset using Guid(ab3eb9efa3c20754cb09417d937fa9c9) Importer(2089858483,b0f066a214c2f5e87bad3c948f4d605d) 
[Worker2] (ScriptedImporter)
[Worker1] Start importing Assets/Scripts/Resonance.Battle/Core/EffectCapability.cs using Guid(691d9a98e81cf1b4594bfd7654601f7a) Importer(2089858483,b0f066a214c2f5e87bad3c948f4d605d) 
[Worker1] (ScriptedImporter)
[Worker2]  -> (artifact id: '5538a797d234707bd43ace9a3b4a80e2') in 0.0044317 seconds
[Worker1]  -> (artifact id: '450a90fec276838849549c5d645af38d') in 0.0046205 seconds
[Worker0] Start importing Packages/com.unity.render-pipelines.core/Editor/ShaderStripping using Guid(61ff35fb502752843acbefd0946f06f6) Importer(2089858483,b0f066a214c2f5e87bad3c948f4d605d) 
[Worker3] Start importing Assets/EmeraldBunny/Generated/Materials/hand_left.mat using Guid(ab94f8440f0388948b06b8684b431732) Importer(2089858483,b0f066a214c2f5e87bad3c948f4d605d) 
[Worker0] (ScriptedImporter)
[Worker3] (ScriptedImporter)
[Worker2] Start importing Packages/com.unity.inputsystem/InputSystem/Plugins/PlayerInput using Guid(1cccd07fcea7f491793d4e7a5adc17a2) Importer(2089858483,b0f066a214c2f5e87bad3c948f4d605d) 
[Worker2] (ScriptedImporter)
[Worker0]  -> (artifact id: 'cd18c534ec1b782d96ba681422618af1') in 0.0036662 seconds
[Worker2]  -> (artifact id: '7c5d2679bd17c5e0c716c71438b27e41') in 0.0030913 seconds
[Worker1] Start importing Packages/com.unity.2d.animation/Editor/Assets/EditorIcons/Dark/d_Mesh.png using Guid(f4e90b0a1e5a5bc46897cdcf5a142111) Importer(2089858483,b0f066a214c2f5e87bad3c948f4d605d) 
[Worker1] (ScriptedImporter)
[Worker3]  -> (artifact id: '9d957aa36c1a21eccb239965f74c0903') in 0.0062916 seconds
[Worker1]  -> (artifact id: '544e50e106935316d7b561e894005f46') in 0.009191 seconds
[Worker0] Start importing Assets/Resources/Art using Guid(4eeb1c3bc9a57a24a884c7073dd9c627) Importer(2089858483,b0f066a214c2f5e87bad3c948f4d605d) 
[Worker2] Start importing Packages/com.unity.test-framework/Tests using Guid(b70e28337c9001e4390442151ea5542c) Importer(2089858483,b0f066a214c2f5e87bad3c948f4d605d) 
[Worker0] (ScriptedImporter)
[Worker2] (ScriptedImporter)
[Worker3] Start importing Packages/com.unity.2d.animation/Editor/Assets/EditorIcons/Selected/Create Bones@3x.png using Guid(7835bec40f86c2c4fb3f91a6eb3b7034) Importer(2089858483,b0f066a214c2f5e87bad3c948f4d605d) 
[Worker3] (ScriptedImporter)
[Worker0]  -> (artifact id: 'c755fa611399256285335819251740ae') in 0.0036472 seconds
[Worker2]  -> (artifact id: '9bad15712ec85694e5aeb2bd7517e54b') in 0.0035122 seconds
[Worker1] Start importing Assets/Scripts/Resonance.Battle/Progression using Guid(c0b1e002222222222222222222222222) Importer(2089858483,b0f066a214c2f5e87bad3c948f4d605d) 
[Worker1] (ScriptedImporter)
[Worker3]  -> (artifact id: '8338da112e4b2dd61f2c77d3619ca9ac') in 0.0091988 seconds
[Worker1]  -> (artifact id: 'e8054137e827f5f42b782951af54e5ca') in 0.0033865 seconds
[Worker0] Start importing Assets/Resources/Fonts using Guid(8e7d6c5b4a39281706f5e4d3c2b1a090) Importer(2089858483,b0f066a214c2f5e87bad3c948f4d605d) 
[Worker0] (ScriptedImporter)
[Worker2] Start importing Packages/com.unity.inputsystem/InputSystem/Editor/BuildPipeline using Guid(cb6feb90190641c19dce92f09614edd4) Importer(2089858483,b0f066a214c2f5e87bad3c948f4d605d) 
[Worker2] (ScriptedImporter)
[Worker0]  -> (artifact id: '06051c926cf7d51eeb6265dda4f2c366') in 0.003753 seconds
[Worker2]  -> (artifact id: '7be5f48ec0ec5632218064b44d8bf1e4') in 0.003531 seconds
[Worker3] Start importing Packages/com.unity.modules.hierarchycore using Guid(6b81377a4453ba7362eb3322f9bcc6c6) Importer(2089858483,b0f066a214c2f5e87bad3c948f4d605d) 
[Worker3] (ScriptedImporter)
[Worker1] Start importing Packages/com.unity.2d.sprite/Editor/ShapeEditor using Guid(ccbbef892d435144aa8a0f9fd5ccee51) Importer(2089858483,b0f066a214c2f5e87bad3c948f4d605d) 
[Worker1] (ScriptedImporter)
[Worker3]  -> (artifact id: '258751a8d744dd4b7537cebb97012287') in 0.0046892 seconds
[Worker1]  -> (artifact id: '000622af195f1dbae05ff1753a8f0c5e') in 0.0035992 seconds
[Worker0] Start importing Packages/com.unity.2d.animation/Editor/Assets/EditorIcons/Dark/d_Visibility_Tool@3x 1.png using Guid(2fe54232a3d87784e804d41060f1cd8e) Importer(2089858483,b0f066a214c2f5e87bad3c948f4d605d) 
[Worker0] (ScriptedImporter)
[Worker2] Start importing Assets/EmeraldBunny/Generated/Materials/fingerR_middle.mat using Guid(6671921d86f6a4341a324ad581c427e3) Importer(2089858483,b0f066a214c2f5e87bad3c948f4d605d) 
[Worker2] (ScriptedImporter)
[Worker2]  -> (artifact id: 'e97c527040e8374ff5d07cc157940bfd') in 0.0079396 seconds
[Worker1] Start importing Assets/Inochi2D/Runtime/Internal using Guid(0b44355a5d235d14f93ddff3f0b34aeb) Importer(2089858483,b0f066a214c2f5e87bad3c948f4d605d) 
[Worker3] Start importing Assets/EmeraldBunny/Art/fingerR_thumb.png using Guid(f68d5d6ff8b50e648bf59cf5a0a8958f) Importer(2089858483,b0f066a214c2f5e87bad3c948f4d605d) 
[Worker3] (ScriptedImporter)
[Worker1] (ScriptedImporter)
[Worker0]  -> (artifact id: 'eb657d83bb083927e11819dd2500c4fa') in 0.0115083 seconds
[Worker1]  -> (artifact id: 'f247a119ae957c50282f61b56dbcb19a') in 0.0032094 seconds
[Worker3]  -> (artifact id: '19534cdfb2f4e176926a63c37f1c6c6c') in 0.0110471 seconds
[Worker2] Start importing Assets/EmeraldBunny/Generated/Meshes/eyeR_white.asset using Guid(07cee0bf08c350b4da169d12a28f9271) Importer(2089858483,b0f066a214c2f5e87bad3c948f4d605d) 
[Worker2] (ScriptedImporter)
[Worker1] Start importing Packages/com.unity.render-pipelines.core/Editor/SampleDependencyImportSystem using Guid(6bdd8b5283cb4f24fbd34738bc35e74c) Importer(2089858483,b0f066a214c2f5e87bad3c948f4d605d) 
[Worker1] (ScriptedImporter)
[Worker0] Start importing Packages/com.unity.2d.animation/Editor/Assets/EditorIcons/Dark/d_Generate_Weights@4x.png using Guid(8e88614a5d2aead4998a8c70955662c6) Importer(2089858483,b0f066a214c2f5e87bad3c948f4d605d) 
[Worker0] (ScriptedImporter)
[Worker2]  -> (artifact id: '2bb91ce32c67ddf59852b51dcfb3315a') in 0.0060812 seconds
[Worker1]  -> (artifact id: '5b25af4ffa7f058f53dc45cb5020331c') in 0.0049446 seconds
[Worker3] Start importing Assets/EmeraldBunny/Generated/Meshes/rabbit_right.asset using Guid(26399d74a1627e64a8e7bee88d9a33ba) Importer(2089858483,b0f066a214c2f5e87bad3c948f4d605d) 
[Worker3] (ScriptedImporter)
[Worker0]  -> (artifact id: 'aebbd5010da299f140c3e801008a6078') in 0.010817 seconds
[Worker3]  -> (artifact id: '5e106604a14dffdd50bc7531a1b4d4b6') in 0.0059255 seconds
[Worker2] Start importing Packages/com.unity.shadergraph/Editor/Data/Nodes/Math/Advanced using Guid(198ec765a01574320a8199338d27d9f1) Importer(2089858483,b0f066a214c2f5e87bad3c948f4d605d) 
[Worker2] (ScriptedImporter)
[Worker2]  -> (artifact id: 'bf09e25799ff87f7203dd24732b4a73a') in 0.0025526 seconds
[Worker0] Start importing Packages/com.unity.2d.animation/Editor/Assets/EditorIcons/Selected/Copy@2x.png using Guid(6cc5103edc9f0dd4f80e8274c73dfeac) Importer(2089858483,b0f066a214c2f5e87bad3c948f4d605d) 
[Worker3] Start importing Packages/com.unity.ide.visualstudio/Editor/Messaging using Guid(2f820130c86c28547a0f1a2f4c73155b) Importer(2089858483,b0f066a214c2f5e87bad3c948f4d605d) 
[Worker2] Start importing Assets/EmeraldBunny/Generated/Materials/eyeR_white.mat using Guid(ce68212a39307ab449a2adb9b63317ad) Importer(2089858483,b0f066a214c2f5e87bad3c948f4d605d) 
[Worker0] (ScriptedImporter)
[Worker3] (ScriptedImporter)
[Worker1] Start importing Packages/com.unity.2d.common/package.json using Guid(68f1917ec3cac45b080c26153375c2bb) Importer(2089858483,b0f066a214c2f5e87bad3c948f4d605d) 
[Worker2] (ScriptedImporter)
[Worker1] (ScriptedImporter)
[Worker3]  -> (artifact id: '0c11ffdb456c84fc98c7e803353fc025') in 0.0031509 seconds
[Worker1]  -> (artifact id: '1a9383ae1e47498bf105b8c1462398cc') in 0.0049273 seconds
[Worker2]  -> (artifact id: 'e00715c9f925d1b6a4af58d460bfc1b9') in 0.006099 seconds
[Worker0]  -> (artifact id: 'b56b9779243ccb034087917aa152d412') in 0.0097475 seconds
[Worker3] Start importing Packages/com.unity.2d.animation/Editor/Assets/EditorIcons/Light/Split Bones@3x.png using Guid(6b35476d10ed5614a949de8f7c45b534) Importer(2089858483,b0f066a214c2f5e87bad3c948f4d605d) 
[Worker3] (ScriptedImporter)
[Worker1] Start importing Packages/com.unity.render-pipelines.universal/Editor/UniversalRenderPipelineAsset using Guid(69998121730154f4d925490a4548e342) Importer(2089858483,b0f066a214c2f5e87bad3c948f4d605d) 
[Worker1] (ScriptedImporter)
[Worker1]  -> (artifact id: 'db72badcb29840548145c36c3008c57e') in 0.0038644 seconds
[Worker2] Start importing Assets/Scripts/Resonance.App/UI using Guid(c0a1e004444444444444444444444444) Importer(2089858483,b0f066a214c2f5e87bad3c948f4d605d) 
[Worker2] (ScriptedImporter)
[Worker0] Start importing Packages/com.unity.render-pipelines.core/Runtime/GPUDriven/Debug using Guid(e06600b8901fc6741a0d7f96ca9d7f0f) Importer(2089858483,b0f066a214c2f5e87bad3c948f4d605d) 
[Worker3]  -> (artifact id: 'f65e05899b9e569b9e416b98c69ad6e9') in 0.0094147 seconds
[Worker0] (ScriptedImporter)
[Worker2]  -> (artifact id: '4b9f30978a7fc2cb99ec895b16ac4fe4') in 0.0037985 seconds
[Worker0]  -> (artifact id: '390ac34010a93cdeefd7c283df466e12') in 0.0034407 seconds
[Worker1] Start importing Packages/com.unity.2d.animation/Editor/Assets/EditorIcons/Selected/Weight_Brush@4x.png using Guid(48464cd53bb3c604f999e7d3f15e8d09) Importer(2089858483,b0f066a214c2f5e87bad3c948f4d605d) 
[Worker1] (ScriptedImporter)
[Worker3] Start importing Assets/EmeraldBunny/Generated/Meshes/hair_rightlock.asset using Guid(229c01f8a9f943d49947830c322becf0) Importer(2089858483,b0f066a214c2f5e87bad3c948f4d605d) 
[Worker3] (ScriptedImporter)
[Worker0] Start importing Packages/com.unity.2d.animation/Editor/Assets/EditorIcons/Dark/d_Split Bones@3x.png using Guid(64d1c4e3e3931d64880fdffaf2f4b938) Importer(2089858483,b0f066a214c2f5e87bad3c948f4d605d) 
[Worker0] (ScriptedImporter)
[Worker2] Start importing Packages/com.unity.render-pipelines.universal/Tests/Editor/PostProcessDataTests using Guid(fb0ec4b8bb8f2d34b91204563167f685) Importer(2089858483,b0f066a214c2f5e87bad3c948f4d605d) 
[Worker2] (ScriptedImporter)
[Worker3]  -> (artifact id: 'd2a23d899b6c05aa497933e58f9f6974') in 0.0053629 seconds
[Worker2]  -> (artifact id: 'f507885892514fbac533d34c88c5b5a7') in 0.002889 seconds
[Worker0]  -> (artifact id: 'e5bc9509525b5dd27f57727c35545a3a') in 0.0064319 seconds
[Worker1]  -> (artifact id: '9460c0f2104992b81b7f32a7f87415ea') in 0.0117216 seconds
[Worker3] Start importing Packages/com.unity.2d.animation/Editor/Assets/EditorIcons/Dark/d_Edit_Joints@4x.png using Guid(15d3c315af8faf2498573371308b9d3e) Importer(2089858483,b0f066a214c2f5e87bad3c948f4d605d) 
[Worker3] (ScriptedImporter)
[Worker2] Start importing Assets/EmeraldBunny/Generated/Meshes/leg_rear_knee.asset using Guid(21bcac44567614e4c8a0b077228e4df3) Importer(2089858483,b0f066a214c2f5e87bad3c948f4d605d) 
[Worker2] (ScriptedImporter)
[Worker0] Start importing Packages/com.unity.2d.animation/Editor/Assets/EditorIcons/Selected/Create_Edge@4x.png using Guid(3458c119c69e9bc4f9647599c2901dee) Importer(2089858483,b0f066a214c2f5e87bad3c948f4d605d) 
[Worker0] (ScriptedImporter)
[Worker2]  -> (artifact id: '1fbbf7fda87b09c88e327a6a1d3cc80a') in 0.005052 seconds
[Worker1] Start importing Packages/com.unity.render-pipelines.core/Runtime/UnifiedRayTracing/Compute/RadeonRays/kernels using Guid(9a4184587b7c760418ee26ca0a32df62) Importer(2089858483,b0f066a214c2f5e87bad3c948f4d605d) 
[Worker1] (ScriptedImporter)
[Worker3]  -> (artifact id: 'a73d39e4ca528e84c9f52b419836563c') in 0.0087246 seconds
[Worker0]  -> (artifact id: 'a1e34f11624a54c0701c83062204af3a') in 0.0068981 seconds
[Worker1]  -> (artifact id: 'f7389f2f59b8be5a944278dbc239fdb2') in 0.0033386 seconds
[Worker2] Start importing Packages/com.unity.render-pipelines.universal/Textures/FilmGrain using Guid(35e7db2dee6acee439714675bb2193f9) Importer(2089858483,b0f066a214c2f5e87bad3c948f4d605d) 
[Worker2] (ScriptedImporter)
[Worker3] Start importing Assets/EmeraldBunny/Generated/Materials using Guid(a0f2817a437199e42a527a807d5cf858) Importer(2089858483,b0f066a214c2f5e87bad3c948f4d605d) 
[Worker3] (ScriptedImporter)
[Worker0] Start importing Assets/EmeraldBunny/Generated/Materials/chair_leg_frontleft_lower_fixed.mat using Guid(2ad791d03c382304897f73403768d383) Importer(2089858483,b0f066a214c2f5e87bad3c948f4d605d) 
[Worker0] (ScriptedImporter)
[Worker2]  -> (artifact id: '7ac20892ec40d8b76f2f5a5ff51dee76') in 0.0039517 seconds
[Worker3]  -> (artifact id: '057ce7e0d87f96fc38efb3c0314a7d73') in 0.0029941 seconds
[Worker1] Start importing Packages/com.unity.ide.visualstudio using Guid(d7e354c831b057cfbbd14d7bdc396194) Importer(2089858483,b0f066a214c2f5e87bad3c948f4d605d) 
[Worker1] (ScriptedImporter)
[Worker0]  -> (artifact id: 'd1ef550900668534ab5ac759cdad706e') in 0.0073097 seconds
[Worker1]  -> (artifact id: '0b292c614d6ceca25e4d522eb7ad236f') in 0.0039679 seconds
[Worker2] Start importing Assets/EmeraldBunny/Art/leg_front_thigh_lower_rear.png using Guid(961bee83fcbd1594ca705f25efde5fce) Importer(2089858483,b0f066a214c2f5e87bad3c948f4d605d) 
[Worker2] (ScriptedImporter)
[Worker3] Start importing Packages/com.unity.inputsystem/InputSystem/Editor using Guid(ee6ce8b9ba0db4146b0b12d5985933bf) Importer(2089858483,b0f066a214c2f5e87bad3c948f4d605d) 
[Worker3] (ScriptedImporter)
[Worker3]  -> (artifact id: '58e900a2981507155b38047b36cc35e4') in 0.0038004 seconds
[Worker0] Start importing Assets/EmeraldBunny/Generated/Materials/leg_front_thigh.mat using Guid(073b9b17cc39bb24885c0fc6c3ccc6ec) Importer(2089858483,b0f066a214c2f5e87bad3c948f4d605d) 
[Worker0] (ScriptedImporter)
[Worker2]  -> (artifact id: 'dcac33b7cce55b0606fba20bf62014f1') in 0.0090257 seconds
[Worker1] Start importing Packages/com.unity.render-pipelines.universal/Editor/Tools/Converters using Guid(de07e00acee5049188d7f5c776e98c91) Importer(2089858483,b0f066a214c2f5e87bad3c948f4d605d) 
[Worker1] (ScriptedImporter)
[Worker0]  -> (artifact id: '9a2d704e591e495bc7c7d6a5dd662adb') in 0.007349 seconds
[Worker1]  -> (artifact id: '61068bb0a10a77792926d2e1ebca0116') in 0.0032485 seconds
[Worker3] Start importing Packages/com.unity.2d.animation/Editor/Assets/SpriteLibraryEditor/EditorMainWindow.uxml using Guid(05f0e88295177435592ac5ba24fb98ef) Importer(2089858483,b0f066a214c2f5e87bad3c948f4d605d) 
[Worker3] (ScriptedImporter)
[Worker2] Start importing Assets/EmeraldBunny/Generated/Animations/LegAnkle.anim using Guid(e7f07cf75f8dfe44da48729aca03bb4c) Importer(2089858483,b0f066a214c2f5e87bad3c948f4d605d) 
[Worker2] (ScriptedImporter)
[Worker1] Start importing Packages/com.unity.2d.animation/Editor/Assets/EditorIcons/Dark/d_Edit_Pose@3x.png using Guid(334b0c5a2da656f4a9d2fe6b658cfd68) Importer(2089858483,b0f066a214c2f5e87bad3c948f4d605d) 
[Worker1] (ScriptedImporter)
[Worker0] Start importing Assets/EmeraldBunny/Generated/Meshes/leg_rear_calf_lower_fixed.asset using Guid(fe40f34f8e55e6b48ba208396783ddef) Importer(2089858483,b0f066a214c2f5e87bad3c948f4d605d) 
[Worker0] (ScriptedImporter)
[Worker0]  -> (artifact id: '763cd5dad76a2f35254733e13978250d') in 0.0052482 seconds
[Worker1]  -> (artifact id: '864f1486f0641feeff7e4ef9cde57b58') in 0.0070391 seconds
[Worker1] Start importing Packages/com.unity.2d.animation/Editor/UpgradeTools/Utilities using Guid(33bd6f61ca79e43debb3ddbcee35f5ee) Importer(2089858483,b0f066a214c2f5e87bad3c948f4d605d) 
[Worker1] (ScriptedImporter)
[Worker0] Start importing Packages/com.unity.2d.animation/Editor/Assets/EditorIcons/Dark/d_Sprite_Influence.png using Guid(eca47b8e551b04a0e8adc931893c60f4) Importer(2089858483,b0f066a214c2f5e87bad3c948f4d605d) 
[Worker0] (ScriptedImporter)
[Worker3]  -> (artifact id: '9fdfcb368cd1d0e17129d2524e0c0d2b') in 0.0373809 seconds
[Worker1]  -> (artifact id: 'bcf15bc715aa30ad53918b39e4cb97c8') in 0.0023776 seconds
[Worker0]  -> (artifact id: '7f41d32665e87c5b6d72170250b05428') in 0.0160767 seconds
[Worker1] Start importing Assets/EmeraldBunny/Generated/Materials/chair_leg_frontleft.mat using Guid(87a2c4b2137b9594cad3dbcd2dfe0c4b) Importer(2089858483,b0f066a214c2f5e87bad3c948f4d605d) 
[Worker1] (ScriptedImporter)
[Worker3] Start importing Packages/com.unity.shadergraph/Editor/Data/Nodes/Utility using Guid(f3d12703f494d7147b7874aabe94ab18) Importer(2089858483,b0f066a214c2f5e87bad3c948f4d605d) 
[Worker3] (ScriptedImporter)
[Worker1]  -> (artifact id: 'e1619891bee490faaf96c442986c9e58') in 0.0068833 seconds
[Worker2]  -> (artifact id: '27c28be17ef852c07578c686c35d302b') in 0.0642881 seconds
[Worker3]  -> (artifact id: '52ecb594c94d84192c7137e5b5e2d159') in 0.0025694 seconds
[Worker0] Start importing Packages/com.unity.2d.animation/Editor/Assets/EditorIcons/Light/Copy@2x.png using Guid(2e0cf451cb3d56742aad87ea75993209) Importer(2089858483,b0f066a214c2f5e87bad3c948f4d605d) 
[Worker0] (ScriptedImporter)
[Worker0]  -> (artifact id: '51ff7ba5335d68a8855d41a6c3062c27') in 0.0102287 seconds
[Worker1] Start importing Packages/com.unity.render-pipelines.universal/Editor/2D/Converter using Guid(5361c774211d0234c94d0161651a5407) Importer(2089858483,b0f066a214c2f5e87bad3c948f4d605d) 
[Worker1] (ScriptedImporter)
[Worker3] Start importing Packages/com.unity.2d.common/Path/Editor/IMGUI/GUIFramework using Guid(b902a1aa4448c4637aee2c49d17a13fb) Importer(2089858483,b0f066a214c2f5e87bad3c948f4d605d) 
[Worker3] (ScriptedImporter)
[Worker1]  -> (artifact id: 'fc1dd91768b4f9cd3d1ac060fcb480d7') in 0.0038153 seconds
[Worker2] Start importing Packages/com.unity.2d.sprite/Editor/Interface using Guid(b1c7f0c50b0c1d7458d2d0a50ebfefef) Importer(2089858483,b0f066a214c2f5e87bad3c948f4d605d) 
[Worker2] (ScriptedImporter)
[Worker3]  -> (artifact id: '27445bea61414f36a8fe2dab6fec4972') in 0.0035203 seconds
[Worker2]  -> (artifact id: '8b439a2ba2bae7c0d8db770298b66e85') in 0.0023294 seconds
[Worker0] Start importing Packages/com.unity.render-pipelines.universal/Editor/SceneTemplates using Guid(32bf03fc07b2a4f00adb3eaf74edcdf3) Importer(2089858483,b0f066a214c2f5e87bad3c948f4d605d) 
[Worker0] (ScriptedImporter)
[Worker0]  -> (artifact id: '9880f09f95ef8aa7f4b28c15a844c5dd') in 0.0027249 seconds
[Worker3] Start importing Packages/com.unity.2d.animation/Editor/Assets/ComponentIcons/d_Animation.SpriteLibraryVar@32.png using Guid(d9e47beaa8a6e432393f34671440f777) Importer(2089858483,b0f066a214c2f5e87bad3c948f4d605d) 
[Worker3] (ScriptedImporter)
[Worker1] Start importing Packages/com.unity.2d.animation/Editor/Assets/ComponentIcons/Animation.IKCCD@128.png using Guid(5156a72be078d4d0e8593843cdc34294) Importer(2089858483,b0f066a214c2f5e87bad3c948f4d605d) 
[Worker1] (ScriptedImporter)
[Worker2] Start importing Packages/com.unity.2d.animation/IK/Runtime/Solvers using Guid(cb2349a660db25e4baf8732ed3668959) Importer(2089858483,b0f066a214c2f5e87bad3c948f4d605d) 
[Worker2] (ScriptedImporter)
[Worker2]  -> (artifact id: 'a5c232bfec611eae49b55c712c217d30') in 0.0035842 seconds
[Worker1]  -> (artifact id: '3fe272130cb00ba02ea059ca9daa9653') in 0.0089396 seconds
[Worker3]  -> (artifact id: '416a63db8ad3282fbcbef857769da6c1') in 0.010138 seconds
[Worker0] Start importing Assets/Scripts/Resonance.App/Battle/Vfx/VfxTipPlate.cs using Guid(7eeae73cb4112114aac284eea3568f3c) Importer(2089858483,b0f066a214c2f5e87bad3c948f4d605d) 
[Worker0] (ScriptedImporter)
[Worker0]  -> (artifact id: '387d00ca5382188902d8da9b143a9175') in 0.0042688 seconds
[Worker3] Start importing Packages/com.unity.render-pipelines.universal/Editor/ShaderGraph/GraphTemplates using Guid(60b56e270d26a0c4fbc0e33fe32113ae) Importer(2089858483,b0f066a214c2f5e87bad3c948f4d605d) 
[Worker3] (ScriptedImporter)
[Worker3]  -> (artifact id: '82279a709a641d3fc0f4063ebcef56c0') in 0.002552 seconds
[Worker2] Start importing Assets/EmeraldBunny/Art/leg_front_calf_lower_front.png using Guid(266435ded030e4144abca1ded766917e) Importer(2089858483,b0f066a214c2f5e87bad3c948f4d605d) 
[Worker2] (ScriptedImporter)
[Worker1] Start importing Packages/com.unity.shadergraph/Editor/Drawing using Guid(628a36608983fbe49bd5b01cc799f525) Importer(2089858483,b0f066a214c2f5e87bad3c948f4d605d) 
[Worker1] (ScriptedImporter)
[Worker1]  -> (artifact id: 'c207a81f95e7b8904b6eceb0c01b4c59') in 0.0033831 seconds
[Worker2]  -> (artifact id: 'd938e6dd2e1f92e176e59da328faf79f') in 0.0096348 seconds
[Worker0] Start importing Assets/Scripts/Resonance.App/Battle/Vfx using Guid(8a23b5a089ef7b74eb108dc6be8838d0) Importer(2089858483,b0f066a214c2f5e87bad3c948f4d605d) 
[Worker0] (ScriptedImporter)
[Worker0]  -> (artifact id: '9cced47416fe58458bc6f9ab1895eca0') in 0.0042433 seconds
[Worker3] Start importing Assets/EmeraldBunny/Art/spread_rear_toe_2.png using Guid(094b12fa0e387554b8bf452b8c7a29e7) Importer(2089858483,b0f066a214c2f5e87bad3c948f4d605d) 
[Worker3] (ScriptedImporter)
[Worker3]  -> (artifact id: 'ec917cf97beca601dff479c2af649ef6') in 0.0091261 seconds
[Worker2] Start importing Assets/EmeraldBunny/Art/toeGround4_lower_rear.png using Guid(77f0dce37dcec5843986fb667782a2b8) Importer(2089858483,b0f066a214c2f5e87bad3c948f4d605d) 
[Worker2] (ScriptedImporter)
[Worker1] Start importing Packages/com.unity.2d.sprite/Editor/ObjectMenuCreation/DefaultAssets/Textures/CircleWithBorder.png using Guid(4adeaf2d2b1c7417e89f026626d8264f) Importer(2089858483,b0f066a214c2f5e87bad3c948f4d605d) 
[Worker1] (ScriptedImporter)
[Worker2]  -> (artifact id: 'ba10dde767b62fef0fdfcab1453f1ffd') in 0.0090849 seconds
[Worker1]  -> (artifact id: '2e74024f22809c96f53d4fc9636f7272') in 0.009419 seconds
[Worker0] Start importing Packages/com.unity.test-framework.performance/Runtime/Measurements using Guid(c0c170ab616b34944bcd5e75cfcb9d06) Importer(2089858483,b0f066a214c2f5e87bad3c948f4d605d) 
[Worker0] (ScriptedImporter)
[Worker0]  -> (artifact id: '66f00e69508bf19c27ee10bccd29bdfb') in 0.0044428 seconds
[Worker3] Start importing Assets/EmeraldBunny/Art/leg_rear_knee_lower_front.png using Guid(c9e33eea8e0b9244d9be649c09f394f7) Importer(2089858483,b0f066a214c2f5e87bad3c948f4d605d) 
[Worker3] (ScriptedImporter)
[Worker3]  -> (artifact id: 'f478618f381c5af8fb42db8a44cf0acf') in 0.009435 seconds
[Worker1] Start importing Packages/com.unity.render-pipelines.core/Tests/Runtime using Guid(a189334a4e37b1247af4cfcedc20802c) Importer(2089858483,b0f066a214c2f5e87bad3c948f4d605d) 
[Worker1] (ScriptedImporter)
[Worker2] Start importing Assets/EmeraldBunny/Art/mouth_inner.png using Guid(958b106e96d88b540b12dda2b4668b8c) Importer(2089858483,b0f066a214c2f5e87bad3c948f4d605d) 
[Worker2] (ScriptedImporter)
[Worker1]  -> (artifact id: 'f71f263b4048e55856d7e3527ca9a5b2') in 0.0030533 seconds
[Worker0] Start importing Packages/com.unity.ide.visualstudio/Editor/Plugins using Guid(1e5abb64fdd0542b38f4dc1b60343e8a) Importer(2089858483,b0f066a214c2f5e87bad3c948f4d605d) 
[Worker0] (ScriptedImporter)
[Worker2]  -> (artifact id: 'f1222c14ccb356d8abc28a7732019f8e') in 0.0090885 seconds
[Worker0]  -> (artifact id: 'a577e4a5d30dca7c0909be45886a3655') in 0.0039405 seconds
[Worker3] Start importing Assets/EmeraldBunny/Generated/Meshes/leg_front_calf_lower_fixed.asset using Guid(ab30d503486321148a442c8f01eb36be) Importer(2089858483,b0f066a214c2f5e87bad3c948f4d605d) 
[Worker3] (ScriptedImporter)
[Worker1] Start importing Packages/com.unity.render-pipelines.universal/ShaderLibrary/LightCookie using Guid(a648b46fb6b4749f589f22d9ef6e441a) Importer(2089858483,b0f066a214c2f5e87bad3c948f4d605d) 
[Worker3]  -> (artifact id: '927b7658a36cebe6f6351ebd197263a5') in 0.0058374 seconds
[Worker1] (ScriptedImporter)
[Worker1]  -> (artifact id: '416edab1046ad7d174b60636622ac05e') in 0.0036176 seconds
[Worker0] Start importing Packages/com.unity.2d.animation/Editor/Assets/SkinningModule/SpriteBitmask.shader using Guid(3230fdc399f8287488325e5941a00527) Importer(2089858483,b0f066a214c2f5e87bad3c948f4d605d) 
[Worker2] Start importing Packages/com.unity.2d.animation/Editor/Assets/ComponentIcons/d_Animation.IKFabrik@256.png using Guid(a0c5bb965b60545b79734ffd6ec9f124) Importer(2089858483,b0f066a214c2f5e87bad3c948f4d605d) 
[Worker2] (ScriptedImporter)
[Worker0] (ScriptedImporter)
[Worker0]  -> (artifact id: '24cf4bad1c56801a38705f09bbd02723') in 0.0081091 seconds
[Worker2]  -> (artifact id: 'bc286a5e4df981a23c0f5c7a38e85fbd') in 0.0096249 seconds
[Worker3] Start importing Assets/Resources/Art/Characters/C001/LiveLayers/pivots.json using Guid(a6da21963e531914b92dc61c2c55658d) Importer(2089858483,b0f066a214c2f5e87bad3c948f4d605d) 
[Worker3] (ScriptedImporter)
[Worker1] Start importing Assets/Resources/Art/Characters using Guid(75993340c87e7db4f905d748795b16a7) Importer(2089858483,b0f066a214c2f5e87bad3c948f4d605d) 
[Worker1] (ScriptedImporter)
[Worker3]  -> (artifact id: '5bcab5a86a7c3d3e5c1af0d9ff82187b') in 0.0045676 seconds
[Worker1]  -> (artifact id: '8f23cf6074580fc9d6f6a45272ddae46') in 0.0033614 seconds
[Worker0] Start importing Packages/com.unity.inputsystem/InputSystem/Editor/AssetEditor/PackageResources using Guid(ad61ded360bb0784b9301188fc603d6d) Importer(2089858483,b0f066a214c2f5e87bad3c948f4d605d) 
[Worker0] (ScriptedImporter)
[Worker2] Start importing Assets/EmeraldBunny/Generated/Meshes/toeGround3_lower_rear.asset using Guid(6f3776d261d75774982398e233e08c68) Importer(2089858483,b0f066a214c2f5e87bad3c948f4d605d) 
[Worker2] (ScriptedImporter)
[Worker0]  -> (artifact id: 'b98c3971e8e04eae5c0b372f87f626ff') in 0.0034934 seconds
[Worker2]  -> (artifact id: 'fe45ba953aace92d0c3647da0da12a08') in 0.004657 seconds
[Worker1] Start importing Packages/com.unity.render-pipelines.universal/Runtime/Passes using Guid(c2a16f045b3148e4f9d0d62614a81a61) Importer(2089858483,b0f066a214c2f5e87bad3c948f4d605d) 
[Worker1] (ScriptedImporter)
[Worker3] Start importing Assets/Resources/Art/Characters/C001/SpineLayers using Guid(c001b0d1e2f3456789a0b1c2d3e4f000) Importer(2089858483,b0f066a214c2f5e87bad3c948f4d605d) 
[Worker3] (ScriptedImporter)
[Worker1]  -> (artifact id: 'a0f4513b12fe91e9fc13a914eb84c3f4') in 0.0026753 seconds
[Worker3]  -> (artifact id: 'e3f80e8d70b2943094a55f1f627a511b') in 0.0039744 seconds
[Worker0] Start importing Packages/com.unity.render-pipelines.core/Editor/Lighting/ProbeVolume using Guid(0c3c319c56dba374ba288aab4ee70654) Importer(2089858483,b0f066a214c2f5e87bad3c948f4d605d) 
[Worker0] (ScriptedImporter)
[Worker2] Start importing Packages/com.unity.2d.animation/Editor/Assets/EditorIcons/Selected/d_Visibility_Hidded.png using Guid(53537648d368cf6459e256af3d925e09) Importer(2089858483,b0f066a214c2f5e87bad3c948f4d605d) 
[Worker2] (ScriptedImporter)
[Worker0]  -> (artifact id: '3499432ef323a933b2e9a764719a3795') in 0.0034661 seconds
[Worker3] Start importing Packages/com.unity.render-pipelines.universal/Editor/Analytics using Guid(7f30cfcca642c3443b4ccd31e9a872ca) Importer(2089858483,b0f066a214c2f5e87bad3c948f4d605d) 
[Worker3] (ScriptedImporter)
[Worker2]  -> (artifact id: '003942ae5990b1fc1bc5cf3efd9b569f') in 0.0112321 seconds
[Worker1] Start importing Packages/com.unity.render-pipelines.universal/Runtime/Settings using Guid(cf708f4598ecacb4986659e317747510) Importer(2089858483,b0f066a214c2f5e87bad3c948f4d605d) 
[Worker1] (ScriptedImporter)
[Worker3]  -> (artifact id: '4e869657e430457868da8c0fe9856938') in 0.0038343 seconds
[Worker1]  -> (artifact id: 'd30fcf8f72c48b06b093ef8581a46747') in 0.0036629 seconds
[Worker0] Start importing Packages/com.unity.burst/Runtime/CompilerServices using Guid(d549366794d73f618193482d7f40ae75) Importer(2089858483,b0f066a214c2f5e87bad3c948f4d605d) 
[Worker0] (ScriptedImporter)
[Worker0]  -> (artifact id: '6014423561893e727279a48c930a41b8') in 0.0028071 seconds
[Worker2] Start importing Packages/com.unity.render-pipelines.universal/Runtime/RenderGraph using Guid(1af1ea941365745b49edfb5efd32cf05) Importer(2089858483,b0f066a214c2f5e87bad3c948f4d605d) 
[Worker2] (ScriptedImporter)
[Worker2]  -> (artifact id: '4bf77c374450711ebc53cb52b6378dbf') in 0.0038769 seconds
[Worker3] Start importing Assets/EmeraldBunny/Generated/Meshes/chair_leg_backleft.asset using Guid(904f5c8ad8513f6448422d6b85bd3444) Importer(2089858483,b0f066a214c2f5e87bad3c948f4d605d) 
[Worker3] (ScriptedImporter)
[Worker1] Start importing Assets/EmeraldBunny/Generated/Materials/leg_front_calf_lower_front.mat using Guid(b28044d4edc424441a0942916bf7f863) Importer(2089858483,b0f066a214c2f5e87bad3c948f4d605d) 
[Worker1] (ScriptedImporter)
[Worker3]  -> (artifact id: '4780a62adad7a2ca9d26555ff027fbf9') in 0.0054179 seconds
[Worker1]  -> (artifact id: 'bc3df8df551f798defbfa3826a8d8db0') in 0.0064385 seconds
[Worker0] Start importing Packages/com.unity.2d.animation/Editor/Assets/ComponentIcons/d_Animation.SpriteLibraryManager@32.png using Guid(c07475be16e5e4093a78d5271ca3abfd) Importer(2089858483,b0f066a214c2f5e87bad3c948f4d605d) 
[Worker0] (ScriptedImporter)
[Worker2] Start importing Assets/EmeraldBunny/Art/leg_rear_calf_lower_fixed.png using Guid(4b9c87b4d77ef9e43ae027e8b3b55ecb) Importer(2089858483,b0f066a214c2f5e87bad3c948f4d605d) 
[Worker2] (ScriptedImporter)
[Worker0]  -> (artifact id: '556fc37ebb8e8693daba32e99cfc9244') in 0.0099782 seconds
[Worker3] Start importing Assets/EmeraldBunny/Generated/Materials/arm_right_upper.mat using Guid(4bc6d9c7aae9f0444aba0abbc02c0d48) Importer(2089858483,b0f066a214c2f5e87bad3c948f4d605d) 
[Worker3] (ScriptedImporter)
[Worker2]  -> (artifact id: '423c86d1fb4eab819a1f02cd440fb70f') in 0.0100274 seconds
[Worker1] Start importing Assets/EmeraldBunny/Art/lowerlidR.png using Guid(7f229b319ae7f114bb6c247669782570) Importer(2089858483,b0f066a214c2f5e87bad3c948f4d605d) 
[Worker1] (ScriptedImporter)
[Worker3]  -> (artifact id: '1d013b993d143f76ff342d2898f00b3e') in 0.0078911 seconds
[Worker1]  -> (artifact id: 'eb6cbd2bc4ae08e5e504d186c37e7053') in 0.0090765 seconds
[Worker0] Start importing Assets/EmeraldBunny/Generated/Meshes/chair_leg_right_lower_front.asset using Guid(d0feaf19a2ba994448ea663e97f8dfc8) Importer(2089858483,b0f066a214c2f5e87bad3c948f4d605d) 
[Worker0] (ScriptedImporter)
[Worker0]  -> (artifact id: 'ea0679e31f3a85e16e2e77e370d79d57') in 0.0065743 seconds
[Worker2] Start importing Packages/com.unity.inputsystem/Tests/IntegrationTests using Guid(857f018a2ed885449804cf82b4fec116) Importer(2089858483,b0f066a214c2f5e87bad3c948f4d605d) 
[Worker2] (ScriptedImporter)
[Worker2]  -> (artifact id: '229f9eb7c78b229fe4adf79065a66e81') in 0.0035659 seconds
[Worker3] Start importing Packages/com.unity.2d.common/Path/Editor/Handles/Path using Guid(dacf17d0aeaf2425fa059e502832e81a) Importer(2089858483,b0f066a214c2f5e87bad3c948f4d605d) 
[Worker3] (ScriptedImporter)
[Worker3]  -> (artifact id: 'a209a56f9d01ee56b4d5021d05cb0706') in 0.0033381 seconds
[Worker1] Start importing Packages/com.unity.2d.animation/Editor/Assets/EditorIcons/Light/Bone@2x.png using Guid(d6a44ab95b0def041a7929981a2c23a1) Importer(2089858483,b0f066a214c2f5e87bad3c948f4d605d) 
[Worker1] (ScriptedImporter)
[Worker1]  -> (artifact id: 'cc5775c28f3f8d1bdcb113ba949269a7') in 0.0095802 seconds
[Worker0] Start importing Assets/EmeraldBunny/Art/chair_all_lower_fixed.png using Guid(c61b9d62f81d5ca458bfe570b7be30f4) Importer(2089858483,b0f066a214c2f5e87bad3c948f4d605d) 
[Worker0] (ScriptedImporter)
[Worker2] Start importing Packages/com.unity.shadergraph/Editor/Data/Nodes/Math/Range using Guid(2018cd81f24ba46748d8b85c8f289f4f) Importer(2089858483,b0f066a214c2f5e87bad3c948f4d605d) 
[Worker2] (ScriptedImporter)
[Worker2]  -> (artifact id: '09f4d63e139f109f2ce91b41e4d45e07') in 0.0041082 seconds
[Worker3] Start importing Packages/com.unity.2d.animation/Editor/Assets/ComponentIcons/d_Animation.IKFabrik.png using Guid(56fdc1dd1bbc04a65a5c2ac1d9eacb5d) Importer(2089858483,b0f066a214c2f5e87bad3c948f4d605d) 
[Worker3] (ScriptedImporter)
[Worker0]  -> (artifact id: '7474bf0e98c5947fff38eb367490ac23') in 0.0156286 seconds
[Worker3]  -> (artifact id: '0ed03e56030c5d2660e40a55208eae31') in 0.010694 seconds
[Worker1] Start importing Packages/com.unity.2d.animation/Editor/Assets/EditorIcons/Selected using Guid(d8c8210d3679b804d9f03049171735f2) Importer(2089858483,b0f066a214c2f5e87bad3c948f4d605d) 
[Worker1] (ScriptedImporter)
[Worker1]  -> (artifact id: '52256f28e6513741df57bed360333622') in 0.0042176 seconds
[Worker2] Start importing Packages/com.unity.2d.animation/Editor/Assets/EditorIcons/Dark/d_Edit_Geometry.png using Guid(a855026b258150c418b14e56540f642a) Importer(2089858483,b0f066a214c2f5e87bad3c948f4d605d) 
[Worker2] (ScriptedImporter)
[Worker0] Start importing Assets/EmeraldBunny/Generated/Materials/spread_front_toe_1.mat using Guid(13d0458ea8d3f0f45b4d771537b12ad8) Importer(2089858483,b0f066a214c2f5e87bad3c948f4d605d) 
[Worker0] (ScriptedImporter)
[Worker2]  -> (artifact id: '64d4be71e9b1c14edfbb21fd28b59fb1') in 0.0090893 seconds
[Worker0]  -> (artifact id: '3f7c75aaae8fa86ca9f2f3b432465a8d') in 0.0067678 seconds
[Worker3] Start importing Packages/com.unity.render-pipelines.universal/Editor/VFXGraph/Shaders/Templates/ParticleLines using Guid(18a4907a4ab1eb24882f891e45c993db) Importer(2089858483,b0f066a214c2f5e87bad3c948f4d605d) 
[Worker3] (ScriptedImporter)
[Worker3]  -> (artifact id: '0084157912eb2476e0ff0b7d135572e6') in 0.002572 seconds
[Worker1] Start importing Packages/com.unity.2d.animation/Editor/Assets/EditorIcons/Dark/d_Weight_Brush@3x.png using Guid(ba394dd6c02ba3b448659c8a346bf685) Importer(2089858483,b0f066a214c2f5e87bad3c948f4d605d) 
[Worker1] (ScriptedImporter)
[Worker1]  -> (artifact id: '8fb3aec2969a3afed61d8be9a9b17d77') in 0.0116189 seconds
[Worker3] Start importing Packages/com.unity.test-framework/UnityEditor.TestRunner/GUI using Guid(7e609b27ad2caa14c83dd9951b6c13c6) Importer(2089858483,b0f066a214c2f5e87bad3c948f4d605d) 
[Worker3] (ScriptedImporter)
[Worker0] Start importing Packages/com.unity.2d.animation/Editor/SkinningModule/SpriteBoneInfluence using Guid(ae8222a77d2168b45b8a300c2ae1300b) Importer(2089858483,b0f066a214c2f5e87bad3c948f4d605d) 
[Worker2] Start importing Packages/com.unity.render-pipelines.universal/Editor/BuildProcessors using Guid(00b78da5a2abda548bce3022822ebb7f) Importer(2089858483,b0f066a214c2f5e87bad3c948f4d605d) 
[Worker0] (ScriptedImporter)
[Worker2] (ScriptedImporter)
[Worker0]  -> (artifact id: 'f025d2bfd71588caafba713ea52ad575') in 0.002803 seconds
[Worker3]  -> (artifact id: '8e3cda210f5ea85a962c966848739790') in 0.0039868 seconds
[Worker2]  -> (artifact id: '9e098f70084d3a506247ea894b68bf76') in 0.0036629 seconds
[Worker1] Start importing Assets/EmeraldBunny/Generated/Meshes/leg_front_thigh_lower_fixed.asset using Guid(a9679ed05d00c4f45a8bc7cf0ef9672b) Importer(2089858483,b0f066a214c2f5e87bad3c948f4d605d) 
[Worker1] (ScriptedImporter)
[Worker1]  -> (artifact id: 'fae875b3d4ebccc1dd4ef142098a271c') in 0.0053744 seconds
[Worker3] Start importing Packages/com.unity.render-pipelines.core/Runtime/Utilities/GPUPrefixSum using Guid(4fd6fd0a85444385a35a13e9adbcb49d) Importer(2089858483,b0f066a214c2f5e87bad3c948f4d605d) 
[Worker3] (ScriptedImporter)
[Worker0] Start importing Packages/com.unity.2d.animation/Editor/Assets/EditorIcons/Light/Create_Edge@4x.png using Guid(1f21190ca9d1e8540b2a3a2e46002685) Importer(2089858483,b0f066a214c2f5e87bad3c948f4d605d) 
[Worker0] (ScriptedImporter)
[Worker3]  -> (artifact id: '4636534d4e11e347199642fb482fe0a0') in 0.0036168 seconds
[Worker2] Start importing Packages/com.unity.2d.animation/Editor/Assets/EditorIcons/Light/EditorUI.Filter@2x.png using Guid(40c6c4b2db0874b608f545e256a67283) Importer(2089858483,b0f066a214c2f5e87bad3c948f4d605d) 
[Worker2] (ScriptedImporter)
[Worker0]  -> (artifact id: 'af6cf7c7e4811fcad65d5d4f8457fb01') in 0.0090951 seconds
[Worker2]  -> (artifact id: 'fa2383d301b75bf3ddeb47602889c2bb') in 0.0078867 seconds
[Worker1] Start importing Packages/com.unity.render-pipelines.universal/Runtime/2D/Passes/Utility using Guid(f895f2b1dbb2da84e82eedb22e2620f7) Importer(2089858483,b0f066a214c2f5e87bad3c948f4d605d) 
[Worker1] (ScriptedImporter)
[Worker1]  -> (artifact id: '8da3f9ad5062f37322363d3c708580f4') in 0.0039229 seconds
[Worker3] Start importing Assets/EmeraldBunny/Generated/Materials/leg_rear_knee_lower_rear.mat using Guid(864757a5c44570840a3e0198db0dfc49) Importer(2089858483,b0f066a214c2f5e87bad3c948f4d605d) 
[Worker3] (ScriptedImporter)
[Worker3]  -> (artifact id: 'dfcf301c12945b823ae8b7e0e6fc81c1') in 0.0067432 seconds
[Worker0] Start importing Packages/com.unity.render-pipelines.universal/Editor/DefaultScene using Guid(0660d0bf211d87048b02c8eca725dee2) Importer(2089858483,b0f066a214c2f5e87bad3c948f4d605d) 
[Worker0] (ScriptedImporter)
[Worker2] Start importing Packages/com.unity.burst/Runtime/Intrinsics/x86 using Guid(3413d06997203e50844bbf4eca32fce8) Importer(2089858483,b0f066a214c2f5e87bad3c948f4d605d) 
[Worker2] (ScriptedImporter)
[Worker0]  -> (artifact id: '04a2b8bcdd73cecd5c9043a80d7c3049') in 0.0028106 seconds
[Worker2]  -> (artifact id: 'fb848454d806083e61ef7704d0914260') in 0.0039505 seconds
[Worker1] Start importing Packages/com.unity.2d.common/LICENSE.md using Guid(c3b59bc98951d4f7ea2ad99b77e35f03) Importer(2089858483,b0f066a214c2f5e87bad3c948f4d605d) 
[Worker1] (ScriptedImporter)
[Worker1]  -> (artifact id: '40e148b8120b38e4d0956c1e9a40fcd3') in 0.0051351 seconds
[Worker0] Start importing Assets/EmeraldBunny/Generated/Materials/leg_front_knee_lower_rear.mat using Guid(30299d2ddc129fc438bad7e1e9ac9db8) Importer(2089858483,b0f066a214c2f5e87bad3c948f4d605d) 
[Worker0] (ScriptedImporter)
[Worker2] Start importing Packages/com.unity.2d.animation/Editor/Assets/EditorIcons/Selected/Weight_Brush@2x.png using Guid(bb668641abe10a64891e26613cf530ee) Importer(2089858483,b0f066a214c2f5e87bad3c948f4d605d) 
[Worker2] (ScriptedImporter)
[Worker3] Start importing Packages/com.unity.2d.animation/Editor/Assets/SpriteSwap using Guid(31446e0d27784fbf8f53515dd380ca16) Importer(2089858483,b0f066a214c2f5e87bad3c948f4d605d) 
[Worker3] (ScriptedImporter)
[Worker0]  -> (artifact id: '49f884710e48cc5c438107c7c5979df0') in 0.0075262 seconds
[Worker3]  -> (artifact id: 'f7a3bfa9f60e56dad52e5bb4a54dac88') in 0.0041302 seconds
[Worker2]  -> (artifact id: 'b20169a293e1f7d200ef1f5270b42011') in 0.0089583 seconds
[Worker1] Start importing Packages/com.unity.2d.sprite/Editor/SpriteEditor using Guid(d32377b23cb0c8b46a545d7014fff425) Importer(2089858483,b0f066a214c2f5e87bad3c948f4d605d) 
[Worker1] (ScriptedImporter)
[Worker1]  -> (artifact id: '95bacc9fa0927626198c0dbe359ebbfc') in 0.003558 seconds
[Worker0] Start importing Assets/EmeraldBunny/Generated/Meshes/background_foot_repair.asset using Guid(f6ed41a5bba7b1c40b4950e5a8d76846) Importer(2089858483,b0f066a214c2f5e87bad3c948f4d605d) 
[Worker0] (ScriptedImporter)
[Worker3] Start importing Packages/com.unity.2d.animation/Editor/Assets/ComponentIcons/d_GreenCheck.png using Guid(3706f0af0fd964c949932a2664734f23) Importer(2089858483,b0f066a214c2f5e87bad3c948f4d605d) 
[Worker3] (ScriptedImporter)
[Worker0]  -> (artifact id: '447b10e23b7eb7ee5a4e42ddb9bcc17e') in 0.0047627 seconds
[Worker3]  -> (artifact id: '7dcac34a921b3019c312edd94e0e243e') in 0.0066543 seconds
[Worker2] Start importing Packages/com.unity.2d.animation/Editor/SkinningModule/MeshTool using Guid(9ee4e8d7932896548ab9dd0fa6efebc5) Importer(2089858483,b0f066a214c2f5e87bad3c948f4d605d) 
[Worker2] (ScriptedImporter)
[Worker2]  -> (artifact id: '91556c046f829667956c7ab9d5210fd8') in 0.004304 seconds
[Worker1] Start importing Packages/com.unity.2d.animation/Editor/Assets/EditorIcons/Light/Generate_Weights@2x.png using Guid(ef3672bed7321e34da872e8c2e205209) Importer(2089858483,b0f066a214c2f5e87bad3c948f4d605d) 
[Worker1] (ScriptedImporter)
[Worker0] Start importing Packages/com.unity.render-pipelines.core/Runtime/XR using Guid(8c62d11ee7af4f54abf48d79f70aee4d) Importer(2089858483,b0f066a214c2f5e87bad3c948f4d605d) 
[Worker0] (ScriptedImporter)
[Worker0]  -> (artifact id: '9a2d916bac0670f5eea2fe0bb1e0dbb7') in 0.0030708 seconds
[Worker2] Start importing Assets/EmeraldBunny/Art/hair_rightlock.png using Guid(a0e3208ec647c9c438435c88bbcfd6bf) Importer(2089858483,b0f066a214c2f5e87bad3c948f4d605d) 
[Worker2] (ScriptedImporter)
[Worker3] Start importing Packages/com.unity.2d.animation/Editor/Assets/ComponentIcons/d_Animation.IKManager@128.png using Guid(eddc3b652f54848828296504ee94ec04) Importer(2089858483,b0f066a214c2f5e87bad3c948f4d605d) 
[Worker3] (ScriptedImporter)
[Worker1]  -> (artifact id: '34053e8fbf3724b7c0905be6f6ddb988') in 0.0190451 seconds
[Worker2]  -> (artifact id: '2bdb50d3e5d51c9a4fa40b8c11f156e9') in 0.0102043 seconds
[Worker3]  -> (artifact id: '00a6276ac8fd683bade3acc1bf0f5248') in 0.0119394 seconds
[Worker0] Start importing Packages/com.unity.mathematics/Tests using Guid(e3503cbca3a6645cb8298d5cecf03cec) Importer(2089858483,b0f066a214c2f5e87bad3c948f4d605d) 
[Worker0] (ScriptedImporter)
[Worker0]  -> (artifact id: '05ea5b7f73732f032007c88eab8fa46c') in 0.0034724 seconds
[Worker1] Start importing Packages/com.unity.shadergraph/Editor/Generation/Data using Guid(f78c50a65bb1b22409719a84b48ff794) Importer(2089858483,b0f066a214c2f5e87bad3c948f4d605d) 
[Worker1] (ScriptedImporter)
[Worker2] Start importing Packages/com.unity.2d.animation/Editor/Assets/SkinningModule/PastePanel.uxml using Guid(7bbb98f319252794fab775275aa2632d) Importer(2089858483,b0f066a214c2f5e87bad3c948f4d605d) 
[Worker2] (ScriptedImporter)
[Worker1]  -> (artifact id: 'be0d959a8df073bbff08b8f8053983a6') in 0.0037465 seconds
[Worker3] Start importing Packages/com.unity.2d.animation/IK/Editor/Inspectors using Guid(d12aa39b430d2fe44b043732d7d1d4aa) Importer(2089858483,b0f066a214c2f5e87bad3c948f4d605d) 
[Worker3] (ScriptedImporter)
[Worker3]  -> (artifact id: '070d303cc4fef07d58bba2387f4efed0') in 0.0036762 seconds
[Worker0] Start importing Packages/com.unity.2d.animation/Editor/Assets/EditorIcons/Selected/Copy.png using Guid(678095381d851334fb550c5032ba1a81) Importer(2089858483,b0f066a214c2f5e87bad3c948f4d605d) 
[Worker0] (ScriptedImporter)
[Worker2]  -> (artifact id: '8dc866c3921276b06961b10556112628') in 0.0151703 seconds
[Worker0]  -> (artifact id: 'd333e25af22bfd6932403eb50df6450f') in 0.0089382 seconds
[Worker1] Start importing Packages/com.unity.2d.animation/Editor/Assets/ComponentIcons/Animation.IKLimb On@128.png using Guid(a7509656986904778b9b80babc278b98) Importer(2089858483,b0f066a214c2f5e87bad3c948f4d605d) 
[Worker1] (ScriptedImporter)
[Worker3] Start importing Assets/EmeraldBunny/Art/chair_leg_middle_lower_fixed.png using Guid(27098e636a649194ab003272472560c8) Importer(2089858483,b0f066a214c2f5e87bad3c948f4d605d) 
[Worker3] (ScriptedImporter)
[Worker1]  -> (artifact id: '1dd6ce7793437f9ad61fbf6506b68581') in 0.0102078 seconds
[Worker3]  -> (artifact id: 'd131c4bd42611ac627feec674258d676') in 0.0082594 seconds
[Worker2] Start importing Assets/EmeraldBunny/Art/ear_left.png using Guid(3ca5a834b62f9394f9224cc4075ca482) Importer(2089858483,b0f066a214c2f5e87bad3c948f4d605d) 
[Worker2] (ScriptedImporter)
[Worker0] Start importing Assets/EmeraldBunny/Art/hand_right.png using Guid(72d900e1c5e34ae4d894e1860891f19c) Importer(2089858483,b0f066a214c2f5e87bad3c948f4d605d) 
[Worker0] (ScriptedImporter)
[Worker2]  -> (artifact id: '2cbea822f07e4ab65f3a51777aa80935') in 0.0081136 seconds
[Worker0]  -> (artifact id: '7a1033aa2fb14a63344a3b32f63fc3de') in 0.0095236 seconds
[Worker3] Start importing Packages/com.unity.burst/Runtime/Intrinsics using Guid(6fbd9c5e397237e28650cb957742c782) Importer(2089858483,b0f066a214c2f5e87bad3c948f4d605d) 
[Worker3] (ScriptedImporter)
[Worker1] Start importing Packages/com.unity.shadergraph/Editor/Data/Legacy using Guid(624f34d4e59649fd80163f3590d97d73) Importer(2089858483,b0f066a214c2f5e87bad3c948f4d605d) 
[Worker1] (ScriptedImporter)
[Worker3]  -> (artifact id: '3480bc6e04255831f5ac2cc7c5036dd4') in 0.004208 seconds
[Worker1]  -> (artifact id: 'c8be342f3e8d4e64cb05e904b1c80fc7') in 0.0038882 seconds
[Worker2] Start importing Assets/EmeraldBunny/Generated/Meshes/spread_front_toe_4.asset using Guid(608b3f0f671027443955df0dc97cf94f) Importer(2089858483,b0f066a214c2f5e87bad3c948f4d605d) 
[Worker2] (ScriptedImporter)
[Worker2]  -> (artifact id: '21736952a483a630277f318504872bd1') in 0.0070702 seconds
[Worker0] Start importing Assets/EmeraldBunny/Generated/Materials/cuff_left.mat using Guid(e1d685b6a7b49ad4c8b0d16fb715420c) Importer(2089858483,b0f066a214c2f5e87bad3c948f4d605d) 
[Worker0] (ScriptedImporter)
[Worker0]  -> (artifact id: '36da98f3cc319e9cf0d4990a4669e801') in 0.0065037 seconds
[Worker3] Start importing Packages/com.unity.inputsystem/Tests/TestFixture using Guid(e349610bc4b1546dd94c6dab37414d2b) Importer(2089858483,b0f066a214c2f5e87bad3c948f4d605d) 
[Worker3] (ScriptedImporter)
[Worker1] Start importing Packages/com.unity.test-framework/Tests/TestNewCustomAssembly using Guid(ca0e5e7973267894ca8e1dceb2210ee5) Importer(2089858483,b0f066a214c2f5e87bad3c948f4d605d) 
[Worker1] (ScriptedImporter)
[Worker3]  -> (artifact id: 'e9049b098d9c5dd21c2849a2da1e666d') in 0.0037637 seconds
[Worker1]  -> (artifact id: '7db619a230d3d9ad9a432110198d7a4d') in 0.0033903 seconds
[Worker2] Start importing Packages/com.unity.2d.animation/Editor/Assets/SkinningModule/BoneReparentWindow.uxml using Guid(d195aed64b2027a4197eb33df30324a3) Importer(2089858483,b0f066a214c2f5e87bad3c948f4d605d) 
[Worker2] (ScriptedImporter)
[Worker0] Start importing Assets/Resources/Shaders/ParticleAdd.shader using Guid(d4e7b1c8a9f04e6ab2c3d5e7f8091a2b) Importer(2089858483,b0f066a214c2f5e87bad3c948f4d605d) 
[Worker0] (ScriptedImporter)
[Worker2]  -> (artifact id: '1ed10c92ca53e19c69efeb7a1bdf7aec') in 0.0103319 seconds
[Worker0]  -> (artifact id: 'b41a36baa605423c4bbbc937ba0e0f92') in 0.0058153 seconds
[Worker3] Start importing Packages/com.unity.2d.animation/Editor/Assets/EditorIcons/Light/SetPivot64.png using Guid(36872ff13cf1043888addd7fc4279cf9) Importer(2089858483,b0f066a214c2f5e87bad3c948f4d605d) 
[Worker3] (ScriptedImporter)
[Worker1] Start importing Packages/com.unity.ugui/Runtime/UGUI/UI/Core/SpecializedCollections using Guid(f8ed4321a98682942b9980996131cf26) Importer(2089858483,b0f066a214c2f5e87bad3c948f4d605d) 
[Worker1] (ScriptedImporter)
[Worker1]  -> (artifact id: 'b9ebd61ea38485d8c59953a159d1918f') in 0.0035142 seconds
[Worker3]  -> (artifact id: '3cb34a29d934c2c6238cda7de9ce488e') in 0.0091439 seconds
[Worker2] Start importing Assets/EmeraldBunny/Generated/Materials/toeAir5_lower_front.mat using Guid(381dc303c82c7f245922cd123fe4cfdd) Importer(2089858483,b0f066a214c2f5e87bad3c948f4d605d) 
[Worker2] (ScriptedImporter)
[Worker0] Start importing Packages/com.unity.2d.animation/Editor/Assets/ComponentIcons/Animation.SpriteLibrary.asset using Guid(33f954c4cbc334f2f92518b5f4a95a11) Importer(2089858483,b0f066a214c2f5e87bad3c948f4d605d) 
[Worker0] (ScriptedImporter)
[Worker2]  -> (artifact id: '45410757111f257d0dc7a2dda73eac85') in 0.005893 seconds
[Worker1] Start importing Assets/EmeraldBunny/Generated/Meshes/waist_chain.asset using Guid(6d1d75fec16f25848813dd894380deca) Importer(2089858483,b0f066a214c2f5e87bad3c948f4d605d) 
[Worker1] (ScriptedImporter)
[Worker0]  -> (artifact id: '57d9ac845a9e5d14d2a292ed01dc1202') in 0.0109499 seconds
[Worker3] Start importing Assets/EmeraldBunny/Art/chair_leg_frontleft.png using Guid(d54fe08d6ad33f54bb04c6c47164257c) Importer(2089858483,b0f066a214c2f5e87bad3c948f4d605d) 
[Worker3] (ScriptedImporter)
[Worker1]  -> (artifact id: '37f209f5ce846098c01baf7cac944283') in 0.0049057 seconds
[Worker3]  -> (artifact id: '0627c35252092f4acc318e586deef011') in 0.0078399 seconds
[Worker2] Start importing Packages/com.unity.render-pipelines.universal/Runtime/History using Guid(7fa8531ba890645b5ada88ae8af5f77a) Importer(2089858483,b0f066a214c2f5e87bad3c948f4d605d) 
[Worker2] (ScriptedImporter)
[Worker2]  -> (artifact id: '120aac7e9fed99c1465774beee3281f5') in 0.0037807 seconds
[Worker0] Start importing Packages/com.unity.test-framework.performance/Runtime/Meters using Guid(29eafdd9eaae4d7995048ee61cd0b7d2) Importer(2089858483,b0f066a214c2f5e87bad3c948f4d605d) 
[Worker0] (ScriptedImporter)
[Worker1] Start importing Packages/com.unity.2d.animation/Editor/Assets/ComponentIcons/Animation.SpriteResolver On@64.png using Guid(1223ca7d04e5a4ad08a8d648c4e2a09e) Importer(2089858483,b0f066a214c2f5e87bad3c948f4d605d) 
[Worker0]  -> (artifact id: '767b68efe81c6430dd4ee67f37b6f638') in 0.0028528 seconds
[Worker1] (ScriptedImporter)
[Worker1]  -> (artifact id: 'ace967964c543c80f8a344c82c441fae') in 0.0115727 seconds
[Worker3] Start importing Packages/com.unity.inputsystem/InputSystem/Editor/Icons using Guid(4dc89088b67654c86810b41295276666) Importer(2089858483,b0f066a214c2f5e87bad3c948f4d605d) 
[Worker3] (ScriptedImporter)
[Worker3]  -> (artifact id: 'b7e69f7377abde1fe46f17b9afc824b4') in 0.0048059 seconds
[Worker2] Start importing Assets/Resources using Guid(9f1e2d3c4b5a69788776655443322110) Importer(2089858483,b0f066a214c2f5e87bad3c948f4d605d) 
[Worker2] (ScriptedImporter)
[Worker2]  -> (artifact id: '6c8e2b157e32eb87647ef5948b090d1e') in 0.0030184 seconds
[Worker0] Start importing Assets/EmeraldBunny/Generated/Materials/chair_all.mat using Guid(e9ba034f7709db140945ee50deb82a56) Importer(2089858483,b0f066a214c2f5e87bad3c948f4d605d) 
[Worker0] (ScriptedImporter)
[Worker0]  -> (artifact id: '8648dd31fda3e57c6ec20d863dbe0493') in 0.0085783 seconds
[Worker1] Start importing Packages/com.unity.2d.animation/Editor/Assets/EditorIcons/Selected/Weight_Brush@3x.png using Guid(3e6e6fbbd946d0541923f45f4eaa2cf1) Importer(2089858483,b0f066a214c2f5e87bad3c948f4d605d) 
[Worker1] (ScriptedImporter)
[Worker1]  -> (artifact id: '8f9152ca2d9a7e79ba47ee484d1e7435') in 0.0074039 seconds
[Worker3] Start importing Packages/com.unity.2d.sprite/Editor/SpriteEditorModule/SpriteFrameModule/SpriteFrameEditor using Guid(2d68391cb3f74b2c93616b2a26d7b85f) Importer(2089858483,b0f066a214c2f5e87bad3c948f4d605d) 
[Worker3] (ScriptedImporter)
[Worker2] Start importing Packages/com.unity.inputsystem/InputSystem/Editor/ProjectWideActions using Guid(949d73ae1e0166c469c8706d4d7a21c7) Importer(2089858483,b0f066a214c2f5e87bad3c948f4d605d) 
[Worker2] (ScriptedImporter)
[Worker3]  -> (artifact id: '3824596aae1f3e451ab81bf84cc90df1') in 0.0035968 seconds
[Worker2]  -> (artifact id: 'a98cc3ec8e8263a5013ad7f56163b00e') in 0.0024732 seconds
[Worker0] Start importing Packages/com.unity.2d.animation/Editor/SkinningModule/SkinningSerializer using Guid(6a526b93b1b26d040a197bb4ffe84ba1) Importer(2089858483,b0f066a214c2f5e87bad3c948f4d605d) 
[Worker0] (ScriptedImporter)
[Worker0]  -> (artifact id: '707d8d3a5fed68f22c114a4a14023514') in 0.0035347 seconds
[Worker1] Start importing Packages/com.unity.2d.animation/Editor/Assets/EditorIcons/Light/Mesh@4x.png using Guid(953b8abb3b6548c4294b547c2f473be0) Importer(2089858483,b0f066a214c2f5e87bad3c948f4d605d) 
[Worker1] (ScriptedImporter)
[Worker1]  -> (artifact id: 'd13c8c29fcb6b06b1666bc4167950e3b') in 0.0096869 seconds
[Worker3] Start importing Assets/EmeraldBunny/Art/chair_all.png using Guid(3803c42660e9dc1478ac0b39ecb8c1eb) Importer(2089858483,b0f066a214c2f5e87bad3c948f4d605d) 
[Worker3] (ScriptedImporter)
[Worker2] Start importing Packages/com.unity.shadergraph/Editor/Data/Nodes/UV using Guid(f9c248f478f706147ba7b8a660035472) Importer(2089858483,b0f066a214c2f5e87bad3c948f4d605d) 
[Worker2] (ScriptedImporter)
[Worker2]  -> (artifact id: 'a17e2cee57ac25312264cce9963f6b3e') in 0.0037691 seconds
[Worker3]  -> (artifact id: '634bc482599fe9f7987b1fa2ac238258') in 0.0071934 seconds
[Worker0] Start importing Assets/EmeraldBunny/Generated/Materials/toeGround2_lower_rear.mat using Guid(b589e2e55f3ce34438f03cd05b7b682e) Importer(2089858483,b0f066a214c2f5e87bad3c948f4d605d) 
[Worker0] (ScriptedImporter)
[Worker0]  -> (artifact id: 'da2e385379cb3ee39388d916f51a7eba') in 0.0058605 seconds
[Worker1] Start importing Packages/com.unity.2d.animation/Editor/Assets/EditorIcons/Dark/d_Split_Edge@4x.png using Guid(ed130aac49764ad4f9d35454c297b75a) Importer(2089858483,b0f066a214c2f5e87bad3c948f4d605d) 
[Worker1] (ScriptedImporter)
[Worker2] Start importing Packages/com.unity.2d.animation/Editor/Assets/EditorIcons/Selected/Parent_Bone@3x.png using Guid(6f4409ce938bf9447a36e531f7755ca7) Importer(2089858483,b0f066a214c2f5e87bad3c948f4d605d) 
[Worker2] (ScriptedImporter)
[Worker1]  -> (artifact id: 'f645a1a87a1a9128f2540e36017c2f6d') in 0.0089687 seconds
[Worker2]  -> (artifact id: '527da5408183aad09df55205afc6bcfd') in 0.0070374 seconds
[Worker1] Start importing Packages/com.unity.2d.animation/Editor/Assets/ComponentIcons using Guid(f58d83d2792f0450fb7aec0238f4a067) Importer(2089858483,b0f066a214c2f5e87bad3c948f4d605d) 
[Worker2] Start importing Packages/com.unity.ugui/Editor Resources/Gizmos using Guid(e93ec7eb6de342aabd156833e253f838) Importer(2089858483,b0f066a214c2f5e87bad3c948f4d605d) 
[Worker1] (ScriptedImporter)
[Worker2] (ScriptedImporter)
[Worker3] Start importing Packages/com.unity.shadergraph/Editor/Resources/Icons using Guid(f4d6d4aaf7f25a14fb15dabc0b24d7ef) Importer(2089858483,b0f066a214c2f5e87bad3c948f4d605d) 
[Worker0] Start importing Assets/EmeraldBunny/Generated/Materials/hair_leftside.mat using Guid(20b79dcb69f7e9341806966e78ffe6c0) Importer(2089858483,b0f066a214c2f5e87bad3c948f4d605d) 
[Worker3] (ScriptedImporter)
[Worker0] (ScriptedImporter)
[Worker1]  -> (artifact id: '920bda5000bc6d95c7421519e5aa3567') in 0.0051179 seconds
[Worker2]  -> (artifact id: '915b55a583945108a212b9762f4b7dcd') in 0.0049783 seconds
[Worker3]  -> (artifact id: '26464a0e9966b1ade06ecaec79030f35') in 0.0051643 seconds
[Worker0]  -> (artifact id: '0d1b69314c1b4e82eb50f177fff0d576') in 0.0075904 seconds
[Worker2] Start importing Packages/com.unity.render-pipelines.core/Runtime/GPUDriven using Guid(c54d18b06b9c0f64db431a9751e89877) Importer(2089858483,b0f066a214c2f5e87bad3c948f4d605d) 
[Worker2] (ScriptedImporter)
[Worker1] Start importing Assets/EmeraldBunny/Generated/Materials/leg_rear_calf_lower_rear.mat using Guid(8a71b9a64d2e20447ae8aed45b155cf5) Importer(2089858483,b0f066a214c2f5e87bad3c948f4d605d) 
[Worker3] Start importing Packages/com.unity.render-pipelines.core/Editor-PrivateShared using Guid(50e0a64c6fdb90f48a1dbcfa7af69056) Importer(2089858483,b0f066a214c2f5e87bad3c948f4d605d) 
[Worker1] (ScriptedImporter)
[Worker3] (ScriptedImporter)
[Worker2]  -> (artifact id: '545fe2a6ea9bb1c5976f0a91653b8ba3') in 0.0039294 seconds
[Worker0] Start importing Packages/com.unity.2d.animation/Editor/Assets/SkinningModule/BoneReparentStyle.uss using Guid(bba2f5e225fa49144a222787bfb6bcdf) Importer(2089858483,b0f066a214c2f5e87bad3c948f4d605d) 
[Worker0] (ScriptedImporter)
[Worker3]  -> (artifact id: '9111685b77cdf3652a374139d59498b6') in 0.004151 seconds
[Worker1]  -> (artifact id: '6e597f8335c88a0c8d9595d2a64948e7') in 0.0066443 seconds
[Worker0]  -> (artifact id: 'c9ca258b9f3141eebfb25b17bb3dfe9a') in 0.0055268 seconds
[Worker2] Start importing Packages/com.unity.2d.animation/Editor/Assets/EditorIcons/Light/Edit_Joints@3x.png using Guid(da6b55611e420f443a65d0be7a8f8719) Importer(2089858483,b0f066a214c2f5e87bad3c948f4d605d) 
[Worker2] (ScriptedImporter)
[Worker1] Start importing Assets/EmeraldBunny using Guid(5d2c3981a86daa641a74b4eaa4a2293d) Importer(2089858483,b0f066a214c2f5e87bad3c948f4d605d) 
[Worker1] (ScriptedImporter)
[Worker3] Start importing Packages/com.unity.render-pipelines.core/Runtime/PostProcessing using Guid(9e73364bb6949f24d93418df2ba0c1b1) Importer(2089858483,b0f066a214c2f5e87bad3c948f4d605d) 
[Worker3] (ScriptedImporter)
[Worker0] Start importing Packages/com.unity.2d.animation/CHANGELOG.md using Guid(29c81981f22b24a2c8585a80ec3ee610) Importer(2089858483,b0f066a214c2f5e87bad3c948f4d605d) 
[Worker0] (ScriptedImporter)
[Worker1]  -> (artifact id: '1e36693381b5e584e5847c2332f876ba') in 0.0036967 seconds
[Worker3]  -> (artifact id: 'd6a566c0e3817f772b6f2890d1ac5f93') in 0.0034093 seconds
[Worker2]  -> (artifact id: 'b859dc586e4e9abdf8808d1eaf31ad5e') in 0.0083864 seconds
[Worker0]  -> (artifact id: 'd7e06ac7e7d3f6a848251b25679a68f4') in 0.0050615 seconds
[Worker2] Start importing Assets/EmeraldInochi/Resources/Inochi/EmeraldBunny.bytes using Guid(20bb6b1075273c34e86b5175a07862db) Importer(2089858483,b0f066a214c2f5e87bad3c948f4d605d) 
[Worker2] (ScriptedImporter)
[Worker3] Start importing Assets/Resources/Art/Characters/C001/Puppet/landmarks.json using Guid(d3e4f5061728394a5b6c7d8e9f012345) Importer(2089858483,b0f066a214c2f5e87bad3c948f4d605d) 
[Worker3] (ScriptedImporter)
[Worker3]  -> (artifact id: 'ab92b991ed3c81d12e6fa89102c3a87d') in 0.0050719 seconds
[Worker1] Start importing Assets/EmeraldBunny/Generated/Materials/bow_tails.mat using Guid(bb3c7c74375368a4d9a1f602ba2b53a3) Importer(2089858483,b0f066a214c2f5e87bad3c948f4d605d) 
[Worker1] (ScriptedImporter)
[Worker0] Start importing Assets/EmeraldBunny/Art/hair_fringe.png using Guid(5d1299acc2c38164a96af607533a3227) Importer(2089858483,b0f066a214c2f5e87bad3c948f4d605d) 
[Worker0] (ScriptedImporter)
[Worker2]  -> (artifact id: '4967ad9260e68a44dff61414b6f72c71') in 0.0116009 seconds
[Worker1]  -> (artifact id: '4148f4c0f33033300ffbb9a1864384b8') in 0.0065087 seconds
[Worker0]  -> (artifact id: '78fe5f8151d44b884000f51bdadf2c50') in 0.0108691 seconds
[Worker3] Start importing Packages/com.unity.2d.animation/Editor/SkinningModule/SkinningCache/SkinningEnums.cs using Guid(3a361ade0d5860841861f16877a7a43d) Importer(2089858483,b0f066a214c2f5e87bad3c948f4d605d) 
[Worker3] (ScriptedImporter)
[Worker3]  -> (artifact id: '7812de2916e9b341c4fca823299803c6') in 0.0043669 seconds
[Worker2] Start importing Assets/EmeraldBunny/Art/toeGround2_lower_rear.png using Guid(cf5a466558754474a8fb53c14ec682ec) Importer(2089858483,b0f066a214c2f5e87bad3c948f4d605d) 
[Worker2] (ScriptedImporter)
[Worker1] Start importing Packages/com.unity.2d.animation/Editor/Assets/EditorIcons/Light/Weight_Brush@4x.png using Guid(3dd5e5c693a816e4f96b869f6465955b) Importer(2089858483,b0f066a214c2f5e87bad3c948f4d605d) 
[Worker0] Start importing Packages/com.unity.2d.animation/Editor/Assets using Guid(4cdf803ccba4203428cf760a394d701f) Importer(2089858483,b0f066a214c2f5e87bad3c948f4d605d) 
[Worker1] (ScriptedImporter)
[Worker0] (ScriptedImporter)
[Worker0]  -> (artifact id: 'c7c0d814c792b68a98b27835e09c8373') in 0.0037595 seconds
[Worker2]  -> (artifact id: '3b460296019efbbc2322e2be3f55b896') in 0.0073679 seconds
[Worker1]  -> (artifact id: '4257f3eeb7a8d922c69f6e817af44b76') in 0.0102942 seconds
[Worker3] Start importing Assets/EmeraldBunny/Generated/Materials/eyeL_white.mat using Guid(cdfd4a873466c8d49894921cca76ff05) Importer(2089858483,b0f066a214c2f5e87bad3c948f4d605d) 
[Worker3] (ScriptedImporter)
[Worker3]  -> (artifact id: 'c5c2fcebf3995761ee14ea496ee4d44b') in 0.0057492 seconds
[Worker2] Start importing Packages/com.unity.2d.common/Editor/Unity.2D.Common.Editor.asmdef using Guid(bd2461be96e5f744bbe6bdbc5276eb61) Importer(2089858483,b0f066a214c2f5e87bad3c948f4d605d) 
[Worker2] (ScriptedImporter)
[Worker0] Start importing Assets/EmeraldBunny/Generated/Meshes/foot_ground_lower_fixed.asset using Guid(35dd579f2b30ec84c9ddcd68b680603b) Importer(2089858483,b0f066a214c2f5e87bad3c948f4d605d) 
[Worker0] (ScriptedImporter)
[Worker1] Start importing Packages/com.unity.shadergraph/Editor/Data/Nodes/Math using Guid(e63f07e66d070412bb6e9582ca1eba72) Importer(2089858483,b0f066a214c2f5e87bad3c948f4d605d) 
[Worker2]  -> (artifact id: '79da3b97e2f8ad0ec5f0587fe3a63ccc') in 0.0042712 seconds
[Worker1] (ScriptedImporter)
[Worker1]  -> (artifact id: '8d824928306e65b9b2a3e808b6442e61') in 0.0040327 seconds
[Worker0]  -> (artifact id: 'c815d525a493a79ad9a1f42b4d6f2145') in 0.0057428 seconds
[Worker3] Start importing Packages/com.unity.2d.animation/Editor/SpriteLib/SpriteLibrarySourceAsset using Guid(28310f24dad9e47eab113c1d68e8a734) Importer(2089858483,b0f066a214c2f5e87bad3c948f4d605d) 
[Worker3] (ScriptedImporter)
[Worker3]  -> (artifact id: '1c87cee5aa12f5a76b5645fcdb44332b') in 0.0040277 seconds
[Worker2] Start importing Packages/com.unity.2d.animation/Editor/Assets/EditorIcons/Light/Edit_Joints.png using Guid(e7b30dca77466b8478690c280b0010ea) Importer(2089858483,b0f066a214c2f5e87bad3c948f4d605d) 
[Worker2] (ScriptedImporter)
[Worker0] Start importing Assets/Scripts/Resonance.Battle/Core/BattleSim.Commands.cs using Guid(3052f0441147492449eb34388dd29178) Importer(2089858483,b0f066a214c2f5e87bad3c948f4d605d) 
[Worker0] (ScriptedImporter)
[Worker0]  -> (artifact id: '0a6a845e02b32aa276f0ba4574552b58') in 0.0044051 seconds
[Worker2]  -> (artifact id: '4ba882e1cf582f2c5c9eb4aacc3c68c0') in 0.0092309 seconds
[Worker1] Start importing Packages/com.unity.inputsystem/InputSystem/Plugins/DualShock using Guid(6eefa91e7a89647338245ee3818141d1) Importer(2089858483,b0f066a214c2f5e87bad3c948f4d605d) 
[Worker1] (ScriptedImporter)
[Worker1]  -> (artifact id: '8108ae39d9290ff0ccb0d77850ac10c9') in 0.0043513 seconds
[Worker3] Start importing Packages/com.unity.shadergraph/GraphTemplates/Cross Pipeline using Guid(15b418f3a4e2a7f40ac71211fd58d4ec) Importer(2089858483,b0f066a214c2f5e87bad3c948f4d605d) 
[Worker3] (ScriptedImporter)
[Worker3]  -> (artifact id: '8315b370d3fb5c0a064934b496fb07d4') in 0.0031959 seconds
[Worker0] Start importing Packages/com.unity.modules.unitywebrequestaudio using Guid(38e3a8976f0b9c586b6dfbcef4e4066c) Importer(2089858483,b0f066a214c2f5e87bad3c948f4d605d) 
[Worker0] (ScriptedImporter)
[Worker0]  -> (artifact id: '5999ef23577847f73ddeb06d698091c1') in 0.003641 seconds
[Worker2] Start importing Packages/com.unity.render-pipelines.core/Tests/Editor using Guid(278a7d565ddb1e840ac57ad1bb121e56) Importer(2089858483,b0f066a214c2f5e87bad3c948f4d605d) 
[Worker2] (ScriptedImporter)
[Worker2]  -> (artifact id: 'a2cc174e7b352e78e10dbb723bb085ab') in 0.0030419 seconds
[Worker3] Start importing Packages/com.unity.render-pipelines.universal/Editor/ShaderGraph/Targets using Guid(d27a56a5783f89e409983f9a35efe7cc) Importer(2089858483,b0f066a214c2f5e87bad3c948f4d605d) 
[Worker1] Start importing Packages/com.unity.2d.animation/Editor/Assets/ComponentIcons/d_Animation.SpriteLibrary@32.png using Guid(75f06dda60070420793cf5b254fcf8f7) Importer(2089858483,b0f066a214c2f5e87bad3c948f4d605d) 
[Worker3] (ScriptedImporter)
[Worker1] (ScriptedImporter)
[Worker3]  -> (artifact id: '4096d4cd80379c18efa766554809560c') in 0.002981 seconds
[Worker1]  -> (artifact id: 'f797b89c6425e6ad1c3eb096fb384669') in 0.0088503 seconds
[Worker0] Start importing Assets/EmeraldBunny/Art/toeAir1_lower_front.png using Guid(3d63204d4408fcb44a9dec8bbf4ce5b1) Importer(2089858483,b0f066a214c2f5e87bad3c948f4d605d) 
[Worker0] (ScriptedImporter)
[Worker0]  -> (artifact id: '34f7916faf37d9da7fd928a45282f494') in 0.0102571 seconds
[Worker3] Start importing Assets/Resources/Art/Characters/C001/Puppet/puppet.json using Guid(c2d3e4f5061728394a5b6c7d8e9f0123) Importer(2089858483,b0f066a214c2f5e87bad3c948f4d605d) 
[Worker3] (ScriptedImporter)
[Worker3]  -> (artifact id: 'd383b273924082e9b534f3ecfb74ff62') in 0.0033332 seconds
[Worker1] Start importing Packages/com.unity.render-pipelines.universal/Editor/BuildProcessors/GraphicsSettingsStrippers using Guid(2f3616b2dfb87f24b87d934d1c8ea882) Importer(2089858483,b0f066a214c2f5e87bad3c948f4d605d) 
[Worker1] (ScriptedImporter)
[Worker1]  -> (artifact id: '180fa3b056f4c7e497d62f7c1ecd33fc') in 0.0031446 seconds
[Worker2] Start importing Assets/EmeraldBunny/Generated/Meshes/leg_front_knee.asset using Guid(d2d0805ecb8f7f84aab592b7b3e19713) Importer(2089858483,b0f066a214c2f5e87bad3c948f4d605d) 
[Worker2] (ScriptedImporter)
[Worker2]  -> (artifact id: 'b0b98d939fe245d3ec8307382fdd49bb') in 0.0066246 seconds
[Worker3] Start importing Packages/com.unity.inputsystem/Tests using Guid(f1c1e9b3951e340e48a3d2c037d6f48b) Importer(2089858483,b0f066a214c2f5e87bad3c948f4d605d) 
[Worker3] (ScriptedImporter)
[Worker0] Start importing Packages/com.unity.render-pipelines.core/Editor/Tools/MaterialUpgrader using Guid(50a860756cfb850468867cc0b3e55a5a) Importer(2089858483,b0f066a214c2f5e87bad3c948f4d605d) 
[Worker3]  -> (artifact id: '191e78f48c4310571ca6ff86af97a855') in 0.0036035 seconds
[Worker0] (ScriptedImporter)
[Worker0]  -> (artifact id: '276b003cacbbcf971f6add71d818020f') in 0.002731 seconds
[Worker1] Start importing Packages/com.unity.shadergraph/Editor/Data/Nodes/Utility/Logic using Guid(1c5103f75b5ec7445bb4c7b5a36f6aec) Importer(2089858483,b0f066a214c2f5e87bad3c948f4d605d) 
[Worker1] (ScriptedImporter)
[Worker2] Start importing Assets/EmeraldBunny/Generated/Materials/irisL.mat using Guid(e0ebfc87d23a40145811e657a1529912) Importer(2089858483,b0f066a214c2f5e87bad3c948f4d605d) 
[Worker2] (ScriptedImporter)
[Worker1]  -> (artifact id: '48d6355c34bddd87e9c7af721b0704ab') in 0.0038705 seconds
[Worker2]  -> (artifact id: '8a19ee6bb3af9b52f1c52945cbefe54b') in 0.0062407 seconds
[Worker3] Start importing Packages/com.unity.render-pipelines.universal/Editor/VFXGraph/Shaders/Templates using Guid(ce87f332afb5ca24ca5486d4bf5caa15) Importer(2089858483,b0f066a214c2f5e87bad3c948f4d605d) 
[Worker3] (ScriptedImporter)
[Worker0] Start importing Assets/EmeraldBunny/Generated/Meshes/chair_base_lower_fixed.asset using Guid(7cc90339d1f86d84580660daf1bfb552) Importer(2089858483,b0f066a214c2f5e87bad3c948f4d605d) 
[Worker0] (ScriptedImporter)
[Worker3]  -> (artifact id: '0636dbbe143f09297a006368c300c11b') in 0.0041017 seconds
[Worker1] Start importing Assets/EmeraldBunny/Generated/Meshes/mouth.asset using Guid(0f3665c3e366b1349a9d5e0191a04117) Importer(2089858483,b0f066a214c2f5e87bad3c948f4d605d) 
[Worker1] (ScriptedImporter)
[Worker0]  -> (artifact id: '3aaf21ef0d87ba344454ba6089f92d44') in 0.0065101 seconds
[Worker2] Start importing Packages/com.unity.2d.animation/Editor/Assets/ComponentIcons/Animation.IKFabrik On@32.png using Guid(f59542040dc5448459691fb41515f463) Importer(2089858483,b0f066a214c2f5e87bad3c948f4d605d) 
[Worker2] (ScriptedImporter)
[Worker1]  -> (artifact id: '1a27de83c04245f955469f29ee76488b') in 0.0047829 seconds
[Worker2]  -> (artifact id: '7584f3579ffaff037f4a45bb8f11e82e') in 0.0086557 seconds
[Worker3] Start importing Assets/Resources/Art/Characters/C001/LiveLayers using Guid(b2c3d4e5f6478901a2b3c4d5e6f7a8b9) Importer(2089858483,b0f066a214c2f5e87bad3c948f4d605d) 
[Worker3] (ScriptedImporter)
[Worker3]  -> (artifact id: 'a77519a259d684f259252ba6ecbee87a') in 0.0034477 seconds
[Worker1] Start importing Packages/com.unity.2d.animation/Editor/Assets/SkinningModule/BoneToolbar.uxml using Guid(c1808a8a0e94621468b171839da19a41) Importer(2089858483,b0f066a214c2f5e87bad3c948f4d605d) 
[Worker0] Start importing Assets/EmeraldBunny/Generated/Materials/leg_front_knee_lower_front.mat using Guid(1bff20cc9feeac94ca1e77f193736f39) Importer(2089858483,b0f066a214c2f5e87bad3c948f4d605d) 
[Worker0] (ScriptedImporter)
[Worker1] (ScriptedImporter)
[Worker2] Start importing Packages/com.unity.2d.sprite/Editor/SpriteEditor/SpriteEditorHintPopup/SpriteEditorHintPopup.uss using Guid(69524ff72550482dbe2ad3ae26b7f797) Importer(2089858483,b0f066a214c2f5e87bad3c948f4d605d) 
[Worker2] (ScriptedImporter)
[Worker0]  -> (artifact id: 'ff987de6113e8e807cf6c4810e6b4088') in 0.0073048 seconds
[Worker1]  -> (artifact id: '6a5564b7375b3b75e468e85d226631f8') in 0.0104111 seconds
[Worker2]  -> (artifact id: '226ab7aaff0313ed11e88d0462feff7a') in 0.0047818 seconds
[Worker3] Start importing Assets/EmeraldBunny/Generated/Meshes/lip_lower.asset using Guid(a499b80e51c4cb5499b3fd9b199dfb0f) Importer(2089858483,b0f066a214c2f5e87bad3c948f4d605d) 
[Worker3] (ScriptedImporter)
[Worker3]  -> (artifact id: '09e87e45dae33b3b6da5140a3318821e') in 0.0042397 seconds
[Worker1] Start importing Packages/com.unity.2d.animation/Editor/Assets/ComponentIcons/Animation.SpriteLibraryVar On.png using Guid(18115dbbb843441ac95e0b3a372d9807) Importer(2089858483,b0f066a214c2f5e87bad3c948f4d605d) 
[Worker2] Start importing Assets/EmeraldBunny/Generated/Meshes/leg_front_thigh_lower_rear.asset using Guid(008a2c63c053714419bc6208d537e950) Importer(2089858483,b0f066a214c2f5e87bad3c948f4d605d) 
[Worker2] (ScriptedImporter)
[Worker1] (ScriptedImporter)
[Worker0] Start importing Assets/Inochi2D/README.md using Guid(2e77a7f3a0009bd48b520cf56e4b5248) Importer(2089858483,b0f066a214c2f5e87bad3c948f4d605d) 
[Worker0] (ScriptedImporter)
[Worker2]  -> (artifact id: 'df8c60eaef14101d729ddc2f39b1b167') in 0.0054269 seconds
[Worker0]  -> (artifact id: '9ee59cb493d98b805fb5cb81bf28cb10') in 0.0039699 seconds
[Worker1]  -> (artifact id: 'be62cb51f10b3414dcee0c5ec40f8c41') in 0.0088585 seconds
[Worker3] Start importing Packages/com.unity.shadergraph/Editor/Generation/Targets/BuiltIn/Editor/ShaderGraph/AssetCallbacks using Guid(cebe13fbe292c6648ae282c4ce3908e8) Importer(2089858483,b0f066a214c2f5e87bad3c948f4d605d) 
[Worker3] (ScriptedImporter)
[Worker3]  -> (artifact id: 'fa9f2152039b082eea39ab47ef2d80ed') in 0.0038049 seconds
[Worker2] Start importing Packages/com.unity.render-pipelines.core/Tests/Editor/ShaderStripping using Guid(a869f30d596b98e41b8553703937b6e5) Importer(2089858483,b0f066a214c2f5e87bad3c948f4d605d) 
[Worker2] (ScriptedImporter)
[Worker2]  -> (artifact id: '4c065fb92651a599aeae8f5c940feac6') in 0.0035798 seconds
[Worker0] Start importing Packages/com.unity.2d.animation/Editor/Assets/EditorIcons/Light/False@2x.png using Guid(7d6f3490c59314e8f91123fe30ea8b98) Importer(2089858483,b0f066a214c2f5e87bad3c948f4d605d) 
[Worker0] (ScriptedImporter)
[Worker3] Start importing Packages/com.unity.2d.animation/Editor/Assets/EditorIcons/Light/Sprite_Influence.png using Guid(768531f76566d4b18bfe4ed7b21e5ce1) Importer(2089858483,b0f066a214c2f5e87bad3c948f4d605d) 
[Worker3] (ScriptedImporter)
[Worker1] Start importing Packages/com.unity.2d.animation/Editor/Assets/EditorIcons/Dark/d_Parent_Bone.png using Guid(8b8fa969cc0cac04b97330905b3dd95b) Importer(2089858483,b0f066a214c2f5e87bad3c948f4d605d) 
[Worker1] (ScriptedImporter)
[Worker0]  -> (artifact id: '320dd25dc9fd8dad87a21b2649793fde') in 0.0083786 seconds
[Worker3]  -> (artifact id: 'b8491fb152c4979283fd2f96688de851') in 0.0073118 seconds
[Worker1]  -> (artifact id: '9f3a3d12eafc525991ceb7b0c5fcdc62') in 0.0136074 seconds
[Worker2] Start importing Assets/Scripts/Resonance.Battle/Save using Guid(c0b1e004444444444444444444444444) Importer(2089858483,b0f066a214c2f5e87bad3c948f4d605d) 
[Worker2] (ScriptedImporter)
[Worker2]  -> (artifact id: '3b43ce9db2fbd22e3e2813bb9b819788') in 0.0028133 seconds
[Worker0] Start importing Packages/com.unity.shadergraph/Editor/Data/SubGraph using Guid(605eb5c5a280c014fa0952cd022f2579) Importer(2089858483,b0f066a214c2f5e87bad3c948f4d605d) 
[Worker0] (ScriptedImporter)
[Worker3] Start importing Packages/com.unity.ugui/Tests/Runtime/UGUI/EventSystem using Guid(ab93e1a81defc3243a6e9cd0df3cb443) Importer(2089858483,b0f066a214c2f5e87bad3c948f4d605d) 
[Worker3] (ScriptedImporter)
[Worker3]  -> (artifact id: 'a7a21af86371c90ac8453453458c9ebd') in 0.0026196 seconds
[Worker0]  -> (artifact id: 'c197800c105b505874229c1c076e8a10') in 0.003713 seconds
[Worker1] Start importing Packages/com.unity.test-framework/UnityEngine.TestRunner/Assertions using Guid(1ad55f5ad04d1d045a1f287409c650dd) Importer(2089858483,b0f066a214c2f5e87bad3c948f4d605d) 
[Worker1] (ScriptedImporter)
[Worker1]  -> (artifact id: 'abd455b786b433e48298f5d6b1d4b1dd') in 0.0027952 seconds
[Worker2] Start importing Packages/com.unity.2d.sprite/LICENSE.md using Guid(20ef7441e2dc7954c9ba3a12ffbac4d9) Importer(2089858483,b0f066a214c2f5e87bad3c948f4d605d) 
[Worker2] (ScriptedImporter)
[Worker2]  -> (artifact id: '9b8d0ec6f3f4fe60c6e64d1fad0b819c') in 0.0046857 seconds
[Worker0] Start importing Packages/com.unity.render-pipelines.core/Editor-PrivateShared/AssetCallbacks using Guid(d2b6d2a66db8e07418eae9d75a2ebb55) Importer(2089858483,b0f066a214c2f5e87bad3c948f4d605d) 
[Worker0] (ScriptedImporter)
[Worker3] Start importing Packages/com.unity.2d.animation/Editor/Assets/EditorIcons/Dark/d_character_Mode@4x.png using Guid(395f6b9556f14704790df6035be6ee3a) Importer(2089858483,b0f066a214c2f5e87bad3c948f4d605d) 
[Worker3] (ScriptedImporter)
[Worker0]  -> (artifact id: 'e4c2f3cccd1133264a402c687d368bf4') in 0.004543 seconds
[Worker1] Start importing Packages/com.unity.2d.animation/Editor/Assets/EditorIcons/Selected/Generate_Geometry.png using Guid(41842964c48860f46b45e7b3d5986e07) Importer(2089858483,b0f066a214c2f5e87bad3c948f4d605d) 
[Worker1] (ScriptedImporter)
[Worker3]  -> (artifact id: 'dad63aee45018c0d967fa1363922b8d7') in 0.012233 seconds
[Worker1]  -> (artifact id: 'cb835072494bc74c20d80383e5332473') in 0.0098424 seconds
[Worker2] Start importing Packages/com.unity.render-pipelines.universal/Shaders/Utils using Guid(593842fd4bfffcc41877fd07df639f3c) Importer(2089858483,b0f066a214c2f5e87bad3c948f4d605d) 
[Worker2] (ScriptedImporter)
[Worker2]  -> (artifact id: 'ad0bc4c129f5f85f2c8c8fb21778daa9') in 0.0035445 seconds
[Worker0] Start importing Packages/com.unity.ide.visualstudio/Editor using Guid(4a707af59e3522d43afe34dfc4429b86) Importer(2089858483,b0f066a214c2f5e87bad3c948f4d605d) 
[Worker0] (ScriptedImporter)
[Worker3] Start importing Packages/com.unity.2d.animation/Editor/Assets/ComponentIcons/Animation.IKFabrik On.png using Guid(9efb82d91ad0e4fdfbf6a09635f9d78d) Importer(2089858483,b0f066a214c2f5e87bad3c948f4d605d) 
[Worker3] (ScriptedImporter)
[Worker0]  -> (artifact id: '966be4a6408dbf97958d0518561297a9') in 0.0048252 seconds
[Worker3]  -> (artifact id: '52d315f55f11e47bc00ce372f34aab4d') in 0.0113756 seconds
[Worker1] Start importing Packages/com.unity.2d.animation/Editor/Assets/ComponentIcons/d_Animation.SpriteLibrary@128.png using Guid(7c1d940f1184e44269a954817b343570) Importer(2089858483,b0f066a214c2f5e87bad3c948f4d605d) 
[Worker1] (ScriptedImporter)
[Worker2] Start importing Packages/com.unity.2d.animation/Editor/Assets/EditorIcons/Dark/d_Bone@2x.png using Guid(17d971605cfbaea47b0d10b0b5dbc406) Importer(2089858483,b0f066a214c2f5e87bad3c948f4d605d) 
[Worker2] (ScriptedImporter)
[Worker1]  -> (artifact id: '4dd5d349b4144c26b932ec46eb8396c5') in 0.0101028 seconds
[Worker0] Start importing Packages/com.unity.render-pipelines.core/Tests/Editor/XR using Guid(6c39937ba9ca4a3d9bfd4613712ac88e) Importer(2089858483,b0f066a214c2f5e87bad3c948f4d605d) 
[Worker0] (ScriptedImporter)
[Worker2]  -> (artifact id: '943164e561f800798c832d8f052181a0') in 0.0103344 seconds
[Worker0]  -> (artifact id: '7e2fc62ddfbb57cc369c16afc0dff392') in 0.0034268 seconds
[Worker3] Start importing Assets/EmeraldBunny/Art/hair_braid.png using Guid(4c88708b15eb9934881eb870cd819796) Importer(2089858483,b0f066a214c2f5e87bad3c948f4d605d) 
[Worker3] (ScriptedImporter)
[Worker1] Start importing Packages/com.unity.render-pipelines.core/Editor/Lighting/ProbeVolume/VirtualOffset using Guid(dfcc0fb5ecf4d6c4e8654b6853578ceb) Importer(2089858483,b0f066a214c2f5e87bad3c948f4d605d) 
[Worker1] (ScriptedImporter)
[Worker3]  -> (artifact id: 'd69843487371ed8fea84822091641a61') in 0.0079871 seconds
[Worker1]  -> (artifact id: 'c87d7d973b2d9b8f250c7839c359e7e4') in 0.0032513 seconds
[Worker2] Start importing Packages/com.unity.2d.sprite/Editor/ObjectMenuCreation/DefaultAssets/Textures/CapsuleWithBorder.png using Guid(34587324d412940a79d530020c957dc0) Importer(2089858483,b0f066a214c2f5e87bad3c948f4d605d) 
[Worker2] (ScriptedImporter)
[Worker0] Start importing Packages/com.unity.modules.ui using Guid(39728903e57c60021f80449a8bbc0096) Importer(2089858483,b0f066a214c2f5e87bad3c948f4d605d) 
[Worker0] (ScriptedImporter)
[Worker0]  -> (artifact id: 'b7b2a90ce5f35e4d337472dc729ee569') in 0.0025432 seconds
[Worker2]  -> (artifact id: '596da141ac4c9431e8064302ac10bec2') in 0.0114219 seconds
[Worker3] Start importing Packages/com.unity.inputsystem/InputSystem/Plugins/OnScreen using Guid(0e49b0a8b53e45445979b3fa9604a35c) Importer(2089858483,b0f066a214c2f5e87bad3c948f4d605d) 
[Worker1] Start importing Packages/com.unity.2d.animation/Editor/Assets/EditorIcons/Selected/Copy@3x.png using Guid(bb51334c6930f864abac38001f7bdf6e) Importer(2089858483,b0f066a214c2f5e87bad3c948f4d605d) 
[Worker3] (ScriptedImporter)
[Worker1] (ScriptedImporter)
[Worker3]  -> (artifact id: 'e1aa54f51c0b0ef53508fa028457e306') in 0.0035336 seconds
[Worker1]  -> (artifact id: 'a6430892db3996c169f4e732d063f002') in 0.0120657 seconds
[Worker0] Start importing Assets/EmeraldBunny/Generated/Materials/irisR.mat using Guid(6d3b93a9dd38e1c439428eb9d29aa5a9) Importer(2089858483,b0f066a214c2f5e87bad3c948f4d605d) 
[Worker0] (ScriptedImporter)
[Worker2] Start importing Assets/EmeraldBunny/Art/toeGround3_lower_rear.png using Guid(016a43b7c1be82642946a588b0a9bfd4) Importer(2089858483,b0f066a214c2f5e87bad3c948f4d605d) 
[Worker2] (ScriptedImporter)
[Worker0]  -> (artifact id: '822bff14a890ed0df26ef82cf46bf82d') in 0.0053714 seconds
[Worker2]  -> (artifact id: '33e82a0ae97f52b6f14e4deae53eafc9') in 0.0087476 seconds
[Worker3] Start importing Packages/com.unity.2d.animation/Editor/Assets/ComponentIcons/Animation.SpriteResolver On@256.png using Guid(fa557b89ecf3d44f2b6cae783ce09806) Importer(2089858483,b0f066a214c2f5e87bad3c948f4d605d) 
[Worker3] (ScriptedImporter)
[Worker0] Start importing Packages/com.unity.2d.animation/Editor/Assets/EditorIcons/Dark/d_character_Mode@2x.png using Guid(d4a1388a0d4ee9c44bcaa86e463a7b39) Importer(2089858483,b0f066a214c2f5e87bad3c948f4d605d) 
[Worker0] (ScriptedImporter)
[Worker1] Start importing Packages/com.unity.shadergraph/Editor/Generation/Collections using Guid(d6d4496479c324d29acc5c0d0a40d1b9) Importer(2089858483,b0f066a214c2f5e87bad3c948f4d605d) 
[Worker1] (ScriptedImporter)
[Worker3]  -> (artifact id: '08e6006bb3f55dc14972c54f8b1b6deb') in 0.0085561 seconds
[Worker1]  -> (artifact id: '66f13c9094724eb2bc3188884f3b3979') in 0.0026688 seconds
[Worker0]  -> (artifact id: '40db9778bb43659d789be6d6aa754894') in 0.0099522 seconds
[Worker2] Start importing Packages/com.unity.ugui/Editor/UGUI/Properties using Guid(cf97e54bcd5479a46bdbade48da047cc) Importer(2089858483,b0f066a214c2f5e87bad3c948f4d605d) 
[Worker2] (ScriptedImporter)
[Worker2]  -> (artifact id: '1266ab9d00c01ff5e35ac37d761156ee') in 0.0039548 seconds
[Worker3] Start importing Packages/com.unity.2d.animation/Editor/Assets/ComponentIcons/Animation.IKManager@256.png using Guid(63a9bd0d002bb4d598c276d9f5aabc30) Importer(2089858483,b0f066a214c2f5e87bad3c948f4d605d) 
[Worker3] (ScriptedImporter)
[Worker1] Start importing Assets/EmeraldBunny/Art/chair_front.png using Guid(2f3bb174144049b4bb5fb40213ed267d) Importer(2089858483,b0f066a214c2f5e87bad3c948f4d605d) 
[Worker1] (ScriptedImporter)
[Worker0] Start importing Packages/com.unity.2d.animation/Editor/Assets/SkinningModule/GenerateGeometryPanel.uxml using Guid(d62df6d8cd1bb504dbae262bb6d6efe6) Importer(2089858483,b0f066a214c2f5e87bad3c948f4d605d) 
[Worker0] (ScriptedImporter)
[Worker3]  -> (artifact id: 'ef4b38c4c3c671c3de64fd7a68e3fc25') in 0.0137574 seconds
[Worker1]  -> (artifact id: 'ccf89277a89d512e9ffbff79f5cb5df4') in 0.0095712 seconds
[Worker2] Start importing Assets/EmeraldBunny/Art/repair_chair.png using Guid(5b3eaf5f4781aae49ac656064c8eeb1a) Importer(2089858483,b0f066a214c2f5e87bad3c948f4d605d) 
[Worker2] (ScriptedImporter)
[Worker2]  -> (artifact id: '74fea6b23806711de3cbdab61d97e05d') in 0.0086025 seconds
[Worker0]  -> (artifact id: '43d0e9f7b3dfe04cee55a3b5dcd048c9') in 0.0192907 seconds
[Worker3] Start importing Assets/Scripts/Resonance.Battle/Core/Definitions.cs using Guid(f9cbbe5ff82f450469e8c5352eedeea0) Importer(2089858483,b0f066a214c2f5e87bad3c948f4d605d) 
[Worker3] (ScriptedImporter)
[Worker1] Start importing Packages/com.unity.2d.animation/Editor/Assets/EditorIcons/Light/Split_Edge@4x.png using Guid(21d43e7114c758c49886cb9fc604dd66) Importer(2089858483,b0f066a214c2f5e87bad3c948f4d605d) 
[Worker1] (ScriptedImporter)
[Worker3]  -> (artifact id: '845b17473dc12fe32c8a536e3db51731') in 0.0049124 seconds
[Worker1]  -> (artifact id: 'd68494384d9afa411e415ae4280510f3') in 0.0091627 seconds
[Worker2] Start importing Packages/com.unity.2d.animation/Editor/Assets/EditorIcons/Dark/d_Warning.png using Guid(85be10d80c20c4181b8d53e425fb92a4) Importer(2089858483,b0f066a214c2f5e87bad3c948f4d605d) 
[Worker2] (ScriptedImporter)
[Worker0] Start importing Packages/com.unity.2d.animation/Editor/Assets/EditorIcons/Dark/d_Sprite_Mode@2x.png using Guid(269eee5bd0392044cb38fd13171b84f6) Importer(2089858483,b0f066a214c2f5e87bad3c948f4d605d) 
[Worker0] (ScriptedImporter)
[Worker0]  -> (artifact id: '547e63b5a11e74606b5f06c2d1e07392') in 0.0104011 seconds
[Worker2]  -> (artifact id: '3c57e594832ca249301a66f30f03bbd7') in 0.0115606 seconds
[Worker3] Start importing Assets/EmeraldBunny/Art/irisR.png using Guid(81fec002e70f41844836eb901c7d6907) Importer(2089858483,b0f066a214c2f5e87bad3c948f4d605d) 
[Worker3] (ScriptedImporter)
[Worker1] Start importing Packages/com.unity.render-pipelines.core/Editor/Lighting/Shadow using Guid(9f9a42fd802a4b144b2d7b1a4f4a0463) Importer(2089858483,b0f066a214c2f5e87bad3c948f4d605d) 
[Worker3]  -> (artifact id: '4170dcec0065614efddb7178a3154ae2') in 0.0084026 seconds
[Worker1] (ScriptedImporter)
[Worker1]  -> (artifact id: '3db8c4c95b0ec1f14c974ef7c4982a06') in 0.0038304 seconds
[Worker2] Start importing Packages/com.unity.2d.animation/Editor/Assets/EditorIcons/Dark/d_Sprite_Influence@3x.png using Guid(dd74e4fa4aa2947d6a14ab33d32d7c63) Importer(2089858483,b0f066a214c2f5e87bad3c948f4d605d) 
[Worker0] Start importing Assets/EmeraldBunny/Art/neck.png using Guid(5bcff74a3aafa54408c197e87a42e4b6) Importer(2089858483,b0f066a214c2f5e87bad3c948f4d605d) 
[Worker2] (ScriptedImporter)
[Worker0] (ScriptedImporter)
[Worker2]  -> (artifact id: '16b2aa7450e25e4f79fbf2e9aaab1776') in 0.0094215 seconds
[Worker0]  -> (artifact id: '6814cbca91ad4dfcbcc6ee630bf757e8') in 0.0101567 seconds
[Worker3] Start importing Assets/EmeraldBunny/Generated/Meshes/fingerL_middle.asset using Guid(568ccd39dffe01a479b9b0c0d03754e8) Importer(2089858483,b0f066a214c2f5e87bad3c948f4d605d) 
[Worker3] (ScriptedImporter)
[Worker1] Start importing Packages/com.unity.2d.sprite/Tests/Editor/SpritePackageTests.cs using Guid(ea6dbc5d03b50f148a26b55c617dcb22) Importer(2089858483,b0f066a214c2f5e87bad3c948f4d605d) 
[Worker1] (ScriptedImporter)
[Worker3]  -> (artifact id: '067691c78b9f319f0b4903118cdfcc64') in 0.0061418 seconds
[Worker1]  -> (artifact id: '0389490c83aee04ae072f7b477ac5bde') in 0.0041729 seconds
[Worker2] Start importing Packages/com.unity.shadergraph/Editor/Generation/Processors using Guid(f4a2b3d2dd6f5468a8423947316be163) Importer(2089858483,b0f066a214c2f5e87bad3c948f4d605d) 
[Worker2] (ScriptedImporter)
[Worker0] Start importing Assets/EmeraldBunny/Generated/Meshes/costume_hip.asset using Guid(7a02614443aff5a458d6af44bd11c13a) Importer(2089858483,b0f066a214c2f5e87bad3c948f4d605d) 
[Worker0] (ScriptedImporter)
[Worker2]  -> (artifact id: 'aa5ce92d8f8867516f7f0d6b602d4a69') in 0.0038226 seconds
[Worker3] Start importing Assets/EmeraldBunny/Generated/Meshes/irisL.asset using Guid(b9ad2fead2188a64b80d1983180839af) Importer(2089858483,b0f066a214c2f5e87bad3c948f4d605d) 
[Worker3] (ScriptedImporter)
[Worker0]  -> (artifact id: 'b84a8d39a6c7efbf994caa0d9d7887d9') in 0.0052669 seconds
[Worker3]  -> (artifact id: '04a82098310f7e07b546f8ea21aea2f1') in 0.0038688 seconds
[Worker1] Start importing Assets/EmeraldBunny/Generated/Materials/arm_left_forearm.mat using Guid(59f32930b95f1a24e8050dd63c851880) Importer(2089858483,b0f066a214c2f5e87bad3c948f4d605d) 
[Worker1] (ScriptedImporter)
[Worker1]  -> (artifact id: '36c67c1484d6c846fc941181645cebcb') in 0.0066003 seconds
[Worker2] Start importing Packages/com.unity.2d.animation/Editor/Assets/EditorIcons/Light/Warning.png using Guid(ecff197e49b7c4a8c8431746d97f9b2d) Importer(2089858483,b0f066a214c2f5e87bad3c948f4d605d) 
[Worker2] (ScriptedImporter)
[Worker0] Start importing Packages/com.unity.ugui/Runtime/UGUI/UI/Core using Guid(12c42068351bb084abde965d725b9887) Importer(2089858483,b0f066a214c2f5e87bad3c948f4d605d) 
[Worker0] (ScriptedImporter)
[Worker0]  -> (artifact id: 'f793685f41e7545ff1b84364dc8d2196') in 0.0035549 seconds
[Worker3] Start importing Assets/EmeraldBunny/Art/fingerL_index.png using Guid(f093d25b7328d19418feef36a11b8898) Importer(2089858483,b0f066a214c2f5e87bad3c948f4d605d) 
[Worker3] (ScriptedImporter)
[Worker2]  -> (artifact id: 'b7b56e627cd87cec4680a02c6204e76e') in 0.009536 seconds
[Worker3]  -> (artifact id: '965a951566938d94b0764660625c5b7c') in 0.0073379 seconds
[Worker1] Start importing Packages/com.unity.2d.animation/Editor/Assets/EditorIcons/Dark/d_Visibility_Hidded@3x.png using Guid(6d082a477f1715f498c6a28543125ec8) Importer(2089858483,b0f066a214c2f5e87bad3c948f4d605d) 
[Worker1] (ScriptedImporter)
[Worker1]  -> (artifact id: 'fe365fd6186dc9dc4536d314471dfbaf') in 0.0104656 seconds
[Worker0] Start importing Packages/com.unity.ugui/Tests/Runtime/UGUI/EventSystem/InputModuleTests using Guid(7a892c920c8ad2848b469ec9579c5219) Importer(2089858483,b0f066a214c2f5e87bad3c948f4d605d) 
[Worker0] (ScriptedImporter)
[Worker0]  -> (artifact id: '18a20aed3c634f3c84754b3ba37f5d65') in 0.0025237 seconds
[Worker2] Start importing Assets/EmeraldBunny/Art/hand_left.png using Guid(521404e9a65ab73419ff87d4a9e2f708) Importer(2089858483,b0f066a214c2f5e87bad3c948f4d605d) 
[Worker2] (ScriptedImporter)
[Worker2]  -> (artifact id: 'd97d4d57e255b784108cf6d6e4a8a26e') in 0.0056225 seconds
[Worker3] Start importing Assets/EmeraldBunny/Generated/Meshes/fingerR_middle.asset using Guid(af10d3c7ed09fbb4ca9db2cb5e506b26) Importer(2089858483,b0f066a214c2f5e87bad3c948f4d605d) 
[Worker3] (ScriptedImporter)
[Worker1] Start importing Packages/com.unity.2d.animation/Editor/Assets/EditorIcons/Selected/Edit_Geometry@2x.png using Guid(c706f86f6fd02084f9a14727d08b844d) Importer(2089858483,b0f066a214c2f5e87bad3c948f4d605d) 
[Worker1] (ScriptedImporter)
[Worker3]  -> (artifact id: '39687d6f94fe1c965eaadbdec67d4705') in 0.005363 seconds
[Worker1]  -> (artifact id: '3118d48407e553e4e0e0db7e6a0a3348') in 0.0065653 seconds
[Worker2] Start importing Packages/com.unity.2d.animation/Tests/Editor/Unity.2D.Animation.EditorTests.asmdef using Guid(ba283300490772f4f8d1f69efcb7c60f) Importer(2089858483,b0f066a214c2f5e87bad3c948f4d605d) 
[Worker0] Start importing Assets/Scripts/Resonance.App/Core using Guid(c0a1e001111111111111111111111111) Importer(2089858483,b0f066a214c2f5e87bad3c948f4d605d) 
[Worker2] (ScriptedImporter)
[Worker0] (ScriptedImporter)
[Worker0]  -> (artifact id: 'a5524fd57c6233b1fcb7886839565bac') in 0.0030639 seconds
[Worker2]  -> (artifact id: 'b4e7230456d0622c9c410d19176a9f83') in 0.0038165 seconds
[Worker3] Start importing Packages/com.unity.ugui/Editor Resources using Guid(d1a0a27327b54c3bac52a08929c33f81) Importer(2089858483,b0f066a214c2f5e87bad3c948f4d605d) 
[Worker1] Start importing Packages/com.unity.render-pipelines.core/Editor/Utilities using Guid(0fadbd5093ea0234aa59965fd9d77815) Importer(2089858483,b0f066a214c2f5e87bad3c948f4d605d) 
[Worker3] (ScriptedImporter)
[Worker1] (ScriptedImporter)
[Worker1]  -> (artifact id: '5aa4968b42292fc40a9571fac7ff7382') in 0.0024983 seconds
[Worker3]  -> (artifact id: '6a198bc59b473c0c557a510d156f937b') in 0.0040095 seconds
[Worker0] Start importing Assets/EmeraldBunny/Art/layers.json using Guid(b2ff13c20ed1f5e409647470e6d4c19b) Importer(2089858483,b0f066a214c2f5e87bad3c948f4d605d) 
[Worker0] (ScriptedImporter)
[Worker2] Start importing Packages/com.unity.2d.animation/Editor/Assets/EditorIcons/Dark/d_Paste.png using Guid(7e00d2a7fc6d13b49bacb9663abfa3ae) Importer(2089858483,b0f066a214c2f5e87bad3c948f4d605d) 
[Worker2] (ScriptedImporter)
[Worker0]  -> (artifact id: 'aed60df562982ff2dfd4fdd20b64a494') in 0.0049015 seconds
[Worker2]  -> (artifact id: '2bcaf551affa64b13a1a1b7b16f8ece2') in 0.0105713 seconds
[Worker1] Start importing Packages/com.unity.2d.animation/Editor/Assets/ComponentIcons/d_Animation.IKLimb@128.png using Guid(4328211baea95405ab6b8d24456fcbc9) Importer(2089858483,b0f066a214c2f5e87bad3c948f4d605d) 
[Worker3] Start importing Packages/com.unity.2d.animation/Editor/Assets/EditorIcons/Selected/Create_Edge.png using Guid(ad7b296d426713b4593ee1a19fcbf9d1) Importer(2089858483,b0f066a214c2f5e87bad3c948f4d605d) 
[Worker1] (ScriptedImporter)
[Worker3] (ScriptedImporter)
[Worker1]  -> (artifact id: '535ee707e4e3b009329b8010aac29a6c') in 0.0087286 seconds
[Worker3]  -> (artifact id: '697de74ccf470d2d7ebea9a321d1d344') in 0.009543 seconds
[Worker0] Start importing Packages/com.unity.render-pipelines.core/Runtime/ShaderLibrary using Guid(f259e8e6a245f82429441223b86481b7) Importer(2089858483,b0f066a214c2f5e87bad3c948f4d605d) 
[Worker0] (ScriptedImporter)
[Worker0]  -> (artifact id: '8b272bbe4a94922c517317ee46c2fdbb') in 0.002813 seconds
[Worker2] Start importing Assets/EmeraldBunny/Generated/Materials/foot_air_lower_front.mat using Guid(abbdca7539c06a5419c128243686fdad) Importer(2089858483,b0f066a214c2f5e87bad3c948f4d605d) 
[Worker2] (ScriptedImporter)
[Worker2]  -> (artifact id: '09d0414f5d37bf89154e9eb5ed14ef62') in 0.0079492 seconds
[Worker3] Start importing Packages/com.unity.2d.animation/Editor/Assets/EditorIcons/Dark/d_SetPivot32.png using Guid(449ceb998ff49400da801fc4d707b896) Importer(2089858483,b0f066a214c2f5e87bad3c948f4d605d) 
[Worker3] (ScriptedImporter)
[Worker1] Start importing Packages/com.unity.2d.animation/Editor/Assets/ComponentIcons/Animation.SpriteSkin@256.png using Guid(7a1e809ce41f84f10bfe590179cd59b5) Importer(2089858483,b0f066a214c2f5e87bad3c948f4d605d) 
[Worker1] (ScriptedImporter)
[Worker0] Start importing Assets/EmeraldBunny/Art/spread_front_toe_3.png using Guid(707b3749b44432d42b7348d7048cd74e) Importer(2089858483,b0f066a214c2f5e87bad3c948f4d605d) 
[Worker0] (ScriptedImporter)
[Worker3]  -> (artifact id: '173ec27c27360129f458b1c8756856ba') in 0.0109968 seconds
[Worker1]  -> (artifact id: 'f16f9c80cd30f0f3046d30d8b82b3445') in 0.0101246 seconds
[Worker0]  -> (artifact id: '8ae01c983f9548e1b18d2bb6bb61ff95') in 0.0079455 seconds
[Worker2] Start importing Packages/com.unity.render-pipelines.core/Runtime/Sampling/Textures using Guid(837c8a5059e05e74f8f9b8cbb40c6fa1) Importer(2089858483,b0f066a214c2f5e87bad3c948f4d605d) 
[Worker2] (ScriptedImporter)
[Worker2]  -> (artifact id: '59a9b835eb6980009c1d5f0c5c6c08a3') in 0.0034082 seconds
[Worker3] Start importing Packages/com.unity.render-pipelines.core/Editor/Icons/RenderGraphViewer using Guid(b233366b32d45e8489690036aca26e57) Importer(2089858483,b0f066a214c2f5e87bad3c948f4d605d) 
[Worker3] (ScriptedImporter)
[Worker1] Start importing Packages/com.unity.2d.animation/Editor/Assets/EditorIcons/Dark/d_Split_Edge@3x.png using Guid(03cb0f9b9d35a14499ccade97f1b3da1) Importer(2089858483,b0f066a214c2f5e87bad3c948f4d605d) 
[Worker1] (ScriptedImporter)
[Worker3]  -> (artifact id: '67a16d57901107ed06a22fcc1597ce00') in 0.0033824 seconds
[Worker0] Start importing Packages/com.unity.shadergraph/Editor/Drawing/ViewModels using Guid(4d7c3af94488c9f43bf33aa63a59b2d1) Importer(2089858483,b0f066a214c2f5e87bad3c948f4d605d) 
[Worker0] (ScriptedImporter)
[Worker1]  -> (artifact id: 'bef526c60a2bc6e33ea2a4d742c82766') in 0.010605 seconds
[Worker0]  -> (artifact id: 'bd9656e82baf90d666a54e113c2526c8') in 0.0035285 seconds
[Worker2] Start importing Assets/Scripts/Resonance.App/Battle/Vfx/VfxBleed.cs using Guid(519edf8d98caf04489abfb3bbc6f9474) Importer(2089858483,b0f066a214c2f5e87bad3c948f4d605d) 
[Worker2] (ScriptedImporter)
[Worker2]  -> (artifact id: '881de79fc815ab72c6afa13f18465ba0') in 0.004382 seconds
[Worker3] Start importing Packages/com.unity.ugui/Runtime/UGUI/UI/Core/MaterialModifiers using Guid(7c6295db74da28645bf49db58b7c9c65) Importer(2089858483,b0f066a214c2f5e87bad3c948f4d605d) 
[Worker3] (ScriptedImporter)
[Worker3]  -> (artifact id: 'b1b15d4c841468f82593851ff34d2ed8') in 0.0034323 seconds
[Worker1] Start importing Assets/EmeraldBunny/Art/fingerR_middle.png using Guid(1508461334279514695045a72a689b2f) Importer(2089858483,b0f066a214c2f5e87bad3c948f4d605d) 
[Worker1] (ScriptedImporter)
[Worker0] Start importing Assets/EmeraldBunny/Generated/Materials/nose.mat using Guid(1610174f15a9fba4d95e8573653aa84f) Importer(2089858483,b0f066a214c2f5e87bad3c948f4d605d) 
[Worker0] (ScriptedImporter)
[Worker2] Start importing Packages/com.unity.2d.animation/Editor/Assets/EditorIcons/Dark/d_Generate_Geometry.png using Guid(bba3ad14ed4c2d64fbd090a846ffaaea) Importer(2089858483,b0f066a214c2f5e87bad3c948f4d605d) 
[Worker2] (ScriptedImporter)
[Worker0]  -> (artifact id: '4418ffcbcf55c5701396f01ff5583a10') in 0.0054847 seconds
[Worker1]  -> (artifact id: '9a38c6cbe2e613548969961a3b029f10') in 0.0070881 seconds
[Worker2]  -> (artifact id: '11b484d174834e8a4a14e7a204717851') in 0.0096641 seconds
[Worker3] Start importing Packages/com.unity.render-pipelines.universal/Textures/BlueNoise64 using Guid(2213abb41e048da4ca7f2acee56cf116) Importer(2089858483,b0f066a214c2f5e87bad3c948f4d605d) 
[Worker3] (ScriptedImporter)
[Worker3]  -> (artifact id: 'aca3cb04bb04f25c05d96f33da110c8c') in 0.0030382 seconds
[Worker0] Start importing Packages/com.unity.2d.animation/Editor/Assets/EditorIcons/Light/Generate_Weights.png using Guid(007c4dbed3f8be9429c39de72ee3c2d7) Importer(2089858483,b0f066a214c2f5e87bad3c948f4d605d) 
[Worker1] Start importing Assets/Resources/Art/Characters/C006 using Guid(17077a4031dc25dc7edad9357db1c7dd) Importer(2089858483,b0f066a214c2f5e87bad3c948f4d605d) 
[Worker0] (ScriptedImporter)
[Worker1] (ScriptedImporter)
[Worker1]  -> (artifact id: 'bc67947fa36b948f35143c64f6ba343b') in 0.0035456 seconds
[Worker2] Start importing Assets/Scripts/Resonance.App/UI/WavePreview.cs using Guid(2f8ecdbf4189d154a80bd1add8dcdac3) Importer(2089858483,b0f066a214c2f5e87bad3c948f4d605d) 
[Worker2] (ScriptedImporter)
[Worker2]  -> (artifact id: 'f7fd7e7a098df3581b2c833741921f23') in 0.0029587 seconds
[Worker3] Start importing Packages/com.unity.collections/Unity.Collections using Guid(b5713c21e3bf34803880e60596ab7e69) Importer(2089858483,b0f066a214c2f5e87bad3c948f4d605d) 
[Worker3] (ScriptedImporter)
[Worker0]  -> (artifact id: 'bc93e995f016e7262093e502b6e7fade') in 0.009342 seconds
[Worker3]  -> (artifact id: '2f6a97b9ade85840b97afec7d1f77d64') in 0.0029676 seconds
[Worker1] Start importing Packages/com.unity.2d.animation/Editor/Assets/ComponentIcons/Animation.IKFabrik On@256.png using Guid(b533c652136df4744a089524507a44c6) Importer(2089858483,b0f066a214c2f5e87bad3c948f4d605d) 
[Worker1] (ScriptedImporter)
[Worker2] Start importing Packages/com.unity.2d.sprite/Tests using Guid(7e2656e167a517b4d8552ba38f4b7bbe) Importer(2089858483,b0f066a214c2f5e87bad3c948f4d605d) 
[Worker2] (ScriptedImporter)
[Worker0] Start importing Packages/com.unity.2d.animation/Editor/Assets/ComponentIcons/Animation.IKCCD On@64.png using Guid(cc7e65fd16d39483aa18d865a68e9451) Importer(2089858483,b0f066a214c2f5e87bad3c948f4d605d) 
[Worker0] (ScriptedImporter)
[Worker3] Start importing Packages/com.unity.shadergraph/Editor/Data/Interfaces/Graph using Guid(20d63795c62940409089af61496db945) Importer(2089858483,b0f066a214c2f5e87bad3c948f4d605d) 
[Worker3] (ScriptedImporter)
[Worker2]  -> (artifact id: '009fec77918a71972f6668cefcc7d262') in 0.0027875 seconds
[Worker3]  -> (artifact id: 'f1ab13d59388e0dd7404dd44269b5ff1') in 0.0025813 seconds
[Worker1]  -> (artifact id: '69c6b91305abec6eef3815b66195a915') in 0.0077761 seconds
[Worker0]  -> (artifact id: 'f8401fc89e7c41d68a5827b602187ebf') in 0.0074592 seconds
[Worker2] Start importing Packages/com.unity.burst/Runtime/Editor using Guid(c433e85ffb033bc99961d95aba84d010) Importer(2089858483,b0f066a214c2f5e87bad3c948f4d605d) 
[Worker2] (ScriptedImporter)
[Worker2]  -> (artifact id: '0fb1eb15155a99941c4074a2640dc65f') in 0.0038675 seconds
[Worker3] Start importing Packages/com.unity.shadergraph/GraphTemplates/BuiltIn using Guid(daf0394f2eba458409f27dd213abede2) Importer(2089858483,b0f066a214c2f5e87bad3c948f4d605d) 
[Worker3] (ScriptedImporter)
[Worker1] Start importing Assets/Scripts using Guid(870cc66252a2e8a4395942f9ecb96a61) Importer(2089858483,b0f066a214c2f5e87bad3c948f4d605d) 
[Worker1] (ScriptedImporter)
[Worker0] Start importing Packages/com.unity.2d.animation/Editor/Assets/EditorIcons/Selected/Create Bones@4x.png using Guid(61ac40b257b3a994f841856ad38b2b6b) Importer(2089858483,b0f066a214c2f5e87bad3c948f4d605d) 
[Worker3]  -> (artifact id: 'cb2692a4a77952a301ae96449e84b7cb') in 0.003669 seconds
[Worker1]  -> (artifact id: '1fd142bdedc51134d0f7e941675fa945') in 0.0033554 seconds
[Worker0] (ScriptedImporter)
[Worker0]  -> (artifact id: '77beb0f2571d98d623af3a599d73d3e5') in 0.0090982 seconds
[Worker2] Start importing Assets/EmeraldBunny/Generated/Animations/Idle.anim using Guid(29a93ec73e11aa74e89ea63cdc506db3) Importer(2089858483,b0f066a214c2f5e87bad3c948f4d605d) 
[Worker2] (ScriptedImporter)
[Worker1] Start importing Packages/com.unity.2d.animation/Editor/SkinningModule/IMGUI using Guid(9b92febd89128554b8579633a112c844) Importer(2089858483,b0f066a214c2f5e87bad3c948f4d605d) 
[Worker1] (ScriptedImporter)
[Worker3] Start importing Packages/com.unity.2d.animation/Editor/Assets/SkinningModule/WeightPainterPanel.uxml using Guid(6e9568834ba2b2c44af4e3876cee0d2d) Importer(2089858483,b0f066a214c2f5e87bad3c948f4d605d) 
[Worker3] (ScriptedImporter)
[Worker1]  -> (artifact id: '520226198f3efdd4eef63e29362c6a25') in 0.0040425 seconds
[Worker0] Start importing Packages/com.unity.2d.animation/Editor/Assets/EditorIcons/Dark/d_Create_Edge.png using Guid(7a5bb676bcccfea429f2138b6fbd005e) Importer(2089858483,b0f066a214c2f5e87bad3c948f4d605d) 
[Worker0] (ScriptedImporter)
[Worker3]  -> (artifact id: 'b027d68be18c96d90d875b77ea66194c') in 0.0117014 seconds
[Worker0]  -> (artifact id: '16026a07b9afa0a4d60e8b141cc958ae') in 0.007648 seconds
[Worker2]  -> (artifact id: '1868259aa61af71e6b2516d65782c449') in 0.1260128 seconds
[Worker2] Start importing Assets/EmeraldBunny/Generated/Materials/toeGround1_lower_rear.mat using Guid(2beda8a8017ff81429ef40cc16f24d67) Importer(2089858483,b0f066a214c2f5e87bad3c948f4d605d) 
[Worker2] (ScriptedImporter)
[Worker3] Start importing Packages/com.unity.shadergraph/Editor/Data/Nodes/Math/Trigonometry using Guid(28b2b06f6ff88404c8c0d855b9599203) Importer(2089858483,b0f066a214c2f5e87bad3c948f4d605d) 
[Worker3] (ScriptedImporter)
[Worker0] Start importing Packages/com.unity.shadergraph/Editor/Data/Nodes/UI using Guid(4c661c25ff9f470d903fa0d14171193f) Importer(2089858483,b0f066a214c2f5e87bad3c948f4d605d) 
[Worker0] (ScriptedImporter)
[Worker1] Start importing Assets/EmeraldBunny/Generated/Materials/hair_fringe.mat using Guid(865e38a4aecd82b4bb18bb3914728afc) Importer(2089858483,b0f066a214c2f5e87bad3c948f4d605d) 
[Worker1] (ScriptedImporter)
[Worker3]  -> (artifact id: 'e8bcfbf572f0d81ac66993c05a1d8b93') in 0.0035049 seconds
[Worker0]  -> (artifact id: 'f9d4834d9a8a5e81039477c76c0906c6') in 0.0036807 seconds
[Worker2]  -> (artifact id: 'aa474dd15c961b6b8029ef1da72b76f0') in 0.0082531 seconds
[Worker1]  -> (artifact id: '18ac52ef1174de87e78a802ffff152f2') in 0.0048691 seconds
[Worker0] Start importing Packages/com.unity.2d.animation/Editor/Assets/ComponentIcons/d_Animation.SpriteSkin@64.png using Guid(7ed99b178ead940bf9cc24b0b0213517) Importer(2089858483,b0f066a214c2f5e87bad3c948f4d605d) 
[Worker0] (ScriptedImporter)
[Worker3] Start importing Packages/com.unity.render-pipelines.core/Runtime/GPUDriven/InstanceData using Guid(b5f7bf756dcca7044ace748986382c79) Importer(2089858483,b0f066a214c2f5e87bad3c948f4d605d) 
[Worker3] (ScriptedImporter)
[Worker3]  -> (artifact id: 'a1965637cd3ac3b52c47d6a823d84f41') in 0.0039824 seconds
[Worker1] Start importing Packages/com.unity.test-framework.performance/Editor/TestReportGraph using Guid(30bb01dc09cb89b4faf344490fee76a7) Importer(2089858483,b0f066a214c2f5e87bad3c948f4d605d) 
[Worker1] (ScriptedImporter)
[Worker0]  -> (artifact id: 'e9d7e1bd47f4b1bc91282dcbbbf07998') in 0.010835 seconds
[Worker2] Start importing Packages/com.unity.modules.unitywebrequestwww using Guid(dcc8c6e92b172a65719af5ddf47dd968) Importer(2089858483,b0f066a214c2f5e87bad3c948f4d605d) 
[Worker2] (ScriptedImporter)
[Worker1]  -> (artifact id: '66493a7e440d937f534e72b9c46bfe05') in 0.0033626 seconds
[Worker2]  -> (artifact id: 'e5bfbc8b64972011f8922077ef6e73c4') in 0.0036241 seconds
[Worker3] Start importing Packages/com.unity.shadergraph/Editor/Data/Nodes/Procedural/Shape using Guid(74f319061d92c11439d4f7e87c991e89) Importer(2089858483,b0f066a214c2f5e87bad3c948f4d605d) 
[Worker0] Start importing Assets/EmeraldBunny/Generated/Meshes/repair_chair.asset using Guid(b2ca84ece5eb3a74592670da6c1533e0) Importer(2089858483,b0f066a214c2f5e87bad3c948f4d605d) 
[Worker3] (ScriptedImporter)
[Worker0] (ScriptedImporter)
[Worker1] Start importing Packages/com.unity.2d.common/Editor/TextureGenerator using Guid(f190f89354fdfb5479d5f291d8cb8182) Importer(2089858483,b0f066a214c2f5e87bad3c948f4d605d) 
[Worker2] Start importing Packages/com.unity.2d.animation/Editor/Assets/ComponentIcons/d_Animation.IKCCD.png using Guid(9fa9bae87905c44afb14ac13c8e481d1) Importer(2089858483,b0f066a214c2f5e87bad3c948f4d605d) 
[Worker1] (ScriptedImporter)
[Worker2] (ScriptedImporter)
[Worker3]  -> (artifact id: '445e40d18f4de0ed788dd41af386cf3d') in 0.0034812 seconds
[Worker1]  -> (artifact id: 'a58458a0719309b0166d96a922458e41') in 0.0034579 seconds
[Worker2]  -> (artifact id: 'e3a5263ebe2913cd7f7452d9780dacb2') in 0.0108936 seconds
[Worker0]  -> (artifact id: '42187120f974751b828ece6697b12117') in 0.0134195 seconds
[Worker3] Start importing Packages/com.unity.2d.animation/Editor/Assets/EditorIcons/Light/Sprite_Mode@4x.png using Guid(554a30a45860f494ca38586c54b7e5d9) Importer(2089858483,b0f066a214c2f5e87bad3c948f4d605d) 
[Worker3] (ScriptedImporter)
[Worker1] Start importing Packages/com.unity.2d.animation/Editor/Assets/ComponentIcons/Animation.SpriteLibrary.png using Guid(3024cb66f112f47f599953fe508d632f) Importer(2089858483,b0f066a214c2f5e87bad3c948f4d605d) 
[Worker1] (ScriptedImporter)
[Worker3]  -> (artifact id: 'b9224400e66a1bace39cf0bc19fd234b') in 0.0097861 seconds
[Worker1]  -> (artifact id: '4d75f46e05a3d20d8bda50fa6aa41e5c') in 0.0082145 seconds
[Worker2] Start importing Assets/EmeraldBunny/Art/earring_right.png using Guid(66e54657a563d884180bbf6f6730c6cb) Importer(2089858483,b0f066a214c2f5e87bad3c948f4d605d) 
[Worker2] (ScriptedImporter)
[Worker0] Start importing Assets/EmeraldBunny/Art/fingerR_ring.png using Guid(255202dfb8cac34459fe007caffa35fb) Importer(2089858483,b0f066a214c2f5e87bad3c948f4d605d) 
[Worker0] (ScriptedImporter)
[Worker2]  -> (artifact id: 'dc2918e6ae088af12cc4789e4cabea46') in 0.010268 seconds
[Worker0]  -> (artifact id: 'd72d3c3e35de52e6c9040bd014ce816d') in 0.010184 seconds
[Worker1] Start importing Packages/com.unity.render-pipelines.core/Editor/Settings/PropertyDrawers using Guid(cf844af7c1c69cd42b541bd236fe3e8c) Importer(2089858483,b0f066a214c2f5e87bad3c948f4d605d) 
[Worker1] (ScriptedImporter)
[Worker1]  -> (artifact id: '9dc725b1ea02b85db9c396fd7efb8b6f') in 0.0036221 seconds
[Worker3] Start importing Packages/com.unity.2d.animation/Editor/Assets/EditorIcons/Light/Split Bones@2x.png using Guid(180eeff5b9e615349907ea53344202fa) Importer(2089858483,b0f066a214c2f5e87bad3c948f4d605d) 
[Worker3] (ScriptedImporter)
[Worker3]  -> (artifact id: '5ff3b4228dcc9a7fb26ebb7ee91c4112') in 0.0090597 seconds
[Worker2] Start importing Packages/com.unity.2d.sprite/Editor/UI/SpriteEditor/SpriteOutlineToolOverlayPanel.uxml using Guid(822efcfdd5f5a45e99513239c9c1859f) Importer(2089858483,b0f066a214c2f5e87bad3c948f4d605d) 
[Worker2] (ScriptedImporter)
[Worker0] Start importing Packages/com.unity.render-pipelines.universal/Editor/VFXGraph/Shaders/Templates/ParticlePlanarPrimitives using Guid(93a7f042c0fafec41b13ea8cffc632c1) Importer(2089858483,b0f066a214c2f5e87bad3c948f4d605d) 
[Worker0] (ScriptedImporter)
[Worker0]  -> (artifact id: 'b095d868315ad160c8512c5564f36b19') in 0.0041028 seconds
[Worker1] Start importing Packages/com.unity.render-pipelines.universal/Runtime/2D/RendererFeatures using Guid(6410ec30b9d85cf40b53826342e69ac4) Importer(2089858483,b0f066a214c2f5e87bad3c948f4d605d) 
[Worker1] (ScriptedImporter)
[Worker1]  -> (artifact id: '5c9764fcc17b4949bf8fd584eeef08ae') in 0.00401 seconds
[Worker2]  -> (artifact id: '9b08d603fed507bfc33fc8e898e4c18c') in 0.0157253 seconds
[Worker3] Start importing Assets/EmeraldBunny/Generated/Materials/spread_rear_toe_4.mat using Guid(40625fe6a91e5e545bbbcdf9d4cf683e) Importer(2089858483,b0f066a214c2f5e87bad3c948f4d605d) 
[Worker3] (ScriptedImporter)
[Worker3]  -> (artifact id: 'ed80541347503aa1287ff2d2e6101bc6') in 0.0053084 seconds
[Worker0] Start importing Assets/EmeraldBunny/Art/bow_gem.png using Guid(dc49f9691c005c24aa6cac64cdd3b553) Importer(2089858483,b0f066a214c2f5e87bad3c948f4d605d) 
[Worker0] (ScriptedImporter)
[Worker1] Start importing Assets/EmeraldBunny/Generated/Meshes/repair_eyes.asset using Guid(f21f8972f0cb11a4e90a40ffebb1b2ef) Importer(2089858483,b0f066a214c2f5e87bad3c948f4d605d) 
[Worker2] Start importing Assets/EmeraldBunny/Generated/Meshes/toeGround1_lower_rear.asset using Guid(cafb096f98abb38429b5130783018897) Importer(2089858483,b0f066a214c2f5e87bad3c948f4d605d) 
[Worker1] (ScriptedImporter)
[Worker2] (ScriptedImporter)
[Worker0]  -> (artifact id: '3545bcaa85907b834a610ba73a5e7c55') in 0.0106551 seconds
[Worker1]  -> (artifact id: '9c99ee81e8112e27596a48dc0d62e68e') in 0.0063221 seconds
[Worker2]  -> (artifact id: '399d06278bb2c0a34e2d4da85674737f') in 0.0064116 seconds
[Worker3] Start importing Packages/com.unity.collections/DocCodeSamples.Tests using Guid(ed2c1c145cb193d4d8987d3886bc12b4) Importer(2089858483,b0f066a214c2f5e87bad3c948f4d605d) 
[Worker3] (ScriptedImporter)
[Worker3]  -> (artifact id: '668a56bb6fd11e9df7ff72469c815580') in 0.0034195 seconds
[Worker0] Start importing Packages/com.unity.2d.animation/Editor/Assets/SkinningModule/GenerateWeightsPanelStyle.uss using Guid(24c60fb4e4533094889a2aa33ce92889) Importer(2089858483,b0f066a214c2f5e87bad3c948f4d605d) 
[Worker0] (ScriptedImporter)
[Worker1] Start importing Packages/com.unity.2d.animation/Runtime/SpriteLib using Guid(6097af7ac26e2c44db9c7c46b94f4f4f) Importer(2089858483,b0f066a214c2f5e87bad3c948f4d605d) 
[Worker1] (ScriptedImporter)
[Worker2] Start importing Packages/com.unity.ugui/Tests/Runtime/UGUI/Dropdown using Guid(bae197be297529d4fa735fbe7c91828d) Importer(2089858483,b0f066a214c2f5e87bad3c948f4d605d) 
[Worker0]  -> (artifact id: 'c6b8e440ba04c651ba2e4ff27f7815a2') in 0.0055411 seconds
[Worker2] (ScriptedImporter)
[Worker1]  -> (artifact id: '80565d0b8a7dada29cf1eb7b1576a1d6') in 0.0045352 seconds
[Worker2]  -> (artifact id: 'b2d4eb6e2ade0336b873846b3df4fb5e') in 0.0045127 seconds
[Worker3] Start importing Packages/com.unity.2d.animation/Editor/Assets/EditorIcons/Selected/Sprite_Influence@3x.png using Guid(7ce16c63ba627427cab935593c090e34) Importer(2089858483,b0f066a214c2f5e87bad3c948f4d605d) 
[Worker3] (ScriptedImporter)
[Worker3]  -> (artifact id: '5da172639b55e05095b34cce2aaadebc') in 0.0118436 seconds
[Worker0] Start importing Packages/com.unity.2d.animation/Editor/Assets/EditorIcons/Selected/Sprite_Influence.png using Guid(a2db0b51e2c0e418b8d5f85cee0d4876) Importer(2089858483,b0f066a214c2f5e87bad3c948f4d605d) 
[Worker0] (ScriptedImporter)
[Worker1] Start importing Packages/com.unity.2d.animation/Editor/SkinningModule/WeightsGenerator using Guid(121aed0acdd821748aac18e3bf80fc35) Importer(2089858483,b0f066a214c2f5e87bad3c948f4d605d) 
[Worker1] (ScriptedImporter)
[Worker2] Start importing Packages/com.unity.2d.animation/Editor/Assets/ComponentIcons/Animation.SpriteLibrary@64.png using Guid(9c7af1d0200fc4bbc8276e459fa2d906) Importer(2089858483,b0f066a214c2f5e87bad3c948f4d605d) 
[Worker2] (ScriptedImporter)
[Worker1]  -> (artifact id: 'dd7d03c2f488e792050ac36bfaf7d944') in 0.0034002 seconds
[Worker3] Start importing Packages/com.unity.render-pipelines.core/Editor/ShaderGenerator using Guid(a7ecca2f74946b44494f07937e31b793) Importer(2089858483,b0f066a214c2f5e87bad3c948f4d605d) 
[Worker0]  -> (artifact id: '6e0f50cfb079bfd7587f6480aad062b5') in 0.0127615 seconds
[Worker3] (ScriptedImporter)
[Worker2]  -> (artifact id: 'bb0f3bd4304603bbdf8943d26877cf70') in 0.0098177 seconds
[Worker3]  -> (artifact id: '62b81ff1042dda7dc40645374989218b') in 0.0034663 seconds
[Worker1] Start importing Assets/EmeraldBunny/Generated/Materials/leg_front_thigh_lower_fixed.mat using Guid(a93c9671bb2b612469798dbfffdacec4) Importer(2089858483,b0f066a214c2f5e87bad3c948f4d605d) 
[Worker1] (ScriptedImporter)
[Worker1]  -> (artifact id: 'f1b322999822d8a0eab3d85f10518e8d') in 0.0080349 seconds
[Worker2] Start importing Packages/com.unity.test-framework.performance/Runtime/Statistics using Guid(18966f2a7fc5d4073a425a1a3d564494) Importer(2089858483,b0f066a214c2f5e87bad3c948f4d605d) 
[Worker2] (ScriptedImporter)
[Worker0] Start importing Packages/com.unity.shadergraph/Editor/Generation/Attributes using Guid(95d4f3eaeba344017b164174ed877b77) Importer(2089858483,b0f066a214c2f5e87bad3c948f4d605d) 
[Worker0] (ScriptedImporter)
[Worker2]  -> (artifact id: '86f64fc5e2c7c1f88e6cc2b4e539355b') in 0.0031713 seconds
[Worker0]  -> (artifact id: '68f0bab8894a3278872ef7018780b11b') in 0.0034443 seconds
[Worker3] Start importing Packages/com.unity.render-pipelines.core/Editor/Resources/Gizmos using Guid(fb53178749687244eaaabbe3e2e40653) Importer(2089858483,b0f066a214c2f5e87bad3c948f4d605d) 
[Worker3] (ScriptedImporter)
[Worker3]  -> (artifact id: '5d9ec823d82c4e2e7fb059fcd153626f') in 0.002543 seconds
[Worker1] Start importing Assets/EmeraldBunny/Generated/Materials/chair_front_lower_fixed.mat using Guid(df66005e785c2174586c572c08a54bd3) Importer(2089858483,b0f066a214c2f5e87bad3c948f4d605d) 
[Worker1] (ScriptedImporter)
[Worker0] Start importing Packages/com.unity.2d.animation/Editor/Assets/EditorIcons/Light/Weight_Slider@3x.png using Guid(ec8214d7d416a8746bb342b71e8e4269) Importer(2089858483,b0f066a214c2f5e87bad3c948f4d605d) 
[Worker0] (ScriptedImporter)
[Worker1]  -> (artifact id: '9682286cd2f9b7ecf92d80396419fa56') in 0.0099973 seconds
[Worker2] Start importing Packages/com.unity.render-pipelines.core/Editor/Controls using Guid(19a8f70f36adc46b8a4ebd0954643553) Importer(2089858483,b0f066a214c2f5e87bad3c948f4d605d) 
[Worker2] (ScriptedImporter)
[Worker0]  -> (artifact id: '3752d8235e96d347dcce7e8fcc08a2d9') in 0.0106511 seconds
[Worker2]  -> (artifact id: '1813b1f7b457c5392de292ebe64651d0') in 0.0044715 seconds
[Worker3] Start importing Packages/com.unity.shadergraph/Editor/Drawing/Inspector/PropertyDrawers using Guid(8488c4add4764941a2d903bf014329b9) Importer(2089858483,b0f066a214c2f5e87bad3c948f4d605d) 
[Worker3] (ScriptedImporter)
[Worker3]  -> (artifact id: '214207b9e5e81b603ec3878f7e171a63') in 0.0043025 seconds
[Worker1] Start importing Packages/com.unity.render-pipelines.universal/Shaders/2D/Include using Guid(b1e0c8a42c5ad194389231f7780e158d) Importer(2089858483,b0f066a214c2f5e87bad3c948f4d605d) 
[Worker1] (ScriptedImporter)
[Worker2] Start importing Assets/Resources/Art/Characters/C001/CubismLayers using Guid(a1c2e3f405162738495a6b7c8d9e0f12) Importer(2089858483,b0f066a214c2f5e87bad3c948f4d605d) 
[Worker0] Start importing Packages/com.unity.2d.common/README.md using Guid(fef9ee9b48f7a45aaa6991afe5f95a2b) Importer(2089858483,b0f066a214c2f5e87bad3c948f4d605d) 
[Worker2] (ScriptedImporter)
[Worker0] (ScriptedImporter)
[Worker1]  -> (artifact id: '9a89eb8c40c04b3aeb169e40919a5753') in 0.0036892 seconds
[Worker0]  -> (artifact id: '3f060ee9a3373d56b49208ffa7a96358') in 0.0046134 seconds
[Worker2]  -> (artifact id: 'dbe0ad936076848b00050ba8be07cad3') in 0.0051135 seconds
[Worker3] Start importing Assets/EmeraldBunny/Art/face.png using Guid(712b32ed275da8043abfb30cebdc23d5) Importer(2089858483,b0f066a214c2f5e87bad3c948f4d605d) 
[Worker3] (ScriptedImporter)
[Worker3]  -> (artifact id: '3f5ec166e26b2d286ae83d65bffc05fe') in 0.0088372 seconds
[Worker2] Start importing Packages/com.unity.2d.animation/Editor/Assets/EditorIcons/Selected/d_Mesh.png using Guid(1f9ef263156323d4dbaab5a1b41a61e6) Importer(2089858483,b0f066a214c2f5e87bad3c948f4d605d) 
[Worker2] (ScriptedImporter)
[Worker1] Start importing Packages/com.unity.2d.sprite/Editor/ObjectMenuCreation/DefaultAssets/Textures/IsometricDiamond.png using Guid(045b15ec09bba42448d89db77fa6f20a) Importer(2089858483,b0f066a214c2f5e87bad3c948f4d605d) 
[Worker1] (ScriptedImporter)
[Worker0] Start importing Packages/com.unity.render-pipelines.core/Editor/PostProcessing using Guid(3f1ba847a8ffd4746a56b6b3a2177aed) Importer(2089858483,b0f066a214c2f5e87bad3c948f4d605d) 
[Worker0] (ScriptedImporter)
[Worker3] Start importing Assets/EmeraldBunny/Generated/Meshes/spread_rear_toe_2.asset using Guid(d4ff66bfa7a031d4d9c23effe8e7173d) Importer(2089858483,b0f066a214c2f5e87bad3c948f4d605d) 
[Worker3] (ScriptedImporter)
[Worker2]  -> (artifact id: '86d10f81a568f80bd2e2e4e122dfd247') in 0.0107756 seconds
[Worker0]  -> (artifact id: 'e09cb784b5be1942a5dbcedacf0b8c31') in 0.0043139 seconds
[Worker1]  -> (artifact id: 'f543468c5b5b85f6f0fff6a63d2d469c') in 0.0089254 seconds
[Worker3]  -> (artifact id: 'aecf7950df6c4091aa5368bc6a3e73d8') in 0.0049694 seconds
[Worker1] Start importing Assets/EmeraldBunny/Generated/Materials/toeAir4_lower_front.mat using Guid(967dd885da3aff441866da4e6af4f241) Importer(2089858483,b0f066a214c2f5e87bad3c948f4d605d) 
[Worker1] (ScriptedImporter)
[Worker2] Start importing Assets/EmeraldBunny/Generated/Materials/blink_closed.mat using Guid(c16b2e974a094c94eb8c3f701880d89b) Importer(2089858483,b0f066a214c2f5e87bad3c948f4d605d) 
[Worker2] (ScriptedImporter)
[Worker1]  -> (artifact id: '4586f1b21f118107b002e5497d774384') in 0.0056459 seconds
[Worker0] Start importing Assets/EmeraldBunny/Generated/Materials/browL.mat using Guid(80c24975a51a0de41a733e896304de66) Importer(2089858483,b0f066a214c2f5e87bad3c948f4d605d) 
[Worker0] (ScriptedImporter)
[Worker2]  -> (artifact id: '67f93784c561fd295cf5c307510d8f40') in 0.0060739 seconds
[Worker3] Start importing Packages/com.unity.2d.common/Path using Guid(47dedd1dcc1944ea291f9762ac77d165) Importer(2089858483,b0f066a214c2f5e87bad3c948f4d605d) 
[Worker3] (ScriptedImporter)
[Worker0]  -> (artifact id: '74fb9fb56913075ad0626b3fe8c501c1') in 0.0060745 seconds
[Worker3]  -> (artifact id: '6b463c5a2cdb15a3318993d8963c47dc') in 0.0037853 seconds
[Worker2] Start importing Assets/EmeraldBunny/Generated/Meshes/bow_gem.asset using Guid(ba5fa5534cfe0544da796e92004a45ad) Importer(2089858483,b0f066a214c2f5e87bad3c948f4d605d) 
[Worker2] (ScriptedImporter)
[Worker1] Start importing Packages/com.unity.render-pipelines.core/Tests/Editor/RenderPipeline using Guid(d8bcf5ae67f54a15944eef9b06d8d20d) Importer(2089858483,b0f066a214c2f5e87bad3c948f4d605d) 
[Worker1] (ScriptedImporter)
[Worker2]  -> (artifact id: '9a59a317d43dec93d7559be0468638f1') in 0.0053574 seconds
[Worker1]  -> (artifact id: '66067a0d6a95e9e515b9eff9769fe826') in 0.004114 seconds
[Worker3] Start importing Assets/Scripts/Resonance.Battle/Content/CatalogJson.cs using Guid(ef0941eb4e82150428fb32910043990c) Importer(2089858483,b0f066a214c2f5e87bad3c948f4d605d) 
[Worker3] (ScriptedImporter)
[Worker0] Start importing Assets/EmeraldBunny/Generated/Meshes/chair_leg_frontleft.asset using Guid(b1313569aa0f0484483f687054ef7c0c) Importer(2089858483,b0f066a214c2f5e87bad3c948f4d605d) 
[Worker0] (ScriptedImporter)
[Worker3]  -> (artifact id: '0efa3cc3ce97737593f8d6fc50525619') in 0.0047154 seconds
[Worker0]  -> (artifact id: 'fec261756516dcf01a66c3000e7f7e92') in 0.004792 seconds
[Worker2] Start importing Packages/com.unity.render-pipelines.core/Runtime/Textures using Guid(89be4d313c8b0fa4c8d2449dbbbf13f0) Importer(2089858483,b0f066a214c2f5e87bad3c948f4d605d) 
[Worker2] (ScriptedImporter)
[Worker2]  -> (artifact id: 'fa018bb8d83fad5c6a69a02a8cab8156') in 0.0036483 seconds
[Worker0] Start importing Packages/com.unity.2d.animation/Editor/Assets/ComponentIcons/d_Animation.SpriteLibraryVar.png using Guid(0f23e3a5939b544a695891ff91d452b7) Importer(2089858483,b0f066a214c2f5e87bad3c948f4d605d) 
[Worker0] (ScriptedImporter)
[Worker1] Start importing Packages/com.unity.2d.animation/Editor/Assets/LayoutOverlay using Guid(4817dc4ea8764f74298414d8ac0bb8d5) Importer(2089858483,b0f066a214c2f5e87bad3c948f4d605d) 
[Worker1] (ScriptedImporter)
[Worker3] Start importing Packages/com.unity.2d.animation/Editor/Assets/ComponentIcons/Animation.IKCCD@64.png using Guid(84b96a9d1862c4a59afc0fff9875bfc4) Importer(2089858483,b0f066a214c2f5e87bad3c948f4d605d) 
[Worker3] (ScriptedImporter)
[Worker1]  -> (artifact id: 'b83d9a41c52d91a0b292e55ec6088d5d') in 0.0040822 seconds
[Worker3]  -> (artifact id: '48fd2f2a0afeb80df9ac08c721ebd1e8') in 0.0084987 seconds
[Worker0]  -> (artifact id: '246dfdedabb59686c4143fd704931e44') in 0.0112508 seconds
[Worker2] Start importing Assets/EmeraldBunny/Art/rabbit_left.png using Guid(210131019adb6964dab9b692a5e839a4) Importer(2089858483,b0f066a214c2f5e87bad3c948f4d605d) 
[Worker2] (ScriptedImporter)
[Worker2]  -> (artifact id: '6c4c8cf54248609f9a9b612ee60eae8f') in 0.0070757 seconds
[Worker1] Start importing Packages/com.unity.2d.sprite/Editor/ObjectMenuCreation/DefaultAssets/Textures/9-SlicedWithBorder.png using Guid(cc35afd292fc349128b36a291fb3a165) Importer(2089858483,b0f066a214c2f5e87bad3c948f4d605d) 
[Worker1] (ScriptedImporter)
[Worker0] Start importing Packages/com.unity.2d.animation/Editor/Assets/EditorIcons/Selected/SetPivot128.png using Guid(51e0c1c1bb4924d41bab2ecec79e8956) Importer(2089858483,b0f066a214c2f5e87bad3c948f4d605d) 
[Worker0] (ScriptedImporter)
[Worker3] Start importing Packages/com.unity.shadergraph/Editor/Util using Guid(e45006b8ac3b76f4aa0df05ea8514cbe) Importer(2089858483,b0f066a214c2f5e87bad3c948f4d605d) 
[Worker3] (ScriptedImporter)
[Worker1]  -> (artifact id: 'e636b7ece8bb6a6ab9cf673909b657f7') in 0.0101538 seconds
[Worker3]  -> (artifact id: 'f191307b1cce6a93aa2dd777d9a860f8') in 0.0044128 seconds
[Worker0]  -> (artifact id: 'ad75e335cbaef5220b3b6e5004b64b98') in 0.0115264 seconds
[Worker2] Start importing Packages/com.unity.2d.common/Path/Editor/Handles using Guid(f24350129d71841b688a3c8de8944912) Importer(2089858483,b0f066a214c2f5e87bad3c948f4d605d) 
[Worker2] (ScriptedImporter)
[Worker2]  -> (artifact id: 'c5e8f2e4dd6bd4e4c1511a0e25517e82') in 0.0052987 seconds
[Worker1] Start importing Packages/com.unity.ugui/Editor Resources/Textures using Guid(f8e6a2d47aba4c6c9b3c5a72d9f48da5) Importer(2089858483,b0f066a214c2f5e87bad3c948f4d605d) 
[Worker1] (ScriptedImporter)
[Worker1]  -> (artifact id: 'ee0294440bf4af58d8d3aa98934f8cd2') in 0.0044917 seconds
[Worker3] Start importing Assets/EmeraldBunny/Generated/Materials/leg_rear_calf.mat using Guid(6eba2e7cc9064a14097b7ce75931f8e4) Importer(2089858483,b0f066a214c2f5e87bad3c948f4d605d) 
[Worker3] (ScriptedImporter)
[Worker0] Start importing Packages/com.unity.2d.animation/Editor/ClipperLib using Guid(d775c763bd71c56499292f26a2a0e44b) Importer(2089858483,b0f066a214c2f5e87bad3c948f4d605d) 
[Worker0] (ScriptedImporter)
[Worker3]  -> (artifact id: 'b69f7c53c1da5ec56b4da4cb8bcb67c2') in 0.0078051 seconds
[Worker0]  -> (artifact id: 'd4f5cf5c7ff2c85e7ff207cf9ddc1043') in 0.004409 seconds
[Worker2] Start importing Assets/EmeraldBunny/Generated/Meshes/lowerlidR.asset using Guid(786dc55f8c65f2944982b418b61d6c54) Importer(2089858483,b0f066a214c2f5e87bad3c948f4d605d) 
[Worker2] (ScriptedImporter)
[Worker2]  -> (artifact id: '6b3dd6b9f57fd0503985ba5d8977381c') in 0.0059349 seconds
[Worker1] Start importing Packages/com.unity.render-pipelines.core/Runtime/RenderGraph/Compiler using Guid(126062fea1dcb7f478883bc50375b95f) Importer(2089858483,b0f066a214c2f5e87bad3c948f4d605d) 
[Worker1] (ScriptedImporter)
[Worker1]  -> (artifact id: 'baa2d1e3e9ed5252fa87bbd1751171bc') in 0.0045687 seconds
[Worker3] Start importing Packages/com.unity.collections/Unity.Collections.LowLevel.ILSupport using Guid(6353acf8df7d746d98d65f640d39ea47) Importer(2089858483,b0f066a214c2f5e87bad3c948f4d605d) 
[Worker3] (ScriptedImporter)
[Worker0] Start importing Assets/EmeraldBunny/Generated/Materials/fingerL_middle.mat using Guid(e507550030b251148a53fdeae33de593) Importer(2089858483,b0f066a214c2f5e87bad3c948f4d605d) 
[Worker0] (ScriptedImporter)
[Worker3]  -> (artifact id: '2e0958d1ed8c324bd52c4c28002c338e') in 0.0034902 seconds
[Worker0]  -> (artifact id: '0a2b264d512590f27227255efa4c19bd') in 0.006912 seconds
[Worker2] Start importing Packages/com.unity.render-pipelines.universal/Runtime/RendererFeatures using Guid(59f4a1dd196fd452b987160cea576038) Importer(2089858483,b0f066a214c2f5e87bad3c948f4d605d) 
[Worker2] (ScriptedImporter)
[Worker2]  -> (artifact id: '035de6699de91758b4cae888f7a935bb') in 0.0043908 seconds
[Worker1] Start importing Packages/com.unity.burst using Guid(2db9b03aaf3d8754fea6aa2648512f8c) Importer(2089858483,b0f066a214c2f5e87bad3c948f4d605d) 
[Worker1] (ScriptedImporter)
[Worker1]  -> (artifact id: '6cb6edfdedf7dfd132371396293cee0d') in 0.0039693 seconds
[Worker2] Start importing Packages/com.unity.2d.animation/Editor/Assets/ComponentIcons/Animation.SpriteLibraryVar@64.png using Guid(33cf904ffefc842ddb5ccf1565cd94b3) Importer(2089858483,b0f066a214c2f5e87bad3c948f4d605d) 
[Worker2] (ScriptedImporter)
[Worker3] Start importing Packages/com.unity.2d.animation/Editor/Assets/ComponentIcons/d_ErrorIcon_Small.png using Guid(5cc9ffa0f39d24f5ebb62d36675dd296) Importer(2089858483,b0f066a214c2f5e87bad3c948f4d605d) 
[Worker0] Start importing Packages/com.unity.ugui/Tests/Editor/UGUI/UI/PropertyDrawers using Guid(24333a116497b144f9782b1160984b57) Importer(2089858483,b0f066a214c2f5e87bad3c948f4d605d) 
[Worker3] (ScriptedImporter)
[Worker0] (ScriptedImporter)
[Worker0]  -> (artifact id: '7cd0fd1cea8d685f6e171d0c7d24de77') in 0.0030061 seconds
[Worker2]  -> (artifact id: '0dece3f4da5cc84e620b4f7f8ee3ba50') in 0.0106557 seconds
[Worker3]  -> (artifact id: 'e84a24e16defa8c04fa423a094265735') in 0.0116639 seconds
[Worker1] Start importing Packages/com.unity.2d.animation/Editor/SkinningModule/Lib/ARM64 using Guid(68de161c60bf945c18988de3c8af2204) Importer(2089858483,b0f066a214c2f5e87bad3c948f4d605d) 
[Worker1] (ScriptedImporter)
[Worker1]  -> (artifact id: '5f3bf2c49628f376bc2582508d0d693a') in 0.0043582 seconds
[Worker0] Start importing Packages/com.unity.ugui/Tests/Runtime/UGUI/Toggle using Guid(e210c8bf2e9c6514d90a1bd77586af1f) Importer(2089858483,b0f066a214c2f5e87bad3c948f4d605d) 
[Worker0] (ScriptedImporter)
[Worker0]  -> (artifact id: 'dcbe9077727fe50bd0ef49dfb2ad2710') in 0.0029331 seconds
[Worker2] Start importing Packages/com.unity.2d.animation/Editor/Assets/SpriteSwap/SpriteSwapOverlay.uss using Guid(5d0f1086030a4bc4a6d184421673afdf) Importer(2089858483,b0f066a214c2f5e87bad3c948f4d605d) 
[Worker2] (ScriptedImporter)
[Worker3] Start importing Packages/com.unity.2d.animation/Editor/Assets/ComponentIcons/Animation.IKCCD@256.png using Guid(1214a7ec362a4479ba225757639c24f2) Importer(2089858483,b0f066a214c2f5e87bad3c948f4d605d) 
[Worker3] (ScriptedImporter)
[Worker2]  -> (artifact id: 'b4a7c18472d21b52e66d873c494ae684') in 0.0064809 seconds
[Worker3]  -> (artifact id: '055109cfd3a56fc7f1007fb0b2716742') in 0.0104081 seconds
[Worker1] Start importing Assets/EmeraldBunny/Generated/Materials/repair_knee.mat using Guid(a2d935262ad35ea4c9bd918bafe2f0c2) Importer(2089858483,b0f066a214c2f5e87bad3c948f4d605d) 
[Worker1] (ScriptedImporter)
[Worker0] Start importing Packages/com.unity.render-pipelines.core/Editor/PostProcessing/LensFlareResource using Guid(60a1717848495ca41888e02864f0f645) Importer(2089858483,b0f066a214c2f5e87bad3c948f4d605d) 
[Worker0] (ScriptedImporter)
[Worker1]  -> (artifact id: '6ce8d942fb4e6f15e0578e1dbeff0503') in 0.0069959 seconds
[Worker0]  -> (artifact id: '689f20d5290ae672777b0e33a3493e89') in 0.0036382 seconds
[Worker2] Start importing Assets/EmeraldBunny/Generated/Meshes/spread_front_toe_2.asset using Guid(d60308d252a7edb44a19a5c853fb0c57) Importer(2089858483,b0f066a214c2f5e87bad3c948f4d605d) 
[Worker2] (ScriptedImporter)
[Worker2]  -> (artifact id: '3cc464672fd74dfc7a759febacb93bf7') in 0.0055409 seconds
[Worker3] Start importing Packages/com.unity.2d.common/Path/Editor/EditorTool using Guid(adb9af2a88fe441e68ddf9a299caec2e) Importer(2089858483,b0f066a214c2f5e87bad3c948f4d605d) 
[Worker3] (ScriptedImporter)
[Worker3]  -> (artifact id: '9346a9754e2b194c3d38ff3cdc364609') in 0.0038101 seconds
[Worker1] Start importing Assets/EmeraldBunny/Art/earring_left.png using Guid(d8528544c7c70da4d81f30f5b8dbe7ad) Importer(2089858483,b0f066a214c2f5e87bad3c948f4d605d) 
[Worker1] (ScriptedImporter)
[Worker0] Start importing Packages/com.unity.shadergraph/Editor/Data/Nodes/Math/Basic using Guid(4120c70d7c1a34d92b74137bf0b1bc67) Importer(2089858483,b0f066a214c2f5e87bad3c948f4d605d) 
[Worker0] (ScriptedImporter)
[Worker2] Start importing Assets/Resources/Art/Characters/C007 using Guid(7249d4976227a890dd2f8af77766f5d3) Importer(2089858483,b0f066a214c2f5e87bad3c948f4d605d) 
[Worker2] (ScriptedImporter)
[Worker0]  -> (artifact id: '660344c8881602aee707ace7c45f453e') in 0.0040344 seconds
[Worker2]  -> (artifact id: '09eb6e290be5c060bfc6efaaaa73c420') in 0.0037255 seconds
[Worker1]  -> (artifact id: '027c60636b250c5b05be418e08dcfe35') in 0.010447 seconds
[Worker3] Start importing Packages/com.unity.inputsystem/InputSystem/Plugins/Switch using Guid(a27b7d2db78661c429e29911c09f8f4c) Importer(2089858483,b0f066a214c2f5e87bad3c948f4d605d) 
[Worker3] (ScriptedImporter)
[Worker3]  -> (artifact id: '770f96521a65e7674637165663bea736') in 0.0036208 seconds
[Worker0] Start importing Packages/com.unity.2d.animation/Editor/SkinningModule/Lib/x86_64 using Guid(5335ae1a0cfbc2c41903fdf8d489fcc7) Importer(2089858483,b0f066a214c2f5e87bad3c948f4d605d) 
[Worker0] (ScriptedImporter)
[Worker2] Start importing Packages/com.unity.render-pipelines.universal/Editor/Decal using Guid(9637be18b7c929f40911e6e4371a8218) Importer(2089858483,b0f066a214c2f5e87bad3c948f4d605d) 
[Worker2] (ScriptedImporter)
[Worker0]  -> (artifact id: '2fbb6c9e4d9f4c4ad30cbe7fb67cdc73') in 0.0052237 seconds
[Worker2]  -> (artifact id: '8b2b7cfc1e8a63e7345a777b04afdebd') in 0.0036833 seconds
[Worker1] Start importing Assets/EmeraldBunny/Generated/Materials/costume_waist.mat using Guid(3adf246b1dc001641b6d82c28ef1050a) Importer(2089858483,b0f066a214c2f5e87bad3c948f4d605d) 
[Worker1] (ScriptedImporter)
[Worker3] Start importing Packages/com.unity.render-pipelines.core/Editor/STP using Guid(645a313df7299734ea75e87c37e6addb) Importer(2089858483,b0f066a214c2f5e87bad3c948f4d605d) 
[Worker3] (ScriptedImporter)
[Worker3]  -> (artifact id: '54f38e15464d4a93000aa21882eb9f66') in 0.0031593 seconds
[Worker1]  -> (artifact id: '5dfde9dde0b4b2df074173bd092fbe5d') in 0.0083107 seconds
[Worker0] Start importing Packages/com.unity.2d.animation/Editor/SkinningModule/Selection using Guid(0a68d56945b68344ea2f451f0e9f14b4) Importer(2089858483,b0f066a214c2f5e87bad3c948f4d605d) 
[Worker0] (ScriptedImporter)
[Worker0]  -> (artifact id: '4b094f3a11571001455901e9a97b3805') in 0.0034245 seconds
[Worker2] Start importing Packages/com.unity.2d.sprite/Editor/ObjectMenuCreation/DefaultAssets/Textures/v2/HexagonPointTop.png using Guid(5aa8b770bc43046bc8d993d0d5b7f4a5) Importer(2089858483,b0f066a214c2f5e87bad3c948f4d605d) 
[Worker2] (ScriptedImporter)
[Worker3] Start importing Packages/com.unity.test-framework/UnityEditor.TestRunner/TestRun/Tasks/Events using Guid(cca5935142d6c754f9ecdce1294f7079) Importer(2089858483,b0f066a214c2f5e87bad3c948f4d605d) 
[Worker3] (ScriptedImporter)
[Worker3]  -> (artifact id: 'f9520287434d9cef32dc2b2cf98768e1') in 0.0036788 seconds
[Worker1] Start importing Packages/com.unity.test-framework/UnityEngine.TestRunner/Assertions/LogScope using Guid(b1d8465ba1376b148bdab58965101f47) Importer(2089858483,b0f066a214c2f5e87bad3c948f4d605d) 
[Worker1] (ScriptedImporter)
[Worker2]  -> (artifact id: '7e693e230e4225fbd36a1217e834b85a') in 0.0111534 seconds
[Worker1]  -> (artifact id: '10a0d365be91b06ba5899b93d10db3dd') in 0.002597 seconds
[Worker0] Start importing Packages/com.unity.2d.animation/Editor/Assets/EditorIcons/Dark/d_Weight_Slider@3x.png using Guid(3120ec2beffde56499fe86f755fc25b9) Importer(2089858483,b0f066a214c2f5e87bad3c948f4d605d) 
[Worker0] (ScriptedImporter)
[Worker1] Start importing Packages/com.unity.render-pipelines.core/Editor/StyleSheets using Guid(fcf236256e326ca478a79ea0558da45d) Importer(2089858483,b0f066a214c2f5e87bad3c948f4d605d) 
[Worker1] (ScriptedImporter)
[Worker0]  -> (artifact id: '16944c9d2b2866be895cc8ae079d8196') in 0.0140402 seconds
[Worker3] Start importing Assets/EmeraldBunny/Generated/Materials/fingerL_index.mat using Guid(602f212eaf0fc6749824b64ea826ca7d) Importer(2089858483,b0f066a214c2f5e87bad3c948f4d605d) 
[Worker3] (ScriptedImporter)
[Worker1]  -> (artifact id: '601ea50320ee0a1054478500d6654b9f') in 0.0030471 seconds
[Worker2] Start importing Packages/com.unity.mathematics/Unity.Mathematics using Guid(b3be5912975a74cc0b42e9039d91daf1) Importer(2089858483,b0f066a214c2f5e87bad3c948f4d605d) 
[Worker2] (ScriptedImporter)
[Worker3]  -> (artifact id: 'a5d70e1e599759f46aec83921e46751b') in 0.0053483 seconds
[Worker2]  -> (artifact id: '5a13ebbcd97e1546b20ede4054ca78c3') in 0.0041123 seconds
[Worker1] Start importing Packages/com.unity.ugui/Tests/Editor/TMP using Guid(3ddaad49a7bcb4087b403f2225d54840) Importer(2089858483,b0f066a214c2f5e87bad3c948f4d605d) 
[Worker1] (ScriptedImporter)
[Worker1]  -> (artifact id: '7a34d2b930b2b2a97b1fb8188decde09') in 0.0031723 seconds
[Worker0] Start importing Assets/Inochi2D/Resources/Shaders using Guid(1feba125161e47249899baef603764e7) Importer(2089858483,b0f066a214c2f5e87bad3c948f4d605d) 
[Worker0] (ScriptedImporter)
[Worker0]  -> (artifact id: 'b2e2298fc38799b92323a5a920e66c4a') in 0.0039173 seconds
[Worker2] Start importing Packages/com.unity.ugui/Tests/Editor/UGUI/InputField using Guid(c16c54fe03afb5740bcc0a2a295cb79d) Importer(2089858483,b0f066a214c2f5e87bad3c948f4d605d) 
[Worker2] (ScriptedImporter)
[Worker3] Start importing Assets/EmeraldBunny/Generated/Materials/ear_left.mat using Guid(81f6f75d424e7aa4e9906af16b88e74a) Importer(2089858483,b0f066a214c2f5e87bad3c948f4d605d) 
[Worker2]  -> (artifact id: '59d319bc41e5b157caf8ed283f97aca1') in 0.0028293 seconds
[Worker3] (ScriptedImporter)
[Worker3]  -> (artifact id: 'e10896418bb5e4ad5934bb57c49e07ce') in 0.0049586 seconds
[Worker0] Start importing Packages/com.unity.modules.unitywebrequestassetbundle using Guid(d5f0b0adc6826e9dd3b72e292e8438be) Importer(2089858483,b0f066a214c2f5e87bad3c948f4d605d) 
[Worker0] (ScriptedImporter)
[Worker1] Start importing Packages/com.unity.2d.animation/Editor/Assets/EditorIcons/Light/Split Bones@4x.png using Guid(e530623cd53f3ea46ac09b786f0c49ef) Importer(2089858483,b0f066a214c2f5e87bad3c948f4d605d) 
[Worker1] (ScriptedImporter)
[Worker0]  -> (artifact id: '98aeba6e8f9d4ba79193118cec78e384') in 0.0052331 seconds
[Worker2] Start importing Packages/com.unity.render-pipelines.core/Runtime/Lighting/ProbeVolume using Guid(686bcd471035ed641a36aa69aacb76a9) Importer(2089858483,b0f066a214c2f5e87bad3c948f4d605d) 
[Worker2] (ScriptedImporter)
[Worker1]  -> (artifact id: '0966fadbed2f0396a9c04b73b56e66a4') in 0.0112367 seconds
[Worker2]  -> (artifact id: 'ee09d5d5870ec7e0ca9e023a19860ee6') in 0.0039994 seconds
[Worker3] Start importing Packages/com.unity.2d.animation/Editor/Assets/EditorIcons/Dark/d_Paste@2x.png using Guid(6de1e8bb25ebf5c44b02b794de99154c) Importer(2089858483,b0f066a214c2f5e87bad3c948f4d605d) 
[Worker3] (ScriptedImporter)
[Worker3]  -> (artifact id: '46bb63622439a3d87ddc036a87a598ba') in 0.009297 seconds
[Worker0] Start importing Packages/com.unity.render-pipelines.universal/Editor/ShaderGUI/ShadingModels using Guid(a22c22fb536604167866c59ce9a780d2) Importer(2089858483,b0f066a214c2f5e87bad3c948f4d605d) 
[Worker0] (ScriptedImporter)
[Worker0]  -> (artifact id: '2de1092a62182a14ed62689436c96276') in 0.0052584 seconds
[Worker1] Start importing Packages/com.unity.shadergraph/Editor/Drawing/Manipulators using Guid(abc41fae76b14617ae2f7d38d3ebef3a) Importer(2089858483,b0f066a214c2f5e87bad3c948f4d605d) 
[Worker1] (ScriptedImporter)
[Worker2] Start importing Packages/com.unity.collections/Unity.Collections.CodeGen using Guid(d44454e6d25878e46a8495f8a720d7c0) Importer(2089858483,b0f066a214c2f5e87bad3c948f4d605d) 
[Worker2] (ScriptedImporter)
[Worker1]  -> (artifact id: '8e4e6f294327aab1a077e462dbbf18fa') in 0.0034857 seconds
[Worker2]  -> (artifact id: '54964a880166dade3fb75b59c06efa90') in 0.0039171 seconds
[Worker3] Start importing Packages/com.unity.2d.common/Editor/ImagePacker/Jobs using Guid(55c552c82618a429ebc328c8ba27b416) Importer(2089858483,b0f066a214c2f5e87bad3c948f4d605d) 
[Worker3] (ScriptedImporter)
[Worker3]  -> (artifact id: 'cd9163ef7cd7aaa3ff8d824f287018c6') in 0.0025039 seconds
[Worker0] Start importing Packages/com.unity.2d.animation/Editor/Assets/EditorIcons/Selected/Sprite_Influence@4x.png using Guid(e959cb82696cd4dbf9e6b448af425c88) Importer(2089858483,b0f066a214c2f5e87bad3c948f4d605d) 
[Worker0] (ScriptedImporter)
[Worker1] Start importing Assets/Scripts/Resonance.Battle/Core/DamageMath.cs using Guid(fb545b4b875dc234aafd6b476cc94076) Importer(2089858483,b0f066a214c2f5e87bad3c948f4d605d) 
[Worker1] (ScriptedImporter)
[Worker1]  -> (artifact id: '547dd554b2bc299b4ee639a2a1d7af02') in 0.0039387 seconds
[Worker0]  -> (artifact id: 'a492e50c816895d35c61fe208b1d50aa') in 0.0133916 seconds
[Worker3] Start importing Packages/com.unity.2d.sprite/Editor/UI/SpriteEditor/SpriteFrameCapabilityWindow.uxml using Guid(dde790a688b0426aa8b203f14ba9ced2) Importer(2089858483,b0f066a214c2f5e87bad3c948f4d605d) 
[Worker2] Start importing Packages/com.unity.2d.animation/Editor/Assets/ComponentIcons/d_Animation.SpriteSkin.png using Guid(049256017895a43b4b47a8eb639ad05e) Importer(2089858483,b0f066a214c2f5e87bad3c948f4d605d) 
[Worker3] (ScriptedImporter)
[Worker2] (ScriptedImporter)
[Worker3]  -> (artifact id: '683e7cf46617b7237bb1b9f0976d4d33') in 0.0106035 seconds
[Worker0] Start importing Assets/EmeraldBunny/Generated/Meshes/costume_waist.asset using Guid(5d744b4233b9b674d89e40ce96db18c5) Importer(2089858483,b0f066a214c2f5e87bad3c948f4d605d) 
[Worker0] (ScriptedImporter)
[Worker2]  -> (artifact id: 'e1a2c27e91b77c99f6d1643355eb2e5b') in 0.0391947 seconds
[Worker3] Start importing Packages/com.unity.inputsystem/InputSystem/Plugins/Users using Guid(b102955bf08484d24b9122abab95b9fc) Importer(2089858483,b0f066a214c2f5e87bad3c948f4d605d) 
[Worker3] (ScriptedImporter)
[Worker1] Start importing Packages/com.unity.2d.animation/Editor/Assets/SkinningModule/VisibilityTool.uss using Guid(3cb521b5cc4956f4a9018b9e357aa680) Importer(2089858483,b0f066a214c2f5e87bad3c948f4d605d) 
[Worker1] (ScriptedImporter)
[Worker0]  -> (artifact id: 'd2635ea01990a9203126f30a8a850db8') in 0.0156902 seconds
[Worker3]  -> (artifact id: '1136957771d0edfcb39ca97d8dedb5ef') in 0.0097898 seconds
[Worker2] Start importing Assets/EmeraldBunny/Generated/Animations/ToeFlex.anim using Guid(d56ce426b4044b54d9e2a70f731d1350) Importer(2089858483,b0f066a214c2f5e87bad3c948f4d605d) 
[Worker2] (ScriptedImporter)
[Worker1]  -> (artifact id: '1458b5f9b3da33b7c4da3970e32d720e') in 0.0234073 seconds
[Worker0] Start importing Packages/com.unity.render-pipelines.universal/Shaders/2D using Guid(e674d0c2643d94245b5da6cc11dfe0ec) Importer(2089858483,b0f066a214c2f5e87bad3c948f4d605d) 
[Worker3] Start importing Packages/com.unity.render-pipelines.universal/Runtime/Decal/ScreenSpace using Guid(5818a14fd27827e48951a0d2ee539d75) Importer(2089858483,b0f066a214c2f5e87bad3c948f4d605d) 
[Worker0] (ScriptedImporter)
[Worker3] (ScriptedImporter)
[Worker3]  -> (artifact id: '9e644cec04aaf256de30d07f8550a7e7') in 0.0035624 seconds
[Worker0]  -> (artifact id: 'd4ddefd87cdde6ec0bf2bd9cafc6ac8a') in 0.0046839 seconds
[Worker1] Start importing Packages/com.unity.render-pipelines.universal/Editor/Overrides/Shaders using Guid(da0f06d1af1e98c48b8ffbe1e6e4df96) Importer(2089858483,b0f066a214c2f5e87bad3c948f4d605d) 
[Worker1] (ScriptedImporter)
[Worker1]  -> (artifact id: 'b86f230bb8a0d01a99eaa73247da4a2f') in 0.0038538 seconds
[Worker3] Start importing Assets/Scripts/Resonance.Battle/Core/EffectOpcodes.cs using Guid(fa3e603dbb30464449c139d2f2b4b019) Importer(2089858483,b0f066a214c2f5e87bad3c948f4d605d) 
[Worker3] (ScriptedImporter)
[Worker0] Start importing Assets/EmeraldBunny/Generated/Materials/upperlidR.mat using Guid(b9215fe1f2c2c1644b76013d5c654f94) Importer(2089858483,b0f066a214c2f5e87bad3c948f4d605d) 
[Worker0] (ScriptedImporter)
[Worker3]  -> (artifact id: '08c19c20cca4e86d100834192168d8b0') in 0.0037242 seconds
[Worker0]  -> (artifact id: '7bab6f928d036f0c39b2f054596257b9') in 0.0068297 seconds
[Worker1] Start importing Packages/com.unity.render-pipelines.core/Editor/Tools using Guid(983c27c4e607ff143aea413ddb18548f) Importer(2089858483,b0f066a214c2f5e87bad3c948f4d605d) 
[Worker1] (ScriptedImporter)
[Worker1]  -> (artifact id: '26111c876d90cd3c206fe878074f647d') in 0.0040157 seconds
[Worker3] Start importing Packages/com.unity.2d.animation/Editor/Assets/ComponentIcons/d_Animation.SpriteLibraryVar@128.png using Guid(c38da00047c364d939a5857fc7e8a17a) Importer(2089858483,b0f066a214c2f5e87bad3c948f4d605d) 
[Worker3] (ScriptedImporter)
[Worker0] Start importing Assets/EmeraldBunny/Generated/Materials/toeGround3_lower_rear.mat using Guid(26329f6928dcddf46b41cdd3f07cd804) Importer(2089858483,b0f066a214c2f5e87bad3c948f4d605d) 
[Worker0] (ScriptedImporter)
[Worker3]  -> (artifact id: '03d2effa16aadf67b8515643b7b2bb0e') in 0.0111068 seconds
[Worker0]  -> (artifact id: 'cc9c8368994ed5b43134b80e4c9a16bc') in 0.0079329 seconds
[Worker1] Start importing Packages/com.unity.modules.unitywebrequest using Guid(c522a644a29fcab2eaf63298c118a65b) Importer(2089858483,b0f066a214c2f5e87bad3c948f4d605d) 
[Worker1] (ScriptedImporter)
[Worker2]  -> (artifact id: 'db36b6266efde553d3d0cadc523d741b') in 0.0943739 seconds
[Worker1]  -> (artifact id: '3bb8c3a34b04f1e1c53279649f091592') in 0.0042294 seconds
[Worker1] Start importing Packages/com.unity.2d.animation/Runtime/AssemblyInfo.cs using Guid(7974be9b5f0db0f41a7acc758375c6a8) Importer(2089858483,b0f066a214c2f5e87bad3c948f4d605d) 
[Worker1] (ScriptedImporter)
[Worker0] Start importing Packages/com.unity.2d.animation/Editor/Assets/AssetUpgrader using Guid(39167332d427b4851b6947e4a02b9186) Importer(2089858483,b0f066a214c2f5e87bad3c948f4d605d) 
[Worker0] (ScriptedImporter)
[Worker3] Start importing Packages/com.unity.render-pipelines.universal/Runtime/Debug using Guid(91be52194fd414eefb9f1bc39b89292e) Importer(2089858483,b0f066a214c2f5e87bad3c948f4d605d) 
[Worker3] (ScriptedImporter)
[Worker1]  -> (artifact id: 'ac5ccccce0a3bb0e3cec05a2c629acf0') in 0.0036955 seconds
[Worker0]  -> (artifact id: '602cff6b4d6be10859f07f2ac4c6db08') in 0.0035582 seconds
[Worker2] Start importing Packages/com.unity.shadergraph/Editor/Generation/Targets/Fullscreen using Guid(b08719eeefb3f464f9c08fa512667b40) Importer(2089858483,b0f066a214c2f5e87bad3c948f4d605d) 
[Worker2] (ScriptedImporter)
[Worker3]  -> (artifact id: '20334635b79d5a4d355cf82a6f9f61ea') in 0.0062732 seconds
[Worker2]  -> (artifact id: '802cf0b4961dd080af41b3ef51b89010') in 0.006652 seconds
[Worker0] Start importing Assets/EmeraldBunny/Generated/Meshes/leg_rear_knee_lower_front.asset using Guid(da3a8a5fd76788246a0b05338138a6ec) Importer(2089858483,b0f066a214c2f5e87bad3c948f4d605d) 
[Worker0] (ScriptedImporter)
[Worker1] Start importing Packages/com.unity.render-pipelines.universal/ShaderLibrary using Guid(2de5b472450204ae2853db2cb6a2540a) Importer(2089858483,b0f066a214c2f5e87bad3c948f4d605d) 
[Worker1] (ScriptedImporter)
[Worker0]  -> (artifact id: '4c25d179ae801423205a374ded575234') in 0.0051052 seconds
[Worker3] Start importing Packages/com.unity.2d.sprite/Editor/ObjectMenuCreation/DefaultAssets/Textures/Square.png using Guid(48e93eef0688c4a259cb0eddcd8661f7) Importer(2089858483,b0f066a214c2f5e87bad3c948f4d605d) 
[Worker3] (ScriptedImporter)
[Worker1]  -> (artifact id: 'ff7217a7426d515c4ec4820ec7bf5501') in 0.0048122 seconds
[Worker2] Start importing Packages/com.unity.ugui/Tests/Runtime/UGUI/ScrollBar using Guid(43b1467da3d29ae4597a733828cdd84a) Importer(2089858483,b0f066a214c2f5e87bad3c948f4d605d) 
[Worker2] (ScriptedImporter)
[Worker2]  -> (artifact id: '737aeba8ee05c199c1c6060eecf6bb04') in 0.0038228 seconds
[Worker3]  -> (artifact id: 'a160e189ef6397bb0abc942b312e315c') in 0.0106976 seconds
[Worker0] Start importing Packages/com.unity.2d.animation/Editor/Assets/EditorIcons/Light/character_Mode@4x.png using Guid(748ae8b33df036b46a86e0387f1602cf) Importer(2089858483,b0f066a214c2f5e87bad3c948f4d605d) 
[Worker0] (ScriptedImporter)
[Worker1] Start importing Packages/com.unity.2d.animation/Editor/Assets/ComponentIcons/d_Animation.SpriteLibraryVar@64.png using Guid(54e0c48589e594d96a00db47801df58b) Importer(2089858483,b0f066a214c2f5e87bad3c948f4d605d) 
[Worker1] (ScriptedImporter)
[Worker2] Start importing Packages/com.unity.2d.animation/Editor/Assets/EditorIcons/Light using Guid(1c661268b2d52ed4b8d5fd345bb014a0) Importer(2089858483,b0f066a214c2f5e87bad3c948f4d605d) 
[Worker2] (ScriptedImporter)
[Worker3] Start importing Assets/Resources/Art/Characters/C001/PuppetLayers/landmarks.json using Guid(037e465550c346046b849a4a3d674369) Importer(2089858483,b0f066a214c2f5e87bad3c948f4d605d) 
[Worker3] (ScriptedImporter)
[Worker0]  -> (artifact id: 'fcac149e44b9e53469f6f90b776fb52e') in 0.0116588 seconds
[Worker1]  -> (artifact id: '19286dea3a61e7cdda47220259e6441a') in 0.0090537 seconds
[Worker2]  -> (artifact id: '1fd57d885eb07df08a9980b1c8bc456a') in 0.0038766 seconds
[Worker3]  -> (artifact id: '66e5a110de2cce8901430f2afe5c7c9e') in 0.0049917 seconds
[Worker1] Start importing Packages/com.unity.modules.imgui using Guid(c060426bfd6e82575228df6656368eaa) Importer(2089858483,b0f066a214c2f5e87bad3c948f4d605d) 
[Worker1] (ScriptedImporter)
[Worker3] Start importing Assets/EmeraldBunny/Generated/Materials/leg_front_thigh_lower_front.mat using Guid(56e4903b433f2564caba19025bf3cb67) Importer(2089858483,b0f066a214c2f5e87bad3c948f4d605d) 
[Worker0] Start importing Assets/EmeraldBunny/Art/leg_front_knee_lower_front.png using Guid(7065383cc40a2034b88b31a0912273b7) Importer(2089858483,b0f066a214c2f5e87bad3c948f4d605d) 
[Worker0] (ScriptedImporter)
[Worker3] (ScriptedImporter)
[Worker1]  -> (artifact id: '4e658580c5f875442ea47a08574fbae7') in 0.0036605 seconds
[Worker2] Start importing Assets/EmeraldBunny/Generated/Meshes/leg_rear_knee_lower_rear.asset using Guid(d5164a0a325dfb6489c0ed2fc9a0e79e) Importer(2089858483,b0f066a214c2f5e87bad3c948f4d605d) 
[Worker2] (ScriptedImporter)
[Worker3]  -> (artifact id: 'd9d5fc22be2b908e52277ec5fca92c5b') in 0.0073789 seconds
[Worker2]  -> (artifact id: '72a3f49b2ed38b30d25a9c0a875499b8') in 0.0052382 seconds
[Worker0]  -> (artifact id: '371f90859fcf9bf1b58448d63759585c') in 0.0101211 seconds
[Worker1] Start importing Packages/com.unity.render-pipelines.universal/Editor/ShaderGraph/Templates using Guid(3efb14e4a7f35d24899cd83aa303d48b) Importer(2089858483,b0f066a214c2f5e87bad3c948f4d605d) 
[Worker1] (ScriptedImporter)
[Worker1]  -> (artifact id: '8205ff017bfd78828b17eb0d567adef6') in 0.0037615 seconds
[Worker2] Start importing Assets/EmeraldBunny/Generated/Meshes/fingerL_thumb.asset using Guid(c698e525e67ea5344ad4f663788b1f43) Importer(2089858483,b0f066a214c2f5e87bad3c948f4d605d) 
[Worker2] (ScriptedImporter)
[Worker0] Start importing Assets/EmeraldBunny/Generated/Materials/chair_front_lower_front.mat using Guid(b259a5baa3251a7469f3672a7a0bb7ec) Importer(2089858483,b0f066a214c2f5e87bad3c948f4d605d) 
[Worker0] (ScriptedImporter)
[Worker3] Start importing Packages/com.unity.render-pipelines.universal/Tests/Editor/Tools/Converters using Guid(4b117ddec9feb0445a5b1ff958fd1399) Importer(2089858483,b0f066a214c2f5e87bad3c948f4d605d) 
[Worker2]  -> (artifact id: '39fae74765f7debec769a37780319783') in 0.0059851 seconds
[Worker3] (ScriptedImporter)
[Worker3]  -> (artifact id: '924311d61b33772c7948db0f89889fd8') in 0.0037017 seconds
[Worker0]  -> (artifact id: '93906b7dfeb99f3ac683108918e7e141') in 0.0058656 seconds
[Worker1] Start importing Packages/com.unity.2d.animation/Editor/Assets/EditorIcons/Light/Parent_Bone@3x.png using Guid(a316f87205656c949a135f4c7ae8d5f2) Importer(2089858483,b0f066a214c2f5e87bad3c948f4d605d) 
[Worker1] (ScriptedImporter)
[Worker2] Start importing Packages/com.unity.mathematics/Tests/Properties using Guid(749a3b666b115be46b00490e7232fb1b) Importer(2089858483,b0f066a214c2f5e87bad3c948f4d605d) 
[Worker2] (ScriptedImporter)
[Worker1]  -> (artifact id: '9fc9f7924618e1f3945c87b4daf373bd') in 0.0115178 seconds
[Worker2]  -> (artifact id: 'cff4680a3d1630ed26e6dc4340cd6154') in 0.0032718 seconds
[Worker0] Start importing Packages/com.unity.2d.animation/Runtime/Unity.2D.Animation.Runtime.asmdef using Guid(41524c21c95e5fe4dbc5b48bd21995a4) Importer(2089858483,b0f066a214c2f5e87bad3c948f4d605d) 
[Worker0] (ScriptedImporter)
[Worker3] Start importing Packages/com.unity.inputsystem/InputSystem/Plugins/XR/Devices using Guid(7ada2e545c685b44a8367bdab267f0dc) Importer(2089858483,b0f066a214c2f5e87bad3c948f4d605d) 
[Worker3] (ScriptedImporter)
[Worker3]  -> (artifact id: 'f21823ed4a913fe06337ea75d337c54e') in 0.0025854 seconds
[Worker0]  -> (artifact id: '2ef94056e3ddf6491a071b2ef0fbc118') in 0.0067079 seconds
[Worker2] Start importing Assets/EmeraldBunny/Generated/Materials/leg_front_calf.mat using Guid(1f1137a0bc093cb46bf1f57f7e1e841b) Importer(2089858483,b0f066a214c2f5e87bad3c948f4d605d) 
[Worker2] (ScriptedImporter)
[Worker1] Start importing Packages/com.unity.modules.wind using Guid(b77b1ad9c05af0412725856c6c53b037) Importer(2089858483,b0f066a214c2f5e87bad3c948f4d605d) 
[Worker1] (ScriptedImporter)
[Worker2]  -> (artifact id: '2104e962bea26efc2200fb0450c4f905') in 0.0085851 seconds
[Worker1]  -> (artifact id: 'a30af06a551331616bb589df9e99998c') in 0.0026879 seconds
[Worker0] Start importing Assets/EmeraldBunny/Art/chair_front_lower_rear.png using Guid(5def311726ae0034d964c8076436b723) Importer(2089858483,b0f066a214c2f5e87bad3c948f4d605d) 
[Worker0] (ScriptedImporter)
[Worker3] Start importing Assets/EmeraldBunny/Generated/Meshes/toeAir5_lower_front.asset using Guid(3632e9ee96dcbe949b340e1f4e2b37b5) Importer(2089858483,b0f066a214c2f5e87bad3c948f4d605d) 
[Worker3] (ScriptedImporter)
[Worker3]  -> (artifact id: 'd4c3c0a4b6c061b7d826d8c3fcad818e') in 0.0036045 seconds
[Worker0]  -> (artifact id: '9be3b698e7a9dd0b2ba4a93d8e7b2587') in 0.0068181 seconds
[Worker0] Start importing Packages/com.unity.2d.animation/Editor/Assets/EditorIcons/Dark/d_Copy@4x.png using Guid(00b8ce4a201871b498992f536279acf7) Importer(2089858483,b0f066a214c2f5e87bad3c948f4d605d) 
[Worker0] (ScriptedImporter)
[Worker2] Start importing Assets/EmeraldBunny/Generated/Meshes/neck.asset using Guid(12c0732b296e2ba458861d49b103594b) Importer(2089858483,b0f066a214c2f5e87bad3c948f4d605d) 
[Worker2] (ScriptedImporter)
[Worker1] Start importing Packages/com.unity.ugui/Tests/Editor using Guid(936bea4b2545c4a4fad2e623b0f6371f) Importer(2089858483,b0f066a214c2f5e87bad3c948f4d605d) 
[Worker1] (ScriptedImporter)
[Worker3] Start importing Packages/com.unity.2d.animation/Editor/Assets/EditorIcons/Light/SetPivot128.png using Guid(6e69868210a834182b29ea52c36a0a52) Importer(2089858483,b0f066a214c2f5e87bad3c948f4d605d) 
[Worker3] (ScriptedImporter)
[Worker2]  -> (artifact id: 'd5310c4a2b8d362a334fd02d9aae7062') in 0.0043485 seconds
[Worker1]  -> (artifact id: '7217ec687e56b697bf4512b860e5790d') in 0.0030608 seconds
[Worker0]  -> (artifact id: '036ff37ab01acc21d74772b182876995') in 0.0107483 seconds
[Worker3]  -> (artifact id: '97d0554a55516b1ce8c6175dcd00bb55') in 0.0085522 seconds
[Worker2] Start importing Packages/com.unity.render-pipelines.universal/Editor/ShaderGUI using Guid(e2eccaf646dce46a69c0224eb55c61a2) Importer(2089858483,b0f066a214c2f5e87bad3c948f4d605d) 
[Worker2] (ScriptedImporter)
[Worker0] Start importing Packages/com.unity.2d.animation/Editor/Assets/EditorIcons/Selected/d_Bone@3x.png using Guid(443d05f2a4ae81a4297ac8ec762644c3) Importer(2089858483,b0f066a214c2f5e87bad3c948f4d605d) 
[Worker0] (ScriptedImporter)
[Worker1] Start importing Packages/com.unity.test-framework/UnityEditor.TestRunner/NUnitExtension/Attributes using Guid(96c503bf059df984c86eecf572370347) Importer(2089858483,b0f066a214c2f5e87bad3c948f4d605d) 
[Worker3] Start importing Packages/com.unity.2d.animation/Editor/Assets/EditorIcons/Light/Visibility_Tool@4x.png using Guid(216c53aef79eaaf40a1800cc5e542dc3) Importer(2089858483,b0f066a214c2f5e87bad3c948f4d605d) 
[Worker1] (ScriptedImporter)
[Worker3] (ScriptedImporter)
[Worker2]  -> (artifact id: '3ee0d81111ad68bd94afb738e25e6466') in 0.0049176 seconds
[Worker1]  -> (artifact id: '4d9cca7dc30c4e44c2d192d64c604c45') in 0.0035572 seconds
[Worker0]  -> (artifact id: '8f55070740154e12d8564231044405a8') in 0.0084442 seconds
[Worker3]  -> (artifact id: '967993824f4ce097895547e8e8a55230') in 0.0077522 seconds
[Worker2] Start importing Assets/EmeraldInochi using Guid(6298f74dd592f7a48b466ef7bd38ca00) Importer(2089858483,b0f066a214c2f5e87bad3c948f4d605d) 
[Worker2] (ScriptedImporter)
[Worker1] Start importing Packages/com.unity.2d.animation/Editor/Assets/EditorIcons/Dark/d_Generate_Weights.png using Guid(05c5f13370d29414b9489151a4f5c666) Importer(2089858483,b0f066a214c2f5e87bad3c948f4d605d) 
[Worker1] (ScriptedImporter)
[Worker2]  -> (artifact id: 'a2a9ca06f0995d6dc75a3ff3f96d3cc1') in 0.0040451 seconds
[Worker0] Start importing Packages/com.unity.render-pipelines.core/Tests/Editor/ShaderStripping/Results using Guid(f5a8b36b9689f8a428381e6fd79a2278) Importer(2089858483,b0f066a214c2f5e87bad3c948f4d605d) 
[Worker0] (ScriptedImporter)
[Worker3] Start importing Packages/com.unity.test-framework/UnityEditor.TestRunner/Api/Analytics using Guid(891bb6b9f5094c36b59c3788e21c8213) Importer(2089858483,b0f066a214c2f5e87bad3c948f4d605d) 
[Worker3] (ScriptedImporter)
[Worker0]  -> (artifact id: '6f592cdaa8934f2da4fa3dbb9699e3af') in 0.0039271 seconds
[Worker3]  -> (artifact id: 'e26555eb24d52fb4c1e9b7a7bc0ffb7e') in 0.0029299 seconds
[Worker1]  -> (artifact id: 'd469afdf44e51b2acb05e52f415fceb7') in 0.0108256 seconds
[Worker2] Start importing Assets/Scripts/Resonance.Battle/Content/Catalog.cs using Guid(e07420060acac1041940f83ff774730c) Importer(2089858483,b0f066a214c2f5e87bad3c948f4d605d) 
[Worker2] (ScriptedImporter)
[Worker3] Start importing Packages/com.unity.2d.animation/Editor/Assets/SkinningModule/WeightToolbarStyle.uss using Guid(d5088f76dafda4b48b76b33f42653e6c) Importer(2089858483,b0f066a214c2f5e87bad3c948f4d605d) 
[Worker3] (ScriptedImporter)
[Worker1] Start importing Packages/com.unity.2d.animation/Editor/Assets/EditorIcons/Dark/d_Sprite_Influence@2x.png using Guid(0f26b0f71c3344e8b8838eb64eb7d9e9) Importer(2089858483,b0f066a214c2f5e87bad3c948f4d605d) 
[Worker1] (ScriptedImporter)
[Worker2]  -> (artifact id: '5946e8100893192b773f5c17439cfe80') in 0.0046808 seconds
[Worker0] Start importing Packages/com.unity.2d.animation/Editor/Assets/EditorIcons/Light/Edit_Geometry@4x.png using Guid(088ce4ab56060504083daeb4556a09c1) Importer(2089858483,b0f066a214c2f5e87bad3c948f4d605d) 
[Worker0] (ScriptedImporter)
[Worker1]  -> (artifact id: 'e14f5b57c1e584d81a208add2fa7874d') in 0.0094198 seconds
[Worker0]  -> (artifact id: '7376d3af9214b53001b8361c95b3112e') in 0.0095078 seconds
[Worker3]  -> (artifact id: 'af90087a049e85332fb8ebfb77326e51') in 0.0217863 seconds
[Worker2] Start importing Packages/com.unity.2d.animation/Editor/Assets/ComponentIcons/Animation.IKFabrik@32.png using Guid(d1c2be2a893c441fca30fe5d470e0d3e) Importer(2089858483,b0f066a214c2f5e87bad3c948f4d605d) 
[Worker2] (ScriptedImporter)
[Worker1] Start importing Packages/com.unity.2d.animation/Editor/Unity.2D.Animation.Editor.asmdef using Guid(7e93558c536f24149a3181fbe0a14523) Importer(2089858483,b0f066a214c2f5e87bad3c948f4d605d) 
[Worker1] (ScriptedImporter)
[Worker0] Start importing Packages/com.unity.modules.ai using Guid(fd871a8be47119612f7c254e96a822b7) Importer(2089858483,b0f066a214c2f5e87bad3c948f4d605d) 
[Worker0] (ScriptedImporter)
[Worker1]  -> (artifact id: '3ae219a947ec19abfb51e1b7f4957f29') in 0.0043555 seconds
[Worker0]  -> (artifact id: 'dd9c717579cc21cc5f3a86ff66921288') in 0.0031266 seconds
[Worker2]  -> (artifact id: 'b110ffee8a1b462a6f58ee657d795b15') in 0.0118609 seconds
[Worker3] Start importing Packages/com.unity.2d.animation/Editor/Assets/EditorIcons/Light/character_Mode.png using Guid(d4d64a6cd9624c34a815dd79fb2a20a4) Importer(2089858483,b0f066a214c2f5e87bad3c948f4d605d) 
[Worker3] (ScriptedImporter)
[Worker1] Start importing Packages/com.unity.inputsystem/InputSystem/Controls/Processors using Guid(6fde91b0a4ee45cd86be18a8d829dc87) Importer(2089858483,b0f066a214c2f5e87bad3c948f4d605d) 
[Worker1] (ScriptedImporter)
[Worker3]  -> (artifact id: 'bd9def6645e1c036657e044019491bee') in 0.011241 seconds
[Worker1]  -> (artifact id: 'a27a835cb9d2e6c4ef09495a76a0d564') in 0.0035288 seconds
[Worker2] Start importing Packages/com.unity.2d.animation/Editor/Assets/EditorIcons/Selected/character_Mode@4x.png using Guid(0ccc508108fa6ed4fa11b4a467d7f609) Importer(2089858483,b0f066a214c2f5e87bad3c948f4d605d) 
[Worker2] (ScriptedImporter)
[Worker0] Start importing Packages/com.unity.render-pipelines.universal/Editor/Tools/MaterialUpgrader using Guid(d5fa30f043d2e274f9024230be655650) Importer(2089858483,b0f066a214c2f5e87bad3c948f4d605d) 
[Worker0] (ScriptedImporter)
[Worker0]  -> (artifact id: '471ea2e009ef17e11dd3bfd137f3ee94') in 0.0059591 seconds
[Worker2]  -> (artifact id: '44f483e1bed905d15a0cc0f041e44267') in 0.0114632 seconds
[Worker1] Start importing Packages/com.unity.2d.animation/Editor/Assets/EditorIcons/Dark/d_Bone_Influence@4x.png using Guid(1e0f2b45945c8254abd59f40d783c11f) Importer(2089858483,b0f066a214c2f5e87bad3c948f4d605d) 
[Worker1] (ScriptedImporter)
[Worker3] Start importing Packages/com.unity.2d.animation/Editor/Assets/ComponentIcons/Animation.SpriteLibrary On@64.png using Guid(19370790a791d4fc99ee3830251366f8) Importer(2089858483,b0f066a214c2f5e87bad3c948f4d605d) 
[Worker3] (ScriptedImporter)
[Worker1]  -> (artifact id: '1d0e01bc9fde2715c836ec90de55f09c') in 0.0077193 seconds
[Worker3]  -> (artifact id: 'c0fef4de60f821603f2414b4642aeab8') in 0.0101649 seconds
[Worker2] Start importing Packages/com.unity.2d.animation/Editor/Assets/ComponentIcons/Animation.IKManager On@64.png using Guid(54ce89f1e912746ecb70ddf53bead1f8) Importer(2089858483,b0f066a214c2f5e87bad3c948f4d605d) 
[Worker2] (ScriptedImporter)
[Worker0] Start importing Packages/com.unity.shadergraph/Editor/Data/Interfaces using Guid(fa6cfee2afcf9584b9e67fe405662d0e) Importer(2089858483,b0f066a214c2f5e87bad3c948f4d605d) 
[Worker0] (ScriptedImporter)
[Worker0]  -> (artifact id: '52acca71bd8f2bdfdd8d1dd4fde0442d') in 0.0044204 seconds
[Worker2]  -> (artifact id: '9a904fda1b3b5a6d174022d7273b044a') in 0.0090902 seconds
[Worker1] Start importing Packages/com.unity.test-framework/UnityEditor.TestRunner/GUI/Controls using Guid(e88eef57957d4440c8a7ff2ef9dd3d97) Importer(2089858483,b0f066a214c2f5e87bad3c948f4d605d) 
[Worker1] (ScriptedImporter)
[Worker3] Start importing Assets/EmeraldBunny/Generated/Materials/earring_left.mat using Guid(a482916b0dbb77448910961ba495953a) Importer(2089858483,b0f066a214c2f5e87bad3c948f4d605d) 
[Worker3] (ScriptedImporter)
[Worker1]  -> (artifact id: '12710116b459533b36db73f9f24e5e0b') in 0.0040036 seconds
[Worker3]  -> (artifact id: 'a0d6a5d7c64af6387b407362481dae57') in 0.0066292 seconds
[Worker0] Start importing Packages/com.unity.2d.sprite/CHANGELOG.md using Guid(b7007d815829e7644bb81d1f8004a340) Importer(2089858483,b0f066a214c2f5e87bad3c948f4d605d) 
[Worker0] (ScriptedImporter)
[Worker0]  -> (artifact id: 'd96dbd45efafb09bf9f958455faf86a2') in 0.0051895 seconds
[Worker2] Start importing Packages/com.unity.collections/Unity.Collections.BurstCompatibilityGen using Guid(00a9bcd29d03e5043aad0c9a7e6185f3) Importer(2089858483,b0f066a214c2f5e87bad3c948f4d605d) 
[Worker2] (ScriptedImporter)
[Worker2]  -> (artifact id: 'ced8ca117c3b02a5fb8ce4f38e125720') in 0.0047092 seconds
[Worker1] Start importing Packages/com.unity.ugui/Runtime/InternalBridge using Guid(bab3a29ab4f214742a44add41efffb7d) Importer(2089858483,b0f066a214c2f5e87bad3c948f4d605d) 
[Worker1] (ScriptedImporter)
[Worker1]  -> (artifact id: '57ea1b10df2238752bd880d86ea44173') in 0.0040637 seconds
[Worker3] Start importing Assets/EmeraldBunny/Generated/Materials/lowerlidR.mat using Guid(a83ecbf10733ade43a555cf8a12c072e) Importer(2089858483,b0f066a214c2f5e87bad3c948f4d605d) 
[Worker3] (ScriptedImporter)
[Worker3]  -> (artifact id: '923b976af4ff197e2adf33d84d32a0da') in 0.0064572 seconds
[Worker0] Start importing Assets/Editor/Build using Guid(c0e1e001111111111111111111111111) Importer(2089858483,b0f066a214c2f5e87bad3c948f4d605d) 
[Worker0] (ScriptedImporter)
[Worker0]  -> (artifact id: '9bfe205e9c0634c3d993d0f159ed8361') in 0.0039458 seconds
[Worker2] Start importing Assets/EmeraldBunny/Generated/Meshes/body.asset using Guid(88044c9f96e4afa4082742d37e94f90d) Importer(2089858483,b0f066a214c2f5e87bad3c948f4d605d) 
[Worker2] (ScriptedImporter)
[Worker2]  -> (artifact id: '529078515ceed8de95bc1267c3fdf54e') in 0.0066915 seconds
[Worker1] Start importing Packages/com.unity.2d.animation/Editor/Assets/EditorIcons/Light/Mesh@2x.png using Guid(242f58a86f3ee8e418809e5fc269d531) Importer(2089858483,b0f066a214c2f5e87bad3c948f4d605d) 
[Worker1] (ScriptedImporter)
[Worker3] Start importing Packages/com.unity.inputsystem/InputSystem/Actions/Composites using Guid(6adbf65a53ff9b04990c2116b3e4d5b7) Importer(2089858483,b0f066a214c2f5e87bad3c948f4d605d) 
[Worker3] (ScriptedImporter)
[Worker3]  -> (artifact id: '4f5d3bf0cab6b4916b54e4ba0fc224a5') in 0.005893 seconds
[Worker1]  -> (artifact id: '4a03d0268702de55f969527b34a0cb3f') in 0.020525 seconds
[Worker0] Start importing Packages/com.unity.2d.common/Runtime/UTess2D using Guid(dd9f4de9063c9624fb0d6d883512ed9d) Importer(2089858483,b0f066a214c2f5e87bad3c948f4d605d) 
[Worker0] (ScriptedImporter)
[Worker0]  -> (artifact id: '1f19f8f4c3d52edb6197220a5dbd3307') in 0.0073463 seconds
[Worker2] Start importing Assets/EmeraldBunny/Art/chair_leg_backleft.png using Guid(01b7c3aaa883ec9498fcba6b7137b862) Importer(2089858483,b0f066a214c2f5e87bad3c948f4d605d) 
[Worker2] (ScriptedImporter)
[Worker2]  -> (artifact id: '7a4fa283b6bd08dcb2df94ec40f29310') in 0.0100219 seconds
[Worker3] Start importing Packages/com.unity.test-framework/UnityEditor.TestRunner/TestRunner using Guid(49d4c2ab7ff0f4442af256bad7c9d57c) Importer(2089858483,b0f066a214c2f5e87bad3c948f4d605d) 
[Worker3] (ScriptedImporter)
[Worker1] Start importing Packages/com.unity.shadergraph/Editor/Drawing/Colors using Guid(9ff4538fd9b634ffd8b591bd96663d06) Importer(2089858483,b0f066a214c2f5e87bad3c948f4d605d) 
[Worker1] (ScriptedImporter)
[Worker3]  -> (artifact id: 'b9ea21982410b04ca287e1df291629d4') in 0.0051979 seconds
[Worker0] Start importing Assets/EmeraldBunny/Art/spread_rear_toe_0.png using Guid(d6942c2f6b6c351468078fc0db807073) Importer(2089858483,b0f066a214c2f5e87bad3c948f4d605d) 
[Worker0] (ScriptedImporter)
[Worker1]  -> (artifact id: '327530a1720c1ee92cb5ba16e333612b') in 0.0038814 seconds
[Worker0]  -> (artifact id: 'e28517d4f3baf86d57e862e252382fb5') in 0.0084563 seconds
[Worker2] Start importing Packages/com.unity.2d.animation/Editor/Assets/EditorIcons/Dark/d_Create_Edge@2x.png using Guid(ebaf5b914f751a142b6851d985adf69d) Importer(2089858483,b0f066a214c2f5e87bad3c948f4d605d) 
[Worker2] (ScriptedImporter)
[Worker3] Start importing Packages/com.unity.inputsystem/InputSystem/Plugins/XR/Haptics using Guid(8529451a1ee99484a891bdea2f5219f3) Importer(2089858483,b0f066a214c2f5e87bad3c948f4d605d) 
[Worker3] (ScriptedImporter)
[Worker1] Start importing Packages/com.unity.2d.animation/Editor/Assets/LayoutOverlay/LayoutOverlay.uxml using Guid(46c8e0bde8bfa5a4eadb9b33d3543bcd) Importer(2089858483,b0f066a214c2f5e87bad3c948f4d605d) 
[Worker1] (ScriptedImporter)
[Worker3]  -> (artifact id: '1b0905165a92aa4b6759192de2e92103') in 0.003662 seconds
[Worker2]  -> (artifact id: '6f3e3d441a29598e1397c02294c71f98') in 0.0170945 seconds
[Worker1]  -> (artifact id: '62d3709e4545b6d83a6fa83488b6db44') in 0.0089137 seconds
[Worker0] Start importing Packages/com.unity.render-pipelines.core/Runtime/Debugging/Prefabs/Scripts using Guid(9383aa19796d6e84e8031655b9ac912f) Importer(2089858483,b0f066a214c2f5e87bad3c948f4d605d) 
[Worker0] (ScriptedImporter)
[Worker0]  -> (artifact id: 'd45074a9d925e8d9dc3fbcc9e27b772f') in 0.0047449 seconds
[Worker2] Start importing Assets/EmeraldBunny/Generated/Materials/fingerR_ring.mat using Guid(0e19aa7141baeee47ac062667861ea6c) Importer(2089858483,b0f066a214c2f5e87bad3c948f4d605d) 
[Worker2] (ScriptedImporter)
[Worker3] Start importing Packages/com.unity.2d.animation/Editor/Assets/SkinningModule/RigToolbarStyle.uss using Guid(2571b347a2ca442dad28c8b8bc0212f0) Importer(2089858483,b0f066a214c2f5e87bad3c948f4d605d) 
[Worker3] (ScriptedImporter)
[Worker2]  -> (artifact id: 'a4856fa5619a219b706afa83099e73a8') in 0.0063908 seconds
[Worker1] Start importing Packages/com.unity.2d.animation/Editor/Assets/EditorIcons/Selected/Split_Edge.png using Guid(8800032f7e7cdd544b74849c80ce05d4) Importer(2089858483,b0f066a214c2f5e87bad3c948f4d605d) 
[Worker1] (ScriptedImporter)
[Worker0] Start importing Packages/com.unity.2d.animation/Editor/AssemblyInfo.cs using Guid(81d5f69f47c861d40beee8891a4ac92e) Importer(2089858483,b0f066a214c2f5e87bad3c948f4d605d) 
[Worker0] (ScriptedImporter)
[Worker3]  -> (artifact id: '407959321ddb0103e595860a16e71e45') in 0.0129868 seconds
[Worker0]  -> (artifact id: '3f1375213a1469790c820fcbea978b87') in 0.0036735 seconds
[Worker1]  -> (artifact id: '5bf76cd2c85b7da356782eb4d80d75bf') in 0.0106206 seconds
[Worker2] Start importing Packages/com.unity.shadergraph/Editor/Resources/UXML/Blackboard using Guid(faa5d782c77ec7b41a65542649dbcc98) Importer(2089858483,b0f066a214c2f5e87bad3c948f4d605d) 
[Worker2] (ScriptedImporter)
[Worker2]  -> (artifact id: '9d8884c981f7340756c790126683b7df') in 0.0033636 seconds
[Worker3] Start importing Packages/com.unity.2d.animation/Editor/Assets/ComponentIcons/Animation.SpriteSkin On@64.png using Guid(af48269279273434687aeac541f87ca8) Importer(2089858483,b0f066a214c2f5e87bad3c948f4d605d) 
[Worker3] (ScriptedImporter)
[Worker1] Start importing Packages/com.unity.render-pipelines.universal/Runtime/Memory using Guid(db16a3790436426e8ea186e7918ea4cc) Importer(2089858483,b0f066a214c2f5e87bad3c948f4d605d) 
[Worker0] Start importing Assets/EmeraldBunny/Generated/Meshes/cuff_left.asset using Guid(12183849f5d6a1943b1918e6096e729e) Importer(2089858483,b0f066a214c2f5e87bad3c948f4d605d) 
[Worker1] (ScriptedImporter)
[Worker0] (ScriptedImporter)
[Worker3]  -> (artifact id: 'b2d2db482c4039376113c70316ea9ea5') in 0.0101485 seconds
[Worker1]  -> (artifact id: '665c2743a338f587e7729c2a29ece6b1') in 0.0035397 seconds
[Worker0]  -> (artifact id: 'e67d4137fa226da8683c389004a7de75') in 0.0046556 seconds
[Worker2] Start importing Packages/com.unity.shadergraph/Tests/Editor/IntegrationTests using Guid(e636bcaad60bb8e4da48c07cdcb938b5) Importer(2089858483,b0f066a214c2f5e87bad3c948f4d605d) 
[Worker2] (ScriptedImporter)
[Worker2]  -> (artifact id: '74522ef147d8cd9e75b3eeaf5e8288e5') in 0.0033944 seconds
[Worker3] Start importing Assets/EmeraldBunny/Generated/Meshes/chair_leg_frontleft_lower_fixed.asset using Guid(d75d5e2d0ef609245ad6407aef81e289) Importer(2089858483,b0f066a214c2f5e87bad3c948f4d605d) 
[Worker3] (ScriptedImporter)
[Worker0] Start importing Packages/com.unity.ugui/Tests/Editor/UGUI/Canvas using Guid(b86b117346968ac4d9cc63e4385becb7) Importer(2089858483,b0f066a214c2f5e87bad3c948f4d605d) 
[Worker0] (ScriptedImporter)
[Worker1] Start importing Assets/EmeraldBunny/Art/lowerlidL.png using Guid(00596f6c9f86fbb43a324f1a1de1f490) Importer(2089858483,b0f066a214c2f5e87bad3c948f4d605d) 
[Worker1] (ScriptedImporter)
[Worker0]  -> (artifact id: '572c564c71326537a93151d37a8c1a5b') in 0.0034133 seconds
[Worker3]  -> (artifact id: 'c54018c148c634a3dac4ff04ada704b4') in 0.0050081 seconds
[Worker1]  -> (artifact id: '73e6eccad59954e40196c9704c1e8d94') in 0.010867 seconds
[Worker2] Start importing Packages/com.unity.render-pipelines.universal/Runtime/Materials/PhysicalMaterial3DsMax using Guid(6008daaf28fd58349b70105e46e2a92b) Importer(2089858483,b0f066a214c2f5e87bad3c948f4d605d) 
[Worker2] (ScriptedImporter)
[Worker2]  -> (artifact id: '93664cc2c9c0b673121473fb6b501229') in 0.0030277 seconds
[Worker0] Start importing Assets/EmeraldBunny/Art/collar_left.png using Guid(31633de88b3cfc9429a63ce479c9d7f8) Importer(2089858483,b0f066a214c2f5e87bad3c948f4d605d) 
[Worker0] (ScriptedImporter)
[Worker3] Start importing Packages/com.unity.ugui/Editor/UGUI using Guid(278b6073a5bdd4362acd72ca43ff9e0d) Importer(2089858483,b0f066a214c2f5e87bad3c948f4d605d) 
[Worker3] (ScriptedImporter)
[Worker0]  -> (artifact id: 'f0d01dacc5394a9a44cf44d861a438fd') in 0.0068925 seconds
[Worker3]  -> (artifact id: 'b036bf65088a414f27d97e34db53c239') in 0.0054924 seconds
[Worker1] Start importing Packages/com.unity.2d.animation/Editor/Assets/EditorIcons/Light/Bone_Influence@2x.png using Guid(7395bf0bc3cc40e4ab2dda5ec6832261) Importer(2089858483,b0f066a214c2f5e87bad3c948f4d605d) 
[Worker1] (ScriptedImporter)
[Worker1]  -> (artifact id: 'f1fd10c0131083d1445803e39ac77277') in 0.0076779 seconds
[Worker2] Start importing Packages/com.unity.ugui/Tests/Editor/UGUI/Dropdown using Guid(1f71aeacc4a9f1a40b22a1a590331f6b) Importer(2089858483,b0f066a214c2f5e87bad3c948f4d605d) 
[Worker2] (ScriptedImporter)
[Worker2]  -> (artifact id: 'bb2ad51b58eabc53634762c0fa13e7ef') in 0.0034858 seconds
[Worker0] Start importing Packages/com.unity.2d.animation/Editor/Assets/ComponentIcons/Animation.IKLimb On.png using Guid(4f5364a9fe7e04741862d2af49136835) Importer(2089858483,b0f066a214c2f5e87bad3c948f4d605d) 
[Worker0] (ScriptedImporter)
[Worker3] Start importing Packages/com.unity.2d.animation/Editor/Assets/SkinningModule/PoseToolbar.uxml using Guid(d89864f098e249e580aae20c6fb9f317) Importer(2089858483,b0f066a214c2f5e87bad3c948f4d605d) 
[Worker3] (ScriptedImporter)
[Worker0]  -> (artifact id: 'a12d63eca3c8ef1e065bcf514e0656e5') in 0.0080263 seconds
[Worker3]  -> (artifact id: '07eef740642577fb3e9206fdc4f27362') in 0.0103505 seconds
[Worker2] Start importing Packages/com.unity.ugui/Tests/Editor/UGUI/Slider using Guid(4cfe5ade9a1375e40aed87618b92bd12) Importer(2089858483,b0f066a214c2f5e87bad3c948f4d605d) 
[Worker2] (ScriptedImporter)
[Worker1] Start importing Packages/com.unity.searcher/Editor/Resources/FlatSkin/Font using Guid(d0feff57b6f6c594f86fff295ec0fe3f) Importer(2089858483,b0f066a214c2f5e87bad3c948f4d605d) 
[Worker1] (ScriptedImporter)
[Worker2]  -> (artifact id: 'b2e4db1700fa479210a6e0ac3da72ce9') in 0.0037637 seconds
[Worker1]  -> (artifact id: '2ccd0341ee35aed52a55ecea7944a697') in 0.0041999 seconds
[Worker0] Start importing Assets/EmeraldBunny/Generated/Materials/toeAir2_lower_front.mat using Guid(8de5c48a85eeaa14991d7b73e8e90c72) Importer(2089858483,b0f066a214c2f5e87bad3c948f4d605d) 
[Worker0] (ScriptedImporter)
[Worker3] Start importing Assets/EmeraldBunny/Art/irisL.png using Guid(cd1761bdfef31ec44bfd2edb4e54dcd9) Importer(2089858483,b0f066a214c2f5e87bad3c948f4d605d) 
[Worker3] (ScriptedImporter)
[Worker0]  -> (artifact id: 'd6800579b8896aac3f1cd7d894dbc4d9') in 0.0065327 seconds
[Worker3]  -> (artifact id: 'bd35585aebb0580f3650672a59566e8b') in 0.0088226 seconds
[Worker1] Start importing Packages/com.unity.2d.animation/Editor/Assets/EditorIcons/Selected/Sprite_Influence@2x.png using Guid(80f77a76467b24d1a856328afa989eb3) Importer(2089858483,b0f066a214c2f5e87bad3c948f4d605d) 
[Worker1] (ScriptedImporter)
[Worker2] Start importing Assets/EmeraldBunny/Generated/Materials/leg_front_knee_lower_fixed.mat using Guid(201f59160652fd74f82a6def124d461a) Importer(2089858483,b0f066a214c2f5e87bad3c948f4d605d) 
[Worker2] (ScriptedImporter)
[Worker2]  -> (artifact id: 'c957edd7dddd430f3125321c4b2160fa') in 0.0064421 seconds
[Worker1]  -> (artifact id: '4e5dd692278f710eee5f47c7e9c2185e') in 0.0093771 seconds
[Worker0] Start importing Packages/com.unity.2d.animation/Editor/SkinningModule/UI using Guid(cc5d24c5d18d30f4f83af3c70ad36ecb) Importer(2089858483,b0f066a214c2f5e87bad3c948f4d605d) 
[Worker0] (ScriptedImporter)
[Worker0]  -> (artifact id: '27713f72185f94e42086fe02ef6e8643') in 0.0043939 seconds
[Worker3] Start importing Assets/EmeraldInochi/Resources/Display.shader using Guid(8266cc3dfaed5234fa315b8349bc0611) Importer(2089858483,b0f066a214c2f5e87bad3c948f4d605d) 
[Worker3] (ScriptedImporter)
[Worker1] Start importing Packages/com.unity.render-pipelines.core/ShaderLibrary/Shadow using Guid(d52d6e1ad3dca474ebd73d054d17fb2e) Importer(2089858483,b0f066a214c2f5e87bad3c948f4d605d) 
[Worker1] (ScriptedImporter)
[Worker3]  -> (artifact id: '3f89557b6f3c68cf0e25e5987105511c') in 0.0067038 seconds
[Worker1]  -> (artifact id: 'd8dc6c72cfd6dd0668df0e96f53a1725') in 0.0032511 seconds
[Worker2] Start importing Packages/com.unity.render-pipelines.core/Runtime/Debugging/Prefabs/Resources using Guid(3774a3e29f7c59445ba79c15769126fd) Importer(2089858483,b0f066a214c2f5e87bad3c948f4d605d) 
[Worker2] (ScriptedImporter)
[Worker2]  -> (artifact id: '5fa474bcec7130a36a6423855dd86a45') in 0.0034336 seconds
[Worker0] Start importing Packages/com.unity.render-pipelines.universal/Editor/Tools/Converters/ReadonlyMaterialConverter using Guid(d0cbb8c1758af77469e1b602c122282c) Importer(2089858483,b0f066a214c2f5e87bad3c948f4d605d) 
[Worker0] (ScriptedImporter)
[Worker0]  -> (artifact id: '8a44d17b5215da36d7ea47bf917bc13a') in 0.0029295 seconds
[Worker3] Start importing Assets/EmeraldBunny/Generated/Meshes/collar_left.asset using Guid(69f5994ae7f2d414f87b54d26d61dfbc) Importer(2089858483,b0f066a214c2f5e87bad3c948f4d605d) 
[Worker3] (ScriptedImporter)
[Worker1] Start importing Packages/com.unity.2d.animation/IK/Runtime/AssemblyInfo.cs using Guid(2de348482e4ae654d84449d90f5c7a34) Importer(2089858483,b0f066a214c2f5e87bad3c948f4d605d) 
[Worker1] (ScriptedImporter)
[Worker1]  -> (artifact id: 'f510d8435ebcd819bf45c61da39e16de') in 0.0036603 seconds
[Worker2] Start importing Packages/com.unity.2d.animation/Editor/Assets/EditorIcons/Dark/d_Split Bones@2x.png using Guid(afe7d261eb308984e95ffa8d883fc998) Importer(2089858483,b0f066a214c2f5e87bad3c948f4d605d) 
[Worker2] (ScriptedImporter)
[Worker3]  -> (artifact id: '43a2c71cf53268a7a211ec1be70f83b3') in 0.0061096 seconds
[Worker0] Start importing Packages/com.unity.2d.animation/Editor/Assets/EditorIcons/Light/Edit_Pose@4x.png using Guid(095744d2710d19e4ab3dd9f6852cbd15) Importer(2089858483,b0f066a214c2f5e87bad3c948f4d605d) 
[Worker0] (ScriptedImporter)
[Worker2]  -> (artifact id: 'a040d4e4fc5faab86e4d58ed4e1da9b0') in 0.011973 seconds
[Worker0]  -> (artifact id: 'cbd3ca950055a0e630a02803cb8b2a99') in 0.0112916 seconds
[Worker1] Start importing Packages/com.unity.render-pipelines.core/Runtime/Debugging/FrameTiming using Guid(0f240cc177d08124a9694021c19c0dc4) Importer(2089858483,b0f066a214c2f5e87bad3c948f4d605d) 
[Worker1] (ScriptedImporter)
[Worker1]  -> (artifact id: '94e71c6c136c265c5789c4be67c0c396') in 0.0036326 seconds
[Worker3] Start importing Packages/com.unity.render-pipelines.core/Runtime/PostProcessing/Shaders using Guid(86304ecf756376e4b8ecb6f9d6111b89) Importer(2089858483,b0f066a214c2f5e87bad3c948f4d605d) 
[Worker3] (ScriptedImporter)
[Worker3]  -> (artifact id: '28cfff9df050950dbbf21f8aaf6d9a7d') in 0.0047787 seconds
[Worker2] Start importing Assets/Inochi2D/Editor/inochi2d.inochi2d-unity.Editor.asmdef using Guid(af7b93670cd11b64c86a1d4152283767) Importer(2089858483,b0f066a214c2f5e87bad3c948f4d605d) 
[Worker2] (ScriptedImporter)
[Worker0] Start importing Packages/com.unity.render-pipelines.core/Editor/Lighting/Icons/LightUnitIcons using Guid(f7397e6cb98a9fe449a00fd3a1175bdc) Importer(2089858483,b0f066a214c2f5e87bad3c948f4d605d) 
[Worker0] (ScriptedImporter)
[Worker0]  -> (artifact id: '69db8fa6a8b0a62c9aee8ef755040f25') in 0.0024977 seconds
[Worker2]  -> (artifact id: 'e3742ff5b700a1dc8eb6a8c7aaf54305') in 0.0038772 seconds
[Worker1] Start importing Packages/com.unity.2d.animation/Editor/Assets/EditorIcons/Selected/d_Bone@2x.png using Guid(24cf210708c57674b894af3341b1738b) Importer(2089858483,b0f066a214c2f5e87bad3c948f4d605d) 
[Worker1] (ScriptedImporter)
[Worker1]  -> (artifact id: '49f0f9dd7c8d9431b3eab90027c5add2') in 0.0074688 seconds
[Worker3] Start importing Assets/EmeraldBunny/Art/chair_front_lower_fixed.png using Guid(925dbad3af5fa49499b8d477dfc72d1b) Importer(2089858483,b0f066a214c2f5e87bad3c948f4d605d) 
[Worker3] (ScriptedImporter)
[Worker2] Start importing Packages/com.unity.2d.animation/Editor/Assets/SkinningModule/BoneInspectorPanel.uxml using Guid(1b45e34b5d565204db1307b88755e76d) Importer(2089858483,b0f066a214c2f5e87bad3c948f4d605d) 
[Worker2] (ScriptedImporter)
[Worker0] Start importing Packages/com.unity.ugui/Editor/TMP/PropertyDrawers using Guid(ea7c31b5b377c314db28ad3fabbbd38d) Importer(2089858483,b0f066a214c2f5e87bad3c948f4d605d) 
[Worker0] (ScriptedImporter)
[Worker3]  -> (artifact id: 'e491d469dbf0c06642329b4816c52c6f') in 0.008298 seconds
[Worker0]  -> (artifact id: '82599cd3056c9f5ea693ad5c7ca09971') in 0.0035835 seconds
[Worker2]  -> (artifact id: 'd2d8b86f8aeea1a1726387f787eeb416') in 0.0109836 seconds
[Worker1] Start importing Packages/com.unity.2d.animation/Editor/Assets/EditorIcons/Light/Paste@2x.png using Guid(54b8604d8a7085842917d5b83ca73854) Importer(2089858483,b0f066a214c2f5e87bad3c948f4d605d) 
[Worker1] (ScriptedImporter)
[Worker1]  -> (artifact id: '25c4513bd215f733e359a7d174a1bace') in 0.0100596 seconds
[Worker3] Start importing Packages/com.unity.render-pipelines.universal/Textures/SMAA using Guid(8175402ae6bf2a84f929602544c44007) Importer(2089858483,b0f066a214c2f5e87bad3c948f4d605d) 
[Worker3] (ScriptedImporter)
[Worker0] Start importing Assets/EmeraldBunny/Art using Guid(130ab2504cb5a8542ae884bfd1f4f35c) Importer(2089858483,b0f066a214c2f5e87bad3c948f4d605d) 
[Worker0] (ScriptedImporter)
[Worker0]  -> (artifact id: '320e881b4430d52c0eabf221b3d4e4dd') in 0.0032862 seconds
[Worker3]  -> (artifact id: 'ec69e7de7e5f7d3924494d6b666a821e') in 0.004998 seconds
[Worker2] Start importing Assets/EmeraldBunny/Generated/Materials/hair_braid.mat using Guid(e1074b46575b3004895f7d0e85eee5ed) Importer(2089858483,b0f066a214c2f5e87bad3c948f4d605d) 
[Worker2] (ScriptedImporter)
[Worker2]  -> (artifact id: '87189c5f2317ca7350181f045aa5988a') in 0.0057426 seconds
[Worker1] Start importing Packages/com.unity.2d.sprite/Editor/Assets using Guid(20c685e07fa93400e9c30b0326f57bfd) Importer(2089858483,b0f066a214c2f5e87bad3c948f4d605d) 
[Worker1] (ScriptedImporter)
[Worker0] Start importing Packages/com.unity.render-pipelines.universal/Editor/Tools using Guid(715d10cee9082354a92701de6d5f6527) Importer(2089858483,b0f066a214c2f5e87bad3c948f4d605d) 
[Worker0] (ScriptedImporter)
[Worker1]  -> (artifact id: '7d986abce8b8c104917fab2a87a134cd') in 0.0041527 seconds
[Worker0]  -> (artifact id: '181d56a9d960b8bace926d54cb9d6234') in 0.0031928 seconds
[Worker3] Start importing Packages/com.unity.render-pipelines.universal/Textures/2D using Guid(2ae61866cb0cccf4f820e4c006da6c91) Importer(2089858483,b0f066a214c2f5e87bad3c948f4d605d) 
[Worker3] (ScriptedImporter)
[Worker3]  -> (artifact id: '15258f63c0142f719506f7213e9b7e08') in 0.0034029 seconds
[Worker2] Start importing Packages/com.unity.render-pipelines.universal/Editor/VFXGraph/Shaders/Templates/URPDecal using Guid(e81d9b0cdeff465cb187f5a9bb544aa5) Importer(2089858483,b0f066a214c2f5e87bad3c948f4d605d) 
[Worker2] (ScriptedImporter)
[Worker2]  -> (artifact id: 'c24857dc69faeadec80f09cc02f9bfa9') in 0.0031965 seconds
[Worker1] Start importing Packages/com.unity.2d.animation/Editor/Assets/EditorIcons/Selected/d_Visibility_Tool@3x.png using Guid(46d5b7ee1aaae3c4d9fd3a54774428d5) Importer(2089858483,b0f066a214c2f5e87bad3c948f4d605d) 
[Worker1] (ScriptedImporter)
[Worker0] Start importing Packages/com.unity.2d.sprite/Editor/UI/SpriteEditor/PolygonChangeShapeWindow.uxml using Guid(ad9baf3ac3e35c948bf6a50e91e91473) Importer(2089858483,b0f066a214c2f5e87bad3c948f4d605d) 
[Worker0] (ScriptedImporter)
[Worker3] Start importing Packages/com.unity.render-pipelines.core/Editor/BuildProcessors/ShaderStrippers using Guid(b0efad93b2507274daeaf8cc7306a312) Importer(2089858483,b0f066a214c2f5e87bad3c948f4d605d) 
[Worker3] (ScriptedImporter)
[Worker1]  -> (artifact id: '2747f73ff4887fdcaacc053992edde1b') in 0.0131586 seconds
[Worker0]  -> (artifact id: 'b8ef1cb88a152b5f1a72fef75c34bc20') in 0.0096917 seconds
[Worker2] Start importing Packages/com.unity.2d.animation/Editor/Assets/EditorIcons/Dark/d_Visibility_Tool.png using Guid(ac4a94776fb2dd74a910bef3649b5c84) Importer(2089858483,b0f066a214c2f5e87bad3c948f4d605d) 
[Worker2] (ScriptedImporter)
[Worker3]  -> (artifact id: '974cf9f42fbffb86d230eb62ff139e36') in 0.0032181 seconds
[Worker2]  -> (artifact id: '0ea99b21af3f5d5bbb352dc03183918d') in 0.0126371 seconds
[Worker1] Start importing Packages/com.unity.2d.animation/Editor/Assets/ComponentIcons/Animation.SpriteSkin On@128.png using Guid(d2ddd27a2c7de4ad99b3d8c9d00e4265) Importer(2089858483,b0f066a214c2f5e87bad3c948f4d605d) 
[Worker1] (ScriptedImporter)
[Worker0] Start importing Assets/EmeraldBunny/Generated/Materials/toeAir3_lower_front.mat using Guid(bb84cf5c688f9ae4889058929ca34852) Importer(2089858483,b0f066a214c2f5e87bad3c948f4d605d) 
[Worker3] Start importing Packages/com.unity.2d.common/Tests/Editor/PlaceholderTests.cs using Guid(5ae1953898c2e4565a0a2b0af0a10985) Importer(2089858483,b0f066a214c2f5e87bad3c948f4d605d) 
[Worker0] (ScriptedImporter)
[Worker3] (ScriptedImporter)
[Worker3]  -> (artifact id: '0edfaae3b4796a3704fee72426a5cc99') in 0.0039737 seconds
[Worker0]  -> (artifact id: '7e70b266662852da0a678f5e191602d9') in 0.0065731 seconds
[Worker1]  -> (artifact id: '8e79f7d2f086cddc57cad43619c7228b') in 0.00891 seconds
[Worker2] Start importing Packages/com.unity.2d.animation/Editor/Assets/ComponentIcons/Animation.SpriteLibrary@128.png using Guid(efb08993e46994800a736d1f88e89019) Importer(2089858483,b0f066a214c2f5e87bad3c948f4d605d) 
[Worker2] (ScriptedImporter)
[Worker2]  -> (artifact id: '17596f1f8f722a3e4e6610f4ba4c5284') in 0.0108948 seconds
[Worker3] Start importing Packages/com.unity.render-pipelines.universal/Editor/AssetPostProcessors using Guid(80a17677e8c9b3040a01d400cf19819f) Importer(2089858483,b0f066a214c2f5e87bad3c948f4d605d) 
[Worker0] Start importing Packages/com.unity.render-pipelines.core/Runtime/RenderGraph using Guid(43d913b927fc7e84db1f869b3aa27324) Importer(2089858483,b0f066a214c2f5e87bad3c948f4d605d) 
[Worker0] (ScriptedImporter)
[Worker3] (ScriptedImporter)
[Worker1] Start importing Assets/EmeraldBunny/Generated/Materials/background_foot_repair.mat using Guid(3c7949cbbf2737f4d86edaa2accb1c21) Importer(2089858483,b0f066a214c2f5e87bad3c948f4d605d) 
[Worker1] (ScriptedImporter)
[Worker0]  -> (artifact id: 'c52aa58c9e5f3c9dfc16207ef9d7e0f8') in 0.004162 seconds
[Worker3]  -> (artifact id: '955dc44be2500b03e23bd277414e1292') in 0.0056294 seconds
[Worker1]  -> (artifact id: 'c257b5c60824dbeac21f633b6d988346') in 0.0151359 seconds
[Worker2] Start importing Packages/com.unity.2d.animation/Editor/Assets/EditorIcons/Light/Sprite_Influence@3x.png using Guid(563e4d2d28c2241fbbb33e85f9b27efb) Importer(2089858483,b0f066a214c2f5e87bad3c948f4d605d) 
[Worker2] (ScriptedImporter)
[Worker2]  -> (artifact id: 'd00444846204f75a6676a79d303e7cab') in 0.0105786 seconds
[Worker3] Start importing Assets/EmeraldBunny/Art/fingerL_middle.png using Guid(6af610c972293f44393a958937d8d141) Importer(2089858483,b0f066a214c2f5e87bad3c948f4d605d) 
[Worker3] (ScriptedImporter)
[Worker0] Start importing Packages/com.unity.2d.animation/Editor/Assets/EditorIcons/Dark/d_Sprite_Mode.png using Guid(c8294bd479889de41be97f5b6da01437) Importer(2089858483,b0f066a214c2f5e87bad3c948f4d605d) 
[Worker0] (ScriptedImporter)
[Worker3]  -> (artifact id: '2c55c49c09f969fb77f0112e3cff1e97') in 0.0081299 seconds
[Worker1] Start importing Packages/com.unity.2d.animation/Editor/Assets/EditorIcons/Dark/d_Create Bones@3x.png using Guid(6e2c347c12b3fe04b94007ad25ace23a) Importer(2089858483,b0f066a214c2f5e87bad3c948f4d605d) 
[Worker0]  -> (artifact id: 'e5379b00ea95cdd79dad79e598ba4e82') in 0.0109229 seconds
[Worker1] (ScriptedImporter)
[Worker2] Start importing Packages/com.unity.2d.animation/Third Party Notices.md using Guid(004c70e5832534d4798a9e1c2b525aee) Importer(2089858483,b0f066a214c2f5e87bad3c948f4d605d) 
[Worker2] (ScriptedImporter)
[Worker2]  -> (artifact id: '923398b3b046be3e932fbdc111a5c69a') in 0.0040184 seconds
[Worker1]  -> (artifact id: '0000bfded0ba53caf00d2f70942756ff') in 0.0104192 seconds
[Worker3] Start importing Assets/Editor/Smoke using Guid(c0e1e002222222222222222222222222) Importer(2089858483,b0f066a214c2f5e87bad3c948f4d605d) 
[Worker3] (ScriptedImporter)
[Worker0] Start importing Packages/com.unity.ugui/Tests/Runtime/UGUI/CanvasRenderer using Guid(a69b08936f9f74179ae333a4bebe7c54) Importer(2089858483,b0f066a214c2f5e87bad3c948f4d605d) 
[Worker0] (ScriptedImporter)
[Worker3]  -> (artifact id: 'bb67f1817c76441974e92aac791e00e4') in 0.0034761 seconds
[Worker0]  -> (artifact id: '59ff0f6d15aefdd0bfc2f7d4ecc07d3c') in 0.0043127 seconds
[Worker2] Start importing Assets/EmeraldBunny/Generated/Materials/chair_leg_right_lower_fixed.mat using Guid(8001f907ee5ed6f4797b7077c68450f1) Importer(2089858483,b0f066a214c2f5e87bad3c948f4d605d) 
[Worker2] (ScriptedImporter)
[Worker1] Start importing Packages/com.unity.modules.uielements using Guid(2808ba6bccb2478ec9c7209d8bf1f3cc) Importer(2089858483,b0f066a214c2f5e87bad3c948f4d605d) 
[Worker2]  -> (artifact id: '596b44e3e470ef6e70883b19beaea5f6') in 0.0084126 seconds
[Worker1] (ScriptedImporter)
[Worker1]  -> (artifact id: '550db2e66c9a74f23556218b0f10c0b4') in 0.0025584 seconds
[Worker0] Start importing Packages/com.unity.2d.animation/Editor/LayoutOverlay using Guid(5806d81149b303c46b440badec89bf56) Importer(2089858483,b0f066a214c2f5e87bad3c948f4d605d) 
[Worker0] (ScriptedImporter)
[Worker3] Start importing Packages/com.unity.2d.animation/IK using Guid(350d0a33d0eff469e827fca813d0a6ad) Importer(2089858483,b0f066a214c2f5e87bad3c948f4d605d) 
[Worker3] (ScriptedImporter)
[Worker0]  -> (artifact id: 'db9cd4f60edafdc78b88bfb8fa269f5a') in 0.0048387 seconds
[Worker3]  -> (artifact id: 'd0258db5a06a96bc06c7069b633709b5') in 0.0040441 seconds
[Worker1] Start importing Packages/com.unity.2d.animation/Editor/Assets/EditorIcons/Dark/d_Visibility_Tool@4x 1.png using Guid(1748e795fc2216743b74f9f19e87888e) Importer(2089858483,b0f066a214c2f5e87bad3c948f4d605d) 
[Worker1] (ScriptedImporter)
[Worker2] Start importing Packages/com.unity.inputsystem/InputSystem/Editor/DeviceSimulator using Guid(bd293de081caa442dae1595e4c7a6773) Importer(2089858483,b0f066a214c2f5e87bad3c948f4d605d) 
[Worker2] (ScriptedImporter)
[Worker1]  -> (artifact id: '97fa48dc4036487506be02cd4e95a09c') in 0.010394 seconds
[Worker2]  -> (artifact id: '355f0dc8703f0e7c42ff3dbf049aad8c') in 0.0040992 seconds
[Worker3] Start importing Assets/EmeraldBunny/Art/leg_rear_knee_lower_fixed.png using Guid(4714e0b2698e5574fb4253eae4e886de) Importer(2089858483,b0f066a214c2f5e87bad3c948f4d605d) 
[Worker3] (ScriptedImporter)
[Worker0] Start importing Packages/com.unity.test-framework/UnityEngine.TestRunner/NUnitExtensions/Runner using Guid(37888acc09d9ee848bf9559f06645c45) Importer(2089858483,b0f066a214c2f5e87bad3c948f4d605d) 
[Worker0] (ScriptedImporter)
[Worker0]  -> (artifact id: 'ea825c21b6afca91597102359488d733') in 0.0036472 seconds
[Worker3]  -> (artifact id: '3cd8bc4aef67f219cc8875e1e0204218') in 0.0101607 seconds
[Worker1] Start importing Packages/com.unity.2d.animation/Editor/Assets/EditorIcons/Selected/d_Mesh@4x.png using Guid(2b4752bce841cc74bb73820ce5212d34) Importer(2089858483,b0f066a214c2f5e87bad3c948f4d605d) 
[Worker1] (ScriptedImporter)
[Worker2] Start importing Packages/com.unity.2d.animation/README.md using Guid(f497b12fab15d4d2eabb5029505fec1a) Importer(2089858483,b0f066a214c2f5e87bad3c948f4d605d) 
[Worker2] (ScriptedImporter)
[Worker2]  -> (artifact id: '7ba772a5b87dff414b214763af4b04d0') in 0.0042807 seconds
[Worker1]  -> (artifact id: '2e14a3407459f75984ecb720c2079a80') in 0.0102288 seconds
[Worker0] Start importing Assets/EmeraldBunny/Generated/Materials/leg_front_knee.mat using Guid(f7feb30dcfe324b439573884a4cea715) Importer(2089858483,b0f066a214c2f5e87bad3c948f4d605d) 
[Worker0] (ScriptedImporter)
[Worker0]  -> (artifact id: '8eac503eec394ecd9884a8df9982d263') in 0.0060651 seconds
[Worker3] Start importing Assets/EmeraldBunny/Generated/Materials/background.mat using Guid(5e828de0de84fac4790ac43c2bae3aa2) Importer(2089858483,b0f066a214c2f5e87bad3c948f4d605d) 
[Worker3] (ScriptedImporter)
[Worker3]  -> (artifact id: '99f79a7345e6cac1d1754388fe4b3663') in 0.013328 seconds
[Worker2] Start importing Packages/com.unity.2d.animation/Editor/Assets/EditorIcons/Selected/Edit_Joints@2x.png using Guid(401d7863028c84a4988285a5389f1d79) Importer(2089858483,b0f066a214c2f5e87bad3c948f4d605d) 
[Worker2] (ScriptedImporter)
[Worker1] Start importing Packages/com.unity.2d.animation/Editor/Assets/ComponentIcons/d_Animation.IKManager.png using Guid(a220630d238d744a5a2cb385602d2498) Importer(2089858483,b0f066a214c2f5e87bad3c948f4d605d) 
[Worker1] (ScriptedImporter)
[Worker0] Start importing Packages/com.unity.2d.animation/Editor/Assets/EditorIcons/Dark/d_Paste@4x.png using Guid(35a3340b835c797478eb139353421953) Importer(2089858483,b0f066a214c2f5e87bad3c948f4d605d) 
[Worker0] (ScriptedImporter)
[Worker2]  -> (artifact id: '53158f2406296d26d4a91f15d7e6ca41') in 0.0101716 seconds
[Worker1]  -> (artifact id: '3af95853747fea969476dc15e1f044ef') in 0.0074276 seconds
[Worker0]  -> (artifact id: '6bde43cb3f082b1aa815adf32ad54c69') in 0.0099975 seconds
[Worker3] Start importing Assets/Resources/Shaders/IceFloor.shader using Guid(6e4c2a91b8f74e0da3c5e7b1d9f02a44) Importer(2089858483,b0f066a214c2f5e87bad3c948f4d605d) 
[Worker3] (ScriptedImporter)
[Worker3]  -> (artifact id: '25eceb385a62ce12934dbd97156c83a4') in 0.0060223 seconds
[Worker1] Start importing Packages/com.unity.render-pipelines.universal/Runtime/Tiling using Guid(3965194a1cbe24ce9847254cc9fd0c26) Importer(2089858483,b0f066a214c2f5e87bad3c948f4d605d) 
[Worker1] (ScriptedImporter)
[Worker2] Start importing Packages/com.unity.2d.animation/Editor/Assets/EditorIcons/Light/Create Bones.png using Guid(0e5ae7fe3a07e88429a3e90897c6ab82) Importer(2089858483,b0f066a214c2f5e87bad3c948f4d605d) 
[Worker2] (ScriptedImporter)
[Worker1]  -> (artifact id: '869a1b99fc82456fdee82e9a074d3b21') in 0.0038692 seconds
[Worker0] Start importing Packages/com.unity.2d.animation/Editor/LayoutOverlay/Manipulators using Guid(8356cf4cb497279418c30e5fcdfe82b8) Importer(2089858483,b0f066a214c2f5e87bad3c948f4d605d) 
[Worker0] (ScriptedImporter)
[Worker2]  -> (artifact id: '955d0ec03f0cd758f4413462d0fe434d') in 0.0093703 seconds
[Worker0]  -> (artifact id: '6360390fdb2c4a5b87f5d3aa61d3f668') in 0.0042401 seconds
[Worker3] Start importing Assets/EmeraldBunny/Generated/Meshes/eyeL_white.asset using Guid(e936ffa3ba874a046a251f036eb2f794) Importer(2089858483,b0f066a214c2f5e87bad3c948f4d605d) 
[Worker3] (ScriptedImporter)
[Worker3]  -> (artifact id: '3e9f6c26cf5d6346426c307146f087ba') in 0.0067844 seconds
[Worker1] Start importing Packages/com.unity.2d.animation/Editor/Assets/ComponentIcons/Animation.SpriteLibrary@256.png using Guid(b6c49e41a57e648e9a16f44ce4b8d9b9) Importer(2089858483,b0f066a214c2f5e87bad3c948f4d605d) 
[Worker1] (ScriptedImporter)
[Worker0] Start importing Assets/EmeraldBunny/Generated/Materials/hair_gem.mat using Guid(5bef6097a015e0e4795d91e4e27af2dd) Importer(2089858483,b0f066a214c2f5e87bad3c948f4d605d) 
[Worker0] (ScriptedImporter)
[Worker2] Start importing Packages/com.unity.inputsystem/InputSystem/Controls using Guid(aa1e768bf3ad4ae8898571a206251472) Importer(2089858483,b0f066a214c2f5e87bad3c948f4d605d) 
[Worker2] (ScriptedImporter)
[Worker2]  -> (artifact id: 'b3f99a63cac0f93ac8c32b8d668e0379') in 0.0031849 seconds
[Worker0]  -> (artifact id: '22dd64c0714623ca1caf3c153f2d8299') in 0.0067078 seconds
[Worker1]  -> (artifact id: '4b749a31414b61f40f8236c26a219841') in 0.0095282 seconds
[Worker3] Start importing Packages/com.unity.2d.animation/Editor/Assets/EditorIcons/Dark/d_Create_Edge@3x.png using Guid(9d68cf945428ac2448d4c657f30b31cc) Importer(2089858483,b0f066a214c2f5e87bad3c948f4d605d) 
[Worker3] (ScriptedImporter)
[Worker3]  -> (artifact id: 'fc22ee470e7ceabe2c9a5f8d786d0c9a') in 0.0086732 seconds
[Worker1] Start importing Packages/com.unity.render-pipelines.universal/Editor/2D/Resources using Guid(95000b81b3fc6af4a916987efa80abbc) Importer(2089858483,b0f066a214c2f5e87bad3c948f4d605d) 
[Worker1] (ScriptedImporter)
[Worker2] Start importing Packages/com.unity.2d.animation/Editor/Assets/ComponentIcons/Animation.SpriteLibraryManager@128.png using Guid(d1c6278de296d42b6a5c6330b16ab729) Importer(2089858483,b0f066a214c2f5e87bad3c948f4d605d) 
[Worker2] (ScriptedImporter)
[Worker0] Start importing Packages/com.unity.render-pipelines.universal/Editor/SceneTemplates/Standard using Guid(9750256f1be9648b4ba73d98e44d225e) Importer(2089858483,b0f066a214c2f5e87bad3c948f4d605d) 
[Worker0] (ScriptedImporter)
[Worker1]  -> (artifact id: '23b843842960af086f06fc527bb6e5cf') in 0.0043421 seconds
[Worker0]  -> (artifact id: 'ab7e1a8e289ad1bbbd2957a38a892cf2') in 0.0032934 seconds
[Worker2]  -> (artifact id: 'e5e33060a4ce5d2735e486b597dc57b3') in 0.0098368 seconds
[Worker3] Start importing Packages/com.unity.2d.common/Path/Editor/Selection using Guid(ec3b1665f977e4f47816871bca3df963) Importer(2089858483,b0f066a214c2f5e87bad3c948f4d605d) 
[Worker3] (ScriptedImporter)
[Worker3]  -> (artifact id: '28c358142987bdd1e9c61c9e12d8b796') in 0.0035413 seconds
[Worker1] Start importing Assets/EmeraldBunny/Generated/Meshes/chair_leg_right.asset using Guid(dbbdf014bfd179d419231488ed79020e) Importer(2089858483,b0f066a214c2f5e87bad3c948f4d605d) 
[Worker0] Start importing Packages/com.unity.shadergraph/Editor using Guid(af35822cb60c9a44cba3e3f0317ac0ac) Importer(2089858483,b0f066a214c2f5e87bad3c948f4d605d) 
[Worker1] (ScriptedImporter)
[Worker0] (ScriptedImporter)
[Worker0]  -> (artifact id: '5aedface7dd6144f1f2485452b524190') in 0.0037639 seconds
[Worker1]  -> (artifact id: '04103a00193922e01b5e5acfddf36714') in 0.0051649 seconds
[Worker2] Start importing Packages/com.unity.2d.animation/Editor/SkinningModule/SkeletonTool using Guid(08f15e56bdceb584f8b33ce6d6e22aa7) Importer(2089858483,b0f066a214c2f5e87bad3c948f4d605d) 
[Worker2] (ScriptedImporter)
[Worker2]  -> (artifact id: '7048968b5e991222ec7362be83c40ab0') in 0.0035547 seconds
[Worker3] Start importing Assets/EmeraldBunny/Generated/Materials/hair_ribbon.mat using Guid(fe7da86dd2a8c944d87e50e48b6ded24) Importer(2089858483,b0f066a214c2f5e87bad3c948f4d605d) 
[Worker3] (ScriptedImporter)
[Worker0] Start importing Packages/com.unity.test-framework/UnityEngine.TestRunner/Utils/AssemblyProvider using Guid(51557afa652635743b264a309f0a5c60) Importer(2089858483,b0f066a214c2f5e87bad3c948f4d605d) 
[Worker0] (ScriptedImporter)
[Worker1] Start importing Assets/EmeraldBunny/Art/background_foot_repair.png using Guid(818098ee2628bb44e9d243afe812ecba) Importer(2089858483,b0f066a214c2f5e87bad3c948f4d605d) 
[Worker1] (ScriptedImporter)
[Worker3]  -> (artifact id: '6574896b73bad79d3ae8de9497e6c2f9') in 0.0080691 seconds
[Worker0]  -> (artifact id: '1643e92e8130dfcd009d79b9b394a006') in 0.0035157 seconds
[Worker2] Start importing Packages/com.unity.2d.animation/Editor/Assets/EditorIcons/Light/Sprite_Mode@2x.png using Guid(cfe99a1afb609b4488d6fc9224a62f74) Importer(2089858483,b0f066a214c2f5e87bad3c948f4d605d) 
[Worker2] (ScriptedImporter)
[Worker1]  -> (artifact id: '09f6389ddc57b5f534d60c80abaa10a8') in 0.009929 seconds
[Worker2]  -> (artifact id: '1ffe630b68f39986b70ffdde4d258143') in 0.007656 seconds
[Worker3] Start importing Packages/com.unity.2d.animation/Editor/Assets/EditorIcons/Dark/d_Create_Vertex@3x.png using Guid(501233c9f1da3ef44b4ff7115f564d9b) Importer(2089858483,b0f066a214c2f5e87bad3c948f4d605d) 
[Worker3] (ScriptedImporter)
[Worker0] Start importing Packages/com.unity.inputsystem using Guid(077c6e7d933fe14314d649b48e5a2ae9) Importer(2089858483,b0f066a214c2f5e87bad3c948f4d605d) 
[Worker0] (ScriptedImporter)
[Worker0]  -> (artifact id: 'bf09c52fd1bc991ae9c5457dd646bb8b') in 0.0048864 seconds
[Worker1] Start importing Packages/com.unity.2d.animation/Editor/Assets/ComponentIcons/Animation.SpriteLibraryVar@32.png using Guid(3e3d41c162ad74767b66168d4d94b99c) Importer(2089858483,b0f066a214c2f5e87bad3c948f4d605d) 
[Worker1] (ScriptedImporter)
[Worker3]  -> (artifact id: 'f4d59adfaf7d7ccd66393066f2b146f0') in 0.0105438 seconds
[Worker2] Start importing Packages/com.unity.render-pipelines.universal/Runtime/VFXGraph/Shaders using Guid(424d16c89244f3e4685b81926e90cb4b) Importer(2089858483,b0f066a214c2f5e87bad3c948f4d605d) 
[Worker2] (ScriptedImporter)
[Worker2]  -> (artifact id: 'bcba98eb426bb2c39699bf42ab0dcc97') in 0.0038187 seconds
[Worker1]  -> (artifact id: 'e5e6395ffe4e2a71ca4a9ff81835ee91') in 0.0092328 seconds
[Worker0] Start importing Packages/com.unity.2d.animation/Editor/Assets/ComponentIcons/Animation.IKLimb@256.png using Guid(4a3eebea80ac54fd3818f6a36c36168d) Importer(2089858483,b0f066a214c2f5e87bad3c948f4d605d) 
[Worker0] (ScriptedImporter)
[Worker3] Start importing Assets/Inochi2D/Resources/Shaders/I2DMaskShader.shader using Guid(8a7ffc168d519674b828bde6dfee99c7) Importer(2089858483,b0f066a214c2f5e87bad3c948f4d605d) 
[Worker3] (ScriptedImporter)
[Worker0]  -> (artifact id: 'a9121378aa063d0713f66edb1d9a6433') in 0.010011 seconds
[Worker2] Start importing Packages/com.unity.2d.animation/Editor/Assets/EditorIcons/Light/Paste@3x.png using Guid(2b072f285a732f747b9be104aae155b2) Importer(2089858483,b0f066a214c2f5e87bad3c948f4d605d) 
[Worker2] (ScriptedImporter)
[Worker3]  -> (artifact id: 'b52541ead33a8877e9603dd14e1f7d69') in 0.0042194 seconds
[Worker1] Start importing Packages/com.unity.2d.animation/Editor/Assets/EditorIcons/Selected/Parent_Bone@2x.png using Guid(698621c9178225f4b8fbaffd383d579e) Importer(2089858483,b0f066a214c2f5e87bad3c948f4d605d) 
[Worker1] (ScriptedImporter)
[Worker2]  -> (artifact id: 'b1a1a59f0f454ec355f6ed69c5c0cf9b') in 0.0110486 seconds
[Worker1]  -> (artifact id: '5afa685bf17082ce739443c3ad1a68b7') in 0.008978 seconds
[Worker0] Start importing Packages/com.unity.2d.animation/Editor/Assets/ComponentIcons/d_Animation.SpriteResolver@128.png using Guid(71365d6492a2542dc9e34c1b312f722c) Importer(2089858483,b0f066a214c2f5e87bad3c948f4d605d) 
[Worker3] Start importing Packages/com.unity.2d.animation/Editor/Assets/EditorIcons/Dark/d_Create_Vertex@4x.png using Guid(2ced226d9df062547882002f633ab6ee) Importer(2089858483,b0f066a214c2f5e87bad3c948f4d605d) 
[Worker0] (ScriptedImporter)
[Worker3] (ScriptedImporter)
[Worker1] Start importing Packages/com.unity.2d.sprite/Editor using Guid(16fa2ad734f422245b86558310973ad1) Importer(2089858483,b0f066a214c2f5e87bad3c948f4d605d) 
[Worker1] (ScriptedImporter)
[Worker2] Start importing Packages/com.unity.test-framework.performance/Editor/UIElements using Guid(b6a3ada20a8c4030907eb96c0cb331bc) Importer(2089858483,b0f066a214c2f5e87bad3c948f4d605d) 
[Worker0]  -> (artifact id: '53903c81376e21e15991faf58a341c8b') in 0.0085428 seconds
[Worker2] (ScriptedImporter)
[Worker3]  -> (artifact id: 'b162ec86e58506009588759126da725e') in 0.009177 seconds
[Worker1]  -> (artifact id: '233931c2d6b391b8e8ccda34b81928e9') in 0.0034327 seconds
[Worker2]  -> (artifact id: '86ed54217e17d02581ba8012db4722ff') in 0.0034824 seconds
[Worker0] Start importing Packages/com.unity.2d.animation/Editor/Assets/ComponentIcons/d_Animation.IKManager@64.png using Guid(5ab572b9a7b33426c83f5ed08ca8c798) Importer(2089858483,b0f066a214c2f5e87bad3c948f4d605d) 
[Worker0] (ScriptedImporter)
[Worker3] Start importing Assets/EmeraldBunny/Art/arm_right_forearm.png using Guid(9845048066910ab499ed3f8e63787de2) Importer(2089858483,b0f066a214c2f5e87bad3c948f4d605d) 
[Worker3] (ScriptedImporter)
[Worker1] Start importing Packages/com.unity.ugui/Tests/Runtime/UGUI/InputField using Guid(2a28c2fab6b1bb745a844ef6b908e7ee) Importer(2089858483,b0f066a214c2f5e87bad3c948f4d605d) 
[Worker2] Start importing Packages/com.unity.inputsystem/InputSystem/Devices using Guid(abbbcd5cf6184b818eaa56c5778a4110) Importer(2089858483,b0f066a214c2f5e87bad3c948f4d605d) 
[Worker2] (ScriptedImporter)
[Worker1] (ScriptedImporter)
[Worker1]  -> (artifact id: '18d1a81bddc8a91bc5ce1d20a46d3cf6') in 0.0034801 seconds
[Worker2]  -> (artifact id: '0f9c1150d4201cd85c7b94725aa8fe7a') in 0.0037551 seconds
[Worker0]  -> (artifact id: '926613f9735c89128fcde00579c7324c') in 0.0106767 seconds
[Worker3]  -> (artifact id: '6bc4971860ae82d72c646e2553767937') in 0.009255 seconds
[Worker1] Start importing Packages/com.unity.render-pipelines.universal/Editor/VFXGraph/Shaders/Templates/ParticleHexahedron using Guid(a2a46415c7cedaf418d42532b73efd24) Importer(2089858483,b0f066a214c2f5e87bad3c948f4d605d) 
[Worker1] (ScriptedImporter)
[Worker1]  -> (artifact id: '147f6ee4ec3bf0a168f5cc94460881ca') in 0.003632 seconds
[Worker2] Start importing Packages/com.unity.collections/Unity.Collections.Tests using Guid(5c67b9b0b7cb745ff9944601a5b65149) Importer(2089858483,b0f066a214c2f5e87bad3c948f4d605d) 
[Worker0] Start importing Packages/com.unity.inputsystem/InputSystem/Plugins/HID using Guid(a71161af1440e4b1fbbefefb3aaffce0) Importer(2089858483,b0f066a214c2f5e87bad3c948f4d605d) 
[Worker2] (ScriptedImporter)
[Worker0] (ScriptedImporter)
[Worker2]  -> (artifact id: 'd24ee3539bfe4fefef6a059ffa544a44') in 0.0034298 seconds
[Worker0]  -> (artifact id: 'd8e5ea7ec67ae0e63ab1346cdfd54430') in 0.0036831 seconds
[Worker3] Start importing Assets/Scripts/Resonance.App/Debug/CaptureRuntime.cs using Guid(7c4e91a2b8d04f6e9a1c3d5e7f8091ab) Importer(2089858483,b0f066a214c2f5e87bad3c948f4d605d) 
[Worker3] (ScriptedImporter)
[Worker3]  -> (artifact id: 'c06f3164637275970325845f1a496123') in 0.0036486 seconds
[Worker2] Start importing Packages/com.unity.2d.animation/Editor/Assets/ComponentIcons/Animation.SpriteLibraryManager On@256.png using Guid(093d252d1d41041c8b4df35c330dcc59) Importer(2089858483,b0f066a214c2f5e87bad3c948f4d605d) 
[Worker2] (ScriptedImporter)
[Worker1] Start importing Packages/com.unity.2d.animation/Editor/Assets/EditorIcons/Selected/Edit_Pose@4x.png using Guid(eb81c5f176e01b746be35f0aa3603593) Importer(2089858483,b0f066a214c2f5e87bad3c948f4d605d) 
[Worker1] (ScriptedImporter)
[Worker0] Start importing Packages/com.unity.2d.animation/Editor/Assets/ComponentIcons/d_Animation.SpriteLibraryManager@256.png using Guid(cf27adadd6b1f42eebc0e8ab8f0d091d) Importer(2089858483,b0f066a214c2f5e87bad3c948f4d605d) 
[Worker0] (ScriptedImporter)
[Worker3] Start importing Packages/com.unity.2d.animation/Editor/Assets/SkinningModule/RigToolbar.uxml using Guid(c759b46e19574f558cedb72dff2e9530) Importer(2089858483,b0f066a214c2f5e87bad3c948f4d605d) 
[Worker3] (ScriptedImporter)
[Worker2]  -> (artifact id: '1f83cad9f0d108e2480f5bcc026360f1') in 0.0089725 seconds
[Worker1]  -> (artifact id: 'b72c2705c5ae93d5af549f82feef8ffa') in 0.0110174 seconds
[Worker3]  -> (artifact id: '7de5a44d2726f11af4e1a2c3da541010') in 0.0089999 seconds
[Worker0]  -> (artifact id: 'c1d7bfd21d89b7d44f65d0786e749a5b') in 0.0117693 seconds
[Worker3] Start importing Assets/EmeraldBunny/Generated/Materials/hand_right.mat using Guid(f278224661903634d9304935a1a23c06) Importer(2089858483,b0f066a214c2f5e87bad3c948f4d605d) 
[Worker3] (ScriptedImporter)
[Worker2] Start importing Assets/EmeraldBunny/Generated/Materials/spread_rear_toe_1.mat using Guid(02c4657694b4c004b885910cb64d7f0e) Importer(2089858483,b0f066a214c2f5e87bad3c948f4d605d) 
[Worker1] Start importing Packages/com.unity.2d.sprite/Editor/ObjectMenuCreation/DefaultAssets/Textures/IsometricDiamondWithBorder.png using Guid(0d267bc78a0864eb48358689b29ed20a) Importer(2089858483,b0f066a214c2f5e87bad3c948f4d605d) 
[Worker2] (ScriptedImporter)
[Worker1] (ScriptedImporter)
[Worker0] Start importing Packages/com.unity.2d.common/Path/Editor using Guid(878113f6c323f4d828318254f7a80a33) Importer(2089858483,b0f066a214c2f5e87bad3c948f4d605d) 
[Worker0] (ScriptedImporter)
[Worker3]  -> (artifact id: 'cc2398601bd1625acb396e729ed843a5') in 0.0053504 seconds
[Worker0]  -> (artifact id: '00feb5064539974a92600ad2cc37db58') in 0.0036238 seconds
[Worker2]  -> (artifact id: '68da930100a6b33fb3b57555770d4aa1') in 0.006818 seconds
[Worker1]  -> (artifact id: '1b386347b6fbd1006a062fb70b25c3c2') in 0.0088075 seconds
[Worker0] Start importing Packages/com.unity.2d.animation/Editor/SkinningModule/Lib/x64/BoundedBiharmonicWeightsModule.dll using Guid(780f94cfcb317444289dc159309d8b07) Importer(2089858483,b0f066a214c2f5e87bad3c948f4d605d) 
[Worker0] (ScriptedImporter)
[Worker3] Start importing Packages/com.unity.render-pipelines.universal/Runtime/Decal/Entities using Guid(6b3e7dae1e82a6b448b739d1331813f0) Importer(2089858483,b0f066a214c2f5e87bad3c948f4d605d) 
[Worker3] (ScriptedImporter)
[Worker1] Start importing Packages/com.unity.2d.animation/Editor/SkinningModule/CharacterModeTool using Guid(6735c3e859fb15b4191b28f225534760) Importer(2089858483,b0f066a214c2f5e87bad3c948f4d605d) 
[Worker1] (ScriptedImporter)
[Worker0]  -> (artifact id: '0633d4b7998bfbbc0a00541d7fcefc19') in 0.00465 seconds
[Worker2] Start importing Packages/com.unity.render-pipelines.core/Runtime/LookDev using Guid(fa0af16f5dba2d8439e1211f262257a8) Importer(2089858483,b0f066a214c2f5e87bad3c948f4d605d) 
[Worker3]  -> (artifact id: 'b9b8635cfd39a4ecdb94c56a3f9569c0') in 0.003777 seconds
[Worker2] (ScriptedImporter)
[Worker1]  -> (artifact id: '64c38e313632dcd6f5b6b403f56432b1') in 0.0029862 seconds
[Worker2]  -> (artifact id: '01fbbc2dabdd312403436f107e5e7d4f') in 0.0035821 seconds
[Worker0] Start importing Packages/com.unity.shadergraph/Editor/Data/Implementation using Guid(931ad3a4d181270419aa65ff77b3ec16) Importer(2089858483,b0f066a214c2f5e87bad3c948f4d605d) 
[Worker0] (ScriptedImporter)
[Worker3] Start importing Packages/com.unity.ext.nunit/net40/unity-custom using Guid(c0673f99c7a5d42e081a6f88c5a37862) Importer(2089858483,b0f066a214c2f5e87bad3c948f4d605d) 
[Worker3] (ScriptedImporter)
[Worker1] Start importing Packages/com.unity.test-framework/UnityEditor.TestRunner/UnityTestProtocol/Data using Guid(3610673068254436ac90019f46e09f01) Importer(2089858483,b0f066a214c2f5e87bad3c948f4d605d) 
[Worker1] (ScriptedImporter)
[Worker0]  -> (artifact id: '7b3d46a500808bfd77a08fe5f93e95ba') in 0.0038139 seconds
[Worker2] Start importing Assets/EmeraldBunny/Art/costume_bust.png using Guid(ec55676745a1dee48891231b1ce1a929) Importer(2089858483,b0f066a214c2f5e87bad3c948f4d605d) 
[Worker2] (ScriptedImporter)
[Worker3]  -> (artifact id: '0ef63f09449477007f359cb308cddd46') in 0.0037973 seconds
[Worker1]  -> (artifact id: '195f5f1982e919a4c48c735c90289e42') in 0.0034264 seconds
[Worker2]  -> (artifact id: '0c833196cbc6c66fd68c1e70195353b0') in 0.0083671 seconds
[Worker0] Start importing Assets/EmeraldBunny/Art/lip_lower.png using Guid(c7adacf61e369cf4ba6c5e45e44a7eb7) Importer(2089858483,b0f066a214c2f5e87bad3c948f4d605d) 
[Worker0] (ScriptedImporter)
[Worker0]  -> (artifact id: 'cf78231993ee2ee6985e586e67654fe6') in 0.0060716 seconds
[Worker1] Start importing Assets/EmeraldBunny/Art/chair_rightarm_lower_fixed.png using Guid(d7263d67fd72b8740a291e610be632ee) Importer(2089858483,b0f066a214c2f5e87bad3c948f4d605d) 
[Worker1] (ScriptedImporter)
[Worker3] Start importing Packages/com.unity.2d.animation/Editor/Assets/EditorIcons/Dark/d_Warning@2x.png using Guid(4701020ad5a254186b3082d1f2f37ba0) Importer(2089858483,b0f066a214c2f5e87bad3c948f4d605d) 
[Worker3] (ScriptedImporter)
[Worker2] Start importing Assets/Resources/Art/Characters/C001/SpineLayers/pivots.json using Guid(d7a4c9e1f3b60584e02c7d0f6b9e3a5b) Importer(2089858483,b0f066a214c2f5e87bad3c948f4d605d) 
[Worker2] (ScriptedImporter)
[Worker1]  -> (artifact id: '2db44c6822b5cd1799f8bb6bb6ffe4e9') in 0.0101415 seconds
[Worker3]  -> (artifact id: '9f0160394b17e54eb3bc427adcb95f30') in 0.0121523 seconds
[Worker2]  -> (artifact id: 'fcfc370ec50b0a3a1af64901865ad4e4') in 0.0055965 seconds
[Worker0] Start importing Packages/com.unity.render-pipelines.universal/Runtime/2D/Rendergraph using Guid(1db62f4f87b95214e98261b68289adba) Importer(2089858483,b0f066a214c2f5e87bad3c948f4d605d) 
[Worker0] (ScriptedImporter)
[Worker0]  -> (artifact id: '252ed564bda2be5872b3433c26300dfe') in 0.0033065 seconds
[Worker1] Start importing Assets/EmeraldBunny/Generated/Meshes/arm_left_upper.asset using Guid(b70be2c9130d5e54bbe7185862874f00) Importer(2089858483,b0f066a214c2f5e87bad3c948f4d605d) 
[Worker1] (ScriptedImporter)
[Worker3] Start importing Packages/com.unity.2d.animation/Editor/Assets/ComponentIcons/Animation.IKCCD On@32.png using Guid(a9354548f1d8e4015830a88081482039) Importer(2089858483,b0f066a214c2f5e87bad3c948f4d605d) 
[Worker3] (ScriptedImporter)
[Worker1]  -> (artifact id: '9a81f6531b1527142298543f75e7f2af') in 0.0056126 seconds
[Worker2] Start importing Packages/com.unity.2d.animation/Editor/Assets/ComponentIcons/Animation.IKFabrik@128.png using Guid(b86d0db9457f24011888218122cc164a) Importer(2089858483,b0f066a214c2f5e87bad3c948f4d605d) 
[Worker2] (ScriptedImporter)
[Worker3]  -> (artifact id: '8f7bea9da32b608c33e9acdf0155af13') in 0.0101711 seconds
[Worker2]  -> (artifact id: '96bd65040e9b7e36ac9d8c1a39c176a4') in 0.0099789 seconds
[Worker0] Start importing Packages/com.unity.2d.common/Runtime/UAi2D using Guid(ccc2d535f9cd0b14392f98d74d1104b6) Importer(2089858483,b0f066a214c2f5e87bad3c948f4d605d) 
[Worker0] (ScriptedImporter)
[Worker0]  -> (artifact id: '0e7229ff58489c2b18756665eb0e6b65') in 0.0036037 seconds
[Worker1] Start importing Packages/com.unity.2d.sprite/Editor/UI/SpriteEditor/SpriteEditor.uss using Guid(fd3d7c275a0958b4fa0f26a0ee9b8481) Importer(2089858483,b0f066a214c2f5e87bad3c948f4d605d) 
[Worker1] (ScriptedImporter)
[Worker3] Start importing Packages/com.unity.render-pipelines.universal/Editor/VFXGraph using Guid(44a46d70e436db941b2b861eaebed089) Importer(2089858483,b0f066a214c2f5e87bad3c948f4d605d) 
[Worker3] (ScriptedImporter)
[Worker1]  -> (artifact id: '415c60ac1c1f73016322bef72e68705d') in 0.0071847 seconds
[Worker3]  -> (artifact id: '5b92b6ddea7ad62e92a2f946064736f8') in 0.0034491 seconds
[Worker2] Start importing Packages/com.unity.2d.animation/Editor/Assets/ComponentIcons/Animation.IKLimb On@32.png using Guid(9382c856352ae4001b0ec605e74a61de) Importer(2089858483,b0f066a214c2f5e87bad3c948f4d605d) 
[Worker2] (ScriptedImporter)
[Worker2]  -> (artifact id: '705a9d9d97630bc6265c42cee849a390') in 0.0084354 seconds
[Worker0] Start importing Assets/EmeraldBunny/Generated/Meshes/toeAir4_lower_front.asset using Guid(62405de979feb2941b535fa0710b82ba) Importer(2089858483,b0f066a214c2f5e87bad3c948f4d605d) 
[Worker0] (ScriptedImporter)
[Worker0]  -> (artifact id: 'cc5d30915314986065b8d030fdb7b8a2') in 0.0056222 seconds
[Worker1] Start importing Packages/com.unity.2d.sprite/Editor/SpriteEditorModule/SpriteFrameModule/UndoObject using Guid(bbde88425e2d4dbfbcdd8d11d5002c3a) Importer(2089858483,b0f066a214c2f5e87bad3c948f4d605d) 
[Worker1] (ScriptedImporter)
[Worker3] Start importing Packages/com.unity.2d.animation/Editor/Assets/ComponentIcons/Animation.IKManager@32.png using Guid(a2d8694b191104c8cb1b7e715b3a5e47) Importer(2089858483,b0f066a214c2f5e87bad3c948f4d605d) 
[Worker3] (ScriptedImporter)
[Worker1]  -> (artifact id: 'baf16e28a321e0f511fe55cd68cffbfa') in 0.0032998 seconds
[Worker2] Start importing Packages/com.unity.2d.sprite/Editor/ObjectMenuCreation/DefaultAssets/Textures/v2/Triangle.png using Guid(75f5f34dc1b5347e0b8351032682f224) Importer(2089858483,b0f066a214c2f5e87bad3c948f4d605d) 
[Worker2] (ScriptedImporter)
[Worker3]  -> (artifact id: 'bf4304e002e3688ddfb3c9a8ebbe295a') in 0.0113328 seconds
[Worker2]  -> (artifact id: '3e1836234c5684e784078a0c5d8158bf') in 0.0094686 seconds
[Worker0] Start importing Packages/com.unity.ide.visualstudio/Editor/Plugins/AppleEventIntegration.bundle using Guid(a20df6e3467b24ed5b49c857ce39e096) Importer(2089858483,b0f066a214c2f5e87bad3c948f4d605d) 
[Worker0] (ScriptedImporter)
[Worker0]  -> (artifact id: 'ff9151532d64db04b9518953083771d2') in 0.0039756 seconds
[Worker1] Start importing Packages/com.unity.2d.animation/Editor/Assets/EditorIcons/Light/Edit_Pose.png using Guid(9369d4108c727134a8f5a9618cfbbf18) Importer(2089858483,b0f066a214c2f5e87bad3c948f4d605d) 
[Worker1] (ScriptedImporter)
[Worker2] Start importing Assets/EmeraldBunny/Generated/Materials/spread_rear_toe_2.mat using Guid(f642b8526165dad4bb686bae4c2ffd8b) Importer(2089858483,b0f066a214c2f5e87bad3c948f4d605d) 
[Worker2] (ScriptedImporter)
[Worker1]  -> (artifact id: '28b082b64434f4aa5145ddace7153e87') in 0.0093244 seconds
[Worker3] Start importing Packages/com.unity.searcher/Tests using Guid(4b666628832cadb45b2a56d441fc8220) Importer(2089858483,b0f066a214c2f5e87bad3c948f4d605d) 
[Worker3] (ScriptedImporter)
[Worker3]  -> (artifact id: '146366295b36b55ab7d9986c42877e93') in 0.0035746 seconds
[Worker2]  -> (artifact id: '76f8378423d7f15f9329206544899a5c') in 0.0050376 seconds
[Worker0] Start importing Packages/com.unity.2d.animation/Editor/Assets/SkinningModule/GenerateWeightsPanel.uxml using Guid(676867f8653a3ec40a598ba3ccea79c6) Importer(2089858483,b0f066a214c2f5e87bad3c948f4d605d) 
[Worker0] (ScriptedImporter)
[Worker0]  -> (artifact id: '059b5dbc14b7eb70d1456b12aff83486') in 0.0088988 seconds
[Worker2] Start importing Packages/com.unity.2d.animation/Editor/Assets/ComponentIcons/Animation.IKManager@128.png using Guid(6dfa8a4e449dd46479d1788637b70811) Importer(2089858483,b0f066a214c2f5e87bad3c948f4d605d) 
[Worker2] (ScriptedImporter)
[Worker1] Start importing Assets/Settings/PC_RPAsset.asset using Guid(4b83569d67af61e458304325a23e5dfd) Importer(2089858483,b0f066a214c2f5e87bad3c948f4d605d) 
[Worker1] (ScriptedImporter)
[Worker3] Start importing Packages/com.unity.render-pipelines.core/Runtime/UnifiedRayTracing/Compute/RadeonRays using Guid(bc373571d8c974b4c8b11bbc194651eb) Importer(2089858483,b0f066a214c2f5e87bad3c948f4d605d) 
[Worker3] (ScriptedImporter)
[Worker2]  -> (artifact id: '98a84a5077faffce2840b5512f6b52fb') in 0.0079822 seconds
[Worker3]  -> (artifact id: 'f7ec34fcd84bec284484b2fcf19ccbc4') in 0.0036946 seconds
[Worker0] Start importing Assets/EmeraldBunny/Art/cuff_right.png using Guid(30dc7408aba61bd4eaee759cbb78d902) Importer(2089858483,b0f066a214c2f5e87bad3c948f4d605d) 
[Worker0] (ScriptedImporter)
[Worker0]  -> (artifact id: 'ca57f5106458af83f58b52ca9d2906ae') in 0.0097972 seconds
[Worker2] Start importing Packages/com.unity.shadergraph/Editor/Data/Nodes/Math/Derivative using Guid(c10838deaed74574a94a340e53c2b229) Importer(2089858483,b0f066a214c2f5e87bad3c948f4d605d) 
[Worker2] (ScriptedImporter)
[Worker3] Start importing Assets/EmeraldBunny/Generated/Materials/spread_rear_toe_0.mat using Guid(9933013bf60989945a12d14cc95d306c) Importer(2089858483,b0f066a214c2f5e87bad3c948f4d605d) 
[Worker2]  -> (artifact id: '4db27c446b1b7618cdb5aabb280ff08d') in 0.0049188 seconds
[Worker3] (ScriptedImporter)
[Worker3]  -> (artifact id: '4a46418443a1ffe71d0ddc831264e0f8') in 0.0059789 seconds
[Worker1]  -> (artifact id: '09ee17fab69bc0f4f43a4b734ccc92cc') in 0.0455645 seconds
[Worker0] Start importing Packages/com.unity.2d.animation/Editor/Assets/EditorIcons/Light/Split Bones.png using Guid(59bc7a7ca0683ac439e255a533670885) Importer(2089858483,b0f066a214c2f5e87bad3c948f4d605d) 
[Worker0] (ScriptedImporter)
[Worker0]  -> (artifact id: 'f4acd746781e8e46daa4039815b36bbe') in 0.0088275 seconds
[Worker2] Start importing Packages/com.unity.shadergraph/Editor/Data using Guid(f56929b05da66c942ad2e3fe376346fa) Importer(2089858483,b0f066a214c2f5e87bad3c948f4d605d) 
[Worker2] (ScriptedImporter)
[Worker2]  -> (artifact id: '295add447c6cfeb3b3c0621012f0b557') in 0.003656 seconds
[Worker3] Start importing Packages/com.unity.2d.animation/Editor/Assets/EditorIcons/Light/Weight_Slider.png using Guid(aa91af43c72989f44bf937fd28243bc7) Importer(2089858483,b0f066a214c2f5e87bad3c948f4d605d) 
[Worker3] (ScriptedImporter)
[Worker1] Start importing Packages/com.unity.2d.animation/Editor/Assets/EditorIcons/Dark/d_Bone_Influence@3x.png using Guid(56431fa7b1b21794baaf8d8e47c78bdb) Importer(2089858483,b0f066a214c2f5e87bad3c948f4d605d) 
[Worker1] (ScriptedImporter)
[Worker3]  -> (artifact id: 'b8e90f0a4e833421d887e47578064776') in 0.0091227 seconds
[Worker1]  -> (artifact id: '2477c17c30789e03200ba00b6002539e') in 0.0106886 seconds
[Worker0] Start importing Packages/com.unity.render-pipelines.core/Editor/PropertyDrawers using Guid(5f6f204246726d84a87fac671dba9b53) Importer(2089858483,b0f066a214c2f5e87bad3c948f4d605d) 
[Worker0] (ScriptedImporter)
[Worker0]  -> (artifact id: 'dec8bc58835fdb79c8f9e1ce5909426f') in 0.0026274 seconds
[Worker2] Start importing Packages/com.unity.2d.animation/Editor/Assets/SpriteLibraryEditor/EditorTopToolbar.uxml using Guid(179ad99a9938c40dc984df75d6c14f3b) Importer(2089858483,b0f066a214c2f5e87bad3c948f4d605d) 
[Worker2] (ScriptedImporter)
[Worker2]  -> (artifact id: 'f585cfe1ecfbca069ae12f7bb057332a') in 0.0093359 seconds
[Worker3] Start importing Assets/EmeraldBunny/Generated/Meshes/nose.asset using Guid(0ea2b091140279545a2de3e972086be1) Importer(2089858483,b0f066a214c2f5e87bad3c948f4d605d) 
[Worker3] (ScriptedImporter)
[Worker3]  -> (artifact id: 'b550e09d506635aa9cd2c4f12cd6a8f8') in 0.005298 seconds
[Worker1] Start importing Packages/com.unity.2d.animation/Editor/Assets/EditorIcons/Selected/Split Bones@2x.png using Guid(652f381007a2d2247a40aa63c91c2565) Importer(2089858483,b0f066a214c2f5e87bad3c948f4d605d) 
[Worker1] (ScriptedImporter)
[Worker0] Start importing Assets/EmeraldBunny/Generated/Meshes/fingerL_index.asset using Guid(8c242097dd731a74cb968b0337494203) Importer(2089858483,b0f066a214c2f5e87bad3c948f4d605d) 
[Worker0] (ScriptedImporter)
[Worker0]  -> (artifact id: '873e058d7776cf38767f12e06131cf6a') in 0.0061006 seconds
[Worker1]  -> (artifact id: 'c2e12a3cdc93bf221c99e4abd92fcd08') in 0.0095667 seconds
[Worker2] Start importing Assets/EmeraldBunny/Art/toeAir3_lower_front.png using Guid(d57a5aaeb255e4943b207f64edf26051) Importer(2089858483,b0f066a214c2f5e87bad3c948f4d605d) 
[Worker2] (ScriptedImporter)
[Worker2]  -> (artifact id: '8cfc6aac93cf2ea92b1cbf5e4d342a28') in 0.0084111 seconds
[Worker3] Start importing Assets/EmeraldBunny/Art/chair_base_lower_front.png using Guid(6edfa5e549062e348b7e3deeba79fd3c) Importer(2089858483,b0f066a214c2f5e87bad3c948f4d605d) 
[Worker3] (ScriptedImporter)
[Worker1] Start importing Packages/com.unity.shadergraph/Editor/Generation/Targets/BuiltIn/ShaderLibrary using Guid(6dc0256bde5256e40b2e4aa65249dd1e) Importer(2089858483,b0f066a214c2f5e87bad3c948f4d605d) 
[Worker3]  -> (artifact id: 'c1968d347b90635559577955f2a2a302') in 0.006946 seconds
[Worker1] (ScriptedImporter)
[Worker1]  -> (artifact id: '156108a9f69230e5294aa42ad73da6c9') in 0.0041131 seconds
[Worker0] Start importing Assets/EmeraldBunny/Art/fingerR_little.png using Guid(a87436a28052efc43a175696636a07df) Importer(2089858483,b0f066a214c2f5e87bad3c948f4d605d) 
[Worker0] (ScriptedImporter)
[Worker2] Start importing Packages/com.unity.2d.animation/Editor/Assets/ComponentIcons/d_Animation.SpriteLibrary@256.png using Guid(30a9527ec1b074aca87fdc4fd12b0f0b) Importer(2089858483,b0f066a214c2f5e87bad3c948f4d605d) 
[Worker2] (ScriptedImporter)
[Worker0]  -> (artifact id: 'bc975ca3d715dc60e5b7dac0048fd5bc') in 0.0078794 seconds
[Worker2]  -> (artifact id: 'b321e9ea56da1f3b51a57727eba7e3b3') in 0.0101401 seconds
[Worker3] Start importing Packages/com.unity.2d.animation/Editor/Assets/EditorIcons/Dark/d_True.png using Guid(4573e6fe13e8f4b68a6e290c779078cd) Importer(2089858483,b0f066a214c2f5e87bad3c948f4d605d) 
[Worker3] (ScriptedImporter)
[Worker1] Start importing Packages/com.unity.2d.animation/Editor/Assets/EditorIcons/Selected/Visibility_Tool@3x.png using Guid(8004118ba4145a74e823fedaa37acf3a) Importer(2089858483,b0f066a214c2f5e87bad3c948f4d605d) 
[Worker1] (ScriptedImporter)
[Worker3]  -> (artifact id: '7c5b932230137718a94abc6eabe46cc4') in 0.0084022 seconds
[Worker0] Start importing Packages/com.unity.2d.animation/Editor/Assets/ComponentIcons/Animation.SpriteSkin On@32.png using Guid(c48d0173f2d2c40679bc236de8551a69) Importer(2089858483,b0f066a214c2f5e87bad3c948f4d605d) 
[Worker1]  -> (artifact id: 'a7d984b3214362988f19e029091981d2') in 0.0102396 seconds
[Worker0] (ScriptedImporter)
[Worker2] Start importing Packages/com.unity.render-pipelines.core/Runtime/Lights using Guid(7a8d83d0230a4974a88b7be5ab87c6c3) Importer(2089858483,b0f066a214c2f5e87bad3c948f4d605d) 
[Worker2] (ScriptedImporter)
[Worker2]  -> (artifact id: 'b979d2962152d05f2e4fd96387f755af') in 0.0032138 seconds
[Worker0]  -> (artifact id: 'da197e0826521461a4ab6ebd47f8d7fc') in 0.0112755 seconds
[Worker3] Start importing Assets/Inochi2D/Resources/Shaders/I2DMainShader.shader using Guid(592fea888749e594d86fbf7572c95eef) Importer(2089858483,b0f066a214c2f5e87bad3c948f4d605d) 
[Worker3] (ScriptedImporter)
[Worker1] Start importing Packages/com.unity.render-pipelines.core/Tests/Editor/GPUDriven using Guid(0829798e3b46e42438b2a90fe5fbe063) Importer(2089858483,b0f066a214c2f5e87bad3c948f4d605d) 
[Worker1] (ScriptedImporter)
[Worker3]  -> (artifact id: 'c478fb684563ffa4e99e7ea4ce3e18d6') in 0.0047581 seconds
[Worker1]  -> (artifact id: 'f6563d8d148ecab2dc21d7d879481087') in 0.0033226 seconds
[Worker0] Start importing Packages/com.unity.2d.animation/Editor/Assets/EditorIcons/Light/Edit_Joints@2x.png using Guid(2fc7298673dedaa4a9f850a8ca46e299) Importer(2089858483,b0f066a214c2f5e87bad3c948f4d605d) 
[Worker0] (ScriptedImporter)
[Worker2] Start importing Assets/EmeraldBunny/Art/leg_front_knee_lower_fixed.png using Guid(a9eaf0ebe131083468529550ee5c0607) Importer(2089858483,b0f066a214c2f5e87bad3c948f4d605d) 
[Worker2] (ScriptedImporter)
[Worker0]  -> (artifact id: '3b6fd40005c953f3b4fd97ed6ad489e8') in 0.0080021 seconds
[Worker2]  -> (artifact id: 'a1d98f2ee04a7be7d21482812c6b17f2') in 0.0086862 seconds
[Worker3] Start importing Packages/com.unity.shadergraph/Editor/Generation/Targets/BuiltIn using Guid(24f978237d7204d78b8266e4b1fd1248) Importer(2089858483,b0f066a214c2f5e87bad3c948f4d605d) 
[Worker3] (ScriptedImporter)
[Worker3]  -> (artifact id: 'd6d294bb711ec6f4937b79d8be1be32b') in 0.0030829 seconds
[Worker1] Start importing Packages/com.unity.2d.animation/Editor/Assets/LayoutOverlay/LayoutOverlayStyle.uss using Guid(4cb62f324c9e68643acade726b44b815) Importer(2089858483,b0f066a214c2f5e87bad3c948f4d605d) 
[Worker1] (ScriptedImporter)
[Worker1]  -> (artifact id: '3e3415ff10157e53cc596ab36413c35c') in 0.0067437 seconds
[Worker2] Start importing Packages/com.unity.collections/Unity.Collections.PerformanceTests using Guid(4c3b5584c2c4c483b9816878d89d3793) Importer(2089858483,b0f066a214c2f5e87bad3c948f4d605d) 
[Worker2] (ScriptedImporter)
[Worker0] Start importing Assets/EmeraldBunny/Generated/Materials/fingerR_index.mat using Guid(eaf47ad3bc1131541a469be52d2570a0) Importer(2089858483,b0f066a214c2f5e87bad3c948f4d605d) 
[Worker0] (ScriptedImporter)
[Worker2]  -> (artifact id: 'e8242bc9e95539cdc2b995299076a6f0') in 0.003126 seconds
[Worker0]  -> (artifact id: 'de0bf139397caacd373bceeac372b60c') in 0.006013 seconds
[Worker3] Start importing Packages/com.unity.2d.animation/Editor/Assets/EditorIcons/Light/SetPivot256.png using Guid(b51dea53643c34332b1c8cfc0865d0c4) Importer(2089858483,b0f066a214c2f5e87bad3c948f4d605d) 
[Worker3] (ScriptedImporter)
[Worker1] Start importing Packages/com.unity.inputsystem/InputSystem/Plugins/EnhancedTouch using Guid(ef4b66ea93dd243a783c32ab1da39fc4) Importer(2089858483,b0f066a214c2f5e87bad3c948f4d605d) 
[Worker1] (ScriptedImporter)
[Worker1]  -> (artifact id: 'b34ebb8fefb9fda018ed3a0c18bc2ed1') in 0.0031999 seconds
[Worker3]  -> (artifact id: '49541620abedd2ec3ac82dc1979e5881') in 0.0136621 seconds
[Worker2] Start importing Packages/com.unity.inputsystem/InputSystem/Plugins/InputForUI using Guid(96500a17645c67442a0ccdca007e6d28) Importer(2089858483,b0f066a214c2f5e87bad3c948f4d605d) 
[Worker2] (ScriptedImporter)
[Worker0] Start importing Packages/com.unity.2d.animation/Editor/Assets/EditorIcons/Dark/d_character_Mode.png using Guid(a33833072bf90f34c856623b67d0e897) Importer(2089858483,b0f066a214c2f5e87bad3c948f4d605d) 
[Worker0] (ScriptedImporter)
[Worker2]  -> (artifact id: '3060c2081b47955126fdf86d7a3eff54') in 0.00364 seconds
[Worker0]  -> (artifact id: 'cf9e60f86da785f3ae169caaabcacb11') in 0.0103161 seconds
[Worker1] Start importing Packages/com.unity.2d.animation/Editor/Assets/ComponentIcons/Animation.IKLimb.png using Guid(cf11b38b95bcf4dac8b48952d4fd11b8) Importer(2089858483,b0f066a214c2f5e87bad3c948f4d605d) 
[Worker1] (ScriptedImporter)
[Worker1]  -> (artifact id: '7bc5b0044d13b427bd57706b6208fdc1') in 0.0076801 seconds
[Worker3] Start importing Packages/com.unity.2d.animation/Editor/Assets/ComponentIcons/Animation.SpriteSkin.asset using Guid(607b17a3f96ae4b97b6b24dcdb2012ee) Importer(2089858483,b0f066a214c2f5e87bad3c948f4d605d) 
[Worker3] (ScriptedImporter)
[Worker2] Start importing Packages/com.unity.2d.animation/Editor/Assets/EditorIcons/Selected/Copy@4x.png using Guid(b6a96c7c65795c94abf54a62adbf5c38) Importer(2089858483,b0f066a214c2f5e87bad3c948f4d605d) 
[Worker2] (ScriptedImporter)
[Worker0] Start importing Assets/EmeraldBunny/Generated/Meshes/ear_left.asset using Guid(5c3e6a3de9b2f5049903ccd8819db1b6) Importer(2089858483,b0f066a214c2f5e87bad3c948f4d605d) 
[Worker3]  -> (artifact id: '8c157581bee2b91be6368be3439a9ca0') in 0.013377 seconds
[Worker0] (ScriptedImporter)
[Worker2]  -> (artifact id: 'c0d13a2302809282db95b9b3e4be8cac') in 0.0092555 seconds
[Worker0]  -> (artifact id: '4c7489676c6f336873a8a95c400bbfc6') in 0.0037317 seconds
[Worker1] Start importing Packages/com.unity.render-pipelines.core/Editor/Properties using Guid(80eb240eb8f49794ea98245f43a29de6) Importer(2089858483,b0f066a214c2f5e87bad3c948f4d605d) 
[Worker1] (ScriptedImporter)
[Worker1]  -> (artifact id: 'eebb43434f08a356b296aac9099cbe63') in 0.0027714 seconds
[Worker3] Start importing Packages/com.unity.2d.sprite/Editor/UI/SpriteEditor/SpriteFrameModuleInspector.uxml using Guid(d02b5650e6e0b4c45ab18d5a1d1fce97) Importer(2089858483,b0f066a214c2f5e87bad3c948f4d605d) 
[Worker2] Start importing Assets/EmeraldBunny/Art/mouth.png using Guid(38f9fa8ef3c44d74b954d5255140210c) Importer(2089858483,b0f066a214c2f5e87bad3c948f4d605d) 
[Worker3] (ScriptedImporter)
[Worker2] (ScriptedImporter)
[Worker0] Start importing Packages/com.unity.shadergraph/Editor/Generation/Targets/Canvas/AssetCallbacks using Guid(094f15b4a6654154bb5755294694cb46) Importer(2089858483,b0f066a214c2f5e87bad3c948f4d605d) 
[Worker0] (ScriptedImporter)
[Worker2]  -> (artifact id: '9f71c1110620a97c63147ab278ed2da5') in 0.007619 seconds
[Worker0]  -> (artifact id: '23aae07099a8437ed62afa56792d3bb0') in 0.0038566 seconds
[Worker1] Start importing Packages/com.unity.render-pipelines.core using Guid(a56275a986cae448896ed2b70958250c) Importer(2089858483,b0f066a214c2f5e87bad3c948f4d605d) 
[Worker1] (ScriptedImporter)
[Worker3]  -> (artifact id: '947ec1c16db41b634420c464a1d86aad') in 0.0117217 seconds
[Worker1]  -> (artifact id: '0adefca159b69551b67a454803800d58') in 0.0034119 seconds
[Worker2] Start importing Packages/com.unity.2d.animation/Editor/Assets/ComponentIcons/Animation.IKFabrik.png using Guid(53d33bff0a9374b6db003552e5767cdb) Importer(2089858483,b0f066a214c2f5e87bad3c948f4d605d) 
[Worker2] (ScriptedImporter)
[Worker0] Start importing Packages/com.unity.render-pipelines.core/Editor/CommandBuffers using Guid(ef6e93ebaf391ed43a0bdcc1aa77ee74) Importer(2089858483,b0f066a214c2f5e87bad3c948f4d605d) 
[Worker0] (ScriptedImporter)
[Worker3] Start importing Packages/com.unity.inputsystem/InputSystem/Plugins/XInput using Guid(674bcb49f4019404bb8bfd43a597785a) Importer(2089858483,b0f066a214c2f5e87bad3c948f4d605d) 
[Worker3] (ScriptedImporter)
[Worker2]  -> (artifact id: '1ac6d979c28398b3c2e415879e8e8a27') in 0.0085104 seconds
[Worker0]  -> (artifact id: 'a49c085771d5664f80f9fc53f33f11dc') in 0.0039444 seconds
[Worker1] Start importing Packages/com.unity.ugui/Tests/Runtime/UGUI/TextEditor using Guid(93effba7cf7f3824ab0bd048a27a9c02) Importer(2089858483,b0f066a214c2f5e87bad3c948f4d605d) 
[Worker1] (ScriptedImporter)
[Worker3]  -> (artifact id: '37eff93dcc5b32171a98a61f7ab65d44') in 0.0076125 seconds
[Worker1]  -> (artifact id: '0783be6895c256122b876a3961a3a74d') in 0.005814 seconds
[Worker2] Start importing Packages/com.unity.2d.animation/Editor/Assets/EditorIcons/Light/Sprite_Mode@3x.png using Guid(71d8b2e508f1d9947ba51013600a5eac) Importer(2089858483,b0f066a214c2f5e87bad3c948f4d605d) 
[Worker2] (ScriptedImporter)
[Worker0] Start importing Packages/com.unity.render-pipelines.core/Runtime/Debugging/Prefabs/Textures using Guid(dbf7c066574f12a439bf604f2214a450) Importer(2089858483,b0f066a214c2f5e87bad3c948f4d605d) 
[Worker1] Start importing Packages/com.unity.2d.animation/Editor/Assets/EditorIcons/Light/Sprite_Influence@4x.png using Guid(0e0d5e38f19194a978d2f42b0b806775) Importer(2089858483,b0f066a214c2f5e87bad3c948f4d605d) 
[Worker0] (ScriptedImporter)
[Worker1] (ScriptedImporter)
[Worker0]  -> (artifact id: 'de26be0c6ee246cd71b25bf53aa3a0f5') in 0.0037499 seconds
[Worker3] Start importing Packages/com.unity.2d.sprite/Editor/UI/SpriteEditor/SpriteOutlineToolOverlayPanelStyle.uss using Guid(453cfcbf89b424ad9a293b19d1e3d4bb) Importer(2089858483,b0f066a214c2f5e87bad3c948f4d605d) 
[Worker3] (ScriptedImporter)
[Worker2]  -> (artifact id: 'efa9fff2e865ee9cb133ddb56f6d534f') in 0.012793 seconds
[Worker1]  -> (artifact id: '1615c8f23456e0720a393ef1b7144ba1') in 0.0087436 seconds
[Worker3]  -> (artifact id: '3950e620c445f1083b358f0d60f2ae25') in 0.0050333 seconds
[Worker1] Start importing Assets/EmeraldBunny/Art/chair_all_lower_front.png using Guid(acc3271b4dcddc546bc483bf180da6b6) Importer(2089858483,b0f066a214c2f5e87bad3c948f4d605d) 
[Worker1] (ScriptedImporter)
[Worker0] Start importing Packages/com.unity.render-pipelines.universal/Editor/SceneTemplates/Indoors using Guid(10b199c2bead9fb42b482877b182e8c2) Importer(2089858483,b0f066a214c2f5e87bad3c948f4d605d) 
[Worker0] (ScriptedImporter)
[Worker2] Start importing Packages/com.unity.test-framework/UnityEditor.TestRunner/TestSettings using Guid(95b719082a664ea45bb56759eed1f271) Importer(2089858483,b0f066a214c2f5e87bad3c948f4d605d) 
[Worker2] (ScriptedImporter)
[Worker0]  -> (artifact id: '85e4822a68927439d33fb944e866ee10') in 0.0052601 seconds
[Worker2]  -> (artifact id: '2e304eb532d69f2d8233e583212a8522') in 0.0032573 seconds
[Worker1]  -> (artifact id: '5ab6e89f0955fa4ee53c6b8aa4210947') in 0.0125577 seconds
[Worker3] Start importing Assets/EmeraldBunny/Generated/Meshes/chair_leg_right_lower_fixed.asset using Guid(3e89cd844fa20dd4196c2e3428a9f7e6) Importer(2089858483,b0f066a214c2f5e87bad3c948f4d605d) 
[Worker3] (ScriptedImporter)
[Worker3]  -> (artifact id: '23989e7a2afdaa2f77ec9cb20cc68663') in 0.0063103 seconds
[Worker2] Start importing Packages/com.unity.inputsystem/InputSystem/Editor/PropertyDrawers using Guid(726294051bc6c426e886d72ea4702f21) Importer(2089858483,b0f066a214c2f5e87bad3c948f4d605d) 
[Worker0] Start importing Packages/com.unity.2d.animation/Editor/Assets/EditorIcons/Selected/Edit_Pose.png using Guid(9844a6aa871b23547892e819f4dd55c3) Importer(2089858483,b0f066a214c2f5e87bad3c948f4d605d) 
[Worker2] (ScriptedImporter)
[Worker0] (ScriptedImporter)
[Worker1] Start importing Packages/com.unity.ugui/Runtime using Guid(aa14b70e6a58c5b4fa6663623e3dca91) Importer(2089858483,b0f066a214c2f5e87bad3c948f4d605d) 
[Worker1] (ScriptedImporter)
[Worker2]  -> (artifact id: '0a7b5d596fe1eecb726d05dba71de2df') in 0.0040122 seconds
[Worker1]  -> (artifact id: '9ac12270d92354faee55aff600d28593') in 0.0033258 seconds
[Worker3] Start importing Packages/com.unity.render-pipelines.core/Editor/Volume using Guid(138c0b127ef07fd428612196694d782f) Importer(2089858483,b0f066a214c2f5e87bad3c948f4d605d) 
[Worker3] (ScriptedImporter)
[Worker3]  -> (artifact id: '0eab0c0d7eda440b5b0134ba8a508ddd') in 0.0036197 seconds
[Worker0]  -> (artifact id: '0f4d3e9666da22f95504ddd06cffd7ea') in 0.0116433 seconds
[Worker2] Start importing Packages/com.unity.2d.animation/Editor/Assets/EditorIcons/Dark/d_Create Bones@4x.png using Guid(7e1aff9652c0dac418d9aa42f5f24dc2) Importer(2089858483,b0f066a214c2f5e87bad3c948f4d605d) 
[Worker2] (ScriptedImporter)
[Worker1] Start importing Packages/com.unity.test-framework/UnityEngine.TestRunner/TestRunner/Messages using Guid(256a0ca37fa972840bce7fca446e75e7) Importer(2089858483,b0f066a214c2f5e87bad3c948f4d605d) 
[Worker1] (ScriptedImporter)
[Worker1]  -> (artifact id: 'cac728399a47a01fdbbbcb1de3ad3004') in 0.0034592 seconds
[Worker2]  -> (artifact id: '41ad8875e77e70fae70ff6208444bf06') in 0.0086307 seconds
[Worker0] Start importing Packages/com.unity.2d.animation/IK/Runtime/Unity.2D.IK.Runtime.asmdef using Guid(88f14d179e7c91c4eac28302d69f32e1) Importer(2089858483,b0f066a214c2f5e87bad3c948f4d605d) 
[Worker0] (ScriptedImporter)
[Worker3] Start importing Packages/com.unity.render-pipelines.universal/Runtime/FrameData using Guid(6c79cfa3e6744da6a1beee27a0d73155) Importer(2089858483,b0f066a214c2f5e87bad3c948f4d605d) 
[Worker3] (ScriptedImporter)
[Worker0]  -> (artifact id: 'c387b5dab32f9be0ebd85225ec073e7b') in 0.0040582 seconds
[Worker3]  -> (artifact id: 'c816aaff98d9fded2d02f3ccfe429849') in 0.0036796 seconds
[Worker2] Start importing Assets/EmeraldBunny/Art/leg_rear_calf_lower_rear.png using Guid(34281a7461c6ff5419c00c335efdb7a6) Importer(2089858483,b0f066a214c2f5e87bad3c948f4d605d) 
[Worker1] Start importing Assets/EmeraldBunny/Art/browL.png using Guid(7a6596464caee2845a490230e08e5e5d) Importer(2089858483,b0f066a214c2f5e87bad3c948f4d605d) 
[Worker2] (ScriptedImporter)
[Worker1] (ScriptedImporter)
[Worker0] Start importing Packages/com.unity.2d.animation/IK/Runtime using Guid(5d0eac40fb3389c409c92e6e08188528) Importer(2089858483,b0f066a214c2f5e87bad3c948f4d605d) 
[Worker0] (ScriptedImporter)
[Worker0]  -> (artifact id: 'eee9dde717b1ec6c30ed311cb11ca74c') in 0.0035803 seconds
[Worker3] Start importing Packages/com.unity.2d.animation/Editor/Assets/EditorIcons/Dark/d_Parent_Bone@2x.png using Guid(1038032ed9d668e438d3f97dd8014cbb) Importer(2089858483,b0f066a214c2f5e87bad3c948f4d605d) 
[Worker1]  -> (artifact id: 'd0e379877d3301673bf298d82cbf5d65') in 0.0095104 seconds
[Worker2]  -> (artifact id: '9afb5020c53de6dc308b6666160d46b5') in 0.0095261 seconds
[Worker3] (ScriptedImporter)
[Worker3]  -> (artifact id: '00330618b116a0ffa02f4c01d3255248') in 0.0092463 seconds
[Worker1] Start importing Packages/com.unity.shadergraph/Editor/Generation/Targets/BuiltIn/Editor/AssetPostProcessors using Guid(ff73c880c054e8c40b71704dbc0c1beb) Importer(2089858483,b0f066a214c2f5e87bad3c948f4d605d) 
[Worker1] (ScriptedImporter)
[Worker2] Start importing Packages/com.unity.2d.animation/Editor/Assets/ComponentIcons/Animation.SpriteResolver On@128.png using Guid(5c838469e8ab742f081032f02a904a31) Importer(2089858483,b0f066a214c2f5e87bad3c948f4d605d) 
[Worker1]  -> (artifact id: 'a2ba0d101ffce833fc1e402427b4d2ac') in 0.0046887 seconds
[Worker0] Start importing Packages/com.unity.shadergraph/Editor/Data/Nodes/Input/Gradient using Guid(6c3178830acf943f8bf39e5a651057f2) Importer(2089858483,b0f066a214c2f5e87bad3c948f4d605d) 
[Worker2] (ScriptedImporter)
[Worker0] (ScriptedImporter)
[Worker0]  -> (artifact id: '8663437decf554696c13f63fba0ca6b7') in 0.0027625 seconds
[Worker3] Start importing Packages/com.unity.shadergraph/Editor/Generation/TargetResources using Guid(45e29c7fe2bbe4bd199f0029b890f5f5) Importer(2089858483,b0f066a214c2f5e87bad3c948f4d605d) 
[Worker3] (ScriptedImporter)
[Worker2]  -> (artifact id: '574c470d9709128747f6b38c14b16345') in 0.0086731 seconds
[Worker3]  -> (artifact id: '460c5fdd38d9f4b661ded657df9df375') in 0.0035886 seconds
[Worker1] Start importing Packages/com.unity.render-pipelines.universal/Editor/Overrides using Guid(ad2bd79f2c9e81640b75c0a7edbe7970) Importer(2089858483,b0f066a214c2f5e87bad3c948f4d605d) 
[Worker1] (ScriptedImporter)
[Worker0] Start importing Packages/com.unity.2d.animation/Editor/Assets/ComponentIcons/Animation.IKManager On@256.png using Guid(a4bde53ec7c104f868be7329e31dd480) Importer(2089858483,b0f066a214c2f5e87bad3c948f4d605d) 
[Worker0] (ScriptedImporter)
[Worker1]  -> (artifact id: '8f43a3356f2c382859f3602e9e26551b') in 0.0040291 seconds
[Worker2] Start importing Packages/com.unity.2d.animation/Editor/Assets/ComponentIcons/d_ErrorIcon_Small@2x.png using Guid(11e6f279ade864c6d951e8db74c11b54) Importer(2089858483,b0f066a214c2f5e87bad3c948f4d605d) 
[Worker2] (ScriptedImporter)
[Worker3] Start importing Packages/com.unity.2d.sprite/Tests/Editor using Guid(dcc63292bf8cfd543b11bfdebe99cd02) Importer(2089858483,b0f066a214c2f5e87bad3c948f4d605d) 
[Worker3] (ScriptedImporter)
[Worker0]  -> (artifact id: 'a1879df398ec03af11537e90a8601b07') in 0.0092563 seconds
[Worker3]  -> (artifact id: 'ab3893490d9edf8543972e924dd5b5d5') in 0.0033929 seconds
[Worker2]  -> (artifact id: '07b74b225d5cf90039ea6bf0765938ea') in 0.009235 seconds
[Worker3] Start importing Packages/com.unity.shadergraph/ShaderGraphLibrary/Nature using Guid(4cc7da0ede79c9248a9e2e96a546813d) Importer(2089858483,b0f066a214c2f5e87bad3c948f4d605d) 
[Worker3] (ScriptedImporter)
[Worker1] Start importing Assets/EmeraldBunny/Art/toeGround5_lower_rear.png using Guid(9f96e8df3f9b01e4a99a46036a68180b) Importer(2089858483,b0f066a214c2f5e87bad3c948f4d605d) 
[Worker1] (ScriptedImporter)
[Worker3]  -> (artifact id: 'e85058a674ce29c8aa0a010e8af5e3cb') in 0.0027687 seconds
[Worker0] Start importing Packages/com.unity.modules.tilemap using Guid(09e28640d754a611467eebfb261ed749) Importer(2089858483,b0f066a214c2f5e87bad3c948f4d605d) 
[Worker0] (ScriptedImporter)
[Worker2] Start importing Packages/com.unity.2d.animation/Editor/Assets/EditorIcons/Dark/d_Edit_Joints@2x.png using Guid(eecbc6949fc2aac40bfe64caade7a594) Importer(2089858483,b0f066a214c2f5e87bad3c948f4d605d) 
[Worker1]  -> (artifact id: '844e2269dc57b9944d8cee1114cfff87') in 0.0075138 seconds
[Worker0]  -> (artifact id: '2dd6d3c745ab0695d7a9b9025d2cd7a6') in 0.0038338 seconds
[Worker2] (ScriptedImporter)
[Worker2]  -> (artifact id: '16f92a3b61c11134384c53b6f0ed6a42') in 0.0077006 seconds
[Worker3] Start importing Packages/com.unity.2d.animation/Editor/Assets/EditorIcons/Dark/d_Generate_Geometry@2x.png using Guid(80cc8d218dc9bee4091ecde845959866) Importer(2089858483,b0f066a214c2f5e87bad3c948f4d605d) 
[Worker3] (ScriptedImporter)
[Worker0] Start importing Assets/EmeraldBunny/Art/chair_leg_right.png using Guid(0287760165384eb4b8c23909f297a856) Importer(2089858483,b0f066a214c2f5e87bad3c948f4d605d) 
[Worker0] (ScriptedImporter)
[Worker1] Start importing Packages/com.unity.render-pipelines.core/Runtime/ShaderGenerator using Guid(4545c8d908390cb4da76ded2ad888b12) Importer(2089858483,b0f066a214c2f5e87bad3c948f4d605d) 
[Worker1] (ScriptedImporter)
[Worker1]  -> (artifact id: 'afb53c3ed565b95d7722ebf2d6707c90') in 0.0043332 seconds
[Worker3]  -> (artifact id: 'ee45e9b2fda3ab4a2e1fffcade84cc37') in 0.0103771 seconds
[Worker0]  -> (artifact id: 'e6b09ca9cecbdc20ee4acc4f836c68d8') in 0.0073372 seconds
[Worker2] Start importing Packages/com.unity.2d.sprite/Editor/ObjectMenuCreation/DefaultAssets/Textures/v2 using Guid(172f9a5627fbd495e9b469d54bed367a) Importer(2089858483,b0f066a214c2f5e87bad3c948f4d605d) 
[Worker2] (ScriptedImporter)
[Worker2]  -> (artifact id: '84327b0047432cf2145f2129a944d7ae') in 0.0038094 seconds
[Worker1] Start importing Packages/com.unity.2d.animation/Editor/Assets/EditorIcons/Dark/d_Sprite_Mode@4x.png using Guid(177f0e0a4941a464f935c21b367d57c7) Importer(2089858483,b0f066a214c2f5e87bad3c948f4d605d) 
[Worker1] (ScriptedImporter)
[Worker3] Start importing Packages/com.unity.render-pipelines.universal/Runtime/2D using Guid(5fbe43a4058e69f4ca1ac77ea6e1bda6) Importer(2089858483,b0f066a214c2f5e87bad3c948f4d605d) 
[Worker3] (ScriptedImporter)
[Worker0] Start importing Packages/com.unity.2d.animation/Editor/Assets/EditorIcons/Selected/Split_Edge@4x.png using Guid(8272ea7c59da847458432e7c88bf7766) Importer(2089858483,b0f066a214c2f5e87bad3c948f4d605d) 
[Worker0] (ScriptedImporter)
[Worker3]  -> (artifact id: '9281205fe7052aa7b7d005ff97bca939') in 0.0042539 seconds
[Worker2] Start importing Packages/com.unity.test-framework/UnityEditor.TestRunner/TestRun/Tasks/Scene using Guid(692476ac695e7b74a8d9eabd48862009) Importer(2089858483,b0f066a214c2f5e87bad3c948f4d605d) 
[Worker2] (ScriptedImporter)
[Worker1]  -> (artifact id: 'b44324d5bb9d3995fd505540591ea2c6') in 0.010715 seconds
[Worker2]  -> (artifact id: '06bc89dca060fa0c626424b94e9efefd') in 0.0031113 seconds
[Worker0]  -> (artifact id: '514c081c48853f1546710d2ee5ace401') in 0.0093107 seconds
[Worker3] Start importing Assets/EmeraldBunny/Generated/Meshes/arm_left_forearm.asset using Guid(a0ad8efe89be5e046a45d5f5e8458e25) Importer(2089858483,b0f066a214c2f5e87bad3c948f4d605d) 
[Worker3] (ScriptedImporter)
[Worker2] Start importing Assets/EmeraldBunny/Generated/Meshes/browL.asset using Guid(3a03b7848c0027f439c150398c4fbc56) Importer(2089858483,b0f066a214c2f5e87bad3c948f4d605d) 
[Worker2] (ScriptedImporter)
[Worker1] Start importing Assets/EmeraldBunny/Art/costume_waist.png using Guid(b14856a01d258b847a2c98e68a0db762) Importer(2089858483,b0f066a214c2f5e87bad3c948f4d605d) 
[Worker3]  -> (artifact id: '186a3123e53a08bf0c879357a84470fc') in 0.0108899 seconds
[Worker1] (ScriptedImporter)
[Worker2]  -> (artifact id: '1217a3276e466140414f896d8024ac2f') in 0.015849 seconds
[Worker0] Start importing Packages/com.unity.2d.animation/Editor/Assets/EditorIcons/Light/character_Mode@3x.png using Guid(17fa84703485d314b8d6b5216987d4b1) Importer(2089858483,b0f066a214c2f5e87bad3c948f4d605d) 
[Worker0] (ScriptedImporter)
[Worker1]  -> (artifact id: '556068078792b4d5262c41dda47b3e42') in 0.0130847 seconds
[Worker0]  -> (artifact id: '510f369a08a81233a07203df131dfe40') in 0.0189521 seconds
[Worker2] Start importing Packages/com.unity.2d.animation/Editor/Assets/EditorIcons/Dark/d_Parent_Bone@4x.png using Guid(c6601234a3b63ef4a9386f8182db5849) Importer(2089858483,b0f066a214c2f5e87bad3c948f4d605d) 
[Worker2] (ScriptedImporter)
[Worker3] Start importing Packages/com.unity.test-framework/UnityEditor.TestRunner/TestRunner/Messages using Guid(d9682e749d3efc642af54d789d9090a6) Importer(2089858483,b0f066a214c2f5e87bad3c948f4d605d) 
[Worker3] (ScriptedImporter)
[Worker3]  -> (artifact id: '86fe0e1fe65599f4f4f80e48d1233254') in 0.0044197 seconds
[Worker2]  -> (artifact id: '2fec1245872e89f8760065064165a8c2') in 0.0096435 seconds
[Worker1] Start importing Packages/com.unity.render-pipelines.core/Runtime/Camera using Guid(e99921594db38ce4cbb616f0ca87148d) Importer(2089858483,b0f066a214c2f5e87bad3c948f4d605d) 
[Worker1] (ScriptedImporter)
[Worker1]  -> (artifact id: '8d34ce0826f28dc4d781f327e54e9b08') in 0.0041438 seconds
[Worker0] Start importing Assets/EmeraldBunny/Generated/Meshes/spread_front_toe_1.asset using Guid(ab5bb95154c7c1d4795d5cb4368d2fe0) Importer(2089858483,b0f066a214c2f5e87bad3c948f4d605d) 
[Worker0] (ScriptedImporter)
[Worker0]  -> (artifact id: '9f425430e8d0dd949a85dd0156443bab') in 0.0061504 seconds
[Worker3] Start importing Assets/EmeraldBunny/Generated/Meshes/chair_rightarm.asset using Guid(eb92be5105284184ea783cc3e61bb1d7) Importer(2089858483,b0f066a214c2f5e87bad3c948f4d605d) 
[Worker3] (ScriptedImporter)
[Worker2] Start importing Assets/EmeraldBunny/Art/foot_air_lower_front.png using Guid(9b12684e0a19d7448a99f393025e410c) Importer(2089858483,b0f066a214c2f5e87bad3c948f4d605d) 
[Worker2] (ScriptedImporter)
[Worker1] Start importing Assets/EmeraldBunny/Generated/Materials/chair_leg_backleft.mat using Guid(9114bd2322602f34fa04a493f8e2de06) Importer(2089858483,b0f066a214c2f5e87bad3c948f4d605d) 
[Worker1] (ScriptedImporter)
[Worker3]  -> (artifact id: '35646b90bdbead9eebb87936b7accf20') in 0.0057777 seconds
[Worker1]  -> (artifact id: '878ec31be3a27fa5c407b738bc7a5ba5') in 0.0055846 seconds
[Worker2]  -> (artifact id: 'b5ba0420a32eab9316cf39debe7d0a27') in 0.0096224 seconds
[Worker0] Start importing Packages/com.unity.2d.animation/Editor/Assets/EditorIcons/Selected/Paste@4x.png using Guid(5d4fa2fdecdadcb468baaedc792cc439) Importer(2089858483,b0f066a214c2f5e87bad3c948f4d605d) 
[Worker0] (ScriptedImporter)
[Worker0]  -> (artifact id: '31266482ff406dd4f980ea83d366fd73') in 0.0099995 seconds
[Worker3] Start importing Packages/com.unity.2d.animation/package.json using Guid(9e83c20a8293f44ec8a375d3805f477d) Importer(2089858483,b0f066a214c2f5e87bad3c948f4d605d) 
[Worker3] (ScriptedImporter)
[Worker3]  -> (artifact id: '59c4867caa1646ad6d1a87430ef9ef1d') in 0.0051913 seconds
[Worker1] Start importing Assets/EmeraldBunny/Generated/Materials/bow_right.mat using Guid(4697f5b412fb20f4aa31e46fb1a27eeb) Importer(2089858483,b0f066a214c2f5e87bad3c948f4d605d) 
[Worker1] (ScriptedImporter)
[Worker2] Start importing Packages/com.unity.render-pipelines.universal/Editor/Converter/PPv2 using Guid(aaea8397f87188a4fb3a7451bf0ea320) Importer(2089858483,b0f066a214c2f5e87bad3c948f4d605d) 
[Worker2] (ScriptedImporter)
[Worker2]  -> (artifact id: '2de9424b32686b8b2f55bcdf655037af') in 0.0037827 seconds
[Worker1]  -> (artifact id: '518183221172a87e60e4ea86490008fa') in 0.006286 seconds
[Worker0] Start importing Assets/EmeraldBunny/Generated/Meshes/foot_air_lower_front.asset using Guid(4bde00d97e40c8c4ea199fd1ad8b5cca) Importer(2089858483,b0f066a214c2f5e87bad3c948f4d605d) 
[Worker0] (ScriptedImporter)
[Worker0]  -> (artifact id: 'b5a106165d68c2d93d39fffb4c5b9a06') in 0.0050972 seconds
[Worker3] Start importing Packages/com.unity.nuget.mono-cecil/Tests using Guid(0600146fb26ea4138a2f66b89faa9e86) Importer(2089858483,b0f066a214c2f5e87bad3c948f4d605d) 
[Worker3] (ScriptedImporter)
[Worker3]  -> (artifact id: '7f9edf705b54c9dd109c165a97ad22df') in 0.0034229 seconds
[Worker2] Start importing Packages/com.unity.test-framework/UnityEngine.TestRunner/NUnitExtensions/Filters using Guid(c3de99f9efc582a48995bc8e8c2df418) Importer(2089858483,b0f066a214c2f5e87bad3c948f4d605d) 
[Worker2] (ScriptedImporter)
[Worker1] Start importing Packages/com.unity.modules.vr using Guid(178008567c08e6d84014fa87825d10bb) Importer(2089858483,b0f066a214c2f5e87bad3c948f4d605d) 
[Worker1] (ScriptedImporter)
[Worker2]  -> (artifact id: '8a648878767f195d0203cdbefba770f4') in 0.0032348 seconds
[Worker1]  -> (artifact id: '7ed0f5bf630e2f16ab9ee233835b9496') in 0.0030442 seconds
[Worker0] Start importing Packages/com.unity.modules.audio using Guid(2d6ba5cbe47e6ad3c87474c56174d4e0) Importer(2089858483,b0f066a214c2f5e87bad3c948f4d605d) 
[Worker0] (ScriptedImporter)
[Worker0]  -> (artifact id: '2c5d0b38483cf08031b1e29a27f985c0') in 0.0032708 seconds
[Worker3] Start importing Assets/EmeraldBunny/Generated/Meshes/arm_right_upper.asset using Guid(bb04985328ca6704ba2d6af82f7d48f6) Importer(2089858483,b0f066a214c2f5e87bad3c948f4d605d) 
[Worker3] (ScriptedImporter)
[Worker2] Start importing Packages/com.unity.2d.animation/Editor/Assets/ComponentIcons/Animation.SpriteLibraryVar@128.png using Guid(5c718c499137a4dc48bbf03037c806f6) Importer(2089858483,b0f066a214c2f5e87bad3c948f4d605d) 
[Worker2] (ScriptedImporter)
[Worker3]  -> (artifact id: '6a18bddff8c3b6b7d1d41563fec1551a') in 0.0060313 seconds
[Worker1] Start importing Assets/Scenes using Guid(56cd8ddc492616945a6828b0d0f39869) Importer(2089858483,b0f066a214c2f5e87bad3c948f4d605d) 
[Worker1] (ScriptedImporter)
[Worker1]  -> (artifact id: 'dd1bbb3f4d82ba504592ca3fc49077c2') in 0.004127 seconds
[Worker2]  -> (artifact id: '947a1ca63841079d8aae2ddfa447ef9e') in 0.0127625 seconds
[Worker0] Start importing Packages/com.unity.2d.animation/Editor/Assets/EditorIcons/Light/character_Mode@2x.png using Guid(25096ce515c063c48a2bd6b108c95912) Importer(2089858483,b0f066a214c2f5e87bad3c948f4d605d) 
[Worker0] (ScriptedImporter)
[Worker0]  -> (artifact id: '7711e37fe80b7dd8bbfd4c37efc9a20b') in 0.0101259 seconds
[Worker3] Start importing Packages/com.unity.2d.animation/Editor/SkinningModule using Guid(0c5c95ab5cf49784c86dc247663d026e) Importer(2089858483,b0f066a214c2f5e87bad3c948f4d605d) 
[Worker3] (ScriptedImporter)
[Worker3]  -> (artifact id: '049860dc18a5352dffe80f9caefe3a3f') in 0.004425 seconds
[Worker1] Start importing Packages/com.unity.shadergraph/Editor/Generation/Descriptors using Guid(e5779cc2c32bb4c90b671ed2e6629e3d) Importer(2089858483,b0f066a214c2f5e87bad3c948f4d605d) 
[Worker1] (ScriptedImporter)
[Worker1]  -> (artifact id: '37379aece0ee8056839765f22d412944') in 0.0036041 seconds
[Worker2] Start importing Packages/com.unity.nuget.mono-cecil/Tests/Editor using Guid(45ad7246e4741472187b3dbd3cfff518) Importer(2089858483,b0f066a214c2f5e87bad3c948f4d605d) 
[Worker2] (ScriptedImporter)
[Worker2]  -> (artifact id: '4bab119e4542d245cdd387457583b3ee') in 0.0039566 seconds
[Worker0] Start importing Packages/com.unity.2d.animation/Editor/Assets/EditorIcons/Dark/d_SetPivot64.png using Guid(0292e97c3662741749dc97edf5bbaa66) Importer(2089858483,b0f066a214c2f5e87bad3c948f4d605d) 
[Worker0] (ScriptedImporter)
[Worker3] Start importing Packages/com.unity.render-pipelines.core/Runtime/RenderPipelineResources/GPUDriven using Guid(270b22cf3fe09dc4ea4fe92d629d8bce) Importer(2089858483,b0f066a214c2f5e87bad3c948f4d605d) 
[Worker3] (ScriptedImporter)
[Worker0]  -> (artifact id: 'c20e22404a1cb32cc2f0ecf208b65280') in 0.0110892 seconds
[Worker3]  -> (artifact id: 'fe4ea3c1db942f42591cd03ea6e2e1a9') in 0.0037531 seconds
[Worker1] Start importing Assets/EmeraldBunny/Generated/Meshes/chair_leg_middle_lower_rear.asset using Guid(db58da29337d4504d9d332322af743b4) Importer(2089858483,b0f066a214c2f5e87bad3c948f4d605d) 
[Worker1] (ScriptedImporter)
[Worker1]  -> (artifact id: '71fa1f1fb8dca8d4dfd6d9bbaa96c962') in 0.0053547 seconds
[Worker2] Start importing Packages/com.unity.2d.animation/Editor/Assets/ComponentIcons/d_Animation.SpriteResolver@32.png using Guid(a069762eea60d4e26b7ec2518369623c) Importer(2089858483,b0f066a214c2f5e87bad3c948f4d605d) 
[Worker2] (ScriptedImporter)
[Worker2]  -> (artifact id: '20f537fe53bb303bd627dee55dc3c1e6') in 0.0078874 seconds
[Worker0] Start importing Packages/com.unity.test-framework.performance/Runtime/Attributes using Guid(d2bd35c14da30b94c81ec15c7db30136) Importer(2089858483,b0f066a214c2f5e87bad3c948f4d605d) 
[Worker0] (ScriptedImporter)
[Worker3] Start importing Packages/com.unity.2d.animation/Editor/Assets/EditorIcons/Selected/Weight_Slider.png using Guid(96b029a4248c85a4e8de2aa81fc0b60a) Importer(2089858483,b0f066a214c2f5e87bad3c948f4d605d) 
[Worker0]  -> (artifact id: 'eaf94498197c08e54021727e42a9f9ec') in 0.0032145 seconds
[Worker3] (ScriptedImporter)
[Worker1] Start importing Packages/com.unity.ugui/Tests/Runtime/UGUI/MaskClipping using Guid(2bc8a181dfd9de24388de89bb8db7713) Importer(2089858483,b0f066a214c2f5e87bad3c948f4d605d) 
[Worker1] (ScriptedImporter)
[Worker3]  -> (artifact id: '6bd49ed1d1276b74cd4c23de0ce41b17') in 0.0101 seconds
[Worker1]  -> (artifact id: 'f57300f84c364f19ab60e97476157ff7') in 0.0036772 seconds
[Worker2] Start importing Assets/EmeraldBunny/Generated/Materials/mouth.mat using Guid(74ddecb52c807ff40addd49b50bb5687) Importer(2089858483,b0f066a214c2f5e87bad3c948f4d605d) 
[Worker2] (ScriptedImporter)
[Worker2]  -> (artifact id: 'b0984b4b8e14f2a3ab07cef0ce426617') in 0.0054442 seconds
[Worker0] Start importing Packages/com.unity.2d.animation/Editor/Assets/ComponentIcons/d_Animation.IKCCD@128.png using Guid(aee4d1ab3c8e8444aaeb344c96f2dc3a) Importer(2089858483,b0f066a214c2f5e87bad3c948f4d605d) 
[Worker0] (ScriptedImporter)
[Worker3] Start importing Packages/com.unity.inputsystem/InputSystem/Plugins using Guid(bcb3dcdfe51084a038a04105cfbc70aa) Importer(2089858483,b0f066a214c2f5e87bad3c948f4d605d) 
[Worker3] (ScriptedImporter)
[Worker1] Start importing Packages/com.unity.render-pipelines.core/Shaders using Guid(1966e5ee4a6d00344b701c86ac98a770) Importer(2089858483,b0f066a214c2f5e87bad3c948f4d605d) 
[Worker1] (ScriptedImporter)
[Worker0]  -> (artifact id: 'ef2eecb547a0fa2e4cb7ac1781fe4daf') in 0.0129766 seconds
[Worker3]  -> (artifact id: '432635b8f0e0589e8d12bd05ff4679cf') in 0.0037259 seconds
[Worker1]  -> (artifact id: '8087ef70eed59c9aa72129ac1af1db1c') in 0.0029216 seconds
[Worker2] Start importing Packages/com.unity.2d.animation/Editor/Assets/ComponentIcons/Animation.IKCCD On.png using Guid(40ca859210cd04b62bbfe0e0d5696d3b) Importer(2089858483,b0f066a214c2f5e87bad3c948f4d605d) 
[Worker2] (ScriptedImporter)
[Worker2]  -> (artifact id: 'eda91a2c76536db8516b26f55cd1bb10') in 0.0094251 seconds
[Worker3] Start importing Packages/com.unity.render-pipelines.core/Runtime/Utilities/GPUSort using Guid(e5d689573b624639aac8d00ca42bd729) Importer(2089858483,b0f066a214c2f5e87bad3c948f4d605d) 
[Worker0] Start importing Assets/Inochi2D/Resources/Shaders/I2DBlitShader.shader using Guid(b32afa9b80048ac4699d541c39474984) Importer(2089858483,b0f066a214c2f5e87bad3c948f4d605d) 
[Worker3] (ScriptedImporter)
[Worker0] (ScriptedImporter)
[Worker1] Start importing Packages/com.unity.ugui/Tests/Runtime/UGUI/ScrollRect using Guid(9bedab6f9886aee42b33e424bffdb640) Importer(2089858483,b0f066a214c2f5e87bad3c948f4d605d) 
[Worker1] (ScriptedImporter)
[Worker3]  -> (artifact id: 'b77c3a185f12d4d838bfb1f329f01796') in 0.0043166 seconds
[Worker0]  -> (artifact id: '2dc7256e9a27f763762a84d0614defd5') in 0.0051713 seconds
[Worker1]  -> (artifact id: '88607b599289eae479aaf2b13a13244d') in 0.0041945 seconds
[Worker2] Start importing Packages/com.unity.render-pipelines.universal-config/Tests using Guid(b16c0985df25c08458c254464b931122) Importer(2089858483,b0f066a214c2f5e87bad3c948f4d605d) 
[Worker2] (ScriptedImporter)
[Worker2]  -> (artifact id: '77baa8d206e8e6465d2dc4a1fa91174a') in 0.0040809 seconds
[Worker3] Start importing Assets/EmeraldBunny/Generated/Meshes/bow_right.asset using Guid(2e649a0f47b73c546ae305d00a52343d) Importer(2089858483,b0f066a214c2f5e87bad3c948f4d605d) 
[Worker3] (ScriptedImporter)
[Worker0] Start importing Packages/com.unity.inputsystem/InputSystem/Editor/AssetImporter using Guid(9d7486ba41233414a9ed80716a544026) Importer(2089858483,b0f066a214c2f5e87bad3c948f4d605d) 
[Worker3]  -> (artifact id: '594d87e9c5a2386037a1dbfacdabf3c1') in 0.0046589 seconds
[Worker0] (ScriptedImporter)
[Worker1] Start importing Packages/com.unity.render-pipelines.universal/Editor/Gizmos using Guid(f5e37a0064cfb07429ae6ca5b82debc2) Importer(2089858483,b0f066a214c2f5e87bad3c948f4d605d) 
[Worker1] (ScriptedImporter)
[Worker0]  -> (artifact id: 'c364cff3867838adc8acc057eeabe7ea') in 0.0037125 seconds
[Worker1]  -> (artifact id: 'a1ce970dcb6f922738bad29be69fe8ff') in 0.0038062 seconds
[Worker2] Start importing Packages/com.unity.shadergraph/Editor/Interface using Guid(f7cd1e478bcba4d0f9570597921367a0) Importer(2089858483,b0f066a214c2f5e87bad3c948f4d605d) 
[Worker2] (ScriptedImporter)
[Worker2]  -> (artifact id: 'e9cdf5f0dacab410ed845c9f3eaab0d7') in 0.0024938 seconds
[Worker3] Start importing Packages/com.unity.2d.animation/Editor/Assets/EditorIcons/Dark/d_False@2x.png using Guid(1fa6ee9de92b645ecbf1f64c60b79880) Importer(2089858483,b0f066a214c2f5e87bad3c948f4d605d) 
[Worker3] (ScriptedImporter)
[Worker0] Start importing Packages/com.unity.render-pipelines.core/Runtime/Vrs/Shaders using Guid(77658d0b0e15bb342a01e17ef1b2172a) Importer(2089858483,b0f066a214c2f5e87bad3c948f4d605d) 
[Worker0] (ScriptedImporter)
[Worker3]  -> (artifact id: '19640c4533754521b6d1b20f80e8ec25') in 0.011846 seconds
[Worker1] Start importing Packages/com.unity.2d.animation/Editor/Assets/EditorIcons/Selected/character_Mode@2x.png using Guid(5d52b20f865aff242bfcb08c3b6f61a5) Importer(2089858483,b0f066a214c2f5e87bad3c948f4d605d) 
[Worker1] (ScriptedImporter)
[Worker0]  -> (artifact id: '979e60c6c4e74757f6d8a110fc28549f') in 0.0045708 seconds
[Worker2] Start importing Packages/com.unity.shadergraph/Editor/Data/Nodes/Artistic/Blend using Guid(f85e7557d4bb9874882ec3fa3044a53e) Importer(2089858483,b0f066a214c2f5e87bad3c948f4d605d) 
[Worker2] (ScriptedImporter)
[Worker2]  -> (artifact id: 'f9f7f240b2b2d07cbc4d270846849eed') in 0.0040829 seconds
[Worker1]  -> (artifact id: '86e00081cee98f93fc2f98d597cb42ab') in 0.0108939 seconds
[Worker0] Start importing Packages/com.unity.test-framework/UnityEngine.TestRunner/NUnitExtensions/Commands using Guid(6b72875690e0f7343911e06af3145bd5) Importer(2089858483,b0f066a214c2f5e87bad3c948f4d605d) 
[Worker0] (ScriptedImporter)
[Worker3] Start importing Packages/com.unity.2d.animation/Editor/Assets/EditorIcons/Dark/d_Generate_Weights@3x.png using Guid(d0e92ddf428f3da4abe78b8ef60e2a84) Importer(2089858483,b0f066a214c2f5e87bad3c948f4d605d) 
[Worker3] (ScriptedImporter)
[Worker0]  -> (artifact id: '062b1db871980244b2218c0d7a90f397') in 0.0026563 seconds
[Worker3]  -> (artifact id: '8e4f174df5191f9d9e11ad117afe1167') in 0.0118511 seconds
[Worker2] Start importing Assets/EmeraldBunny/Generated/Meshes/chair_all_lower_fixed.asset using Guid(4f65079fdeb2e6c49b882e900b9b5194) Importer(2089858483,b0f066a214c2f5e87bad3c948f4d605d) 
[Worker2] (ScriptedImporter)
[Worker2]  -> (artifact id: 'a004a78cefdede21c7d741104721f46b') in 0.004483 seconds
[Worker1] Start importing Packages/com.unity.2d.animation/Editor/Assets/EditorIcons/Selected/Generate_Geometry@2x.png using Guid(114d4aa7bb14433489b942bb28ff6183) Importer(2089858483,b0f066a214c2f5e87bad3c948f4d605d) 
[Worker1] (ScriptedImporter)
[Worker0] Start importing Packages/com.unity.shadergraph/Editor/Extensions using Guid(f57abe45f65794ead8ea70a427e17eb7) Importer(2089858483,b0f066a214c2f5e87bad3c948f4d605d) 
[Worker0] (ScriptedImporter)
[Worker1]  -> (artifact id: '253dcdd258831f5659d7b47620b75426') in 0.0078438 seconds
[Worker0]  -> (artifact id: '2c32ee5de7efe18c32c67305f4564997') in 0.0031832 seconds
[Worker3] Start importing Packages/com.unity.2d.common/Runtime/InternalBridge using Guid(de9233595819db54faa3b4122efb128c) Importer(2089858483,b0f066a214c2f5e87bad3c948f4d605d) 
[Worker3] (ScriptedImporter)
[Worker3]  -> (artifact id: 'a5fe0f1102b9df8f38212152d53d45ee') in 0.0034296 seconds
[Worker2] Start importing Packages/com.unity.2d.animation/Editor/Assets/EditorIcons/Light/Generate_Weights@3x.png using Guid(ed5ce024c84dbdb42ac5037d03e7c039) Importer(2089858483,b0f066a214c2f5e87bad3c948f4d605d) 
[Worker2] (ScriptedImporter)
[Worker0] Start importing Packages/com.unity.shadergraph/Editor/Resources/Styles/Controls using Guid(e4de09b690b402c4bab6110751305df5) Importer(2089858483,b0f066a214c2f5e87bad3c948f4d605d) 
[Worker0] (ScriptedImporter)
[Worker1] Start importing Packages/com.unity.2d.animation/Editor/Assets/SkinningModule/VisibilityToolWindow.uxml using Guid(7c5cb5d0bb89666419fa44a3e64ed366) Importer(2089858483,b0f066a214c2f5e87bad3c948f4d605d) 
[Worker1] (ScriptedImporter)
[Worker0]  -> (artifact id: '69808c6b153ec85e61340d8565b5bcad') in 0.0030959 seconds
[Worker2]  -> (artifact id: 'e8ea677e1cc956aab210cd9c8b0c064d') in 0.0095131 seconds
[Worker1]  -> (artifact id: 'a2db780031306421a0bc1df0b9c37d0d') in 0.0070509 seconds
[Worker3] Start importing Assets/Scripts/Resonance.App/Battle/BattleHud.cs using Guid(7c4e91a2b8d64f0e9a1c3d5e7f90b2a4) Importer(2089858483,b0f066a214c2f5e87bad3c948f4d605d) 
[Worker3] (ScriptedImporter)
[Worker3]  -> (artifact id: 'b4b64c690c9f2dda8fdf2c7fa9162822') in 0.0039978 seconds
[Worker1] Start importing Packages/com.unity.2d.animation/Editor/Assets/EditorIcons/Dark/d_Create_Vertex.png using Guid(efe4b927ec825b242bf70d64c4258c1e) Importer(2089858483,b0f066a214c2f5e87bad3c948f4d605d) 
[Worker1] (ScriptedImporter)
[Worker2] Start importing Packages/com.unity.2d.animation/Editor/Assets/ComponentIcons/d_Animation.SpriteLibrary.png using Guid(4d3519975d99540eba1637a8a3e58f11) Importer(2089858483,b0f066a214c2f5e87bad3c948f4d605d) 
[Worker2] (ScriptedImporter)
[Worker1]  -> (artifact id: 'a3549897952088ebbec666387e2115b3') in 0.0063644 seconds
[Worker0] Start importing Packages/com.unity.shadergraph/Editor/Resources/Styles using Guid(5f393962fcae179489132b01f969bb6e) Importer(2089858483,b0f066a214c2f5e87bad3c948f4d605d) 
[Worker3] Start importing Packages/com.unity.render-pipelines.universal/Shaders using Guid(248877dd7078443d6b51abf21ee7d52a) Importer(2089858483,b0f066a214c2f5e87bad3c948f4d605d) 
[Worker0] (ScriptedImporter)
[Worker3] (ScriptedImporter)
[Worker3]  -> (artifact id: '3cf24dc0aaafd62b88ebaa810b1d47d8') in 0.0037073 seconds
[Worker0]  -> (artifact id: 'c9b4206be7d6f64fa1500b0d5cbbe30b') in 0.0046689 seconds
[Worker2]  -> (artifact id: '68b657305b3219ba690d45a4d4cacfd2') in 0.0131605 seconds
[Worker1] Start importing Packages/com.unity.test-framework/UnityEditor.TestRunner/GUI/TestListTreeView using Guid(68cb547af0187634aad591a09c01cd5b) Importer(2089858483,b0f066a214c2f5e87bad3c948f4d605d) 
[Worker1] (ScriptedImporter)
[Worker1]  -> (artifact id: 'c5667155a6900e75a82bc73c7d77e7d9') in 0.0036694 seconds
[Worker3] Start importing Packages/com.unity.2d.animation/Editor/Assets/ComponentIcons/d_Animation.SpriteSkin@256.png using Guid(1e7881f6af9ad4c0eb01def7f1b8a31b) Importer(2089858483,b0f066a214c2f5e87bad3c948f4d605d) 
[Worker3] (ScriptedImporter)
[Worker0] Start importing Packages/com.unity.2d.animation/Editor/Assets/EditorIcons/Light/Create Bones@3x.png using Guid(803b0b9bfc1fd824aae8423bfbab83b4) Importer(2089858483,b0f066a214c2f5e87bad3c948f4d605d) 
[Worker0] (ScriptedImporter)
[Worker3]  -> (artifact id: 'd340f058b326322ff46a223b9e9a318f') in 0.0097254 seconds
[Worker2] Start importing Packages/com.unity.2d.animation/Editor/Assets/EditorIcons/Light/Parent_Bone.png using Guid(2972f301b2bf3dd46989677197b9a34d) Importer(2089858483,b0f066a214c2f5e87bad3c948f4d605d) 
[Worker2] (ScriptedImporter)
[Worker0]  -> (artifact id: '88fcee5b3b2557b8b6f07df7f55e7b54') in 0.0078053 seconds
[Worker2]  -> (artifact id: 'db43bbe129f1e7bd96bbca9087140349') in 0.0090951 seconds
[Worker1] Start importing Packages/com.unity.2d.animation/Editor/Assets/EditorIcons/Light/Weight_Brush@2x.png using Guid(17d3bf7425a0748489ce3633e38652db) Importer(2089858483,b0f066a214c2f5e87bad3c948f4d605d) 
[Worker1] (ScriptedImporter)
[Worker1]  -> (artifact id: '15c21fc3455a445628cd87a4ea499df3') in 0.0104917 seconds
[Worker3] Start importing Assets/EmeraldBunny/Art/chair_leg_right_lower_front.png using Guid(128f7881a01b5c249892afd913df6791) Importer(2089858483,b0f066a214c2f5e87bad3c948f4d605d) 
[Worker3] (ScriptedImporter)
[Worker0] Start importing Packages/com.unity.2d.animation/Editor/Assets/ComponentIcons/Animation.IKCCD.png using Guid(affd7e74f3f7b465ea861fbf1651b73b) Importer(2089858483,b0f066a214c2f5e87bad3c948f4d605d) 
[Worker0] (ScriptedImporter)
[Worker3]  -> (artifact id: '8b5d13a752bc76c18ced7cf726cb8592') in 0.0071502 seconds
[Worker2] Start importing Packages/com.unity.render-pipelines.universal/Tests/Editor using Guid(64cd425d88561ea488dfaf36cceaac01) Importer(2089858483,b0f066a214c2f5e87bad3c948f4d605d) 
[Worker2] (ScriptedImporter)
[Worker0]  -> (artifact id: 'e2d02b2328897eee175ec4d7be22151e') in 0.0082364 seconds
[Worker2]  -> (artifact id: 'd59d6965bd6d07cf5c28308063b17d41') in 0.0032678 seconds
[Worker1] Start importing Packages/com.unity.2d.animation/Editor/Assets/SpriteLibraryEditor/CategoriesTab.uss using Guid(406d759682a9c4fd6b4363091ea2ed90) Importer(2089858483,b0f066a214c2f5e87bad3c948f4d605d) 
[Worker1] (ScriptedImporter)
[Worker1]  -> (artifact id: '969f7dacf9e73149c8a07d1bd6c42da6') in 0.0044138 seconds
[Worker3] Start importing Packages/com.unity.test-framework/UnityEditor.TestRunner/TestLaunchers using Guid(d64d92e4f04a13e4b99ea8d48e9e8ae9) Importer(2089858483,b0f066a214c2f5e87bad3c948f4d605d) 
[Worker3] (ScriptedImporter)
[Worker3]  -> (artifact id: '7eafde5071376cd45f75bb28506f11e3') in 0.003624 seconds
[Worker0] Start importing Packages/com.unity.2d.sprite/Editor/ObjectMenuCreation/DefaultAssets/Textures/v2/Square.png using Guid(311925a002f4447b3a28927169b83ea6) Importer(2089858483,b0f066a214c2f5e87bad3c948f4d605d) 
[Worker0] (ScriptedImporter)
[Worker2] Start importing Packages/com.unity.render-pipelines.universal/Editor/ShaderGraph/Nodes using Guid(6979e5ac3dcd9e147be8acbcea517686) Importer(2089858483,b0f066a214c2f5e87bad3c948f4d605d) 
[Worker2] (ScriptedImporter)
[Worker2]  -> (artifact id: '41ec6e340c2858154e42f9da13344a6e') in 0.0035988 seconds
[Worker1] Start importing Packages/com.unity.2d.common/Runtime/InternalBridge/InternalBridgeDef.asmdef using Guid(e4b228dab700203488a7c7d474a25838) Importer(2089858483,b0f066a214c2f5e87bad3c948f4d605d) 
[Worker1] (ScriptedImporter)
[Worker0]  -> (artifact id: '12dfdfe78dc3567cc58255b32f02ac4e') in 0.0097052 seconds
[Worker1]  -> (artifact id: '05b8f1ff1df1b54b06b5b3905e94d0cb') in 0.0028082 seconds
[Worker3] Start importing Packages/com.unity.2d.animation/Editor/Assets/ComponentIcons/d_Animation.SpriteLibrary.asset using Guid(67c59659677c64521a754356d551b44f) Importer(2089858483,b0f066a214c2f5e87bad3c948f4d605d) 
[Worker3] (ScriptedImporter)
[Worker2] Start importing Packages/com.unity.2d.animation/Editor/Assets/EditorIcons/Dark/d_Visibility_Hidded.png using Guid(331d72d503bf74243aa04430504cee09) Importer(2089858483,b0f066a214c2f5e87bad3c948f4d605d) 
[Worker2] (ScriptedImporter)
[Worker1] Start importing Packages/com.unity.render-pipelines.universal/Runtime/RenderPipelineResources using Guid(d86f66a14510ebf4f84c0ffa4837791d) Importer(2089858483,b0f066a214c2f5e87bad3c948f4d605d) 
[Worker3]  -> (artifact id: 'ffb06c4b5d5bf4a4b841b6b9ddaf1066') in 0.0112369 seconds
[Worker1] (ScriptedImporter)
[Worker0] Start importing Assets/Scripts/Resonance.Battle/Core/Enums.cs using Guid(88ec3f6cf65032f4494a1c4111937032) Importer(2089858483,b0f066a214c2f5e87bad3c948f4d605d) 
[Worker0] (ScriptedImporter)
[Worker0]  -> (artifact id: '9422cbb857d700663e4a8631415f4505') in 0.0066442 seconds
[Worker2]  -> (artifact id: '2f68445450396b3c751923790e635e75') in 0.0155951 seconds
[Worker1]  -> (artifact id: 'cd8cd7fb12ee2cef6a3875e22e6a9f41') in 0.0130544 seconds
[Worker3] Start importing Packages/com.unity.2d.animation/Editor/Assets/EditorIcons/Light/Visibility_Hidded@4x.png using Guid(f469f8253737d534ca7809ae6f0d2422) Importer(2089858483,b0f066a214c2f5e87bad3c948f4d605d) 
[Worker3] (ScriptedImporter)
[Worker3]  -> (artifact id: '673b490c388a1c508290fbba7d04b8ca') in 0.0120822 seconds
[Worker0] Start importing Packages/com.unity.2d.animation/Runtime using Guid(b5e13ffaa298c414091b9cdb6e0c2b9c) Importer(2089858483,b0f066a214c2f5e87bad3c948f4d605d) 
[Worker0] (ScriptedImporter)
[Worker1] Start importing Packages/com.unity.render-pipelines.universal/Editor/Camera using Guid(6f5387037edf18a478a9701e9ddf3fcc) Importer(2089858483,b0f066a214c2f5e87bad3c948f4d605d) 
[Worker1] (ScriptedImporter)
[Worker0]  -> (artifact id: 'f258da7e3b163c64dbb34bc7392e2385') in 0.0041279 seconds
[Worker1]  -> (artifact id: '84001a91f9e7fa1c4f9aa9b292534859') in 0.0035727 seconds
[Worker2] Start importing Assets/EmeraldBunny/Generated/Materials/collar_right.mat using Guid(c163195e19559d849a6add0b4233d2dd) Importer(2089858483,b0f066a214c2f5e87bad3c948f4d605d) 
[Worker2] (ScriptedImporter)
[Worker2]  -> (artifact id: '66c4489d4d6e534df2e8b85a6d0cea2b') in 0.0045984 seconds
[Worker3] Start importing Assets/EmeraldBunny/Generated/Meshes/toeGround5_lower_rear.asset using Guid(6724a77628f113f40ad9026e4f891cec) Importer(2089858483,b0f066a214c2f5e87bad3c948f4d605d) 
[Worker3] (ScriptedImporter)
[Worker3]  -> (artifact id: '2b77a3122a2041eaaea34bbd961f0a62') in 0.0052578 seconds
[Worker0] Start importing Packages/com.unity.2d.animation/Editor/Assets/EditorIcons/Light/Paste@4x.png using Guid(f53eca637c0194e4ab6729cf60753757) Importer(2089858483,b0f066a214c2f5e87bad3c948f4d605d) 
[Worker0] (ScriptedImporter)
[Worker2] Start importing Packages/com.unity.render-pipelines.core/Editor/Lighting/LightUnit using Guid(942737965ad5c034997de550e1c26ff1) Importer(2089858483,b0f066a214c2f5e87bad3c948f4d605d) 
[Worker2] (ScriptedImporter)
[Worker2]  -> (artifact id: 'a5e54ec924c3943f2fadcbf12023c510') in 0.0027698 seconds
[Worker1] Start importing Packages/com.unity.ugui/Editor/TMP/HDRP using Guid(eecc124dc0b994047aac97ccf8c8ed0a) Importer(2089858483,b0f066a214c2f5e87bad3c948f4d605d) 
[Worker1] (ScriptedImporter)
[Worker0]  -> (artifact id: '62aae470bd7982e95b376347f4f837d4') in 0.0099871 seconds
[Worker1]  -> (artifact id: '566d3f94fd2713418f5bf9010cb20305') in 0.0026844 seconds
[Worker3] Start importing Assets/EmeraldBunny/Generated/Materials/chair_front.mat using Guid(f493a23c46817204dbf90e9ac4dcd0fd) Importer(2089858483,b0f066a214c2f5e87bad3c948f4d605d) 
[Worker3] (ScriptedImporter)
[Worker3]  -> (artifact id: 'b5db9afb72e566ba86be914e8e58cc4f') in 0.0065704 seconds
[Worker2] Start importing Packages/com.unity.mathematics/Unity.Mathematics/Properties using Guid(d3e017d9ad3f00a4c9e234b0236911b7) Importer(2089858483,b0f066a214c2f5e87bad3c948f4d605d) 
[Worker2] (ScriptedImporter)
[Worker2]  -> (artifact id: 'b297d88074abd660373b72825fdc973c') in 0.0042785 seconds
[Worker3] Start importing Packages/com.unity.2d.animation/Editor/Assets/EditorIcons/Dark/d_Bone_Influence.png using Guid(c037c4c58e8d8c34ca9bf121abb7ee49) Importer(2089858483,b0f066a214c2f5e87bad3c948f4d605d) 
[Worker1] Start importing Assets/EmeraldBunny/Generated/Meshes/toeAir1_lower_front.asset using Guid(42c13cda8ff68464dbcbed317361015b) Importer(2089858483,b0f066a214c2f5e87bad3c948f4d605d) 
[Worker1] (ScriptedImporter)
[Worker3] (ScriptedImporter)
[Worker0] Start importing Packages/com.unity.render-pipelines.universal/Shaders/Terrain using Guid(cf2defa266cfe43e59a7230ff55c6107) Importer(2089858483,b0f066a214c2f5e87bad3c948f4d605d) 
[Worker0] (ScriptedImporter)
[Worker1]  -> (artifact id: '0eda878399d6a9ddc939cd1d602bb9b5') in 0.0048253 seconds
[Worker0]  -> (artifact id: '5067e8b90dc43968a7acbcef95979d15') in 0.0024396 seconds
[Worker3]  -> (artifact id: '2df19044c635cb1ec31b9ffa2574f2ae') in 0.0094046 seconds
[Worker2] Start importing Packages/com.unity.modules.imageconversion using Guid(850c54ee0b9e1aa740b1c67792eb1f26) Importer(2089858483,b0f066a214c2f5e87bad3c948f4d605d) 
[Worker2] (ScriptedImporter)
[Worker2]  -> (artifact id: 'a3ea4f0af6b8da1141a85d4c3e43d84e') in 0.0028897 seconds
[Worker1] Start importing Assets/EmeraldBunny/Generated/Meshes/leg_front_knee_lower_rear.asset using Guid(85861fec87850604691466344d35abad) Importer(2089858483,b0f066a214c2f5e87bad3c948f4d605d) 
[Worker1] (ScriptedImporter)
[Worker0] Start importing Packages/com.unity.2d.common/Editor/InternalBridge/InternalBridgeDef.asmdef using Guid(ce6baade223984afda3f24c7fca12584) Importer(2089858483,b0f066a214c2f5e87bad3c948f4d605d) 
[Worker0] (ScriptedImporter)
[Worker0]  -> (artifact id: '9a1c94d71fac9e998f787e806ddf6b40') in 0.0040598 seconds
[Worker1]  -> (artifact id: '30991a5dfe65e146ca3a34eeda3a4d75') in 0.0051846 seconds
[Worker3] Start importing Assets/EmeraldBunny/Generated/Materials/spread_front_toe_2.mat using Guid(7495ce0f53dd61a45a6e910cbd24355f) Importer(2089858483,b0f066a214c2f5e87bad3c948f4d605d) 
[Worker3] (ScriptedImporter)
[Worker3]  -> (artifact id: 'd3bb3ba59e184258d880a113bd1f7793') in 0.0057387 seconds
[Worker2] Start importing Packages/com.unity.2d.animation/Editor/Assets/EditorIcons/Selected/d_Visibility_Hidded@2x.png using Guid(1a2673cb12e2ed1459bc6ab5dad05aae) Importer(2089858483,b0f066a214c2f5e87bad3c948f4d605d) 
[Worker2] (ScriptedImporter)
[Worker2]  -> (artifact id: '134d80977c719466b710ea3617151be2') in 0.0070766 seconds
[Worker1] Start importing Assets/EmeraldBunny/Generated/Materials/arm_left_upper.mat using Guid(11d4e9c3a87f9244aa75caa8f746a3c6) Importer(2089858483,b0f066a214c2f5e87bad3c948f4d605d) 
[Worker1] (ScriptedImporter)
[Worker1]  -> (artifact id: '5424713cababc5af95e7005492b1d301') in 0.0054712 seconds
[Worker0] Start importing Packages/com.unity.render-pipelines.core/Tests/Editor/Analytics using Guid(1b3ed7ed96f03fb41af34f1c2e6a1fff) Importer(2089858483,b0f066a214c2f5e87bad3c948f4d605d) 
[Worker0] (ScriptedImporter)
[Worker0]  -> (artifact id: 'b19a3167835dc0d12a55947721cc37e1') in 0.0033434 seconds
[Worker3] Start importing Packages/com.unity.render-pipelines.core/Tests/Editor/Debugging using Guid(b8f37e7cf15bcc1419f4622045f6e075) Importer(2089858483,b0f066a214c2f5e87bad3c948f4d605d) 
[Worker3] (ScriptedImporter)
[Worker3]  -> (artifact id: '8b859337fb144afdb4c76a4dcb9b8696') in 0.0032705 seconds
[Worker2] Start importing Packages/com.unity.2d.animation/Editor/Assets/EditorIcons/Light/Parent_Bone@2x.png using Guid(fc9e5a25e0610a347b46fd10daa3f0cd) Importer(2089858483,b0f066a214c2f5e87bad3c948f4d605d) 
[Worker2] (ScriptedImporter)
[Worker2]  -> (artifact id: 'd77b0628d8b1291cf9e1522e82aaedb8') in 0.0086889 seconds
[Worker1] Start importing Packages/com.unity.shadergraph/Editor/Generation/Enumerations using Guid(d0cb1fc17ee65684592babcd1dba61b9) Importer(2089858483,b0f066a214c2f5e87bad3c948f4d605d) 
[Worker1] (ScriptedImporter)
[Worker1]  -> (artifact id: '5cd9bc602dd5a6c3f2a4fc04f0c5495c') in 0.0030451 seconds
[Worker0] Start importing Packages/com.unity.ugui/Runtime/UGUI/UI using Guid(742654cad2425334696ba6ed4495cfef) Importer(2089858483,b0f066a214c2f5e87bad3c948f4d605d) 
[Worker0] (ScriptedImporter)
[Worker3] Start importing Assets/EmeraldBunny/Art/blink_closed.png using Guid(fe2813f63bf4fea40813dd4951192e60) Importer(2089858483,b0f066a214c2f5e87bad3c948f4d605d) 
[Worker3] (ScriptedImporter)
[Worker0]  -> (artifact id: '7df06ead3aa267a199dfb4735435badc') in 0.0034054 seconds
[Worker3]  -> (artifact id: '94c257018d32bbf82a7a172521009c82') in 0.0067064 seconds
[Worker2] Start importing Assets/EmeraldBunny/EmeraldBunny.prefab using Guid(fdb2ecd82dbb4c945a524b4e768eb1f7) Importer(2089858483,b0f066a214c2f5e87bad3c948f4d605d) 
[Worker2] (ScriptedImporter)
[Worker1] Start importing Packages/com.unity.2d.animation/Editor/Assets/EditorIcons/Dark/d_EditorUI.Filter@2x.png using Guid(fda2e829442ad4c0d875a0f52dd3a487) Importer(2089858483,b0f066a214c2f5e87bad3c948f4d605d) 
[Worker1] (ScriptedImporter)
[Worker0] Start importing Packages/com.unity.shadergraph/Editor/Data/Nodes/Input/Matrix using Guid(278936628273864438e48ff64aa20e32) Importer(2089858483,b0f066a214c2f5e87bad3c948f4d605d) 
[Worker0] (ScriptedImporter)
[Worker0]  -> (artifact id: '3f2f0d05534ace9883866ed4f2a7708c') in 0.0030541 seconds
[Worker1]  -> (artifact id: '48cb93d00efdb4f099e00ab5147e998c') in 0.0084785 seconds
[Worker3] Start importing Packages/com.unity.2d.animation/Editor/Assets/EditorIcons/Light/SetPivot32.png using Guid(2a637fd14bfd64d0e965e4c9e4a7d8b6) Importer(2089858483,b0f066a214c2f5e87bad3c948f4d605d) 
[Worker3] (ScriptedImporter)
[Worker3]  -> (artifact id: '0993b6dc8fe3a04cad4ead9d1128f7e8') in 0.00807 seconds
[Worker0] Start importing Packages/com.unity.render-pipelines.core/Editor/Gizmo using Guid(bce47e7c42ffde449812bbbf027555d7) Importer(2089858483,b0f066a214c2f5e87bad3c948f4d605d) 
[Worker0] (ScriptedImporter)
[Worker1] Start importing Packages/com.unity.2d.animation/Editor/Assets/EditorIcons using Guid(c8b0f0078e4484470b202573e8792195) Importer(2089858483,b0f066a214c2f5e87bad3c948f4d605d) 
[Worker1] (ScriptedImporter)
[Worker0]  -> (artifact id: '84a30a79502733bd982cfdef0baa019b') in 0.0036544 seconds
[Worker1]  -> (artifact id: 'f3b982a05ea265a4fc9ec1fd243f6541') in 0.0038681 seconds
[Worker3] Start importing Packages/com.unity.2d.animation/Editor/Assets/ComponentIcons/Animation.SpriteLibraryVar.png using Guid(0490d28a1206e4c4cb4954be7b678980) Importer(2089858483,b0f066a214c2f5e87bad3c948f4d605d) 
[Worker3] (ScriptedImporter)
[Worker3]  -> (artifact id: '4c9617bc455598f0af136e48f440ee45') in 0.0087826 seconds
[Worker0] Start importing Packages/com.unity.2d.animation/Editor/Assets/SkinningModule/VisibilityToolbar.uxml using Guid(2cea33b1d0032174c8833d64fbf31529) Importer(2089858483,b0f066a214c2f5e87bad3c948f4d605d) 
[Worker0] (ScriptedImporter)
[Worker1] Start importing Packages/com.unity.collections/Unity.Collections.Editor using Guid(d1e9e4c1f536d9246ac795d9abc62342) Importer(2089858483,b0f066a214c2f5e87bad3c948f4d605d) 
[Worker1] (ScriptedImporter)
[Worker0]  -> (artifact id: '608425690b14b1bb9658d6bc722d9006') in 0.0082029 seconds
[Worker1]  -> (artifact id: '42c4a71303e78b788c8fee4926366155') in 0.0038324 seconds
[Worker3] Start importing Packages/com.unity.modules.subsystems using Guid(56b94a5b6990c879bb0f057719d1064b) Importer(2089858483,b0f066a214c2f5e87bad3c948f4d605d) 
[Worker3] (ScriptedImporter)
[Worker3]  -> (artifact id: '499ef4551d7a8f57c190e1a4c35cad2c') in 0.0036118 seconds
[Worker0] Start importing Packages/com.unity.2d.common/Path/Editor/IMGUI using Guid(20d7e6a9292a84bd8b4203d8ab17a629) Importer(2089858483,b0f066a214c2f5e87bad3c948f4d605d) 
[Worker0] (ScriptedImporter)
[Worker1] Start importing Packages/com.unity.2d.common/Editor/InternalBridge/Deprecated/SpriteEditorModuleModeBase_Deprecated.cs using Guid(9d228317a1774b8c825eda32e0290f48) Importer(2089858483,b0f066a214c2f5e87bad3c948f4d605d) 
[Worker1] (ScriptedImporter)
[Worker0]  -> (artifact id: '919061458950bd666fc6182fe21262ee') in 0.0042076 seconds
[Worker1]  -> (artifact id: '4760e6a1a432c3161ff7c99130e81b7b') in 0.0032232 seconds
[Worker3] Start importing Assets/Resources/Art/Characters/C001/PuppetMotion/PuppetFace.shader using Guid(9d0575e7dda13f44e9c4467bdced45e5) Importer(2089858483,b0f066a214c2f5e87bad3c948f4d605d) 
[Worker3] (ScriptedImporter)
[Worker3]  -> (artifact id: '49c0bbe423fedbfb1c633a73fc14fab7') in 0.0043621 seconds
[Worker2]  -> (artifact id: '976d65eb0f07cdf1c451e1a4c7610393') in 0.1348805 seconds
[Worker1] Start importing Packages/com.unity.2d.animation/Editor/Assets/ComponentIcons/Animation.SpriteSkin@128.png using Guid(5caee0ba7342b4b2cacdbe0e6030c7b0) Importer(2089858483,b0f066a214c2f5e87bad3c948f4d605d) 
[Worker1] (ScriptedImporter)
[Worker0] Start importing Assets/EmeraldBunny/Generated/Materials/chair_base.mat using Guid(c8236241102a1654bb23a37836e5601f) Importer(2089858483,b0f066a214c2f5e87bad3c948f4d605d) 
[Worker0] (ScriptedImporter)
[Worker1]  -> (artifact id: 'c97aeff02232762ba6a504853379cd08') in 0.0096893 seconds
[Worker0]  -> (artifact id: '83c178c84a344aac80335e5790d993dc') in 0.00631 seconds
[Worker3] Start importing Packages/com.unity.2d.sprite/Editor/SpriteEditorModule/SpriteFrameModule/Overlay using Guid(108014601e234997bd271b3b9a1991d0) Importer(2089858483,b0f066a214c2f5e87bad3c948f4d605d) 
[Worker3] (ScriptedImporter)
[Worker3]  -> (artifact id: '2c8aa3daa230b56a937723c983eeca2a') in 0.0043225 seconds
[Worker2] Start importing Packages/com.unity.ext.nunit using Guid(aa43149513e0d0ab612ac9968c8a459c) Importer(2089858483,b0f066a214c2f5e87bad3c948f4d605d) 
[Worker2] (ScriptedImporter)
[Worker2]  -> (artifact id: 'fa685c1a3e46600f11334fc0d5cec4dc') in 0.0042557 seconds
[Worker1] Start importing Assets/EmeraldBunny/Generated/Materials/chair_base_lower_front.mat using Guid(00a683a8fab772d4494bfc84d45113bd) Importer(2089858483,b0f066a214c2f5e87bad3c948f4d605d) 
[Worker1] (ScriptedImporter)
[Worker0] Start importing Packages/com.unity.render-pipelines.universal/Editor/2D using Guid(b3fb8b56aca55544ca9b8d53bc19e031) Importer(2089858483,b0f066a214c2f5e87bad3c948f4d605d) 
[Worker0] (ScriptedImporter)
[Worker1]  -> (artifact id: 'bc101034ca0fcb265b616f2364bed3d5') in 0.0053482 seconds
[Worker0]  -> (artifact id: 'a7e4ef3a3b77e789d51a769405244afa') in 0.0042131 seconds
[Worker3] Start importing Packages/com.unity.ugui/Runtime/UGUI using Guid(1817d28a5343b4ec19b4ec7903730e2c) Importer(2089858483,b0f066a214c2f5e87bad3c948f4d605d) 
[Worker3] (ScriptedImporter)
[Worker3]  -> (artifact id: '32f51065d4e0e642cdfcdd08fd4efdf7') in 0.0032273 seconds
[Worker2] Start importing Packages/com.unity.2d.animation/Editor/Assets/AssetUpgrader/AssetUpgrader.uxml using Guid(a0573d1ee775943adb00717b348bf967) Importer(2089858483,b0f066a214c2f5e87bad3c948f4d605d) 
[Worker2] (ScriptedImporter)
[Worker2]  -> (artifact id: 'f4a882054828db1241fc40501e4dd225') in 0.0119667 seconds
[Worker0] Start importing Packages/com.unity.render-pipelines.universal/Runtime/RendererFeatures/SurfaceCacheGI using Guid(e25bb11ca8db4cf4c8c43aa44f544dc1) Importer(2089858483,b0f066a214c2f5e87bad3c948f4d605d) 
[Worker1] Start importing Packages/com.unity.render-pipelines.universal/Runtime/2D/UTess2D using Guid(78adb7be6764d484eaae877fcfac7bd4) Importer(2089858483,b0f066a214c2f5e87bad3c948f4d605d) 
[Worker0] (ScriptedImporter)
[Worker1] (ScriptedImporter)
[Worker1]  -> (artifact id: 'b0eb62066372afcc334800d74de93dd3') in 0.0041872 seconds
[Worker0]  -> (artifact id: '23bea801a350a678b17d80c482579a56') in 0.0044606 seconds
[Worker3] Start importing Packages/com.unity.modules.cloth using Guid(c4df1124e2787ee0c8d1a911de17ee73) Importer(2089858483,b0f066a214c2f5e87bad3c948f4d605d) 
[Worker3] (ScriptedImporter)
[Worker3]  -> (artifact id: 'b16d47f0622b400b974f52c8131edcaf') in 0.0031532 seconds
[Worker2] Start importing Assets/EmeraldBunny/Generated/Meshes/fingerR_index.asset using Guid(01e6b70ba01315d4d893b900869dff20) Importer(2089858483,b0f066a214c2f5e87bad3c948f4d605d) 
[Worker2] (ScriptedImporter)
[Worker1] Start importing Assets/EmeraldBunny/Art/toeAir4_lower_front.png using Guid(277df781d76524b44af62ccd27a442da) Importer(2089858483,b0f066a214c2f5e87bad3c948f4d605d) 
[Worker2]  -> (artifact id: '150464948523fc987503b0ff11cef3cc') in 0.0061341 seconds
[Worker1] (ScriptedImporter)
[Worker0] Start importing Assets/Scripts/Resonance.App/Battle/Vfx/VfxLevelUp.cs using Guid(b29b413a36160734daa414c99da7485d) Importer(2089858483,b0f066a214c2f5e87bad3c948f4d605d) 
[Worker0] (ScriptedImporter)
[Worker1]  -> (artifact id: 'e363ecf5f9f9d65aa6b4eb09b7924e15') in 0.0084114 seconds
[Worker0]  -> (artifact id: 'fad7bed5dbd4160f94ace7386b9b098a') in 0.0040503 seconds
[Worker3] Start importing Packages/com.unity.render-pipelines.core/Runtime/CommandBuffers using Guid(b28b41cdfaae53042830c0db923255d7) Importer(2089858483,b0f066a214c2f5e87bad3c948f4d605d) 
[Worker3] (ScriptedImporter)
[Worker3]  -> (artifact id: '29122aa33bfd2ceeda01118e6016df85') in 0.0038425 seconds
[Worker2] Start importing Packages/com.unity.2d.animation/Editor/Assets/EditorIcons/Selected/Bone_Influence@4x.png using Guid(daf2ab606d4db0d4f9ecf4c02137d2a8) Importer(2089858483,b0f066a214c2f5e87bad3c948f4d605d) 
[Worker2] (ScriptedImporter)
[Worker2]  -> (artifact id: 'ffeb80c712ab176eeb2159ccfb79eaa6') in 0.0106011 seconds
[Worker1] Start importing Assets/EmeraldBunny/Generated/Meshes/hair_leftside.asset using Guid(2d47bd8cff77d024b98c5fbcb99bf7c7) Importer(2089858483,b0f066a214c2f5e87bad3c948f4d605d) 
[Worker1] (ScriptedImporter)
[Worker0] Start importing Packages/com.unity.2d.animation/Editor/Assets/EditorIcons/Selected/d_Mesh@3x.png using Guid(e79a9e9d6396eba438900afb0357e808) Importer(2089858483,b0f066a214c2f5e87bad3c948f4d605d) 
[Worker0] (ScriptedImporter)
[Worker1]  -> (artifact id: 'e183ecf95f2f4bf5877f141654f661dc') in 0.0048098 seconds
[Worker0]  -> (artifact id: 'b5253b93f90fbb9a7eb2912364f5cdc7') in 0.0094142 seconds
[Worker3] Start importing Packages/com.unity.2d.common/Path/Editor/Handles/Path/pointNormal.png using Guid(2792173d76a5f4d2ebe800b6b4b096cf) Importer(2089858483,b0f066a214c2f5e87bad3c948f4d605d) 
[Worker3] (ScriptedImporter)
[Worker3]  -> (artifact id: '78467ba82157a46f9f26d666cb15f6c7') in 0.0104533 seconds
[Worker1] Start importing Packages/com.unity.render-pipelines.core/Runtime/Sampling using Guid(b6ee28fd674c77340a2b3b8f7a32e0da) Importer(2089858483,b0f066a214c2f5e87bad3c948f4d605d) 
[Worker1] (ScriptedImporter)
[Worker2] Start importing Packages/com.unity.2d.animation/Editor/Assets/ComponentIcons/Animation.SpriteLibraryVar On@32.png using Guid(2a8bf227319d4421f91d9375e3ae59bf) Importer(2089858483,b0f066a214c2f5e87bad3c948f4d605d) 
[Worker2] (ScriptedImporter)
[Worker1]  -> (artifact id: 'f50e7896215bede78ce2d0dbaef88513') in 0.0026875 seconds
[Worker0] Start importing Packages/com.unity.render-pipelines.universal/Editor/ShaderGraph using Guid(ae1e56b12b01f3b4d9c9bb9d7154d97f) Importer(2089858483,b0f066a214c2f5e87bad3c948f4d605d) 
[Worker0] (ScriptedImporter)
[Worker0]  -> (artifact id: '318464e854fbaee39a283323387ccc91') in 0.0041935 seconds
[Worker2]  -> (artifact id: '856f1cd1e3f5ada92cbb2441dfca16f3') in 0.0121643 seconds
[Worker3] Start importing Packages/com.unity.2d.animation/Editor/Assets/EditorIcons/Dark/d_Edit_Joints@3x.png using Guid(e76bc39dceb8b72439432f8679056c92) Importer(2089858483,b0f066a214c2f5e87bad3c948f4d605d) 
[Worker3] (ScriptedImporter)
[Worker1] Start importing Assets/Plugins using Guid(a5a4e3a99c054e341834293ec3dfb6d9) Importer(2089858483,b0f066a214c2f5e87bad3c948f4d605d) 
[Worker1] (ScriptedImporter)
[Worker3]  -> (artifact id: '36fe96f8f1406f1414933274962a587b') in 0.0099153 seconds
[Worker1]  -> (artifact id: '64332f291e165b66399844da2c944490') in 0.0051323 seconds
[Worker0] Start importing Packages/com.unity.ugui/Runtime/UGUI/EventSystem/Raycasters using Guid(46646a5562f14984690c85ee7b946bc9) Importer(2089858483,b0f066a214c2f5e87bad3c948f4d605d) 
[Worker0] (ScriptedImporter)
[Worker0]  -> (artifact id: '12029e597ec28dc6454394d243b3bca5') in 0.0037264 seconds
[Worker2] Start importing Packages/com.unity.2d.animation/Editor/Assets/EditorIcons/Light/Weight_Slider@2x.png using Guid(6306a4776b130304bba7a139fc1d2bb8) Importer(2089858483,b0f066a214c2f5e87bad3c948f4d605d) 
[Worker2] (ScriptedImporter)
[Worker3] Start importing Packages/com.unity.2d.animation/Editor/Assets/ComponentIcons/Animation.SpriteLibrary On@32.png using Guid(fad537f7b1df74e869915bbab4356a0f) Importer(2089858483,b0f066a214c2f5e87bad3c948f4d605d) 
[Worker3] (ScriptedImporter)
[Worker2]  -> (artifact id: 'cc551356e455c2488211fbf844cef824') in 0.0080812 seconds
[Worker1] Start importing Assets/Scripts/Resonance.App/Battle/Vfx/VfxBuffFloat.cs using Guid(57d0a508caae602438fc85d25ce27857) Importer(2089858483,b0f066a214c2f5e87bad3c948f4d605d) 
[Worker1] (ScriptedImporter)
[Worker1]  -> (artifact id: '515ecc47d3b96aff901b09cfc35b2408') in 0.0029973 seconds
[Worker3]  -> (artifact id: '4af6b8a644ec60207024108164eabee5') in 0.0100768 seconds
[Worker0] Start importing Packages/com.unity.2d.animation/Editor/Assets/SkinningModule/InfluenceWindow.uxml using Guid(5d2935f038257c44998f9aeec57d2ae7) Importer(2089858483,b0f066a214c2f5e87bad3c948f4d605d) 
[Worker0] (ScriptedImporter)
[Worker2] Start importing Assets/Inochi2D/Native/windows-x86_64 using Guid(0adfeba4cff8de443b5a6ef0b895048e) Importer(2089858483,b0f066a214c2f5e87bad3c948f4d605d) 
[Worker2] (ScriptedImporter)
[Worker0]  -> (artifact id: 'b1608270cabd8163c89c723017c2b659') in 0.009433 seconds
[Worker1] Start importing Packages/com.unity.render-pipelines.universal/Runtime/VFXGraph/Utility/PropertyBinders using Guid(fec7a2969fc9f3e428ddfeba3654b66a) Importer(2089858483,b0f066a214c2f5e87bad3c948f4d605d) 
[Worker2]  -> (artifact id: '7a5ede15e3a9ef08086a5499c3d40831') in 0.0032005 seconds
[Worker1] (ScriptedImporter)
[Worker1]  -> (artifact id: '1b17b3f076fda4679cbc1887af00a67f') in 0.0041708 seconds
[Worker3] Start importing Packages/com.unity.shadergraph/Editor/Data/Nodes/Channel using Guid(9e3d3d0ce68bbc843b9b8734ab8d4f02) Importer(2089858483,b0f066a214c2f5e87bad3c948f4d605d) 
[Worker3] (ScriptedImporter)
[Worker3]  -> (artifact id: '6235212bb78addf44e71909d49358af7') in 0.00369 seconds
[Worker0] Start importing Packages/com.unity.2d.animation/Editor/Assets/EditorIcons/Light/Paste.png using Guid(94cc0d3ec6363a94c8802f10ef239744) Importer(2089858483,b0f066a214c2f5e87bad3c948f4d605d) 
[Worker0] (ScriptedImporter)
[Worker2] Start importing Packages/com.unity.2d.common/Editor/InternalBridge/SpriteDataProviders using Guid(2ba1d7981c204540a706180aff4ec973) Importer(2089858483,b0f066a214c2f5e87bad3c948f4d605d) 
[Worker2] (ScriptedImporter)
[Worker2]  -> (artifact id: '9f7890f9c884d09d3a90bc422c46e438') in 0.003915 seconds
[Worker1] Start importing Packages/com.unity.shadergraph/Editor/Data/Nodes/Procedural/Noise using Guid(3f074934a38b41c4ea34460933733201) Importer(2089858483,b0f066a214c2f5e87bad3c948f4d605d) 
[Worker1] (ScriptedImporter)
[Worker1]  -> (artifact id: '3eebb9ecf944f28990302063496fd9b7') in 0.0024271 seconds
[Worker0]  -> (artifact id: '7b299caa7425ac9cf136e2c0a4c88a05') in 0.009038 seconds
[Worker3] Start importing Packages/com.unity.shadergraph/Editor/Generation/Targets/Fullscreen/Templates using Guid(c131f605e2f659045adf332f0f0f876f) Importer(2089858483,b0f066a214c2f5e87bad3c948f4d605d) 
[Worker3] (ScriptedImporter)
[Worker3]  -> (artifact id: '7fb1a9c614d6cdb1276b04f2dac7dc93') in 0.0030135 seconds
[Worker2] Start importing Packages/com.unity.2d.animation/Editor/Assets/EditorIcons/Dark/d_Visibility_Hidded@4x.png using Guid(36502ae6ddbac9e4dbf8fcd5889d661d) Importer(2089858483,b0f066a214c2f5e87bad3c948f4d605d) 
[Worker2] (ScriptedImporter)
[Worker0] Start importing Packages/com.unity.render-pipelines.core/Tests/Editor/Utilities using Guid(fba05ad04ca734045bd6708fb9c77773) Importer(2089858483,b0f066a214c2f5e87bad3c948f4d605d) 
[Worker1] Start importing Packages/com.unity.test-framework/UnityEngine.TestRunner using Guid(950890083f4907541a6ed06d70959e49) Importer(2089858483,b0f066a214c2f5e87bad3c948f4d605d) 
[Worker0] (ScriptedImporter)
[Worker1] (ScriptedImporter)
[Worker2]  -> (artifact id: 'eb6f029629ef0d24bd874f543563aeda') in 0.0088036 seconds
[Worker1]  -> (artifact id: 'c76a5df225bfd2aa2279f25bd2a3b158') in 0.0026208 seconds
[Worker0]  -> (artifact id: '48e98223291777b3417aa97f5f62be28') in 0.0038853 seconds
[Worker3] Start importing Assets/EmeraldBunny/Generated/Animations/Response.anim using Guid(ed5bba97850e35a4a9e3093154a2c00d) Importer(2089858483,b0f066a214c2f5e87bad3c948f4d605d) 
[Worker3] (ScriptedImporter)
[Worker1] Start importing Packages/com.unity.test-framework/UnityEditor.TestRunner/TestRun/Tasks/Player using Guid(94a6220ee1a442249702c9df66e0fe1b) Importer(2089858483,b0f066a214c2f5e87bad3c948f4d605d) 
[Worker1] (ScriptedImporter)
[Worker0] Start importing Packages/com.unity.ugui/Tests/Runtime/UGUI/Image using Guid(1091bc2ad06e3234aac2b2fa2841c09d) Importer(2089858483,b0f066a214c2f5e87bad3c948f4d605d) 
[Worker0] (ScriptedImporter)
[Worker2] Start importing Packages/com.unity.2d.sprite/package.json using Guid(7dc5f1e5d04ac8549ac21802071e983b) Importer(2089858483,b0f066a214c2f5e87bad3c948f4d605d) 
[Worker2] (ScriptedImporter)
[Worker1]  -> (artifact id: '488c4be04501a8029a15184481e80b9c') in 0.003473 seconds
[Worker0]  -> (artifact id: '6f1fe2d0061ded6678ff2b8e070daac8') in 0.0034256 seconds
[Worker2]  -> (artifact id: 'e9bbeaa5c8600a75585de965db2b7933') in 0.004464 seconds
[Worker1] Start importing Assets/EmeraldBunny/Generated/Materials/chair_all_lower_fixed.mat using Guid(2f02b59f7f13da649842cd0ed26d437e) Importer(2089858483,b0f066a214c2f5e87bad3c948f4d605d) 
[Worker1] (ScriptedImporter)
[Worker0] Start importing Assets/EmeraldBunny/Generated/Meshes/bow_left.asset using Guid(d9ed75fb24039664b8e6b4e2eeeb8d20) Importer(2089858483,b0f066a214c2f5e87bad3c948f4d605d) 
[Worker0] (ScriptedImporter)
[Worker2] Start importing Packages/com.unity.2d.animation/Editor/Assets/EditorIcons/Light/Create Bones@4x.png using Guid(f618c5fe13b18994aa5aee8b97d8dca1) Importer(2089858483,b0f066a214c2f5e87bad3c948f4d605d) 
[Worker2] (ScriptedImporter)
[Worker0]  -> (artifact id: '2131e1c7a1a616c2b68686170ca7b312') in 0.0041775 seconds
[Worker1]  -> (artifact id: '0c861913a1ec8f6f503a6f8d1383f989') in 0.0065127 seconds
[Worker2]  -> (artifact id: '46ab3e22c2a31a220d69898fb82fa8f1') in 0.0089065 seconds
[Worker3]  -> (artifact id: 'b999f096554857931604e987c3fc86d0') in 0.0595452 seconds
[Worker2] Start importing Packages/com.unity.render-pipelines.universal/Runtime/2D/Data/Textures using Guid(fea15e5ce57d36d489e00e9111e1c9ae) Importer(2089858483,b0f066a214c2f5e87bad3c948f4d605d) 
[Worker2] (ScriptedImporter)
[Worker2]  -> (artifact id: '8390c06e9785cbc411125ec60f4d93a3') in 0.0025201 seconds
[Worker0] Start importing Assets/EmeraldBunny/Generated/Materials/hair_righttip.mat using Guid(6259ba7d9ea3bcd4fb952fe661a6e5d6) Importer(2089858483,b0f066a214c2f5e87bad3c948f4d605d) 
[Worker0] (ScriptedImporter)
[Worker1] Start importing Packages/com.unity.2d.animation/Editor/Assets/EditorIcons/Light/SetPivot16.png using Guid(e7ae402e1190249f4a2be52eb7ec09c5) Importer(2089858483,b0f066a214c2f5e87bad3c948f4d605d) 
[Worker1] (ScriptedImporter)
[Worker3] Start importing Packages/com.unity.2d.common/Editor/ImagePacker using Guid(534fa0647f988416eafbba143e1ff174) Importer(2089858483,b0f066a214c2f5e87bad3c948f4d605d) 
[Worker3] (ScriptedImporter)
[Worker0]  -> (artifact id: 'c204c11d36458744d416f07a4af56728') in 0.0053694 seconds
[Worker3]  -> (artifact id: '97df3fe1a52da80bd3d0e817cbbdbcee') in 0.0035829 seconds
[Worker1]  -> (artifact id: '997c3add9be4ec4215ca0b5c9565998f') in 0.0066541 seconds
[Worker2] Start importing Packages/com.unity.2d.animation/Editor/Assets/ComponentIcons/d_Animation.IKLimb@256.png using Guid(687d960e2731e4f379851b2bb0b12167) Importer(2089858483,b0f066a214c2f5e87bad3c948f4d605d) 
[Worker0] Start importing Assets/Inochi2D/Native/windows-x86_64/druntime-ldc-shared.dll using Guid(d0f2950c7e840a848bbd9fbf89c8a7e0) Importer(2089858483,b0f066a214c2f5e87bad3c948f4d605d) 
[Worker2] (ScriptedImporter)
[Worker0] (ScriptedImporter)
[Worker0]  -> (artifact id: '05982822b36b9b1499878e6e66990804') in 0.0038682 seconds
[Worker3] Start importing Packages/com.unity.render-pipelines.universal/Editor/2D/ShaderGraph/Targets using Guid(6235450d5ad64142aeb12e4f3cac5f72) Importer(2089858483,b0f066a214c2f5e87bad3c948f4d605d) 
[Worker3] (ScriptedImporter)
[Worker3]  -> (artifact id: '71ffbc2efcb7842eb4d22e249e3a2b26') in 0.0031813 seconds
[Worker2]  -> (artifact id: '6cac53dd2fe18b065a0a4fd99a692fe3') in 0.0100912 seconds
[Worker1] Start importing Packages/com.unity.2d.animation/Editor/Assets/EditorIcons/Selected/character_Mode.png using Guid(e60718119cec31e4190849292fcde068) Importer(2089858483,b0f066a214c2f5e87bad3c948f4d605d) 
[Worker1] (ScriptedImporter)
[Worker1]  -> (artifact id: '86b27fc87c183b4fa361bcb238cb8fea') in 0.0068169 seconds
[Worker0] Start importing Packages/com.unity.shadergraph/Editor/Generation/Templates using Guid(52f964a4069524b47bd98441cad69cd3) Importer(2089858483,b0f066a214c2f5e87bad3c948f4d605d) 
[Worker0] (ScriptedImporter)
[Worker0]  -> (artifact id: '0403de525554bab7d965437e30030739') in 0.002566 seconds
[Worker3] Start importing Packages/com.unity.modules.animation using Guid(1158e311a3101950348dcecb1bebc42d) Importer(2089858483,b0f066a214c2f5e87bad3c948f4d605d) 
[Worker2] Start importing Packages/com.unity.2d.animation/Editor/Assets/ComponentIcons/d_Animation.SpriteLibraryManager@128.png using Guid(fc88c9e07aafe4904bd795a8dfa811f2) Importer(2089858483,b0f066a214c2f5e87bad3c948f4d605d) 
[Worker3] (ScriptedImporter)
[Worker2] (ScriptedImporter)
[Worker3]  -> (artifact id: '997cf4c66dcebdde295680c1251f7d12') in 0.0040178 seconds
[Worker2]  -> (artifact id: '4be03075d9c1c4d1873806a233ff95ad') in 0.0086261 seconds
[Worker1] Start importing Packages/com.unity.2d.animation/Runtime/BatchedDeformation using Guid(453425700aaf74b7fb785bb1246a7c5d) Importer(2089858483,b0f066a214c2f5e87bad3c948f4d605d) 
[Worker1] (ScriptedImporter)
[Worker1]  -> (artifact id: 'b001b30b6278fc0e4a947d486bb1af37') in 0.0025496 seconds
[Worker0] Start importing Packages/com.unity.shadergraph/Editor/Data/Nodes/Math/Round using Guid(4da29d4d0744f43f8aaa921918f1f879) Importer(2089858483,b0f066a214c2f5e87bad3c948f4d605d) 
[Worker0] (ScriptedImporter)
[Worker0]  -> (artifact id: 'e427867843db35ca169824f5a98a1e21') in 0.0029956 seconds
[Worker3] Start importing Packages/com.unity.2d.common/Runtime/AssemblyInfo.cs using Guid(cb006e3fa37420b42b3673eef90cd4b5) Importer(2089858483,b0f066a214c2f5e87bad3c948f4d605d) 
[Worker3] (ScriptedImporter)
[Worker3]  -> (artifact id: 'da439c4f810bac1f323c8be6113aa65c') in 0.0030523 seconds
[Worker2] Start importing Packages/com.unity.2d.animation/Editor/Assets/EditorIcons/Selected/d_Bone.png using Guid(006a3adba8ff95144b4e779daa84bb7e) Importer(2089858483,b0f066a214c2f5e87bad3c948f4d605d) 
[Worker2] (ScriptedImporter)
[Worker1] Start importing Packages/com.unity.2d.animation/Editor/Assets/ComponentIcons/Animation.SpriteSkin.png using Guid(5624c7cbaca684b9faada94188a2e7a1) Importer(2089858483,b0f066a214c2f5e87bad3c948f4d605d) 
[Worker1] (ScriptedImporter)
[Worker2]  -> (artifact id: '955c7b1083764f883466b1ef560d1a39') in 0.0096042 seconds
[Worker1]  -> (artifact id: 'c20f216760320653e80a6b2743cf95aa') in 0.0070389 seconds
[Worker0] Start importing Packages/com.unity.render-pipelines.core/Runtime/Settings using Guid(00a116691603d1943905c38f0640a134) Importer(2089858483,b0f066a214c2f5e87bad3c948f4d605d) 
[Worker0] (ScriptedImporter)
[Worker0]  -> (artifact id: '5721baa9b1170e1fc3093f2ef3debfed') in 0.0026569 seconds
[Worker3] Start importing Packages/com.unity.2d.common/Tests/Editor using Guid(2656f45e60a1c4b389f74073613dd37e) Importer(2089858483,b0f066a214c2f5e87bad3c948f4d605d) 
[Worker3] (ScriptedImporter)
[Worker3]  -> (artifact id: '98b4dcdab78fe20b6ee761f2fc5d7f65') in 0.0036719 seconds
[Worker2] Start importing Assets/EmeraldBunny/Generated/Meshes/leg_rear_knee_lower_fixed.asset using Guid(b3a1f855065419241a1191c22df13aac) Importer(2089858483,b0f066a214c2f5e87bad3c948f4d605d) 
[Worker2] (ScriptedImporter)
[Worker1] Start importing Packages/com.unity.2d.animation/Editor/Assets/EditorIcons/Selected/Sprite_Mode.png using Guid(ca778bc7303b24948abf3e907abbf2a0) Importer(2089858483,b0f066a214c2f5e87bad3c948f4d605d) 
[Worker1] (ScriptedImporter)
[Worker2]  -> (artifact id: 'cb5184a9fa2b064ff4d10948022bce98') in 0.005253 seconds
[Worker0] Start importing Packages/com.unity.2d.animation/Editor/Assets/EditorIcons/Light/Split_Edge.png using Guid(900065f34a33d2e478bf93a0191f68de) Importer(2089858483,b0f066a214c2f5e87bad3c948f4d605d) 
[Worker0] (ScriptedImporter)
[Worker1]  -> (artifact id: 'cbb6a798aa03105b25bef9a18a58c3a3') in 0.0073166 seconds
[Worker0]  -> (artifact id: 'ae3d7bbcf6aa47abcc92b96c949f06d7') in 0.0067211 seconds
[Worker3] Start importing Packages/com.unity.2d.animation/Editor/Assets/SkinningModule/PivotInspectorPanel.uxml using Guid(0d841f054a46c40bc878c70ce26a2c2a) Importer(2089858483,b0f066a214c2f5e87bad3c948f4d605d) 
[Worker3] (ScriptedImporter)
[Worker3]  -> (artifact id: '15f914550c9c28cdbb82a64bb37c1737') in 0.0078401 seconds
[Worker2] Start importing Packages/com.unity.2d.animation/Editor/Assets/EditorIcons/Light/Generate_Geometry@2x.png using Guid(ae5924760c9fbf54d89df9f13435887e) Importer(2089858483,b0f066a214c2f5e87bad3c948f4d605d) 
[Worker2] (ScriptedImporter)
[Worker1] Start importing Packages/com.unity.ugui/Editor/UGUI/UI/PropertyDrawers using Guid(bc9aa6d5a7945f34882c442e9e201537) Importer(2089858483,b0f066a214c2f5e87bad3c948f4d605d) 
[Worker2]  -> (artifact id: '349e1831b94360c5aaa01228bcf8317f') in 0.0073175 seconds
[Worker1] (ScriptedImporter)
[Worker0] Start importing Packages/com.unity.shadergraph/Editor/Generation/Targets/Terrain using Guid(81ea4f1a846f43919f95844124702750) Importer(2089858483,b0f066a214c2f5e87bad3c948f4d605d) 
[Worker0] (ScriptedImporter)
[Worker1]  -> (artifact id: '30ac6fbe4cbcc3b3ae2ff114f2824d07') in 0.0030145 seconds
[Worker0]  -> (artifact id: '412adb4a60ea2cf51fa1b4c14f6e725d') in 0.002424 seconds
[Worker3] Start importing Assets/EmeraldBunny/Generated/Materials/spread_front_toe_0.mat using Guid(52545f18d8c0dad4288069ce02f1d413) Importer(2089858483,b0f066a214c2f5e87bad3c948f4d605d) 
[Worker3] (ScriptedImporter)
[Worker3]  -> (artifact id: '6eed4f231bafacd3d1a37d43b4cd437a') in 0.0051665 seconds
[Worker1] Start importing Packages/com.unity.2d.animation/Editor/Assets/EditorIcons/Selected/Edit_Pose@3x.png using Guid(558997ec9158c584a9ba9ee3eddbe8b0) Importer(2089858483,b0f066a214c2f5e87bad3c948f4d605d) 
[Worker1] (ScriptedImporter)
[Worker0] Start importing Assets/EmeraldBunny/Generated/Materials/lip_lower.mat using Guid(5120e7c95a10f7647bacc9208b8ceb55) Importer(2089858483,b0f066a214c2f5e87bad3c948f4d605d) 
[Worker0] (ScriptedImporter)
[Worker2] Start importing Packages/com.unity.inputsystem/InputSystem/Actions using Guid(2069418e852748dbaa154cf71b8f033a) Importer(2089858483,b0f066a214c2f5e87bad3c948f4d605d) 
[Worker2] (ScriptedImporter)
[Worker1]  -> (artifact id: '635e1649bccb46f1ef4601e97cff5b7c') in 0.0072134 seconds
[Worker2]  -> (artifact id: 'b5197ed83a44604a3ce6a42740b9204c') in 0.0025503 seconds
[Worker0]  -> (artifact id: 'bd332d5acdfc2fb80e1f2b576e1ed9ce') in 0.0061966 seconds
[Worker3] Start importing Packages/com.unity.render-pipelines.core/Runtime/Utilities using Guid(143a724c7d97a19439bac5e37bfbba35) Importer(2089858483,b0f066a214c2f5e87bad3c948f4d605d) 
[Worker3] (ScriptedImporter)
[Worker3]  -> (artifact id: '13eb43c893a08c73e6f6284be2ce0b18') in 0.0043147 seconds
[Worker1] Start importing Packages/com.unity.render-pipelines.universal/Runtime/2D/Passes using Guid(f74b40ff9aaa99a49a36a3c646ca5917) Importer(2089858483,b0f066a214c2f5e87bad3c948f4d605d) 
[Worker1] (ScriptedImporter)
[Worker0] Start importing Assets/EmeraldBunny/Generated/Animations/FootStretch.anim using Guid(eccd7e9711290214bbe14618c19d2ab2) Importer(2089858483,b0f066a214c2f5e87bad3c948f4d605d) 
[Worker0] (ScriptedImporter)
[Worker2] Start importing Assets/Scripts/Resonance.Battle/Resonance.Battle.asmdef using Guid(2fdc3f990638b5a4cb966f82517a1f01) Importer(2089858483,b0f066a214c2f5e87bad3c948f4d605d) 
[Worker2] (ScriptedImporter)
[Worker1]  -> (artifact id: '608287ec969a18665133554bb8be7769') in 0.0034019 seconds
[Worker2]  -> (artifact id: '4d065465142e41ea303ba97d93ff1eca') in 0.0039523 seconds
[Worker3] Start importing Assets/EmeraldBunny/Generated/Meshes/costume_bust.asset using Guid(836b41f3160bfaf4c89213779ca8a26b) Importer(2089858483,b0f066a214c2f5e87bad3c948f4d605d) 
[Worker3] (ScriptedImporter)
[Worker3]  -> (artifact id: '8b6c5a1ca90bede43794ec627de99f6b') in 0.0045804 seconds
[Worker1] Start importing Packages/com.unity.2d.animation/Editor/Assets/EditorIcons/Selected/d_Bone@4x.png using Guid(1bb69cd91685d9248a58b144052746f3) Importer(2089858483,b0f066a214c2f5e87bad3c948f4d605d) 
[Worker1] (ScriptedImporter)
[Worker2] Start importing Packages/com.unity.2d.animation/Editor/SkinningModule/Selectors using Guid(37f3979cbd2490a4c87552d59e76b1f6) Importer(2089858483,b0f066a214c2f5e87bad3c948f4d605d) 
[Worker2] (ScriptedImporter)
[Worker2]  -> (artifact id: 'c5851127982db196dbf95ddc595d4739') in 0.0037593 seconds
[Worker1]  -> (artifact id: '3f029e459e0c1c8be7f813c6e9695971') in 0.0127309 seconds
[Worker3] Start importing Packages/com.unity.2d.animation/Editor/Assets/EditorIcons/Selected/Create_Vertex@4x.png using Guid(6a7ac9e8c26b12440bf2b1da2ca97794) Importer(2089858483,b0f066a214c2f5e87bad3c948f4d605d) 
[Worker3] (ScriptedImporter)
[Worker3]  -> (artifact id: '8514d7e8a80d393835f013195653ddce') in 0.0092175 seconds
[Worker2] Start importing Packages/com.unity.2d.animation/Editor/Assets/EditorIcons/Dark/d_Generate_Geometry@4x.png using Guid(db49e13fa9e16dc44b5ffb6bc43d4235) Importer(2089858483,b0f066a214c2f5e87bad3c948f4d605d) 
[Worker2] (ScriptedImporter)
[Worker2]  -> (artifact id: '8870ebc4fc6627c86cc061630dbe711f') in 0.008405 seconds
[Worker1] Start importing Packages/com.unity.ugui/Runtime/TMP using Guid(619aadd8f276341ca84d7ad5a9c6db21) Importer(2089858483,b0f066a214c2f5e87bad3c948f4d605d) 
[Worker1] (ScriptedImporter)
[Worker3] Start importing Packages/com.unity.2d.animation/Editor/Assets/EditorIcons/Selected/Generate_Weights@4x.png using Guid(ea292d445b1c4cb48897511cd9453f1c) Importer(2089858483,b0f066a214c2f5e87bad3c948f4d605d) 
[Worker1]  -> (artifact id: '2e1cc6d2c8ace7b3311c4130ac1c87f6') in 0.002949 seconds
[Worker3] (ScriptedImporter)
[Worker3]  -> (artifact id: '265cd0165eb7e0f9e6e93831999ccbae') in 0.010388 seconds
[Worker0]  -> (artifact id: '66ee88dea5b316a6d8549df008cf6ed5') in 0.0954922 seconds
[Worker2] Start importing Packages/com.unity.render-pipelines.core/Editor/Analytics using Guid(d51fac0e1a1a7074ab4397427e551ea5) Importer(2089858483,b0f066a214c2f5e87bad3c948f4d605d) 
[Worker1] Start importing Packages/com.unity.inputsystem/InputSystem/Editor/UITKAssetEditor/Views using Guid(2db76e4ad9537964994bd20263e1c379) Importer(2089858483,b0f066a214c2f5e87bad3c948f4d605d) 
[Worker1] (ScriptedImporter)
[Worker2] (ScriptedImporter)
[Worker1]  -> (artifact id: '8eb177955c9c71a84a0db153dbf1a582') in 0.003098 seconds
[Worker2]  -> (artifact id: '779b782e4bf9a8f2ffe1bdc65dabe393') in 0.0036942 seconds
[Worker3] Start importing Packages/com.unity.ide.visualstudio/Editor/VSWhere using Guid(5b17896803f77494da73d73448fb6cb4) Importer(2089858483,b0f066a214c2f5e87bad3c948f4d605d) 
[Worker3] (ScriptedImporter)
[Worker3]  -> (artifact id: 'd3676cf1ea395d6c3b6ce6d4b16da280') in 0.0036593 seconds
[Worker0] Start importing Assets/Inochi2D/Native/windows-x86_64/phobos2-ldc-shared.dll using Guid(0c050359e9032cf4181bc0028d87743b) Importer(2089858483,b0f066a214c2f5e87bad3c948f4d605d) 
[Worker0] (ScriptedImporter)
[Worker0]  -> (artifact id: 'e45ee489c94a8986759b5bd289056e54') in 0.0029007 seconds
[Worker1] Start importing Packages/com.unity.modules.androidjni using Guid(995c08a3305ff9f0dab5e86f340bd9a7) Importer(2089858483,b0f066a214c2f5e87bad3c948f4d605d) 
[Worker1] (ScriptedImporter)
[Worker1]  -> (artifact id: 'e3ce9c7e1a3499a4e194612a8f013f70') in 0.0028407 seconds
[Worker2] Start importing Assets/EmeraldBunny/Generated/Meshes/toeGround4_lower_rear.asset using Guid(c631c89a55505d74ba92349fee6bd3ab) Importer(2089858483,b0f066a214c2f5e87bad3c948f4d605d) 
[Worker2] (ScriptedImporter)
[Worker2]  -> (artifact id: '72252b39b768593258a074daf7f30ea9') in 0.0039123 seconds
[Worker3] Start importing Packages/com.unity.2d.animation/Editor/Assets/EditorIcons/Dark/d_Sprite_Mode@3x.png using Guid(6027031a7453da24f95d0af9a2308c52) Importer(2089858483,b0f066a214c2f5e87bad3c948f4d605d) 
[Worker3] (ScriptedImporter)
[Worker0] Start importing Packages/com.unity.2d.common/Editor/InternalBridge/AssemblyInfo.cs using Guid(7fc947ed5e1e2b141bd741eca43b418c) Importer(2089858483,b0f066a214c2f5e87bad3c948f4d605d) 
[Worker0] (ScriptedImporter)
[Worker3]  -> (artifact id: '2777f42402cd01a3f7bebedec5a59a84') in 0.0093967 seconds
[Worker0]  -> (artifact id: '56c12fda14fad07627da2c4a8b311f46') in 0.0031834 seconds
[Worker1] Start importing Assets/Scripts/Resonance.App/Debug using Guid(c0a1e005555555555555555555555555) Importer(2089858483,b0f066a214c2f5e87bad3c948f4d605d) 
[Worker1] (ScriptedImporter)
[Worker1]  -> (artifact id: '02431d44d1d37c0403c6f3d35884275e') in 0.0031455 seconds
[Worker2] Start importing Packages/com.unity.render-pipelines.universal/Runtime/Decal using Guid(219911eb3a3b7d54e8218af5aca772dd) Importer(2089858483,b0f066a214c2f5e87bad3c948f4d605d) 
[Worker2] (ScriptedImporter)
[Worker2]  -> (artifact id: '4c3fc952ab946ae481fbe24b722468f3') in 0.0032143 seconds
[Worker0] Start importing Assets/EmeraldBunny/Generated/Materials/toeGround5_lower_rear.mat using Guid(6271d08757f0a354aaf3f636e8afa1ff) Importer(2089858483,b0f066a214c2f5e87bad3c948f4d605d) 
[Worker0] (ScriptedImporter)
[Worker0]  -> (artifact id: 'bb896de28f9489986b077be63828c5cf') in 0.0059301 seconds
[Worker3] Start importing Packages/com.unity.shadergraph/Editor/Generation/Targets/Canvas using Guid(ba9455849cd06164791e7dde58b74d24) Importer(2089858483,b0f066a214c2f5e87bad3c948f4d605d) 
[Worker3] (ScriptedImporter)
[Worker3]  -> (artifact id: '1483b7863610e355836bc41ce66ef181') in 0.0041851 seconds
[Worker1] Start importing Packages/com.unity.2d.animation/Editor/Assets/EditorIcons/Light/Copy@3x.png using Guid(55ad4b6109677be42b239f450ce98c29) Importer(2089858483,b0f066a214c2f5e87bad3c948f4d605d) 
[Worker1] (ScriptedImporter)
[Worker2] Start importing Packages/com.unity.test-framework/UnityEditor.TestRunner/TestRun/Tasks using Guid(6dba53789da15814387fa5b1445e81e0) Importer(2089858483,b0f066a214c2f5e87bad3c948f4d605d) 
[Worker2] (ScriptedImporter)
[Worker1]  -> (artifact id: '716991611bd4d185ed3749c213985f80') in 0.0091576 seconds
[Worker2]  -> (artifact id: '4b45f7572b4db7984addfe53339aee03') in 0.0038335 seconds
[Worker0] Start importing Packages/com.unity.2d.animation/Editor/SkinningModule/VisibilityTool using Guid(74791f07064cb01408ec2b306c5bc798) Importer(2089858483,b0f066a214c2f5e87bad3c948f4d605d) 
[Worker0] (ScriptedImporter)
[Worker0]  -> (artifact id: '493646fb9c9c53ee1ab7f52a63808d5d') in 0.0040744 seconds
[Worker3] Start importing Assets/EmeraldBunny/Generated/Meshes/upperlidL.asset using Guid(719069b963061714aa82c1b652ad41e4) Importer(2089858483,b0f066a214c2f5e87bad3c948f4d605d) 
[Worker3] (ScriptedImporter)
[Worker3]  -> (artifact id: 'c6113b9593fef81e75fc5863141acad6') in 0.0042934 seconds
[Worker1] Start importing Packages/com.unity.2d.animation/Editor/Assets/ComponentIcons/d_Animation.IKFabrik@64.png using Guid(8dfc24821a9794200b8d54e906e4b6da) Importer(2089858483,b0f066a214c2f5e87bad3c948f4d605d) 
[Worker1] (ScriptedImporter)
[Worker2] Start importing Packages/com.unity.2d.common/Path/Editor/Shapes using Guid(74ab527625c374ee2bd1e687a90f25d6) Importer(2089858483,b0f066a214c2f5e87bad3c948f4d605d) 
[Worker2] (ScriptedImporter)
[Worker2]  -> (artifact id: '57f5c9193d7c5545c961b06d6c93fe1a') in 0.0030209 seconds
[Worker0] Start importing Packages/com.unity.2d.sprite/Editor/ObjectMenuCreation/DefaultAssets/Textures/v2/9Sliced.png using Guid(8884154dfe85442a3a3578be807dbcdf) Importer(2089858483,b0f066a214c2f5e87bad3c948f4d605d) 
[Worker0] (ScriptedImporter)
[Worker1]  -> (artifact id: '585279702238c853660e5809bc266f0d') in 0.0094882 seconds
[Worker0]  -> (artifact id: '70b4e05a617619e69d8ada308f9cd372') in 0.0120525 seconds
[Worker3] Start importing Assets/EmeraldBunny/Generated/Meshes/fingerR_little.asset using Guid(bbf9f739bb51ea24d91e5b11995afd80) Importer(2089858483,b0f066a214c2f5e87bad3c948f4d605d) 
[Worker3] (ScriptedImporter)
[Worker3]  -> (artifact id: '29383b9ab604d1dff18847ab467ead37') in 0.003546 seconds
[Worker2] Start importing Assets/EmeraldBunny/Art/spread_front_toe_0.png using Guid(2523b4356b65cb54f9632c2cfd007fbb) Importer(2089858483,b0f066a214c2f5e87bad3c948f4d605d) 
[Worker2] (ScriptedImporter)
[Worker1] Start importing Packages/com.unity.test-framework/UnityEditor.TestRunner/CommandLineParser using Guid(7602252bdb82b8d45ae3483c3a00d3e1) Importer(2089858483,b0f066a214c2f5e87bad3c948f4d605d) 
[Worker1] (ScriptedImporter)
[Worker2]  -> (artifact id: '3c838c60d20752be5f2e6a8f292a42a8') in 0.0070681 seconds
[Worker1]  -> (artifact id: 'fcb23685c81185d236c9b5b0fe29a515') in 0.0029129 seconds
[Worker0] Start importing Packages/com.unity.shadergraph/Editor/Data/Nodes/Math/Vector using Guid(c3becf597e5084fe8825c0ec59a22201) Importer(2089858483,b0f066a214c2f5e87bad3c948f4d605d) 
[Worker0] (ScriptedImporter)
[Worker0]  -> (artifact id: 'a0bfa9dcb047ab699e48cffb1f03ccb1') in 0.0031327 seconds
[Worker3] Start importing Packages/com.unity.2d.animation/Editor/Assets/SpriteLibraryEditor/EditorBottomToolbar.uxml using Guid(b2ba942b7d73347e898626debe5e7afa) Importer(2089858483,b0f066a214c2f5e87bad3c948f4d605d) 
[Worker3] (ScriptedImporter)
[Worker3]  -> (artifact id: '8ec0e94af472ba671ab62f2d145a37fc') in 0.0073858 seconds
[Worker2] Start importing Assets/EmeraldBunny/Art/upperlidR.png using Guid(1cd3145f718ce854481dd29abdd9cad1) Importer(2089858483,b0f066a214c2f5e87bad3c948f4d605d) 
[Worker2] (ScriptedImporter)
[Worker1] Start importing Assets/EmeraldBunny/Art/chair_leftarm.png using Guid(04292ffa133f51e4cae8e9e7417eb07d) Importer(2089858483,b0f066a214c2f5e87bad3c948f4d605d) 
[Worker1] (ScriptedImporter)
[Worker2]  -> (artifact id: '90f4a1a5e77602532000ccb703e9a6e5') in 0.0098794 seconds
[Worker1]  -> (artifact id: '8fe6386e59be4dbdbee10250d96d120b') in 0.0065738 seconds
[Worker0] Start importing Packages/com.unity.2d.animation/Editor/Assets/SkinningModule/PoseToolbarStyle.uss using Guid(a39e33a7bab4436585a7d4bdeaa84efc) Importer(2089858483,b0f066a214c2f5e87bad3c948f4d605d) 
[Worker0] (ScriptedImporter)
[Worker0]  -> (artifact id: '4fa900a99668a12da0fa676e782dab60') in 0.0083554 seconds
[Worker3] Start importing Assets/EmeraldBunny/Generated/Materials/body.mat using Guid(3f07d363a8ea6f14ea69253b56d51c06) Importer(2089858483,b0f066a214c2f5e87bad3c948f4d605d) 
[Worker3] (ScriptedImporter)
[Worker3]  -> (artifact id: '68b7ffef43e51eb1004050f8ad9acf68') in 0.0074783 seconds
[Worker1] Start importing Packages/com.unity.render-pipelines.core/Runtime/UnifiedRayTracing/Common/GeometryPool using Guid(c92be10cd223d054b8314f7445705554) Importer(2089858483,b0f066a214c2f5e87bad3c948f4d605d) 
[Worker1] (ScriptedImporter)
[Worker2] Start importing Assets/EmeraldBunny/Generated/Materials/lowerlidL.mat using Guid(1486b50442835c048bb2edb7aaacf112) Importer(2089858483,b0f066a214c2f5e87bad3c948f4d605d) 
[Worker2] (ScriptedImporter)
[Worker1]  -> (artifact id: '98a307a598c5d1dbfa519196c613c6b2') in 0.0032125 seconds
[Worker2]  -> (artifact id: '4cd9f394193ec25d953f7d1ef1bd45ba') in 0.0049352 seconds
[Worker0] Start importing Packages/com.unity.2d.animation/Editor/Assets/ComponentIcons/Animation.SpriteResolver On@32.png using Guid(6e2a81314a40c43849866fb7490cb521) Importer(2089858483,b0f066a214c2f5e87bad3c948f4d605d) 
[Worker0] (ScriptedImporter)
[Worker0]  -> (artifact id: 'bc6ec0af2081cf4419d9fab8cbe7afad') in 0.0097393 seconds
[Worker3] Start importing Packages/com.unity.ugui/Editor/UGUI/EventSystem using Guid(f525580684527b147b70cf94aaa70dbc) Importer(2089858483,b0f066a214c2f5e87bad3c948f4d605d) 
[Worker3] (ScriptedImporter)
[Worker3]  -> (artifact id: 'ba1ebed9d2319ad2f48a9b311801812f') in 0.0038889 seconds
[Worker1] Start importing Assets/Resources/Art/Characters/C001/PuppetLayers using Guid(f5061728394a5b6c7d8e9f0123456789) Importer(2089858483,b0f066a214c2f5e87bad3c948f4d605d) 
[Worker1] (ScriptedImporter)
[Worker1]  -> (artifact id: '64378e01bcf59bcff0709ffae84c34b6') in 0.0036385 seconds
[Worker2] Start importing Packages/com.unity.render-pipelines.universal/Editor/VFXGraph/Shaders/Templates/ParticlePoints using Guid(4880ad95c4d23714986fc0ae33cc43f1) Importer(2089858483,b0f066a214c2f5e87bad3c948f4d605d) 
[Worker2] (ScriptedImporter)
[Worker2]  -> (artifact id: 'fddb95a30f9d0c5c0a71a46f62ca7f6e') in 0.0025943 seconds
[Worker0] Start importing Packages/com.unity.2d.animation/Editor/Assets/EditorIcons/Selected/Split_Edge@2x.png using Guid(2f12c9758dad4e34ea8bc886f1fdb0dd) Importer(2089858483,b0f066a214c2f5e87bad3c948f4d605d) 
[Worker0] (ScriptedImporter)
[Worker3] Start importing Packages/com.unity.2d.animation/Editor/SkinningModule/SpriteMeshData using Guid(100c104341c6bfd4e824d8347fff1f87) Importer(2089858483,b0f066a214c2f5e87bad3c948f4d605d) 
[Worker3] (ScriptedImporter)
[Worker3]  -> (artifact id: 'ba5887074b3ea7bd05f61b945a51c37c') in 0.0033787 seconds
[Worker0]  -> (artifact id: '7be74e4a73b48cc903f3cf41e31be888') in 0.0070399 seconds
[Worker1] Start importing Packages/com.unity.2d.animation/Editor/Assets/EditorIcons/Selected/Edit_Pose@2x.png using Guid(1da4b8d35afa8314198e7b69dc383431) Importer(2089858483,b0f066a214c2f5e87bad3c948f4d605d) 
[Worker1] (ScriptedImporter)
[Worker1]  -> (artifact id: '00fa0ae17f0058bd0a33a64e07716454') in 0.0061557 seconds
[Worker2] Start importing Packages/com.unity.2d.sprite/Editor/ObjectMenuCreation/DefaultAssets/Textures/v2/IsometricDiamond.png using Guid(19fb86013d8c24d6cb8410c0aadf30fa) Importer(2089858483,b0f066a214c2f5e87bad3c948f4d605d) 
[Worker2] (ScriptedImporter)
[Worker3] Start importing Packages/com.unity.render-pipelines.universal/Editor/Decal/Resources using Guid(3522f385657caf14b8c18df878a3c65b) Importer(2089858483,b0f066a214c2f5e87bad3c948f4d605d) 
[Worker3] (ScriptedImporter)
[Worker0] Start importing Assets/EmeraldBunny/Art/leg_front_thigh_lower_front.png using Guid(c7429d5b08b89b94bb8daeb937fe2fdb) Importer(2089858483,b0f066a214c2f5e87bad3c948f4d605d) 
[Worker0] (ScriptedImporter)
[Worker3]  -> (artifact id: '84567fb539c09f050f3538c79b7578f4') in 0.0027611 seconds
[Worker2]  -> (artifact id: 'cd52812447b3efc39cd55f8222d41637') in 0.0089874 seconds
[Worker1] Start importing Packages/com.unity.shadergraph/Editor/Resources using Guid(64c9c5df0004c44f0896e816c69c7aa1) Importer(2089858483,b0f066a214c2f5e87bad3c948f4d605d) 
[Worker1] (ScriptedImporter)
[Worker0]  -> (artifact id: '27d732938d31bf47f780b026080f88a1') in 0.0080841 seconds
[Worker1]  -> (artifact id: 'd54e24c846b84a03bfd3f6f04bfc1740') in 0.0034766 seconds
[Worker3] Start importing Assets/EmeraldBunny/Art/bow_right.png using Guid(4f10fa5db7ff8b1499cafddcd6d3e587) Importer(2089858483,b0f066a214c2f5e87bad3c948f4d605d) 
[Worker3] (ScriptedImporter)
[Worker3]  -> (artifact id: 'be47547df9f2d4f59f391cb1c59a25e7') in 0.008012 seconds
[Worker1] Start importing Assets/EmeraldBunny/Art/nose.png using Guid(25fb0eefba9c68b4e9d6501d72fa0338) Importer(2089858483,b0f066a214c2f5e87bad3c948f4d605d) 
[Worker1] (ScriptedImporter)
[Worker2] Start importing Packages/com.unity.2d.animation/Editor/Assets/EditorIcons/Selected/Generate_Weights@3x.png using Guid(8174b068fa7b788459b03cec80d0641a) Importer(2089858483,b0f066a214c2f5e87bad3c948f4d605d) 
[Worker2] (ScriptedImporter)
[Worker1]  -> (artifact id: '4e194d30183628b82b8548d4700a1ebb') in 0.0057079 seconds
[Worker2]  -> (artifact id: '11c18df30ccf1b507959457049406df5') in 0.0082651 seconds
[Worker0] Start importing Packages/com.unity.2d.animation/Editor/Assets/EditorIcons/Light/Bone_Influence@3x.png using Guid(cee9dbe90b270c944ae1dabf41c93b10) Importer(2089858483,b0f066a214c2f5e87bad3c948f4d605d) 
[Worker0] (ScriptedImporter)
[Worker0]  -> (artifact id: 'e19dcd3dc71113e56ae235e43d287845') in 0.010838 seconds
[Worker3] Start importing Packages/com.unity.render-pipelines.universal/Editor/ShaderGraph/Includes using Guid(f9df817efe7f52045a7cd7ae84fd47ae) Importer(2089858483,b0f066a214c2f5e87bad3c948f4d605d) 
[Worker3] (ScriptedImporter)
[Worker3]  -> (artifact id: 'e356fbad1cb9e9b82c36cfdfb3c43c53') in 0.0035294 seconds
[Worker1] Start importing Packages/com.unity.2d.sprite/Editor/ObjectMenuCreation/DefaultAssets/Textures/v2/Capsule.png using Guid(207ee8102dd4143d288186ef0be518ee) Importer(2089858483,b0f066a214c2f5e87bad3c948f4d605d) 
[Worker1] (ScriptedImporter)
[Worker2] Start importing Packages/com.unity.inputsystem/InputSystem/Utilities using Guid(51e828593aae48cdbee6e9ae0ec20e5d) Importer(2089858483,b0f066a214c2f5e87bad3c948f4d605d) 
[Worker2] (ScriptedImporter)
[Worker2]  -> (artifact id: 'bf3b86586d5892021d5c43d3a9e01068') in 0.0031566 seconds
[Worker1]  -> (artifact id: '7a8c83e5c756de6422d51398cbfc8574') in 0.013367 seconds
[Worker0] Start importing Packages/com.unity.inputsystem/InputSystem/Editor/UITKAssetEditor using Guid(bb0e7cd0be171ca4ca67132e36b7ccb5) Importer(2089858483,b0f066a214c2f5e87bad3c948f4d605d) 
[Worker0] (ScriptedImporter)
[Worker0]  -> (artifact id: '2b21fb9cc86a2c1669f1e9d0fd1e41b3') in 0.0027984 seconds
[Worker3] Start importing Packages/com.unity.render-pipelines.core/Runtime/RenderPipelineResources/Mesh using Guid(68ed7b91fd1483d40861e1ada55a57bc) Importer(2089858483,b0f066a214c2f5e87bad3c948f4d605d) 
[Worker2] Start importing Packages/com.unity.render-pipelines.universal/Editor/2D/ShaderGraph/Includes using Guid(b0e1457667cf4865bf50a0f8567c4d29) Importer(2089858483,b0f066a214c2f5e87bad3c948f4d605d) 
[Worker3] (ScriptedImporter)
[Worker2] (ScriptedImporter)
[Worker3]  -> (artifact id: '442f47a412624cf766fdb35626ca6b3c') in 0.0030732 seconds
[Worker2]  -> (artifact id: '45f39031f5c1877e6a558b46d8794adf') in 0.0039465 seconds
[Worker0] Start importing Packages/com.unity.2d.animation/Editor/Assets/EditorIcons/Dark/d_Split_Edge.png using Guid(0530bfa18fbf4a140b3a604c988a9a4b) Importer(2089858483,b0f066a214c2f5e87bad3c948f4d605d) 
[Worker0] (ScriptedImporter)
[Worker1] Start importing Packages/com.unity.shadergraph/GraphTemplates/Subgraphs/Terrain using Guid(843eba6e16ab9034aaacf0d768c274b6) Importer(2089858483,b0f066a214c2f5e87bad3c948f4d605d) 
[Worker1] (ScriptedImporter)
[Worker1]  -> (artifact id: '538ffd19b9ea73b327406e4287bfdfac') in 0.0033465 seconds
[Worker0]  -> (artifact id: 'b7ac1c0a3d751b14174a60b6d54048f1') in 0.0082762 seconds
[Worker3] Start importing Packages/com.unity.2d.animation/Editor/Assets/EditorIcons/Dark/d_Edit_Geometry@4x.png using Guid(7af5f1b9cb7fc7645a9f27f070fbe2fd) Importer(2089858483,b0f066a214c2f5e87bad3c948f4d605d) 
[Worker3] (ScriptedImporter)
[Worker2] Start importing Packages/com.unity.ugui/Tests/Runtime/UGUI/Button using Guid(239dd6edc8e5cd14585c03e09e86a747) Importer(2089858483,b0f066a214c2f5e87bad3c948f4d605d) 
[Worker2] (ScriptedImporter)
[Worker3]  -> (artifact id: '6e8eb210f5b05b7bffb160ef7c999fc0') in 0.0079815 seconds
[Worker2]  -> (artifact id: '38edcb46b72b858d6acef250ece53dea') in 0.0040935 seconds
[Worker0] Start importing Assets/EmeraldInochi/Resources/Inochi using Guid(fd5831f0bc54ff44c85ca36ecec7e29f) Importer(2089858483,b0f066a214c2f5e87bad3c948f4d605d) 
[Worker0] (ScriptedImporter)
[Worker0]  -> (artifact id: 'c1f6be51608ea79b7852c079e4ad264d') in 0.0025083 seconds
[Worker1] Start importing Packages/com.unity.2d.common/Editor/DebugTools using Guid(a02323b0227f4b858e3f9bf63620ee12) Importer(2089858483,b0f066a214c2f5e87bad3c948f4d605d) 
[Worker1] (ScriptedImporter)
[Worker2] Start importing Packages/com.unity.render-pipelines.core/Tests/Runtime/Threading using Guid(cdb007ea9cfd17c49ae406263e8c346d) Importer(2089858483,b0f066a214c2f5e87bad3c948f4d605d) 
[Worker2] (ScriptedImporter)
[Worker1]  -> (artifact id: '1a52dd9db8887893b6793580bbf88dbf') in 0.0045707 seconds
[Worker2]  -> (artifact id: '62a1315a897b9a2f47d45517a0d10aa7') in 0.0038871 seconds
[Worker3] Start importing Packages/com.unity.shadergraph/Editor/Data/Nodes/MeshDeformation using Guid(756acc907fa7dec429bae437fab8df69) Importer(2089858483,b0f066a214c2f5e87bad3c948f4d605d) 
[Worker3] (ScriptedImporter)
[Worker3]  -> (artifact id: 'ef097932ce69adabb0a76e2b636f6b35') in 0.0039809 seconds
[Worker1] Start importing Assets/Scripts/Resonance.Battle/Core using Guid(c0b1e001111111111111111111111111) Importer(2089858483,b0f066a214c2f5e87bad3c948f4d605d) 
[Worker1] (ScriptedImporter)
[Worker0] Start importing Packages/com.unity.shadergraph/Editor/AssetCallbacks using Guid(4d0b60652dca71b49a137663137e38ea) Importer(2089858483,b0f066a214c2f5e87bad3c948f4d605d) 
[Worker0] (ScriptedImporter)
[Worker1]  -> (artifact id: 'da15818dd6604f2a5b13920e5ac78407') in 0.0026507 seconds
[Worker0]  -> (artifact id: '8b735caf8c9a2bd5ea38089e423d83a1') in 0.0038705 seconds
[Worker3] Start importing Assets/Resources/Shaders/StillLight.shader using Guid(b2d5f9c3e8a74d4f0c6b1e2d3f4a5b6c) Importer(2089858483,b0f066a214c2f5e87bad3c948f4d605d) 
[Worker3] (ScriptedImporter)
[Worker3]  -> (artifact id: 'abf25b5c94137d6767664273873232e0') in 0.0040257 seconds
[Worker2] Start importing Packages/com.unity.2d.animation/Editor/Assets/ComponentIcons/Animation.IKLimb On@256.png using Guid(190c43ac8c7af48e2ae7663a44f1c7ec) Importer(2089858483,b0f066a214c2f5e87bad3c948f4d605d) 
[Worker2] (ScriptedImporter)
[Worker2]  -> (artifact id: '8b1d714c9332f4988b32a4a1c5977e32') in 0.0090805 seconds
[Worker0] Start importing Packages/com.unity.modules.physics using Guid(d6db7caf2e852b75ebb9c6098418179c) Importer(2089858483,b0f066a214c2f5e87bad3c948f4d605d) 
[Worker1] Start importing Assets/EmeraldBunny/Generated/Materials/leg_rear_calf_lower_fixed.mat using Guid(368caac700e2d2f4ebeb738b8ef85a46) Importer(2089858483,b0f066a214c2f5e87bad3c948f4d605d) 
[Worker1] (ScriptedImporter)
[Worker0] (ScriptedImporter)
[Worker0]  -> (artifact id: 'dd9e053a41d12261e57e567ed045bdbc') in 0.0042614 seconds
[Worker1]  -> (artifact id: 'd09b85bee135bf467c3d4dd088209b22') in 0.0059984 seconds
[Worker3] Start importing Packages/com.unity.ugui/Editor/UGUI/UI using Guid(853edc343b78a7c4c81cbb3851d48c0a) Importer(2089858483,b0f066a214c2f5e87bad3c948f4d605d) 
[Worker3] (ScriptedImporter)
[Worker3]  -> (artifact id: '6b381e7cef08161ab05df2bc83613581') in 0.0046261 seconds
[Worker2] Start importing Packages/com.unity.2d.animation/Editor/Assets/ComponentIcons/Animation.SpriteLibrary On@256.png using Guid(b2d98f54996544507ade581c727c1c51) Importer(2089858483,b0f066a214c2f5e87bad3c948f4d605d) 
[Worker2] (ScriptedImporter)
[Worker0] Start importing Packages/com.unity.shadergraph/Editor/Generation using Guid(e51156e26e632ae4faebae701a3bff82) Importer(2089858483,b0f066a214c2f5e87bad3c948f4d605d) 
[Worker0] (ScriptedImporter)
[Worker2]  -> (artifact id: 'da965de795213fea9739c150c656abc0') in 0.0118057 seconds
[Worker0]  -> (artifact id: '3ae6349f3b76a905528123112555fac6') in 0.0023076 seconds
[Worker1] Start importing Packages/com.unity.2d.animation/Editor/Assets/EditorIcons/Dark/d_Copy@3x.png using Guid(3b5ad4dfc78124a489bb5c48a4b57195) Importer(2089858483,b0f066a214c2f5e87bad3c948f4d605d) 
[Worker1] (ScriptedImporter)
[Worker3] Start importing Packages/com.unity.ugui/Runtime/UGUI/EventSystem/EventData using Guid(b3cdabf2f1e76854d8aab5930305d70d) Importer(2089858483,b0f066a214c2f5e87bad3c948f4d605d) 
[Worker3] (ScriptedImporter)
[Worker1]  -> (artifact id: '83d400631eb5302b5af85f8fc6080d1b') in 0.0129561 seconds
[Worker3]  -> (artifact id: '458ab3954aa11d8891a6139a90949807') in 0.0035826 seconds
[Worker0] Start importing Packages/com.unity.2d.animation/Editor/Assets/SkinningModule/WeightInspectorIMGUIPanelStyle.uss using Guid(31c817456951a8b4f9c5a038f633223c) Importer(2089858483,b0f066a214c2f5e87bad3c948f4d605d) 
[Worker0] (ScriptedImporter)
[Worker0]  -> (artifact id: 'a643401275cc76eb1940eb42c14cb3c8') in 0.0063288 seconds
[Worker2] Start importing Packages/com.unity.render-pipelines.universal/Editor/VFXGraph/Shaders/Templates/ParticleLinesSW using Guid(792601c2ba0e2bc41986706670f378d4) Importer(2089858483,b0f066a214c2f5e87bad3c948f4d605d) 
[Worker2] (ScriptedImporter)
[Worker2]  -> (artifact id: 'c98758ad7265880c1f7d9271d5ddb077') in 0.0040803 seconds
[Worker1] Start importing Packages/com.unity.shadergraph/Editor/Generation/Targets/BuiltIn/ShaderLibrary/Shim using Guid(78c9ad9712dcd8a4d9ed0770a8fe6cc7) Importer(2089858483,b0f066a214c2f5e87bad3c948f4d605d) 
[Worker1] (ScriptedImporter)
[Worker1]  -> (artifact id: '2bf4e1b1d860a8f1ed1bb929282438f7') in 0.0027105 seconds
[Worker3] Start importing Packages/com.unity.2d.animation/Editor/Assets/EditorIcons/Selected/Create_Edge@3x.png using Guid(374643871a39dd44880f1c0eff14f46c) Importer(2089858483,b0f066a214c2f5e87bad3c948f4d605d) 
[Worker3] (ScriptedImporter)
[Worker0] Start importing Packages/com.unity.render-pipelines.universal/Editor/VFXGraph/Shaders/Templates/ParticleMeshesLit using Guid(76287eaf161827c40994b1ba2f2af31f) Importer(2089858483,b0f066a214c2f5e87bad3c948f4d605d) 
[Worker0] (ScriptedImporter)
[Worker0]  -> (artifact id: 'e9f03ef1f0d7a1890876227e93d6b45a') in 0.002521 seconds
[Worker3]  -> (artifact id: '94cbe330bd7901bb1ea42221a16da02a') in 0.0116586 seconds
[Worker2] Start importing Assets/EmeraldBunny/Generated/Meshes/hand_right.asset using Guid(8301e5461d2173d46aea1f2881dda3f3) Importer(2089858483,b0f066a214c2f5e87bad3c948f4d605d) 
[Worker2] (ScriptedImporter)
[Worker2]  -> (artifact id: '966929a3eadc1bb643c2d636c7cad63a') in 0.0054144 seconds
[Worker1] Start importing Assets/EmeraldBunny/Art/browR.png using Guid(85018153763099146b624b90619b6a4b) Importer(2089858483,b0f066a214c2f5e87bad3c948f4d605d) 
[Worker1] (ScriptedImporter)
[Worker1]  -> (artifact id: 'b0d54a4d47f741555818fe6c6dd93ccb') in 0.0088231 seconds
[Worker0] Start importing Packages/com.unity.render-pipelines.universal/Tests/Editor/URPGlobalSettingsMigrationTests using Guid(2d428e2ad3bcf4344a7b4d4c8a2daa1a) Importer(2089858483,b0f066a214c2f5e87bad3c948f4d605d) 
[Worker0] (ScriptedImporter)
[Worker0]  -> (artifact id: 'c3e9c652f8f0aff7c944e26ccb64728e') in 0.003874 seconds
[Worker3] Start importing Assets/EmeraldBunny/Generated/Materials/hair_rightlock.mat using Guid(29b5214d8dd129141a53938d0a030049) Importer(2089858483,b0f066a214c2f5e87bad3c948f4d605d) 
[Worker3] (ScriptedImporter)
[Worker2] Start importing Packages/com.unity.2d.common/Path/Editor/Handles/ShapeTool.png using Guid(2fd4f13c38edc483ba5fce64269a434a) Importer(2089858483,b0f066a214c2f5e87bad3c948f4d605d) 
[Worker2] (ScriptedImporter)
[Worker3]  -> (artifact id: 'ab3080a50f41a33372eb55d61ee4c006') in 0.0061328 seconds
[Worker2]  -> (artifact id: 'c57f013af32084c4bdf0d36ce5b2b97c') in 0.008856 seconds
[Worker0] Start importing Assets/EmeraldBunny/Art/leg_rear_knee.png using Guid(a66baa4b57baba348adee801f4829290) Importer(2089858483,b0f066a214c2f5e87bad3c948f4d605d) 
[Worker0] (ScriptedImporter)
[Worker1] Start importing Packages/com.unity.render-pipelines.core/Runtime/GPUDriven/Components using Guid(efa82a5fd775b99479c361771fb9e6d1) Importer(2089858483,b0f066a214c2f5e87bad3c948f4d605d) 
[Worker1] (ScriptedImporter)
[Worker1]  -> (artifact id: '7509859703aeb7532746b86f149b61e8') in 0.0031703 seconds
[Worker0]  -> (artifact id: '7793264b9cb2c1fabc531a94e3445a5c') in 0.0066798 seconds
[Worker3] Start importing Packages/com.unity.render-pipelines.universal/ShaderLibrary/Debug using Guid(9f4aa226a5594efa99614cb0158c2f59) Importer(2089858483,b0f066a214c2f5e87bad3c948f4d605d) 
[Worker3] (ScriptedImporter)
[Worker3]  -> (artifact id: '6ad934d5ede330b22ae720c2ca2d3021') in 0.0030854 seconds
[Worker2] Start importing Assets/EmeraldBunny/Generated/Meshes using Guid(a38a3ea11988c704786315e4e6f7b50f) Importer(2089858483,b0f066a214c2f5e87bad3c948f4d605d) 
[Worker2] (ScriptedImporter)
[Worker2]  -> (artifact id: '7eceec6894b44c4d2d8f4b29d339a701') in 0.0032994 seconds
[Worker1] Start importing Assets/EmeraldBunny/Generated/Materials/collar_left.mat using Guid(1cff0ad108855cb498838e552869a254) Importer(2089858483,b0f066a214c2f5e87bad3c948f4d605d) 
[Worker1] (ScriptedImporter)
[Worker0] Start importing Assets/EmeraldBunny/Art/repair_knee.png using Guid(212c68de052a92c4bae2ac7b49f03fa1) Importer(2089858483,b0f066a214c2f5e87bad3c948f4d605d) 
[Worker0] (ScriptedImporter)
[Worker1]  -> (artifact id: '1e6e325938e6a1d9ed124a16d1fc320a') in 0.0074457 seconds
[Worker0]  -> (artifact id: 'e770331f1e871624b4d031ddceca7f2d') in 0.0087695 seconds
[Worker3] Start importing Assets/EmeraldBunny/Art/bow_left.png using Guid(a7c895ef427333f43b7fbdb06c68e9c8) Importer(2089858483,b0f066a214c2f5e87bad3c948f4d605d) 
[Worker3] (ScriptedImporter)
[Worker2] Start importing Packages/com.unity.inputsystem/InputSystem/Plugins/XR/Controls using Guid(25ea971cc17caa84a8a2fdf9917af7b4) Importer(2089858483,b0f066a214c2f5e87bad3c948f4d605d) 
[Worker2] (ScriptedImporter)
[Worker2]  -> (artifact id: 'afe6863982e878deffe3e78d3f9507cf') in 0.0055608 seconds
[Worker3]  -> (artifact id: 'eea66c1828f990f561359ee31c1876af') in 0.0115477 seconds
[Worker1] Start importing Packages/com.unity.2d.animation/Editor/Assets/EditorIcons/Selected/Create Bones.png using Guid(7b86a539750e1a44ca7ec5b7f690babd) Importer(2089858483,b0f066a214c2f5e87bad3c948f4d605d) 
[Worker1] (ScriptedImporter)
[Worker0] Start importing Assets/EmeraldBunny/Art/fingerR_index.png using Guid(d680a176369013b449c16ec840e9e68d) Importer(2089858483,b0f066a214c2f5e87bad3c948f4d605d) 
[Worker0] (ScriptedImporter)
[Worker1]  -> (artifact id: '6938cc5db12ed390123f479de35f7da8') in 0.0105159 seconds
[Worker0]  -> (artifact id: '8b3542e66b1dd16b14041ade3e048599') in 0.0102127 seconds
[Worker3] Start importing Assets/EmeraldBunny/Generated/Meshes/hair_righttip.asset using Guid(9e60cf148a40fb44e879921c60787983) Importer(2089858483,b0f066a214c2f5e87bad3c948f4d605d) 
[Worker3] (ScriptedImporter)
[Worker3]  -> (artifact id: '06e55b1855e1091bac4ae3abe73bf0f3') in 0.0046314 seconds
[Worker2] Start importing Assets/EmeraldBunny/Editor using Guid(2bdf9b51b92c35e4a8ca06955999b409) Importer(2089858483,b0f066a214c2f5e87bad3c948f4d605d) 
[Worker2] (ScriptedImporter)
[Worker2]  -> (artifact id: '5c48d9370e6a3571e9df4d275444f792') in 0.0029724 seconds
[Worker1] Start importing Packages/com.unity.2d.animation/Editor/Assets/EditorIcons/Selected/Weight_Slider@4x.png using Guid(ac47ed8ccc79cf04dae198b9cc5b3a6f) Importer(2089858483,b0f066a214c2f5e87bad3c948f4d605d) 
[Worker1] (ScriptedImporter)
[Worker1]  -> (artifact id: 'cf98b7bca939818bae61e41cbb9e37dc') in 0.0116676 seconds
[Worker0] Start importing Packages/com.unity.2d.animation/Editor/Assets/EditorIcons/Dark/d_Create Bones.png using Guid(b4b58192a0265df4980d56bf9054df08) Importer(2089858483,b0f066a214c2f5e87bad3c948f4d605d) 
[Worker0] (ScriptedImporter)
[Worker3] Start importing Packages/com.unity.2d.animation/Editor/Assets/EditorIcons/Dark/d_Weight_Slider@4x.png using Guid(6816bbef55b2e9847b5e4f06c5475d8b) Importer(2089858483,b0f066a214c2f5e87bad3c948f4d605d) 
[Worker0]  -> (artifact id: '772b15b98c48cf888bb3fb62c02b7340') in 0.0080733 seconds
[Worker3] (ScriptedImporter)
[Worker2] Start importing Packages/com.unity.render-pipelines.universal/Runtime/VFXGraph using Guid(bc46ee9abc42d1e4ca5b5c7c8af9ebed) Importer(2089858483,b0f066a214c2f5e87bad3c948f4d605d) 
[Worker2] (ScriptedImporter)
[Worker2]  -> (artifact id: '5cb6bd6455637a27a1437743e1f44f08') in 0.0033943 seconds
[Worker3]  -> (artifact id: '391d94782615c2d8fe4ba83a491cef4e') in 0.0101812 seconds
[Worker1] Start importing Packages/com.unity.2d.animation/Editor/Assets/EditorIcons/Selected/Edit_Joints@3x.png using Guid(0b0f60aa75b9d024480f9aaad450723b) Importer(2089858483,b0f066a214c2f5e87bad3c948f4d605d) 
[Worker1] (ScriptedImporter)
[Worker0] Start importing Packages/com.unity.shadergraph/Editor/Data/Nodes/Terrain using Guid(695f632629ada094ebf7ce1c301ad9c9) Importer(2089858483,b0f066a214c2f5e87bad3c948f4d605d) 
[Worker0] (ScriptedImporter)
[Worker1]  -> (artifact id: 'a34b6ede03d4203811d8ba0c2dc47b22') in 0.0125271 seconds
[Worker0]  -> (artifact id: 'be41cd4a924e57ab5c00dece3292ec1c') in 0.0031269 seconds
[Worker3] Start importing Assets/EmeraldBunny/Art/toeGround1_lower_rear.png using Guid(593adc91576a2574db613bcb2afb992f) Importer(2089858483,b0f066a214c2f5e87bad3c948f4d605d) 
[Worker3] (ScriptedImporter)
[Worker2] Start importing Packages/com.unity.shadergraph/Editor/Data/Enumerations using Guid(55b9824914ca013428dfb7a5c38fc2de) Importer(2089858483,b0f066a214c2f5e87bad3c948f4d605d) 
[Worker2] (ScriptedImporter)
[Worker3]  -> (artifact id: '9ef757b993a1877a9d5117861d1bf036') in 0.0078766 seconds
[Worker2]  -> (artifact id: 'ec18955e9d1dda13d068b9547e4b309c') in 0.0032108 seconds
[Worker1] Start importing Assets/Resources/Art/Characters/C001/Layers using Guid(c0a1e00a111111111111111111111111) Importer(2089858483,b0f066a214c2f5e87bad3c948f4d605d) 
[Worker1] (ScriptedImporter)
[Worker1]  -> (artifact id: '2cd1af7cf88065bd0240a927ae550b69') in 0.0033546 seconds
[Worker0] Start importing Assets/EmeraldBunny/Generated/Materials/face.mat using Guid(b2aae2328bc47a140954c25f07bf113b) Importer(2089858483,b0f066a214c2f5e87bad3c948f4d605d) 
[Worker0] (ScriptedImporter)
[Worker0]  -> (artifact id: 'c3670da2ab7f333425094cb183e1a27a') in 0.0058888 seconds
[Worker3] Start importing Packages/com.unity.render-pipelines.core/Editor using Guid(74ae8146f4a01491ba1306f3db78139d) Importer(2089858483,b0f066a214c2f5e87bad3c948f4d605d) 
[Worker3] (ScriptedImporter)
[Worker2] Start importing Packages/com.unity.2d.common/Runtime/InternalBridge/AssemblyInfo.cs using Guid(031a31877f2d04a4dac4146c804dbde9) Importer(2089858483,b0f066a214c2f5e87bad3c948f4d605d) 
[Worker2] (ScriptedImporter)
[Worker3]  -> (artifact id: '5c42f6e5368ef4ffdc16b44bfe8c6448') in 0.0056125 seconds
[Worker2]  -> (artifact id: '99ada3dda421ea842454793a73e4fd53') in 0.0044769 seconds
[Worker1] Start importing Packages/com.unity.2d.animation/Editor/Assets/EditorIcons/Light/Bone@3x.png using Guid(76beef9fdae7b48468ddf07d0400a374) Importer(2089858483,b0f066a214c2f5e87bad3c948f4d605d) 
[Worker1] (ScriptedImporter)
[Worker0] Start importing Packages/com.unity.2d.animation/Editor/Assets/EditorIcons/Dark/d_False.png using Guid(4958637110c2244a691af18863ead786) Importer(2089858483,b0f066a214c2f5e87bad3c948f4d605d) 
[Worker0] (ScriptedImporter)
[Worker3] Start importing Assets/Editor using Guid(43d8de61e639d3b48a3f02f063e05671) Importer(2089858483,b0f066a214c2f5e87bad3c948f4d605d) 
[Worker3] (ScriptedImporter)
[Worker3]  -> (artifact id: 'fd12d1312a138973c16135f3d58df204') in 0.0025776 seconds
[Worker1]  -> (artifact id: '1cb2b00e664edb5caed3dee6fc930b75') in 0.0183873 seconds
[Worker0]  -> (artifact id: 'aa9b15823205427e46efbaba707a2408') in 0.0088776 seconds
[Worker2] Start importing Packages/com.unity.render-pipelines.universal/Shaders/PostProcessing using Guid(a7a16c0caf8b8a84592e5c6591db2513) Importer(2089858483,b0f066a214c2f5e87bad3c948f4d605d) 
[Worker2] (ScriptedImporter)
[Worker2]  -> (artifact id: '4a8df79926e98a42e5ae3509d485c4bf') in 0.0034047 seconds
[Worker3] Start importing Packages/com.unity.2d.animation/Editor/Assets/EditorIcons/Dark/d_Copy.png using Guid(69fdfe6d8e206134a83223383472ff48) Importer(2089858483,b0f066a214c2f5e87bad3c948f4d605d) 
[Worker3] (ScriptedImporter)
[Worker0] Start importing Packages/com.unity.shadergraph/Editor/Data/Nodes/Procedural using Guid(e74e11761cab2b446b96ce63e2d657b3) Importer(2089858483,b0f066a214c2f5e87bad3c948f4d605d) 
[Worker0] (ScriptedImporter)
[Worker0]  -> (artifact id: 'a39f8797ed8e06a589300cee02b3811c') in 0.00256 seconds
[Worker3]  -> (artifact id: '90c64087c5c3b99d736e631ee897cc4f') in 0.0068589 seconds
[Worker1] Start importing Packages/com.unity.2d.animation/Editor/Assets/ComponentIcons/d_Animation.SpriteLibrary@2x.png using Guid(86d54c3c2257e484f836f4f55e3d725b) Importer(2089858483,b0f066a214c2f5e87bad3c948f4d605d) 
[Worker1] (ScriptedImporter)
[Worker2] Start importing Packages/com.unity.2d.animation/Editor/Assets/EditorIcons/Dark/d_Sprite_Influence@4x.png using Guid(58702b682724446469909705bca1de62) Importer(2089858483,b0f066a214c2f5e87bad3c948f4d605d) 
[Worker2] (ScriptedImporter)
[Worker1]  -> (artifact id: 'b85ccdafabaa5836c278d9decfd0a39a') in 0.0104834 seconds
[Worker2]  -> (artifact id: 'a80f8a6fc204746176431427c628d293') in 0.0085288 seconds
[Worker0] Start importing Assets/EmeraldBunny/Art/foot_air_lower_fixed.png using Guid(2ba451a7f9fec254d8b034404ea98277) Importer(2089858483,b0f066a214c2f5e87bad3c948f4d605d) 
[Worker3] Start importing Packages/com.unity.render-pipelines.core/Runtime/UnifiedRayTracing/Common/Utilities using Guid(d87eae04416aa5b4faeeb9dc46c9c6b6) Importer(2089858483,b0f066a214c2f5e87bad3c948f4d605d) 
[Worker0] (ScriptedImporter)
[Worker3] (ScriptedImporter)
[Worker3]  -> (artifact id: '57921205ef7fa2b93e8096c4ddd8a3a4') in 0.0037292 seconds
[Worker0]  -> (artifact id: 'a8712dfb3c9174c9b61c0374b6b8e770') in 0.0064928 seconds
[Worker2] Start importing Assets/Resources/Fonts/NotoSansSC.otf using Guid(c3a91f0e7b2d4a6c8e0f1a2b3c4d5e6f) Importer(2089858483,b0f066a214c2f5e87bad3c948f4d605d) 
[Worker2] (ScriptedImporter)
[Worker1] Start importing Packages/com.unity.2d.animation/Tests/Editor/PlaceholderTests.cs using Guid(fdb3ad5d765ec4a49906a82ea1fe3d06) Importer(2089858483,b0f066a214c2f5e87bad3c948f4d605d) 
[Worker1] (ScriptedImporter)
[Worker1]  -> (artifact id: 'a4029243b924f87d081f85fa2c9a7da3') in 0.0048579 seconds
[Worker0] Start importing Packages/com.unity.inputsystem/InputSystem/Plugins/XR using Guid(097288e93d94f44438e9ef4dc93f7346) Importer(2089858483,b0f066a214c2f5e87bad3c948f4d605d) 
[Worker0] (ScriptedImporter)
[Worker3] Start importing Packages/com.unity.2d.animation/Tests/Editor using Guid(b9da5ea5902f0ed42a2acecf3332a648) Importer(2089858483,b0f066a214c2f5e87bad3c948f4d605d) 
[Worker3] (ScriptedImporter)
[Worker0]  -> (artifact id: '345b0abb8ec78c5eda7bf74e785fcd38') in 0.0047884 seconds
[Worker3]  -> (artifact id: 'd168a3802de78e111adc649bf7405315') in 0.004289 seconds
[Worker2]  -> (artifact id: '8e3a17e8d20cb83ccfe932c1b5fb93ee') in 0.0239983 seconds
[Worker1] Start importing Packages/com.unity.2d.animation/Editor/Assets/SkinningModule/GenerateGeometryPanelStyle.uss using Guid(3a255b868cdf39a4494f59819f0ff29e) Importer(2089858483,b0f066a214c2f5e87bad3c948f4d605d) 
[Worker1] (ScriptedImporter)
[Worker1]  -> (artifact id: '97678727468832b5c56f400e2f56ec90') in 0.0050665 seconds
[Worker3] Start importing Packages/com.unity.render-pipelines.universal/Shaders/Particles using Guid(7aa17bb9699a0ee4282141a28d9fb8ea) Importer(2089858483,b0f066a214c2f5e87bad3c948f4d605d) 
[Worker0] Start importing Assets/Scripts/Resonance.App/Characters using Guid(c0a1e003333333333333333333333333) Importer(2089858483,b0f066a214c2f5e87bad3c948f4d605d) 
[Worker3] (ScriptedImporter)
[Worker0] (ScriptedImporter)
[Worker3]  -> (artifact id: '8f5a38fb4b2243c202c790535a5fb512') in 0.0026337 seconds
[Worker2] Start importing Packages/com.unity.nuget.mono-cecil using Guid(90ed072269172012fcebb3cd57b5a869) Importer(2089858483,b0f066a214c2f5e87bad3c948f4d605d) 
[Worker2] (ScriptedImporter)
[Worker0]  -> (artifact id: '405c7c6c848ea094e4e248632e21e46e') in 0.0041587 seconds
[Worker2]  -> (artifact id: '9c1529c98b39c5867ad5baeedc7c7aca') in 0.0033915 seconds
[Worker1] Start importing Assets/EmeraldBunny/Generated/Meshes/toeGround2_lower_rear.asset using Guid(6c4a63788633b4745b28a4f71933c40d) Importer(2089858483,b0f066a214c2f5e87bad3c948f4d605d) 
[Worker1] (ScriptedImporter)
[Worker1]  -> (artifact id: 'e8f0809cca2f1e503c50d033ac11b980') in 0.0046005 seconds
[Worker3] Start importing Assets/EmeraldBunny/Art/chair_base.png using Guid(19952468b571b0546abeb45eb700b688) Importer(2089858483,b0f066a214c2f5e87bad3c948f4d605d) 
[Worker3] (ScriptedImporter)
[Worker0] Start importing Packages/com.unity.2d.animation/Editor/Assets/EditorIcons/Selected/d_Mesh@2x.png using Guid(a14979d2b0467b14abf4467f248460fb) Importer(2089858483,b0f066a214c2f5e87bad3c948f4d605d) 
[Worker0] (ScriptedImporter)
[Worker2] Start importing Assets/EmeraldBunny/Art/spread_rear_toe_4.png using Guid(ae8f752cf73cb2b45ad0601a956b1e86) Importer(2089858483,b0f066a214c2f5e87bad3c948f4d605d) 
[Worker2] (ScriptedImporter)
[Worker3]  -> (artifact id: '17a6c8df23c91cbbbd1d4c9c2beb427c') in 0.0093793 seconds
[Worker0]  -> (artifact id: '26c3136b2bfb876a19699e13baa5785c') in 0.0099705 seconds
[Worker2]  -> (artifact id: '3447e69ed5aaf7f93ed5d4e847e1b816') in 0.011756 seconds
[Worker1] Start importing Assets/EmeraldBunny/Generated/Materials/chair_rightarm.mat using Guid(638033526a14c6d49ae5e019fc864fe1) Importer(2089858483,b0f066a214c2f5e87bad3c948f4d605d) 
[Worker1] (ScriptedImporter)
[Worker1]  -> (artifact id: '053cabd7f6ccbf86a943068601f1333e') in 0.0077956 seconds
[Worker0] Start importing Assets/EmeraldBunny/Art/leg_front_calf_lower_fixed.png using Guid(be2067a85c812754ca19119983c74f60) Importer(2089858483,b0f066a214c2f5e87bad3c948f4d605d) 
[Worker0] (ScriptedImporter)
[Worker3] Start importing Assets/EmeraldBunny/Art/spread_rear_toe_1.png using Guid(0b7cf36a5b74bcb4385142c7988a825c) Importer(2089858483,b0f066a214c2f5e87bad3c948f4d605d) 
[Worker3] (ScriptedImporter)
[Worker0]  -> (artifact id: 'e02b352f1ed9a8cf98bc87d893584690') in 0.008759 seconds
[Worker3]  -> (artifact id: '911ece3b906ad793880a2597f86c67a7') in 0.0065102 seconds
[Worker2] Start importing Packages/com.unity.2d.animation/Editor/Assets/SkinningModule/ToolbarStyle.uss using Guid(449db082dbe14ec4b97d3e130d5c71b4) Importer(2089858483,b0f066a214c2f5e87bad3c948f4d605d) 
[Worker2] (ScriptedImporter)
[Worker2]  -> (artifact id: '81e0d3f8ecaa39a7b306e2fcfd7b298c') in 0.005885 seconds
[Worker1] Start importing Assets/EmeraldBunny/Art/leg_front_thigh.png using Guid(ead8720d9fe684b4b8f0e53e293515d8) Importer(2089858483,b0f066a214c2f5e87bad3c948f4d605d) 
[Worker1] (ScriptedImporter)
[Worker0] Start importing Packages/com.unity.2d.animation/Editor/Assets/EditorIcons/Selected/Weight_Slider@3x.png using Guid(af73899d5803d99448134360f184f348) Importer(2089858483,b0f066a214c2f5e87bad3c948f4d605d) 
[Worker0] (ScriptedImporter)
[Worker3] Start importing Assets/Scripts/Resonance.App/Debug/VerticalSliceSmokeRuntime.cs using Guid(de98c914532085a4485a287c104d3ae1) Importer(2089858483,b0f066a214c2f5e87bad3c948f4d605d) 
[Worker3] (ScriptedImporter)
[Worker1]  -> (artifact id: 'b7c0199c7c1fdaf7e8bbefcb79e9778f') in 0.0122572 seconds
[Worker3]  -> (artifact id: '54f6ab914ab595d27bf534dd3d6dbe56') in 0.0036103 seconds
[Worker0]  -> (artifact id: '4b710cd63efc1b7b53d4783dfdaf1ee7') in 0.0087082 seconds
[Worker2] Start importing Assets/EmeraldBunny/Generated/Materials/bow_gem.mat using Guid(658d55e2db4b77e4ab2264551b086de4) Importer(2089858483,b0f066a214c2f5e87bad3c948f4d605d) 
[Worker2] (ScriptedImporter)
[Worker2]  -> (artifact id: '26d50efdad516b73f751530ebb2b9215') in 0.0061225 seconds
[Worker0] Start importing Packages/com.unity.burst/Runtime/Intrinsics/Arm using Guid(2893f6d998ac3104919ec7e11aa597cd) Importer(2089858483,b0f066a214c2f5e87bad3c948f4d605d) 
[Worker0] (ScriptedImporter)
[Worker1] Start importing Packages/com.unity.test-framework.performance using Guid(93963ca519b768cbd41ce8514a1fa148) Importer(2089858483,b0f066a214c2f5e87bad3c948f4d605d) 
[Worker1] (ScriptedImporter)
[Worker0]  -> (artifact id: 'dae55483a7021e08dea8ed3cd58d41af') in 0.0028417 seconds
[Worker1]  -> (artifact id: '94b59af94ccac5b1794925db322e91ac') in 0.0032467 seconds
[Worker3] Start importing Packages/com.unity.2d.animation/Editor/Assets/EditorIcons/Selected/Visibility_Tool.png using Guid(7342ee656932e31489ea62e64e012645) Importer(2089858483,b0f066a214c2f5e87bad3c948f4d605d) 
[Worker3] (ScriptedImporter)
[Worker2] Start importing Packages/com.unity.render-pipelines.core/Runtime/Common using Guid(e58bd4f13d26cde488393d3a2e9bf9cd) Importer(2089858483,b0f066a214c2f5e87bad3c948f4d605d) 
[Worker2] (ScriptedImporter)
[Worker3]  -> (artifact id: '362754c851f9a5145353fdfaa7a4390f') in 0.0098066 seconds
[Worker2]  -> (artifact id: 'c45f51b89f3aa659affefe52a951b8c7') in 0.004336 seconds
[Worker0] Start importing Assets/Resources/Art/Characters/C006/Layers using Guid(07cd06a0a574227d994a1751e5c28211) Importer(2089858483,b0f066a214c2f5e87bad3c948f4d605d) 
[Worker0] (ScriptedImporter)
[Worker0]  -> (artifact id: 'ff6c0241803b3d0a49414dad538bfe95') in 0.0037063 seconds
[Worker1] Start importing Packages/com.unity.shadergraph using Guid(9a2fc9d62c0ca9a4297723b7091fa9dd) Importer(2089858483,b0f066a214c2f5e87bad3c948f4d605d) 
[Worker1] (ScriptedImporter)
[Worker1]  -> (artifact id: 'c811812bab409821d86a6f8bc9302cf2') in 0.0033235 seconds
[Worker3] Start importing Packages/com.unity.render-pipelines.core/Runtime using Guid(89c766a6aa0579c4b9f01bbbe5a45dfd) Importer(2089858483,b0f066a214c2f5e87bad3c948f4d605d) 
[Worker3] (ScriptedImporter)
[Worker3]  -> (artifact id: 'c87a233ab88e5d7a1a2ba2c03f1c9802') in 0.0033554 seconds
[Worker2] Start importing Packages/com.unity.2d.animation/LICENSE.md using Guid(a061223c7e76544829ec45015410a4b4) Importer(2089858483,b0f066a214c2f5e87bad3c948f4d605d) 
[Worker2] (ScriptedImporter)
[Worker2]  -> (artifact id: '5e05583198e4a61498fc2ace8f54e315') in 0.0050834 seconds
[Worker0] Start importing Packages/com.unity.render-pipelines.universal/Editor using Guid(53c20613ce8ac478dba8507359e02516) Importer(2089858483,b0f066a214c2f5e87bad3c948f4d605d) 
[Worker0] (ScriptedImporter)
[Worker0]  -> (artifact id: '659760035ffc00f4e8af3a8eb912a207') in 0.0039525 seconds
[Worker3] Start importing Packages/com.unity.2d.animation/Editor using Guid(164d22a8da00e422a93e091c7bd338df) Importer(2089858483,b0f066a214c2f5e87bad3c948f4d605d) 
[Worker3] (ScriptedImporter)
[Worker3]  -> (artifact id: '24c22fef523ddd1ee6dd34b7a1928ee5') in 0.0028005 seconds
[Worker1] Start importing Assets/EmeraldBunny/Generated/Meshes/irisR.asset using Guid(f76a6c7188bd10f448e326321340fcea) Importer(2089858483,b0f066a214c2f5e87bad3c948f4d605d) 
[Worker1] (ScriptedImporter)
[Worker1]  -> (artifact id: 'f011376c2896b4853a13e54a37cf494c') in 0.005382 seconds
[Worker0] Start importing Packages/com.unity.inputsystem/InputSystem/Plugins/UI using Guid(69dd334ee54c747c38b3317d02c3967a) Importer(2089858483,b0f066a214c2f5e87bad3c948f4d605d) 
[Worker0] (ScriptedImporter)
[Worker2] Start importing Packages/com.unity.shadergraph/Editor/Generation/Targets using Guid(219feb550e92ac54ebc24e3fd8d5240a) Importer(2089858483,b0f066a214c2f5e87bad3c948f4d605d) 
[Worker2] (ScriptedImporter)
[Worker0]  -> (artifact id: '7fec9d743ddaa525805c698278c41a9c') in 0.0028095 seconds
[Worker2]  -> (artifact id: 'c121ba2f647e7bbc9aa6d746510a49b4') in 0.0035548 seconds
[Worker3] Start importing Packages/com.unity.2d.animation/Editor/Assets/EditorIcons/Selected/Create_Edge@2x.png using Guid(e5da66fa63839274dbffb877e43e888b) Importer(2089858483,b0f066a214c2f5e87bad3c948f4d605d) 
[Worker3] (ScriptedImporter)
[Worker1] Start importing Assets/EmeraldBunny/Generated/Materials/leg_front_thigh_lower_rear.mat using Guid(a24ce1a3b097a5c4f9e5c82886834b18) Importer(2089858483,b0f066a214c2f5e87bad3c948f4d605d) 
[Worker1] (ScriptedImporter)
[Worker3]  -> (artifact id: '90bb24cafe95349ded8176e4d47978e4') in 0.0073079 seconds
[Worker1]  -> (artifact id: 'b2fad1c4f7681716adf00056a200fc1e') in 0.0040618 seconds
[Worker0] Start importing Packages/com.unity.2d.animation/Editor/Assets/EditorIcons/Light/Mesh@3x.png using Guid(2d95cf258837ba44896030e25b9f2dd7) Importer(2089858483,b0f066a214c2f5e87bad3c948f4d605d) 
[Worker0] (ScriptedImporter)
[Worker2] Start importing Packages/com.unity.2d.animation/Editor/Assets/ComponentIcons/d_WarningIcon_Small@2x.png using Guid(3f2d8e263d8314a48a35859e01318f35) Importer(2089858483,b0f066a214c2f5e87bad3c948f4d605d) 
[Worker2] (ScriptedImporter)
[Worker0]  -> (artifact id: 'ef36a1630d679105b3be22cff92542fd') in 0.0073901 seconds
[Worker2]  -> (artifact id: '097703917222d9e336ac207b8ba86052') in 0.0077735 seconds
[Worker1] Start importing Packages/com.unity.render-pipelines.core/Editor/Camera using Guid(234fa6c8645c73d4e8857414e1823942) Importer(2089858483,b0f066a214c2f5e87bad3c948f4d605d) 
[Worker1] (ScriptedImporter)
[Worker3] Start importing Packages/com.unity.2d.animation/Editor/Assets/EditorIcons/Selected/Paste@3x.png using Guid(e6fe7bda78bd09a46bb7f4a684a91927) Importer(2089858483,b0f066a214c2f5e87bad3c948f4d605d) 
[Worker3] (ScriptedImporter)
[Worker1]  -> (artifact id: '24d6ed47b8150139770168de481c7645') in 0.0038075 seconds
[Worker3]  -> (artifact id: 'eff97a17c7613e59485e1f439cc372d9') in 0.0070573 seconds
[Worker0] Start importing Assets/EmeraldBunny/Generated/Materials/chair_rightarm_lower_fixed.mat using Guid(0768bbd4bd74e6f47a797378a0086bf9) Importer(2089858483,b0f066a214c2f5e87bad3c948f4d605d) 
[Worker0] (ScriptedImporter)
[Worker2] Start importing Packages/com.unity.2d.animation/Editor/Assets/EditorIcons/Selected/Create_Vertex@2x.png using Guid(8afb57fea8c4eea4a8085e91c810380b) Importer(2089858483,b0f066a214c2f5e87bad3c948f4d605d) 
[Worker2] (ScriptedImporter)
[Worker0]  -> (artifact id: '13edd0c0ad3c829673bdfd851e7b62e2') in 0.0062791 seconds
[Worker2]  -> (artifact id: 'd4e66521b636add0694114ef24099ec3') in 0.0080283 seconds
[Worker1] Start importing Packages/com.unity.2d.common/Path/Editor/AssemblyInfo.cs using Guid(c394269b2dc8e4961b3cb2907fc37eed) Importer(2089858483,b0f066a214c2f5e87bad3c948f4d605d) 
[Worker1] (ScriptedImporter)
[Worker3] Start importing Packages/com.unity.2d.animation/Editor/Assets/EditorIcons/Dark/d_Create Bones@2x.png using Guid(fea84712d555ee04a8147088aad76931) Importer(2089858483,b0f066a214c2f5e87bad3c948f4d605d) 
[Worker3] (ScriptedImporter)
[Worker1]  -> (artifact id: '4f52789de8d8d4545faf98d892bb3226') in 0.0031368 seconds
[Worker3]  -> (artifact id: '751fa609de245cdeb5dba87b650b615f') in 0.006776 seconds
[Worker0] Start importing Packages/com.unity.render-pipelines.universal/Editor/ScriptTemplates using Guid(3c76ead915a5d4c3190e62adcb063092) Importer(2089858483,b0f066a214c2f5e87bad3c948f4d605d) 
[Worker0] (ScriptedImporter)
[Worker2] Start importing Assets/EmeraldInochi/Resources using Guid(cecb931661e6d9949a9a9d112e7e271a) Importer(2089858483,b0f066a214c2f5e87bad3c948f4d605d) 
[Worker2] (ScriptedImporter)
[Worker2]  -> (artifact id: '016d848c8b839f8d105e18ed44bccf5f') in 0.0030839 seconds
[Worker0]  -> (artifact id: '676e1a31c652df85f0ae3bcdf67809c6') in 0.0041087 seconds
[Worker1] Start importing Assets/EmeraldBunny/Generated/Materials/chair_leg_backleft_lower_fixed.mat using Guid(3003988a5f994ee4cad91b9569a3bbd6) Importer(2089858483,b0f066a214c2f5e87bad3c948f4d605d) 
[Worker1] (ScriptedImporter)
[Worker3] Start importing Assets/EmeraldBunny/Generated/Materials/mouth_inner.mat using Guid(f210402ffb1a12648992f0a969db89f7) Importer(2089858483,b0f066a214c2f5e87bad3c948f4d605d) 
[Worker3] (ScriptedImporter)
[Worker1]  -> (artifact id: '1dca1c6928d793505fe473a98f8ad3ef') in 0.0070127 seconds
[Worker3]  -> (artifact id: '13158e02d7bafa4420f799c642c0b566') in 0.0049784 seconds
[Worker2] Start importing Packages/com.unity.2d.animation/Editor/Assets/ComponentIcons/Animation.SpriteResolver@256.png using Guid(8f526fff3bebe4808b05f8ae127482f0) Importer(2089858483,b0f066a214c2f5e87bad3c948f4d605d) 
[Worker2] (ScriptedImporter)
[Worker0] Start importing Packages/com.unity.modules.terrainphysics using Guid(95f85adeda79e994f011eb2152cf4fc9) Importer(2089858483,b0f066a214c2f5e87bad3c948f4d605d) 
[Worker0] (ScriptedImporter)
[Worker0]  -> (artifact id: '9971310dd50372fe175b5496031c1415') in 0.0026014 seconds
[Worker1] Start importing Packages/com.unity.2d.sprite/Editor/Undo using Guid(7a102b8a65a8437b961da9f48269e876) Importer(2089858483,b0f066a214c2f5e87bad3c948f4d605d) 
[Worker1] (ScriptedImporter)
[Worker2]  -> (artifact id: 'ed71221e84098c42761abc0193a6b47d') in 0.0101334 seconds
[Worker1]  -> (artifact id: '76f05a2a2257ac0923eff095d6d10f74') in 0.0030828 seconds
[Worker3] Start importing Packages/com.unity.render-pipelines.core/Editor/CommandBuffers/CommandBufferGenerator using Guid(9ee4775791ff6f8448490ba9f74d2f5b) Importer(2089858483,b0f066a214c2f5e87bad3c948f4d605d) 
[Worker3] (ScriptedImporter)
[Worker3]  -> (artifact id: 'cb3528f60c78703c5da2d6c7d366bf0f') in 0.0033505 seconds
[Worker0] Start importing Packages/com.unity.render-pipelines.universal-config/Runtime using Guid(670b80493e242394ba4eda64f09253ac) Importer(2089858483,b0f066a214c2f5e87bad3c948f4d605d) 
[Worker0] (ScriptedImporter)
[Worker2] Start importing Packages/com.unity.collections/Unity.Collections/Jobs using Guid(f778b3b3948af5542847d94f90157bd6) Importer(2089858483,b0f066a214c2f5e87bad3c948f4d605d) 
[Worker0]  -> (artifact id: '11d62a49f7a2152c14aaa6705120808b') in 0.0033544 seconds
[Worker2] (ScriptedImporter)
[Worker2]  -> (artifact id: '49722f5844c12d78becb6e42813808ad') in 0.0034916 seconds
[Worker1] Start importing Packages/com.unity.2d.animation/Editor/Assets/EditorIcons/Dark/d_character_Mode@3x.png using Guid(c22340e383b54c44196cb7765328e79d) Importer(2089858483,b0f066a214c2f5e87bad3c948f4d605d) 
[Worker1] (ScriptedImporter)
[Worker3] Start importing Packages/com.unity.render-pipelines.universal/Editor/ShaderGUI/Shaders using Guid(44979452441cd45d5a88ff530647528f) Importer(2089858483,b0f066a214c2f5e87bad3c948f4d605d) 
[Worker3] (ScriptedImporter)
[Worker1]  -> (artifact id: '94f759c500bfd8ee45f3cc552b50650e') in 0.0079709 seconds
[Worker3]  -> (artifact id: '134cc93faa85bb2bccd2915be1670c2a') in 0.0034379 seconds
[Worker2] Start importing Packages/com.unity.shadergraph/Editor/Drawing/Views using Guid(a24ff57a99e64e33b4f88b1e81d84e97) Importer(2089858483,b0f066a214c2f5e87bad3c948f4d605d) 
[Worker2] (ScriptedImporter)
[Worker2]  -> (artifact id: '14a0feed8348004b4513de8d732bfb87') in 0.0026701 seconds
[Worker1] Start importing Packages/com.unity.2d.animation/Editor/Assets/ComponentIcons/d_Animation.SpriteResolver.asset using Guid(1beab167850ca46a1bd9c199729da371) Importer(2089858483,b0f066a214c2f5e87bad3c948f4d605d) 
[Worker1] (ScriptedImporter)
[Worker0] Start importing Packages/com.unity.2d.animation/Editor/SkinningModule/SkinningCache using Guid(181aae7e64f90f940a2588cc2b4cbaf7) Importer(2089858483,b0f066a214c2f5e87bad3c948f4d605d) 
[Worker0] (ScriptedImporter)
[Worker0]  -> (artifact id: 'b826a5ad1fb679b06c4015640aa52631') in 0.0036871 seconds
[Worker3] Start importing Packages/com.unity.inputsystem/InputSystem/Editor/ControlPicker using Guid(b01eed8192c9f442b820a7af87ac73f8) Importer(2089858483,b0f066a214c2f5e87bad3c948f4d605d) 
[Worker3] (ScriptedImporter)
[Worker1]  -> (artifact id: '1d15ca7b37729761cbcf83dc59b821c6') in 0.0098928 seconds
[Worker3]  -> (artifact id: '55da7ca7c68f05218fda7c8c314f3dfb') in 0.0032401 seconds
[Worker2] Start importing Packages/com.unity.2d.animation/Editor/Assets/EditorIcons/Light/Visibility_Tool@3x.png using Guid(ec23e33668eecff4aaec16f735dcc204) Importer(2089858483,b0f066a214c2f5e87bad3c948f4d605d) 
[Worker2] (ScriptedImporter)
[Worker0] Start importing Packages/com.unity.2d.animation/Editor/Assets/EditorIcons/Dark/d_Visibility_Hidded@2x.png using Guid(03d0123afb5451345b88c605c86db28b) Importer(2089858483,b0f066a214c2f5e87bad3c948f4d605d) 
[Worker0] (ScriptedImporter)
[Worker2]  -> (artifact id: '62916873a165ad31076b7c40154e4543') in 0.008777 seconds
[Worker1] Start importing Packages/com.unity.2d.animation/Editor/SkinningModule/OutlineGenerator using Guid(2a8a39f0e276884449c4610fee697330) Importer(2089858483,b0f066a214c2f5e87bad3c948f4d605d) 
[Worker0]  -> (artifact id: '19255d57c1f9d634f5c6d4d4db32fb20') in 0.0079136 seconds
[Worker1] (ScriptedImporter)
[Worker1]  -> (artifact id: '0d8a14a3ce2bf5c4c57e28d6a291fd63') in 0.003353 seconds
[Worker3] Start importing Packages/com.unity.2d.animation/Editor/Assets/SpriteLibraryEditor using Guid(fc45d656a7aa9449d82222e70afe5737) Importer(2089858483,b0f066a214c2f5e87bad3c948f4d605d) 
[Worker3] (ScriptedImporter)
[Worker3]  -> (artifact id: 'c5241d81911f892046f3218502a6cb84') in 0.003511 seconds
[Worker2] Start importing Packages/com.unity.2d.animation/Editor/Assets/SkinningModule/MeshToolbar.uxml using Guid(e085ef9f44efb404ca5462391539bf32) Importer(2089858483,b0f066a214c2f5e87bad3c948f4d605d) 
[Worker2] (ScriptedImporter)
[Worker0] Start importing Packages/com.unity.2d.animation/Editor/Assets/EditorIcons/Light/Sprite_Mode.png using Guid(2ad84ec7182471b4d8c44de568e22df4) Importer(2089858483,b0f066a214c2f5e87bad3c948f4d605d) 
[Worker0] (ScriptedImporter)
[Worker2]  -> (artifact id: 'a7570273e182948eb3097604f69f6a06') in 0.0078103 seconds
[Worker0]  -> (artifact id: '2088db3041ac1f82a640b1bf5f24a6cf') in 0.0080988 seconds
[Worker1] Start importing Packages/com.unity.2d.animation/Editor/Assets/SkinningModule/PivotInspectorPanelStyle.uss using Guid(ca98e2335e48a4619be9fef24dbb4fd1) Importer(2089858483,b0f066a214c2f5e87bad3c948f4d605d) 
[Worker1] (ScriptedImporter)
[Worker3] Start importing Assets/EmeraldBunny/Art/eyeL_white.png using Guid(4f074404cc477f441bf9ebcb29cead2b) Importer(2089858483,b0f066a214c2f5e87bad3c948f4d605d) 
[Worker3] (ScriptedImporter)
[Worker1]  -> (artifact id: '52441cd62ec9667f3762377c9f1be077') in 0.0042982 seconds
[Worker3]  -> (artifact id: '01f8643614d16d245ed4fad9d71899cd') in 0.006553 seconds
[Worker0] Start importing Packages/com.unity.2d.animation/Editor/Assets/EditorIcons/Selected/character_Mode@3x.png using Guid(dcea51d6065d64246aeec467afeff684) Importer(2089858483,b0f066a214c2f5e87bad3c948f4d605d) 
[Worker0] (ScriptedImporter)
[Worker2] Start importing Packages/com.unity.2d.animation/Editor/SkinningModule/Lib/x64/BoundedBiharmonicWeightsModule.so using Guid(35869f4d0e1d03e4ebffcc461c55773f) Importer(2089858483,b0f066a214c2f5e87bad3c948f4d605d) 
[Worker2] (ScriptedImporter)
[Worker2]  -> (artifact id: '896c74f9d8d0905d54774d2cc5b715ee') in 0.0056181 seconds
[Worker1] Start importing Assets/EmeraldBunny/Generated/Meshes/chair_leg_middle_lower_fixed.asset using Guid(4a802e1009a76214ba9fceea88759e83) Importer(2089858483,b0f066a214c2f5e87bad3c948f4d605d) 
[Worker1] (ScriptedImporter)
[Worker3] Start importing Packages/com.unity.render-pipelines.core/Editor/UnifiedRayTracing using Guid(0ababd4155f586548894b3dc7e2fd321) Importer(2089858483,b0f066a214c2f5e87bad3c948f4d605d) 
[Worker3] (ScriptedImporter)
[Worker0]  -> (artifact id: '8942f209ee237362779d1395a8fc3c2c') in 0.0095841 seconds
[Worker3]  -> (artifact id: '10774b11601e0fe00cc0c0acb5947784') in 0.0039964 seconds
[Worker1]  -> (artifact id: 'bd68306449935dbf2d758eab2a13446b') in 0.0045859 seconds
[Worker2] Start importing Assets/EmeraldBunny/Generated/Meshes/earring_left.asset using Guid(68db448265c98ba4baf2a68cbb615e8f) Importer(2089858483,b0f066a214c2f5e87bad3c948f4d605d) 
[Worker2] (ScriptedImporter)
[Worker0] Start importing Packages/com.unity.2d.animation/Editor/Assets/EditorIcons/Selected/Sprite_Mode@2x.png using Guid(ff2aa9ebc8aee604caa5f8459ac4ae43) Importer(2089858483,b0f066a214c2f5e87bad3c948f4d605d) 
[Worker0] (ScriptedImporter)
[Worker1] Start importing Packages/com.unity.ugui/Editor/TMP using Guid(10d1425d9e87841d9a9deafe9e93a6f2) Importer(2089858483,b0f066a214c2f5e87bad3c948f4d605d) 
[Worker1] (ScriptedImporter)
[Worker2]  -> (artifact id: '2d9e3eec13839ab1976df80be10880ec') in 0.0049476 seconds
[Worker3] Start importing Packages/com.unity.inputsystem/InputSystem/Editor/AssetEditor/PackageResources/pro using Guid(be2b3c041afc2477ea1f172b6d14c3dc) Importer(2089858483,b0f066a214c2f5e87bad3c948f4d605d) 
[Worker3] (ScriptedImporter)
[Worker1]  -> (artifact id: '79e15e43c3f826338b95976c715210f7') in 0.0035361 seconds
[Worker3]  -> (artifact id: '76673e739be7a80b724c6a13d2ce569c') in 0.0034855 seconds
[Worker0]  -> (artifact id: '5f45a1be7692c14ba1246a62815dedde') in 0.0101958 seconds
[Worker2] Start importing Packages/com.unity.2d.animation/Editor/Assets/ComponentIcons/d_Animation.IKManager@256.png using Guid(ae40df8c9f7d34e72ac6a5232cb18366) Importer(2089858483,b0f066a214c2f5e87bad3c948f4d605d) 
[Worker2] (ScriptedImporter)
[Worker1] Start importing Assets/EmeraldBunny/Generated/Meshes/cuff_right.asset using Guid(1673dc0a9ea446f41a30f6e8f0ec1ed2) Importer(2089858483,b0f066a214c2f5e87bad3c948f4d605d) 
[Worker1] (ScriptedImporter)
[Worker0] Start importing Assets/EmeraldBunny/Generated/Meshes/leg_front_knee_lower_front.asset using Guid(4d1fbf9d9f60aa34fb3ec7a8cd2b6158) Importer(2089858483,b0f066a214c2f5e87bad3c948f4d605d) 
[Worker0] (ScriptedImporter)
[Worker2]  -> (artifact id: 'a9724ea597fd74c99f631ee8edaf74e7') in 0.0092953 seconds
[Worker3] Start importing Packages/com.unity.2d.sprite using Guid(48c2824b53fb5ee91a0a4e7d340d9fa0) Importer(2089858483,b0f066a214c2f5e87bad3c948f4d605d) 
[Worker3] (ScriptedImporter)
[Worker1]  -> (artifact id: '837d828590c9184154bec79d42f2ebe3') in 0.0042297 seconds
[Worker0]  -> (artifact id: '3411ec69a4434ba624d9b6a6a2f907c6') in 0.0039988 seconds
[Worker3]  -> (artifact id: '42297b0103f59be8e84b77602b2680a8') in 0.002999 seconds
[Worker1] Start importing Assets/EmeraldBunny/Generated/Materials/toeGround4_lower_rear.mat using Guid(8dc35f51965b70e4ab68b8d72748e0eb) Importer(2089858483,b0f066a214c2f5e87bad3c948f4d605d) 
[Worker1] (ScriptedImporter)
[Worker1]  -> (artifact id: 'cc8913656fc91ba2b69396dd3686053e') in 0.0048164 seconds
[Worker2] Start importing Assets/EmeraldBunny/Generated/Meshes/spread_front_toe_0.asset using Guid(1d04b69a5dfb77e4aa0e528eb54618cb) Importer(2089858483,b0f066a214c2f5e87bad3c948f4d605d) 
[Worker2] (ScriptedImporter)
[Worker2]  -> (artifact id: 'e708f7e2227b28f1d83b817f5d0bda0c') in 0.0038868 seconds
[Worker0] Start importing Packages/com.unity.ugui/Tests/Runtime/UGUI/Graphic using Guid(8313ea704470a264295ec9e09aec6ebc) Importer(2089858483,b0f066a214c2f5e87bad3c948f4d605d) 
[Worker0] (ScriptedImporter)
[Worker3] Start importing Assets/EmeraldBunny/Generated/Meshes/hair_sweep.asset using Guid(9bc4afb1f5000484899ea2097ad0c421) Importer(2089858483,b0f066a214c2f5e87bad3c948f4d605d) 
[Worker3] (ScriptedImporter)
[Worker0]  -> (artifact id: '662587fbf9d4ea910a11102ebd4c055e') in 0.003464 seconds
[Worker3]  -> (artifact id: '67d4674987873f0adc98bedf17ddc99e') in 0.0056176 seconds
[Worker1] Start importing Assets/EmeraldBunny/Generated/Materials/repair_face.mat using Guid(baeb2cba03794c949a85fb97008c1239) Importer(2089858483,b0f066a214c2f5e87bad3c948f4d605d) 
[Worker1] (ScriptedImporter)
[Worker2] Start importing Packages/com.unity.2d.animation/Editor/Assets/LayoutOverlay/ScrollableToolbar.uss using Guid(f3a7eea6e0f5acb479ae4e70f8f25d95) Importer(2089858483,b0f066a214c2f5e87bad3c948f4d605d) 
[Worker2] (ScriptedImporter)
[Worker1]  -> (artifact id: '898403357d156560bbbf8affdd39cb1b') in 0.0073004 seconds
[Worker2]  -> (artifact id: 'aa915ea41f91a1421d66accc6bc0db26') in 0.00435 seconds
[Worker0] Start importing Packages/com.unity.2d.animation/Editor/Assets/EditorIcons/Selected/Create Bones@2x.png using Guid(5b7f664b515582d458717c354f6be292) Importer(2089858483,b0f066a214c2f5e87bad3c948f4d605d) 
[Worker0] (ScriptedImporter)
[Worker3] Start importing Assets/Scripts/Resonance.App/Battle/BattleFighter.cs using Guid(1f1d465bc3da2ce42b2eef6af8ad71c4) Importer(2089858483,b0f066a214c2f5e87bad3c948f4d605d) 
[Worker3] (ScriptedImporter)
[Worker3]  -> (artifact id: '63e7bd1f38c05f8dcfa1e1ec70e08ea6') in 0.0035331 seconds
[Worker0]  -> (artifact id: 'd3c7a683198e1a8841322166a1cc210f') in 0.0132363 seconds
[Worker2] Start importing Packages/com.unity.2d.animation/Editor/Assets/EditorIcons/Dark/d_Visibility_Tool@3x.png using Guid(8c3b52e1fbc36584d802ee0099c48682) Importer(2089858483,b0f066a214c2f5e87bad3c948f4d605d) 
[Worker2] (ScriptedImporter)
[Worker1] Start importing Assets/EmeraldBunny/Art/chair_leg_right_lower_fixed.png using Guid(5e803e8e0371e3646adb5b0b25fd5634) Importer(2089858483,b0f066a214c2f5e87bad3c948f4d605d) 
[Worker1] (ScriptedImporter)
[Worker1]  -> (artifact id: 'f762842bbf30289242a7ea6c2ed568b0') in 0.0051105 seconds
[Worker2]  -> (artifact id: '178f4e41fe1ec21dd221a2116400edf7') in 0.0115534 seconds
[Worker3] Start importing Packages/com.unity.ugui/Tests/Runtime/UGUI/LayoutGroup using Guid(2d9b6ff056b6f484ba6500aa8e06bcf3) Importer(2089858483,b0f066a214c2f5e87bad3c948f4d605d) 
[Worker3] (ScriptedImporter)
[Worker3]  -> (artifact id: '9fa048b1a4403183b77c909e38197c97') in 0.0025236 seconds
[Worker0] Start importing Packages/com.unity.2d.sprite/Editor/ObjectMenuCreation/DefaultAssets/Textures/SquareWithBorder.png using Guid(db750325989564987a34393247d883b4) Importer(2089858483,b0f066a214c2f5e87bad3c948f4d605d) 
[Worker0] (ScriptedImporter)
[Worker1] Start importing Packages/com.unity.render-pipelines.core/Editor/LookDev/Icons using Guid(9d38fc3327537ec418b043933457c849) Importer(2089858483,b0f066a214c2f5e87bad3c948f4d605d) 
[Worker1] (ScriptedImporter)
[Worker2] Start importing Packages/com.unity.test-framework/UnityEditor.TestRunner/TestRun/Data using Guid(4926c06156894939ba0a2680f1b0aa7a) Importer(2089858483,b0f066a214c2f5e87bad3c948f4d605d) 
[Worker2] (ScriptedImporter)
[Worker1]  -> (artifact id: 'a4861b19daff66d5d03370fb81961b5e') in 0.0025525 seconds
[Worker0]  -> (artifact id: 'e806a7102d66b95b8a91898b21c008c7') in 0.0107295 seconds
[Worker2]  -> (artifact id: 'ebc6168b5eda1c3d2fbd017f7da29da3') in 0.0025597 seconds
[Worker3] Start importing Packages/com.unity.shadergraph/Editor/Data/Nodes/Input/Basic using Guid(b43ef3944c134a74995e6582de94d21b) Importer(2089858483,b0f066a214c2f5e87bad3c948f4d605d) 
[Worker3] (ScriptedImporter)
[Worker3]  -> (artifact id: 'edcec62c76c0bf9cb459f4bb1dde5ae6') in 0.0024944 seconds
[Worker1] Start importing Assets/EmeraldBunny/Generated/Meshes/upperlidR.asset using Guid(3db8d393548b0a742a9496d91142e948) Importer(2089858483,b0f066a214c2f5e87bad3c948f4d605d) 
[Worker1] (ScriptedImporter)
[Worker2] Start importing Packages/com.unity.render-pipelines.universal/Editor/2D/Shadows/ShadowProvider using Guid(6f2ac257a477638438d93937e28e4e34) Importer(2089858483,b0f066a214c2f5e87bad3c948f4d605d) 
[Worker2] (ScriptedImporter)
[Worker0] Start importing Assets/EmeraldBunny/Generated/Materials/chair_leg_right.mat using Guid(a01f8d70a54156b49914af6d30e32223) Importer(2089858483,b0f066a214c2f5e87bad3c948f4d605d) 
[Worker0] (ScriptedImporter)
[Worker1]  -> (artifact id: 'b0f2f7deb24cd646db0332e05e1695fd') in 0.0055833 seconds
[Worker0]  -> (artifact id: '5bb38d6e80d79a468e3694fcbac40b11') in 0.0046184 seconds
[Worker2]  -> (artifact id: '4ab306c61729f01b7d8cc33cb9dadb13') in 0.0069899 seconds
[Worker3] Start importing Packages/com.unity.shadergraph/ShaderGraphLibrary using Guid(c1bc9b92d5eaa40f8a85c1f48ba87de9) Importer(2089858483,b0f066a214c2f5e87bad3c948f4d605d) 
[Worker3] (ScriptedImporter)
[Worker3]  -> (artifact id: '3b4ead79f2b287c02361952440c9d110') in 0.0027123 seconds
[Worker1] Start importing Packages/com.unity.ugui/Tests/Runtime/UGUI/Layout using Guid(cc313cc004395df4a9884390556690a5) Importer(2089858483,b0f066a214c2f5e87bad3c948f4d605d) 
[Worker1] (ScriptedImporter)
[Worker0] Start importing Packages/com.unity.shadergraph/Editor/Drawing/Controllers using Guid(b1b1a4fb9c392ef49acffada0059f01e) Importer(2089858483,b0f066a214c2f5e87bad3c948f4d605d) 
[Worker0] (ScriptedImporter)
[Worker1]  -> (artifact id: '4130c935993368cd304a95faa3fc2b43') in 0.0038217 seconds
[Worker0]  -> (artifact id: '09ae2e42d568b8e2db540e0524ea0353') in 0.0032132 seconds
[Worker2] Start importing Packages/com.unity.render-pipelines.universal/Editor/Converter using Guid(e61c6cfe2da40854885b4e4d96829a88) Importer(2089858483,b0f066a214c2f5e87bad3c948f4d605d) 
[Worker2] (ScriptedImporter)
[Worker2]  -> (artifact id: 'b71260f4eca5a0b7e980e08a956a84b0') in 0.0036455 seconds
[Worker3] Start importing Packages/com.unity.2d.common/Path/Editor/EditablePath using Guid(7547253d5e9da40a6a81c6436d293494) Importer(2089858483,b0f066a214c2f5e87bad3c948f4d605d) 
[Worker3] (ScriptedImporter)
[Worker3]  -> (artifact id: '687eccb91aafc5d17edfeced152c88f3') in 0.0025977 seconds
[Worker1] Start importing Packages/com.unity.2d.animation/Editor/Assets/ComponentIcons/Animation.IKFabrik On@64.png using Guid(009774248359949e3b9317677c6678da) Importer(2089858483,b0f066a214c2f5e87bad3c948f4d605d) 
[Worker1] (ScriptedImporter)
[Worker0] Start importing Assets/EmeraldBunny/EmeraldBunnyPreview.unity using Guid(b5d23ee43d639f54fb125759fea0dde0) Importer(2089858483,b0f066a214c2f5e87bad3c948f4d605d) 
[Worker0] (ScriptedImporter)
[Worker2] Start importing Packages/com.unity.2d.animation/Editor/Assets/EditorIcons/Selected/Generate_Geometry@3x.png using Guid(a581ff3810b2e0a4690cddcf7634ed22) Importer(2089858483,b0f066a214c2f5e87bad3c948f4d605d) 
[Worker2] (ScriptedImporter)
[Worker1]  -> (artifact id: '5bf2ba4c3b42fc3c7e09b743cf642152') in 0.0066137 seconds
[Worker3] Start importing Packages/com.unity.ugui/Runtime/UGUI/EventSystem using Guid(7f27709c942d91541be1fd6aa5cb3d78) Importer(2089858483,b0f066a214c2f5e87bad3c948f4d605d) 
[Worker3] (ScriptedImporter)
[Worker3]  -> (artifact id: '5f3fc5d1aa6a5e065fcc3c4ba0829356') in 0.002587 seconds
[Worker2]  -> (artifact id: 'bcaa691538c1a1536d4b3c4d2b6a234a') in 0.0102095 seconds
[Worker0]  -> (artifact id: '438334baa7367c02fd757a7950850669') in 0.0139575 seconds
[Worker1] Start importing Packages/com.unity.2d.animation/Editor/Assets/EditorIcons/Selected/d_Visibility_Hidded@4x.png using Guid(8008767850e870a4e8baaf5a6fc8b35c) Importer(2089858483,b0f066a214c2f5e87bad3c948f4d605d) 
[Worker1] (ScriptedImporter)
[Worker3] Start importing Packages/com.unity.shadergraph/Editor/Data/Nodes/Input/PBR using Guid(bc2d9fef9660c574dad26112f3061731) Importer(2089858483,b0f066a214c2f5e87bad3c948f4d605d) 
[Worker3] (ScriptedImporter)
[Worker3]  -> (artifact id: '75e5e6575afec11b6b89b70fd02623b2') in 0.0029725 seconds
[Worker1]  -> (artifact id: '0dc0ff1b446b1964dd2bf0ce486935b1') in 0.0081291 seconds
[Worker2] Start importing Packages/com.unity.2d.common/Tests/Editor/Unity.2D.Common.EditorTests.asmdef using Guid(03bfc083748b8452197dde3b8ea7fbba) Importer(2089858483,b0f066a214c2f5e87bad3c948f4d605d) 
[Worker2] (ScriptedImporter)
[Worker0] Start importing Packages/com.unity.2d.animation/Editor/Assets/EditorIcons/Selected/Edit_Geometry@3x.png using Guid(dd736f22fa93fe9468b8b8b405413957) Importer(2089858483,b0f066a214c2f5e87bad3c948f4d605d) 
[Worker0] (ScriptedImporter)
[Worker2]  -> (artifact id: 'a5362d05b8c045f4d15ea07d3dfdde4b') in 0.0041353 seconds
[Worker0]  -> (artifact id: 'c8fb0f1d8eb68c8d2fb0b3c28ca4d690') in 0.0077627 seconds
[Worker3] Start importing Packages/com.unity.inputsystem/InputSystem/Devices/Haptics using Guid(e286fc65ad3d4645b213e71b11e963e4) Importer(2089858483,b0f066a214c2f5e87bad3c948f4d605d) 
[Worker3] (ScriptedImporter)
[Worker3]  -> (artifact id: 'ca3a2d68e78e34de607c3056fa477b2d') in 0.0027241 seconds
[Worker1] Start importing Packages/com.unity.render-pipelines.universal/Runtime/2D/Data using Guid(e0c762e8dad9af640925a542761eb35a) Importer(2089858483,b0f066a214c2f5e87bad3c948f4d605d) 
[Worker1] (ScriptedImporter)
[Worker1]  -> (artifact id: 'c5608f2b85764bd589941b699882c464') in 0.0027274 seconds
[Worker2] Start importing Packages/com.unity.render-pipelines.core/Tests/Editor/RenderPipeline/SettingsStrippingResults using Guid(1acfae9965174d74086850609850b577) Importer(2089858483,b0f066a214c2f5e87bad3c948f4d605d) 
[Worker2] (ScriptedImporter)
[Worker0] Start importing Packages/com.unity.test-framework/UnityEngine.TestRunner/TestRunner/RemoteHelpers using Guid(91c20d2c22b8b3a4cb6c816bd225591a) Importer(2089858483,b0f066a214c2f5e87bad3c948f4d605d) 
[Worker0] (ScriptedImporter)
[Worker2]  -> (artifact id: 'be4e4411d2d29c05045ecf2d9cfdbb5a') in 0.003379 seconds
[Worker0]  -> (artifact id: 'b0e730af7f167aca1e6269f0bc501f74') in 0.0026324 seconds
[Worker3] Start importing Packages/com.unity.render-pipelines.universal/Editor/VFXGraph/Shaders using Guid(7d77ae3715c5eea4ca5de8d2fe3dfa2c) Importer(2089858483,b0f066a214c2f5e87bad3c948f4d605d) 
[Worker3] (ScriptedImporter)
[Worker1] Start importing Packages/com.unity.2d.sprite/Editor/ObjectMenuCreation/DefaultAssets/Textures/CircleMask.png using Guid(87aaca0a643d54397ba969dab4fc8875) Importer(2089858483,b0f066a214c2f5e87bad3c948f4d605d) 
[Worker1] (ScriptedImporter)
[Worker3]  -> (artifact id: '3f13d7173c5c274b73f3c14421600567') in 0.0025789 seconds
[Worker1]  -> (artifact id: '85ee192901120b719a2bfbb8f49b1c4b') in 0.0122034 seconds
[Worker2] Start importing Assets/EmeraldBunny/Art/hair_gem.png using Guid(63afd0bc2a4cdf745b48b6aa641049d1) Importer(2089858483,b0f066a214c2f5e87bad3c948f4d605d) 
[Worker2] (ScriptedImporter)
[Worker0] Start importing Packages/com.unity.2d.animation/Editor/Assets/ComponentIcons/Animation.IKLimb@64.png using Guid(0aa01ed159728414b863dd9c7aa7f596) Importer(2089858483,b0f066a214c2f5e87bad3c948f4d605d) 
[Worker0] (ScriptedImporter)
[Worker2]  -> (artifact id: '7c587afdf5c2dd8a545156ef289def38') in 0.0054831 seconds
[Worker3] Start importing Packages/com.unity.render-pipelines.core/Runtime/UnifiedRayTracing/Hardware using Guid(de0ed5319362ff5418fb5d16977e9463) Importer(2089858483,b0f066a214c2f5e87bad3c948f4d605d) 
[Worker3] (ScriptedImporter)
[Worker3]  -> (artifact id: '203229bc37c01c1a829d60278e989f10') in 0.0024533 seconds
[Worker0]  -> (artifact id: '5a5dde8a1828c9f56795bf0ea436bc4e') in 0.0112779 seconds
[Worker1] Start importing Assets/EmeraldBunny/Generated/Meshes/hair_fringe.asset using Guid(9f7138793e7515a40b10a942323736ef) Importer(2089858483,b0f066a214c2f5e87bad3c948f4d605d) 
[Worker1] (ScriptedImporter)
[Worker1]  -> (artifact id: '255f75eff733655d0deb6b103604d61a') in 0.0048992 seconds
[Worker2] Start importing Packages/com.unity.2d.animation/Editor/Assets/EditorIcons/Light/Edit_Geometry@3x.png using Guid(b37297243655c064a8cd48d76a074ca0) Importer(2089858483,b0f066a214c2f5e87bad3c948f4d605d) 
[Worker2] (ScriptedImporter)
[Worker3] Start importing Assets/EmeraldBunny/Generated/Meshes/chair_base_lower_front.asset using Guid(5f52140e511dc7d4abb9dd94de7094f2) Importer(2089858483,b0f066a214c2f5e87bad3c948f4d605d) 
[Worker3] (ScriptedImporter)
[Worker2]  -> (artifact id: '67330f71dbb6bd50b81607953bbc8359') in 0.0083022 seconds
[Worker3]  -> (artifact id: '98c50e2913c11b7a36e66ac1ecbeeaa5') in 0.0036385 seconds
[Worker0] Start importing Packages/com.unity.2d.animation/Editor/Assets/EditorIcons/Light/Edit_Geometry@2x.png using Guid(4bcd27377338b8440bda5ecf26ea2fb5) Importer(2089858483,b0f066a214c2f5e87bad3c948f4d605d) 
[Worker0] (ScriptedImporter)
[Worker1] Start importing Packages/com.unity.2d.animation/Editor/Assets/ComponentIcons/Animation.IKManager.png using Guid(60b8296fcb7d548fb845a621c6c4cbb9) Importer(2089858483,b0f066a214c2f5e87bad3c948f4d605d) 
[Worker1] (ScriptedImporter)
[Worker0]  -> (artifact id: 'e2fb7838631d1268eaa46d3ebc0909fe') in 0.0068772 seconds
[Worker1]  -> (artifact id: '11bbf45c75ac8e793297cf5a49ba3bfc') in 0.0080396 seconds
[Worker2] Start importing Packages/com.unity.render-pipelines.universal/Editor/Settings using Guid(88ecf69fcba30494db90ac4b8ef6bdcd) Importer(2089858483,b0f066a214c2f5e87bad3c948f4d605d) 
[Worker2] (ScriptedImporter)
[Worker2]  -> (artifact id: '37e8d7dc18227522362b93b7c940ccb7') in 0.0040425 seconds
[Worker3] Start importing Packages/com.unity.ugui/Tests/Runtime/UGUI using Guid(53caebc5909234b4ebe1fcaf3dc913a5) Importer(2089858483,b0f066a214c2f5e87bad3c948f4d605d) 
[Worker3] (ScriptedImporter)
[Worker3]  -> (artifact id: '8b4a25322f91b88e07b651621c7385e1') in 0.0036127 seconds
[Worker0] Start importing Packages/com.unity.2d.sprite/Tests/Editor/Unity.2D.Sprite.Package.EditorTests.asmdef using Guid(52648b72c7bef2040bf0cfa8dd0f74da) Importer(2089858483,b0f066a214c2f5e87bad3c948f4d605d) 
[Worker0] (ScriptedImporter)
[Worker0]  -> (artifact id: 'db8b0cb9252a05deb71993855cd30fc6') in 0.003762 seconds
[Worker1] Start importing Packages/com.unity.2d.animation/Editor/Assets/ComponentIcons/d_Animation.IKCCD@32.png using Guid(927455eb53d4a46a4b1aa3ed556f0de8) Importer(2089858483,b0f066a214c2f5e87bad3c948f4d605d) 
[Worker1] (ScriptedImporter)
[Worker2] Start importing Packages/com.unity.render-pipelines.universal/Runtime using Guid(79e8584360be43649ad60cb0f180e904) Importer(2089858483,b0f066a214c2f5e87bad3c948f4d605d) 
[Worker2] (ScriptedImporter)
[Worker1]  -> (artifact id: '64ff7c421ffc4f0f1b9a340e42b62684') in 0.0078505 seconds
[Worker2]  -> (artifact id: 'd387e93210a05c1ac34c6066a6b811ac') in 0.0041903 seconds
[Worker3] Start importing Packages/com.unity.2d.animation/Editor/Assets/EditorIcons/Selected/Edit_Joints.png using Guid(6fd5a08a269c8544095b5c02ab57696b) Importer(2089858483,b0f066a214c2f5e87bad3c948f4d605d) 
[Worker3] (ScriptedImporter)
[Worker0] Start importing Packages/com.unity.2d.animation/Editor/Assets/EditorIcons/Selected/Generate_Weights.png using Guid(2892d6ec6ca2a1f45adbd52fdb96fcfe) Importer(2089858483,b0f066a214c2f5e87bad3c948f4d605d) 
[Worker0] (ScriptedImporter)
[Worker0]  -> (artifact id: '9861b9af74c224de74379bf9b1543a21') in 0.0057158 seconds
[Worker3]  -> (artifact id: 'c08e92e8447d1ad43ead2d89d5704fc8') in 0.0114935 seconds
[Worker1] Start importing Assets/Scripts/Resonance.App/Battle/Vfx/VfxRouter.cs using Guid(8142c4fc20e6143479a7ffaed654d76f) Importer(2089858483,b0f066a214c2f5e87bad3c948f4d605d) 
[Worker1] (ScriptedImporter)
[Worker1]  -> (artifact id: '7631cd3d6f6dce537c3f06fa08375641') in 0.0051624 seconds
[Worker2] Start importing Assets/EmeraldBunny/Generated/Meshes/chair_front_lower_front.asset using Guid(4add1a37fcce29a4987cb3e9cd6ddc61) Importer(2089858483,b0f066a214c2f5e87bad3c948f4d605d) 
[Worker2] (ScriptedImporter)
[Worker2]  -> (artifact id: '17ef79d0378519d231144ee31b7538c0') in 0.0040387 seconds
[Worker0] Start importing Packages/com.unity.2d.animation/Editor/Assets/SpriteLibraryEditor/EditorTabHeader.uxml using Guid(a48b87fa919cc4fc1aa9c3d6b8ec5831) Importer(2089858483,b0f066a214c2f5e87bad3c948f4d605d) 
[Worker0] (ScriptedImporter)
[Worker3] Start importing Assets/Inochi2D/Runtime/inochi2d.inochi2d-unity.Runtime.asmdef using Guid(d9bd5df9f753fa44e807bc4933fdb81b) Importer(2089858483,b0f066a214c2f5e87bad3c948f4d605d) 
[Worker3] (ScriptedImporter)
[Worker3]  -> (artifact id: '5791ca0289ff7144d2a7e9b8253127f8') in 0.0035695 seconds
[Worker0]  -> (artifact id: 'fcd314707c7f3ee78c8c84df22368d2f') in 0.0076613 seconds
[Worker1] Start importing Packages/com.unity.render-pipelines.universal/Editor/2D/ShaderGraph/AssetCallbacks using Guid(702cc9b492bf4f6da778b0f5c996b7ad) Importer(2089858483,b0f066a214c2f5e87bad3c948f4d605d) 
[Worker1] (ScriptedImporter)
[Worker2] Start importing Packages/com.unity.render-pipelines.core/Tests/Editor/UnifiedRayTracing using Guid(4e4c297047ea96a49826f1570cf7db07) Importer(2089858483,b0f066a214c2f5e87bad3c948f4d605d) 
[Worker2] (ScriptedImporter)
[Worker1]  -> (artifact id: '9b62f3df75c8b9cb668d2b5945b39541') in 0.0037882 seconds
[Worker2]  -> (artifact id: 'e305a00955b09b402ece3dfefe7781c6') in 0.0035668 seconds
[Worker3] Start importing Packages/com.unity.render-pipelines.universal/Editor/2D/ShaderGraph/Nodes using Guid(f270bf32cbff4c02ae07004a815c5632) Importer(2089858483,b0f066a214c2f5e87bad3c948f4d605d) 
[Worker3] (ScriptedImporter)
[Worker3]  -> (artifact id: 'e8a26e183a8fd6e187e94f3ab8c4bd0c') in 0.0025202 seconds
[Worker0] Start importing Packages/com.unity.2d.animation/Editor/Assets/ComponentIcons/Animation.SpriteLibrary On@128.png using Guid(46e8f61d13f8b49c7b2ac6beb5788f2c) Importer(2089858483,b0f066a214c2f5e87bad3c948f4d605d) 
[Worker0] (ScriptedImporter)
[Worker2] Start importing Packages/com.unity.2d.animation/Editor/Assets/EditorIcons/Light/Weight_Brush@3x.png using Guid(3279d541bf75c624cbdd7179eb5559a8) Importer(2089858483,b0f066a214c2f5e87bad3c948f4d605d) 
[Worker1] Start importing Packages/com.unity.2d.animation/Editor/Assets/SkinningModule using Guid(4fccdb4aa9dd0db43becdec2eea211af) Importer(2089858483,b0f066a214c2f5e87bad3c948f4d605d) 
[Worker2] (ScriptedImporter)
[Worker1] (ScriptedImporter)
[Worker1]  -> (artifact id: '25ad89f5d8774faa59674d99f88ed8c4') in 0.002708 seconds
[Worker0]  -> (artifact id: 'f933188176c45841d37c780475bde932') in 0.0095509 seconds
[Worker2]  -> (artifact id: 'd2bee84ab5217fbe809184592b28dacc') in 0.0094511 seconds
[Worker3] Start importing Packages/com.unity.render-pipelines.universal/Textures/BlueNoise16/L using Guid(4eb46e164ba847b4396d73b7491c99d3) Importer(2089858483,b0f066a214c2f5e87bad3c948f4d605d) 
[Worker3] (ScriptedImporter)
[Worker3]  -> (artifact id: '899102d1446ab73baf3274ef6e378505') in 0.0035251 seconds
[Worker0] Start importing Packages/com.unity.2d.animation/Editor/Assets/EditorIcons/Selected/Edit_Joints@4x.png using Guid(d7b47eae8bab6b94798f1c25eabe65c2) Importer(2089858483,b0f066a214c2f5e87bad3c948f4d605d) 
[Worker0] (ScriptedImporter)
[Worker1] Start importing Packages/com.unity.2d.animation/Editor/SpriteOutlineRenderer using Guid(5afc6ff76240b3a4b9ae7370bfae2436) Importer(2089858483,b0f066a214c2f5e87bad3c948f4d605d) 
[Worker1] (ScriptedImporter)
[Worker2] Start importing Packages/com.unity.2d.animation/Editor/Assets/ComponentIcons/Animation.SpriteResolver.png using Guid(31d22d44ff25f4a5c95ac4842b5fb74f) Importer(2089858483,b0f066a214c2f5e87bad3c948f4d605d) 
[Worker1]  -> (artifact id: 'f7af6279c991eb65e596c82866b14c7d') in 0.0040701 seconds
[Worker2] (ScriptedImporter)
[Worker0]  -> (artifact id: '6f5ab4d7f8b22d8541b1bb26cae2347b') in 0.0097446 seconds
[Worker3] Start importing Packages/com.unity.test-framework.performance/Runtime/Data using Guid(0369bc643b4a11246a869e582c0f275a) Importer(2089858483,b0f066a214c2f5e87bad3c948f4d605d) 
[Worker3] (ScriptedImporter)
[Worker3]  -> (artifact id: 'c03ffaa8e0af914b4756a40c7b1af79b') in 0.0023111 seconds
[Worker2]  -> (artifact id: '58314629a82f4c2842fbaf82a91dcf4c') in 0.0079562 seconds
[Worker1] Start importing Packages/com.unity.2d.animation/Editor/Assets/SpriteLibraryEditor/LabelsTab.uxml using Guid(a2f920e9797844aedbe4eb4bf4fa83e7) Importer(2089858483,b0f066a214c2f5e87bad3c948f4d605d) 
[Worker1] (ScriptedImporter)
[Worker0] Start importing Packages/com.unity.2d.animation/Editor/Assets/SkinningModule/BoneToolbarStyle.uss using Guid(d61989f1b8cdf884c960907a37504ceb) Importer(2089858483,b0f066a214c2f5e87bad3c948f4d605d) 
[Worker0] (ScriptedImporter)
[Worker1]  -> (artifact id: '6c62edf4ba134cf6a378459f3a2357aa') in 0.0070426 seconds
[Worker2] Start importing Packages/com.unity.ugui/Tests/Editor/UGUI using Guid(fae3ac1997e164d1eba5fa5c417cbefd) Importer(2089858483,b0f066a214c2f5e87bad3c948f4d605d) 
[Worker2] (ScriptedImporter)
[Worker2]  -> (artifact id: 'a537e241ebc304e1b598323a80bdb0e2') in 0.0037428 seconds
[Worker0]  -> (artifact id: '9ffa44aeeac95afec71e2360752f5c4b') in 0.008729 seconds
[Worker3] Start importing Packages/com.unity.render-pipelines.core/Runtime/Debugging/Prefabs/Fonts using Guid(a11be56b627f5034bbca389c76bd3964) Importer(2089858483,b0f066a214c2f5e87bad3c948f4d605d) 
[Worker3] (ScriptedImporter)
[Worker3]  -> (artifact id: '969323207e6d2d5958a1cfa027facf61') in 0.0025347 seconds
[Worker1] Start importing Packages/com.unity.2d.common/Editor/InternalBridge/TexturePlatformSettings using Guid(70da7ad3ab314734aa8f83d71bf115e7) Importer(2089858483,b0f066a214c2f5e87bad3c948f4d605d) 
[Worker1] (ScriptedImporter)
[Worker1]  -> (artifact id: 'ea2aae7432f621584d30326bcc140879') in 0.0052602 seconds
[Worker2] Start importing Packages/com.unity.2d.animation/Editor/Assets/EditorIcons/Light/Parent_Bone@4x.png using Guid(d0604e80537a4ff4881a6182ae5afe7c) Importer(2089858483,b0f066a214c2f5e87bad3c948f4d605d) 
[Worker0] Start importing Packages/com.unity.2d.animation/Editor/SkinningModule/Triangulation using Guid(72495d3b4803aad44b0456fd7b463771) Importer(2089858483,b0f066a214c2f5e87bad3c948f4d605d) 
[Worker2] (ScriptedImporter)
[Worker0] (ScriptedImporter)
[Worker3] Start importing Assets/Scripts/Resonance.App/Battle using Guid(c0a1e002222222222222222222222222) Importer(2089858483,b0f066a214c2f5e87bad3c948f4d605d) 
[Worker3] (ScriptedImporter)
[Worker0]  -> (artifact id: 'b913816e5107f02992277386f0b5566f') in 0.010552 seconds
[Worker3]  -> (artifact id: '5dfade0e11303084fb0102f1cc742457') in 0.0063709 seconds
[Worker1] Start importing Packages/com.unity.searcher/Editor/Resources/FlatSkin using Guid(67e35e8d446428040b9f0580470b5b5a) Importer(2089858483,b0f066a214c2f5e87bad3c948f4d605d) 
[Worker1] (ScriptedImporter)
[Worker1]  -> (artifact id: '5e363d0bde127128d4453bd54e52cced') in 0.0024214 seconds
[Worker2]  -> (artifact id: '157b270f201d5dcfd452e8ec730d0354') in 0.0228212 seconds
[Worker3] Start importing Packages/com.unity.collections/Unity.Collections.PerformanceTests/Unity.PerformanceTesting.Benchmark using Guid(336c58ff186c3f245a1e3353bd539093) Importer(2089858483,b0f066a214c2f5e87bad3c948f4d605d) 
[Worker3] (ScriptedImporter)
[Worker0] Start importing Packages/com.unity.2d.animation/Editor/Assets/ComponentIcons/Animation.IKFabrik On@128.png using Guid(950832395ec754ba48ab1cffa214cec0) Importer(2089858483,b0f066a214c2f5e87bad3c948f4d605d) 
[Worker0] (ScriptedImporter)
[Worker3]  -> (artifact id: 'b0da7440b51707aa402c6059dcde4941') in 0.0039601 seconds
[Worker2] Start importing Packages/com.unity.shadergraph/Editor/Data/Attributes using Guid(08871a332c049d44d9bf2563943a52c0) Importer(2089858483,b0f066a214c2f5e87bad3c948f4d605d) 
[Worker2] (ScriptedImporter)
[Worker2]  -> (artifact id: '7c6b23a3bb85be7cbb9eda1329d6a452') in 0.0038012 seconds
[Worker0]  -> (artifact id: 'a3d06b8da5941a0e6a4721a849d25088') in 0.0101671 seconds
[Worker1] Start importing Packages/com.unity.2d.animation/Editor/Assets/ComponentIcons/Animation.SpriteLibraryManager@2x.png using Guid(46c6bae783f6540308d09b07db693d54) Importer(2089858483,b0f066a214c2f5e87bad3c948f4d605d) 
[Worker1] (ScriptedImporter)
[Worker1]  -> (artifact id: '5175a2e003b976b0ce0dc17511ad0a02') in 0.0096009 seconds
[Worker3] Start importing Assets/Scripts/Resonance.Battle/Core/BattleReplay.cs using Guid(52de0cf0651ee284a9e70587dc213c08) Importer(2089858483,b0f066a214c2f5e87bad3c948f4d605d) 
[Worker3] (ScriptedImporter)
[Worker3]  -> (artifact id: '9ec4e003e4b68357d17f2e26040ffdc4') in 0.0027858 seconds
[Worker2] Start importing Packages/com.unity.2d.animation/Editor/Assets/EditorIcons/Dark/d_Create_Vertex@2x.png using Guid(80a2a0d76c01997428d4213411145e8c) Importer(2089858483,b0f066a214c2f5e87bad3c948f4d605d) 
[Worker2] (ScriptedImporter)
[Worker0] Start importing Packages/com.unity.shadergraph/Editor/Drawing/Blackboard using Guid(465f456071d65c648a34adddf33057f7) Importer(2089858483,b0f066a214c2f5e87bad3c948f4d605d) 
[Worker0] (ScriptedImporter)
[Worker0]  -> (artifact id: '74387f2fd3a06758dd377c978f9bd058') in 0.0041317 seconds
[Worker2]  -> (artifact id: '119cdf9a897ddbdd737cca035a2c7c35') in 0.0103839 seconds
[Worker1] Start importing Assets/Resources/Art/Characters/C005 using Guid(a1e967d6f3fcd14c45c9e15c9906cd7c) Importer(2089858483,b0f066a214c2f5e87bad3c948f4d605d) 
[Worker1] (ScriptedImporter)
[Worker1]  -> (artifact id: '62894b8b4305aba33fa0e281df63eaf8') in 0.0032418 seconds
[Worker3] Start importing Assets/EmeraldBunny/Art/repair_face.png using Guid(78170dc7b803055458b7b5436356c3da) Importer(2089858483,b0f066a214c2f5e87bad3c948f4d605d) 
[Worker3] (ScriptedImporter)
[Worker0] Start importing Assets/EmeraldBunny/Generated/Meshes/chair_base.asset using Guid(dda1ac92085f60c48b7afcdf8685441b) Importer(2089858483,b0f066a214c2f5e87bad3c948f4d605d) 
[Worker0] (ScriptedImporter)
[Worker3]  -> (artifact id: '76518b8bb343e9d57455b7efb02018d6') in 0.0080332 seconds
[Worker1] Start importing Packages/com.unity.2d.sprite/Editor/AssemblyInfo.cs using Guid(03dd6911110407b418a3e5d3f0c473af) Importer(2089858483,b0f066a214c2f5e87bad3c948f4d605d) 
[Worker1] (ScriptedImporter)
[Worker2] Start importing Packages/com.unity.render-pipelines.universal/Tests/Editor/Tools using Guid(30adb98416985a445bf000ceb696941f) Importer(2089858483,b0f066a214c2f5e87bad3c948f4d605d) 
[Worker2] (ScriptedImporter)
[Worker0]  -> (artifact id: 'b4e57751b7152efc0972fdcbd5442de9') in 0.005417 seconds
[Worker1]  -> (artifact id: 'd2f6eef65aa956de4a0b805c3bf24fcf') in 0.0028086 seconds
[Worker2]  -> (artifact id: 'b1f54df430bc28da209d53a2ba33d2a3') in 0.0030809 seconds
[Worker3] Start importing Assets/Resources/Art/Characters/C010 using Guid(9536532ee737ab1c4c72070d9d448e98) Importer(2089858483,b0f066a214c2f5e87bad3c948f4d605d) 
[Worker3] (ScriptedImporter)
[Worker3]  -> (artifact id: '859dd242ffd84cd7212f524c309c3332') in 0.0029518 seconds
[Worker0] Start importing Packages/com.unity.render-pipelines.core/ShaderLibrary using Guid(534c3b565c7ef4248a10594dbdf4faf1) Importer(2089858483,b0f066a214c2f5e87bad3c948f4d605d) 
[Worker0] (ScriptedImporter)
[Worker1] Start importing Packages/com.unity.ugui/Editor using Guid(bee384ad5b4d1a843a018082e7db53cd) Importer(2089858483,b0f066a214c2f5e87bad3c948f4d605d) 
[Worker1] (ScriptedImporter)
[Worker2] Start importing Packages/com.unity.render-pipelines.universal/Tests/Editor/Tools/Converters/ReadonlyMaterialConverter using Guid(942a5a86e2bef824ea90af68b65e11d5) Importer(2089858483,b0f066a214c2f5e87bad3c948f4d605d) 
[Worker2] (ScriptedImporter)
[Worker0]  -> (artifact id: '54cfb8f8b25ae9ac9c76ee7cde4d2483') in 0.0043106 seconds
[Worker1]  -> (artifact id: '77f20ae569100baa3152cb0e67a57631') in 0.0030905 seconds
[Worker2]  -> (artifact id: 'c5eaee5d2a1a0f1cb601313ac2d2910a') in 0.0033723 seconds
[Worker3] Start importing Packages/com.unity.2d.common/Editor using Guid(f07558e3f18214421b184e32d188624c) Importer(2089858483,b0f066a214c2f5e87bad3c948f4d605d) 
[Worker3] (ScriptedImporter)
[Worker1] Start importing Packages/com.unity.2d.common/Editor/AssemblyInfo.cs using Guid(cb006e3fa37420b42b3673eef90cd4b3) Importer(2089858483,b0f066a214c2f5e87bad3c948f4d605d) 
[Worker1] (ScriptedImporter)
[Worker2] Start importing Packages/com.unity.2d.common/Path/Editor/Unity.2D.Common.Path.Editor.asmdef using Guid(24bbfa70f4a5840c3ab7da95e6835815) Importer(2089858483,b0f066a214c2f5e87bad3c948f4d605d) 
[Worker3]  -> (artifact id: 'b76ee6d6d39eb56ef809fe7e2cf29898') in 0.0038634 seconds
[Worker2] (ScriptedImporter)
[Worker1]  -> (artifact id: '2032fdb0ecb6d6e236b37fc55a3dec1f') in 0.0028516 seconds
[Worker0] Start importing Packages/com.unity.2d.common/Third Party Notices.md using Guid(4a6ed47ab3732e642a9f8b492ed24194) Importer(2089858483,b0f066a214c2f5e87bad3c948f4d605d) 
[Worker0] (ScriptedImporter)
[Worker2]  -> (artifact id: '73c99d7a6a56cf293e62462ac3d1035b') in 0.0043686 seconds
[Worker0]  -> (artifact id: 'e87c75fd324ee13663f9500ec8c69ce7') in 0.0035134 seconds
[Worker1] Start importing Packages/com.unity.test-framework/UnityEditor.TestRunner/UnityTestProtocol using Guid(936c6340f3468444ebb1785b4c311126) Importer(2089858483,b0f066a214c2f5e87bad3c948f4d605d) 
[Worker1] (ScriptedImporter)
[Worker1]  -> (artifact id: '38da8e91cc5d274323980ddf1649e855') in 0.0026214 seconds
[Worker3] Start importing Packages/com.unity.2d.animation/Editor/Assets/EditorIcons/Selected/Split Bones@4x.png using Guid(518ded92e5dbf494e8f76a74d752272e) Importer(2089858483,b0f066a214c2f5e87bad3c948f4d605d) 
[Worker3] (ScriptedImporter)
[Worker2] Start importing Packages/com.unity.ugui/Tests using Guid(d850db319a63d2546932ff76fe55a498) Importer(2089858483,b0f066a214c2f5e87bad3c948f4d605d) 
[Worker2] (ScriptedImporter)
[Worker0] Start importing Packages/com.unity.shadergraph/Editor/Data/Nodes/Math/Wave using Guid(24b10579e42f5f845a9f2ab79f921476) Importer(2089858483,b0f066a214c2f5e87bad3c948f4d605d) 
[Worker0] (ScriptedImporter)
[Worker0]  -> (artifact id: 'e8fb33e5df499b78419cd2e57c17d220') in 0.0023857 seconds
[Worker2]  -> (artifact id: '5df4a0a5662ccbb4080002aac4cf270f') in 0.0051244 seconds
[Worker3]  -> (artifact id: 'db3bba15e776c91093cc86233b5c3c2d') in 0.0120683 seconds
[Worker1] Start importing Packages/com.unity.2d.animation/Editor/Assets/EditorIcons/Dark/d_Weight_Brush@4x.png using Guid(f68f6cf24545d2f41b27323ca2b06a52) Importer(2089858483,b0f066a214c2f5e87bad3c948f4d605d) 
[Worker1] (ScriptedImporter)
[Worker2] Start importing Packages/com.unity.inputsystem/InputSystem/Editor/Debugger using Guid(461c380dccba54a569c07d9810dd3b32) Importer(2089858483,b0f066a214c2f5e87bad3c948f4d605d) 
[Worker2] (ScriptedImporter)
[Worker0] Start importing Packages/com.unity.modules.unitywebrequesttexture using Guid(6f1c7ebc8ac78cb951be24c238cbd3ba) Importer(2089858483,b0f066a214c2f5e87bad3c948f4d605d) 
[Worker1]  -> (artifact id: 'baf4626c32556d50f7278375fac41904') in 0.0102768 seconds
[Worker3] Start importing Packages/com.unity.shadergraph/Editor/Data/Nodes/Input/Geometry using Guid(5e9138df313dc9e4fa20f92625c26b59) Importer(2089858483,b0f066a214c2f5e87bad3c948f4d605d) 
[Worker0] (ScriptedImporter)
[Worker3] (ScriptedImporter)
[Worker2]  -> (artifact id: '8f9a61d2c9c2e71343ab5622b2eba79a') in 0.0032274 seconds
[Worker0]  -> (artifact id: 'bb93b58c141b72c06e2ab84c3e7b28dd') in 0.003423 seconds
[Worker3]  -> (artifact id: '02955e324f303c8470e7f089022e6de6') in 0.003524 seconds
[Worker2] Start importing Packages/com.unity.shadergraph/Editor/Generation/Targets/CustomRenderTexture using Guid(6d5720fee1395a0469d470106d06823e) Importer(2089858483,b0f066a214c2f5e87bad3c948f4d605d) 
[Worker2] (ScriptedImporter)
[Worker1] Start importing Packages/com.unity.2d.animation/Editor/Assets/EditorIcons/Selected/Split Bones@3x.png using Guid(29f90cd6202745c448e74a1398b1c731) Importer(2089858483,b0f066a214c2f5e87bad3c948f4d605d) 
[Worker1] (ScriptedImporter)
[Worker2]  -> (artifact id: 'e4fa3f4c9dc3ad8bcead7ad3890a27c5') in 0.0036211 seconds
[Worker0] Start importing Assets/EmeraldBunny/Art/body.png using Guid(f84f2a284fa2bd04db719480b3a4a93e) Importer(2089858483,b0f066a214c2f5e87bad3c948f4d605d) 
[Worker0] (ScriptedImporter)
[Worker3] Start importing Packages/com.unity.test-framework/UnityEditor.TestRunner/NUnitExtension using Guid(3f9202a39620f51418046c7754f215f0) Importer(2089858483,b0f066a214c2f5e87bad3c948f4d605d) 
[Worker3] (ScriptedImporter)
[Worker3]  -> (artifact id: '5a8bbd955c51413230c0ec5b52ad5dd2') in 0.0030298 seconds
[Worker1]  -> (artifact id: '1a8c48844fcc567e1c8ea802b1e4cb73') in 0.0079325 seconds
[Worker0]  -> (artifact id: '4d2d93dcfd3ba670815e470a7473cd49') in 0.0083563 seconds
[Worker3] Start importing Assets/EmeraldBunny/Generated/Materials/chair_leg_right_lower_front.mat using Guid(3de02c6ca7d53f2479fee20e9a9f5ca1) Importer(2089858483,b0f066a214c2f5e87bad3c948f4d605d) 
[Worker3] (ScriptedImporter)
[Worker2] Start importing Packages/com.unity.2d.sprite/Editor/ObjectMenuCreation/DefaultAssets/Textures/HexagonFlatTop.png using Guid(16037dbd798344f57a526d53d48f5ead) Importer(2089858483,b0f066a214c2f5e87bad3c948f4d605d) 
[Worker2] (ScriptedImporter)
[Worker0] Start importing Packages/com.unity.collections using Guid(6ea2c6f3763d4b5a29419bcb653c9df5) Importer(2089858483,b0f066a214c2f5e87bad3c948f4d605d) 
[Worker0] (ScriptedImporter)
[Worker3]  -> (artifact id: 'c4a158b4990da0becad57eac5a1a4a1b') in 0.0062188 seconds
[Worker1] Start importing Assets/EmeraldBunny/Generated/Materials/costume_hip.mat using Guid(bc598a38b1a5f094482b9b8dacf39408) Importer(2089858483,b0f066a214c2f5e87bad3c948f4d605d) 
[Worker1] (ScriptedImporter)
[Worker0]  -> (artifact id: '6f5325c3515ba96a0d7c0e8498d9229b') in 0.0044523 seconds
[Worker2]  -> (artifact id: '4a9545fb90c312b929b3b89d7c9b33dc') in 0.0092119 seconds
[Worker1]  -> (artifact id: '70d39e5ba14e2e8f72870b7762211a0f') in 0.0059953 seconds
[Worker0] Start importing Packages/com.unity.render-pipelines.core/Tests/Editor/Tools using Guid(167414eb9b5aac148a050554ea60a5cc) Importer(2089858483,b0f066a214c2f5e87bad3c948f4d605d) 
[Worker0] (ScriptedImporter)
[Worker3] Start importing Packages/com.unity.2d.sprite/Editor/UI using Guid(93511675f113bf744a830b91761ead82) Importer(2089858483,b0f066a214c2f5e87bad3c948f4d605d) 
[Worker3] (ScriptedImporter)
[Worker0]  -> (artifact id: '53df87b6f971253a0a3606849e5b56e2') in 0.0039741 seconds
[Worker3]  -> (artifact id: '446a0a79a2dc32fa12a9a6f36af1c13d') in 0.0030077 seconds
[Worker2] Start importing Assets/EmeraldBunny/Art/hair_leftside.png using Guid(86ebb25d0820c6d4081f5eca11bea52d) Importer(2089858483,b0f066a214c2f5e87bad3c948f4d605d) 
[Worker2] (ScriptedImporter)
[Worker1] Start importing Assets/EmeraldBunny/Generated/Meshes/face.asset using Guid(4c345a84d8193374ba428b09f23aa8ca) Importer(2089858483,b0f066a214c2f5e87bad3c948f4d605d) 
[Worker1] (ScriptedImporter)
[Worker1]  -> (artifact id: 'df404ab8afa86aca37e5c6a46f10d0d2') in 0.003927 seconds
[Worker2]  -> (artifact id: '8ef1bc348ca049501a73c66a9a23c92e') in 0.0055851 seconds
[Worker0] Start importing Packages/com.unity.2d.animation/Editor/Assets/ComponentIcons/d_Animation.SpriteLibrary@64.png using Guid(01e72f012aab14abcadc8f12c615e6d6) Importer(2089858483,b0f066a214c2f5e87bad3c948f4d605d) 
[Worker3] Start importing Assets/EmeraldBunny/Art/rabbit_right.png using Guid(6cdf2593415968342835dbf67ed701d6) Importer(2089858483,b0f066a214c2f5e87bad3c948f4d605d) 
[Worker0] (ScriptedImporter)
[Worker3] (ScriptedImporter)
[Worker1] Start importing Assets/EmeraldBunny/Art/spread_front_toe_1.png using Guid(dd2ecb7de2746384b9767c900efbc9b6) Importer(2089858483,b0f066a214c2f5e87bad3c948f4d605d) 
[Worker1] (ScriptedImporter)
[Worker2] Start importing Packages/com.unity.ugui/Tests/Editor/Common using Guid(cd9c8fc1c8d64d54ab1e22aae9678d84) Importer(2089858483,b0f066a214c2f5e87bad3c948f4d605d) 
[Worker2] (ScriptedImporter)
[Worker2]  -> (artifact id: '48c7879b94187e5ee124edfb83904601') in 0.0028304 seconds
[Worker3]  -> (artifact id: '8f6f31f77fda27d9b9ede7c034b64ce6') in 0.0094177 seconds
[Worker0]  -> (artifact id: 'a10c4357fe93e045804c4a46eaa45eb3') in 0.0101397 seconds
[Worker1]  -> (artifact id: 'cf7340fda277b0b18cc5e1cecc5a75d5') in 0.009912 seconds
[Worker3] Start importing Packages/com.unity.test-framework/UnityEditor.TestRunner/TestRunner/Utils using Guid(1f5bbb88ca730434483440cbc0278ef6) Importer(2089858483,b0f066a214c2f5e87bad3c948f4d605d) 
[Worker3] (ScriptedImporter)
[Worker0] Start importing Assets/EmeraldBunny/Art/arm_left_forearm.png using Guid(fe8858b914f1bfb47a3c05934fa4923a) Importer(2089858483,b0f066a214c2f5e87bad3c948f4d605d) 
[Worker2] Start importing Packages/com.unity.shadergraph/Editor/Generation/Targets/UITK/Templates using Guid(9fbee1430c92c48f793957a37a515e30) Importer(2089858483,b0f066a214c2f5e87bad3c948f4d605d) 
[Worker0] (ScriptedImporter)
[Worker2] (ScriptedImporter)
[Worker1] Start importing Packages/com.unity.2d.animation/Editor/Assets/EditorIcons/Selected/Generate_Geometry@4x.png using Guid(7b0bba6a9b6960a4fb500a75d4a4caa0) Importer(2089858483,b0f066a214c2f5e87bad3c948f4d605d) 
[Worker1] (ScriptedImporter)
[Worker3]  -> (artifact id: '704bad9d491522d8f5e8461ba0a8a0ea') in 0.0032351 seconds
[Worker2]  -> (artifact id: 'd7cc3a6a568c6f010870febff499153c') in 0.0029827 seconds
[Worker0]  -> (artifact id: 'b6ae95321d398f9b2fa848ebcfa545b0') in 0.0065202 seconds
[Worker1]  -> (artifact id: '0880c5b1633e0a015bb6ff8db3506343') in 0.0088576 seconds
[Worker2] Start importing Packages/com.unity.test-framework/UnityEngine.TestRunner/TestRunner/Callbacks using Guid(61e236e8570a95e4eb754fb291e102e0) Importer(2089858483,b0f066a214c2f5e87bad3c948f4d605d) 
[Worker2] (ScriptedImporter)
[Worker2]  -> (artifact id: '4fc826d0a53c227a75e4a69cd4ae62e1') in 0.0030551 seconds
[Worker0] Start importing Assets/EmeraldBunny/Generated/Meshes/spread_front_toe_3.asset using Guid(f8f648c0f5c37fe498e2e676d4599d96) Importer(2089858483,b0f066a214c2f5e87bad3c948f4d605d) 
[Worker0] (ScriptedImporter)
[Worker3] Start importing Packages/com.unity.render-pipelines.core/Runtime/Lighting using Guid(c804d8f2c0c70d7409c1167fa78284f3) Importer(2089858483,b0f066a214c2f5e87bad3c948f4d605d) 
[Worker3] (ScriptedImporter)
[Worker1] Start importing Packages/com.unity.2d.animation/Editor/Assets/EditorIcons/Light/Create Bones@2x.png using Guid(03976b6af3289c0409a55e2c4eab4087) Importer(2089858483,b0f066a214c2f5e87bad3c948f4d605d) 
[Worker1] (ScriptedImporter)
[Worker0]  -> (artifact id: '800e389dda46f6a572fbe5ad4af02bb9') in 0.0054167 seconds
[Worker3]  -> (artifact id: '9571e71980128f1d23f57e295231e0a0') in 0.0031433 seconds
[Worker1]  -> (artifact id: 'ca71652dd3e25e57d295b96bcdc1c88c') in 0.0092557 seconds
[Worker2] Start importing Packages/com.unity.ide.visualstudio/Editor/ProjectGeneration using Guid(8beeeeebc0857854d8b4e2c2895dd7a9) Importer(2089858483,b0f066a214c2f5e87bad3c948f4d605d) 
[Worker2] (ScriptedImporter)
[Worker2]  -> (artifact id: '3e41939223becd5515236fcb64d0a772') in 0.0029833 seconds
[Worker0] Start importing Packages/com.unity.2d.animation/Editor/Assets/EditorIcons/Dark/d_Copy@2x.png using Guid(312df9440efd5df4ea8f6c98591d6b96) Importer(2089858483,b0f066a214c2f5e87bad3c948f4d605d) 
[Worker0] (ScriptedImporter)
[Worker3] Start importing Packages/com.unity.render-pipelines.universal/Runtime/2D/Shadows using Guid(5f7294749d1800e4daee980df3e624da) Importer(2089858483,b0f066a214c2f5e87bad3c948f4d605d) 
[Worker3] (ScriptedImporter)
[Worker3]  -> (artifact id: 'f4f0daeffda12ede8091de5601fdccc5') in 0.0031005 seconds
[Worker0]  -> (artifact id: 'c96de2e11941e737bf75aa3bd495cf91') in 0.0108941 seconds
[Worker1] Start importing Packages/com.unity.inputsystem/InputSystem/Events using Guid(99f4ddb4a8fa4fcfa25917e64bcc6e8c) Importer(2089858483,b0f066a214c2f5e87bad3c948f4d605d) 
[Worker1] (ScriptedImporter)
[Worker1]  -> (artifact id: '39bb16be1bd95e61d83bd00d2c76b082') in 0.0029627 seconds
[Worker2] Start importing Packages/com.unity.test-framework/UnityEditor.TestRunner/TestLaunchers/PlatformSetup using Guid(ebc4d20cc106cea49b1df1153f0b3b5e) Importer(2089858483,b0f066a214c2f5e87bad3c948f4d605d) 
[Worker2] (ScriptedImporter)
[Worker2]  -> (artifact id: 'eede917637a7be1b697e0ddc0fc10841') in 0.0046232 seconds
[Worker3] Start importing Packages/com.unity.shadergraph/Editor/Generation/Targets/UITK using Guid(3b0363be720b24507aba82d7f4d3a3fb) Importer(2089858483,b0f066a214c2f5e87bad3c948f4d605d) 
[Worker3] (ScriptedImporter)
[Worker3]  -> (artifact id: '20bc4c0b1c3e46259d063b7a03f2b52d') in 0.0039404 seconds
[Worker0] Start importing Packages/com.unity.inputsystem/DocCodeSamples.Tests using Guid(c0f26b555bfc14351a9f8ec342fd6ae8) Importer(2089858483,b0f066a214c2f5e87bad3c948f4d605d) 
[Worker0] (ScriptedImporter)
[Worker1] Start importing Assets/EmeraldBunny/Generated/Materials/chair_base_lower_rear.mat using Guid(e3a3c095338225e4599d3a30bac862c8) Importer(2089858483,b0f066a214c2f5e87bad3c948f4d605d) 
[Worker1] (ScriptedImporter)
[Worker0]  -> (artifact id: '1c53ac9c836d13bd61a6f94c146c036d') in 0.002609 seconds
[Worker1]  -> (artifact id: '6601af0be25a04036fe101c7fdb00979') in 0.0057671 seconds
[Worker2] Start importing Packages/com.unity.burst/Editor using Guid(a6ca3ceb44ad3b13ad15d2de0caf14d0) Importer(2089858483,b0f066a214c2f5e87bad3c948f4d605d) 
[Worker2] (ScriptedImporter)
[Worker2]  -> (artifact id: 'dc0d2af6775ecb5ba4cf0619e944face') in 0.0034007 seconds
[Worker0] Start importing Assets/Inochi2D/Resources/i2d-logo.png using Guid(7322920b58dda9543bcdb42b5fbfbd7e) Importer(2089858483,b0f066a214c2f5e87bad3c948f4d605d) 
[Worker0] (ScriptedImporter)
[Worker3] Start importing Packages/com.unity.2d.animation/Editor/Assets/ComponentIcons/d_Animation.IKLimb.png using Guid(aba5d07cce7d34a7587f27f48d05dd9b) Importer(2089858483,b0f066a214c2f5e87bad3c948f4d605d) 
[Worker3] (ScriptedImporter)
[Worker0]  -> (artifact id: 'ceea1245e5bc54988a352998b5ee8de1') in 0.0084596 seconds
[Worker3]  -> (artifact id: 'e8ffa8209082ab8103e3726cbbc9f331') in 0.0071195 seconds
[Worker1] Start importing Packages/com.unity.2d.animation/Editor/Assets/EditorIcons/Selected/Create_Vertex@3x.png using Guid(47fe565904dc6b1419e9acc62b99812e) Importer(2089858483,b0f066a214c2f5e87bad3c948f4d605d) 
[Worker1] (ScriptedImporter)
[Worker2] Start importing Assets/Resources/Art/Characters/C001/Puppet using Guid(b1c2d3e4f5061728394a5b6c7d8e9f01) Importer(2089858483,b0f066a214c2f5e87bad3c948f4d605d) 
[Worker2] (ScriptedImporter)
[Worker2]  -> (artifact id: 'b2747595bcb35641446dddc10f148564') in 0.0028312 seconds
[Worker1]  -> (artifact id: '2274cef5aca157be9171421d3eda850c') in 0.0071958 seconds
[Worker3] Start importing Packages/com.unity.2d.animation/Editor/Assets/SkinningModule/BoneInspectorPanelStyle.uss using Guid(630253c1b6a245746ac843e5cad0aac6) Importer(2089858483,b0f066a214c2f5e87bad3c948f4d605d) 
[Worker3] (ScriptedImporter)
[Worker0] Start importing Packages/com.unity.render-pipelines.universal/Textures/BlueNoise64/L using Guid(185beacae6c1ae444bf82919f9550d1a) Importer(2089858483,b0f066a214c2f5e87bad3c948f4d605d) 
[Worker0] (ScriptedImporter)
[Worker0]  -> (artifact id: '13fb443b1bff2894909752cb93d51372') in 0.0035059 seconds
[Worker3]  -> (artifact id: 'f452394805aaf4dafe3afab67e3cfca7') in 0.0070319 seconds
[Worker1] Start importing Assets/EmeraldBunny/Generated/Materials/spread_front_toe_4.mat using Guid(3f6f639f64c37e5488d5ad121da050a8) Importer(2089858483,b0f066a214c2f5e87bad3c948f4d605d) 
[Worker1] (ScriptedImporter)
[Worker2] Start importing Packages/com.unity.2d.common/Path/Editor/Handles/TangentBrokenPro.png using Guid(8bdd64764208642f9adc3509ebbe41a3) Importer(2089858483,b0f066a214c2f5e87bad3c948f4d605d) 
[Worker2] (ScriptedImporter)
[Worker1]  -> (artifact id: '7b8f9f1426c381995d416fcb0a3e8ab6') in 0.0070256 seconds
[Worker2]  -> (artifact id: '51588e793121352d08711e659d0e095f') in 0.0130122 seconds
[Worker0] Start importing Packages/com.unity.shadergraph/Editor/Generation/Targets/Fullscreen/Includes using Guid(67b87f1c65c508c429e1d957b33776b3) Importer(2089858483,b0f066a214c2f5e87bad3c948f4d605d) 
[Worker0] (ScriptedImporter)
[Worker3] Start importing Packages/com.unity.2d.sprite/Editor/SpriteEditorModule/SpriteFrameModule using Guid(e1a3bd001331f2049913323736d02a48) Importer(2089858483,b0f066a214c2f5e87bad3c948f4d605d) 
[Worker3] (ScriptedImporter)
[Worker0]  -> (artifact id: 'f52d46ab676cb00a3f90f7f89040f51c') in 0.0042623 seconds
[Worker3]  -> (artifact id: 'a2f24949027a45166ea4ab71906ce758') in 0.0033609 seconds
[Worker1] Start importing Packages/com.unity.2d.animation/Editor/Assets/EditorIcons/Dark/d_Visibility_Tool@2x.png using Guid(debf043892056974eaec3b42dfdda5b3) Importer(2089858483,b0f066a214c2f5e87bad3c948f4d605d) 
[Worker1] (ScriptedImporter)
[Worker2] Start importing Packages/com.unity.2d.animation/Editor/Assets/EditorIcons/Selected/SetPivot32.png using Guid(82d262794483b44d097c6b72e3a9e271) Importer(2089858483,b0f066a214c2f5e87bad3c948f4d605d) 
[Worker2] (ScriptedImporter)
[Worker1]  -> (artifact id: '7f0ab335e9428246f773bde74c8dcd72') in 0.0098738 seconds
[Worker2]  -> (artifact id: '5a0c993352afd128ec31d399ab6f059a') in 0.0075323 seconds
[Worker3] Start importing Packages/com.unity.inputsystem/InputSystem/Editor/UITKAssetEditor/Commands using Guid(665321577aaff5344b5a12d626dfcaf7) Importer(2089858483,b0f066a214c2f5e87bad3c948f4d605d) 
[Worker3] (ScriptedImporter)
[Worker3]  -> (artifact id: 'c2771f5104c1f42d53ffe6b0cf0b81a6') in 0.003164 seconds
[Worker0] Start importing Packages/com.unity.2d.animation/Editor/Assets/EditorIcons/Dark/d_True@2x.png using Guid(259317a3fa77b4619b4356af5648368f) Importer(2089858483,b0f066a214c2f5e87bad3c948f4d605d) 
[Worker0] (ScriptedImporter)
[Worker0]  -> (artifact id: '00b01b9d58610fc5e903908589accddc') in 0.0089903 seconds
[Worker1] Start importing Assets/EmeraldBunny/Generated/Meshes/fingerR_ring.asset using Guid(de6b0d4b5d627c649b26051c3500ba1f) Importer(2089858483,b0f066a214c2f5e87bad3c948f4d605d) 
[Worker1] (ScriptedImporter)
[Worker3] Start importing Assets/EmeraldBunny/Generated/Materials/browR.mat using Guid(d658c13c6d777004fb8dbf469672189a) Importer(2089858483,b0f066a214c2f5e87bad3c948f4d605d) 
[Worker3] (ScriptedImporter)
[Worker2] Start importing Packages/com.unity.render-pipelines.universal/Editor/ShaderGraph/GraphTemplates/2D using Guid(30d55c1054874cd45b0415318bf60fca) Importer(2089858483,b0f066a214c2f5e87bad3c948f4d605d) 
[Worker1]  -> (artifact id: '2eb186008184e142aab90e8e9cca5c79') in 0.0051369 seconds
[Worker2] (ScriptedImporter)
[Worker2]  -> (artifact id: 'd5eac9f0620794263ec229f20e9a28d1') in 0.0026259 seconds
[Worker3]  -> (artifact id: '835957e61cc87ceee1b0234f942f7b74') in 0.0048488 seconds
[Worker0] Start importing Assets/EmeraldBunny/Art/arm_right_upper.png using Guid(7ca47282ffc71624f95919d6bb51bfd0) Importer(2089858483,b0f066a214c2f5e87bad3c948f4d605d) 
[Worker0] (ScriptedImporter)
[Worker0]  -> (artifact id: 'a6971dbb4f2dafd5e7754301ca45cb61') in 0.0078077 seconds
[Worker1] Start importing Packages/com.unity.2d.animation/Editor/Assets/ComponentIcons/Animation.SpriteResolver.asset using Guid(d2cb3a8ce3b824bea895b92d838d0514) Importer(2089858483,b0f066a214c2f5e87bad3c948f4d605d) 
[Worker1] (ScriptedImporter)
[Worker2] Start importing Assets/EmeraldBunny/Generated/Materials/chair_front_lower_rear.mat using Guid(958b62f773dccdc4590e05e23a2c9425) Importer(2089858483,b0f066a214c2f5e87bad3c948f4d605d) 
[Worker2] (ScriptedImporter)
[Worker3] Start importing Packages/com.unity.test-framework/UnityEditor.TestRunner/TestRun/Tasks/Platform using Guid(d973b7805df545bdae3986ab72a6c2e8) Importer(2089858483,b0f066a214c2f5e87bad3c948f4d605d) 
[Worker3] (ScriptedImporter)
[Worker3]  -> (artifact id: 'd5d817c8166727af8d6fbb0d990cd836') in 0.0027055 seconds
[Worker2]  -> (artifact id: '4ebeb51485229128d8882ed95c9b96e0') in 0.0051941 seconds
[Worker1]  -> (artifact id: '43fe1751ea94bb2af2fced8f4ef0b311') in 0.0091405 seconds
[Worker0] Start importing Packages/com.unity.2d.animation/Editor/Assets/EditorIcons/Light/Visibility_Tool.png using Guid(1e7c59239d2a59140b34f39ea6d4d44c) Importer(2089858483,b0f066a214c2f5e87bad3c948f4d605d) 
[Worker0] (ScriptedImporter)
[Worker3] Start importing Packages/com.unity.2d.animation/Editor/Assets/EditorIcons/Dark/d_Mesh@4x.png using Guid(39b89ea328c2cad4abef27aedb17a4a3) Importer(2089858483,b0f066a214c2f5e87bad3c948f4d605d) 
[Worker3] (ScriptedImporter)
[Worker0]  -> (artifact id: 'e4f497e6f0190de98b4b479a97fc2542') in 0.0072401 seconds
[Worker1] Start importing Packages/com.unity.2d.common/Editor/ScriptablePacker/DefaultScriptablePacker.asset using Guid(9eaaf0b28a38f804f9fadea8b77e198d) Importer(2089858483,b0f066a214c2f5e87bad3c948f4d605d) 
[Worker1] (ScriptedImporter)
[Worker1]  -> (artifact id: 'f01ffa460c921c71e83e313cdb56103f') in 0.0039367 seconds
[Worker3]  -> (artifact id: '92fc40664c0c14026a398bb2a33f66b8') in 0.0078927 seconds
[Worker2] Start importing Assets/EmeraldBunny/Runtime/BunnySkin.shader using Guid(c81a67214ca3f234aba16bec0a91ef5f) Importer(2089858483,b0f066a214c2f5e87bad3c948f4d605d) 
[Worker2] (ScriptedImporter)
[Worker2]  -> (artifact id: 'b606bc897b399d05002e450302ad2dd1') in 0.0040541 seconds
[Worker0] Start importing Assets/EmeraldBunny/Generated/Meshes/rabbit_left.asset using Guid(d5c46cb93afae544590e819143ef281c) Importer(2089858483,b0f066a214c2f5e87bad3c948f4d605d) 
[Worker1] Start importing Packages/com.unity.2d.common/Editor/ScriptablePacker using Guid(23e09b69eb2faa440a2c964797f31787) Importer(2089858483,b0f066a214c2f5e87bad3c948f4d605d) 
[Worker0] (ScriptedImporter)
[Worker1] (ScriptedImporter)
[Worker3] Start importing Assets/EmeraldBunny/Generated/Materials/spread_rear_toe_3.mat using Guid(d3aa447d41cb2954791e469ffbcf8875) Importer(2089858483,b0f066a214c2f5e87bad3c948f4d605d) 
[Worker3] (ScriptedImporter)
[Worker1]  -> (artifact id: '6f7acb0d2fd23379bfb4882befc1195b') in 0.0028617 seconds
[Worker0]  -> (artifact id: '46cf924f540b4b9bfe2db8fef1baa495') in 0.005294 seconds
[Worker3]  -> (artifact id: 'b34a9fac6298b6df546a29432dfa657d') in 0.0055885 seconds
[Worker2] Start importing Packages/com.unity.2d.animation/Editor/Assets/EditorIcons/Selected/Create_Vertex.png using Guid(e7ddb9213511d984f8b951a7c913d83a) Importer(2089858483,b0f066a214c2f5e87bad3c948f4d605d) 
[Worker2] (ScriptedImporter)
[Worker2]  -> (artifact id: '528c1d2ff136964161e1c0f8c1c45504') in 0.0074917 seconds
[Worker0] Start importing Packages/com.unity.inputsystem/InputSystem/Editor/AssetEditor/PackageResources/personal using Guid(95391b99439094c00a105cd26ba61b1b) Importer(2089858483,b0f066a214c2f5e87bad3c948f4d605d) 
[Worker0] (ScriptedImporter)
[Worker1] Start importing Packages/com.unity.render-pipelines.core/Runtime-PrivateShared using Guid(3bc3c7fe1d0033c4aaa7cd04fe5ba574) Importer(2089858483,b0f066a214c2f5e87bad3c948f4d605d) 
[Worker1] (ScriptedImporter)
[Worker0]  -> (artifact id: '7f671b0ab61d60216295d03b4277b717') in 0.0045386 seconds
[Worker1]  -> (artifact id: 'dda27362df7bb24ad8eb355899d64932') in 0.0025792 seconds
[Worker2] Start importing Packages/com.unity.inputsystem/InputSystem/Editor/UITKAssetEditor/PackageResources using Guid(7894838fa258e3a4197077ddbda0eec5) Importer(2089858483,b0f066a214c2f5e87bad3c948f4d605d) 
[Worker2] (ScriptedImporter)
[Worker3] Start importing Assets/EmeraldInochi/Resources/Native.shader using Guid(84fb26df9537d2c4f838bfd7bde46d16) Importer(2089858483,b0f066a214c2f5e87bad3c948f4d605d) 
[Worker3] (ScriptedImporter)
[Worker2]  -> (artifact id: '4a9ccd88d9920d594eb6b80bbda56f38') in 0.004122 seconds
[Worker3]  -> (artifact id: 'dc0eee7af7389aba52bc4e2d00ce80f2') in 0.0048678 seconds
[Worker0] Start importing Assets/EmeraldBunny/Generated/Materials/chair_leftarm_lower_fixed.mat using Guid(2e8d698ce4bf3ea499fca60e637cc1e4) Importer(2089858483,b0f066a214c2f5e87bad3c948f4d605d) 
[Worker0] (ScriptedImporter)
[Worker0]  -> (artifact id: '204ec4d71aeab8a1fc042968598f6e91') in 0.0074456 seconds
[Worker1] Start importing Packages/com.unity.inputsystem/InputSystem/Editor/Settings using Guid(c189b798c1d4842fcb189cf619033d39) Importer(2089858483,b0f066a214c2f5e87bad3c948f4d605d) 
[Worker1] (ScriptedImporter)
[Worker1]  -> (artifact id: '95a29c4a8c9254c353b49e467df7c291') in 0.0026127 seconds
[Worker2] Start importing Packages/com.unity.render-pipelines.core/Runtime/Sampling/Textures/SobolBlueNoise using Guid(5cd9d26d95a75804d8f849a19ab998e7) Importer(2089858483,b0f066a214c2f5e87bad3c948f4d605d) 
[Worker2] (ScriptedImporter)
[Worker2]  -> (artifact id: '76b92bd2ee7aaa72af7ceaf777fa60e2') in 0.0024663 seconds
[Worker3] Start importing Packages/com.unity.ugui/Editor/Analytics/IAnalytic using Guid(77417b0f4cf6d334f916c64448d24133) Importer(2089858483,b0f066a214c2f5e87bad3c948f4d605d) 
[Worker3] (ScriptedImporter)
[Worker3]  -> (artifact id: '3e8d340cf7ef99b6efaae6516686d2e7') in 0.0041729 seconds
[Worker0] Start importing Assets/Scripts/Resonance.App/Battle/Vfx/VfxGoodButton.cs using Guid(171c09a0c2f101d4b9a0b1a02fa76503) Importer(2089858483,b0f066a214c2f5e87bad3c948f4d605d) 
[Worker2] Start importing Packages/com.unity.inputsystem/InputSystem/Plugins/iOS using Guid(cdf0d8abf71784dacb0470320cd8936f) Importer(2089858483,b0f066a214c2f5e87bad3c948f4d605d) 
[Worker2] (ScriptedImporter)
[Worker0] (ScriptedImporter)
[Worker1] Start importing Packages/com.unity.2d.animation/Editor/Assets/ComponentIcons/d_Animation.SpriteResolver@64.png using Guid(4c30b1506cccf4f46952be11e3a98523) Importer(2089858483,b0f066a214c2f5e87bad3c948f4d605d) 
[Worker1] (ScriptedImporter)
[Worker2]  -> (artifact id: '0f63231017af70757cc8ade60e7169de') in 0.0032783 seconds
[Worker0]  -> (artifact id: '2a3767ed727a32935a387b3e6080211a') in 0.0050598 seconds
[Worker1]  -> (artifact id: '2fe9b69dd863f3c8556519c5b5a7cac0') in 0.0093142 seconds
[Worker3] Start importing Packages/com.unity.2d.animation/Editor/Assets/ComponentIcons/Animation.SpriteSkin On@256.png using Guid(678e07380549544ef9884c1817c65ae8) Importer(2089858483,b0f066a214c2f5e87bad3c948f4d605d) 
[Worker3] (ScriptedImporter)
[Worker2] Start importing Packages/com.unity.2d.animation/Editor/Assets/ComponentIcons/Animation.SpriteResolver On.png using Guid(db2b3974aac164565bda03b3e0d93046) Importer(2089858483,b0f066a214c2f5e87bad3c948f4d605d) 
[Worker2] (ScriptedImporter)
[Worker3]  -> (artifact id: 'eb9cc0b2a1771c4e4ccde785f02e7ff2') in 0.0095117 seconds
[Worker2]  -> (artifact id: '58062ea45d48cd9a34af9d1554778d64') in 0.0064962 seconds
[Worker0] Start importing Packages/com.unity.2d.animation using Guid(f67ef92394d3f1aa696fe543fac8c5a1) Importer(2089858483,b0f066a214c2f5e87bad3c948f4d605d) 
[Worker0] (ScriptedImporter)
[Worker0]  -> (artifact id: 'ae7a9acbc8c74901fae76fc3bdc73357') in 0.0030115 seconds
[Worker1] Start importing Packages/com.unity.ugui/Editor/Analytics using Guid(c52726d811a9f66459355df6b0c3977b) Importer(2089858483,b0f066a214c2f5e87bad3c948f4d605d) 
[Worker1] (ScriptedImporter)
[Worker1]  -> (artifact id: 'b2c0a5c3013d38ae25d6b9464966da8b') in 0.0032992 seconds
[Worker3] Start importing Packages/com.unity.render-pipelines.core/Runtime/Debugging using Guid(58a02e8711d94134393b2a8ac22b96ca) Importer(2089858483,b0f066a214c2f5e87bad3c948f4d605d) 
[Worker3] (ScriptedImporter)
[Worker3]  -> (artifact id: '2e46ed22d6266416824957b02f1d7ddf') in 0.0041531 seconds
[Worker2] Start importing Packages/com.unity.render-pipelines.universal/Runtime/XR using Guid(0550ca8fecc5a38488e598126238413d) Importer(2089858483,b0f066a214c2f5e87bad3c948f4d605d) 
[Worker2] (ScriptedImporter)
[Worker1] Start importing Packages/com.unity.burst/Unity.Burst.CodeGen using Guid(0025085fa936303aa05b328e44651f9c) Importer(2089858483,b0f066a214c2f5e87bad3c948f4d605d) 
[Worker1] (ScriptedImporter)
[Worker0] Start importing Packages/com.unity.test-framework/UnityEditor.TestRunner/TestLaunchers/Helpers using Guid(a3cb89150b8a4060b89a32725a8e267e) Importer(2089858483,b0f066a214c2f5e87bad3c948f4d605d) 
[Worker0] (ScriptedImporter)
[Worker2]  -> (artifact id: 'bfbb489effdb05f7ba6c8db402ddad48') in 0.0110356 seconds
[Worker0]  -> (artifact id: '901012d3d45aa769d40dbeb54d6de944') in 0.0099813 seconds
[Worker1]  -> (artifact id: 'a4a1542a7e3e33f8db3ba50b5427068e') in 0.0105874 seconds
[Worker3] Start importing Packages/com.unity.2d.animation/Editor/Assets/EditorIcons/Light/Weight_Slider@4x.png using Guid(4e494ad3b858ecf4fab63aae9075d43d) Importer(2089858483,b0f066a214c2f5e87bad3c948f4d605d) 
[Worker3] (ScriptedImporter)
[Worker3]  -> (artifact id: '1d7b45a0eb9141707bef1dbaa6b07f01') in 0.0064087 seconds
[Worker1] Start importing Assets/Scripts/Resonance.App using Guid(4b8001b94fff8554bb3cb72b18ee9cba) Importer(2089858483,b0f066a214c2f5e87bad3c948f4d605d) 
[Worker1] (ScriptedImporter)
[Worker1]  -> (artifact id: '621eb300a4cb411fa823d7808da8dcc2') in 0.0025807 seconds
[Worker0] Start importing Packages/com.unity.2d.animation/Editor/Assets/EditorIcons/Selected/SetPivot64.png using Guid(fe3852467ea5e4b488f8c7e0006c970b) Importer(2089858483,b0f066a214c2f5e87bad3c948f4d605d) 
[Worker0] (ScriptedImporter)
[Worker2] Start importing Assets/EmeraldBunny/Art/leg_front_knee_lower_rear.png using Guid(cad14fdcfa4e5424d9d8db9c236e4e9b) Importer(2089858483,b0f066a214c2f5e87bad3c948f4d605d) 
[Worker2] (ScriptedImporter)
[Worker3] Start importing Assets/EmeraldBunny/Generated/Meshes/chair_front_lower_rear.asset using Guid(f966fcb95f865ca48ac099c1d0d7dc22) Importer(2089858483,b0f066a214c2f5e87bad3c948f4d605d) 
[Worker3] (ScriptedImporter)
[Worker0]  -> (artifact id: '9cdbb162664c18b79e5a7ea6a72f4eff') in 0.0091541 seconds
[Worker2]  -> (artifact id: '6fde3667cc0d3ba29fdbbe6af2fe22d6') in 0.006084 seconds
[Worker3]  -> (artifact id: 'c2ec05f737802418322f5e767350db4d') in 0.0043352 seconds
[Worker1] Start importing Packages/com.unity.render-pipelines.universal/Runtime/2D/Shadows/ShadowProvider/Providers using Guid(b5fa04dc74317394bb31c148b76a585e) Importer(2089858483,b0f066a214c2f5e87bad3c948f4d605d) 
[Worker1] (ScriptedImporter)
[Worker1]  -> (artifact id: '764d3af9747e5de9115eb50bd4042961') in 0.0030346 seconds
[Worker0] Start importing Packages/com.unity.2d.sprite/Editor/ObjectMenuCreation/DefaultAssets/Textures using Guid(eb4d405ba54724ef89c2fce638946c5d) Importer(2089858483,b0f066a214c2f5e87bad3c948f4d605d) 
[Worker0] (ScriptedImporter)
[Worker3] Start importing Packages/com.unity.2d.animation/Editor/Assets/ComponentIcons/Animation.SpriteLibraryVar On@128.png using Guid(e2c573f07f6d7471d9cad8cb2a5fece0) Importer(2089858483,b0f066a214c2f5e87bad3c948f4d605d) 
[Worker3] (ScriptedImporter)
[Worker0]  -> (artifact id: 'fdc42233dbc1ceaf5d140e40859e68bf') in 0.0025104 seconds
[Worker2] Start importing Packages/com.unity.ugui/Tests/Runtime/UGUI/Util using Guid(af30a361ab68260438b6ec3fb7e64500) Importer(2089858483,b0f066a214c2f5e87bad3c948f4d605d) 
[Worker2] (ScriptedImporter)
[Worker2]  -> (artifact id: 'e9baa8d980fa682a5d1eb508a91e68c6') in 0.0033097 seconds
[Worker3]  -> (artifact id: '11decafaa0e8043943c33bc60f0ebeac') in 0.0074975 seconds
[Worker1] Start importing Packages/com.unity.2d.animation/Editor/Assets/SpriteLibraryEditor/LabelsTab.uss using Guid(508137d46fc4f48929786b113175a254) Importer(2089858483,b0f066a214c2f5e87bad3c948f4d605d) 
[Worker1] (ScriptedImporter)
[Worker0] Start importing Packages/com.unity.2d.animation/Editor/SkinningModule/Cache using Guid(d59ac20961f9b95419fd53d6c9663903) Importer(2089858483,b0f066a214c2f5e87bad3c948f4d605d) 
[Worker0] (ScriptedImporter)
[Worker1]  -> (artifact id: 'ebeceec5a7dd6a15e37ebeb9b82d5b22') in 0.0041275 seconds
[Worker2] Start importing Packages/com.unity.2d.animation/Editor/Assets/EditorIcons/Light/Generate_Weights@4x.png using Guid(a56b84f780e8aef439e9a83d60ca7420) Importer(2089858483,b0f066a214c2f5e87bad3c948f4d605d) 
[Worker2] (ScriptedImporter)
[Worker0]  -> (artifact id: '92228dd7cb6ffb6d76fca7fd520403e8') in 0.0033998 seconds
[Worker3] Start importing Assets/Resources/Art/Characters/C001/PuppetMotion using Guid(5df9177842c38e54ab41ac8c45976711) Importer(2089858483,b0f066a214c2f5e87bad3c948f4d605d) 
[Worker3] (ScriptedImporter)
[Worker2]  -> (artifact id: '9d97de1476d8d78403ea99507c00c97d') in 0.0079642 seconds
[Worker3]  -> (artifact id: 'ebd48df09aedd1270ec924dd25c29134') in 0.0034077 seconds
[Worker1] Start importing Assets/EmeraldBunny/Generated/Meshes/leg_front_thigh.asset using Guid(b31b412188e609f41ae5bad956336555) Importer(2089858483,b0f066a214c2f5e87bad3c948f4d605d) 
[Worker1] (ScriptedImporter)
[Worker0] Start importing Assets/EmeraldBunny/Generated/Materials/hair_sweep.mat using Guid(da00bab10da84494d9cf1ae580b60ab8) Importer(2089858483,b0f066a214c2f5e87bad3c948f4d605d) 
[Worker0] (ScriptedImporter)
[Worker1]  -> (artifact id: '0db5f83afe790e11ea87811270125f6e') in 0.0052344 seconds
[Worker0]  -> (artifact id: '839dc2eac163039a7896328e9e7ceef0') in 0.0038873 seconds
[Worker2] Start importing Packages/com.unity.2d.animation/Editor/Assets/EditorIcons/Selected/Bone_Influence@3x.png using Guid(68e5a78013e33f247822a837e55b0ab4) Importer(2089858483,b0f066a214c2f5e87bad3c948f4d605d) 
[Worker2] (ScriptedImporter)
[Worker3] Start importing Packages/com.unity.2d.animation/Editor/Assets/EditorIcons/Dark/d_Split_Edge@2x.png using Guid(22fade1e2426f684a9c315c974f50d18) Importer(2089858483,b0f066a214c2f5e87bad3c948f4d605d) 
[Worker3] (ScriptedImporter)
[Worker2]  -> (artifact id: '6962932b0953e7803e91b898f0b0791b') in 0.0068072 seconds
[Worker3]  -> (artifact id: '4e3270b84de471aa37f606aba053e1f4') in 0.0079783 seconds
[Worker0] Start importing Packages/com.unity.2d.animation/Editor/Assets/SkinningModule/MeshToolbarStyle.uss using Guid(230294e66b45c7e4696341b7c6f0eea5) Importer(2089858483,b0f066a214c2f5e87bad3c948f4d605d) 
[Worker0] (ScriptedImporter)
[Worker1] Start importing Packages/com.unity.2d.animation/Editor/Assets/EditorIcons/Dark/d_Create_Edge@4x.png using Guid(62053ed690017d143bd2cfa8e5dc3ff5) Importer(2089858483,b0f066a214c2f5e87bad3c948f4d605d) 
[Worker1] (ScriptedImporter)
[Worker1]  -> (artifact id: 'e77ae800ca6f123cd16d290269f03550') in 0.0094129 seconds
[Worker2] Start importing Packages/com.unity.shadergraph/Editor/Utilities using Guid(f09c1bd643b38480bba505d3a9023457) Importer(2089858483,b0f066a214c2f5e87bad3c948f4d605d) 
[Worker2] (ScriptedImporter)
[Worker0]  -> (artifact id: '091326b12fe9904b40f146912a20b8c6') in 0.013697 seconds
[Worker2]  -> (artifact id: '8a1b4736e238c4b087899575840c9c65') in 0.0024953 seconds
[Worker3] Start importing Packages/com.unity.modules.director using Guid(2d142b475fbfb8cf12ba3a795194300a) Importer(2089858483,b0f066a214c2f5e87bad3c948f4d605d) 
[Worker3] (ScriptedImporter)
[Worker3]  -> (artifact id: 'a803ee9dc65b207965f68248a6409f8b') in 0.0035361 seconds
[Worker1] Start importing Packages/com.unity.2d.animation/Editor/Assets/ComponentIcons/Animation.IKManager On@32.png using Guid(48e86ca3e41834f60b0eae5fb521cfc4) Importer(2089858483,b0f066a214c2f5e87bad3c948f4d605d) 
[Worker1] (ScriptedImporter)
[Worker2] Start importing Packages/com.unity.2d.sprite/Editor/SpriteEditorModule using Guid(ab4bbc8deeeb005438fa5034a454be7b) Importer(2089858483,b0f066a214c2f5e87bad3c948f4d605d) 
[Worker2] (ScriptedImporter)
[Worker2]  -> (artifact id: '70350da72f003ef7afc97e0ff6bbdc29') in 0.0035716 seconds
[Worker1]  -> (artifact id: '6afec4dbd6bedf1d0b166ec237820cfe') in 0.0071461 seconds
[Worker0] Start importing Assets/EmeraldBunny/Generated/Meshes/spread_rear_toe_4.asset using Guid(0de258c9403189140a1784086bca9d77) Importer(2089858483,b0f066a214c2f5e87bad3c948f4d605d) 
[Worker0] (ScriptedImporter)
[Worker3] Start importing Packages/com.unity.2d.animation/Editor/Assets/ComponentIcons/Animation.IKManager On.png using Guid(53c84f3dfe8b04b6db1fb80443fafbaf) Importer(2089858483,b0f066a214c2f5e87bad3c948f4d605d) 
[Worker3] (ScriptedImporter)
[Worker0]  -> (artifact id: 'b632582d90ecb3b788d6ee75ffd2fea1') in 0.0041749 seconds
[Worker3]  -> (artifact id: '71bf1009d11bc612e288d247bbd5eb09') in 0.008687 seconds
[Worker2] Start importing Packages/com.unity.render-pipelines.core/Runtime/UnifiedRayTracing/Common using Guid(b9f7ba6849814a54bb551f9491377013) Importer(2089858483,b0f066a214c2f5e87bad3c948f4d605d) 
[Worker2] (ScriptedImporter)
[Worker1] Start importing Packages/com.unity.modules.particlesystem using Guid(48b10b41f58d5b49717f376cda59eeb8) Importer(2089858483,b0f066a214c2f5e87bad3c948f4d605d) 
[Worker1] (ScriptedImporter)
[Worker2]  -> (artifact id: '9ce33015cf23d6f8d2bf33f19f6f4d22') in 0.0027944 seconds
[Worker1]  -> (artifact id: 'e6e7a09317eea1b207b621e56e976297') in 0.002973 seconds
[Worker3] Start importing Packages/com.unity.2d.sprite/Editor/ObjectMenuCreation/DefaultAssets/Textures/HexagonPointTopWithBorder.png using Guid(4b2a04fdbe0ef4d8da8f90eaca817cd1) Importer(2089858483,b0f066a214c2f5e87bad3c948f4d605d) 
[Worker0] Start importing Packages/com.unity.render-pipelines.universal/Shaders/XR using Guid(e3ddeb98d5e10214c9be71d26faa6a3d) Importer(2089858483,b0f066a214c2f5e87bad3c948f4d605d) 
[Worker3] (ScriptedImporter)
[Worker0] (ScriptedImporter)
[Worker0]  -> (artifact id: '348087d28e4dbd20e92a49df4f0f040d') in 0.0026614 seconds
[Worker3]  -> (artifact id: '19f1bc8d13bdeaf06ccd6235346b7ae2') in 0.0075983 seconds
[Worker1] Start importing Assets/Resources/Art/Characters/C003 using Guid(5f3f0d2e9dbc87567970dbb4838ce15f) Importer(2089858483,b0f066a214c2f5e87bad3c948f4d605d) 
[Worker1] (ScriptedImporter)
[Worker1]  -> (artifact id: '1a333c25d60eb47ca4e59d6c928a1602') in 0.0033468 seconds
[Worker0] Start importing Packages/com.unity.shadergraph/Tests/Editor using Guid(8453a00e344fd7e408223e92fc924cc2) Importer(2089858483,b0f066a214c2f5e87bad3c948f4d605d) 
[Worker2] Start importing Packages/com.unity.render-pipelines.universal/Editor/2D/Resources/InspectorIcons using Guid(02ab4512457271c48afa84879f6d3848) Importer(2089858483,b0f066a214c2f5e87bad3c948f4d605d) 
[Worker0] (ScriptedImporter)
[Worker2] (ScriptedImporter)
[Worker2]  -> (artifact id: '486751395781597a52991dee8634370d') in 0.00282 seconds
[Worker0]  -> (artifact id: '7c45f56f13f4bccaaceab70b9a218254') in 0.0035222 seconds
[Worker3] Start importing Packages/com.unity.2d.animation/Editor/Assets/ComponentIcons/Animation.SpriteLibraryManager On@64.png using Guid(ac5de94053f294b929e8105eced63bbe) Importer(2089858483,b0f066a214c2f5e87bad3c948f4d605d) 
[Worker3] (ScriptedImporter)
[Worker3]  -> (artifact id: 'e28f00f825ed23f57485b6c7068057c3') in 0.0074899 seconds
[Worker0] Start importing Packages/com.unity.shadergraph/Editor/Generation/Targets/BuiltIn/Editor/ShaderGUI using Guid(045465d8500b94f469580f232db2929f) Importer(2089858483,b0f066a214c2f5e87bad3c948f4d605d) 
[Worker0] (ScriptedImporter)
[Worker0]  -> (artifact id: 'bc2a616c04a185081a4ebc9a2e17a52b') in 0.0027586 seconds
[Worker2] Start importing Assets/EmeraldBunny/Generated/Meshes/chair_all_lower_front.asset using Guid(bea813c1ee758a340bf151d4b0219c9a) Importer(2089858483,b0f066a214c2f5e87bad3c948f4d605d) 
[Worker2] (ScriptedImporter)
[Worker1] Start importing Packages/com.unity.render-pipelines.core/Runtime/Volume using Guid(1189cbf559a12c64e92584c52d17a4a0) Importer(2089858483,b0f066a214c2f5e87bad3c948f4d605d) 
[Worker1] (ScriptedImporter)
[Worker2]  -> (artifact id: 'faab01de6413c6b27afa95c799bac3e3') in 0.0044667 seconds
[Worker1]  -> (artifact id: 'a809b134e0beb496ae1dbed37a47a6c1') in 0.003565 seconds
[Worker3] Start importing Packages/com.unity.modules.unityanalytics using Guid(d6c6a000a805f00649b36b542e8426c2) Importer(2089858483,b0f066a214c2f5e87bad3c948f4d605d) 
[Worker3] (ScriptedImporter)
[Worker3]  -> (artifact id: '51ac7e120d3a5e319c93b0d554e4ca7d') in 0.0041655 seconds
[Worker0] Start importing Packages/com.unity.render-pipelines.universal-config using Guid(9ebba4de0bc7f6a8d93a6a7ce368a4c7) Importer(2089858483,b0f066a214c2f5e87bad3c948f4d605d) 
[Worker0] (ScriptedImporter)
[Worker0]  -> (artifact id: '507e649f8e525ad3a6c3dd11c41a4f3c') in 0.0028017 seconds
[Worker2] Start importing Packages/com.unity.test-framework/UnityEditor.TestRunner/UnityTestProtocol/Messages using Guid(9ea154c33fd8466f973f004e5c962df7) Importer(2089858483,b0f066a214c2f5e87bad3c948f4d605d) 
[Worker2] (ScriptedImporter)
[Worker1] Start importing Packages/com.unity.modules.physics2d using Guid(376c84ea405e0f2b80562c23bb977216) Importer(2089858483,b0f066a214c2f5e87bad3c948f4d605d) 
[Worker1] (ScriptedImporter)
[Worker2]  -> (artifact id: '3641a48f8d497dd8c6c37cf93d7f1514') in 0.0026601 seconds
[Worker1]  -> (artifact id: 'f8ddcc5118cdfe88d2a416e55d0c88fa') in 0.0024646 seconds
[Worker3] Start importing Packages/com.unity.render-pipelines.core/Editor/Volume/Drawers using Guid(8c667ca46d23aa3468b6c4243b135b0d) Importer(2089858483,b0f066a214c2f5e87bad3c948f4d605d) 
[Worker3] (ScriptedImporter)
[Worker3]  -> (artifact id: '22aed9b41010bb02a3e955fb3aa54681') in 0.0048248 seconds
[Worker0] Start importing Assets/EmeraldBunny/Art/arm_left_upper.png using Guid(b23ad8c48b8e09d4d9abfc23e281fb30) Importer(2089858483,b0f066a214c2f5e87bad3c948f4d605d) 
[Worker0] (ScriptedImporter)
[Worker1] Start importing Assets/EmeraldBunny/Generated/Meshes/chair_front.asset using Guid(4c82c20736d595b42b92221b354fb329) Importer(2089858483,b0f066a214c2f5e87bad3c948f4d605d) 
[Worker1] (ScriptedImporter)
[Worker2] Start importing Assets/EmeraldBunny/Generated/Meshes/spread_rear_toe_1.asset using Guid(76ab5d4c15aea7e4a9774819e6759c38) Importer(2089858483,b0f066a214c2f5e87bad3c948f4d605d) 
[Worker2] (ScriptedImporter)
[Worker2]  -> (artifact id: '3c64c312c6079e9707773ecd9baabcb0') in 0.0038774 seconds
[Worker1]  -> (artifact id: 'eafb6250bec795c9b25088ffb779d9bf') in 0.0059759 seconds
[Worker0]  -> (artifact id: '113302756868ab95477b3e16c066cf4e') in 0.0085404 seconds
[Worker3] Start importing Packages/com.unity.2d.animation/Editor/Assets/EditorIcons/Dark/d_Visibility_Tool@2x 1.png using Guid(1c5db39ecfdc3764c9b3874920a80999) Importer(2089858483,b0f066a214c2f5e87bad3c948f4d605d) 
[Worker3] (ScriptedImporter)
[Worker3]  -> (artifact id: '97a9bf875599d7083573c4717dc06f3d') in 0.0086837 seconds
[Worker2] Start importing Packages/com.unity.2d.animation/Editor/Assets/EditorIcons/Dark/d_Generate_Geometry@3x.png using Guid(d0c7c8e72b5fcf84e9478a13bd449ae6) Importer(2089858483,b0f066a214c2f5e87bad3c948f4d605d) 
[Worker2] (ScriptedImporter)
[Worker1] Start importing Packages/com.unity.2d.animation/Editor/Assets/EditorIcons/Dark/d_Weight_Slider.png using Guid(dce15ef65ee3c394cb6cc78d4d70b6d9) Importer(2089858483,b0f066a214c2f5e87bad3c948f4d605d) 
[Worker1] (ScriptedImporter)
[Worker2]  -> (artifact id: '2db7d0a39d6846d8934248099c4f8f7f') in 0.0112774 seconds
[Worker3] Start importing Assets/EmeraldBunny/Generated/Meshes/chair_leg_backleft_lower_fixed.asset using Guid(ce8565f9ba74bef4ca337cf2a775b0a8) Importer(2089858483,b0f066a214c2f5e87bad3c948f4d605d) 
[Worker3] (ScriptedImporter)
[Worker0] Start importing Packages/com.unity.shadergraph/Editor/Generation/Targets/Terrain/Includes using Guid(22acd4a9b5da4f678c564195d78bbed3) Importer(2089858483,b0f066a214c2f5e87bad3c948f4d605d) 
[Worker0] (ScriptedImporter)
[Worker1]  -> (artifact id: '100f7fe2652dfad35ef22aae379ae21a') in 0.0090452 seconds
[Worker3]  -> (artifact id: '26b06e0351e259aa7e069ecd263291c6') in 0.003103 seconds
[Worker0]  -> (artifact id: 'f70268e84217aa178d0e6fb224834a8d') in 0.0036053 seconds
[Worker2] Start importing Packages/com.unity.render-pipelines.universal/Runtime/Overrides using Guid(1d7cd03b402219345ac6dedb815bfdeb) Importer(2089858483,b0f066a214c2f5e87bad3c948f4d605d) 
[Worker2] (ScriptedImporter)
[Worker2]  -> (artifact id: '05361ff998f8c75fde6e37ba08e736e9') in 0.0025965 seconds
[Worker1] Start importing Assets/Inochi2D/Runtime using Guid(3d964be5ef6857649815f3c9af85f7df) Importer(2089858483,b0f066a214c2f5e87bad3c948f4d605d) 
[Worker0] Start importing Packages/com.unity.render-pipelines.universal/Tests using Guid(90821e75f62bb9e4ea9d6111201e1d90) Importer(2089858483,b0f066a214c2f5e87bad3c948f4d605d) 
[Worker1] (ScriptedImporter)
[Worker0] (ScriptedImporter)
[Worker3] Start importing Packages/com.unity.searcher/Editor/Searcher using Guid(4b1180a47f4e54c43af13ef6a4a06621) Importer(2089858483,b0f066a214c2f5e87bad3c948f4d605d) 
[Worker3] (ScriptedImporter)
[Worker0]  -> (artifact id: '29ad36c1d22d97bdedc49602a1475fa7') in 0.0040147 seconds
[Worker1]  -> (artifact id: 'f517660b495606c18a0806703645fce1') in 0.0046526 seconds
[Worker3]  -> (artifact id: 'cf26f3d1905de5c04d6f6bd49f86dcf3') in 0.0037619 seconds
[Worker2] Start importing Packages/com.unity.render-pipelines.universal/Editor/ShaderGraph/Includes/Terrain using Guid(f4e1f16cd720fd149b53725287d528da) Importer(2089858483,b0f066a214c2f5e87bad3c948f4d605d) 
[Worker2] (ScriptedImporter)
[Worker2]  -> (artifact id: 'abbdc2f15e3987e0399eeb852ead9ef6') in 0.0039563 seconds
[Worker1] Start importing Packages/com.unity.shadergraph/Editor/Importers using Guid(a1485bce8acd0428fae1525629b9ed8b) Importer(2089858483,b0f066a214c2f5e87bad3c948f4d605d) 
[Worker1] (ScriptedImporter)
[Worker3] Start importing Packages/com.unity.test-framework/UnityEngine.TestRunner/NUnitExtensions/Attributes using Guid(0cb14878543cf3d4f8472b15f7ecf0e3) Importer(2089858483,b0f066a214c2f5e87bad3c948f4d605d) 
[Worker3] (ScriptedImporter)
[Worker0] Start importing Packages/com.unity.render-pipelines.universal/Editor/Terrain using Guid(fc44513cb116d68479a07038666952cc) Importer(2089858483,b0f066a214c2f5e87bad3c948f4d605d) 
[Worker0] (ScriptedImporter)
[Worker1]  -> (artifact id: '1a13c62c158669e538106977e1cb4c46') in 0.002861 seconds
[Worker3]  -> (artifact id: '6e1a986d2994fddef0ddb7a7be396d37') in 0.0027116 seconds
[Worker0]  -> (artifact id: '59261f205113e099e71316083fc80d98') in 0.0026633 seconds
[Worker2] Start importing Packages/com.unity.render-pipelines.universal/Runtime/Materials/ArnoldStandardSurface using Guid(dadc0db69503dfa4eb1c96a19590f95c) Importer(2089858483,b0f066a214c2f5e87bad3c948f4d605d) 
[Worker2] (ScriptedImporter)
[Worker2]  -> (artifact id: '0c253df21d761d0968b11f34f7479b11') in 0.0035134 seconds
[Worker1] Start importing Packages/com.unity.2d.animation/Editor/Assets/EditorIcons/Dark/d_Edit_Joints.png using Guid(8c3235661573d7b44bd864536f83d0ea) Importer(2089858483,b0f066a214c2f5e87bad3c948f4d605d) 
[Worker1] (ScriptedImporter)
[Worker0] Start importing Assets/EmeraldBunny/Generated/Materials/fingerL_thumb.mat using Guid(bbcc83fc26ea5b145909047ae7a0e03a) Importer(2089858483,b0f066a214c2f5e87bad3c948f4d605d) 
[Worker0] (ScriptedImporter)
[Worker3] Start importing Assets/EmeraldBunny/Art/fingerL_thumb.png using Guid(eccdc8f2c94de26498356a381558601d) Importer(2089858483,b0f066a214c2f5e87bad3c948f4d605d) 
[Worker3] (ScriptedImporter)
[Worker3]  -> (artifact id: '961b4dbfbbb00aa9d5af5e1536c38591') in 0.0054971 seconds
[Worker0]  -> (artifact id: '250ef215abddb2b64574a0dcfa0270e9') in 0.0074568 seconds
[Worker1]  -> (artifact id: 'ff5a81ecba7338fa4a303ad72612d24c') in 0.0092947 seconds
[Worker2] Start importing Packages/com.unity.mathematics/Unity.Mathematics/Geometry using Guid(8179f9b7bb3904f5ba86140bea0a128b) Importer(2089858483,b0f066a214c2f5e87bad3c948f4d605d) 
[Worker2] (ScriptedImporter)
[Worker2]  -> (artifact id: 'b7c9a53736b783cffc866ad9982d1c1a') in 0.003234 seconds
[Worker3] Start importing Packages/com.unity.mathematics using Guid(45c97f030cad27ef8667e2ac80bf5783) Importer(2089858483,b0f066a214c2f5e87bad3c948f4d605d) 
[Worker3] (ScriptedImporter)
[Worker0] Start importing Assets/EmeraldBunny/Art/toeAir2_lower_front.png using Guid(c9aaa7e5cc3b80840bac52fa72616f39) Importer(2089858483,b0f066a214c2f5e87bad3c948f4d605d) 
[Worker0] (ScriptedImporter)
[Worker3]  -> (artifact id: '75491f9d3b9193ed8c1dc9580d39d03d') in 0.0031154 seconds
[Worker1] Start importing Packages/com.unity.ugui/Runtime/UGUI/UI/Core/Culling using Guid(27ed3e221887b3544bd9d6505d4a789f) Importer(2089858483,b0f066a214c2f5e87bad3c948f4d605d) 
[Worker1] (ScriptedImporter)
[Worker1]  -> (artifact id: '6cc606371eceb754937b03560b3c5d33') in 0.0039397 seconds
[Worker0]  -> (artifact id: 'b9f7d3169a36ef7b6ad0f71004549529') in 0.0101313 seconds
[Worker2] Start importing Packages/com.unity.render-pipelines.core/Editor/Icons/MipLevels using Guid(05f6cde15dbb7bb48b377d0310898c96) Importer(2089858483,b0f066a214c2f5e87bad3c948f4d605d) 
[Worker2] (ScriptedImporter)
[Worker2]  -> (artifact id: 'c9b879769a6204e0eff88826c808fbd3') in 0.0044592 seconds
[Worker3] Start importing Packages/com.unity.2d.animation/Editor/UpgradeTools/UI using Guid(b0a2bc09e0ec6405388c569a95759f9f) Importer(2089858483,b0f066a214c2f5e87bad3c948f4d605d) 
[Worker3] (ScriptedImporter)
[Worker3]  -> (artifact id: '8594b47526a79311fa116dd42e967663') in 0.0045809 seconds
[Worker1] Start importing Packages/com.unity.2d.animation/Editor/Assets/EditorIcons/Selected/d_Visibility_Tool@4x.png using Guid(0167a2d235421ca4f8095daaa1defd4f) Importer(2089858483,b0f066a214c2f5e87bad3c948f4d605d) 
[Worker1] (ScriptedImporter)
[Worker0] Start importing Packages/com.unity.2d.animation/Editor/Assets/EditorIcons/Light/Create_Vertex@3x.png using Guid(66fa19194577350438c952106f661c2f) Importer(2089858483,b0f066a214c2f5e87bad3c948f4d605d) 
[Worker0] (ScriptedImporter)
[Worker1]  -> (artifact id: '973f7694d7e1f405c172de28df87e44e') in 0.0089545 seconds
[Worker2] Start importing Packages/com.unity.2d.animation/Editor/Assets/EditorIcons/Selected/Bone_Influence@2x.png using Guid(0779ad3feec52124e97114bcbb12ef13) Importer(2089858483,b0f066a214c2f5e87bad3c948f4d605d) 
[Worker2] (ScriptedImporter)
[Worker0]  -> (artifact id: 'c26c5716556c139d3a10c2e65a1f8469') in 0.006746 seconds
[Worker2]  -> (artifact id: '13533d8a20fd90ef3be47388524ec80a') in 0.0107293 seconds
[Worker3] Start importing Assets/EmeraldBunny/Generated/Materials/toeAir1_lower_front.mat using Guid(e0b400b58bc7b68479291a7ecf2d9866) Importer(2089858483,b0f066a214c2f5e87bad3c948f4d605d) 
[Worker3] (ScriptedImporter)
[Worker3]  -> (artifact id: '900e18ffb9675a23c759c50e313c401b') in 0.0048782 seconds
[Worker1] Start importing Packages/com.unity.shadergraph/Editor/ShaderGUI using Guid(c03d0f7d344c4c0a877eea9f1a0168fd) Importer(2089858483,b0f066a214c2f5e87bad3c948f4d605d) 
[Worker1] (ScriptedImporter)
[Worker0] Start importing Assets/EmeraldBunny/Generated/Meshes/background.asset using Guid(a6830315b8ef92b469e18648c959898c) Importer(2089858483,b0f066a214c2f5e87bad3c948f4d605d) 
[Worker0] (ScriptedImporter)
[Worker1]  -> (artifact id: '92729788ae544402d7f1fb0e01f4b0b4') in 0.0026944 seconds
[Worker0]  -> (artifact id: 'fd4cc3d48636bdc654911da5dfbbbbf8') in 0.0054591 seconds
[Worker2] Start importing Assets/EmeraldBunny/Art/spread_front_toe_4.png using Guid(9cb22b582121234469d07bd34112252c) Importer(2089858483,b0f066a214c2f5e87bad3c948f4d605d) 
[Worker2] (ScriptedImporter)
[Worker2]  -> (artifact id: '7a234d9df03901daf2d8a020acbcb447') in 0.0063247 seconds
[Worker3] Start importing Packages/com.unity.test-framework/UnityEngine.TestRunner/Utils using Guid(bb32bccaf32a6db448d1c0cc99c78688) Importer(2089858483,b0f066a214c2f5e87bad3c948f4d605d) 
[Worker3] (ScriptedImporter)
[Worker1] Start importing Assets/Inochi2D using Guid(86b7d1b4b0c23d641a7bd79a5f5ae433) Importer(2089858483,b0f066a214c2f5e87bad3c948f4d605d) 
[Worker3]  -> (artifact id: '6eee4b47770305ae053259bd2a525040') in 0.0024922 seconds
[Worker1] (ScriptedImporter)
[Worker1]  -> (artifact id: 'a9fbef331a758973cfca0d25ddbce6c2') in 0.0026266 seconds
[Worker0] Start importing Assets/EmeraldBunny/Generated/Meshes/arm_right_forearm.asset using Guid(4337ab7d8f439174ba28fae0161c07f6) Importer(2089858483,b0f066a214c2f5e87bad3c948f4d605d) 
[Worker0] (ScriptedImporter)
[Worker0]  -> (artifact id: '284d88cbdbfce6a04f1fb1dafe815033') in 0.0049945 seconds
[Worker2] Start importing Packages/com.unity.shadergraph/Editor/Generation/Utils using Guid(a776ae8783d76794ead8bbefa7461cb8) Importer(2089858483,b0f066a214c2f5e87bad3c948f4d605d) 
[Worker2] (ScriptedImporter)
[Worker2]  -> (artifact id: 'faee147cf3b557f92ce310a3caa5b3d0') in 0.0026556 seconds
[Worker1] Start importing Assets/Inochi2D/LICENSE.md using Guid(03dab32d80b2ed1488df40943dd92415) Importer(2089858483,b0f066a214c2f5e87bad3c948f4d605d) 
[Worker1] (ScriptedImporter)
[Worker3] Start importing Packages/com.unity.mathematics/Tests/Tests/Shared using Guid(1d6d62c94d82bf748b95682fa88ef3b9) Importer(2089858483,b0f066a214c2f5e87bad3c948f4d605d) 
[Worker3] (ScriptedImporter)
[Worker1]  -> (artifact id: 'e8d6a30ce0a2751bd5d853226e75193a') in 0.0044065 seconds
[Worker3]  -> (artifact id: '1d74d2a0903438b758ebecd4c004187a') in 0.0029658 seconds
[Worker2] Start importing Packages/com.unity.2d.common/Path/Editor/Handles/TangentBroken.png using Guid(fe95aee6edcd44a18bb5f5ff8269e300) Importer(2089858483,b0f066a214c2f5e87bad3c948f4d605d) 
[Worker2] (ScriptedImporter)
[Worker1] Start importing Packages/com.unity.2d.animation/Editor/Assets/EditorIcons/Light/Warning@2x.png using Guid(3233afe4c448d4eb198cfb1ca54feb3b) Importer(2089858483,b0f066a214c2f5e87bad3c948f4d605d) 
[Worker0] Start importing Packages/com.unity.2d.animation/Editor/Assets/EditorIcons/Light/Bone_Influence@4x.png using Guid(c7aa62ae78ffca0498c89e5f45f94c0e) Importer(2089858483,b0f066a214c2f5e87bad3c948f4d605d) 
[Worker1] (ScriptedImporter)
[Worker0] (ScriptedImporter)
[Worker1]  -> (artifact id: '71aa2c0ac7b62fcb8588bdb146876341') in 0.006673 seconds
[Worker2]  -> (artifact id: 'ec803b7b4646e5c6149c04304b8b4936') in 0.0086581 seconds
[Worker3] Start importing Packages/com.unity.2d.animation/Editor/Assets/ComponentIcons/Animation.IKLimb@32.png using Guid(4567ce7a1cf16433196f2688091df4ca) Importer(2089858483,b0f066a214c2f5e87bad3c948f4d605d) 
[Worker0]  -> (artifact id: '9c712eee613811feef0348652852e097') in 0.0088275 seconds
[Worker3] (ScriptedImporter)
[Worker3]  -> (artifact id: '66ae7c272d6f9c0f4ce43b60024046ec') in 0.0064917 seconds
[Worker0] Start importing Packages/com.unity.2d.animation/Editor/Assets/ComponentIcons/Animation.IKManager On@128.png using Guid(5c81e841f99f744f997dfa12ce9c2a82) Importer(2089858483,b0f066a214c2f5e87bad3c948f4d605d) 
[Worker0] (ScriptedImporter)
[Worker2] Start importing Assets/EmeraldBunny/Generated/Materials/cuff_right.mat using Guid(bc24fdb4a11898e4795dec2d392d36b2) Importer(2089858483,b0f066a214c2f5e87bad3c948f4d605d) 
[Worker2] (ScriptedImporter)
[Worker3] Start importing Assets/Content/schema.md using Guid(459a1df2dfe02604b879950991ea0048) Importer(2089858483,b0f066a214c2f5e87bad3c948f4d605d) 
[Worker3] (ScriptedImporter)
[Worker1] Start importing Packages/com.unity.2d.animation/Editor/Assets/EditorIcons/Dark/d_SetPivot128.png using Guid(e105e7dad311341f69e2349618434f7f) Importer(2089858483,b0f066a214c2f5e87bad3c948f4d605d) 
[Worker1] (ScriptedImporter)
[Worker2]  -> (artifact id: '9ffe05388b1232224dd1990c86e27b20') in 0.0044723 seconds
[Worker3]  -> (artifact id: 'bcb6094613f97caa2640d837176ff45a') in 0.0036213 seconds
[Worker0]  -> (artifact id: 'c8839557acc6595107580bb504d5bed0') in 0.0089687 seconds
[Worker1]  -> (artifact id: 'ff94fa28e02c69a42a524b1d230f5dcb') in 0.0113743 seconds
[Worker2] Start importing Packages/com.unity.inputsystem/InputSystem/Editor/Internal/AdvancedDropdown using Guid(5cdea6ae28e4a4b6ca0bb7506f88764c) Importer(2089858483,b0f066a214c2f5e87bad3c948f4d605d) 
[Worker2] (ScriptedImporter)
[Worker3] Start importing Packages/com.unity.render-pipelines.universal/Shaders/Nature using Guid(4cbffddcbed277c40a97feee7c42e857) Importer(2089858483,b0f066a214c2f5e87bad3c948f4d605d) 
[Worker3] (ScriptedImporter)
[Worker2]  -> (artifact id: 'c6da41605223437eb920b42c280cdd91') in 0.003922 seconds
[Worker3]  -> (artifact id: '0e6779a431e50b93f5f343f21e492ce3') in 0.0030975 seconds
[Worker0] Start importing Packages/com.unity.2d.animation/Editor/Assets/EditorIcons/Dark/d_Split Bones@4x.png using Guid(0bf67b4360dc1cd4caa0338c55219e9e) Importer(2089858483,b0f066a214c2f5e87bad3c948f4d605d) 
[Worker0] (ScriptedImporter)
[Worker1] Start importing Packages/com.unity.2d.animation/Editor/Assets/EditorIcons/Selected/Visibility_Tool@4x.png using Guid(f082e69f825d0aa44b687e592731c0a8) Importer(2089858483,b0f066a214c2f5e87bad3c948f4d605d) 
[Worker1] (ScriptedImporter)
[Worker0]  -> (artifact id: '9564271afe6788fe7b69e5cedf1379ad') in 0.0069818 seconds
[Worker1]  -> (artifact id: '0420f574ccca19e978cec7c6ed098c06') in 0.0092576 seconds
[Worker3] Start importing Packages/com.unity.inputsystem/InputSystem/Devices/Precompiled using Guid(6600059bab4cd4a4ab586e5bb07df47b) Importer(2089858483,b0f066a214c2f5e87bad3c948f4d605d) 
[Worker3] (ScriptedImporter)
[Worker2] Start importing Packages/com.unity.2d.sprite/Editor/ObjectMenuCreation/DefaultAssets/Textures/HexagonFlatTopWithBorder.png using Guid(a9716c16a44a94eed9b5c90fbf4d9bdd) Importer(2089858483,b0f066a214c2f5e87bad3c948f4d605d) 
[Worker2] (ScriptedImporter)
[Worker3]  -> (artifact id: '244b0ccb395d0d543cef332826b2dd42') in 0.0037193 seconds
[Worker0] Start importing Packages/com.unity.2d.animation/Editor/SpriteSkin using Guid(620c158a2e9b847248f3f7ebb6738323) Importer(2089858483,b0f066a214c2f5e87bad3c948f4d605d) 
[Worker0] (ScriptedImporter)
[Worker0]  -> (artifact id: 'e9b03a142b4c19e495e074ed20f51515') in 0.0034549 seconds
[Worker2]  -> (artifact id: '4844eed4b7b5c647204b77a2a93fabcc') in 0.011426 seconds
[Worker1] Start importing Packages/com.unity.ugui/Runtime/UGUI/Properties using Guid(32e2186f4598cff489784aae586f2215) Importer(2089858483,b0f066a214c2f5e87bad3c948f4d605d) 
[Worker1] (ScriptedImporter)
[Worker1]  -> (artifact id: '428b1334c7f3fbf61dbcf6d4d4102549') in 0.0027871 seconds
[Worker3] Start importing Packages/com.unity.2d.animation/Editor/Assets/EditorIcons/Dark/d_Bone_Influence@2x.png using Guid(045a46ed7fd32804eb02dc411be96859) Importer(2089858483,b0f066a214c2f5e87bad3c948f4d605d) 
[Worker3] (ScriptedImporter)
[Worker3]  -> (artifact id: 'd723595544c32bea2aca40517f7e5af1') in 0.0127551 seconds
[Worker0] Start importing Assets/EmeraldBunny/Art/chair_leftarm_lower_fixed.png using Guid(9364477c886414c4e9d50832277d9510) Importer(2089858483,b0f066a214c2f5e87bad3c948f4d605d) 
[Worker2] Start importing Packages/com.unity.2d.animation/Editor/Assets/ComponentIcons/Animation.SpriteResolver@64.png using Guid(b1640c283050b4d23a677c6a445f058c) Importer(2089858483,b0f066a214c2f5e87bad3c948f4d605d) 
[Worker0] (ScriptedImporter)
[Worker2] (ScriptedImporter)
[Worker0]  -> (artifact id: 'a9240fc4be26fa86c2fc229e077e51ed') in 0.0085533 seconds
[Worker2]  -> (artifact id: 'ac3c0aa453300642bd7e6302fcac4715') in 0.0093219 seconds
[Worker1] Start importing Assets/EmeraldBunny/Generated/Meshes/lowerlidL.asset using Guid(4fd6ad7c7b1155b449fa54bf92201cea) Importer(2089858483,b0f066a214c2f5e87bad3c948f4d605d) 
[Worker1] (ScriptedImporter)
[Worker1]  -> (artifact id: '3cf5f6ab1d8b83eeb54e58ced24313e4') in 0.0049592 seconds
[Worker3] Start importing Assets/EmeraldBunny/Generated/Materials/foot_ground_lower_rear.mat using Guid(30268e9c1d5ecc34084d7d6c120ce3e6) Importer(2089858483,b0f066a214c2f5e87bad3c948f4d605d) 
[Worker3] (ScriptedImporter)
[Worker3]  -> (artifact id: 'f986b4c53eaee7ddd3f42cf9af759db7') in 0.0080879 seconds
[Worker0] Start importing Assets/EmeraldBunny/Generated/Animations using Guid(32cebc88c753af247af76c6eff46a495) Importer(2089858483,b0f066a214c2f5e87bad3c948f4d605d) 
[Worker0] (ScriptedImporter)
[Worker0]  -> (artifact id: '6fa49392f203c102058409256502ca8b') in 0.0046555 seconds
[Worker2] Start importing Packages/com.unity.2d.animation/Editor/Assets/EditorIcons/Selected/Paste@2x.png using Guid(cd0250057a3f07346b60675b355c3e06) Importer(2089858483,b0f066a214c2f5e87bad3c948f4d605d) 
[Worker2] (ScriptedImporter)
[Worker2]  -> (artifact id: '9b9e7c8b3f411d00bd26d6673c5ac779') in 0.0059128 seconds
[Worker1] Start importing Packages/com.unity.2d.animation/Editor/Assets/EditorIcons/Selected/Visibility_Tool@2x.png using Guid(ef9977ed07c438845a52c577f4ffcc3a) Importer(2089858483,b0f066a214c2f5e87bad3c948f4d605d) 
[Worker1] (ScriptedImporter)
[Worker1]  -> (artifact id: '069b25f08252f4f628072054b0e5b34f') in 0.0083534 seconds
[Worker3] Start importing Packages/com.unity.2d.animation/Editor/Assets/ComponentIcons/d_Animation.IKCCD@256.png using Guid(f2df2ca130cfb4705ae418741cb26ff7) Importer(2089858483,b0f066a214c2f5e87bad3c948f4d605d) 
[Worker3] (ScriptedImporter)
[Worker0] Start importing Packages/com.unity.2d.animation/Editor/Assets/EditorIcons/Dark/d_Bone@3x.png using Guid(fe145a004cb46de488885e70d26cade0) Importer(2089858483,b0f066a214c2f5e87bad3c948f4d605d) 
[Worker0] (ScriptedImporter)
[Worker3]  -> (artifact id: 'f0786ff9206ff57fec5308948d2a595c') in 0.0119475 seconds
[Worker2] Start importing Assets/EmeraldBunny/Generated/Materials/upperlidL.mat using Guid(17f6c166540219942b3b732c4a06f245) Importer(2089858483,b0f066a214c2f5e87bad3c948f4d605d) 
[Worker2] (ScriptedImporter)
[Worker1] Start importing Packages/com.unity.2d.animation/Editor/Assets/ComponentIcons/d_Animation.SpriteSkin.asset using Guid(41ba21739e79d42819811459918315b2) Importer(2089858483,b0f066a214c2f5e87bad3c948f4d605d) 
[Worker1] (ScriptedImporter)
[Worker0]  -> (artifact id: '57b14c5ea9cfa2e47cd2b7b217738459') in 0.0099051 seconds
[Worker2]  -> (artifact id: 'bd83993a2c54892048ec786a6a8b91d2') in 0.0049285 seconds
[Worker1]  -> (artifact id: 'a87398e22572288222b7cf8f1087c3c5') in 0.0119221 seconds
[Worker3] Start importing Packages/com.unity.shadergraph/Editor/Resources/Shaders using Guid(95a0c8e39aaf7f3468cff72de2b7c094) Importer(2089858483,b0f066a214c2f5e87bad3c948f4d605d) 
[Worker3] (ScriptedImporter)
[Worker3]  -> (artifact id: '32587970ca59be16e4be66b310722545') in 0.0036587 seconds
[Worker2] Start importing Packages/com.unity.burst/Runtime using Guid(e1700f0d2aa03c568eaedb3efe6720f0) Importer(2089858483,b0f066a214c2f5e87bad3c948f4d605d) 
[Worker2] (ScriptedImporter)
[Worker1] Start importing Assets/EmeraldBunny/Generated/Meshes/chair_rightarm_lower_fixed.asset using Guid(ab3e82abc08af14478e83e5806a34753) Importer(2089858483,b0f066a214c2f5e87bad3c948f4d605d) 
[Worker0] Start importing Assets/EmeraldBunny/Art/hair_ribbon.png using Guid(e41dced5d04093d498559ebe1257d4a8) Importer(2089858483,b0f066a214c2f5e87bad3c948f4d605d) 
[Worker1] (ScriptedImporter)
[Worker0] (ScriptedImporter)
[Worker2]  -> (artifact id: '5bdaa495ade021a67311e8daa4d12712') in 0.0038123 seconds
[Worker1]  -> (artifact id: '31a545de7564cc2d509136520ca1a2db') in 0.0049085 seconds
[Worker0]  -> (artifact id: 'cc341e6ec674cfd9937ddd98131b8d99') in 0.0049866 seconds
[Worker3] Start importing Packages/com.unity.2d.animation/Editor/Assets/SkinningModule/SkinningModule-GUITextureClip.shader using Guid(bedd19944f451ba4d83e7ed69be98d5c) Importer(2089858483,b0f066a214c2f5e87bad3c948f4d605d) 
[Worker3] (ScriptedImporter)
[Worker3]  -> (artifact id: 'ff5251ff9aad32ab2a2acdf0bd88c14b') in 0.0036957 seconds
[Worker2] Start importing Packages/com.unity.2d.animation/Editor/Assets/EditorIcons/Light/Bone_Influence.png using Guid(e92fc44f12c21dd44a49e390f39f7ffd) Importer(2089858483,b0f066a214c2f5e87bad3c948f4d605d) 
[Worker1] Start importing Packages/com.unity.render-pipelines.core/Tests/Editor/Volumes using Guid(93ab3f290033d9a48b3cce3d26d93f89) Importer(2089858483,b0f066a214c2f5e87bad3c948f4d605d) 
[Worker2] (ScriptedImporter)
[Worker0] Start importing Assets/EmeraldBunny/Runtime using Guid(1fd7a85f6e433474d9db12bb2e08e1c0) Importer(2089858483,b0f066a214c2f5e87bad3c948f4d605d) 
[Worker1] (ScriptedImporter)
[Worker0] (ScriptedImporter)
[Worker1]  -> (artifact id: 'fb5d4a861b16ce3af192c1b882979b87') in 0.0034411 seconds
[Worker0]  -> (artifact id: 'e4aa62fd8b2384295f60e2e1ce8665b9') in 0.0052748 seconds
[Worker2]  -> (artifact id: '9238b6a2a0c82a9dbe5fe40c2eeeeb31') in 0.0080808 seconds
[Worker3] Start importing Packages/com.unity.2d.animation/Editor/SkinningModule/Lib/x86_64/BoundedBiharmonicWeightsModule.bundle using Guid(83a049cd282c44dd3ba1c44001c8a6d5) Importer(2089858483,b0f066a214c2f5e87bad3c948f4d605d) 
[Worker3] (ScriptedImporter)
[Worker3]  -> (artifact id: '1bf5cbbcd1b6f28dcb8f1a69288e051c') in 0.0042429 seconds
[Worker2] Start importing Packages/com.unity.2d.animation/Editor/Assets/ComponentIcons/Animation.SpriteLibraryVar On@64.png using Guid(713f288c6a6fc4514a9403f26e82dc91) Importer(2089858483,b0f066a214c2f5e87bad3c948f4d605d) 
[Worker2] (ScriptedImporter)
[Worker0] Start importing Packages/com.unity.render-pipelines.core/Editor/Material using Guid(eb290baa39b761244b157cbd10673e0c) Importer(2089858483,b0f066a214c2f5e87bad3c948f4d605d) 
[Worker0] (ScriptedImporter)
[Worker1] Start importing Packages/com.unity.2d.animation/Editor/Assets/ComponentIcons/Animation.IKFabrik@64.png using Guid(934b23cc1699f467688d787b9d303561) Importer(2089858483,b0f066a214c2f5e87bad3c948f4d605d) 
[Worker1] (ScriptedImporter)
[Worker0]  -> (artifact id: '185c74e613f7869cf825b8ef556f7b7d') in 0.0029942 seconds
[Worker2]  -> (artifact id: 'caa2f96cf605a72610e003a218fb0393') in 0.0085139 seconds
[Worker1]  -> (artifact id: 'd1d0009bf86787251eda67a0f4c6ce6b') in 0.0111025 seconds
[Worker3] Start importing Assets/EmeraldBunny/Art/waist_chain.png using Guid(1ad277944bb999d4db6f0698d1876ea1) Importer(2089858483,b0f066a214c2f5e87bad3c948f4d605d) 
[Worker3] (ScriptedImporter)
[Worker3]  -> (artifact id: 'ba008b5691c1916938931462ae53d217') in 0.0113696 seconds
[Worker0] Start importing Assets/EmeraldBunny/Generated/Meshes/spread_rear_toe_3.asset using Guid(245702616b5c2cb4fb5cfbd0258ce049) Importer(2089858483,b0f066a214c2f5e87bad3c948f4d605d) 
[Worker0] (ScriptedImporter)
[Worker1] Start importing Packages/com.unity.2d.animation/Editor/Assets/EditorIcons/Light/Split_Edge@2x.png using Guid(3c84cd9c7ddd51c4b959d02c41aced07) Importer(2089858483,b0f066a214c2f5e87bad3c948f4d605d) 
[Worker2] Start importing Packages/com.unity.collections/Unity.Collections.Tests/Jobs using Guid(15816ede41b819e439cb53115efc62b0) Importer(2089858483,b0f066a214c2f5e87bad3c948f4d605d) 
[Worker1] (ScriptedImporter)
[Worker2] (ScriptedImporter)
[Worker0]  -> (artifact id: '9930bd0f12cf2cef3f8348086512e361') in 0.0048767 seconds
[Worker2]  -> (artifact id: 'd32e141472f998c84d93b94a5488db05') in 0.0039459 seconds
[Worker1]  -> (artifact id: '154338522456967ca59c74c49afec1a0') in 0.006989 seconds
[Worker3] Start importing Assets/EmeraldBunny/Generated/Materials/leg_rear_knee_lower_fixed.mat using Guid(0ce2fd4ef17db6c4f9b3ea72dc42f681) Importer(2089858483,b0f066a214c2f5e87bad3c948f4d605d) 
[Worker3] (ScriptedImporter)
[Worker3]  -> (artifact id: '129fb03fcc324d6e1160114f11038c6f') in 0.0047574 seconds
[Worker2] Start importing Packages/com.unity.2d.animation/Editor/Assets/EditorIcons/Selected/Weight_Slider@2x.png using Guid(7f64a6e091143c0458506b559165cf72) Importer(2089858483,b0f066a214c2f5e87bad3c948f4d605d) 
[Worker2] (ScriptedImporter)
[Worker0] Start importing Packages/com.unity.render-pipelines.universal/Editor/2D/LightBatchingDebugger using Guid(bf4452fea996a7a468c7d5443cf2ff2e) Importer(2089858483,b0f066a214c2f5e87bad3c948f4d605d) 
[Worker0] (ScriptedImporter)
[Worker0]  -> (artifact id: '4b87fdee10d749073e9db08c75f7bbc5') in 0.0035869 seconds
[Worker1] Start importing Packages/com.unity.2d.animation/Editor/Assets/ComponentIcons/d_Animation.IKFabrik@32.png using Guid(343de650405d34e75bf52853707670d5) Importer(2089858483,b0f066a214c2f5e87bad3c948f4d605d) 
[Worker1] (ScriptedImporter)
[Worker2]  -> (artifact id: '5cdd8785b2acf502f8e28a9a005fbd7e') in 0.0097784 seconds
[Worker1]  -> (artifact id: 'd2c725eefe8c54b30e0a55437278c4d6') in 0.0071374 seconds
[Worker3] Start importing Packages/com.unity.ugui/Tests/Editor/UGUI/RectMask2D using Guid(305ca32be1aa5504aa182f583895dfe4) Importer(2089858483,b0f066a214c2f5e87bad3c948f4d605d) 
[Worker3] (ScriptedImporter)
[Worker3]  -> (artifact id: 'cacd4c2c2f4961b762192dce6f2cfb95') in 0.0047484 seconds
[Worker2] Start importing Packages/com.unity.shadergraph/Editor/Data/Nodes/Artistic/Filter using Guid(e005d19f5315e44bc9f50b3f6f8e50b2) Importer(2089858483,b0f066a214c2f5e87bad3c948f4d605d) 
[Worker2] (ScriptedImporter)
[Worker0] Start importing Packages/com.unity.2d.animation/Editor/Assets/SkinningModule/WeightPainterPanelStyle.uss using Guid(b94e074c751075841957558677e2e60e) Importer(2089858483,b0f066a214c2f5e87bad3c948f4d605d) 
[Worker0] (ScriptedImporter)
[Worker2]  -> (artifact id: '3595086c6fc5ffd5ac5a9da55a333ece') in 0.0036228 seconds
[Worker0]  -> (artifact id: 'c9537416c042d7a86fcf03506063b013') in 0.0054246 seconds
[Worker1] Start importing Packages/com.unity.2d.animation/Editor/Assets/EditorIcons/Selected/Parent_Bone.png using Guid(1b8ac2bef8a060f4ca19b22a3720cb0e) Importer(2089858483,b0f066a214c2f5e87bad3c948f4d605d) 
[Worker1] (ScriptedImporter)
[Worker1]  -> (artifact id: 'b878d9f16cbdfd6dc41d5058a325e42c') in 0.0093076 seconds
[Worker3] Start importing Packages/com.unity.test-framework/UnityEditor.TestRunner/TestRun using Guid(8721cb2237d4a564a94a51f56243bdac) Importer(2089858483,b0f066a214c2f5e87bad3c948f4d605d) 
[Worker3] (ScriptedImporter)
[Worker3]  -> (artifact id: '4670f4a25409612bba7cd41e1039b5cb') in 0.0041459 seconds
[Worker2] Start importing Assets/Content using Guid(c28abe1c60d97514c869cb71537b993d) Importer(2089858483,b0f066a214c2f5e87bad3c948f4d605d) 
[Worker2] (ScriptedImporter)
[Worker0] Start importing Packages/com.unity.2d.animation/Editor/Assets/ComponentIcons/Animation.SpriteLibraryManager@256.png using Guid(3d9fb59c1fa00406ab971588842aa368) Importer(2089858483,b0f066a214c2f5e87bad3c948f4d605d) 
[Worker0] (ScriptedImporter)
[Worker2]  -> (artifact id: 'b5f3cffbee25ce43bb4517ac06514423') in 0.0033791 seconds
[Worker0]  -> (artifact id: 'ca9685856d95f6c47aab0586fa804dbd') in 0.0097236 seconds
[Worker1] Start importing Packages/com.unity.2d.animation/Editor/Assets/ComponentIcons/Animation.IKCCD On@256.png using Guid(ba345f2f643d842459447c374943401d) Importer(2089858483,b0f066a214c2f5e87bad3c948f4d605d) 
[Worker1] (ScriptedImporter)
[Worker1]  -> (artifact id: '7c1d8c8cb54b8e6000c66eb1926c106b') in 0.0105613 seconds
[Worker3] Start importing Packages/com.unity.2d.animation/Editor/Assets/ComponentIcons/Animation.SpriteSkin@32.png using Guid(35f90efdb1e6d4fb29c4108de82bf1b2) Importer(2089858483,b0f066a214c2f5e87bad3c948f4d605d) 
[Worker3] (ScriptedImporter)
[Worker2] Start importing Packages/com.unity.2d.animation/Editor/Assets/ComponentIcons/d_Animation.IKLimb@64.png using Guid(c4b88bdeab9b1418083e414b97e3f1cd) Importer(2089858483,b0f066a214c2f5e87bad3c948f4d605d) 
[Worker2] (ScriptedImporter)
[Worker3]  -> (artifact id: '1fb0752e4a68c318ea34fa4afbff016c') in 0.0089635 seconds
[Worker0] Start importing Packages/com.unity.render-pipelines.core/Runtime/Inputs using Guid(ab163df5559af4efdb19baea5917049c) Importer(2089858483,b0f066a214c2f5e87bad3c948f4d605d) 
[Worker0] (ScriptedImporter)
[Worker2]  -> (artifact id: '560eb969641e4fe5cf5940588a688593') in 0.0089909 seconds
[Worker0]  -> (artifact id: 'a4b459ff950b28ad7127583badb14e39') in 0.0036024 seconds
[Worker1] Start importing Assets/EmeraldBunny/Generated/Materials/chair_all_lower_front.mat using Guid(4f089314949d1da47ade0d7d9a2b5c03) Importer(2089858483,b0f066a214c2f5e87bad3c948f4d605d) 
[Worker1] (ScriptedImporter)
[Worker1]  -> (artifact id: '8be58ac2a5e3bc56f39014dc2117e27e') in 0.0045845 seconds
[Worker3] Start importing Assets/Inochi2D/Native/windows-x86_64/inochi2d.dll using Guid(93bc04d6277356c458517c2c444a84e2) Importer(2089858483,b0f066a214c2f5e87bad3c948f4d605d) 
[Worker3] (ScriptedImporter)
[Worker2] Start importing Packages/com.unity.inputsystem/InputSystem/Plugins/Steam using Guid(a3e712d7ab2114ca4960246b0d5e6215) Importer(2089858483,b0f066a214c2f5e87bad3c948f4d605d) 
[Worker2] (ScriptedImporter)
[Worker3]  -> (artifact id: 'be91ec6bcb6e356e1ceeb5b48324d236') in 0.003847 seconds
[Worker2]  -> (artifact id: 'b4bf07a0024cde7bb0769da65c6e2ac1') in 0.0027448 seconds
[Worker0] Start importing Packages/com.unity.2d.animation/Editor/Assets/ComponentIcons/Animation.SpriteResolver@128.png using Guid(ce009ee7a4fb24c1da2f07064894e6c4) Importer(2089858483,b0f066a214c2f5e87bad3c948f4d605d) 
[Worker0] (ScriptedImporter)
[Worker0]  -> (artifact id: 'bbfd586bbe4d05c57a000311772087f7') in 0.0085921 seconds
[Worker1] Start importing Packages/com.unity.2d.animation/Editor/Assets/ComponentIcons/Animation.SpriteLibrary@2x.png using Guid(4c962e26d197d4a78af313c9eba7f136) Importer(2089858483,b0f066a214c2f5e87bad3c948f4d605d) 
[Worker1] (ScriptedImporter)
[Worker1]  -> (artifact id: 'bfed25984c4392a65891e7a121cf40bd') in 0.0082577 seconds
[Worker2] Start importing Packages/com.unity.2d.animation/Editor/Assets/ComponentIcons/Animation.IKManager@64.png using Guid(0502e3e0c944a4f71948552166af7b48) Importer(2089858483,b0f066a214c2f5e87bad3c948f4d605d) 
[Worker2] (ScriptedImporter)
[Worker3] Start importing Packages/com.unity.2d.animation/Editor/Assets/ComponentIcons/Animation.SpriteSkin@64.png using Guid(dd3db1e5b4263437aa298781bd55d726) Importer(2089858483,b0f066a214c2f5e87bad3c948f4d605d) 
[Worker3] (ScriptedImporter)
[Worker3]  -> (artifact id: '1879929a75e39aa73f597545e7350ec1') in 0.0086067 seconds
[Worker2]  -> (artifact id: '8c55d629d1ffdfbc66db4e2122dc2db4') in 0.0090987 seconds
[Worker0] Start importing Packages/com.unity.2d.sprite/Editor/UI/SpriteEditor using Guid(b8f7402084fe2cf4d884952adeac1114) Importer(2089858483,b0f066a214c2f5e87bad3c948f4d605d) 
[Worker0] (ScriptedImporter)
[Worker0]  -> (artifact id: '95fc47e953af1d1685f8094a449da3c6') in 0.0031517 seconds
[Worker1] Start importing Assets/EmeraldBunny/Art/chair_leg_backleft_lower_fixed.png using Guid(7436e0ac6d218b8478db4be68e4634cd) Importer(2089858483,b0f066a214c2f5e87bad3c948f4d605d) 
[Worker1] (ScriptedImporter)
[Worker1]  -> (artifact id: '536ad94c8a369ad7cf7f904770f797f0') in 0.0084576 seconds
[Worker2] Start importing Assets/EmeraldBunny/Generated/Materials/costume_bust.mat using Guid(3aec37c731033fa41bc1c2febb3e7f94) Importer(2089858483,b0f066a214c2f5e87bad3c948f4d605d) 
[Worker3] Start importing Packages/com.unity.render-pipelines.core/Runtime/Vrs using Guid(cc1099d95a4ee3849a01da5826056b1f) Importer(2089858483,b0f066a214c2f5e87bad3c948f4d605d) 
[Worker2] (ScriptedImporter)
[Worker3] (ScriptedImporter)
[Worker3]  -> (artifact id: '89e6a2793a1724bf15bf7361d640307a') in 0.0032721 seconds
[Worker2]  -> (artifact id: '124f75e4191efbda907acf6b648af6e3') in 0.0053792 seconds
[Worker0] Start importing Packages/com.unity.2d.animation/Editor/Assets/EditorIcons/Light/Edit_Geometry.png using Guid(5242f1eff2245a741a7cec5ada97f9f2) Importer(2089858483,b0f066a214c2f5e87bad3c948f4d605d) 
[Worker0] (ScriptedImporter)
[Worker0]  -> (artifact id: 'c1f382f9abd32ad114c4c37a6c845914') in 0.0073165 seconds
[Worker1] Start importing Packages/com.unity.2d.animation/Editor/Assets/EditorIcons/Light/Split_Edge@3x.png using Guid(4d2d8fb4fc2041441980b4ec253532b0) Importer(2089858483,b0f066a214c2f5e87bad3c948f4d605d) 
[Worker1] (ScriptedImporter)
[Worker1]  -> (artifact id: '4474b439510a24b2ae54193edab06c3b') in 0.0083144 seconds
[Worker3] Start importing Packages/com.unity.shadergraph/Editor/Drawing/Inspector using Guid(1d1f4aaa81084a13aaeb78dfaf7d35d7) Importer(2089858483,b0f066a214c2f5e87bad3c948f4d605d) 
[Worker3] (ScriptedImporter)
[Worker3]  -> (artifact id: 'ded770790281cd9234401771e4309bab') in 0.0036686 seconds
[Worker2] Start importing Packages/com.unity.render-pipelines.core/Editor/BuildProcessors using Guid(d846ae44708583940a0e44aa66cff1c9) Importer(2089858483,b0f066a214c2f5e87bad3c948f4d605d) 
[Worker2] (ScriptedImporter)
[Worker2]  -> (artifact id: '7dc7926c11288de5b85d76a70f3b229a') in 0.0037934 seconds
[Worker0] Start importing Packages/com.unity.2d.animation/Editor/Assets/SkinningModule/PastePanelStyle.uss using Guid(2362443a3fd04784d9c18412e771c7fa) Importer(2089858483,b0f066a214c2f5e87bad3c948f4d605d) 
[Worker0] (ScriptedImporter)
[Worker0]  -> (artifact id: 'a785e08d7ae2785d26de9bc7fc928712') in 0.0042497 seconds
[Worker1] Start importing Packages/com.unity.shadergraph/Editor/Drawing/MaterialEditor using Guid(381bcc6523571fb478a4937355db4c0d) Importer(2089858483,b0f066a214c2f5e87bad3c948f4d605d) 
[Worker1] (ScriptedImporter)
[Worker3] Start importing Assets/EmeraldBunny/Generated/Meshes/foot_ground_lower_rear.asset using Guid(e5ed4155d3d26034c97562eea77df491) Importer(2089858483,b0f066a214c2f5e87bad3c948f4d605d) 
[Worker3] (ScriptedImporter)
[Worker1]  -> (artifact id: 'da0bfa795a774460668ac50125107bc7') in 0.0033843 seconds
[Worker3]  -> (artifact id: 'ccd1c95abf93294d53bd731d16b41df6') in 0.0035795 seconds
[Worker2] Start importing Packages/com.unity.render-pipelines.core/Runtime/Debugging/Prefabs/Widgets using Guid(4b0ba40f636c768488950e485bd520cb) Importer(2089858483,b0f066a214c2f5e87bad3c948f4d605d) 
[Worker2] (ScriptedImporter)
[Worker2]  -> (artifact id: '211d05b56bc70c843a4dc83ade38f0b6') in 0.0030657 seconds
[Worker0] Start importing Packages/com.unity.render-pipelines.core/Runtime/Upscaling using Guid(eaa9f70ff0dbb864181af13946980fad) Importer(2089858483,b0f066a214c2f5e87bad3c948f4d605d) 
[Worker0] (ScriptedImporter)
[Worker0]  -> (artifact id: '25fad08fef74054fd4cf467e6d52f9d7') in 0.0032354 seconds
[Worker1] Start importing Packages/com.unity.render-pipelines.core/Editor/Upscaling using Guid(dfe03cc61c27c974ab28f8691b3f8c0f) Importer(2089858483,b0f066a214c2f5e87bad3c948f4d605d) 
[Worker1] (ScriptedImporter)
[Worker3] Start importing Packages/com.unity.2d.animation/Editor/Assets/ComponentIcons/Animation.SpriteLibrary On.png using Guid(a86c61e5bed184ddc884003f0c947bb4) Importer(2089858483,b0f066a214c2f5e87bad3c948f4d605d) 
[Worker1]  -> (artifact id: '9b7bce428c2eb1620fbb3917b99861f7') in 0.0035065 seconds
[Worker3] (ScriptedImporter)
[Worker2] Start importing Assets/EmeraldBunny/Generated/Meshes/collar_right.asset using Guid(51ddf4ab3189c2d4ba81d2899fc9e1b1) Importer(2089858483,b0f066a214c2f5e87bad3c948f4d605d) 
[Worker2] (ScriptedImporter)
[Worker2]  -> (artifact id: '2e5110fd82bfe325c96c5820493d8093') in 0.0046645 seconds
[Worker0] Start importing Packages/com.unity.ugui/Tests/Editor/UGUI/UnityEvent using Guid(e90cc37a5ccf4a44dbecc5b7172ec512) Importer(2089858483,b0f066a214c2f5e87bad3c948f4d605d) 
[Worker0] (ScriptedImporter)
[Worker3]  -> (artifact id: 'd75fcf83f9bce739076f171c0d705cea') in 0.0088572 seconds
[Worker0]  -> (artifact id: '36c2940a0b8bef6257f881c5fa275566') in 0.0037219 seconds
[Worker1] Start importing Assets/EmeraldBunny/Art/background.png using Guid(b19e8141254ca784eb6d0629bbbf7585) Importer(2089858483,b0f066a214c2f5e87bad3c948f4d605d) 
[Worker1] (ScriptedImporter)
[Worker2] Start importing Packages/com.unity.2d.common/Editor/InternalBridge/Deprecated using Guid(fefc1346845b43dea174260e066602f6) Importer(2089858483,b0f066a214c2f5e87bad3c948f4d605d) 
[Worker2] (ScriptedImporter)
[Worker3] Start importing Assets/EmeraldBunny/Generated/Materials/rabbit_right.mat using Guid(c27e80e2f5287b44490dc42b5d8ee3de) Importer(2089858483,b0f066a214c2f5e87bad3c948f4d605d) 
[Worker3] (ScriptedImporter)
[Worker2]  -> (artifact id: 'bae4e1dfe9322535d23347384d330451') in 0.003922 seconds
[Worker1]  -> (artifact id: '36ce28563b76266945bcdf84a7690121') in 0.0125777 seconds
[Worker0] Start importing Packages/com.unity.ugui/Tests/Runtime/UGUI/Canvas using Guid(9a3557da07c729b4eb774b8e30e157a4) Importer(2089858483,b0f066a214c2f5e87bad3c948f4d605d) 
[Worker0] (ScriptedImporter)
[Worker3]  -> (artifact id: '75b367aec69c9df4e14a09b3c28c7125') in 0.0066365 seconds
[Worker0]  -> (artifact id: '1c983357e1baa8867ac9d3ac61d17c92') in 0.0033921 seconds
[Worker2] Start importing Packages/com.unity.searcher using Guid(42a7aa83e165f37a84c96e5d9348202d) Importer(2089858483,b0f066a214c2f5e87bad3c948f4d605d) 
[Worker2] (ScriptedImporter)
[Worker2]  -> (artifact id: '577ad96bdce882ddaded309118d85026') in 0.0028531 seconds
[Worker0] Start importing Packages/com.unity.render-pipelines.universal/Editor/RendererFeatures using Guid(99a2417e5e722410f9df44751ab0de8a) Importer(2089858483,b0f066a214c2f5e87bad3c948f4d605d) 
[Worker0] (ScriptedImporter)
[Worker1] Start importing Packages/com.unity.2d.animation/Editor/Assets/EditorIcons/Dark using Guid(6e0f9a25810b95049a033815ff10688c) Importer(2089858483,b0f066a214c2f5e87bad3c948f4d605d) 
[Worker1] (ScriptedImporter)
[Worker3] Start importing Packages/com.unity.2d.animation/Editor/Assets/EditorIcons/Dark/d_Edit_Pose@4x.png using Guid(4f3a106299767d146975053c7be09b97) Importer(2089858483,b0f066a214c2f5e87bad3c948f4d605d) 
[Worker3] (ScriptedImporter)
[Worker0]  -> (artifact id: '388ab513967b960ed4e5bb48d06ea24e') in 0.0040884 seconds
[Worker1]  -> (artifact id: '7c58b777fe80ea7b544c7678c0add3ee') in 0.0036385 seconds
[Worker3]  -> (artifact id: '1b8ebad4e94907ce7a94ff809331cca7') in 0.0087248 seconds
[Worker2] Start importing Assets/EmeraldBunny/Generated/Materials/leg_rear_knee.mat using Guid(f1a34658946594546bdff651404f00cd) Importer(2089858483,b0f066a214c2f5e87bad3c948f4d605d) 
[Worker2] (ScriptedImporter)
[Worker0] Start importing Packages/com.unity.2d.animation/Editor/Assets/EditorIcons/Light/Copy@4x.png using Guid(5430b5412bcac5b4986be0a875a5e978) Importer(2089858483,b0f066a214c2f5e87bad3c948f4d605d) 
[Worker0] (ScriptedImporter)
[Worker2]  -> (artifact id: 'e7ce847784b1d892932f363cd4f69d69') in 0.0065291 seconds
[Worker1] Start importing Packages/com.unity.2d.animation/Editor/Assets/EditorIcons/Selected/Split_Edge@3x.png using Guid(7764b2bf79a49894e8ea10f3d661a4ed) Importer(2089858483,b0f066a214c2f5e87bad3c948f4d605d) 
[Worker1] (ScriptedImporter)
[Worker0]  -> (artifact id: 'a9f496fb6d2cb2249925654dde949633') in 0.0098763 seconds
[Worker3] Start importing Packages/com.unity.2d.animation/Editor/SkinningModule/Lib/x64 using Guid(3d7adf78a0bd60848be2470847fbf8ea) Importer(2089858483,b0f066a214c2f5e87bad3c948f4d605d) 
[Worker3] (ScriptedImporter)
[Worker1]  -> (artifact id: 'dfe164c65c7a59cae112916fe8129554') in 0.0076718 seconds
[Worker3]  -> (artifact id: '237953a3e31477f4a2967bf6421104c1') in 0.0032968 seconds
[Worker2] Start importing Packages/com.unity.render-pipelines.core/Editor/Icons using Guid(d282282bdd9a39349a3f4642751d8e2b) Importer(2089858483,b0f066a214c2f5e87bad3c948f4d605d) 
[Worker2] (ScriptedImporter)
[Worker2]  -> (artifact id: '47b20b949104c04cc997f0a9af4936cc') in 0.0036508 seconds
[Worker0] Start importing Packages/com.unity.2d.animation/Editor/Assets/EditorIcons/Selected/Paste.png using Guid(50eb3d76f731b5e46a7b8a0a52d93ef9) Importer(2089858483,b0f066a214c2f5e87bad3c948f4d605d) 
[Worker0] (ScriptedImporter)
[Worker1] Start importing Assets/Inochi2D/package.json using Guid(d0229e30fe557394391c69efa918b2ea) Importer(2089858483,b0f066a214c2f5e87bad3c948f4d605d) 
[Worker1] (ScriptedImporter)
[Worker1]  -> (artifact id: '4a11075879aabb2e37a1f3b6f1aa0aab') in 0.0044824 seconds
[Worker0]  -> (artifact id: '8d0084940996d15830d0bb2a567dd75f') in 0.0087883 seconds
[Worker3] Start importing Packages/com.unity.2d.common using Guid(0e219626a6fbd3aa17fc090758e68804) Importer(2089858483,b0f066a214c2f5e87bad3c948f4d605d) 
[Worker3] (ScriptedImporter)
[Worker3]  -> (artifact id: '54f941ba350ff07df531c59492d0768b') in 0.0024613 seconds
[Worker2] Start importing Packages/com.unity.2d.animation/Editor/Assets/ComponentIcons/Animation.SpriteLibraryManager@64.png using Guid(8018f7f22eae14c4b8c25d466fa0d8e8) Importer(2089858483,b0f066a214c2f5e87bad3c948f4d605d) 
[Worker2] (ScriptedImporter)
[Worker0] Start importing Packages/com.unity.2d.animation/Editor/Assets/ComponentIcons/Animation.SpriteResolver@32.png using Guid(f6dd722ee2cfe46a6bddf89ead1edade) Importer(2089858483,b0f066a214c2f5e87bad3c948f4d605d) 
[Worker0] (ScriptedImporter)
[Worker2]  -> (artifact id: 'b25981921f312e24b8f29a422df181db') in 0.0099739 seconds
[Worker3] Start importing Assets/Resources/Shaders using Guid(9f3a1c8e2d5b4a67b0c1e4f8a2d6b395) Importer(2089858483,b0f066a214c2f5e87bad3c948f4d605d) 
[Worker3] (ScriptedImporter)
[Worker3]  -> (artifact id: '3cd9f6b71682b3782053d7b1c1cba553') in 0.0034934 seconds
[Worker1] Start importing Packages/com.unity.shadergraph/Editor/Data/Nodes/Artistic/Adjustment using Guid(75cc6d701e07fe246ba5377a454f74c4) Importer(2089858483,b0f066a214c2f5e87bad3c948f4d605d) 
[Worker1] (ScriptedImporter)
[Worker0]  -> (artifact id: '518cb43a35fceac2dcca24ecc10c390e') in 0.0101512 seconds
[Worker1]  -> (artifact id: 'a85daeb01188ec45c19f6b1285705b07') in 0.0033019 seconds
[Worker2] Start importing Packages/com.unity.ugui/Package Resources using Guid(5ec95f4d5b2d1f14e9ff8682562553f9) Importer(2089858483,b0f066a214c2f5e87bad3c948f4d605d) 
[Worker2] (ScriptedImporter)
[Worker2]  -> (artifact id: '7a193f1a80ffecebce893a9f44725e0e') in 0.0033709 seconds
[Worker3] Start importing Assets/EmeraldBunny/Generated/Materials/waist_chain.mat using Guid(63800218b9935a242bb6d1575ff756b4) Importer(2089858483,b0f066a214c2f5e87bad3c948f4d605d) 
[Worker3] (ScriptedImporter)
[Worker0] Start importing Packages/com.unity.render-pipelines.core/Runtime/RenderGraph/Debug using Guid(0543e23b6a0f25741b67b1bee0292e70) Importer(2089858483,b0f066a214c2f5e87bad3c948f4d605d) 
[Worker0] (ScriptedImporter)
[Worker1] Start importing Packages/com.unity.test-framework/UnityEditor.TestRunner/GUI/TestAssets using Guid(92e3104769da143888a712cdea27d950) Importer(2089858483,b0f066a214c2f5e87bad3c948f4d605d) 
[Worker0]  -> (artifact id: '6d7a1f81d740b288eaad309528e5050b') in 0.0035237 seconds
[Worker1] (ScriptedImporter)
[Worker3]  -> (artifact id: '877dba3c6f2d47284a4f845e566412fd') in 0.00505 seconds
[Worker1]  -> (artifact id: '5fb38d46a98a8efec5932d05dc8a69f0') in 0.0031982 seconds
[Worker2] Start importing Assets/EmeraldBunny/Generated/Meshes/leg_rear_calf_lower_rear.asset using Guid(0f93b28a1ac2e4645b370c8715f475bf) Importer(2089858483,b0f066a214c2f5e87bad3c948f4d605d) 
[Worker2] (ScriptedImporter)
[Worker2]  -> (artifact id: '6bebb5208848004d8f98d6a8fba1b776') in 0.0047428 seconds
[Worker3] Start importing Packages/com.unity.2d.animation/Editor/Assets/EditorIcons/Dark/d_Edit_Pose.png using Guid(7a6cafa65c507e240b7293250b094e10) Importer(2089858483,b0f066a214c2f5e87bad3c948f4d605d) 
[Worker0] Start importing Packages/com.unity.2d.animation/Editor/Assets/EditorIcons/Dark/d_Generate_Weights@2x.png using Guid(f7e651b449fe96f42badf0e18b738c78) Importer(2089858483,b0f066a214c2f5e87bad3c948f4d605d) 
[Worker3] (ScriptedImporter)
[Worker0] (ScriptedImporter)
[Worker1] Start importing Packages/com.unity.shadergraph/Editor/Data/Nodes/Artistic/Normal using Guid(b7f9e0995756c4a4896912f8873eb63c) Importer(2089858483,b0f066a214c2f5e87bad3c948f4d605d) 
[Worker1] (ScriptedImporter)
[Worker1]  -> (artifact id: '6c43c91aab2382ea93bf237dac57691d') in 0.0028639 seconds
[Worker3]  -> (artifact id: '8a2c356d3ca5ccd057c4c7d484b16b76') in 0.0066346 seconds
[Worker0]  -> (artifact id: 'fd0446a5329554daf102497b464c7c43') in 0.0096961 seconds
[Worker2] Start importing Packages/com.unity.2d.animation/Editor/SpriteLib/SpriteSwapOverlay using Guid(260d767878e2440d8f0d1bcc48bfbf9e) Importer(2089858483,b0f066a214c2f5e87bad3c948f4d605d) 
[Worker2] (ScriptedImporter)
[Worker2]  -> (artifact id: '38a1724fa85f983d2ad091c103686900') in 0.0026331 seconds
[Worker3] Start importing Packages/com.unity.2d.animation/Editor/Assets/EditorIcons/Selected/Parent_Bone@4x.png using Guid(03b3f669dc5706a4592344c6385af858) Importer(2089858483,b0f066a214c2f5e87bad3c948f4d605d) 
[Worker3] (ScriptedImporter)
[Worker1] Start importing Packages/com.unity.render-pipelines.core/Runtime/RenderPipeline using Guid(18ccf971905222545a09cfda33385c7c) Importer(2089858483,b0f066a214c2f5e87bad3c948f4d605d) 
[Worker0] Start importing Assets/Scripts/Resonance.App/Debug/NaturalPlayBattleEvidence.cs using Guid(f1a0b3c6d9e24f58a7c1e4b8d0253697) Importer(2089858483,b0f066a214c2f5e87bad3c948f4d605d) 
[Worker1] (ScriptedImporter)
[Worker0] (ScriptedImporter)
[Worker3]  -> (artifact id: 'f8e2fdc175471d0b70cc18dbf60fa6ac') in 0.0072882 seconds
[Worker1]  -> (artifact id: '3cb523f37edbc255c69d5c796a69e9d2') in 0.0030632 seconds
[Worker0]  -> (artifact id: '6b1a22f8749d559d7c86a862c4de4cb3') in 0.0037069 seconds
[Worker2] Start importing Packages/com.unity.shadergraph/Tests/Editor/UnitTests using Guid(7f85ac5340a5dff468e347347435cf68) Importer(2089858483,b0f066a214c2f5e87bad3c948f4d605d) 
[Worker2] (ScriptedImporter)
[Worker2]  -> (artifact id: 'cf0bb3d5beed2d84f30fbe391b6db760') in 0.0040994 seconds
[Worker3] Start importing Assets/Scripts/Resonance.Battle/Core/TargetSemantics.cs using Guid(8c1e4b27a9d64f3e8b51c0d7e2a6f4b9) Importer(2089858483,b0f066a214c2f5e87bad3c948f4d605d) 
[Worker3] (ScriptedImporter)
[Worker0] Start importing Packages/com.unity.inputsystem/InputSystem/Plugins/UnityRemote using Guid(cf0897af2cae4ebbaf8b79eaae98fb08) Importer(2089858483,b0f066a214c2f5e87bad3c948f4d605d) 
[Worker0] (ScriptedImporter)
[Worker3]  -> (artifact id: '0d7fd3351c6322badc90a356b701c544') in 0.0050309 seconds
[Worker0]  -> (artifact id: 'd55a63df1025e4216de3c852ee922aa5') in 0.0034749 seconds
[Worker1] Start importing Assets/Scripts/Resonance.Battle/Content/VerificationCatalog.cs using Guid(e7b2c91d4a6f48e0b3c5d7a9e1f20486) Importer(2089858483,b0f066a214c2f5e87bad3c948f4d605d) 
[Worker1] (ScriptedImporter)
[Worker1]  -> (artifact id: '55f8ad46fce6a3ac27104ce659fca1d3') in 0.0030694 seconds
[Worker2] Start importing Assets/Scripts/Resonance.Battle/Content/DesignPlaceholderPolicy.cs using Guid(a8f3c1e24b6d4091a7e5c2d91f0b4e33) Importer(2089858483,b0f066a214c2f5e87bad3c948f4d605d) 
[Worker2] (ScriptedImporter)
[Worker3] Start importing Packages/com.unity.2d.animation/Editor/Assets/EditorIcons/Selected/SetPivot256.png using Guid(cf571779d45114b29b2641744a545123) Importer(2089858483,b0f066a214c2f5e87bad3c948f4d605d) 
[Worker3] (ScriptedImporter)
[Worker2]  -> (artifact id: 'a7f0c64d5a1f2cfba24c80b5fe41565a') in 0.0043595 seconds
[Worker0] Start importing Assets/Scripts/Resonance.Battle/Content/VerificationScenario.cs using Guid(c4d19a7e8b2f4e60a1d3c5e7f902b8a4) Importer(2089858483,b0f066a214c2f5e87bad3c948f4d605d) 
[Worker0] (ScriptedImporter)
[Worker1] Start importing Packages/com.unity.shadergraph/Editor/Data/Nodes/Artistic using Guid(8ee6f8ab31f6bf349a63fdd21fc88664) Importer(2089858483,b0f066a214c2f5e87bad3c948f4d605d) 
[Worker1] (ScriptedImporter)
[Worker0]  -> (artifact id: '8c7e04b18df8505aab39fba129287791') in 0.0040534 seconds
[Worker1]  -> (artifact id: '3e643c2180930fb3fd6a7c554993c7d1') in 0.0026945 seconds
[Worker3]  -> (artifact id: '70d3053f4e3fd62bd3acbcf1c0a1f3b3') in 0.0083565 seconds
[Worker2] Start importing Packages/com.unity.2d.animation/Editor/Assets/EditorIcons/Light/Generate_Geometry@3x.png using Guid(902d611ab43afe940bd891d4a3a480f3) Importer(2089858483,b0f066a214c2f5e87bad3c948f4d605d) 
[Worker2] (ScriptedImporter)
[Worker3] Start importing Packages/com.unity.2d.animation/Editor/Assets/ComponentIcons/Animation.SpriteLibraryVar@256.png using Guid(af04f3196abef440b94c03fbe3dab00f) Importer(2089858483,b0f066a214c2f5e87bad3c948f4d605d) 
[Worker3] (ScriptedImporter)
[Worker1] Start importing Packages/com.unity.shadergraph/Editor/Data/Nodes/Math/Interpolation using Guid(458e098c89ad64ed3a48cb5f63a5a498) Importer(2089858483,b0f066a214c2f5e87bad3c948f4d605d) 
[Worker1] (ScriptedImporter)
[Worker0] Start importing Packages/com.unity.render-pipelines.core/Runtime/UnifiedRayTracing/Compute using Guid(4ecd3fe6796a2ca4aa0c3b180133d9d9) Importer(2089858483,b0f066a214c2f5e87bad3c948f4d605d) 
[Worker0] (ScriptedImporter)
[Worker2]  -> (artifact id: 'fa56f069e0ce0cfba1f46af26d771924') in 0.0090012 seconds
[Worker1]  -> (artifact id: 'bd33372490baf55af3a8b294a4decd89') in 0.0032194 seconds
[Worker0]  -> (artifact id: '99ac9a28e378ec891797ec40ab46ea17') in 0.0028461 seconds
[Worker3]  -> (artifact id: '2e27b4c9a80b9eecea4650141d859a73') in 0.008175 seconds
[Worker2] Start importing Assets/EmeraldBunny/Art/foot_ground_lower_rear.png using Guid(ebcd9c0b5fbc69e44941193d6c0ee50e) Importer(2089858483,b0f066a214c2f5e87bad3c948f4d605d) 
[Worker2] (ScriptedImporter)
[Worker0] Start importing Packages/com.unity.ugui/Tests/Editor/UGUI/EventSystem using Guid(98d14ab1acf42df4f88a0561822ac807) Importer(2089858483,b0f066a214c2f5e87bad3c948f4d605d) 
[Worker0] (ScriptedImporter)
[Worker1] Start importing Packages/com.unity.2d.animation/Editor/Assets/EditorIcons/Selected/d_Visibility_Hidded@3x.png using Guid(dc1f494fe190bd54bb487d11e639d5fc) Importer(2089858483,b0f066a214c2f5e87bad3c948f4d605d) 
[Worker1] (ScriptedImporter)
[Worker3] Start importing Packages/com.unity.inputsystem/InputSystem using Guid(7be622e2320c433e83fcfd2dbb7bd468) Importer(2089858483,b0f066a214c2f5e87bad3c948f4d605d) 
[Worker3] (ScriptedImporter)
[Worker0]  -> (artifact id: 'e0d3e33852bc1b877e79690ce1fee9bb') in 0.0040259 seconds
[Worker3]  -> (artifact id: '714cc9c4449dd70ada5442c9729a5220') in 0.0031564 seconds
[Worker2]  -> (artifact id: '5ee8607c25e3357602162813eb3f8321') in 0.0075269 seconds
[Worker1]  -> (artifact id: '4c661e0c81240176d702594cf280df03') in 0.0107259 seconds
[Worker0] Start importing Packages/com.unity.2d.animation/Editor/Assets/EditorIcons/Light/Generate_Geometry@4x.png using Guid(a4c77cea19fd0f84581d6e437a86290c) Importer(2089858483,b0f066a214c2f5e87bad3c948f4d605d) 
[Worker0] (ScriptedImporter)
[Worker2] Start importing Assets/Scripts/Resonance.App/Battle/StatusChipText.cs using Guid(b6c05e0a2d4358f4ea4b9da88b67ec15) Importer(2089858483,b0f066a214c2f5e87bad3c948f4d605d) 
[Worker2] (ScriptedImporter)
[Worker3] Start importing Packages/com.unity.test-framework/UnityEditor.TestRunner/GUI/TestListBuilder using Guid(07ea0326ed848fb4489187cb58f96113) Importer(2089858483,b0f066a214c2f5e87bad3c948f4d605d) 
[Worker3] (ScriptedImporter)
[Worker2]  -> (artifact id: '5b6e6a935b52dc4594ed9b5274ff421c') in 0.0033602 seconds
[Worker3]  -> (artifact id: '4d7e015a024db4deccbc37d26765b795') in 0.004243 seconds
[Worker0]  -> (artifact id: '5636ca4611d73a944e93e3723b8333bf') in 0.009503 seconds
[Worker1] Start importing Assets/Resources/Art/Characters/C001/V3Layers using Guid(9c3e1a7b4d2f80e15a6b9c0d3e4f5a61) Importer(2089858483,b0f066a214c2f5e87bad3c948f4d605d) 
[Worker1] (ScriptedImporter)
[Worker1]  -> (artifact id: 'f665d2daba14553dfbdef61239b4208b') in 0.0045656 seconds
[Worker2] Start importing Packages/com.unity.2d.animation/Editor/Assets/ComponentIcons/d_Animation.IKCCD@64.png using Guid(dac7ed727b01c440b9eeee0e2641a333) Importer(2089858483,b0f066a214c2f5e87bad3c948f4d605d) 
[Worker2] (ScriptedImporter)
[Worker2]  -> (artifact id: 'f69f602a0ecf6194d003787eb637199f') in 0.0079504 seconds
[Worker0] Start importing Packages/com.unity.shadergraph/Editor/Data/Nodes/Input/UI using Guid(f80c685d59366e44585a7011c5d7b1ea) Importer(2089858483,b0f066a214c2f5e87bad3c948f4d605d) 
[Worker1] Start importing Packages/com.unity.mathematics/Unity.Mathematics/Noise using Guid(abc6c021d7cd541b3956a3969c8c3ccb) Importer(2089858483,b0f066a214c2f5e87bad3c948f4d605d) 
[Worker3] Start importing Packages/com.unity.2d.animation/Editor/Assets/ComponentIcons/Animation.SpriteLibraryManager On.png using Guid(aea51f1a175ef466e95835d2787d061f) Importer(2089858483,b0f066a214c2f5e87bad3c948f4d605d) 
[Worker1] (ScriptedImporter)
[Worker3] (ScriptedImporter)
[Worker0] (ScriptedImporter)
[Worker1]  -> (artifact id: 'a93d94ea8df70c654dc53b30af5dc47f') in 0.0035562 seconds
[Worker0]  -> (artifact id: 'ee374091ea5b4793e7a5767357561451') in 0.0037397 seconds
[Worker3]  -> (artifact id: 'd818c4d70ba31a8b1c2aa82ab775270d') in 0.0110327 seconds
[Worker2] Start importing Packages/com.unity.2d.sprite/Editor/UI/SpriteEditor/SpriteFrameCapabilityWindow.uss using Guid(6c7e9115f7d147358afe5f37134801db) Importer(2089858483,b0f066a214c2f5e87bad3c948f4d605d) 
[Worker2] (ScriptedImporter)
[Worker1] Start importing Packages/com.unity.2d.animation/Editor/Assets/ComponentIcons/d_Animation.IKManager@32.png using Guid(305b8effee6b040328c293f518335b37) Importer(2089858483,b0f066a214c2f5e87bad3c948f4d605d) 
[Worker1] (ScriptedImporter)
[Worker2]  -> (artifact id: '3fa0f4f2e886637574a30ff8819fcbff') in 0.0063231 seconds
[Worker0] Start importing Packages/com.unity.2d.animation/Editor/Assets/SkinningModule/SpriteEdgeOutline.shader using Guid(7cbb3655339ec401ca75ba5fe26884f4) Importer(2089858483,b0f066a214c2f5e87bad3c948f4d605d) 
[Worker0] (ScriptedImporter)
[Worker3] Start importing Packages/com.unity.2d.animation/IK/Editor/AssemblyInfo.cs using Guid(415cd2cd116f59445a6667da7c21b4ac) Importer(2089858483,b0f066a214c2f5e87bad3c948f4d605d) 
[Worker3] (ScriptedImporter)
[Worker0]  -> (artifact id: '75af161bca92aa259839a3863712505c') in 0.0032657 seconds
[Worker3]  -> (artifact id: '2d6b79cd754d93e4efbbc8607f970eed') in 0.0026006 seconds
[Worker1]  -> (artifact id: 'adca5114da92d6b40c8889241dc8ff3d') in 0.0102089 seconds
[Worker2] Start importing Packages/com.unity.render-pipelines.core/Runtime/STP using Guid(5d86e2182c6227d4e924cc530d4ffc62) Importer(2089858483,b0f066a214c2f5e87bad3c948f4d605d) 
[Worker2] (ScriptedImporter)
[Worker2]  -> (artifact id: 'b03e90017a87609d461190d8981df1dc') in 0.00258 seconds
[Worker3] Start importing Assets/Resources/Art/Characters/C001/V3Layers/pivots.json using Guid(78bb90785d616b64aadf5e049c567b9f) Importer(2089858483,b0f066a214c2f5e87bad3c948f4d605d) 
[Worker3] (ScriptedImporter)
[Worker0] Start importing Packages/com.unity.2d.animation/Editor/Assets/EditorIcons/Light/Edit_Pose@2x.png using Guid(f169a69b888768d44906789625031d45) Importer(2089858483,b0f066a214c2f5e87bad3c948f4d605d) 
[Worker0] (ScriptedImporter)
[Worker1] Start importing Packages/com.unity.2d.animation/Editor/Assets/EditorIcons/Light/Bone@4x.png using Guid(9125c204f566db048a92ebcb64d9d14a) Importer(2089858483,b0f066a214c2f5e87bad3c948f4d605d) 
[Worker1] (ScriptedImporter)
[Worker3]  -> (artifact id: '0446dae48dd3745f86f8fde16c15cc1f') in 0.0045592 seconds
[Worker0]  -> (artifact id: '980645601c4a292000a261706f2a0c8e') in 0.0057552 seconds
[Worker1]  -> (artifact id: '2d616208237425fa0edbf62c7e91a91d') in 0.0079674 seconds
[Worker2] Start importing Packages/com.unity.2d.animation/Editor/Assets/ComponentIcons/Animation.IKCCD On@128.png using Guid(50d3cd2f336704fcf9cf5b293c10ba9c) Importer(2089858483,b0f066a214c2f5e87bad3c948f4d605d) 
[Worker2] (ScriptedImporter)
[Worker3] Start importing Assets/EmeraldBunny/Generated/Materials/arm_right_forearm.mat using Guid(24f2b9d11b082a54a91f8d6d1f94429d) Importer(2089858483,b0f066a214c2f5e87bad3c948f4d605d) 
[Worker3] (ScriptedImporter)
[Worker0] Start importing Packages/com.unity.2d.animation/IK/Runtime/Culling using Guid(3c89b25b03da4643898f9943d7eafa4c) Importer(2089858483,b0f066a214c2f5e87bad3c948f4d605d) 
[Worker0] (ScriptedImporter)
[Worker2]  -> (artifact id: 'dba119be1d7ebbe0d8cbdd8e5d801c35') in 0.0084383 seconds
[Worker1] Start importing Assets/Resources/Art/Characters/C001/CubismLayers/landmarks.json using Guid(e4f5061728394a5b6c7d8e9f01234567) Importer(2089858483,b0f066a214c2f5e87bad3c948f4d605d) 
[Worker1] (ScriptedImporter)
[Worker0]  -> (artifact id: '1bf10ce5392bd26c1b7f8141ab3b1d32') in 0.0027749 seconds
[Worker3]  -> (artifact id: 'f2403822cf6ea21414939e1ac79d93c3') in 0.0045877 seconds
[Worker1]  -> (artifact id: '3838a0ed707ca1065473c36beb5baeb1') in 0.0030616 seconds
[Worker2] Start importing Packages/com.unity.test-framework/UnityEditor.TestRunner/CommandLineTest using Guid(b477d1f29b65a674e9d5cdab4eb72b01) Importer(2089858483,b0f066a214c2f5e87bad3c948f4d605d) 
[Worker2] (ScriptedImporter)
[Worker3] Start importing Packages/com.unity.2d.animation/Editor/Assets/ComponentIcons/d_Animation.SpriteLibraryManager@2x.png using Guid(7e3251474ee614d5bba6dfa1affe3e86) Importer(2089858483,b0f066a214c2f5e87bad3c948f4d605d) 
[Worker3] (ScriptedImporter)
[Worker0] Start importing Packages/com.unity.2d.animation/Editor/Assets/EditorIcons/Light/Edit_Pose@3x.png using Guid(32854586e42553846b24646ce18cf625) Importer(2089858483,b0f066a214c2f5e87bad3c948f4d605d) 
[Worker0] (ScriptedImporter)
[Worker2]  -> (artifact id: 'd4f1666c0070bef898c78c13f78c891f') in 0.0028594 seconds
[Worker1] Start importing Packages/com.unity.2d.animation/Editor/Assets/EditorIcons/Selected/d_Visibility_Tool@2x.png using Guid(a9e89ee3f041fa5459a4e78b37d1e58e) Importer(2089858483,b0f066a214c2f5e87bad3c948f4d605d) 
[Worker1] (ScriptedImporter)
[Worker3]  -> (artifact id: '9f61c6070e3fcff4d25ba50bfb570773') in 0.0078959 seconds
[Worker0]  -> (artifact id: '3a8b0acd94b067b8f9fc78942050b1e5') in 0.0066001 seconds
[Worker1]  -> (artifact id: '24192c7d83cdb8c3bfc1f8139f2a25a3') in 0.0087854 seconds
[Worker2] Start importing Assets/Scripts/Resonance.App/Core/GameRoot.cs using Guid(ce88b8b8263406a46a74e3f7aee08872) Importer(2089858483,b0f066a214c2f5e87bad3c948f4d605d) 
[Worker2] (ScriptedImporter)
[Worker2]  -> (artifact id: 'd23dee5403d340844c06728041d78fd2') in 0.0029161 seconds
[Worker0] Start importing Packages/com.unity.render-pipelines.core/Editor/Icons/MipLevels/RenderGraphViewer using Guid(5536d79734dc8e44e90ec12c771b50cc) Importer(2089858483,b0f066a214c2f5e87bad3c948f4d605d) 
[Worker0] (ScriptedImporter)
[Worker3] Start importing Packages/com.unity.ugui/Tests/Editor/UGUI/CanvasRenderer using Guid(ae242449e9279d44789513b922d3178a) Importer(2089858483,b0f066a214c2f5e87bad3c948f4d605d) 
[Worker3] (ScriptedImporter)
[Worker0]  -> (artifact id: '2b33d0bf530e5b1983e4cb141fedd627') in 0.0076681 seconds
[Worker3]  -> (artifact id: 'eac231fbd40d77988c6932c6732122eb') in 0.0060965 seconds
[Worker1] Start importing Assets/EmeraldBunny/Generated/Materials/chair_leg_middle_lower_rear.mat using Guid(c67dcb144e1ef0b42aacbb6d8f082dc1) Importer(2089858483,b0f066a214c2f5e87bad3c948f4d605d) 
[Worker1] (ScriptedImporter)
[Worker2] Start importing Packages/com.unity.modules.terrain using Guid(6e1c8b97ec8aa0464e92506ffe099558) Importer(2089858483,b0f066a214c2f5e87bad3c948f4d605d) 
[Worker2] (ScriptedImporter)
[Worker0] Start importing Packages/com.unity.2d.common/Editor/InternalBridge using Guid(d59d6a57d3f6f4f17bbf31e5a13966e8) Importer(2089858483,b0f066a214c2f5e87bad3c948f4d605d) 
[Worker0] (ScriptedImporter)
[Worker2]  -> (artifact id: '4f354d2a2ba87a6422d1c947ac19b4b0') in 0.0031518 seconds
[Worker3] Start importing Packages/com.unity.2d.animation/Editor/Assets/EditorIcons/Light/Weight_Brush.png using Guid(9d026c034cfd40746a436496efe2dd7f) Importer(2089858483,b0f066a214c2f5e87bad3c948f4d605d) 
[Worker3] (ScriptedImporter)
[Worker0]  -> (artifact id: 'b0bfbd74200f79c3eac7dfb7eccf8508') in 0.0052897 seconds
[Worker1]  -> (artifact id: 'a613df13dff54313ee5a9f0f0060efcc') in 0.0246007 seconds
[Worker3]  -> (artifact id: 'f784ecf36ba6b53c4a79365410325b66') in 0.0086792 seconds
[Worker2] Start importing Packages/com.unity.2d.sprite/Editor/UI/SpriteEditor/SpriteEditorToolbar.uss using Guid(35f4ee23cc5e408190298151beab219a) Importer(2089858483,b0f066a214c2f5e87bad3c948f4d605d) 
[Worker2] (ScriptedImporter)
[Worker1] Start importing Packages/com.unity.2d.animation/Editor/Assets/EditorIcons/Selected/Edit_Geometry@4x.png using Guid(1a96ab5f501a8e84c9016458682e1ccb) Importer(2089858483,b0f066a214c2f5e87bad3c948f4d605d) 
[Worker1] (ScriptedImporter)
[Worker0] Start importing Packages/com.unity.2d.sprite/Editor/ObjectMenuCreation/DefaultAssets/Textures/Circle.png using Guid(ebe73ca9363db456bacf42c025bb4847) Importer(2089858483,b0f066a214c2f5e87bad3c948f4d605d) 
[Worker0] (ScriptedImporter)
[Worker2]  -> (artifact id: '2d7cfaa879abd8a977a535b08fc0c684') in 0.0051363 seconds
[Worker3] Start importing Packages/com.unity.ugui/Tests/Runtime/UGUI/NestedLayout using Guid(efad3ddb7270ac241b9b1357ec5ee2f2) Importer(2089858483,b0f066a214c2f5e87bad3c948f4d605d) 
[Worker3] (ScriptedImporter)
[Worker3]  -> (artifact id: '61f1b72efeb9d1104621dcd0fbf86e97') in 0.0033309 seconds
[Worker1]  -> (artifact id: '27435b2d3506daa47a89899960d60067') in 0.0089531 seconds
[Worker0]  -> (artifact id: 'd5317efffba2e2e29481d4bec5af4c21') in 0.0086961 seconds
[Worker2] Start importing Assets/EmeraldBunny/Art/spread_front_toe_2.png using Guid(cdd5b25e59769f1439ef48cf3e080c12) Importer(2089858483,b0f066a214c2f5e87bad3c948f4d605d) 
[Worker2] (ScriptedImporter)
[Worker3] Start importing Packages/com.unity.2d.animation/Editor/Assets/EditorIcons/Light/Mesh.png using Guid(24f90d3fa2df5c84abbf1455cfda472e) Importer(2089858483,b0f066a214c2f5e87bad3c948f4d605d) 
[Worker3] (ScriptedImporter)
[Worker0] Start importing Packages/com.unity.render-pipelines.core/Editor/Lighting/ProbeVolume/DynamicGI using Guid(c83b9f91aab04264395c477f5f573380) Importer(2089858483,b0f066a214c2f5e87bad3c948f4d605d) 
[Worker1] Start importing Packages/com.unity.2d.animation/Editor/Assets/SpriteLibraryEditor/SpriteLibraryEditorWindow.uxml using Guid(9409e019e8a3d467694747cb45b13abb) Importer(2089858483,b0f066a214c2f5e87bad3c948f4d605d) 
[Worker0] (ScriptedImporter)
[Worker1] (ScriptedImporter)
[Worker2]  -> (artifact id: '60e2910e907ffa56cc39fa520bcdecd1') in 0.0083939 seconds
[Worker0]  -> (artifact id: '1fa185fbba7e4b7d3dcad1910f5d27c9') in 0.0032213 seconds
[Worker3]  -> (artifact id: 'b18177e60b1ae2615dd33f3bf1b6e053') in 0.0084953 seconds
[Worker1]  -> (artifact id: 'a3028b8ebb8d4d7164dfb4318783d86e') in 0.014719 seconds
[Worker2] Start importing Assets/EmeraldBunny/Art/leg_front_calf.png using Guid(7713049912ed77e4fbe06c97dc1fe932) Importer(2089858483,b0f066a214c2f5e87bad3c948f4d605d) 
[Worker2] (ScriptedImporter)
[Worker0] Start importing Assets/EmeraldBunny/Art/spread_rear_toe_3.png using Guid(75b2a1ea4106de34393e70efd4339dbf) Importer(2089858483,b0f066a214c2f5e87bad3c948f4d605d) 
[Worker0] (ScriptedImporter)
[Worker3] Start importing Packages/com.unity.ide.visualstudio/Editor/Testing using Guid(7f9f1d015d7a8ba46b7d71acfcda3ae7) Importer(2089858483,b0f066a214c2f5e87bad3c948f4d605d) 
[Worker3] (ScriptedImporter)
[Worker3]  -> (artifact id: 'aa6985e678f67216808d7494ca617393') in 0.0037983 seconds
[Worker2]  -> (artifact id: '82b0d5c5caf4af0466278cbb26d61630') in 0.0078876 seconds
[Worker0]  -> (artifact id: 'f3a27c9737d1b0ac128bbc724bf87a8b') in 0.0069001 seconds
[Worker1] Start importing Packages/com.unity.shadergraph/Editor/Data/Nodes/Artistic/Mask using Guid(cdb8c403de0823942a95a464c32ad0f0) Importer(2089858483,b0f066a214c2f5e87bad3c948f4d605d) 
[Worker1] (ScriptedImporter)
[Worker1]  -> (artifact id: '6c504504e5f4370e4f07ce51e4196d96') in 0.0027275 seconds
[Worker2] Start importing Assets/EmeraldBunny/Generated/Materials/foot_air_lower_fixed.mat using Guid(a30920f6cdffa9442a4d0e4848d4b918) Importer(2089858483,b0f066a214c2f5e87bad3c948f4d605d) 
[Worker2] (ScriptedImporter)
[Worker3] Start importing Packages/com.unity.render-pipelines.core/Editor/Debugging using Guid(dca094a63ee8e4df7b043d29c2c100e4) Importer(2089858483,b0f066a214c2f5e87bad3c948f4d605d) 
[Worker3] (ScriptedImporter)
[Worker0] Start importing Packages/com.unity.2d.animation/Editor/Assets/ComponentIcons/Animation.SpriteLibraryVar On@256.png using Guid(2af1a7323d104499d992be9a2d8dc933) Importer(2089858483,b0f066a214c2f5e87bad3c948f4d605d) 
[Worker0] (ScriptedImporter)
[Worker3]  -> (artifact id: '48fcbb20a4c314e8e5b2da22389c7fff') in 0.0031284 seconds
[Worker2]  -> (artifact id: '42d2d446a7de37530a122ff963dc5471') in 0.0059148 seconds
[Worker1] Start importing Packages/com.unity.2d.animation/Editor/Assets/EditorIcons/Light/EditorUI.Filter.png using Guid(88550efdfb3734011ab1fc63037b4a20) Importer(2089858483,b0f066a214c2f5e87bad3c948f4d605d) 
[Worker1] (ScriptedImporter)
[Worker0]  -> (artifact id: 'e7dcfc57aa5ce366d28b214c7f7dfd32') in 0.0085673 seconds
[Worker1]  -> (artifact id: 'cb5ee742eb5b966204b6831591710e05') in 0.0091826 seconds
[Worker3] Start importing Packages/com.unity.2d.animation/Editor/Assets/EditorIcons/Selected/Generate_Weights@2x.png using Guid(ba75d79a1a0723e488112808560789b7) Importer(2089858483,b0f066a214c2f5e87bad3c948f4d605d) 
[Worker3] (ScriptedImporter)
[Worker2] Start importing Packages/com.unity.shadergraph/Editor/Generation/Contexts using Guid(e7109562d81c04d45be09c804dc1b8ae) Importer(2089858483,b0f066a214c2f5e87bad3c948f4d605d) 
[Worker2] (ScriptedImporter)
[Worker2]  -> (artifact id: 'e01f3ace18afb628bf8fa3eacb048400') in 0.0028232 seconds
[Worker0] Start importing Assets/EmeraldBunny/Art/toeAir5_lower_front.png using Guid(9040381aba0936b4d950d36e6c961b6d) Importer(2089858483,b0f066a214c2f5e87bad3c948f4d605d) 
[Worker0] (ScriptedImporter)
[Worker3]  -> (artifact id: '6f19b87b68edd0b83011b89394d93746') in 0.0086 seconds
[Worker1] Start importing Assets/EmeraldBunny/Generated/Meshes/bow_tails.asset using Guid(944ff0b856355e04a95e2a8266844215) Importer(2089858483,b0f066a214c2f5e87bad3c948f4d605d) 
[Worker1] (ScriptedImporter)
[Worker0]  -> (artifact id: 'd75fdc73547df6a4adf60f34e38c4ece') in 0.0063717 seconds
[Worker1]  -> (artifact id: '9a2702877a77746b1374883d02910708') in 0.0032192 seconds
[Worker3] Start importing Packages/com.unity.2d.animation/Editor/Assets/EditorIcons/Light/Create_Edge@2x.png using Guid(3b4e88f5705085042a95960cdcef2561) Importer(2089858483,b0f066a214c2f5e87bad3c948f4d605d) 
[Worker3] (ScriptedImporter)
[Worker0] Start importing Assets/EmeraldBunny/Art/chair_leg_frontleft_lower_fixed.png using Guid(57b2e6b81a3407341a34bc743df0db8f) Importer(2089858483,b0f066a214c2f5e87bad3c948f4d605d) 
[Worker0] (ScriptedImporter)
[Worker3]  -> (artifact id: 'e98208629d916b2d6f228127ce582bef') in 0.005997 seconds
[Worker2] Start importing Assets/EmeraldBunny/Generated/Meshes/chair_leftarm_lower_fixed.asset using Guid(0d7e95385fe74fa4dbedb33c6259a7a5) Importer(2089858483,b0f066a214c2f5e87bad3c948f4d605d) 
[Worker2] (ScriptedImporter)
[Worker2]  -> (artifact id: 'e2100e0bf9a3f9fce9eaef0773c0b144') in 0.005351 seconds
[Worker0]  -> (artifact id: '41799720fae4ad46a302830b2162fdbb') in 0.0097418 seconds
[Worker1] Start importing Assets/Scripts/Resonance.App/Battle/Vfx/VfxJudge.cs using Guid(1664543a1d1e7a045aa4d078dd0fc567) Importer(2089858483,b0f066a214c2f5e87bad3c948f4d605d) 
[Worker1] (ScriptedImporter)
[Worker1]  -> (artifact id: 'a32b4445ff4dd27501f3abcb632e8e2b') in 0.004472 seconds
[Worker3] Start importing Packages/com.unity.shadergraph/Editor/Data/Nodes/Input using Guid(0ab9e53346965db4a8ee81a2b978dca5) Importer(2089858483,b0f066a214c2f5e87bad3c948f4d605d) 
[Worker3] (ScriptedImporter)
[Worker3]  -> (artifact id: '35c6b5bb553ff426a3dd919471b3bb6e') in 0.0036162 seconds
[Worker0] Start importing Packages/com.unity.2d.sprite/Editor/ObjectMenuCreation/DefaultAssets/Textures/v2/HexagonFlatTop.png using Guid(b670ab75dde984907b8570040daa08c5) Importer(2089858483,b0f066a214c2f5e87bad3c948f4d605d) 
[Worker0] (ScriptedImporter)
[Worker2] Start importing Packages/com.unity.modules.video using Guid(ede0462698a4a5643aa9872c074acd38) Importer(2089858483,b0f066a214c2f5e87bad3c948f4d605d) 
[Worker2] (ScriptedImporter)
[Worker2]  -> (artifact id: 'fa85dda0b03a43d9c3cc59e7593aaa20') in 0.0034113 seconds
[Worker1] Start importing Packages/com.unity.2d.animation/Editor/Assets/SkinningModule/WeightToolbar.uxml using Guid(ccf751df7bd10e14db670d1353e02ea0) Importer(2089858483,b0f066a214c2f5e87bad3c948f4d605d) 
[Worker1] (ScriptedImporter)
[Worker0]  -> (artifact id: 'c695c927be84c47d227080e2708c202f') in 0.0081228 seconds
[Worker1]  -> (artifact id: 'd3e41d8e34c6d9f9ceb275dbe3db6596') in 0.0073762 seconds
[Worker2] Start importing Packages/com.unity.render-pipelines.core/Editor/Resources using Guid(e528aa751bf6fe44398a1f70eaac287c) Importer(2089858483,b0f066a214c2f5e87bad3c948f4d605d) 
[Worker3] Start importing Packages/com.unity.shadergraph/Editor/Data/Nodes/Input/Lighting using Guid(401863ee77eb66240b3581283427644d) Importer(2089858483,b0f066a214c2f5e87bad3c948f4d605d) 
[Worker2] (ScriptedImporter)
[Worker3] (ScriptedImporter)
[Worker0] Start importing Packages/com.unity.shadergraph/Editor/Resources/GraphView/Nodes using Guid(9d93b12df2d043f9876fa00095ab8c99) Importer(2089858483,b0f066a214c2f5e87bad3c948f4d605d) 
[Worker2]  -> (artifact id: '9b73fc26da8fd1e8a883d01f61abb769') in 0.0026039 seconds
[Worker0] (ScriptedImporter)
[Worker3]  -> (artifact id: '9379396aacad75779e7ec856aba5cde9') in 0.0033664 seconds
[Worker0]  -> (artifact id: '7598d5c2b9b4166f3b7c40aa7820dcc2') in 0.0024594 seconds
[Worker1] Start importing Packages/com.unity.modules.screencapture using Guid(5469ef0820152a4ae45d400fdc4626e4) Importer(2089858483,b0f066a214c2f5e87bad3c948f4d605d) 
[Worker1] (ScriptedImporter)
[Worker1]  -> (artifact id: 'a2a41dfe5a8a96bfa51f8195f5293a81') in 0.0034338 seconds
[Worker2] Start importing Packages/com.unity.render-pipelines.universal/Textures/BlueNoise256 using Guid(0da884cc73355482f99f2f3bf86511e5) Importer(2089858483,b0f066a214c2f5e87bad3c948f4d605d) 
[Worker2] (ScriptedImporter)
[Worker3] Start importing Packages/com.unity.render-pipelines.universal-config/Tests/Editor using Guid(e3c6a2f8ffe72de4bb4f45bbe266aff8) Importer(2089858483,b0f066a214c2f5e87bad3c948f4d605d) 
[Worker3] (ScriptedImporter)
[Worker0] Start importing Packages/com.unity.2d.animation/IK/Editor using Guid(26f0cc158533ad6408ea185066c7e096) Importer(2089858483,b0f066a214c2f5e87bad3c948f4d605d) 
[Worker2]  -> (artifact id: '8040262d59a0c2c300ea2bff6ebcfc81') in 0.002665 seconds
[Worker0] (ScriptedImporter)
[Worker3]  -> (artifact id: 'a37f4eec52a55e9c0fdb8538f979a1a3') in 0.0032324 seconds
[Worker0]  -> (artifact id: '0a7900bbc313686709eed130a8797c2a') in 0.0038936 seconds
[Worker2] Start importing Packages/com.unity.2d.animation/Editor/Assets/EditorIcons/Dark/d_Paste@3x.png using Guid(a130d12452aa0484da530281c362fc8b) Importer(2089858483,b0f066a214c2f5e87bad3c948f4d605d) 
[Worker2] (ScriptedImporter)
[Worker0] Start importing Packages/com.unity.2d.animation/Editor/Assets/AssetUpgrader/AssetUpgrader.uss using Guid(2623f92de99ca4b3d94e818d816553fb) Importer(2089858483,b0f066a214c2f5e87bad3c948f4d605d) 
[Worker1] Start importing Assets/EmeraldBunny/Generated/Materials/fingerR_thumb.mat using Guid(a1ce212d6d32dd44ba1ef928d389a94d) Importer(2089858483,b0f066a214c2f5e87bad3c948f4d605d) 
[Worker0] (ScriptedImporter)
[Worker1] (ScriptedImporter)
[Worker3] Start importing Packages/com.unity.ugui/Tests/Runtime/TMP using Guid(914613548ded44a43a59eb9852503f18) Importer(2089858483,b0f066a214c2f5e87bad3c948f4d605d) 
[Worker3] (ScriptedImporter)
[Worker3]  -> (artifact id: 'c88dcaa58763ccc7c25bcf9ff488be06') in 0.0029546 seconds
[Worker1]  -> (artifact id: 'df7d55f3bbcdb840d5c6be0b73c642ac') in 0.0202012 seconds
[Worker0]  -> (artifact id: 'd278dda73b8737b12e27897141b461d6') in 0.0224018 seconds
[Worker2]  -> (artifact id: 'ae97d9d5edc9a2b88c293f8322f7fbfd') in 0.0272762 seconds
[Worker3] Start importing Packages/com.unity.inputsystem/InputSystem/Editor/Analytics using Guid(d7fcb545eb7743c8bd27f341b51151dc) Importer(2089858483,b0f066a214c2f5e87bad3c948f4d605d) 
[Worker3] (ScriptedImporter)
[Worker3]  -> (artifact id: '63cf9c9ed92fe453921919b280a55513') in 0.0036542 seconds
[Worker1] Start importing Packages/com.unity.shadergraph/Editor/Resources/GraphView using Guid(80f811e405d64564b1c671c9813ea9a9) Importer(2089858483,b0f066a214c2f5e87bad3c948f4d605d) 
[Worker1] (ScriptedImporter)
[Worker1]  -> (artifact id: 'b9f3bc428be60263029df87d710d339f') in 0.0024478 seconds
[Worker0] Start importing Assets/EmeraldBunny/Generated/Materials/hair_back.mat using Guid(1943aeaf5da01d24d8827845b5c70ca7) Importer(2089858483,b0f066a214c2f5e87bad3c948f4d605d) 
[Worker0] (ScriptedImporter)
[Worker2] Start importing Assets/EmeraldBunny/Art/hair_back.png using Guid(87bfae724be6fa44085fdb124a6320a4) Importer(2089858483,b0f066a214c2f5e87bad3c948f4d605d) 
[Worker2] (ScriptedImporter)
[Worker0]  -> (artifact id: '23d05f4996a8547a110affcd74ac1a6c') in 0.0068336 seconds
[Worker2]  -> (artifact id: 'fa02d69e82e4277ba140bae256e8089b') in 0.0086486 seconds
[Worker3] Start importing Assets/Resources/Art/Characters/C001/PreviewLayers using Guid(c4d8e2a1b7f9035e6a0c1d2e3f4a5b67) Importer(2089858483,b0f066a214c2f5e87bad3c948f4d605d) 
[Worker3] (ScriptedImporter)
[Worker1] Start importing Assets/Scripts/Resonance.Battle/Content/BuffCatalog.cs using Guid(b93f001c0ffe4e11b001000000000001) Importer(2089858483,b0f066a214c2f5e87bad3c948f4d605d) 
[Worker1] (ScriptedImporter)
[Worker3]  -> (artifact id: '555b42aa46d74b72fb7bad7693763cf7') in 0.0030414 seconds
[Worker1]  -> (artifact id: '108c3558c2958e7e151c5aba2e1e6322') in 0.0036894 seconds
[Worker0] Start importing Packages/com.unity.2d.animation/Editor/Assets/EditorIcons/Selected/Weight_Brush.png using Guid(bf734b7184825b040837040cb93a8dc7) Importer(2089858483,b0f066a214c2f5e87bad3c948f4d605d) 
[Worker0] (ScriptedImporter)
[Worker2] Start importing Packages/com.unity.2d.animation/Editor/Assets/EditorIcons/Light/Create_Vertex.png using Guid(31f371f2dfe50c34081023094aed72c3) Importer(2089858483,b0f066a214c2f5e87bad3c948f4d605d) 
[Worker2] (ScriptedImporter)
[Worker0]  -> (artifact id: '32226877330423cc73c5246ebfaa4184') in 0.0093474 seconds
[Worker3] Start importing Packages/com.unity.test-framework/UnityEditor.TestRunner/TestRunner/Callbacks using Guid(5d7f0d6acfced954682a89e7002c04d9) Importer(2089858483,b0f066a214c2f5e87bad3c948f4d605d) 
[Worker3] (ScriptedImporter)
[Worker1] Start importing Packages/com.unity.render-pipelines.core/Runtime/Stripping using Guid(3d8692e58294538438ee83cf7fcd08c1) Importer(2089858483,b0f066a214c2f5e87bad3c948f4d605d) 
[Worker1] (ScriptedImporter)
[Worker3]  -> (artifact id: '529bab58a2b2ee99f4bfdc6677ecbcd6') in 0.003207 seconds
[Worker2]  -> (artifact id: 'f719dd21e40616135e73538a12be7bb7') in 0.0104987 seconds
[Worker1]  -> (artifact id: 'c6b498374d36a1740b71bd74f38297b4') in 0.0029367 seconds
[Worker3] Start importing Assets/EmeraldInochi/EmeraldInochi.asmdef using Guid(1368728559dd36640b92b4aeb63c2733) Importer(2089858483,b0f066a214c2f5e87bad3c948f4d605d) 
[Worker0] Start importing Assets/EmeraldBunny/Art/chair_base_lower_fixed.png using Guid(48ad318be9da0a64d839c68a93f853fc) Importer(2089858483,b0f066a214c2f5e87bad3c948f4d605d) 
[Worker3] (ScriptedImporter)
[Worker0] (ScriptedImporter)
[Worker2] Start importing Packages/com.unity.shadergraph/GraphTemplates using Guid(ba49d6ca56964cc28bd1278524ad02a1) Importer(2089858483,b0f066a214c2f5e87bad3c948f4d605d) 
[Worker2] (ScriptedImporter)
[Worker1] Start importing Packages/com.unity.render-pipelines.universal/Runtime/Decal/DBuffer using Guid(f68d0654b5ceb4a4b92e324b3d1a373c) Importer(2089858483,b0f066a214c2f5e87bad3c948f4d605d) 
[Worker1] (ScriptedImporter)
[Worker2]  -> (artifact id: 'b8bdf4262fc4f2b9f2622b910c1a0ce2') in 0.0024943 seconds
[Worker3]  -> (artifact id: '03a3d9b24a8703adb1546efc3ece5e80') in 0.0041969 seconds
[Worker1]  -> (artifact id: '831364168665bbec04d36724da07d1cf') in 0.002984 seconds
[Worker0]  -> (artifact id: '7153d2907aad5b637f51759806b21557') in 0.0074911 seconds
[Worker2] Start importing Packages/com.unity.render-pipelines.universal/Shaders/Debug using Guid(83e12e3399064822abd3e69798ce3053) Importer(2089858483,b0f066a214c2f5e87bad3c948f4d605d) 
[Worker2] (ScriptedImporter)
[Worker0] Start importing Packages/com.unity.shadergraph/Editor/Data/Nodes/Input/Texture using Guid(07cc6493671f2344089936cf4a0ab49b) Importer(2089858483,b0f066a214c2f5e87bad3c948f4d605d) 
[Worker0] (ScriptedImporter)
[Worker1] Start importing Packages/com.unity.inputsystem/InputSystem/Plugins/Android using Guid(e5769f689f15dce4a9f92aff27659c54) Importer(2089858483,b0f066a214c2f5e87bad3c948f4d605d) 
[Worker1] (ScriptedImporter)
[Worker2]  -> (artifact id: 'd88326fbdde8a1e99e86551f85c136d4') in 0.002728 seconds
[Worker0]  -> (artifact id: '609865f8fe1f7c4ac7417d5728bbbebf') in 0.0034802 seconds
[Worker1]  -> (artifact id: 'b9d7b95c253f7aa77cc80cd086414384') in 0.0030002 seconds
[Worker3] Start importing Assets/EmeraldBunny/Generated/Meshes/hair_ribbon.asset using Guid(019c8b296c702bd499e8a7a5060ee8c3) Importer(2089858483,b0f066a214c2f5e87bad3c948f4d605d) 
[Worker3] (ScriptedImporter)
[Worker3]  -> (artifact id: '6fa589ec78f100bbd5c7366b496e83d9') in 0.0034266 seconds
[Worker0] Start importing Packages/com.unity.2d.common/Path/Editor/Handles/ShapeToolPro.png using Guid(766cfa1430bc448ed93c5817e7682f3b) Importer(2089858483,b0f066a214c2f5e87bad3c948f4d605d) 
[Worker0] (ScriptedImporter)
[Worker1] Start importing Packages/com.unity.test-framework/UnityEngine.TestRunner/TestRunner using Guid(1ddb9e1c877ea80479d1eab4ddaa5d0d) Importer(2089858483,b0f066a214c2f5e87bad3c948f4d605d) 
[Worker2] Start importing Packages/com.unity.test-framework/UnityEngine.TestRunner/NUnitExtensions using Guid(3e8d6af343b383544ba5743d119f4062) Importer(2089858483,b0f066a214c2f5e87bad3c948f4d605d) 
[Worker2] (ScriptedImporter)
[Worker1] (ScriptedImporter)
[Worker3] Start importing Assets/EmeraldBunny/Generated/Materials/neck.mat using Guid(050ee58483a7bbf42b3caad07603450b) Importer(2089858483,b0f066a214c2f5e87bad3c948f4d605d) 
[Worker3] (ScriptedImporter)
[Worker2]  -> (artifact id: '3dbf2cf621664cec4e65b2fa9d7a346e') in 0.0029085 seconds
[Worker1]  -> (artifact id: '747007a122a6ce13833bb6346d0356e4') in 0.0044409 seconds
[Worker3]  -> (artifact id: '8c6a6594e45d10e12475be26b2fcc0d6') in 0.0055236 seconds
[Worker0]  -> (artifact id: '62eac552ba4470e5b6d9dc5a513b2b10') in 0.0072822 seconds
[Worker0] Start importing Assets/EmeraldBunny/Art/hair_righttip.png using Guid(e6af102e665806d449a1e9955a7043b8) Importer(2089858483,b0f066a214c2f5e87bad3c948f4d605d) 
[Worker0] (ScriptedImporter)
[Worker1] Start importing Packages/com.unity.2d.common/Editor/ScriptablePacker/SpriteAtlasGeometryPacker.asset using Guid(c40c2d7ca127c0243a5c4254595d2869) Importer(2089858483,b0f066a214c2f5e87bad3c948f4d605d) 
[Worker1] (ScriptedImporter)
[Worker3] Start importing Assets/EmeraldBunny/Generated/Meshes/earring_right.asset using Guid(79b2711ba20f1fd41b73906963aeb1e2) Importer(2089858483,b0f066a214c2f5e87bad3c948f4d605d) 
[Worker3] (ScriptedImporter)
[Worker2] Start importing Packages/com.unity.searcher/Editor/Resources using Guid(efa7753b2a14da748b0e7802b6ac3c5f) Importer(2089858483,b0f066a214c2f5e87bad3c948f4d605d) 
[Worker2] (ScriptedImporter)
[Worker3]  -> (artifact id: '501a6f8bf9bff0c7bc52cf0bd6acedee') in 0.0034501 seconds
[Worker1]  -> (artifact id: 'beeb8bc75f63beb2836336b97f3dbb29') in 0.0046731 seconds
[Worker2]  -> (artifact id: 'a29977b7380c866421c3d7dfb1137fec') in 0.003951 seconds
[Worker0]  -> (artifact id: '988c0f8b00c06ae1103a1b40fedec96c') in 0.0056513 seconds
[Worker3] Start importing Assets/EmeraldBunny/Generated/Meshes/chair_all.asset using Guid(897eb4791ec67e64cbf2e7ad6e84e0fb) Importer(2089858483,b0f066a214c2f5e87bad3c948f4d605d) 
[Worker3] (ScriptedImporter)
[Worker2] Start importing Packages/com.unity.render-pipelines.core/Editor/BuildProcessors/SettingsStrippers using Guid(f9e0abec186274f4f8a49394c1fef24b) Importer(2089858483,b0f066a214c2f5e87bad3c948f4d605d) 
[Worker2] (ScriptedImporter)
[Worker3]  -> (artifact id: 'cd8136326da788ebbb05d35e5bc58f36') in 0.0035498 seconds
[Worker0] Start importing Assets/EmeraldBunny/Art/chair_rightarm.png using Guid(3d02101db72985f42be26cb0f912c232) Importer(2089858483,b0f066a214c2f5e87bad3c948f4d605d) 
[Worker0] (ScriptedImporter)
[Worker2]  -> (artifact id: '86c94651cd67599d5708b6350f787e19') in 0.0033081 seconds
[Worker1] Start importing Assets/EmeraldBunny/Generated/Meshes/hair_back.asset using Guid(679fac743929a064db582012565f35db) Importer(2089858483,b0f066a214c2f5e87bad3c948f4d605d) 
[Worker1] (ScriptedImporter)
[Worker1]  -> (artifact id: '9e4eb05853482f8318b9133f51476488') in 0.0049106 seconds
[Worker0]  -> (artifact id: '3e9e1b26188bc870a6d8672550f2d4a3') in 0.0082654 seconds
[Worker3] Start importing Assets/EmeraldBunny/Generated/Materials/chair_leftarm.mat using Guid(f53450682e82dd1408cdd641c9a9d7b5) Importer(2089858483,b0f066a214c2f5e87bad3c948f4d605d) 
[Worker3] (ScriptedImporter)
[Worker2] Start importing Assets/EmeraldBunny/Generated/Meshes/hand_left.asset using Guid(56639158eea9a3940b363e768aeccb94) Importer(2089858483,b0f066a214c2f5e87bad3c948f4d605d) 
[Worker2] (ScriptedImporter)
[Worker3]  -> (artifact id: '9c26bb267d5efbf39df2e68a5a7be313') in 0.0045526 seconds
[Worker2]  -> (artifact id: '0f6c7b024b38b17926690edeaad21385') in 0.0038552 seconds
[Worker1] Start importing Assets/EmeraldBunny/Art/leg_front_thigh_lower_fixed.png using Guid(58d4c83f4416e29449760ff5db560c55) Importer(2089858483,b0f066a214c2f5e87bad3c948f4d605d) 
[Worker0] Start importing Packages/com.unity.mathematics/Unity.Mathematics.Editor using Guid(ed3cf288b647446a1a4040049eb363d7) Importer(2089858483,b0f066a214c2f5e87bad3c948f4d605d) 
[Worker1] (ScriptedImporter)
[Worker0] (ScriptedImporter)
[Worker0]  -> (artifact id: 'a89026e3dc496bbd792e1c7f290df5cd') in 0.0027484 seconds
[Worker1]  -> (artifact id: '8e54394db78471bd9e9e4b4791f15847') in 0.0059387 seconds
[Worker2] Start importing Assets/Inochi2D/Native using Guid(938bda1ce40075547bf46ce2766e480a) Importer(2089858483,b0f066a214c2f5e87bad3c948f4d605d) 
[Worker2] (ScriptedImporter)
[Worker3] Start importing Assets/EmeraldBunny/Art/leg_rear_calf_lower_front.png using Guid(22efc8dc3cf02fd4c82907d8a2c71142) Importer(2089858483,b0f066a214c2f5e87bad3c948f4d605d) 
[Worker3] (ScriptedImporter)
[Worker2]  -> (artifact id: '6e6e38ca1685d6b89ab912652c505862') in 0.003463 seconds
[Worker0] Start importing Packages/com.unity.2d.animation/Editor/Assets/ComponentIcons/Animation.SpriteLibraryManager On@32.png using Guid(4a3c64ec8ad964011aa28fb633e9b153) Importer(2089858483,b0f066a214c2f5e87bad3c948f4d605d) 
[Worker0] (ScriptedImporter)
[Worker3]  -> (artifact id: '67a64a221b2c752b24b2dcaf09d72cec') in 0.0077157 seconds
[Worker1] Start importing Packages/com.unity.shadergraph/Editor/Resources/UXML using Guid(e14441797a82fb84fb4e43064342bcb5) Importer(2089858483,b0f066a214c2f5e87bad3c948f4d605d) 
[Worker1] (ScriptedImporter)
[Worker0]  -> (artifact id: '651a02985709adb58b8f56ae57ff039b') in 0.0102175 seconds
[Worker1]  -> (artifact id: 'ee7985656fdbe01688ef4f97e7ad51e5') in 0.0027966 seconds
[Worker2] Start importing Packages/com.unity.ugui/Tests/Editor/UGUI/UI using Guid(e7689eda3a8b1a847a8b197dbe90d9a6) Importer(2089858483,b0f066a214c2f5e87bad3c948f4d605d) 
[Worker2] (ScriptedImporter)
[Worker3] Start importing Packages/com.unity.2d.animation/Editor/Assets/ComponentIcons/d_Animation.SpriteResolver@256.png using Guid(4c78d8667944f4116ba9dd56d2219e77) Importer(2089858483,b0f066a214c2f5e87bad3c948f4d605d) 
[Worker3] (ScriptedImporter)
[Worker2]  -> (artifact id: '8e02f901685489f2634c032dd4a8da29') in 0.003937 seconds
[Worker3]  -> (artifact id: 'b8ed027dc58c5b9b0e34fa33ba275471') in 0.0097887 seconds
[Worker1] Start importing Packages/com.unity.render-pipelines.core/Runtime/Debugging/Prefabs using Guid(d2160913896effa4aa65b93012ff3465) Importer(2089858483,b0f066a214c2f5e87bad3c948f4d605d) 
[Worker0] Start importing Packages/com.unity.render-pipelines.core/Runtime/Debug using Guid(c09a0a5d80ce97c43b5ad0099fdc8bca) Importer(2089858483,b0f066a214c2f5e87bad3c948f4d605d) 
[Worker1] (ScriptedImporter)
[Worker0] (ScriptedImporter)
[Worker1]  -> (artifact id: 'f955055a47d26f169fbbef26cb2669b1') in 0.0036298 seconds
[Worker0]  -> (artifact id: 'c236e3951263f7800a9fe39801441395') in 0.0043155 seconds
[Worker2] Start importing Packages/com.unity.test-framework/UnityEditor.TestRunner using Guid(95cdf27b47eb82747ba9e51f41e72a35) Importer(2089858483,b0f066a214c2f5e87bad3c948f4d605d) 
[Worker2] (ScriptedImporter)
[Worker3] Start importing Assets/EmeraldBunny/Art/bow_tails.png using Guid(62392191b0dbd4f4aaad22ac6cbdabd3) Importer(2089858483,b0f066a214c2f5e87bad3c948f4d605d) 
[Worker3] (ScriptedImporter)
[Worker2]  -> (artifact id: 'aad187b9b8849fe4585d97621773a549') in 0.0025943 seconds
[Worker1] Start importing Packages/com.unity.shadergraph/Editor/Generation/Targets/BuiltIn/Editor using Guid(5f2f816913824e14396c945dc22a5ad1) Importer(2089858483,b0f066a214c2f5e87bad3c948f4d605d) 
[Worker1] (ScriptedImporter)
[Worker1]  -> (artifact id: 'eb13f065ba713040eb38ac91c8f4c91a') in 0.0034585 seconds
[Worker3]  -> (artifact id: '099db0df3d8bbef484c01b918d1bb0b0') in 0.0082443 seconds
[Worker0] Start importing Packages/com.unity.2d.common/Runtime/URaster2D using Guid(b9292204ad185184b89881e88afe9688) Importer(2089858483,b0f066a214c2f5e87bad3c948f4d605d) 
[Worker0] (ScriptedImporter)
[Worker0]  -> (artifact id: '342c31d6593b1662598da34b8c74ad1b') in 0.0037196 seconds
[Worker2] Start importing Packages/com.unity.render-pipelines.universal/Editor/SceneTemplates/Materials using Guid(7671b37f9da45644d8d1d917a2cf29d4) Importer(2089858483,b0f066a214c2f5e87bad3c948f4d605d) 
[Worker2] (ScriptedImporter)
[Worker2]  -> (artifact id: '0cfc26896d6a1469b6bd0e0a6aca5460') in 0.0031148 seconds
[Worker1] Start importing Assets/EmeraldBunny/Art/eyeR_white.png using Guid(8d5f0bf28918070419eea13d0a6f6503) Importer(2089858483,b0f066a214c2f5e87bad3c948f4d605d) 
[Worker1] (ScriptedImporter)
[Worker3] Start importing Packages/com.unity.2d.animation/Editor/SpriteLib/SpriteLibraryEditor/UI using Guid(202df544ad1a74ecaa0968d42c391430) Importer(2089858483,b0f066a214c2f5e87bad3c948f4d605d) 
[Worker3] (ScriptedImporter)
[Worker3]  -> (artifact id: 'def6321974ef5be38303ff71cd026b31') in 0.0028336 seconds
[Worker1]  -> (artifact id: '4271974e030fffed69b24ec34f1f9dbd') in 0.0071077 seconds
[Worker0] Start importing Assets/Scripts/Resonance.Battle/Core/BattleEventLog.cs using Guid(3468376496bbcf14a9ec4d6665832037) Importer(2089858483,b0f066a214c2f5e87bad3c948f4d605d) 
[Worker0] (ScriptedImporter)
[Worker0]  -> (artifact id: 'f7a31eb1be06bd54ca3b9692a393dfe3') in 0.0036186 seconds
[Worker2] Start importing Packages/com.unity.render-pipelines.universal/Editor/Settings/PropertyDrawers using Guid(82c1f210baa2e8041bb6347e6278e365) Importer(2089858483,b0f066a214c2f5e87bad3c948f4d605d) 
[Worker2] (ScriptedImporter)
[Worker2]  -> (artifact id: '4fc486631a6907d646806abec9005c69') in 0.0027678 seconds
[Worker3] Start importing Packages/com.unity.inputsystem/InputSystem/Editor/AssetEditor using Guid(a5c84a68c16874bd5ba1a9d15a5e5044) Importer(2089858483,b0f066a214c2f5e87bad3c948f4d605d) 
[Worker1] Start importing Packages/com.unity.2d.animation/Editor/Assets/SpriteLibraryEditor/CategoriesTab.uxml using Guid(2354d1435ffcc4b069ec91cefd3da64d) Importer(2089858483,b0f066a214c2f5e87bad3c948f4d605d) 
[Worker3] (ScriptedImporter)
[Worker1] (ScriptedImporter)
[Worker3]  -> (artifact id: '0412b60fac26ed850aed6f2f8065fedd') in 0.0028827 seconds
[Worker1]  -> (artifact id: '5fdd8617b60e38c45dd7a6cdfc2c5c8d') in 0.0054222 seconds
[Worker0] Start importing Packages/com.unity.shadergraph/Editor/Data/Util using Guid(32e29ba6d98ba0140a774b7804b02a28) Importer(2089858483,b0f066a214c2f5e87bad3c948f4d605d) 
[Worker2] Start importing Packages/com.unity.2d.sprite/Editor/ObjectMenuCreation/DefaultAssets/Textures/v2/Circle.png using Guid(a86470a33a6bf42c4b3595704624658b) Importer(2089858483,b0f066a214c2f5e87bad3c948f4d605d) 
[Worker0] (ScriptedImporter)
[Worker2] (ScriptedImporter)
[Worker0]  -> (artifact id: '0bfb3ba467c227993de64860138966ea') in 0.0035462 seconds
[Worker2]  -> (artifact id: '13686ede6a752e6fac1305269df7c1ee') in 0.0071189 seconds
[Worker1] Start importing Packages/com.unity.test-framework.performance/Editor using Guid(0855336f89ed65c45a15c56d2269fffd) Importer(2089858483,b0f066a214c2f5e87bad3c948f4d605d) 
[Worker1] (ScriptedImporter)
[Worker3] Start importing Packages/com.unity.render-pipelines.universal/Textures/BlueNoise16 using Guid(bbde6b5e0eaaff14c98c49626833992e) Importer(2089858483,b0f066a214c2f5e87bad3c948f4d605d) 
[Worker3] (ScriptedImporter)
[Worker1]  -> (artifact id: '90f9cf81e9c32ef32315a675e1423373') in 0.0047857 seconds
[Worker3]  -> (artifact id: 'fc29050bef840ac9bc9fefaac47073f1') in 0.004185 seconds
[Worker0] Start importing Packages/com.unity.render-pipelines.core/Editor/UXML using Guid(a05d5395a414809438a369bcd59aa8d0) Importer(2089858483,b0f066a214c2f5e87bad3c948f4d605d) 
[Worker0] (ScriptedImporter)
[Worker2] Start importing Packages/com.unity.render-pipelines.core/Editor/RenderGraph using Guid(e13f2d6c38d76c24fb156d9537c72359) Importer(2089858483,b0f066a214c2f5e87bad3c948f4d605d) 
[Worker2] (ScriptedImporter)
[Worker2]  -> (artifact id: 'bc0a496cb64e1589013b7a9bacb312fb') in 0.0025598 seconds
[Worker0]  -> (artifact id: 'cdd1182bed8b77681a33e1b6d98e5676') in 0.0044396 seconds
[Worker1] Start importing Packages/com.unity.render-pipelines.universal/Editor/2D/Overrides using Guid(c96a8adc325df8544ae548396468a961) Importer(2089858483,b0f066a214c2f5e87bad3c948f4d605d) 
[Worker1] (ScriptedImporter)
[Worker3] Start importing Packages/com.unity.2d.animation/Editor/Assets/ComponentIcons/d_Animation.IKLimb@32.png using Guid(f1522af249bd249dc969942b2f9c4608) Importer(2089858483,b0f066a214c2f5e87bad3c948f4d605d) 
[Worker3] (ScriptedImporter)
[Worker1]  -> (artifact id: '605b1ea8260c0cabc09d04fefceca0fd') in 0.0037475 seconds
[Worker3]  -> (artifact id: '97502e35c1ad564203a0188eb63a44a3') in 0.0077126 seconds
[Worker2] Start importing Assets/EmeraldBunny/Generated/Materials/foot_ground_lower_fixed.mat using Guid(8222b8d9c4ecea84eb627422761675a9) Importer(2089858483,b0f066a214c2f5e87bad3c948f4d605d) 
[Worker2] (ScriptedImporter)
[Worker0] Start importing Assets/EmeraldBunny/Generated/Meshes/leg_rear_calf_lower_front.asset using Guid(c069482271f1f534aa3677e4dd541fa3) Importer(2089858483,b0f066a214c2f5e87bad3c948f4d605d) 
[Worker0] (ScriptedImporter)
[Worker2]  -> (artifact id: '8e9ca208b4f8df5ecae432f5c54308a9') in 0.005185 seconds
[Worker0]  -> (artifact id: 'de4785b1e3f432fb92975f89961b9919') in 0.0043295 seconds
[Worker1] Start importing Packages/com.unity.ugui/Runtime/UGUI/EventSystem/UIElements using Guid(5dc64c943466a44498be3b620c743b45) Importer(2089858483,b0f066a214c2f5e87bad3c948f4d605d) 
[Worker1] (ScriptedImporter)
[Worker1]  -> (artifact id: 'bcfd940f8909be7d426ad8effb9ea739') in 0.0043128 seconds
[Worker3] Start importing Packages/com.unity.render-pipelines.universal/Editor/2D/Shadows using Guid(15c1d77e1b7aec14b8f1eb5a24156d60) Importer(2089858483,b0f066a214c2f5e87bad3c948f4d605d) 
[Worker3] (ScriptedImporter)
[Worker3]  -> (artifact id: '1ee3cc020fd8730cf136e6cdf56fe56d') in 0.0039381 seconds
[Worker2] Start importing Packages/com.unity.inputsystem/InputSystem/Devices/Remote using Guid(b3be39d9a3c9496a9a619d6dc185f5f3) Importer(2089858483,b0f066a214c2f5e87bad3c948f4d605d) 
[Worker2] (ScriptedImporter)
[Worker0] Start importing Assets/EmeraldBunny/Generated/Meshes/leg_front_calf_lower_front.asset using Guid(dca7acaf4f8d68d4589d4b2ce769c0e7) Importer(2089858483,b0f066a214c2f5e87bad3c948f4d605d) 
[Worker0] (ScriptedImporter)
[Worker2]  -> (artifact id: '198a80cf7a69c16ec824a52a8f349569') in 0.0026337 seconds
[Worker0]  -> (artifact id: '752d096ca056cc96fb891b957e0fb5ed') in 0.0039339 seconds
[Worker1] Start importing Packages/com.unity.2d.common/Tests using Guid(e1b9d7367fd994e26a0a18b0461837b3) Importer(2089858483,b0f066a214c2f5e87bad3c948f4d605d) 
[Worker1] (ScriptedImporter)
[Worker1]  -> (artifact id: '72d97a942685482023159119dc2e66df') in 0.0037368 seconds
[Worker3] Start importing Assets/EmeraldBunny/Generated/Meshes/chair_leftarm.asset using Guid(7c8607aee176a6642900fe1bd751365b) Importer(2089858483,b0f066a214c2f5e87bad3c948f4d605d) 
[Worker3] (ScriptedImporter)
[Worker3]  -> (artifact id: '880a2d71c203602c40a6317878fd7ccf') in 0.0040085 seconds
[Worker2] Start importing Packages/com.unity.test-framework/UnityEngine.TestRunner/Utils/MonoBehaviourTest using Guid(ce8da628f68c7594b8b9a597fa52db7b) Importer(2089858483,b0f066a214c2f5e87bad3c948f4d605d) 
[Worker2] (ScriptedImporter)
[Worker0] Start importing Assets/Inochi2D/Resources/Shaders/I2DMaskedShader.shader using Guid(f03081e978568b444a5e780eb12ebd91) Importer(2089858483,b0f066a214c2f5e87bad3c948f4d605d) 
[Worker0] (ScriptedImporter)
[Worker1] Start importing Assets/EmeraldBunny/Generated/Meshes/spread_rear_toe_0.asset using Guid(7e4a38013bace23418351e4c52f7065d) Importer(2089858483,b0f066a214c2f5e87bad3c948f4d605d) 
[Worker1] (ScriptedImporter)
[Worker0]  -> (artifact id: '3b2b65f70379bfe17558e16e044e203c') in 0.0031122 seconds
[Worker2]  -> (artifact id: '633df16f981ad6d0bd2c713a9e0c8a12') in 0.0041339 seconds
[Worker1]  -> (artifact id: 'f0fdeec3d06319b473896fb900335568') in 0.0044722 seconds
[Worker3] Start importing Packages/com.unity.2d.animation/Editor/Assets/EditorIcons/Light/Edit_Joints@4x.png using Guid(11030f66cab4dcd4c989fe1de7a7c79c) Importer(2089858483,b0f066a214c2f5e87bad3c948f4d605d) 
[Worker3] (ScriptedImporter)
[Worker2] Start importing Assets/EmeraldBunny/Generated/Meshes/leg_front_calf.asset using Guid(a5bb4bc645961ec43b1ad1b7d491b75d) Importer(2089858483,b0f066a214c2f5e87bad3c948f4d605d) 
[Worker2] (ScriptedImporter)
[Worker0] Start importing Assets/EmeraldBunny/Generated/Meshes/chair_base_lower_rear.asset using Guid(19f8c39f5d392584e896c64003ff81a2) Importer(2089858483,b0f066a214c2f5e87bad3c948f4d605d) 
[Worker0] (ScriptedImporter)
[Worker1] Start importing Packages/com.unity.2d.common/CHANGELOG.md using Guid(1791df116968841c6bc27470d2ebeaa8) Importer(2089858483,b0f066a214c2f5e87bad3c948f4d605d) 
[Worker1] (ScriptedImporter)
[Worker3]  -> (artifact id: 'df32c6d61a72771c7ce9fa2752bd31b7') in 0.0073217 seconds
[Worker0]  -> (artifact id: '704aba390eaccf562189971cb568abc2') in 0.0049184 seconds
[Worker1]  -> (artifact id: '99bad054b615f0cbbc410041e96efb78') in 0.0043081 seconds
[Worker2]  -> (artifact id: '889a21349594f142ae394f5d41b0f94e') in 0.0065046 seconds
[Worker3] Start importing Packages/com.unity.shadergraph/Editor/Data/Graphs using Guid(f329b5b280b7f6f449659f05937ac2f2) Importer(2089858483,b0f066a214c2f5e87bad3c948f4d605d) 
[Worker3] (ScriptedImporter)
[Worker3]  -> (artifact id: '4460547bdbbf3af472c69860f2218a34') in 0.0036527 seconds
[Worker2] Start importing Packages/com.unity.shadergraph/Editor/Data/Nodes/Input/Scene using Guid(ad6f48f5ba4c9a24ab7b9df345b45d6f) Importer(2089858483,b0f066a214c2f5e87bad3c948f4d605d) 
[Worker0] Start importing Packages/com.unity.test-framework/UnityEditor.TestRunner/GUI/Views using Guid(c5535d742ea2e4941850b421f9c70a1f) Importer(2089858483,b0f066a214c2f5e87bad3c948f4d605d) 
[Worker2] (ScriptedImporter)
[Worker0] (ScriptedImporter)
[Worker1] Start importing Packages/com.unity.2d.animation/Editor/SpriteLib/SpriteLibraryEditor using Guid(cdca26d19b2de4028aec5c831f7e3854) Importer(2089858483,b0f066a214c2f5e87bad3c948f4d605d) 
[Worker2]  -> (artifact id: 'cca4f4e7c8d2d22f5d58b9fa5356bbbb') in 0.0035711 seconds
[Worker1] (ScriptedImporter)
[Worker0]  -> (artifact id: 'f97c7dcef53c0449b9d00919cf97e980') in 0.0033179 seconds
[Worker1]  -> (artifact id: '2b9493a44e2a1a0280c242cac87442d9') in 0.0042359 seconds
[LAYOUT] About to save layout F:\Resonance\client\UserSettings\Layouts\default-6000.dwlt
[LAYOUT] About to save layout C:/Users/Administrator/AppData/Roaming/Unity/Editor-5.x/Preferences\Layouts\current\default-6000.dwlt
Killing ADB server in 0.2667355 seconds.
Input System module state changed to: ShutdownInProgress.
Input System polling thread exited.
Input System module state changed to: Shutdown.
[Physics::Module] Cleanup current backend.
[Physics::Module] Id: 0xf2b8ea05
[Licensing::IpcConnector] LicenseClient-Administrator-notifications channel disconnected successfully.
[Licensing::IpcConnector] LicenseClient-Administrator channel disconnected successfully.
AcceleratorClientConnectionCallback - disconnected - :0
Cleanup mono
Checking for leaked weakptr:
  Found no leaked weakptrs.
[Package Manager] Server process was shutdown
##utp:{"type":"MemoryLeaks","version":2,"phase":"Immediate","time":1789886522849,"processId":31092,"allocatedMemory":17306768,"memoryLabels":[{"Default":29317},{"Permanent":15236},{"NewDelete":439233},{"Thread":4238472},{"Manager":821184},{"VertexData":8},{"Geometry":816},{"Texture":296},{"Shader":89593},{"Material":24},{"GfxDevice":57928},{"GfxThread":1536},{"Animation":392},{"Audio":3040},{"FreeType":8},{"FontEngine":736},{"Physics":2146},{"Physics2D":16},{"Serialization":170279},{"Input":14984},{"JobScheduler":33024},{"TextLib":16120},{"Mono":32},{"MonoCode":184},{"ScriptingNativeRuntime":155060},{"BaseObject":1620272},{"Resource":1336},{"Renderer":3000},{"Transform":4685},{"File":33167},{"WebCam":616},{"Culling":32},{"Terrain":11394},{"Wind":24},{"STL":40},{"String":27815},{"DynamicArray":109941},{"HashMap":131517},{"Utility":2661010},{"Curl":48},{"PoolAlloc":2296},{"AI":80},{"TypeTree":5341},{"ScriptManager":512},{"RuntimeInitializeOnLoadManager":64},{"SpriteAtlas":112},{"GI":7792},{"Director":8240},{"CloudService":11056},{"WebRequest":552},{"VR":47994},{"SceneManager":504},{"Video":208},{"LazyScriptCache":32},{"NativeArray":4884},{"Camera":17},{"Secure":265},{"SerializationCache":1576},{"APIUpdating":10320},{"Subsystems":336},{"VirtualTexturing":57888},{"StaticSafetyDebugInfo":278528},{"Analytics":464},{"Hierarchy":608},{"CoreStats":13112},{"Identifiers":6480},{"Gui":163},{"EditorUtility":1228748},{"VersionControl":4},{"Undo":947},{"AssetDatabase":4876611},{"EditorGi":328},{"UnityConnect":29344},{"Upm":1972},{"AssetCompliance":64},{"DrivenProperties":72},{"LocalIPC":219},{"ProfilerEditor":9746},{"CoreBusinessMetrics":3504},{"Licensing":1264},{"AssetReference":32},{"IPCStream":32}]}
